24001	106	602
23232	206	3358
4361	209	747
36	95	22225
23736	39	799
8320	58	726
8823	1	1070
25323	173	9597
1202	123	353
4444	1	1070
21897	80	4001
5820	38	2901
8876	62	22378
10312	115	22935
1358	62	22087
22838	206	3177
6618	80	2694
23562	1	508
4272	115	6818
2913	72	3046
5928	108	9412
7187	124	22437
24440	174	5172
2551	160	9100
10176	206	6543
2253	90	6361
8193	62	6482
7454	154	22621
184	93	25279
86	62	7584
2711	204	5912
23309	115	4651
3646	106	25381
10319	39	4563
8200	115	1306
1990	115	9566
21745	39	7030
3571	204	21553
4667	200	3904
22024	173	23780
8550	123	24866
24490	133	4041
25269	209	4701
23170	87	6768
9146	62	6353
24247	80	24163
22810	204	8252
2286	1	5457
25134	130	9076
9532	115	3285
5584	93	22032
6464	206	7331
8320	38	23257
7275	108	8906
24060	95	23191
8536	123	24553
3334	101	21305
6685	183	7791
8960	143	22119
9248	115	22280
6428	173	21107
25116	80	1515
22653	58	5820
22667	115	2785
22547	123	21226
8736	95	7159
3567	18	22076
5703	80	367
2836	115	24942
447	39	2009
22101	115	4046
1689	62	25303
22586	123	7003
3868	215	22768
24202	146	547
5172	58	847
7094	115	7697
172	173	2304
3805	206	4013
21534	209	21811
3298	115	8826
23791	115	8337
10351	173	24830
25481	95	8912
21951	80	9623
6649	204	8296
7043	1	778
5730	204	9698
557	209	24608
5981	88	722
5379	115	9018
2586	130	2962
25433	133	22472
25249	173	4165
2021	80	1136
3398	115	6976
2118	149	3124
21010	115	3285
25407	204	3567
24101	115	2327
23663	200	22092
2010	123	4568
6421	105	23264
21748	108	2694
1194	160	9100
6262	123	9147
10369	24	21996
8156	80	6869
7576	115	23004
8806	131	25073
25303	62	21952
24644	133	9412
4693	62	10289
493	115	2859
6803	39	2761
580	123	22955
22762	209	154
539	123	6021
23942	206	1271
3466	215	22738
21246	115	4399
25232	39	4
24436	115	21789
5205	106	7036
23079	115	3267
24983	173	5067
3124	150	253
23612	115	4775
9641	130	7984
4484	115	4067
22618	123	21633
350	115	21217
9644	115	21997
676	62	24787
4573	103	10261
21898	133	69
2195	205	24658
3241	115	24989
8079	209	9227
23134	35	24615
869	200	9580
21936	80	24730
25053	26	21224
7922	133	21123
24541	80	6869
21202	115	2648
5446	115	24800
3925	206	25315
2979	206	6573
7478	1	778
6714	209	23177
21576	115	2902
2874	106	5492
3052	205	8294
4525	123	5847
27	131	2529
8510	209	5401
9832	115	9736
2664	160	1458
8394	209	24924
1408	115	8246
9348	115	571
10061	115	5278
3504	115	24657
9288	62	25413
22668	80	9801
6010	206	23728
1141	206	22044
22570	206	72
25268	143	25021
4053	206	5603
6828	115	24473
21635	80	6284
22730	1	508
5951	130	10190
7225	76	3795
2125	209	3573
3638	80	22137
24621	173	1709
3974	18	21553
8832	173	5620
6436	115	8437
121	115	24473
2305	115	23420
24202	116	9412
24392	80	2566
24153	131	7285
1698	103	3645
4723	62	2448
8469	14	10237
5241	1	508
6460	115	9147
23175	173	24705
9389	80	2224
24588	63	25074
9860	80	22733
3263	80	748
9914	80	9481
9441	115	6900
24910	115	9148
6860	80	68
4251	205	24745
4255	78	8013
10372	26	23429
21981	143	24887
23464	95	21366
5385	173	8659
539	115	4920
3172	173	23065
5523	1	508
2592	106	10269
21729	173	8835
6639	115	5057
1138	115	5235
6965	130	2711
21149	88	22309
7028	106	3962
308	53	6430
4491	80	945
2390	1	1070
21517	130	35
8752	115	657
7148	80	9228
22932	130	5252
9992	123	1536
6100	133	4552
6528	123	8806
5532	115	2973
9214	143	6395
1918	80	1515
779	206	609
1748	123	9606
7079	75	7679
24210	205	23401
2682	123	25410
3081	206	2850
10426	206	25056
3439	115	22582
503	62	4200
3189	80	6869
8117	173	8728
7045	173	22370
3808	1	508
23547	206	4902
10329	62	1065
24349	103	21876
25168	133	9623
22774	133	23358
7466	57	9217
21179	62	23879
8402	80	6869
213	174	5997
10474	13	5011
7005	123	9775
527	1	6147
22615	173	9619
6355	133	830
7512	173	4165
9827	133	6023
5724	131	4154
8593	80	2566
5958	80	1710
5993	93	7200
2982	53	3957
213	183	11
9677	123	25117
2343	80	3245
4619	95	10452
4530	95	9785
1923	115	1379
21248	80	23169
6406	173	1884
23313	173	9775
2506	173	1608
1412	62	2866
22494	115	24473
3727	133	23216
9418	115	8438
21911	108	9412
2422	174	2711
5508	206	4436
5767	95	30
6992	133	9481
2827	204	8252
6494	133	9623
11	130	5997
1985	180	24269
2216	115	8999
8209	115	7612
21053	5	113
24243	149	5094
25238	115	10009
6181	133	8874
9013	115	9566
8376	62	9070
4331	130	10237
21345	62	23834
1135	123	482
3596	123	1300
5711	80	21422
22714	31	3636
23248	115	5128
9299	114	8853
10123	115	4591
23071	62	9273
24026	106	24716
24307	115	23072
24751	1	508
3006	209	8517
1246	106	21588
23962	80	69
9613	206	9855
23856	174	22801
21459	115	9256
21228	115	1506
6828	209	2399
6640	183	2353
21032	115	5174
4562	177	1710
9239	123	21254
8792	115	5179
24090	108	5030
25200	103	3989
23722	80	8151
2362	115	2750
24780	115	24818
6520	205	21868
24131	115	5460
9862	194	8583
6813	209	24286
22118	123	23177
8473	58	4885
1901	80	4610
25196	105	2920
1451	115	25181
22782	72	21949
1198	204	24951
23011	205	24678
23892	1	25468
1603	80	4778
24629	115	2296
1140	115	2986
3486	95	7731
1011	173	1947
1787	106	3869
22092	5	3245
5881	177	2566
9794	177	2566
2520	206	22047
7051	123	5401
8329	35	58
10107	115	4661
7589	131	9853
22241	123	24012
21082	115	8360
24994	160	6769
6304	123	8238
629	123	8909
3441	62	9861
10239	115	4658
3569	123	21046
410	173	3647
1267	35	2600
23330	80	5472
1538	131	5393
1886	92	23588
1985	123	8630
9082	115	2021
2199	131	6556
2234	133	1983
2588	115	2749
9993	80	4874
2058	32	24655
24510	80	2566
24879	173	7090
23854	115	8847
7157	123	22159
848	39	7338
23641	206	5286
125	133	21123
8678	115	8175
4537	115	1460
6816	206	21810
757	115	1880
1063	108	24998
22694	80	1971
22614	160	22294
23362	115	1057
10463	108	4790
5726	115	21283
9432	95	6697
9806	160	9100
9922	115	6846
2714	115	6328
23395	62	24278
2978	129	23183
6297	103	23490
3765	133	22469
6506	72	21398
23239	205	5201
2426	123	9859
21412	191	4914
23858	209	5640
7892	133	9412
1786	80	6235
22175	115	4036
23827	115	2324
9216	209	2399
7053	133	23308
4050	80	24163
207	115	24852
22497	98	7399
308	166	1893
8650	76	7349
23870	95	1560
993	160	23458
23346	209	5401
820	131	5895
24036	53	23333
10305	115	6236
2304	80	7900
23054	209	5401
7631	62	3220
25377	58	2920
2088	115	24292
8985	115	23048
8194	173	1938
21724	62	22489
7210	115	16
712	173	22653
21679	200	23167
21660	125	4253
4621	123	4496
24536	150	3523
21622	143	23795
5406	115	6944
23485	24	9045
21142	80	23308
969	108	9412
8392	106	5336
23042	93	4345
5802	39	6768
1260	123	319
24446	115	24345
25134	130	6104
847	106	9735
1204	173	4568
24314	160	23458
22605	115	8063
5993	80	7632
23633	80	1422
24395	206	4938
7372	80	8829
9412	129	722
23365	115	10120
24694	12	85
6631	127	8759
9222	93	24763
7860	67	21395
7798	123	1087
21820	80	24163
9175	174	10318
5987	115	2072
24740	173	10282
7736	173	24453
2707	39	21073
2173	123	450
21496	115	21653
3659	133	4610
1716	80	21424
23231	1	1070
6063	95	22886
7131	115	21895
3346	80	23308
23197	173	21201
9020	80	1399
24259	173	24833
2990	115	23768
6306	39	7338
8460	200	926
24852	80	7349
10157	93	697
23333	150	721
3402	160	6214
9052	205	8005
22124	209	7182
8350	115	3908
23095	130	2962
21498	126	23941
10258	106	3366
21054	103	6171
3740	80	7900
5735	62	8609
296	115	9538
7025	204	5881
5484	102	9000
22817	80	22733
1222	115	22403
6486	74	22321
8857	184	2785
297	173	22189
3454	115	23150
5230	174	6275
9622	108	9412
7384	130	25497
3809	209	9775
7393	115	8582
21006	115	24773
5088	115	657
5332	133	25050
23460	1	508
5814	209	7971
394	115	1262
6166	194	22437
1138	123	2577
2990	95	7731
2819	115	8338
24252	206	624
608	106	983
4711	115	22417
21099	103	8805
8682	164	8233
5088	115	6997
10256	82	22204
1081	87	1052
25230	123	1676
1485	207	585
4433	35	9875
7020	209	21254
328	62	9043
6363	173	1421
4427	143	9519
7584	62	9062
22153	209	10082
9594	115	9060
6432	206	23456
21027	62	24224
9944	115	9710
3340	115	10127
6200	115	4399
10171	136	23679
7758	133	2566
24259	123	9775
2363	24	8003
838	115	7301
3710	80	3422
538	123	25410
6451	204	2727
1312	115	9964
5581	115	3168
6667	80	24491
25097	133	22469
6405	174	668
3916	115	266
1414	93	2476
22805	133	23308
21571	206	10025
24490	72	21835
1383	143	5032
3692	19	24873
1157	177	4716
22328	14	22643
24423	131	24081
2867	108	5472
2001	191	10357
23505	62	6819
9331	103	3134
23422	115	5214
24578	58	1967
8762	1	1484
1036	173	10
10288	123	7084
10342	106	5251
6412	204	5071
6503	72	21036
348	149	8479
3219	53	23671
5277	106	5815
5038	206	4864
1368	72	24150
2308	95	8265
9778	209	21659
24629	1	1070
5584	103	2197
23163	95	136
9983	131	2361
5129	115	10149
2492	80	2566
9604	115	8472
7983	80	1361
21103	206	24613
24522	209	6204
6576	183	4935
3277	166	2987
824	90	23454
8290	131	7983
10374	183	8178
4955	80	4610
5342	115	24119
10153	143	9301
8440	192	2465
3783	133	6023
6424	209	5401
24377	123	7343
7681	1	508
595	95	24422
7807	143	9047
3559	143	23344
9986	22	6869
5163	209	5858
8834	1	7867
7170	90	1499
3916	115	25461
4918	108	9412
5645	106	10359
1109	209	9619
1300	80	23308
21659	80	3009
22546	123	4496
23972	22	3245
3534	205	22928
8190	95	6697
4516	123	23866
24943	209	4375
4369	115	7931
10271	204	8252
2070	115	23176
5367	209	1009
10087	115	21815
2306	173	24814
5425	174	8842
8797	108	9412
22546	123	25117
1431	115	24800
23029	22	2566
3618	80	6869
527	95	1295
1841	62	7897
7063	115	8366
7313	115	4578
22312	80	23747
1438	146	7933
1130	204	2430
8234	106	6638
21123	108	69
8802	115	9552
10378	88	722
7317	173	9019
22241	180	8630
9354	80	3509
23837	204	8252
1935	62	10489
235	115	753
22875	146	1687
24054	174	9619
1805	123	353
2474	17	10001
10076	5	7900
2996	206	21242
1477	149	25167
4759	133	24448
7441	17	10339
2201	108	9412
23630	131	21113
24396	123	22145
6743	80	23608
5058	115	22462
22253	217	9105
23133	205	23706
3292	115	9468
7706	80	22666
24195	115	1343
9078	106	3303
9690	133	4660
1779	115	25125
6160	123	38
2814	160	24239
25205	103	5222
272	95	9286
8789	115	25125
7788	183	1350
10248	123	24493
8065	133	9028
25425	80	3692
21848	204	21968
2602	80	23216
49	62	8429
23948	143	24748
2417	191	24891
21599	160	21905
5733	80	6869
7161	115	4021
5921	204	8252
5097	123	1884
25425	76	4716
1587	206	1979
23513	160	6769
405	173	3324
9390	205	301
1103	62	24051
8528	204	8252
748	129	22221
21410	174	8659
2696	123	3137
3592	108	9412
22865	80	7900
24788	174	23257
9718	114	7833
8432	115	24513
6066	80	4790
1120	1	5207
21598	38	21926
5171	191	2871
6400	131	4920
4065	115	439
21384	123	8959
21311	168	23311
617	95	3690
2220	80	1247
25085	123	5971
402	115	772
5436	115	23426
9068	205	21435
22419	80	3566
7336	1	7867
25295	115	22375
8842	80	1492
21770	108	6563
7049	206	4128
5771	209	2268
2388	160	6769
75	73	6563
4166	204	22256
4169	115	2253
785	106	23582
6432	80	9623
4196	80	2694
21217	80	7900
2317	173	9852
1521	80	4790
6206	115	931
3597	143	4845
7927	173	2683
7921	209	8378
2457	173	5256
1650	95	7585
8993	62	1393
9143	80	22621
275	26	9841
6301	80	4610
25028	80	2217
22533	209	5401
7002	131	21113
7533	115	24700
3775	115	24513
1760	123	23085
6469	131	293
23765	191	4150
24423	131	3958
8350	123	3908
2091	115	5402
9385	183	22166
5730	183	21784
24421	133	22733
10256	39	1052
1469	115	25397
10059	115	4023
9102	206	9587
2460	206	3772
7623	72	1131
8315	115	8024
4691	72	10322
2364	115	23176
1643	115	9553
2573	62	5386
9326	133	2566
610	173	21598
2898	106	6562
11	210	1593
10425	103	23436
2550	115	3216
9343	125	1806
7078	115	4708
21313	133	3436
23021	106	3729
8508	93	22529
2385	115	1510
7811	115	23006
7063	115	5179
9658	22	4610
21721	115	1857
21247	115	4594
24799	177	4610
10290	115	2572
25000	173	8929
10356	173	4655
8972	173	24622
21839	101	22700
7949	58	24310
7224	115	23985
3629	123	7128
22818	183	9973
6272	102	23922
592	204	8296
5923	106	7902
5767	1	7867
22967	183	25486
5235	80	23308
25265	115	4775
8434	130	22942
25001	103	3723
23406	209	8687
9074	123	988
3255	115	6518
3762	115	6846
200	131	22870
21071	115	24503
4102	215	23922
24462	115	18
25270	39	4702
24684	205	9394
9098	12	23121
5549	133	7900
3989	106	337
953	173	2827
930	103	6800
24955	123	8189
4516	1	5851
24008	62	4492
4718	204	6760
25386	108	9412
4348	205	8492
5505	5	10453
6725	115	4283
8321	131	22920
7601	1	1070
5180	95	4144
5035	106	2614
7623	72	3810
10138	115	4317
24030	103	25142
3745	143	1852
24135	160	9603
9472	205	24170
23978	115	23708
21566	103	22316
959	204	8252
4179	131	3200
2419	102	22508
5034	13	21184
9100	93	22294
8466	115	1892
23599	209	4375
8528	143	23664
2941	93	24261
9895	123	3438
8267	206	21165
22134	38	23639
7604	62	10228
9076	25	1709
24399	115	9335
2184	160	23458
24795	204	3567
6130	160	22294
8461	80	252
7075	93	9255
7441	115	7292
8255	1	1070
9596	143	8981
8298	204	7874
23033	115	5214
3612	62	2907
594	115	5422
7388	115	2614
22185	115	21902
8323	93	3772
9745	62	10289
95	209	7003
1759	115	10127
2154	93	10008
1171	62	7826
4599	80	24163
22195	115	22970
9062	62	25053
9775	133	3636
6256	95	4144
3068	35	4634
5283	103	21277
2574	95	136
4157	115	3107
2905	103	834
23682	115	21629
21143	209	7845
3611	130	3349
2654	173	22189
735	209	2943
8399	173	314
24174	80	7900
7878	133	6023
2366	103	24057
3250	204	3567
2917	133	24540
24317	72	6022
22544	123	5003
22773	206	2054
9055	204	24951
7228	131	23570
4120	115	5328
24256	62	21505
990	115	23004
5162	115	3538
4648	160	23458
9053	5	2516
2890	115	2528
24425	108	6563
4591	206	877
7513	95	21548
655	174	8659
1562	143	10394
25107	115	2584
4487	102	6769
23347	115	6746
25424	35	3956
8280	115	2898
8751	106	5493
6030	106	7690
6557	26	22836
570	115	23004
9004	115	270
23591	131	2285
3368	173	2089
6199	204	2430
4156	115	270
23931	115	1510
3050	123	7861
10165	93	24375
6114	123	24012
3312	123	5950
1101	205	24719
3114	1	508
24056	115	4857
23938	115	4145
744	106	4685
1584	93	2436
8672	209	22503
941	173	5572
21226	80	6869
8987	136	22109
10431	115	23708
5058	115	24152
4948	206	4914
22911	209	452
9777	206	6873
4475	160	24239
1779	180	6648
8014	115	7067
23280	123	23320
22027	173	6606
10311	204	5869
841	204	8252
4854	95	3778
5033	180	9904
7053	80	6430
10030	123	2268
23275	204	24951
652	173	9669
4653	123	23310
7802	200	3349
4993	80	6563
8927	17	3419
24210	115	4283
23344	204	21968
25359	210	9609
23984	205	5201
1721	62	86
264	115	7501
4211	115	22839
2364	115	3649
4195	115	2455
5920	39	5145
3747	215	22768
5361	174	3996
3924	173	7758
6345	183	7202
7654	115	2746
9550	133	1710
7163	115	21792
21113	131	25188
1779	115	517
5022	80	6869
6147	75	4496
22842	95	23917
4125	106	8137
363	204	6138
24314	160	2419
24688	1	2618
950	72	24378
9370	160	23458
5619	206	3145
8791	114	3478
2752	31	8430
23533	123	2488
24196	62	2356
22982	80	8430
4157	173	25207
5740	95	4820
1005	174	22984
9811	123	8238
21638	108	9412
5610	39	9715
240	206	8924
5133	115	1301
616	133	3683
23506	80	2566
24087	115	6766
21925	206	4222
7953	146	2598
2947	80	2566
10028	80	24540
7418	183	24631
21589	133	5816
23229	72	22224
1106	115	3032
21622	123	5089
25248	80	2566
1304	173	2999
10224	115	23168
21941	53	7349
22569	173	1635
8796	24	9830
24428	115	24833
5600	115	7546
8519	160	24239
1895	80	2224
1488	39	8646
109	106	2938
7208	173	8777
5903	1	23407
6722	206	7819
22884	115	7723
25488	115	8517
6146	115	5685
6789	183	4894
2383	80	7962
8729	115	23403
7588	180	4683
2278	183	21300
2005	39	4702
5034	183	4947
9926	146	22038
5355	115	21302
5320	115	1880
3183	106	4323
5446	95	8775
9892	106	1573
1716	133	22469
24674	62	21051
9206	206	1450
24367	160	6769
3593	131	10405
8460	204	3567
7065	115	3756
10320	146	6743
25018	206	8653
3933	115	8292
5292	133	6869
883	115	1974
24228	206	7942
3732	80	8906
24757	136	23979
8032	123	9107
5885	123	5950
7818	160	24239
7731	80	2566
23615	106	192
9649	173	6850
7667	123	21218
794	123	5997
2883	200	5997
5942	102	1303
5459	62	9070
2484	200	6956
5730	174	2490
23935	72	21649
3450	80	748
6908	205	4915
7941	206	8600
10292	62	10397
24574	209	3573
2510	205	8005
23700	62	5135
8573	115	3107
8979	115	1789
8592	144	5805
23642	160	9100
1121	123	5743
21115	209	21132
10471	173	5089
10165	106	21503
1995	204	10052
2900	204	5912
3459	174	25298
4444	180	24269
24601	80	21770
5801	206	8100
1253	80	1515
44	115	1188
21522	150	22109
1702	115	4708
23076	39	9715
1298	115	5586
10352	133	1485
4441	95	24486
23142	130	2920
2210	115	439
1406	130	6275
1379	80	2566
7127	143	21848
170	106	2689
23462	115	22224
557	173	24608
9299	76	4790
7655	115	3681
22957	173	7685
1242	209	189
154	106	4739
25245	1	1070
4674	115	4005
3700	108	9412
1856	173	22457
24399	115	25307
1946	115	7888
5332	206	6483
25111	108	9412
1669	130	2490
287	206	22906
5782	12	5698
4405	80	24163
23231	173	24960
5588	206	22123
10335	173	7280
4625	123	9059
22126	209	747
24881	53	6430
3993	190	4741
5833	133	25226
21185	115	2027
24342	183	881
22793	133	3566
5693	123	23058
5469	190	4741
6137	123	8607
1688	133	8874
1634	209	4060
7456	160	22294
1513	123	6784
21657	62	275
23060	115	24727
6678	80	5480
5493	190	6079
4749	204	8252
7181	123	8206
25380	62	9267
7196	115	160
1817	106	4661
61	115	4478
8633	115	6408
22005	115	24773
24474	204	6599
21809	204	10109
9133	80	89
8185	143	6177
6501	166	6128
7922	78	22597
4954	22	6869
21473	38	5216
23258	123	24830
7468	206	663
3898	58	8909
8666	123	867
3798	1	7867
7888	133	7248
5484	160	23458
24565	173	24303
5872	173	9597
23170	80	6430
5301	173	3011
25200	133	21770
861	204	24951
4357	133	1267
8758	115	8557
565	129	797
4703	173	22704
8594	80	9907
7914	62	1935
1302	80	8874
9573	106	5449
10469	143	4893
21334	133	6563
8976	80	89
5618	123	7279
3657	103	23281
8427	183	22407
2381	123	1112
9861	62	6157
923	115	9566
8720	125	8944
8750	92	4411
6881	80	23488
21182	123	2977
23825	123	21250
2858	108	9412
6644	143	6814
8805	80	22472
22788	106	5941
9330	183	1400
6982	115	3538
4931	210	5170
4212	115	8659
4467	123	7903
3314	115	1857
3146	115	2750
24107	80	6376
7973	90	8489
1207	115	23375
23764	209	6629
953	130	6275
1242	115	9585
24169	174	22984
5748	123	8010
24438	80	5041
9016	133	2566
10218	206	737
2826	204	3567
24204	62	9424
9790	133	8899
3897	106	1806
21443	173	8953
8670	209	23960
1579	80	21123
5857	173	21208
7308	173	24145
8991	115	7262
8291	62	1987
23533	123	7903
23671	108	9846
4305	206	10268
6554	204	3567
1920	115	3527
5195	39	544
9810	80	3636
3203	115	4771
2395	131	85
1648	62	23034
23314	160	22294
23699	115	4431
4172	115	21303
7201	108	4790
25253	209	24905
22326	133	9481
21267	115	25210
21043	130	5921
21274	92	1261
24766	25	9431
6042	183	22073
23748	115	713
10486	209	9329
7903	38	1772
4502	133	24734
9807	123	3904
23827	115	5708
7249	115	21217
22052	149	24491
3043	168	58
21169	115	6402
8660	62	6202
9504	5	6869
21734	209	2758
938	203	21953
9467	113	3134
4084	133	5299
3550	93	25280
3611	204	1156
387	80	22469
24977	108	9412
22836	108	9412
4490	1	1070
3289	80	21747
2299	31	22489
5391	115	6518
22014	115	8292
6861	173	5572
23760	88	6420
5130	133	8874
5609	115	24385
23453	206	8001
10134	80	2224
2084	204	21553
3295	123	23085
21066	80	22749
5882	26	5695
3826	204	2727
4004	149	7838
22368	1	508
336	143	1562
393	115	2324
7469	173	22843
45	123	23475
1019	93	8230
5131	115	1927
10099	115	6694
6934	39	2087
3310	209	22774
6249	38	24764
8493	76	3992
605	143	8464
3196	115	8347
23710	115	5060
22491	206	6152
833	115	23919
6057	115	7381
887	115	1073
3634	76	21965
1382	209	7170
868	123	3317
8931	1	7867
414	115	9527
24287	108	8874
10397	108	9412
2338	173	7981
10115	115	7150
22456	1	5851
6684	62	9579
22000	115	571
9419	53	4829
25340	204	3567
2482	206	22065
529	174	21495
22084	106	3490
22195	115	9785
10074	173	8818
3443	209	6582
250	205	23401
23799	115	8220
9618	80	24651
23955	115	6601
4617	130	5290
24578	204	7054
22330	123	10282
22384	115	8371
23859	180	4291
23270	115	3375
21000	206	2334
3094	204	4329
6723	102	9189
23415	210	2378
10449	26	6158
5809	174	25497
10405	80	1186
21292	209	23094
3120	206	10194
4162	160	22294
4524	1	3891
23815	1	7867
21598	204	3567
6615	95	2614
4875	82	22204
3999	123	4900
6258	70	2973
4058	179	9646
5336	133	6563
3347	106	2626
21742	80	10453
25439	80	25465
22827	1	778
7495	173	6840
24242	80	9623
23	115	21343
5613	80	367
4533	80	22733
6644	174	8172
5110	123	7580
591	106	7728
23040	62	10106
23164	1	508
24662	123	21540
5838	80	2291
23471	173	9053
8698	62	9745
8037	115	9494
2556	1	6421
10359	106	5645
8733	204	618
21915	53	6869
5965	209	1549
395	173	25086
6458	123	4411
414	115	4775
7095	183	792
22396	48	23587
23916	108	743
8273	123	2827
177	115	7991
1143	95	23997
2788	66	22658
1978	123	2193
7779	173	21716
8750	80	9481
6173	80	23088
8239	72	4812
517	72	8201
2267	22	8809
6856	80	10453
8801	62	371
1659	115	8292
6876	95	8325
5662	80	1247
23556	80	6563
8860	160	23458
23956	106	391
5748	123	4719
21352	108	5063
6082	115	6846
7394	206	5294
8733	173	9158
2672	131	21807
6990	115	23721
1430	209	4411
8026	173	372
21359	72	22358
6013	209	7170
5683	206	3042
24785	115	1301
2640	80	748
10113	80	8874
10376	72	848
25337	205	8069
21239	131	8436
2603	72	2106
7558	115	6315
9279	203	5896
22159	38	22163
9185	76	2566
2171	80	2566
7223	133	7796
3289	133	21747
2059	206	5553
1952	80	25484
4675	123	23234
886	133	3821
22931	133	1983
1505	115	7271
1096	17	24946
3626	206	4582
24231	115	4429
25276	205	21868
1198	200	5252
6901	80	1437
3612	62	22727
3619	123	8206
10264	115	23317
24022	160	1458
25357	24	4790
6640	173	10318
7151	80	9228
848	131	21698
21072	80	486
7259	133	22424
3118	115	21175
23296	183	24722
25298	197	1535
3592	62	5135
4437	173	1709
5386	62	6832
24805	123	319
24699	115	25461
475	106	6034
6560	209	23009
25148	106	22887
9285	80	24276
496	13	4940
4482	206	7164
7730	115	25453
5180	205	21989
6847	115	22991
22315	108	9412
21109	115	5986
21835	80	4041
3774	174	22801
3549	1	1070
21848	123	3904
7613	130	5290
4853	123	6614
5880	160	24778
9449	115	7875
1281	76	2895
6482	62	8563
22221	35	748
24674	108	9412
24133	115	23339
24199	133	89
4297	80	2224
6209	206	1905
357	174	25392
325	166	5399
7654	95	8775
9663	206	3645
8048	173	22877
21144	115	23993
5830	1	1070
10063	204	1156
2686	62	7826
4457	205	22652
5077	80	6869
24193	39	2761
8859	115	8327
22844	160	22294
10232	115	183
1287	123	24286
4604	62	8817
22742	72	4591
23346	173	8881
25295	173	23323
6449	62	8291
5256	146	5378
6607	1	23407
2631	106	24301
1724	206	9478
1846	62	5005
6934	39	5178
1124	206	24258
1847	115	7737
2224	150	3938
24574	115	22634
8659	80	6869
5013	80	196
22556	35	113
22340	115	24385
9328	115	8999
2003	206	7084
24939	133	4790
24977	62	6701
2341	204	21137
6612	204	5869
23900	160	24239
21593	62	1648
6617	183	23775
5034	66	25100
4934	24	24784
9513	173	8045
2524	180	25206
23939	160	6769
25063	95	136
9664	209	5467
4434	115	10001
22183	173	3366
22085	80	25167
9269	130	3571
21904	42	1231
23261	194	8694
5611	115	7470
2163	39	21112
4850	115	4093
6555	115	6567
24218	115	1232
3590	80	2587
7602	133	21450
1640	93	8970
2980	158	3190
4073	123	6629
23511	133	23677
22782	72	1898
5451	62	25020
4101	173	21447
21713	209	5213
9578	115	22275
454	80	6869
4346	108	24998
2755	180	8992
779	103	1334
200	72	7487
23574	115	10277
25208	184	5256
1152	160	22294
22389	143	2420
21453	130	6011
2824	115	4706
3434	115	6207
6368	200	5216
2513	143	21740
5714	115	8347
2963	115	22245
2652	115	1232
22269	80	22733
9686	95	777
22005	115	24297
1151	115	5000
8403	205	1609
4077	115	7660
7831	62	2708
4609	204	9698
5965	158	2670
4373	95	25180
3432	115	21813
7404	205	8314
23025	183	321
1268	62	4321
23370	80	22424
22057	24	4001
1359	115	23424
4395	102	22290
1479	106	5024
6340	80	6869
9559	133	5299
2890	115	1463
4982	62	25160
8725	1	508
4548	24	623
10041	80	21522
2474	115	2624
7168	115	1137
1792	115	5200
300	210	8821
180	173	25073
7649	133	24730
143	62	4119
134	62	6889
22353	205	5907
22571	200	23475
21184	115	9058
9758	133	6245
1446	143	258
3754	123	4411
4700	115	6416
6819	108	9412
22939	133	6563
9988	204	8252
6290	80	2694
9073	204	23473
8290	131	21294
24679	123	3812
21554	123	25339
2490	5	22037
2172	80	4433
25165	38	21626
21657	62	1987
8716	115	649
9238	62	762
22730	209	7544
970	115	24828
2509	206	22009
21260	115	8692
21344	131	24336
6884	108	3124
1871	115	409
22707	103	24892
9273	108	9412
7693	39	2456
7295	115	3366
8896	210	3569
23588	80	2566
9023	80	3944
22856	115	1516
22058	95	1560
4130	80	6869
1258	204	7054
22226	123	5997
22206	1	23264
5791	108	9412
22334	80	7463
4580	115	3878
23483	1	2810
6387	95	8265
6726	209	7971
6812	123	23994
9332	115	21581
10402	62	23228
6566	80	2630
24418	209	25151
1670	62	3541
7358	115	18
4802	103	8970
1961	130	22080
9862	1	5856
5650	106	24176
114	131	7285
7159	80	7962
1439	106	25499
23335	95	21366
6164	131	7022
21967	168	24118
3757	53	6869
4205	115	1276
22379	173	25086
4103	123	5797
23373	173	10111
21832	205	22584
6276	80	5816
5578	123	25410
9589	80	5399
22081	1	508
8865	62	24725
9055	123	7984
6118	173	10142
5869	93	5707
22580	115	5167
6580	67	2532
8875	209	7382
851	95	24486
40	160	1458
21266	14	23404
21269	115	25461
21517	183	7162
23246	80	748
9560	80	1487
7020	1	7867
5349	130	2962
6581	115	7870
24669	173	2410
7373	204	3567
9504	80	2566
4309	123	7279
8802	115	649
24225	115	3682
24753	204	6138
9380	123	24705
7923	80	3944
24341	133	8874
21600	123	632
9534	123	8630
24560	1	508
1322	1	508
3272	48	24289
7257	115	1736
9367	115	3083
22904	209	10212
5505	58	5505
9956	204	9698
5473	115	22363
5690	108	9412
9143	131	8501
24489	123	1763
23781	65	21277
7961	123	25140
226	149	8949
6098	173	2683
5994	191	5466
21986	173	2834
25089	209	8168
24939	39	2616
22597	80	1247
21	209	7367
4946	123	8102
3617	1	1070
5001	13	21776
550	204	8252
22804	160	22294
24903	62	3612
22921	204	3974
21529	133	9849
8608	174	9619
4321	108	9412
3868	160	6769
1474	80	6961
7074	209	1407
21615	6	6869
23930	72	6504
22708	166	4610
9816	205	5762
5610	80	9623
25085	209	25473
24612	115	3878
5230	204	6138
7109	173	9046
789	206	602
6522	34	207
25230	1	508
9829	133	743
25386	62	3125
9546	72	5967
2066	62	23989
5965	205	1609
23843	106	9237
24566	215	5706
7330	173	7693
6178	80	623
22244	204	8252
22358	206	21359
22142	115	3091
24516	209	24240
2811	62	9545
6990	1	7867
21677	80	24491
21929	26	23429
7514	174	8842
21320	1	508
7679	195	7079
4871	82	3290
1502	180	22216
10037	115	426
1142	1	7867
24629	115	8826
1828	12	7487
8599	80	23216
8340	173	8691
10232	209	9340
6182	106	3252
25145	80	22733
1862	123	189
3605	62	7112
2362	123	6540
22616	62	1072
7858	63	22165
22706	173	23963
23781	43	9503
21779	115	23403
21730	173	372
10168	80	2566
24604	115	1434
22632	133	9412
5892	108	9412
21207	95	21970
22134	38	267
5471	35	1250
9579	62	5458
9019	38	4571
21161	183	6162
7565	62	3903
1780	205	9032
25003	173	88
5611	123	21250
6959	103	8643
22593	108	4778
2122	115	9084
22588	206	23154
5166	143	4418
6589	108	9412
6859	160	22294
8115	80	4610
24417	206	21563
1803	173	1112
1732	1	7867
7342	58	7035
9696	82	642
2070	95	1664
9258	209	2329
3351	205	6498
5579	108	9412
24268	209	5069
22644	115	2778
6357	133	355
1284	62	3248
9114	5	2566
23859	115	23745
3388	206	819
25212	123	3349
6562	80	23308
4497	123	8992
23172	205	3945
21484	123	24578
22388	206	7707
24508	115	2543
5359	80	6869
6847	1	1484
4429	80	6869
6153	115	25429
7112	108	9412
9497	123	92
24853	173	21429
10236	205	1609
10378	26	24091
3583	80	9623
5859	39	2456
22480	115	4036
22825	80	6869
24707	143	23696
25024	183	6735
1508	115	4892
5446	209	4744
206	114	2896
24731	209	6500
5439	204	5071
5807	80	2224
403	115	21290
6159	1	1070
24623	206	22622
5152	80	4160
4363	123	8557
51	209	8335
9424	26	23429
22131	115	21765
5568	180	4127
5403	106	1098
25351	90	7658
7547	106	24872
3562	115	1932
7160	115	4878
7648	80	8906
9330	143	23691
297	115	1301
6479	123	6748
9431	58	5252
25298	204	8252
21349	123	6371
5370	106	7761
2476	133	23677
6183	1	508
1310	131	3046
980	95	10131
4930	115	839
3869	72	1047
7598	123	2089
23664	200	6275
24256	108	9412
23752	173	3571
23435	131	2285
118	108	8003
5234	123	1549
2772	115	3760
1987	62	275
7757	62	4498
23107	206	21058
8803	93	23101
24916	173	4892
8532	115	7128
21832	123	6290
9275	160	9100
4808	80	1247
9398	133	6688
22196	115	24473
8234	72	1711
6878	108	9907
4563	166	21565
6672	130	22163
23142	123	3904
24679	22	2566
8365	160	24778
6465	108	9412
22000	123	5318
2811	62	5118
9999	106	8454
24943	173	23780
335	39	6058
25312	115	3483
9386	1	1396
3591	115	22120
24173	106	23457
10067	39	9715
8933	62	4723
465	173	8290
4116	80	1980
21678	209	3206
25326	130	23257
22598	115	23672
8761	76	24803
23950	173	2717
25346	133	22666
1404	53	7463
23323	80	22733
7702	35	22497
8456	106	22052
21239	131	6704
6787	173	5067
5648	38	9987
3393	123	1838
8876	62	3662
7036	80	1078
7147	115	4046
5632	115	8183
1237	62	8193
22	183	5911
2875	14	10127
2968	173	7343
4707	115	3326
5181	115	8116
1517	205	10116
3468	1	1070
8927	193	7296
22592	53	7349
21514	115	7156
24604	209	3206
5162	173	747
2764	1	2810
4324	123	24493
23052	93	8075
21178	62	4891
21717	115	25307
3486	115	1776
2175	115	4939
978	209	867
22889	115	5404
4815	72	10405
9720	80	1247
24674	62	24457
24436	205	21435
23379	62	9150
2725	160	6769
2743	150	4827
3364	115	6601
8138	116	23747
10436	115	2621
4692	173	7929
24470	205	301
9274	80	2224
5514	115	7262
6685	173	6275
21611	1	1941
5414	62	21911
3517	143	5560
7403	204	21553
7283	123	1530
25074	80	21123
5437	1	7867
10341	115	571
6586	131	21973
23764	115	1586
4941	12	25188
9671	103	6215
3490	133	6869
10072	173	25058
24917	115	6518
25296	206	22791
2438	180	1813
8163	95	7159
22031	130	5921
24514	183	8427
4185	72	4043
5656	80	1247
10257	173	22695
5271	67	69
23628	108	9412
1594	209	22584
8391	115	5359
6834	160	22294
9815	115	23708
4221	80	3992
5796	115	3316
24183	108	9412
477	82	6711
9170	108	9412
7590	206	22520
7409	92	5256
6495	95	22225
9671	106	7417
1205	115	5013
5863	115	4082
21719	206	8104
5997	204	22076
6717	80	22879
21350	103	311
21879	115	4878
6504	133	22750
7956	80	113
5380	58	3151
6372	38	10318
10016	173	5412
5952	115	6481
9871	173	24850
4852	130	267
3705	80	1247
7728	80	5041
8600	206	10261
7329	160	23458
21872	115	6925
4135	93	21743
3233	115	7489
8235	183	9355
6807	22	24803
5369	174	21053
22860	206	10396
21569	115	1516
22567	80	22137
6939	115	5976
23019	123	2758
1322	173	5362
10148	80	7900
1691	204	3567
2519	80	6869
7217	123	8818
6628	39	5896
4833	206	22224
8754	206	683
24760	166	253
22597	133	9481
253	108	3124
4275	205	22928
25318	209	7990
21950	115	8472
6064	173	22653
24885	180	5945
25036	123	23310
24060	115	23150
3145	103	5619
24479	80	22601
5200	106	5224
3565	115	5176
4734	76	22296
876	108	9228
2716	115	5197
9480	95	2365
7436	123	9775
761	133	2224
25289	115	22690
21389	1	6421
10335	173	9526
23390	106	22250
6479	209	1800
10003	123	6628
3983	62	7631
10075	80	23488
21111	80	2566
21058	206	8275
2684	115	22950
24185	1	7867
25349	209	286
5218	205	24286
5345	66	22991
21573	173	25140
25283	115	409
1181	133	7349
8157	115	23962
7371	210	6370
555	115	25162
155	123	24513
7427	191	6450
24577	115	6846
3903	62	23014
24030	80	9623
2969	160	24239
7285	39	9103
2399	206	6629
8179	38	23655
23842	1	1070
23412	115	5000
23042	103	23232
7368	102	6769
5648	80	3345
23655	204	5912
7944	115	22837
7666	130	2920
5749	13	8994
8526	209	1629
4299	174	2711
9383	123	973
22331	80	6961
23359	209	21417
3464	115	24758
21247	115	9610
5541	115	369
21049	190	21153
8836	173	22905
22913	160	6769
4954	173	24564
4183	115	2027
3043	62	1969
1148	80	22116
5324	160	9100
10442	123	22437
8632	115	4856
23652	123	8917
21813	80	21565
22988	95	10444
4891	62	21178
5192	80	6245
5070	115	2757
2458	108	3124
5753	1	5389
5493	72	22527
1270	206	7676
22161	123	23004
10261	206	21746
9499	22	6869
24654	115	8116
1569	123	8974
2099	115	6273
672	133	69
22876	1	24591
7645	183	6640
23720	108	22469
22335	206	6010
6856	87	21073
2470	173	3091
24644	206	8854
25470	80	8640
2398	131	4747
5282	115	5128
21228	115	6826
2862	130	24310
3137	106	9817
23905	62	3983
25442	72	22308
2562	58	22653
9607	115	5035
6117	115	270
5559	133	6563
7339	106	7553
3414	115	3107
1193	133	23747
359	206	24203
6538	115	7254
3056	115	2859
6125	131	9728
9700	209	23085
8075	103	23052
3372	80	7900
4042	1	7867
3013	38	22092
21027	62	21699
984	62	22516
1679	133	21123
25176	143	7072
1239	108	9412
8667	160	6769
2004	205	22928
22179	180	4532
23783	174	2255
3100	80	6023
8141	80	24536
7490	160	9100
4946	115	3267
21998	62	23749
9555	133	8070
3736	80	22137
7038	174	24442
2897	1	24007
357	130	4130
380	106	8625
7457	115	8861
9004	209	3911
3447	123	6571
4689	62	21178
7011	60	22424
4768	115	9458
2857	106	6419
8481	209	21633
21314	123	7903
617	115	21668
1680	160	9603
4972	95	312
1921	154	21395
23359	180	6316
7969	204	5912
3418	115	340
10083	115	8189
4586	115	8753
10290	115	10406
7166	173	25372
5096	173	25207
6010	206	9611
5790	80	3796
9145	204	21553
10346	206	21549
23804	38	7222
2725	160	23458
24190	72	23405
1372	123	1838
22866	115	2455
6928	180	4158
24606	123	3097
25125	80	22733
21896	205	8492
9932	80	24786
9598	133	2566
5138	80	21395
5809	204	2430
5095	174	847
2065	123	5997
7436	115	6544
6423	80	8088
5157	115	7943
24831	115	3715
552	108	4971
1038	133	3436
5595	62	25069
1210	115	4908
5731	115	3272
6822	174	3112
4272	115	8959
24220	115	4478
3779	103	10004
10062	80	7900
8026	209	5069
9129	206	5592
3188	95	8012
10092	209	21684
5853	209	24527
5027	108	9412
25060	80	6023
6754	62	25343
5953	160	6214
23669	143	781
2052	62	21311
21225	80	25484
22335	133	89
2033	133	5669
7893	115	8713
6550	93	23337
3912	115	21921
5883	133	24110
427	115	2760
2633	173	24850
5875	115	5128
24075	106	2082
7628	115	10047
4726	1	508
7060	133	24491
1756	209	24176
516	1	2810
1886	146	1687
3412	206	23198
9284	108	22391
7564	180	2289
5710	115	24880
24290	115	10485
8696	206	8241
23273	170	1141
357	130	25392
5809	210	5716
598	114	22799
21230	115	9552
8396	131	23960
5051	103	8904
2699	108	24998
6060	205	21575
5896	177	2566
25218	204	7054
4897	143	3094
2539	62	21593
7676	106	23540
4587	115	21629
25303	62	1689
10373	115	8195
21877	115	839
4758	173	191
23191	204	3567
9920	39	7030
7161	95	7731
4906	80	2566
7208	115	4317
24439	95	22225
32	80	4971
4923	174	5921
52	103	21359
5317	123	5868
1321	123	6208
4765	80	22819
24429	133	23216
21764	1	23407
7413	35	21190
2926	206	7414
8995	80	23216
6171	103	21054
7136	76	2217
8051	205	21989
22287	173	23323
1758	206	2208
23387	123	6021
23466	173	372
1439	206	624
3524	115	21131
22899	209	2135
9520	106	3034
284	131	10338
7174	115	657
7128	106	2294
1281	103	24308
21161	123	71
5664	130	24766
23476	58	22801
22142	115	8740
7955	115	2021
1954	189	8853
1399	108	4790
653	107	7960
2141	115	7686
8595	173	22695
1174	1	508
3472	206	4612
9670	1	6147
2515	183	23026
5582	131	4438
3111	173	9053
1014	209	6493
5527	80	5299
4139	106	4385
24510	206	24764
3224	130	9708
898	115	4005
22521	93	8028
9863	123	2577
9586	115	4216
2575	115	2030
9579	62	8208
10092	173	372
9229	115	22898
1444	80	7900
23133	180	4683
22349	1	508
21247	173	4769
488	115	681
5956	133	8874
21386	200	8538
1219	209	4996
21222	206	24790
6612	130	22984
24117	39	4247
6725	115	4208
3924	1	1070
3844	204	3567
23953	115	657
23900	102	6769
7143	39	1052
9862	115	5278
4875	82	10217
6561	173	2158
1339	174	2920
3171	80	24163
22936	115	5323
3924	180	3638
9026	149	5030
646	123	22955
5254	35	7848
7036	106	5205
5537	1	1070
23161	80	8759
2739	115	18
2026	115	22380
22721	210	3546
24995	1	1484
4676	123	9785
22473	123	24764
4933	108	9412
3786	80	5063
23938	209	2345
6787	209	5067
630	103	7389
7823	133	10453
3284	209	22348
6587	115	23317
4331	173	10237
4086	62	23862
22450	209	24895
22302	115	2855
823	123	22239
25308	123	2492
375	123	6021
9990	108	9412
3924	115	3189
1798	123	7128
66	205	4915
6020	78	9420
21	115	8692
3494	115	24104
8629	80	1515
24444	115	7931
7402	160	6769
5739	215	5457
8527	123	24608
23412	209	5572
4194	62	23102
4880	106	3081
8059	95	3780
21234	80	5299
6032	115	9095
3399	206	1945
241	154	622
1683	215	22768
141	183	5361
22835	133	9990
4839	115	2847
8920	108	2694
2964	173	3866
3084	115	9964
7419	62	21998
8052	115	3326
22148	173	3162
6065	205	2119
182	115	22742
6931	103	1797
4656	76	23554
22139	209	21537
9154	88	22497
24054	204	21189
1626	62	9687
23716	143	9854
9564	1	8031
22959	115	9279
22079	115	21629
4786	204	2727
9422	206	24559
6586	131	2529
22398	204	3567
7503	115	635
22777	215	1303
25129	80	89
8061	130	22159
24387	80	22733
1407	133	4918
5096	115	24726
24833	106	23798
7626	205	8314
6269	108	6563
9589	80	1247
25131	183	1177
23185	76	6869
6160	115	9250
25122	80	7783
7991	106	9204
5599	62	8878
9354	80	2224
7666	183	29
9104	173	747
8699	80	1983
25268	130	25497
25326	210	22400
2734	123	1387
23890	80	23037
21082	123	8902
670	133	24448
7152	204	262
23949	26	157
5951	174	10190
24374	80	8003
21661	80	6525
4157	173	9485
24086	173	24583
350	209	4488
762	62	9243
5965	95	4900
23462	115	8366
7824	62	21431
2917	106	1390
23689	143	9368
21840	115	24764
9623	129	2630
4851	1	6147
1537	115	7539
5011	184	25106
25002	133	3422
22542	93	9881
23946	123	23661
190	133	2566
5822	80	6251
10416	203	21841
8905	1	1070
1019	206	8230
25372	133	2566
5641	14	8978
1091	166	6668
9889	58	8987
9229	115	7475
8871	205	7460
10457	106	7735
4935	123	5743
23354	206	8648
6676	103	24451
661	22	797
8509	95	2920
22244	143	2341
3112	204	8252
7798	209	1087
7831	62	25448
23466	95	855
23751	205	21989
7565	62	5599
927	80	22733
4978	115	306
7109	115	2200
6375	204	2727
23981	115	681
4709	115	22274
9179	95	855
21278	95	3778
21321	133	9412
24916	123	8879
6665	115	2324
8561	209	21417
9120	131	9373
2948	108	69
5502	80	6430
22128	115	23425
2437	115	5419
578	143	23865
22327	160	23458
416	80	9623
24282	88	22309
8377	39	3511
8412	115	24503
9161	58	23375
9376	133	6023
22992	93	2592
7643	123	8992
4570	115	9923
21336	115	3490
965	160	1458
10107	115	9153
9874	1	1941
9938	206	6143
2729	1	24591
608	72	5696
3290	72	4122
22972	115	4613
8604	115	22385
8770	123	7193
22826	103	7567
9141	151	4765
2913	80	3992
24560	173	925
8514	173	9619
21410	22	3245
2755	1	508
22045	76	9412
24606	115	4146
357	123	25392
21553	177	6869
4413	209	22354
5580	209	1299
21385	80	2954
21580	209	5069
3738	215	3134
445	115	10432
5600	209	9577
21940	62	23767
2446	101	5985
25385	209	4809
5161	62	9913
6001	62	22257
9352	80	9623
5040	108	9412
2085	58	9158
9944	115	2135
6497	80	5299
23368	143	6608
24620	115	24513
7874	177	2566
23845	1	508
6635	149	68
3174	205	6379
2685	1	508
4490	95	8012
6732	80	21136
1641	143	4517
2529	206	8531
1557	173	5412
1541	115	22653
21134	38	3112
21922	209	3206
4849	206	25360
10087	95	3583
5011	115	22432
6975	204	9794
21093	133	4971
22276	123	8665
7751	123	7985
6110	173	7758
7289	123	1884
5408	206	3279
7700	123	7170
1597	80	24494
22100	205	23401
324	131	21142
9885	115	4833
23862	62	4086
21207	209	7455
22615	174	8659
22078	115	21375
4512	95	4900
573	115	24758
8873	115	22224
21258	160	9100
233	92	454
10001	80	6869
24498	62	2637
22462	131	3538
22914	106	10316
4540	63	21421
9343	183	6230
21999	131	24942
5442	115	9684
10269	133	6101
3378	80	6563
24826	173	9648
23027	39	2761
576	80	21123
21391	115	657
22585	173	5997
25299	62	5161
24691	206	7394
6064	173	9059
24280	115	4216
8262	1	24007
24542	180	23833
730	133	21455
3899	209	6219
5729	1	508
783	204	3567
6366	209	5572
6819	62	21699
23145	80	8899
5368	115	25150
3955	209	24240
1854	93	1193
8977	123	23735
22941	38	22092
1934	200	5216
4732	123	23310
8867	14	358
9228	211	9228
1165	62	2186
2873	115	22181
8908	35	9009
384	204	21968
10191	80	9623
2861	123	10075
25086	80	24163
6736	115	3272
2393	80	6869
2711	25	9053
24690	173	4683
2247	103	5833
5347	123	3460
24381	206	5976
4931	143	22612
3693	115	6273
21525	93	3552
6241	108	9412
22266	106	986
2817	160	24239
6007	206	7804
22231	115	1586
7273	1	6421
21380	80	22879
4149	115	8024
7375	62	4557
24450	173	2999
21554	115	9690
6767	123	21046
8993	62	1907
22615	123	9619
25021	173	21208
4268	115	6506
6185	62	24903
25428	93	3820
3751	131	23377
8674	180	8461
9922	115	1681
22393	115	8557
23788	62	9622
869	143	25310
22639	209	7611
9497	173	21201
22073	204	21968
23986	173	2084
21248	67	6563
4079	205	5907
24805	115	4478
24938	106	2564
24764	72	24510
6788	115	6694
5906	206	3228
6579	123	9936
2346	173	24333
1690	93	4328
1974	133	7900
9599	95	30
8822	1	1070
9848	130	24524
8340	130	24296
23321	130	1772
22930	133	24540
22173	80	6961
4028	206	25035
21148	115	22998
2415	62	5305
4449	123	3571
23184	48	3601
21763	209	6571
3251	106	23235
6284	189	5536
6531	173	8293
2633	209	24850
21004	115	24464
1420	131	5628
2721	72	4181
3252	72	23127
222	53	7463
1052	53	6869
717	62	21547
8837	80	7201
407	115	25461
24576	123	9580
1354	206	5294
1821	173	8238
23792	115	6945
9575	115	23461
9484	158	24850
23900	160	6769
852	115	3950
7992	133	24540
3226	80	22137
9818	173	22695
7332	106	9255
24376	108	4790
349	183	24695
3450	80	23341
5245	80	1136
2504	115	18
24751	115	23947
21305	95	23015
7370	215	25227
24108	160	1458
22561	115	22405
1777	115	5000
24870	80	6869
24337	80	9028
23440	133	6688
2263	115	25197
24632	1	7867
5726	209	7617
9926	146	1881
9171	204	5071
9247	173	1884
9777	93	6873
23884	133	24491
1164	115	1880
22105	145	24760
5070	115	23708
823	130	1093
24636	115	1754
10419	130	8842
6991	62	1171
22420	206	793
806	95	22886
4147	133	89
9009	26	8908
672	93	3615
9129	80	6023
617	115	9764
321	22	2566
25123	80	9028
3481	63	9621
9812	108	9412
3614	123	5099
21750	115	5608
21150	115	23224
25356	115	24833
7925	115	23177
904	183	4710
22447	123	6775
8550	115	6655
23258	95	24830
9971	80	2566
8864	115	1586
24058	1	7867
1038	133	22469
21095	173	5403
24191	133	6869
5262	143	8612
10385	1	6147
8191	115	5419
2529	80	2516
23051	115	23004
24141	130	9619
4391	108	7012
9395	80	22472
2276	123	23004
22083	125	2783
4057	131	5967
8149	194	2870
22920	131	22169
10322	179	113
8405	62	3700
23245	22	797
3284	123	1838
10397	62	4550
2605	1	508
8556	115	23902
7360	1	1070
8769	130	21053
3207	149	24520
524	103	4864
25128	80	5299
4165	80	24494
8534	1	508
5767	115	4139
9147	106	9093
5767	209	9934
7844	204	3567
7455	131	23893
8081	1	22437
1734	115	6633
24733	80	5030
9537	209	5733
21263	123	4744
6962	1	1070
2851	133	8949
6298	72	10206
22264	173	10237
441	26	7357
558	108	9412
2226	108	24536
21291	183	21729
6494	206	8374
9120	131	22415
9454	133	2566
23298	1	1070
24393	174	22163
1659	205	4045
1241	123	25117
3756	90	21071
22586	209	7003
8451	143	1922
8567	209	24286
5173	115	3628
23067	62	73
3122	204	466
4279	130	3413
1478	206	7508
22310	123	6352
24753	204	21189
5487	123	23996
2553	62	21606
23194	123	24019
24135	160	23458
3403	209	7383
2648	106	21473
23893	131	8396
7534	209	6204
7452	126	23181
5280	106	10141
8485	165	2727
9902	115	5868
24243	206	9777
2383	72	2898
8240	151	24622
10264	115	8740
21505	62	22711
58	26	8329
7246	72	21231
5939	80	22749
4180	115	7737
593	173	8777
6352	133	4209
10256	80	6869
9544	206	25499
3486	1	1070
22220	115	7130
2459	209	9337
25126	143	24908
21326	123	23802
9911	174	6956
24634	53	7097
24068	95	3778
22157	115	1004
22211	115	8067
1198	22	4160
5828	210	10363
21901	143	7782
24024	108	24998
4096	80	4971
9183	206	2503
10383	173	24102
1904	76	7463
1529	143	24914
25442	80	21280
22387	205	1609
6146	209	4769
6677	209	3777
7135	26	6384
405	115	6846
6303	62	4689
4972	123	3299
6926	123	24192
775	204	6138
23920	106	1115
8089	123	2624
25335	115	24989
350	115	1731
10178	206	9587
344	80	8874
21836	123	21117
921	123	4595
1347	115	8557
3497	209	2227
22136	62	1879
21527	173	24622
23205	115	3238
23742	39	163
25323	1	7867
10254	130	5290
1924	62	3984
9513	123	8045
25048	205	8314
5122	62	7715
3367	206	1148
1427	115	22837
4593	174	22291
24148	206	22572
1793	103	3572
388	133	22116
7753	205	25246
23166	35	23789
4828	143	4828
22567	80	2587
4992	103	5856
21275	12	3173
24946	133	25354
23305	115	4651
7071	160	6769
24925	108	9412
198	115	24828
7897	108	9412
8573	123	5788
4690	115	9721
6279	76	5669
22240	115	9352
24375	106	8274
2726	133	2694
6142	24	69
7289	143	1869
2533	115	24325
7077	115	4241
4806	151	4765
6563	112	24120
23705	183	7278
1546	115	3548
8038	173	8777
1993	173	25145
7946	123	24176
8671	209	2745
621	115	10219
8173	115	24535
6492	80	3795
22031	123	5921
7798	115	21302
4492	62	2170
3173	133	3683
7751	115	2966
9910	115	6706
9609	200	8842
6542	39	2761
10264	115	7422
7360	1	7867
10491	191	3811
2415	62	5124
3096	123	24493
24319	93	1370
7285	206	8100
9409	115	4811
9063	108	9412
4436	103	5508
5531	93	24948
9806	160	6769
6698	115	5422
3660	173	5997
23037	108	5063
5054	26	21638
8424	66	22991
9510	131	3751
8360	80	6869
6332	205	24286
23646	108	9412
7459	115	21557
6739	209	6219
6149	209	24045
22048	143	9973
5737	126	381
10102	80	6869
4958	106	7246
10364	1	23407
23635	174	1772
6907	106	7942
2916	1	7867
1851	115	23591
5855	80	6869
5742	215	23922
1079	108	9412
3017	160	22294
10115	115	23184
24754	209	2977
5475	131	23547
9753	1	508
7438	205	5050
21342	106	4221
4670	62	10077
8690	209	5348
2573	62	6684
10100	115	7515
9992	115	6690
22133	80	8906
5095	204	22743
7396	19	3478
23791	115	22537
24283	80	9481
3355	115	22715
6918	80	8099
1002	133	24706
5459	26	1701
24558	115	9459
7395	133	6145
10336	67	8874
22226	210	23891
1411	115	23215
21453	174	6011
22409	95	4094
21676	1	1070
7691	62	807
22362	1	1070
23467	80	6023
9377	131	9566
23862	26	6158
7210	115	4811
3027	108	9412
22297	115	8783
2359	80	22964
2961	80	24276
22321	16	22437
2370	80	2566
512	80	7900
9704	173	2999
4059	123	319
3386	75	5640
9701	115	3905
5740	95	9410
1376	106	23031
9969	209	22695
5324	160	23458
21232	215	3134
24996	80	6869
433	115	927
21781	133	24448
6559	67	6563
22209	183	3586
8207	80	22879
7985	80	22733
2372	123	22653
2398	80	9334
4215	174	22942
1324	190	21153
1148	206	10462
10106	108	9412
4949	80	9623
8643	206	995
63	80	21123
24285	194	8583
2537	123	24092
2880	204	6138
2654	115	8146
2082	106	24075
6270	1	7867
4975	115	21765
1578	108	69
21754	67	23747
2439	62	8911
2491	133	7632
6220	123	822
4690	115	23192
3803	130	6104
8854	80	1053
6956	197	8325
2858	62	10397
92	80	22733
2245	173	2468
5559	133	6023
3079	209	5467
22472	53	21478
21808	209	8992
10118	103	609
4438	206	3419
2260	80	2566
21037	123	3516
5312	174	25497
21750	173	23573
8900	115	4021
5893	80	22621
4770	80	9623
4364	115	23911
11	123	5997
24135	160	6769
5521	210	6179
24226	209	24608
6595	115	22837
23981	115	22748
24397	150	23979
5980	115	24191
3532	206	21719
8595	115	6321
8114	62	4679
7901	115	3326
22947	123	7557
5690	62	5575
9300	131	22636
8596	80	8809
24948	206	2602
2195	1	1484
7247	115	24758
9892	149	25167
3571	58	9019
7536	93	24043
3951	123	2857
7303	191	6552
24460	173	24034
2092	123	5950
3403	115	5101
1637	133	23037
6279	80	5669
3928	80	5666
21833	206	24559
9013	173	3366
22595	173	4218
24433	115	5022
5511	115	22625
1558	115	8816
2598	92	2234
8334	115	627
24604	115	3107
23692	206	4175
6364	143	24667
3869	106	1787
21529	103	4549
21940	62	5597
21130	149	2532
2699	115	22181
8428	123	2624
21260	115	8090
607	1	1484
5364	206	8241
23879	62	4639
703	1	7867
22249	206	1581
24525	95	8775
1566	80	6869
21951	133	6023
4621	123	25117
5280	106	22622
21705	133	6961
7258	115	9835
2473	173	3162
22975	190	6079
2823	115	21815
7740	126	21054
350	115	3975
7197	1	1070
7971	80	23169
22235	80	22601
21850	115	1261
24153	206	916
1220	133	4610
9248	115	23229
25384	209	6352
4948	80	3245
1650	173	24895
10419	174	8842
9855	103	6259
5989	115	7943
2732	206	5789
4871	80	7423
4226	17	2176
4812	39	21841
1203	176	21016
3055	131	270
23123	205	5977
7465	95	4819
21267	209	21171
3581	173	23595
21998	62	7419
10052	51	23070
8505	63	2601
5844	160	9603
474	95	7159
9261	7	8003
4576	115	6035
2662	22	24803
25098	115	4362
8959	92	21226
982	5	3245
2871	99	24310
21149	62	9267
7636	123	5997
3244	80	22137
2832	1	1070
23092	80	9990
24123	173	189
7583	115	4908
6670	204	23473
8418	115	22515
22235	190	23622
23722	133	24536
3390	115	8139
3071	123	22998
1234	115	10310
9109	22	21522
4840	95	24422
23865	204	21189
22222	72	1343
1815	39	4087
8800	108	6563
7951	93	1867
8547	80	24998
2939	1	508
25165	38	8909
21718	80	1136
7351	115	23909
2957	80	4610
22164	123	1093
9367	115	23405
1176	123	8957
23879	62	4967
10445	149	9231
6039	62	1639
24479	103	25327
21369	103	25234
6153	173	189
7365	115	8681
8169	131	21490
5546	58	9840
2264	62	21433
2870	55	4744
6828	115	1073
801	131	221
9241	206	6415
6142	80	1247
6383	80	4610
25285	149	7323
8882	190	6079
3850	133	8027
22360	80	1247
23249	205	532
7911	130	7929
283	173	742
5634	115	6312
21255	117	25041
2076	80	7349
8695	174	22801
827	35	25017
3515	115	9592
5110	209	25339
8022	1	7867
24033	115	21175
25489	131	9207
10298	206	22887
4793	80	22043
21559	82	477
25427	204	2727
23955	115	9095
22962	115	4695
3998	123	21629
2868	106	23084
3088	133	1515
1914	115	1927
6796	62	4891
7415	173	21107
1914	115	3133
25081	108	9412
8116	108	6563
726	58	24107
2733	115	24773
4938	206	25132
22756	80	5299
24220	205	979
5993	149	1980
9843	115	7660
22881	206	9559
24230	205	532
4055	205	979
9485	90	1142
9822	204	8252
9341	108	24520
6331	173	4960
21458	158	23440
4819	80	6785
2015	209	7003
25052	72	8174
9083	133	9481
23430	62	6679
1274	115	24297
5853	123	319
22727	62	275
23705	130	24524
5653	1	1070
4930	1	7867
24179	115	4046
10481	147	2630
2622	115	5335
21445	80	22733
2483	115	484
4892	39	2009
1529	210	7165
22832	205	23401
1214	160	22294
4258	115	759
8009	80	1247
21807	72	9136
1445	80	4805
6355	80	24651
24279	204	24951
23124	80	2566
4121	123	6846
5390	123	6371
1470	93	598
25379	80	24536
859	146	24275
24963	115	854
1094	80	7900
7569	206	22498
8696	103	21103
1005	173	2683
23465	205	6344
6397	160	9100
25019	173	9787
7980	130	9840
4643	123	587
257	78	5877
1287	95	3690
1537	115	2750
5682	115	409
9443	173	1884
6776	206	8199
4743	209	3363
6824	146	7390
1398	174	10283
21885	115	8999
8462	108	743
9075	173	1938
9600	80	3944
5557	95	7799
24343	209	8777
24914	183	1529
8279	115	5475
6961	108	8003
7510	115	10330
8426	115	9318
21457	117	85
2772	123	8630
9313	146	2598
23064	1	7867
3468	123	22567
5260	80	2773
22482	206	7948
24988	106	24790
558	62	1846
9920	72	1131
610	210	2378
25478	133	1980
9139	123	679
5549	164	9637
8817	62	1393
23830	53	23873
24483	209	7383
23643	1	1070
6224	115	22371
6039	108	9412
24227	123	7685
22288	174	7138
3645	93	1698
24956	80	4610
23980	115	6033
2442	173	2635
4771	131	3731
21652	209	2329
1676	80	6869
476	80	24998
10455	26	21560
23690	80	24998
21559	82	5577
23779	209	416
7162	143	21517
1072	62	23034
3405	204	5912
4074	206	7793
880	206	789
1224	133	9412
829	133	9105
21548	80	6023
4598	80	5094
8830	133	9907
1022	206	10355
2660	123	3349
1067	115	5000
24291	115	2072
22828	95	22216
2673	123	21536
3186	115	10057
5164	62	23749
23687	115	9610
4	53	6869
501	180	4127
9504	5	367
24725	62	5325
5337	209	23009
22351	80	22062
3003	123	2577
4579	1	508
9687	62	49
22950	90	23729
24641	209	1889
25093	173	191
23576	1	1070
8549	1	8583
3890	115	24880
2214	106	2583
299	133	21123
7174	173	4620
9209	173	8378
5000	106	25461
5873	72	6333
22217	209	22981
9657	62	21728
7136	133	9309
8358	115	4067
6010	133	89
1199	206	22335
9602	206	22914
10074	115	3490
1396	93	508
10122	62	22435
21677	80	24448
10105	83	22382
9607	115	4706
5550	103	8995
8794	209	3825
21753	62	23789
6464	131	2596
7196	115	21978
24842	80	9665
23239	1	1070
23240	1	1070
9879	115	7863
22023	106	4037
1059	80	8515
2109	4	1435
4321	62	5018
24203	133	21136
22841	115	7725
24625	85	5394
23933	184	21142
6700	80	9650
433	115	5685
2203	35	22666
462	108	24784
2198	106	3805
658	115	3917
7788	174	9580
2245	174	2490
9187	206	7508
23944	115	5378
7815	209	22354
3704	58	23709
5599	62	21311
3860	160	23458
2791	209	6204
6126	133	5669
22279	106	24895
9373	203	2456
25265	115	4093
1415	95	855
4392	131	1310
8523	206	6433
1723	130	25298
4179	131	2799
315	80	6869
24912	35	7954
10280	95	3778
9802	80	8703
2103	115	3917
25209	133	8967
23850	115	21131
3408	115	6818
6270	158	1421
21004	115	9494
24530	123	2827
24059	1	508
5256	146	6694
23982	115	7409
24637	133	2566
21181	93	9741
24590	173	24145
4459	80	22733
23865	183	9499
23711	103	388
4770	103	1185
23464	115	3238
9332	209	6597
21713	123	1618
22518	95	22225
7756	115	426
4079	1	508
5253	173	21107
6410	160	9100
6026	80	4160
3886	147	2098
7043	115	217
1347	115	25439
4050	5	24163
23577	206	23251
6401	160	6769
22841	115	5311
8009	24	69
23981	95	5354
24005	39	1052
9583	173	24583
110	115	10310
518	22	2566
1619	53	7463
22932	123	23476
6009	206	65
4120	173	3323
6634	133	6869
24697	115	6187
8248	126	21313
5694	206	7377
24508	115	9310
5642	115	5583
2562	38	24616
23187	58	5973
3826	80	4160
4932	146	358
23758	115	8229
393	115	22375
10293	115	4208
22744	76	113
6862	115	6490
5379	173	21751
9767	115	9817
3229	209	7592
9351	133	6563
9034	160	23458
9630	130	21134
1013	106	5694
6472	106	8692
21259	80	4610
6179	200	9019
24731	123	6748
25007	108	9412
24268	115	6601
23902	106	23697
2966	80	9887
855	80	2630
3340	184	10127
4672	209	24608
21210	173	824
4871	82	4122
5617	115	2160
8862	115	9335
8152	115	24464
24789	173	5572
8795	80	6101
9253	205	8314
153	39	6058
10398	160	9100
4901	123	22348
6949	123	9721
22575	146	23507
7788	173	9580
24955	115	8189
4589	106	6532
23112	160	6214
21036	206	6503
852	209	6582
2308	115	2296
8474	204	2430
6125	131	21204
22154	115	1472
23730	179	7323
22943	133	7116
9795	160	23458
7992	93	8643
22024	115	9566
2071	123	1550
49	62	10449
4958	93	24656
10224	1	7867
10342	133	9846
495	130	8320
2765	173	24263
24399	115	3168
7286	123	2635
21104	95	8775
649	80	2566
1761	205	24719
2480	76	5669
7722	95	30
22867	26	10464
8544	206	1390
6605	204	6760
24108	160	22294
23676	205	10116
8193	62	8563
21131	80	9623
5665	115	3238
1363	204	3567
25335	194	1266
4360	80	2630
23329	115	3293
24770	80	23308
23578	35	5772
4622	143	9877
6230	193	3897
8419	123	2135
4659	80	24163
25370	39	6107
10347	130	6275
2790	131	6093
21619	80	2566
10151	123	1918
86	62	24363
10413	115	8156
3028	80	21772
10210	133	8916
3089	22	2566
1302	80	5299
23638	5	22109
8550	115	9566
6800	114	9265
9409	209	10454
23229	131	4833
7973	108	2694
3089	174	25073
21031	115	4154
7940	191	7197
2116	123	9775
7814	72	4942
3213	205	5977
7243	115	6845
22901	108	9412
8751	72	23204
5852	133	23677
1775	183	24753
22830	206	7843
21037	115	4021
8974	80	8003
1908	205	5756
22454	180	1813
5865	115	7638
9866	115	10127
1339	183	7666
10115	115	6846
8400	206	22829
5078	115	8398
3184	80	22468
2361	80	2566
3556	206	1746
6258	123	3904
6142	80	9481
8396	206	4819
5363	93	1218
25025	88	22497
4391	80	1937
9522	173	5997
7808	95	2842
5473	115	7843
9031	115	25039
2910	206	4900
23716	204	21137
3021	93	7773
4337	80	23397
7031	80	23308
21937	115	8692
9901	204	24951
6157	62	22466
21525	206	3552
21746	106	23995
7683	80	3944
7017	72	23343
2274	80	21280
21293	62	24925
6892	115	3252
22758	173	3327
863	115	183
2881	74	3134
25199	205	8475
9956	183	23559
23545	180	25040
2412	206	24203
4020	115	2584
21720	80	21395
288	143	25126
23825	115	8665
3304	115	726
2742	190	6079
3849	108	9412
2866	62	10450
3191	115	21668
6589	62	21441
7273	115	22265
5009	206	2835
261	35	1861
2531	131	21252
9004	115	1306
22226	204	24951
8463	115	22627
8128	106	3540
21329	123	21633
10459	1	23407
24963	123	9954
21523	206	21773
24073	95	1804
6809	206	6007
590	115	7262
1955	95	7799
8716	95	6697
22893	115	24657
7246	114	21432
25218	204	21189
6181	206	22053
21307	210	6789
143	108	9412
4622	123	25410
24513	106	25369
2308	115	5724
1881	80	6023
5544	62	1841
25269	95	5354
1675	108	6563
2480	149	91
4135	103	3533
3446	80	8479
21107	38	10190
2328	115	22653
23963	76	22568
23245	210	8700
21596	80	23397
23854	115	8624
6106	173	8881
2828	115	24503
4256	115	6845
4874	129	9223
23821	123	22861
505	24	8679
9568	123	6143
22809	80	69
21871	80	21642
1061	62	22378
9509	205	5925
2684	123	189
2040	115	8861
22213	80	2566
1987	62	24282
7730	115	4791
4676	123	7025
22317	115	2383
8317	133	22964
1352	115	6228
1241	115	7723
8896	174	24442
5712	115	21519
21427	115	21476
5276	173	24973
8658	95	30
3196	1	9396
23131	5	21136
6358	133	24448
25248	133	2566
6851	143	6318
23444	80	10202
23064	115	482
2187	206	23636
2369	39	3511
2990	173	5703
23921	209	8057
5581	14	21423
24067	115	2621
4271	80	7190
10478	146	8750
6542	63	4357
8061	204	9794
8982	62	8047
24115	115	22690
23384	80	2566
23478	115	7455
1425	1	1070
8675	143	23029
24311	95	30
22610	80	89
3704	204	3567
9634	80	23216
2115	183	4786
1976	115	23582
9056	174	5429
23088	108	8003
21603	115	7381
25344	206	9425
3021	206	7773
544	108	22469
1608	80	2566
8655	62	770
6599	18	21553
10209	80	6869
21746	206	23761
9898	103	23719
4178	115	4021
22698	80	22733
950	80	1053
24673	62	24531
9823	80	6023
4573	206	23995
4410	130	23963
9620	115	7301
2028	131	9983
9165	115	9964
2545	173	21847
3700	62	9657
2261	204	22256
25098	173	5572
6088	80	4794
2627	95	7221
4587	123	21117
5111	173	23177
1912	80	22298
86	108	9412
6413	115	24297
4623	133	5669
5176	80	1136
6783	115	3171
8002	5	2566
8707	173	24241
2474	151	5608
7708	205	8712
5894	106	3194
3315	204	8252
6603	123	22970
21167	115	378
4385	39	2456
23081	93	25008
1656	62	21179
24515	108	9412
3017	160	1458
8243	206	25463
8458	115	4695
1936	80	24803
9305	209	5224
5287	106	4017
7897	62	7361
4472	106	21833
8305	125	25038
3339	115	24325
25147	209	8992
2668	115	24900
5009	106	3980
7886	80	6869
8801	26	23118
22052	206	7060
7697	80	2566
1695	108	9412
3344	106	7380
23761	206	21768
3550	80	6245
24656	39	5470
5821	183	9005
5590	103	8642
23424	80	7522
22101	209	24247
10321	210	2235
8848	115	6628
335	39	1052
865	108	24536
7715	62	24904
3436	108	22469
8788	123	2624
22571	143	21188
21511	115	3344
7900	35	24163
4617	174	5290
2016	115	4600
2175	115	7067
6968	123	24766
9715	108	6563
4062	80	6563
25493	80	23200
1300	39	4968
3954	115	24473
1888	206	21930
21876	106	24832
5090	1	23407
9935	103	6574
7578	22	2566
8185	173	25410
1338	80	4790
7789	149	24448
10256	149	7349
3191	115	4426
22794	209	6597
21004	115	25429
3868	160	21192
22003	115	7271
7593	115	23128
6851	183	21081
6083	205	5968
6602	80	24448
1366	173	8585
7398	189	8853
4557	62	2066
484	133	6023
24008	62	23129
10256	206	21448
8058	80	2566
10079	62	6062
905	80	23093
7556	123	5028
3196	123	9775
23262	115	747
1860	115	21653
5330	160	23458
9933	174	6011
21137	177	8703
6217	1	1070
1141	93	21571
541	115	8999
218	62	6663
25392	5	9875
7889	106	2872
25211	80	22749
9359	160	1814
2414	38	25149
4550	62	23430
9013	1	1070
2987	150	25274
8308	204	6593
6609	123	3317
7654	209	6571
6788	115	270
22060	173	24125
24463	123	5994
25302	123	9763
4787	206	7919
22466	108	9412
25220	115	23209
2622	14	5335
1829	1	6147
2420	174	24442
24607	115	6660
21118	115	4791
21062	38	3107
44	205	21979
2046	93	21861
23431	95	8512
4393	62	23862
1648	62	1072
23355	160	9100
22288	130	7138
2535	123	35
23240	209	22865
9972	133	4790
2504	173	372
7163	1	508
21627	173	22167
9200	114	6112
7920	115	1476
7808	173	9852
9253	173	24125
8524	115	6719
24163	129	7900
3657	55	10233
5667	183	23380
7378	80	236
21079	205	8492
781	174	22163
8886	106	8433
1440	115	9256
8166	66	24556
9803	115	22698
2389	205	1609
22953	115	2500
7773	106	7999
22231	1	22504
5269	115	21463
22550	108	5454
2249	183	9055
8930	38	3151
22606	160	1458
790	115	23461
21461	24	22819
1274	209	5986
5492	103	10114
7931	80	22733
5577	103	6711
3819	80	6869
22573	115	23257
1592	95	6697
23326	210	4676
6742	205	21989
4474	115	21882
23240	115	1232
5408	106	21340
7847	115	3168
4664	62	1018
687	1	1396
21495	25	25410
5639	146	21513
22752	209	286
5712	209	4213
3543	204	9698
7890	62	1393
10158	206	21961
9587	80	9849
23031	80	7323
1971	150	1520
4786	174	1681
10486	209	9283
290	206	4080
4851	115	23403
24227	209	7685
3665	1	24007
1647	204	5869
22856	115	23425
22594	173	2410
1159	115	426
8275	106	22067
1728	160	1458
6106	209	8881
22861	101	9074
5521	204	618
22145	131	991
1392	67	9228
1391	62	5106
3431	72	6111
2775	205	1475
529	183	6177
9083	80	1247
4035	215	22768
21171	90	7088
3270	93	23998
5570	62	5427
4230	80	9503
21731	133	69
4246	115	4857
21419	115	4385
21518	200	21134
7235	62	134
8784	93	7536
9076	25	1418
7939	95	9286
179	209	3206
9593	209	9577
4302	209	8057
21879	123	6865
10173	131	780
23743	160	9100
23202	80	5299
9387	58	7042
2721	80	797
6038	131	22675
9965	93	9222
25332	209	8024
2655	106	9451
1890	114	9265
2973	58	2920
8464	204	5175
4534	133	9875
24492	123	22941
24290	209	23212
143	62	6821
24689	200	1772
4736	146	24481
21628	72	9552
10261	106	624
5094	108	8949
1511	80	9623
3888	80	22233
21626	204	5869
10029	72	2799
4682	115	21813
2911	106	1977
4656	80	6869
24981	143	21193
3389	80	24730
4081	106	2941
9876	106	287
6496	130	5997
21382	115	1880
6670	130	5921
2639	133	7349
1801	95	22216
6406	173	2089
2826	58	5973
6279	82	4835
7962	35	113
5449	106	9573
10381	215	6369
21150	115	23744
3219	176	3822
8127	123	5909
1875	123	22436
24498	26	23429
6958	58	4091
7109	108	24998
3218	62	1526
4802	206	21526
21616	204	2430
7385	115	24823
24975	133	6563
24951	51	22076
25416	14	5060
2804	115	22748
9812	62	21311
219	115	4882
417	13	21704
764	131	4219
866	173	22163
177	115	10416
22398	133	7900
8309	95	6625
3478	154	24536
8194	95	777
36	1	508
1834	103	22907
21878	26	6916
2259	183	8448
10465	72	668
23344	183	7666
6625	80	1448
21766	143	3111
3589	209	3363
8019	200	21053
23623	115	409
3526	101	8077
6167	209	22695
10450	62	1412
3984	62	1924
22078	115	4695
38	106	21539
2814	160	22294
4068	108	9412
3835	130	22130
24876	26	261
24273	103	7699
9033	209	5582
25262	133	830
22064	169	22840
22572	106	1583
21760	177	2566
6425	115	5847
6105	173	7703
2598	92	7933
24860	115	21594
23660	108	2987
4068	62	6001
25173	149	9846
5220	209	24935
24388	85	5045
9129	93	10268
22481	80	6869
3398	115	25154
1425	123	7861
9150	26	9436
1638	62	2201
22287	115	24764
25299	88	10380
6817	80	22733
22967	143	5388
1408	115	6571
23221	115	5020
5697	173	3730
6905	200	22385
2599	206	3876
8036	210	24530
2118	93	5409
10197	95	22225
2019	1	1070
6277	160	1458
741	123	8858
21985	133	8003
7500	209	25339
22522	80	4001
9963	115	1951
9251	133	6563
1335	173	314
5509	80	2566
21845	39	6058
8800	95	8012
1127	115	9681
9247	174	2962
25197	80	22137
25289	1	1070
751	173	9619
9511	115	8182
23496	80	1247
474	115	9610
22203	115	9774
25277	115	3682
8946	108	9412
361	1	508
459	160	6769
7065	1	6147
5010	82	22071
6027	133	2566
25089	115	22385
3626	93	4582
1760	115	22748
23070	51	24074
491	80	6869
21003	62	9667
1604	173	1034
6368	143	1934
21208	5	21422
2221	106	24509
22602	206	24810
8405	62	9267
7179	72	10173
23443	115	21274
6870	206	24479
5357	174	22163
21553	177	2566
4207	80	23308
3654	115	2296
628	204	5869
24537	80	9028
1372	115	4724
4183	115	3530
368	173	22121
9014	1	9467
7550	115	2023
8935	115	9326
7472	180	3638
1768	204	3567
4639	62	23879
21236	123	21217
24663	206	5280
4035	160	23458
23452	62	8539
23929	115	22855
4747	133	9334
21051	108	9412
8744	95	23115
5369	130	9550
1728	160	21192
2469	62	8291
22518	1	508
437	80	4827
192	93	23615
22487	143	22706
9928	108	9412
8195	39	4563
21330	160	6769
25387	115	24495
5424	35	4092
22493	115	3538
5664	22	4160
467	115	902
2234	146	23092
8480	173	22258
24426	115	22698
4786	22	23308
3069	115	22274
1688	206	109
5004	115	378
9848	204	2727
5355	115	5603
25408	115	6746
5569	62	25347
22693	38	21276
22429	143	4593
22993	177	22109
7226	80	25484
6444	115	9520
21336	205	3804
24829	95	4816
25454	183	4893
6841	206	3360
1004	80	113
6939	95	3778
22954	115	8814
22992	206	15
10248	180	3638
106	108	6563
1793	80	4790
6029	103	1718
21219	95	855
6291	95	22225
7917	20	6631
6672	183	2681
4640	115	5460
22328	115	244
3656	108	9412
3747	160	9100
7366	115	25244
10464	108	9412
2415	62	10021
21889	133	21478
4215	143	1712
22211	123	6536
3054	12	7487
24967	123	21633
21592	130	21053
6015	73	4971
2686	62	7967
525	115	7475
25227	113	22342
9851	80	7201
3609	204	3567
4696	80	9990
964	1	7867
5840	205	1663
2734	209	2347
1522	80	6869
21606	62	10272
4966	174	7929
523	115	835
9370	215	440
7312	115	4669
3538	82	1039
22425	204	3567
9266	35	24014
21973	131	5841
6918	93	7466
7270	173	3631
7837	115	497
21888	115	5404
3745	174	8538
2681	130	22163
24501	80	25484
5759	173	4310
6161	22	6869
22653	58	24107
22057	133	3566
4331	123	3812
6239	177	1437
8048	115	2447
810	115	5976
8328	115	9736
7535	115	7689
23644	62	23393
3402	160	9100
3183	206	24217
6521	131	3539
22006	95	6697
21586	93	22266
3556	149	6023
3300	80	21565
3898	80	1983
7922	80	9481
22580	115	1232
4227	14	8879
2290	209	3324
5369	123	23476
9151	95	22225
4348	115	23317
22425	183	9197
2538	62	6449
812	130	6104
7508	133	21965
21081	204	5869
9675	183	6335
21408	204	7874
24506	133	2224
22055	173	8046
7610	95	6697
4305	206	5592
3062	80	10453
3552	103	21525
968	26	261
24543	1	1396
3626	103	8343
5940	173	3826
3224	174	9708
6333	206	5873
4663	160	22294
3637	115	8195
4640	115	25210
22464	80	1244
8117	173	22121
4077	115	8810
22271	108	9412
9614	206	294
7798	115	4037
22386	60	22964
9558	115	7686
1457	173	5298
8423	115	24756
5465	106	24763
2958	210	8700
23014	62	9812
21590	80	1136
8720	143	1090
21663	106	3753
620	115	21813
3220	108	9412
23516	108	9412
2379	173	24583
36	123	319
2670	80	5268
3951	1	1484
23611	115	1058
5677	183	23186
8312	80	9875
807	26	23429
218	62	8291
24022	160	2382
22452	115	6628
9348	115	657
24004	180	9904
5413	115	5675
368	173	1938
9767	173	372
23270	173	2431
4791	80	1448
9117	95	3778
399	150	21422
1432	131	2373
25148	80	8874
24617	133	6023
1534	173	25275
21698	39	6058
9267	62	25380
2299	31	3700
6519	39	9732
23808	103	3016
8485	51	22076
9757	108	9412
24329	115	4154
21603	115	1510
4409	173	21661
21704	17	23736
7145	115	3628
1782	173	5089
7331	72	6464
3546	200	24766
488	115	2327
21079	115	22275
767	115	6846
3110	115	5328
1279	115	22991
24898	173	9859
6643	80	4790
7746	53	6869
850	131	21610
22758	115	1232
403	123	7790
4343	115	6265
2293	1	508
21414	80	6869
5888	206	5553
23599	123	23234
7119	1	5851
7853	108	9412
24624	123	2150
7	106	3349
3349	106	7
25188	106	5738
4789	206	4744
9295	133	2566
3038	131	2287
1962	205	23971
8403	173	25372
4225	5	4026
4196	133	2694
24596	204	2727
3037	130	24578
3928	103	23616
22916	115	24104
7033	115	2757
24720	95	24035
4946	115	6980
5798	206	8128
1234	1	508
9559	106	3463
10340	210	5677
4823	106	5846
4732	115	2302
21650	133	23183
23327	190	6079
7433	24	5030
6531	174	8293
4218	38	24578
9440	80	4790
9822	143	3307
2959	1	7867
8883	80	24163
5609	173	4568
21492	80	9228
22731	123	23085
22340	95	6697
24793	115	3366
21053	38	9595
7248	53	24425
22853	115	4661
22638	106	22839
6744	180	4565
10095	115	22498
22802	115	1586
10328	173	21086
22232	67	7783
4369	173	25291
22735	80	9623
9745	62	23763
24923	115	8058
7591	115	1591
25297	183	21405
4858	200	2962
7005	209	2268
21275	12	7191
25035	206	22914
8994	177	6869
21394	206	23057
23867	180	22216
1563	106	8540
3432	115	8437
8787	115	8090
25421	108	22469
4507	133	22601
8788	115	21302
7411	173	1388
24549	209	4468
6666	62	4639
8913	95	22886
23214	115	21581
1848	173	9852
3040	149	24448
8020	115	1343
21576	1	508
7634	115	8116
10025	80	24552
5101	203	21915
5652	80	4790
23336	115	2349
24401	173	8687
25100	72	4812
136	80	6023
8877	108	4971
8303	115	8839
10185	95	2303
5599	26	8184
6020	133	9887
10450	62	2866
22740	123	6846
21970	204	3567
507	35	5661
5221	133	6245
25122	80	22590
10471	143	6917
4866	179	6869
2816	80	6869
9307	133	2566
6185	26	23628
2973	204	22256
9386	209	7572
1554	63	9621
12	1	1070
8026	1	7867
22352	80	1247
21508	123	8917
5967	131	2262
3835	204	24951
1912	80	6869
297	115	23708
4201	173	7685
24891	149	9007
24230	123	7784
22283	123	1838
5283	206	10437
10146	173	8362
4622	130	21495
5730	173	2468
24993	206	6844
655	173	8659
3734	204	24951
9112	215	25227
8829	35	1916
8883	106	22837
9357	115	3950
6381	123	23058
21925	206	4013
4691	103	5698
4002	200	8293
23846	62	4723
5073	115	6737
24255	108	9412
24175	173	8883
8190	209	4213
8428	205	21575
24792	174	22163
24123	115	6402
21454	115	24298
24685	115	22801
618	51	23070
4125	80	2566
8000	1	5856
24128	1	23407
8048	180	4565
23832	108	6669
3543	183	5730
5609	115	24813
4805	178	21988
3991	173	22121
23314	160	9100
24941	80	748
7955	115	604
6304	115	21662
1843	115	2749
3172	123	23996
7534	95	8265
23784	115	9084
10294	123	1763
23981	123	21108
24817	183	7113
24810	206	25075
21193	174	8842
22185	209	21067
10230	93	8395
4199	115	5474
10315	115	23708
10212	80	2587
3298	115	5236
5910	115	8692
23300	72	2012
24290	173	23212
23986	130	2084
2378	204	3567
7880	215	22768
5199	80	22037
2736	115	4154
2250	174	2920
584	106	482
24294	95	8265
2538	62	22985
22692	173	4193
381	170	21571
210	106	85
23036	80	3944
23739	80	6869
10090	174	22942
7441	151	3819
7117	123	22121
10215	173	1938
5958	38	22092
4277	115	8063
9087	205	9032
9850	131	771
23964	115	3986
24555	105	22321
6995	177	23979
5789	72	21415
25109	206	21768
22232	133	2630
1930	206	7569
25160	62	8552
3737	174	22984
21336	115	22839
22719	204	21189
5977	80	24163
24601	133	5122
22179	95	5354
1988	62	21940
9505	115	10406
23386	130	4734
3104	76	6869
9440	148	22401
3041	80	23747
23349	115	9122
4909	173	2973
22938	62	1072
1801	123	23058
211	62	4458
3535	123	4571
22260	115	24949
8235	204	8252
918	173	5272
2928	174	647
9965	206	25336
25477	206	7302
9655	115	4006
9981	80	22733
25247	115	22174
9556	123	23610
23048	133	24491
1098	72	10047
8898	115	657
9737	183	23190
7529	123	8992
2445	115	23048
7797	160	24239
555	115	8361
9930	133	1247
7233	173	3704
23524	123	2467
5346	95	8265
24105	174	25497
6189	100	253
23753	39	6768
9622	62	10034
2962	204	5912
5924	206	24082
597	209	23009
6492	149	22964
24098	80	9503
24681	108	9412
8738	115	4385
7334	80	3009
8466	115	4791
278	133	2357
9802	80	24998
23067	62	1223
5401	131	8881
8964	115	23902
7673	103	10445
3774	204	3567
7387	173	24850
21895	106	25171
364	63	9621
7016	66	685
1755	173	21086
6587	123	9720
2722	215	23922
8943	24	8435
10439	130	1093
24776	1	1396
4323	106	3183
961	106	5936
24849	95	1804
356	62	2708
1877	115	9018
22050	106	6259
1234	205	8005
6914	80	21796
24028	206	25129
127	95	9410
7508	76	9309
25218	204	7886
2252	206	24001
757	115	2847
1131	206	7623
5340	173	10318
9994	95	9286
1897	160	1458
24994	160	2382
7771	209	5733
23109	115	4556
24350	26	21849
2311	160	1458
21266	173	9756
24913	53	7463
2919	210	2860
24453	80	2566
110	115	21303
1732	173	747
2710	133	2728
9301	210	2235
7465	115	25128
5736	170	10025
227	80	23397
538	183	5578
8523	103	22350
1060	173	3356
2775	115	23602
2959	95	2014
4537	115	5842
23800	76	2566
586	123	22436
2488	80	5669
22126	205	8130
22114	131	7983
22954	95	8775
4229	123	8630
22488	93	8017
24315	115	1369
1391	62	3639
644	1	1484
5187	123	8940
24120	52	25065
6396	115	22245
24315	115	22855
5039	115	2135
2979	206	7427
5790	133	3796
24066	80	2566
21263	115	5640
22683	209	4655
10071	115	4949
21364	80	4790
24652	115	4264
1273	209	7170
25392	38	22092
21890	173	24564
2173	209	21629
5459	62	24904
9497	115	22991
21523	93	2558
5154	115	21864
4767	206	1232
22352	106	24808
24472	1	23407
23695	133	7190
6731	106	3831
8793	39	163
3929	205	2119
3500	115	24078
2752	108	4778
6432	80	24651
2560	114	6112
7910	108	9412
3712	209	24553
23981	173	21108
3807	1	6147
1961	173	24019
10204	93	22488
5305	62	3635
3680	115	22991
21050	209	7683
9175	173	10318
24829	115	2910
23560	115	7470
6559	39	9715
1240	95	136
22703	173	21605
2571	160	23458
25487	95	9387
22025	95	2365
4110	209	931
5898	1	1070
22576	133	24448
3632	66	5802
10266	204	8296
7636	173	5997
22945	66	21120
8693	133	2728
21692	174	25298
1237	62	24255
6054	115	1232
25387	115	5529
9992	115	2253
24454	123	7467
24014	62	3130
22517	115	21813
9585	204	22076
2230	1	7867
4713	22	1710
9890	62	23393
7219	204	21137
25094	80	3009
1592	115	9553
2812	209	6775
7730	115	9960
3513	80	22749
2858	62	3966
8487	204	7054
21971	123	23004
24869	26	261
8650	103	1010
4677	80	9623
25276	115	1009
8966	205	10404
6137	180	23255
23727	42	1231
7465	115	7422
8000	184	23310
23915	131	2188
2350	115	7546
9805	115	5583
5878	115	5020
8747	80	23308
4605	123	267
1523	82	2687
8468	106	6086
3203	115	2324
9910	115	23176
23507	80	22137
24720	205	5050
3059	80	25167
25299	62	7757
25412	92	10478
1694	95	6441
2176	191	5123
6045	115	21375
8008	206	5205
1361	108	9475
6543	103	21671
8163	1	7867
4115	95	8512
3464	115	8739
6888	210	8178
1596	24	69
1111	115	22748
8011	174	2920
736	173	9669
1472	106	23591
1183	108	4202
2275	173	25396
10162	80	3992
21634	115	22742
9530	115	24900
4084	80	6564
22847	6	22469
6100	39	6058
22264	123	7754
21044	108	22819
3970	106	24395
24359	204	2727
8965	80	2566
23359	115	836
6546	82	128
23889	115	3905
6337	169	22568
5303	131	24546
4155	123	9296
9446	1	9925
892	80	6869
23109	209	9225
25340	22	9875
6092	204	8252
8836	123	24121
21138	130	5997
4482	133	24540
21470	115	24318
408	1	1070
10499	209	3604
3392	209	5318
5427	62	1685
7007	206	24094
1356	1	6147
4497	115	21283
9642	80	2566
7361	62	5544
899	143	345
8068	115	4636
4756	173	6836
2515	200	22942
21527	209	5700
6537	206	5922
22525	209	747
21699	88	4967
9675	123	9456
23458	102	22508
24749	204	22880
7230	80	6961
4272	17	8959
1304	158	2700
6177	123	25410
2614	82	21510
24437	115	21759
5843	206	6086
4830	179	5268
1253	204	5071
8208	62	9579
22438	1	1070
5111	123	23177
1230	103	25001
21890	130	22801
2617	130	23805
24647	62	2186
6307	143	3139
9426	143	24593
7488	131	221
5187	173	6700
579	80	21395
4945	115	8588
9498	95	777
25359	130	8842
1408	115	469
2803	103	10445
25406	62	6253
7353	160	22294
5544	62	7361
7464	115	24800
3239	116	4790
5371	123	7290
23267	204	3974
3691	143	3139
21874	95	3349
9817	106	3137
9368	130	10318
223	103	524
8267	80	8874
3042	72	6521
8251	95	3499
9737	174	2711
4909	130	2973
2439	62	21027
24845	80	1136
143	26	6156
4704	72	24717
6153	115	9067
24441	143	3368
7101	115	9682
8930	38	24517
2433	115	9948
9345	62	6465
21056	123	3995
8625	106	21972
4611	115	902
24072	133	9887
823	173	22239
5692	173	25149
25192	173	1681
8609	108	9412
6039	62	1638
9489	115	8175
24496	39	22593
3452	209	5513
21631	115	4208
23177	133	3130
23509	106	6010
22281	180	4291
24640	95	5354
3094	173	2488
7356	123	9147
24141	174	9619
6424	115	9527
6834	160	23458
5895	131	820
6548	95	8265
6562	106	2898
6852	106	21235
1037	204	8252
43	143	5870
9181	209	5858
6428	130	10190
24903	62	6185
23318	108	9412
22140	80	21123
10449	108	9412
5284	123	24866
25461	106	5000
3591	115	22476
5330	215	25227
23633	133	8003
716	74	9467
2302	133	2566
23650	115	22673
344	133	8874
24738	206	22097
844	123	1059
7776	160	9100
1064	133	4535
8433	206	3183
22976	133	6869
3691	173	5997
3942	115	21539
8995	80	7116
9609	204	8296
21029	133	6023
8330	66	4578
5139	115	21668
10035	173	24034
3386	33	22321
7882	173	5788
21135	55	5986
9666	204	24951
190	133	6869
24444	115	217
22801	204	3567
718	62	2647
24588	39	4702
23289	206	21022
24020	123	23517
6591	80	21136
1924	62	7528
5953	160	24239
21572	82	8704
5583	133	4790
23204	82	24933
21391	209	3401
2919	130	25298
9449	95	3263
5740	95	23100
794	130	5997
21688	115	21668
8820	180	4565
8715	173	372
21806	166	7900
23911	39	9320
7076	62	22892
1772	5	2566
6982	115	24874
9302	115	6024
24893	106	22388
25313	106	21792
4254	123	2089
1995	204	5912
1023	95	23015
3203	115	9948
9410	80	6869
24708	123	2492
23609	115	23495
9082	1	1070
9049	173	4571
21944	62	7641
979	80	9105
4068	62	7276
9753	115	1736
5464	160	24239
10263	22	22296
21883	180	3638
9400	78	3799
7604	62	6527
7083	131	3616
25154	206	6976
1302	133	8874
4603	115	25174
4933	62	1924
23754	174	2920
4362	80	24295
7508	72	3634
2384	115	3272
1987	108	9412
23116	62	2637
9826	133	734
9287	95	22225
23679	35	748
22986	133	6023
2142	95	7159
3397	133	1954
22727	62	3612
23634	133	23342
1250	108	743
6454	93	21664
6003	209	1629
5037	115	23708
4260	215	8031
21570	115	2324
707	115	7660
2661	133	4790
2670	149	25484
8931	115	1102
9938	203	6058
2737	123	9625
3448	123	189
7953	133	622
8561	115	22625
21041	160	2382
547	63	23357
5013	106	21218
2159	95	3306
23393	62	86
8918	115	5020
10103	115	7926
9979	26	261
7275	189	7040
7914	62	2637
21437	131	24602
9760	202	4382
25249	180	3638
21164	115	3681
3789	115	9600
5197	80	6430
1889	80	1247
23150	39	4717
6618	108	2694
9324	95	24035
3846	131	23738
24989	131	4607
105	200	9580
2869	115	6033
541	115	5359
9208	123	22436
24891	5	2587
7316	80	2566
10040	174	9754
24203	80	9503
4328	103	1690
1711	5	748
22732	123	7754
1064	106	6870
10430	123	4568
4112	103	21321
4798	115	6328
737	133	7834
8939	173	3781
7636	204	24951
254	177	9875
21486	115	1094
9091	173	4197
23010	160	24239
23252	173	2789
9704	115	23215
6867	133	23747
8976	206	21781
23548	72	6529
8813	1	7867
2369	76	2895
2685	173	22348
5431	115	2158
3979	62	718
25183	115	9710
5890	80	6869
22159	58	2085
5836	115	3150
2732	131	9945
9332	1	1070
7691	108	9412
23849	205	21434
4066	62	22219
7771	115	7271
7908	115	23479
22685	95	21943
9289	115	1771
923	115	9538
3312	115	23506
23895	62	23096
1469	123	1536
1253	58	6104
23136	160	1458
8617	183	2300
5123	115	5640
22847	6	31
1502	115	4236
21568	108	8759
24293	123	22436
23309	115	1506
4072	116	23747
25110	133	24448
21364	76	4790
23400	206	2198
8193	62	1237
6150	80	23308
2404	62	3409
10032	131	21561
8620	130	21926
4314	173	2979
21520	115	270
25179	123	9954
8498	133	23216
990	209	867
9180	204	3567
23837	183	9911
9489	205	1453
8117	115	5927
21870	80	5254
4097	14	8850
7903	80	23488
423	106	6976
22355	115	6738
23449	115	8322
9813	174	2238
21893	131	5199
6855	123	24834
7194	123	5997
500	80	22221
10460	115	10277
4691	80	2728
4088	115	23708
2622	173	8845
4700	115	24828
4363	205	8069
1761	180	3638
22076	136	2566
4530	115	22151
9772	38	10318
8567	115	4426
23208	115	8371
7769	80	24163
23536	1	7867
24663	149	23059
4301	123	24012
10439	123	22239
8666	115	3267
10143	123	24814
24801	115	4132
4338	115	3168
6895	115	732
8548	72	8246
1265	133	7116
7405	187	3893
4614	115	7287
21944	62	4066
3644	173	4165
1826	149	22233
9742	173	5476
1788	123	22481
8018	173	9059
465	209	3356
8722	123	21250
7672	80	1954
23422	123	2329
21956	38	9598
5767	115	2973
8684	80	9028
1365	173	373
21264	131	21060
4849	93	1960
5931	215	9502
9491	76	24276
9947	95	8012
9268	173	2475
1082	115	23911
22515	206	25162
24953	173	23532
5883	80	23873
4538	115	22813
6757	108	6687
6243	160	23458
4239	183	21413
322	115	4478
7401	1	23407
6920	173	21751
127	115	22263
22441	76	9412
23672	80	6869
24067	115	8965
4486	173	8845
9965	106	3057
21935	115	7380
3359	113	25227
3873	160	24239
5511	115	166
8065	108	24998
1718	93	6029
3411	1	4163
4089	1	8049
23261	115	22275
1767	133	1078
7185	115	22564
8224	80	22601
3229	115	3346
3390	1	1070
21285	53	7097
9731	205	8294
3282	76	24913
3766	62	1065
21918	123	10237
6696	115	9095
843	200	2973
2894	123	2158
22080	38	9421
21727	106	3556
3080	115	22174
7764	173	21208
5512	133	21395
3562	173	23960
24633	103	936
6277	42	23943
22622	133	22621
24142	80	7900
1980	108	7632
4484	1	23407
7944	115	24949
3034	80	3245
23892	115	5842
9967	169	4838
1511	146	1881
23208	115	5256
9945	131	2732
4569	205	5996
7554	127	8759
5717	206	6477
21691	62	1223
667	206	22097
24725	62	24876
4430	80	24448
8305	115	354
2730	62	3979
5532	95	2920
23626	95	21548
1680	160	6769
6517	206	6422
22447	173	6775
8278	106	4108
24202	116	9623
982	58	9987
7756	123	21250
1451	115	2847
23670	53	4829
6001	62	4068
6703	90	9582
23700	62	9579
4114	115	24942
2879	173	21208
8816	80	23200
24785	123	5401
10335	115	3490
8930	58	5047
23927	123	92
1289	93	23589
7920	1	1070
9062	62	21699
6924	80	24233
9786	160	9100
6792	204	10235
872	115	7236
8578	115	22849
2004	173	23177
4770	133	5122
1088	200	9019
24367	160	1458
1762	192	8914
4687	58	3647
10176	103	10303
795	35	3848
1040	115	21765
3484	174	9019
7996	5	91
21451	204	2727
9522	174	5997
2896	108	21395
5791	62	1879
22382	106	23284
274	1	508
5979	72	21412
1376	206	5718
1502	95	5354
24527	80	23873
7757	62	21388
25497	5	21422
3612	62	24209
7386	80	9481
5712	1	508
6634	106	2934
2354	209	9577
1979	106	7878
24715	173	22189
21199	80	6869
5422	48	4459
23883	62	7315
2374	62	6241
21339	173	3323
7996	80	6869
5940	174	9076
4902	106	10317
5329	62	25303
9300	80	2566
7021	6	22469
7784	206	6811
7970	80	23348
4201	115	4623
3443	115	25285
21632	123	3704
3442	115	25051
3805	206	4222
9440	5	7201
4544	204	23070
23819	131	22830
1241	95	7731
3387	80	3957
22265	106	7475
24758	191	9428
4780	203	9066
4100	7	3005
24703	80	21796
644	160	1458
6546	206	21930
25011	206	7255
6385	115	4317
8609	62	1284
6218	62	5735
1362	1	401
10391	115	25125
6124	115	21127
6347	115	4005
24355	1	508
3728	205	9032
2400	115	22813
21666	95	2303
22896	160	6769
5579	62	9657
3096	209	25473
1987	62	2356
22027	174	2238
1130	143	5857
23597	24	8679
6270	173	21817
5319	204	21137
4351	62	23551
25442	72	7860
7852	58	22092
9390	95	9294
24304	180	21786
147	26	22309
8538	80	21778
3905	80	2566
1453	80	6869
5187	123	4462
4368	108	9412
25239	209	24240
24957	115	5986
24132	80	7323
22673	80	23308
10224	209	389
9957	1	7867
4084	80	8874
8321	131	22169
2852	26	9633
3771	72	22071
7292	115	7441
1768	130	21598
25004	115	21303
6946	143	21592
23592	115	2750
8948	160	6769
21447	80	22879
7604	62	7838
23457	206	6007
21390	80	4610
302	206	24417
838	123	8992
22984	197	22984
4692	173	21276
7689	80	2566
25430	123	5467
21421	78	9776
4795	133	2566
6211	123	8541
9893	160	9100
22527	206	5493
425	95	23015
9769	13	9135
7581	95	3778
3070	95	3263
7745	123	9577
1875	1	1070
1154	106	3931
23546	80	10326
4691	80	113
2772	115	25181
2678	170	25114
24507	115	21793
6349	115	2108
1607	39	8131
6979	82	2007
7730	95	22225
1048	115	7660
8652	130	24578
7672	24	4790
23266	173	747
8291	62	6253
8482	108	9412
2837	209	8992
25305	95	855
5162	209	747
21559	80	8679
3071	209	22998
7452	126	23941
21007	123	6737
23293	180	9904
536	209	22695
3758	76	4790
595	115	24813
4900	204	5912
23815	180	4683
2866	62	2538
10235	73	21522
5966	160	2382
21178	108	9412
24088	130	22163
10460	173	9852
23496	149	9481
21194	95	5354
6701	62	24977
22526	123	25339
8831	126	9851
6200	173	4050
23089	174	4701
25487	173	1635
21345	62	7135
8374	206	10306
5699	206	2007
21386	183	21665
6915	206	4013
559	106	730
621	115	509
8114	62	1935
6977	26	6113
21214	209	24830
2691	123	3299
5221	106	23987
3861	115	4465
7816	106	24252
1415	173	6850
9769	183	2629
23114	115	9690
3320	206	22943
21903	160	9100
637	55	25425
1988	62	682
344	206	4860
5301	1	1396
1203	62	24903
23767	62	21940
23365	1	8049
21223	173	24034
901	189	8853
23130	80	6869
2903	80	2291
2195	209	3363
22768	113	22768
379	160	6769
4234	80	23671
21831	123	319
5054	62	5651
21931	80	24276
23529	209	10454
195	209	22212
1147	143	23415
2513	130	4130
5438	62	7140
10442	209	7686
4993	80	2923
5255	80	22137
8689	1	1070
23470	62	6588
24201	209	21817
5618	173	24125
8071	133	23747
24003	115	5623
22585	123	5997
24151	173	25207
7789	149	24491
9894	204	466
2601	78	8505
21194	115	8116
24013	39	6058
1915	115	8879
10106	62	4209
9955	115	24106
23674	115	22151
5805	150	23912
4365	160	9100
21034	115	23147
6266	173	8325
6527	62	23520
9512	62	24674
6361	205	24286
22785	103	6774
24584	115	1586
25408	115	25369
521	204	5869
23042	106	3358
2062	131	22654
10192	115	3883
2631	24	69
6960	115	1073
6364	183	7371
4860	106	21595
10448	5	2048
22017	209	8335
6950	173	21605
3671	39	21073
22273	209	7775
10280	115	6506
51	115	23215
21724	108	9412
24692	5	22037
7914	62	24498
24258	93	4470
25198	133	24651
8981	183	8011
2181	142	743
3949	115	21629
21340	106	5408
2684	115	10172
24204	62	23520
1068	53	7349
258	200	9076
23886	108	8809
4223	103	3228
21274	146	25412
828	115	8053
22802	205	21906
2642	180	7629
25152	1	778
7139	210	4676
24337	133	9801
22697	80	8874
8420	206	23913
2880	5	7900
757	209	1629
21407	160	1458
21880	123	5401
24970	115	5608
24824	143	3609
21465	123	8713
4732	115	23461
2423	1	1070
5820	38	10219
7477	115	4061
6103	205	8122
7130	80	6869
25188	47	4903
3315	173	24524
23918	209	22184
4042	115	369
311	114	22799
25416	1	23407
1613	1	508
23134	108	8874
3084	14	2902
5405	62	24851
8863	115	6904
3052	115	7310
1192	123	1149
22372	206	8454
8059	209	2620
8865	108	9412
1318	204	8565
4988	174	9619
7941	80	9623
22380	106	23375
2822	80	22733
10448	5	9309
3717	115	23822
6620	24	6563
2416	133	24491
3786	114	6112
24772	115	8189
24004	123	8810
103	177	24730
24978	13	23287
8	24	24998
2085	204	3567
5709	62	4066
21956	133	367
23337	206	739
5592	80	6023
9407	115	2995
22987	72	5979
23023	133	7349
4199	177	6869
5663	123	8630
7573	115	9610
6050	209	25145
652	1	1070
3036	210	23432
7959	39	21953
3023	209	373
22731	115	9018
10184	206	24972
23178	62	22108
23744	80	6869
1350	183	22722
23961	133	4971
21507	80	24982
6005	80	4790
5070	115	4775
21085	115	2297
4953	209	21226
3418	209	9110
1382	173	23003
2298	108	4716
2134	115	21789
1693	133	4688
23543	154	1937
6067	62	5635
23931	123	319
21823	206	2503
21182	123	2158
8348	115	9527
23917	38	5603
3961	177	3245
22903	115	4878
5395	1	23407
2852	62	24255
3247	80	24110
3484	204	618
10265	173	7280
23290	115	5920
21808	123	8992
2184	1	24007
21954	204	6599
24422	133	24540
22574	1	508
8117	209	7269
5228	93	4519
5890	133	6869
278	24	4790
21827	130	22942
22097	133	4971
21899	123	4744
381	57	6484
10483	66	7787
22575	146	21217
5639	92	1944
6116	115	21800
22079	115	9909
1109	115	9619
277	103	85
21452	133	6869
10153	183	4730
21053	38	9076
9887	35	10458
6522	115	8999
23815	115	24445
1211	115	2666
6608	209	4809
7679	58	10213
21330	160	9100
7471	115	24727
5261	209	24866
9285	103	6297
3925	206	4944
21932	131	6805
10191	146	8986
4408	26	23166
163	53	22137
1382	115	1823
6776	131	9674
2727	177	6869
6730	80	2566
8480	115	1004
9716	115	7638
23792	115	8596
22647	130	9580
8172	58	8659
5224	80	4610
2459	1	508
24659	123	973
8860	160	9100
23379	62	722
23794	143	21024
23407	177	2566
4835	82	4043
23165	39	22708
492	26	9266
22847	113	24871
21604	115	2296
5626	206	4704
9413	115	21697
7591	115	22352
7244	204	6599
3924	115	2455
5781	80	6430
22226	183	921
9552	106	24828
9144	103	22478
22934	80	24540
2932	106	9152
22987	133	3245
21370	180	8045
21299	115	1276
9001	115	6126
25061	62	23452
686	39	24881
10100	115	24758
7139	123	9619
8796	5	269
2592	103	22992
514	106	9528
25080	183	4166
2590	115	22403
3836	108	5030
8062	123	8621
9785	38	7044
1507	80	1515
22548	62	1670
3591	123	777
10324	115	4264
33	72	21015
8489	115	9585
23588	39	6058
3481	80	2630
21442	108	9228
3145	149	5063
9435	149	24448
958	143	21314
2579	131	22830
3090	22	2566
134	62	21741
21057	1	22768
23684	173	24850
2642	115	4771
4641	115	23150
23954	115	378
8865	62	5325
3292	115	4991
1108	80	8874
25160	62	1284
22129	173	5607
8433	80	9503
8227	115	1306
1167	62	7561
22534	115	24758
3307	174	8172
22606	160	24778
3395	209	4468
7625	106	9131
10090	204	2727
7566	215	8031
8416	114	7454
5737	80	22621
24544	115	10045
7492	200	10318
7162	174	35
3429	206	695
25002	93	2096
25191	133	24926
23983	115	25038
590	115	21813
10440	123	7861
5159	206	24855
3645	72	9663
4171	115	1618
9915	174	24766
2372	204	6138
5133	115	23708
21457	117	277
21174	76	22621
4068	62	6018
5396	133	2224
2705	143	273
7848	108	24536
9249	203	21915
7021	6	22424
6611	106	3792
25425	76	3692
10299	80	1136
2576	115	1301
6635	133	68
24887	183	21981
23810	146	24275
23241	115	2452
1311	80	24163
24123	209	189
4814	146	23507
1824	187	9184
25041	179	1437
495	183	6937
5815	206	4898
23696	204	2727
8182	80	504
3496	1	1070
5910	14	372
7961	123	7685
24544	115	839
3312	115	1892
24278	62	784
2027	80	22221
24833	80	367
4357	78	6542
9622	62	6062
21307	204	7874
8928	1	1070
23599	115	7381
24994	160	22294
6525	35	9309
2202	183	22968
3704	204	466
24555	177	7900
24994	160	1458
9124	142	9412
2519	133	2566
23119	1	6147
1464	133	6563
2272	123	4285
6580	24	2532
23189	103	362
2809	80	9334
1890	80	9689
21527	115	4708
9068	95	22803
4224	173	5986
22247	133	23169
5220	115	24392
24054	130	6275
4275	180	25206
6240	123	22121
9880	108	24998
6979	82	8650
21269	115	3963
9171	173	24564
48	80	1136
6216	22	2566
4079	108	5030
5526	1	7867
22605	115	8665
21573	123	1209
7283	183	1723
1994	80	7900
8876	62	3541
5071	75	21544
22434	115	2995
7605	62	23379
23616	106	8349
1156	177	2566
1406	210	4749
22459	115	8347
10215	115	24922
7425	1	778
8382	173	314
804	108	9412
642	82	8585
573	123	25244
1252	192	3739
23282	210	869
9406	1	23407
9003	115	1301
21558	108	21522
22169	131	9414
22602	80	24448
756	126	23941
8997	184	6969
22156	115	1389
7320	62	10380
3284	173	22348
1721	62	22548
6332	115	21668
9984	80	9623
23771	209	3401
25081	26	24091
9551	115	24818
9546	80	4829
22282	130	3349
25476	204	3567
978	115	3973
9088	108	69
10040	183	2756
23533	200	1772
5382	133	2566
8894	170	10025
3018	115	9553
22102	103	22382
22110	123	25410
25419	1	23407
7587	80	3944
7818	151	9618
3926	115	6084
5156	80	22137
10317	72	5741
6733	209	21171
7716	80	2566
25020	108	9412
24240	80	25498
1753	80	24563
4159	180	7269
10360	123	22908
24489	115	3590
21405	123	4900
7072	174	24583
7698	114	7630
2771	206	7028
2198	133	6563
24088	174	22163
21497	62	960
24828	106	9552
794	204	24951
21965	53	9309
1203	62	955
2918	80	6869
24438	133	8027
9986	123	24564
283	115	24513
4402	183	22276
3285	39	9103
22776	78	24072
4859	1	1070
5106	62	2546
1241	209	21254
9752	204	5175
6250	206	4817
9864	206	6923
7230	80	10301
7913	115	3330
22846	173	2711
221	80	6869
8539	108	9412
6095	115	759
8082	130	22801
24117	80	3095
24270	115	9598
2292	133	7349
4450	123	6419
4590	115	649
3301	102	23922
23454	115	22611
10005	115	8366
23067	62	7838
9393	123	7861
23251	93	8196
2912	76	23554
25438	115	6503
21647	206	672
21541	115	9279
5789	72	2732
22175	123	22567
4187	209	8417
8258	95	10444
7146	115	22022
9487	26	6158
1470	133	22819
6844	133	4790
9051	115	2859
5189	157	8950
2563	5	2566
1044	115	22824
792	200	7984
8951	130	21220
7273	115	7150
8840	173	2396
8844	108	9228
1155	164	1684
2706	82	2373
7123	115	4317
9725	106	7793
22988	115	10045
6228	80	22062
3410	123	5028
9152	80	24448
5782	72	24346
9235	103	5461
8042	115	23316
7449	95	23015
4930	123	2329
673	115	25164
10072	174	21495
4906	92	23246
21294	131	22114
24647	62	10329
7728	80	830
6646	80	24540
3021	103	3783
24230	123	1610
10276	62	7800
5855	93	9615
23623	115	25244
4166	173	4571
21343	80	6869
21899	115	21590
21413	123	24019
9838	115	24774
2077	206	21235
22254	206	23761
3362	115	23708
3414	173	24539
7336	95	2920
8203	115	2749
4854	115	25231
2756	174	9754
7838	108	9412
2994	200	23167
4461	173	5997
7573	115	9371
2637	62	7914
5042	115	25159
8006	123	23996
8651	146	24275
8089	173	10001
5591	147	24734
5289	80	24998
4171	115	7888
23609	115	3293
10225	106	25211
22670	115	9454
7204	1	6147
6106	123	5401
9717	80	2224
6780	180	4565
6059	143	43
23697	106	23902
8649	106	1834
1046	115	2750
8867	115	6567
1233	80	7522
22455	1	5851
110	209	1800
22528	108	4790
24094	72	6044
9076	58	24578
9845	38	1772
3752	133	2011
2494	174	2238
21431	62	6754
8757	206	24630
5553	93	3
23449	1	1484
2485	115	7150
3419	72	5582
7890	62	2137
849	115	21815
2835	103	24146
4305	149	23608
6316	90	9780
5530	209	5994
22039	115	7380
1614	115	3446
21399	146	4303
2793	115	3375
1478	76	21965
2457	115	263
21824	80	6785
4512	173	6706
25041	93	25188
9882	106	24213
1260	1	508
25090	143	3234
2764	115	4426
23445	115	3427
2220	80	9481
5189	177	9028
9033	194	21760
23862	62	2404
21382	115	23124
1859	115	7515
24513	203	8029
24332	209	3206
3	206	9892
21573	173	7685
6608	173	21839
7216	205	24286
22719	204	6138
7099	131	5149
5400	80	21136
254	18	6138
8776	204	5869
9212	184	24791
5633	115	24041
4652	205	24170
9297	123	9606
23197	95	22886
22264	130	10237
4587	95	22225
21407	160	22294
9920	72	5493
1292	160	24239
8289	205	25161
24179	115	9468
375	115	6028
9977	80	21522
1792	115	25197
941	209	5733
3862	103	8597
22819	150	24901
24887	174	1093
7435	80	8679
7955	29	22437
9900	80	2566
6304	1	24591
5135	108	9412
1920	115	24289
6936	123	22348
24777	115	1301
9904	80	7962
441	62	21179
2632	115	4478
24950	200	5172
6742	209	3363
21446	95	4040
2523	160	6769
3075	103	9587
7428	209	5750
6831	12	23426
578	173	9619
5286	72	5596
21542	115	6236
5652	63	9637
3728	95	9294
25082	95	2834
116	206	21710
4604	62	21593
21971	123	10242
4749	123	22092
22331	133	6961
22754	80	24163
7324	174	2238
4681	108	9412
309	131	8880
21857	133	2224
25096	204	2727
24156	80	2566
5567	106	5524
8713	80	8703
9682	106	7784
5117	206	176
979	80	7349
22154	115	7898
6253	62	8291
5376	115	3618
23445	95	10131
6240	115	22403
22323	209	24608
3945	80	6869
2002	183	1630
7049	93	21394
2162	205	32
9962	170	22251
10272	62	9487
4231	123	1681
7697	80	6869
5232	123	5003
4339	133	23397
24187	115	25162
24449	108	24998
6381	115	4734
24186	215	7082
23199	80	2566
8988	58	9535
3489	115	6255
25222	173	24830
21618	205	1453
1020	106	7547
22014	115	4465
10082	80	1136
8329	108	743
9230	173	24125
22319	205	979
7594	1	6147
23527	166	23037
5230	130	6275
25183	115	5974
2818	131	309
24051	62	1103
1528	106	7511
1539	62	21431
3932	174	5172
295	173	22159
4767	131	991
7648	72	21275
10021	108	9412
25135	123	4330
24773	80	2566
9948	39	21112
4350	173	2789
24382	92	24485
22768	113	6096
8769	204	7874
6930	80	22749
8751	72	22527
4293	131	720
7009	80	1983
21484	204	7054
1021	93	138
21562	115	9153
21525	80	2224
6522	209	24344
22900	115	1102
9607	115	3029
1166	115	484
7355	209	9081
23068	209	7972
9946	115	23909
156	106	24273
2445	95	21655
1780	95	22225
23981	115	426
9921	123	2675
24332	123	1763
5892	62	24573
8174	80	8003
5266	173	2557
22969	80	5041
7878	206	2503
24378	131	6163
7910	62	24205
7570	173	9158
10071	205	7484
9199	123	21537
21203	115	6035
4703	115	22352
676	62	8351
1490	123	25339
6616	126	598
9643	80	23216
23155	62	4471
7402	160	23458
1536	90	5203
5008	106	7699
631	160	24239
24628	160	23458
1205	209	2572
22644	115	22584
4210	80	1247
6230	193	24337
23601	210	9941
5364	106	6411
2281	14	9960
23154	206	24400
4746	62	1846
9958	173	22653
6523	115	6393
6372	5	23308
6129	115	10127
4584	123	8621
5244	149	2694
2527	123	24814
3229	123	7592
5771	115	4708
7727	95	8265
1766	115	8033
8722	115	21813
5388	183	25486
6547	205	7940
9738	115	4791
22489	62	22523
3452	123	24609
495	173	25392
24179	115	1932
807	62	5023
5112	95	3263
2806	123	21108
9585	108	2694
3289	146	23810
6979	206	210
484	80	9623
22480	115	21283
3265	80	7900
2610	62	21577
22586	173	23277
3360	206	287
5211	210	23186
4261	160	6769
23418	205	10023
8399	115	10085
448	115	1197
24033	115	23122
5803	115	22426
7681	115	21557
9871	209	3573
4130	38	1034
3691	130	5997
22318	206	624
2638	160	24778
21015	80	7272
24925	62	2170
450	131	3350
25139	106	21617
24542	209	9852
1231	160	9603
22057	39	21645
24601	80	22601
4977	126	24288
23178	62	4918
2941	103	21394
24404	80	22116
4750	133	23308
4530	1	6147
22483	160	9603
8630	80	22733
6837	133	6023
25352	95	5136
23855	102	2881
343	103	2564
7538	108	2694
5635	62	553
9519	204	6760
23295	80	22666
8558	115	5613
21179	62	21333
21483	80	9849
10422	200	23257
7773	103	3021
2290	123	23515
8574	123	22163
6497	133	5299
24387	133	6869
5016	133	22424
10250	80	22733
7435	24	8679
22312	80	22589
9531	143	24665
600	62	1079
4788	62	5595
9276	80	9481
3469	80	1515
22164	143	823
2337	62	6754
23034	62	722
21785	169	9797
5377	80	2224
8900	115	4264
21960	115	9372
9893	1	24007
10297	209	2329
22453	80	7201
397	38	25165
6177	173	25410
23716	123	1530
7346	204	5071
22749	129	6023
6085	115	3674
1613	115	21629
2586	204	7874
22647	174	9580
6506	106	6481
22387	123	7193
24479	93	21690
2139	191	5530
24432	80	1893
25369	106	24513
23470	108	9412
2251	206	3727
3072	115	3908
2880	58	3349
25392	38	9019
2410	80	2630
3873	102	6769
5122	108	9412
24354	205	4915
21598	5	367
1560	58	9821
10358	80	8631
8862	115	5022
2050	115	21487
2840	212	23671
5040	62	6890
10197	173	10
8685	173	8984
23825	115	3527
6635	106	24048
8543	106	10029
2154	103	4328
7499	39	6058
4724	80	6869
2168	1	7867
22959	115	23985
21873	133	2048
4754	115	23339
22934	206	7057
46	170	9691
25217	209	6717
4028	103	10355
1286	116	22749
21882	80	9623
6535	130	25497
10019	95	4900
21829	115	6845
2187	133	7834
1196	183	5723
8395	80	6120
8822	95	7221
598	126	21350
21907	95	7585
24475	133	4971
24914	174	10318
22339	80	7349
25012	115	5422
4833	131	24579
1893	35	6430
4593	204	7054
9593	115	3558
3456	58	5172
644	160	9100
4498	26	9436
6968	130	24766
2106	13	21704
23104	58	21134
8476	174	2920
2736	115	5986
1739	160	9100
9510	131	7400
8737	80	7238
1084	115	21581
944	115	9310
5681	133	9623
22354	80	5669
6474	123	9592
22390	103	9993
25069	108	9412
4233	125	6706
8625	133	23059
8665	106	23257
7627	80	21395
5193	115	943
1476	80	1136
10022	215	5177
21832	1	25468
248	115	2296
23042	80	3012
21505	62	5135
23739	80	2566
767	209	21132
8553	115	22627
1613	115	4882
5126	115	306
9813	173	2238
23359	173	21417
21681	1	7867
3509	108	9228
605	174	8293
22476	191	3927
9383	209	3206
24902	31	9695
2814	160	23458
10409	206	21602
5380	58	9535
6990	173	2039
10377	115	9853
4453	206	22421
2995	80	25484
147	62	7315
21469	173	7427
8265	58	8775
212	80	3944
23616	206	3928
21436	115	1754
8213	1	508
5543	174	5997
9298	200	7042
22637	174	2711
2264	62	22757
6786	80	21395
4394	164	24202
3595	80	6023
22443	80	6869
4254	143	8106
4745	174	9019
4446	123	25497
25444	205	9032
1650	1	6147
25188	72	23630
21769	183	22615
9963	115	1261
21311	62	9812
23352	1	24007
4079	180	2289
126	115	9147
21253	115	21343
24389	131	911
23285	62	2448
4521	80	9846
8832	123	5620
2962	25	1884
9477	80	69
6829	205	8187
1773	62	23034
22676	80	367
3274	115	25197
25423	160	9100
4180	115	21217
7835	62	7757
7060	106	21355
8499	174	191
8997	115	23404
4444	173	9356
2248	80	22761
25010	204	1156
24198	115	23547
4125	80	6869
8138	78	22140
24804	209	189
24241	206	25315
5635	62	3020
9452	115	8437
21203	1	7867
8247	106	1542
8995	133	7116
7837	209	4213
5525	206	4898
9740	143	2612
24317	106	3720
8677	95	3263
783	174	21926
24020	115	24020
5767	173	9934
3900	115	24432
2388	160	9100
8180	63	8837
9382	115	22280
5859	39	21073
6921	133	6101
221	133	6869
7504	76	5774
7509	133	8874
9272	93	2118
23359	123	21417
4875	206	21448
22311	115	902
2113	205	8502
21962	80	2566
25143	206	22372
25429	108	2694
24483	95	21548
22150	115	7863
10274	173	747
6312	80	2566
7561	62	5709
4913	133	23216
24033	115	1817
25423	151	8775
24997	76	7820
22214	95	3583
1203	108	9412
8686	206	23038
22310	209	6352
6597	80	2566
8317	106	875
8430	108	22579
5893	106	1567
6166	209	23812
2029	205	25246
23712	80	8161
9615	179	9541
6844	103	5280
6876	1	5447
6354	108	9412
6153	115	9494
3952	173	22189
8732	115	7612
10296	133	24982
22497	26	23408
6673	38	2826
3820	80	6642
774	190	7554
785	80	8703
7490	160	23458
9821	80	1515
8734	131	23847
25408	115	24513
7584	62	4967
6319	115	2489
7678	123	6614
2367	200	7754
10253	80	22137
85	93	1010
7793	93	8270
3700	62	22523
4108	206	7713
9411	160	6769
10496	1	22768
4226	99	1664
2221	206	22067
22653	58	8293
21200	183	5417
2417	149	9007
21827	174	22942
22266	93	21507
7217	173	8818
5128	106	22725
8429	62	9661
4415	173	5412
2913	72	22812
25086	106	4651
25361	106	4112
23748	115	23594
4242	95	5136
2914	209	1549
7973	90	7658
23676	123	3317
8272	115	8182
2115	174	1681
2536	123	6628
24818	146	7409
24732	72	22172
21644	53	7463
10049	123	7985
3151	133	9875
3696	1	1070
8177	1	1070
3742	115	21303
21267	123	21171
3040	206	1218
9154	62	9063
2730	26	2713
21054	133	9071
23837	174	6956
24642	80	2566
5592	106	10268
1159	1	1070
24756	191	24713
5871	115	21429
24683	1	508
21639	198	22799
23371	95	2519
23953	1	1396
8571	204	5071
23319	103	6959
23065	80	7900
8368	115	16
5083	209	747
21268	26	23166
7112	62	3605
22939	133	6023
24933	39	9066
9558	115	9690
6068	108	6669
24276	108	22469
1715	115	2222
23550	80	9623
9265	154	9071
133	133	6622
7712	115	4292
24250	115	8856
6952	115	10057
22815	106	21727
21350	39	9103
1439	206	10261
878	205	25161
23171	206	7427
3384	160	21905
23867	180	25040
6515	80	6869
7905	17	24622
6100	78	4502
5211	174	23257
1425	123	21276
8105	205	21868
434	80	24998
22531	115	3682
591	206	7762
21578	24	8906
6167	205	25246
21652	173	22376
23856	210	7113
8167	209	23866
21867	183	23986
495	130	3571
24550	209	7617
3020	108	9412
4975	14	6845
3393	115	1880
3231	93	287
3923	1	1070
21087	143	24788
23387	115	24297
7622	206	5689
2580	115	21916
5768	95	9294
5827	80	9412
383	115	5520
9088	108	5063
9166	106	21033
21506	80	25274
518	183	1168
2153	80	7796
5731	180	1
10269	133	22424
25292	133	5063
23788	62	5570
23335	115	3285
1595	62	21311
357	183	551
919	206	3862
9324	209	7709
6478	103	8395
10137	183	5211
24651	189	7630
5962	38	4571
1989	93	3752
777	80	1247
9431	38	24766
1909	143	8316
22143	205	8502
1585	115	3878
9076	38	24578
21866	174	22092
1906	76	7305
1025	45	21383
451	106	451
21894	131	6776
2433	115	23962
3142	62	9154
6516	115	2403
4961	115	3963
21471	209	22865
21613	209	5069
3242	39	21675
4604	62	6489
22476	133	6869
1456	115	2750
1217	133	23979
7518	80	2566
24401	115	3450
1015	80	6563
24588	80	69
1952	203	1052
8163	115	6893
9626	115	8861
7227	133	4790
21908	95	3263
24742	205	21989
6087	1	7867
24336	131	21344
21722	206	22059
24455	160	1458
9934	80	2566
25022	133	830
10092	95	3778
7705	174	35
24769	173	24564
9621	133	2630
23863	115	22748
1202	115	5265
21694	160	9603
5054	108	9412
675	209	9937
9892	80	24448
25153	115	23600
3865	206	6774
25183	115	2172
24273	93	21165
3947	1	1396
562	146	21513
8667	160	24239
10176	80	6023
469	72	22645
6317	205	24162
24680	133	24448
23371	205	9032
3274	173	4568
353	80	25050
23076	133	6023
25124	173	6758
3456	204	22256
9755	130	2711
8202	206	23467
22720	115	4478
4660	35	25077
4110	115	8322
4112	106	25361
5024	206	3556
23196	177	3124
24591	105	24815
8374	80	22749
9618	80	653
9573	206	2892
775	22	2566
6706	72	5640
21990	115	24774
6065	123	7580
7149	14	24292
10265	115	22543
23569	106	21303
8710	82	21275
23714	108	9412
2660	204	21189
2823	123	319
21440	115	23317
7702	35	7451
7779	180	24269
22110	174	21495
7889	206	21563
21557	80	22733
9424	62	7604
2640	133	6869
5821	143	9856
21144	1	8049
6623	80	1247
8251	115	22813
6689	115	5404
24808	106	22352
21417	90	6081
21998	62	7826
8762	115	5303
1528	206	8540
496	160	23458
6324	108	9412
5673	80	7962
22042	183	21827
10288	115	4005
24434	115	9610
9968	174	25497
1101	173	4568
9910	115	1826
23048	80	6023
9820	166	4610
13	204	8252
6723	209	531
147	108	9412
23276	7	22723
8788	115	10001
24853	115	7744
9726	106	23467
7010	115	7979
21491	115	1681
24373	206	22059
23733	143	1446
2654	115	4775
1448	35	7575
5993	103	2491
3917	80	24118
23803	133	8592
22581	26	2645
23001	115	21127
6830	115	21229
10409	133	6101
21327	173	9053
2166	62	5928
4704	80	2224
23333	166	721
23675	115	24564
1987	26	22309
10222	1	1070
960	26	8602
5475	131	4902
23204	82	5589
3463	106	9559
7172	131	9945
5095	183	3535
8604	1	508
21146	200	25350
10249	53	24163
23245	174	3640
24615	169	23134
7663	115	9494
1440	209	6901
6079	81	1481
6307	174	5997
2542	115	21921
6478	80	6120
5550	206	2655
5225	115	1184
1751	1	6147
10034	62	9839
3013	58	24180
1571	209	6843
9645	204	7054
2827	204	24958
10422	204	24951
1355	115	4145
4091	197	22134
3734	210	22400
10032	131	284
1381	95	855
6242	115	3427
21440	173	1346
2098	108	21395
23709	80	25050
9094	115	5239
22100	173	23598
1737	1	1070
3290	72	4871
21898	80	23747
4283	80	5777
25375	204	7874
7447	123	2675
5322	115	3618
23370	80	6101
7261	123	189
3319	115	4317
1016	136	1515
904	123	23476
24069	180	7629
5832	115	21949
3065	103	739
2949	106	4267
23692	133	9623
21021	95	5136
5512	206	3000
7431	106	5539
24632	115	6213
6634	72	21127
4238	209	372
23585	133	9309
25119	108	9412
9783	123	2158
9879	115	892
2235	183	7862
1183	108	69
3292	115	5938
793	206	8299
1658	115	21999
9350	80	24077
8214	115	4775
1787	39	7030
7804	80	7323
8762	205	10038
22054	72	10338
9022	115	439
8127	143	9160
4703	95	6740
8988	80	4085
23666	130	9059
4908	39	21073
21488	115	22515
4998	205	10038
10017	115	24732
25153	95	3778
3468	205	24719
21749	1	5625
9651	174	8665
5530	115	6033
5980	115	8195
3141	1	508
4454	204	3567
21609	115	7298
3926	115	23893
8960	204	6599
22532	115	22476
7326	123	9053
24820	133	22819
1650	115	5138
23956	133	6023
6909	206	21719
21978	206	5941
3863	108	9412
942	206	2214
3165	80	2566
7347	204	4329
23475	204	8252
4190	106	24468
7307	53	5816
6718	130	2920
25120	115	4385
6570	173	7903
596	130	25497
9150	62	4284
5291	206	21949
7315	62	23905
6403	204	1156
9439	183	25225
4277	209	500
1728	160	2382
23977	123	5950
21977	115	24473
21947	206	3771
22657	115	6842
218	108	9412
10094	143	23275
4184	123	3460
22891	180	23833
21601	115	2072
21292	95	6301
3337	131	4053
25269	95	22216
22029	12	3572
2538	108	9412
25398	67	9412
4123	173	8630
8773	62	5635
21474	38	7984
21389	123	9296
23220	209	1087
2328	115	306
340	133	2566
8087	130	7929
21115	1	1484
554	133	6023
3825	133	5669
2506	115	4928
619	209	7592
648	206	24605
4923	204	23473
24201	115	22120
1721	62	24363
9080	115	6126
2508	123	1681
23614	206	2850
22800	115	2063
1406	204	21189
1197	133	2566
24101	209	2960
25168	133	24651
22224	106	6280
7686	80	2566
9261	7	743
495	174	25392
24699	115	21798
3420	53	22037
4672	115	24727
10386	62	6449
25416	115	5060
9575	209	8607
368	173	24303
3873	102	9100
1176	115	10359
2389	115	7661
7720	115	512
8278	106	1354
22665	143	21453
3302	80	23308
8968	103	10218
21955	123	3438
23217	131	4630
3543	173	2468
7494	206	21103
8205	115	5239
629	143	3090
6750	80	2566
5191	1	508
4159	115	2995
6378	115	6628
5115	108	9228
5069	80	945
4748	136	4160
5368	123	2675
22205	173	8881
2496	115	23177
24014	26	9266
22867	62	4604
7993	80	4995
8079	205	21575
10055	115	21415
4639	62	21333
8117	180	4565
5122	62	2730
8964	115	469
8498	206	8092
6896	209	21521
7618	108	24998
21637	115	3579
1455	115	9250
22661	115	21557
21838	115	9791
21926	204	3567
7219	200	25298
3847	80	24448
21403	80	7900
10014	160	6769
3529	80	7834
8363	183	6330
3544	194	2870
9393	115	22824
7348	108	9412
7022	80	2532
2091	115	9684
9065	115	4145
844	95	1059
6265	80	2566
23599	115	5382
21940	62	1988
4756	123	209
9285	93	21313
25320	80	3796
2711	5	24803
6957	108	8906
5192	103	1840
21501	93	7108
9764	108	2694
2935	206	4222
25254	173	657
23563	35	1399
5137	123	7193
1239	62	3662
21955	115	469
6586	206	8531
7016	66	4267
3839	92	2171
3623	173	7484
7418	210	6370
9013	173	10258
24492	123	1034
3364	123	3137
1705	204	2727
732	131	5950
4635	115	5724
3130	26	9266
6573	80	2566
5510	62	5735
7461	160	9100
896	209	5572
5127	115	6826
4518	123	7903
2864	123	23180
22135	80	21346
21185	1	508
360	124	22437
23835	58	7
4393	26	6158
22344	62	676
5139	123	24286
2473	115	5422
1203	62	2907
2262	206	9546
3246	209	5467
1992	62	8996
22361	146	4188
5110	115	732
9500	115	3252
2598	92	21513
287	149	9846
878	1	1070
23835	204	8252
1015	93	22372
22113	115	23279
7281	206	9241
6892	115	8058
4545	115	25240
23050	115	21590
8869	210	8019
24559	80	5041
165	115	7462
9733	53	113
104	206	10174
2362	209	6540
910	108	743
3926	115	24096
2781	213	6097
7584	26	21224
8316	123	7754
4102	160	9100
3829	115	6402
5317	115	21800
21699	62	7584
3963	80	5141
8176	22	2566
7472	115	5725
23334	24	4790
22857	160	6769
21947	203	5178
9524	219	7430
5346	115	23594
24171	39	21073
10430	115	8024
4239	143	23194
3414	95	6301
21344	131	1461
5457	152	1983
9984	80	743
6030	72	6093
6895	115	5152
24147	1	508
3521	39	2456
21188	143	4449
1494	1	508
1428	115	24513
1468	200	6275
5644	1	23776
24048	206	3818
22110	130	21495
23775	123	25497
24047	123	9107
23837	143	776
1239	62	22378
2685	123	22013
5740	123	1387
9820	167	6869
9513	95	8045
2818	131	25489
525	115	1799
10389	95	6104
4544	90	6886
2465	80	3944
1502	173	22216
9224	103	25114
25011	131	22236
7223	80	748
10394	204	2727
23020	1	7867
5232	115	9682
24334	151	3704
24228	206	7918
1916	85	8829
5648	38	5820
7262	80	2566
22666	150	23730
10362	180	10359
4703	115	21798
7011	60	22723
2367	204	21968
24736	123	23009
24675	204	22076
10119	205	22216
6679	62	6511
4752	173	7975
24742	115	22991
22316	80	24491
4225	67	4971
7690	72	2790
25498	144	22629
9986	174	22801
6725	123	3137
4233	115	23176
4726	205	23706
4856	133	6688
4920	131	25467
3768	39	21841
7196	95	1560
3659	80	22137
4174	95	8265
21532	95	21943
4025	108	22469
24019	38	2920
3291	108	9412
8757	103	4612
7875	39	5528
24287	173	1373
450	131	9476
10077	62	24282
4997	123	319
23943	160	9100
1391	62	8140
9127	131	798
4644	62	23071
8427	204	7874
6808	80	6869
24059	115	23272
9701	115	4932
7044	25	9785
23165	80	24913
24390	39	9571
2989	131	10420
5500	173	9526
7771	173	9526
24698	115	8347
9266	35	492
9876	206	986
5840	108	24998
7197	209	22865
8873	115	8472
24153	131	114
6817	80	6869
8885	205	9032
2002	204	24951
23642	151	4765
22662	115	6877
23338	123	8858
21474	58	7984
6692	123	71
3922	115	22991
3924	115	24385
21256	123	2822
1318	200	22092
24994	215	25227
9725	206	8270
3067	80	4790
22036	1	9396
6828	173	2399
21040	209	4678
10353	115	3225
5745	115	681
2100	95	1340
1222	173	21605
22695	90	7326
1657	108	734
4951	115	22952
8281	93	1064
9702	209	5703
23036	5	3944
5386	62	4066
770	62	4321
23803	80	6869
2356	62	8236
8998	206	8803
24381	131	6390
25365	133	9849
23943	160	6214
8393	76	22819
8486	143	3122
1021	106	6600
3924	115	3579
24906	115	22825
1712	210	2515
4393	108	9412
23313	115	2692
21167	115	1379
23173	206	834
6887	115	24546
9895	95	23191
7021	177	9907
5697	173	3907
24357	131	1679
4059	115	4060
6991	108	9412
3347	72	25489
6157	62	3441
10115	123	22216
6431	173	7280
9086	160	21192
593	115	4991
23260	62	23228
24237	173	23481
22505	206	7918
24134	80	5299
6898	205	4276
24474	130	9158
2132	1	1396
7044	5	21778
23093	35	748
6046	5	3992
25016	160	2382
3865	93	6774
21051	62	2811
3304	115	7128
7542	115	25162
9108	115	9580
8979	95	8775
1026	133	8003
5664	143	8584
22693	38	2042
21835	76	196
9404	108	21395
23499	108	9412
24440	173	5172
5113	115	1301
10369	80	10441
24031	173	4944
8985	173	24960
21836	115	340
5279	95	6441
5061	173	24107
1210	115	7296
6844	80	4790
2498	209	5213
7203	180	7867
21862	183	105
7843	131	23819
7357	108	9412
6222	38	1681
1975	115	21415
25400	200	25298
5152	80	10453
21993	114	1435
2567	206	7887
23196	154	253
178	93	24143
1282	80	7349
5233	209	824
10009	146	1161
8328	115	4385
7719	72	23024
24399	115	6006
21580	205	5996
7711	90	8489
22773	131	21264
7505	106	21523
25044	1	508
1554	39	21927
9195	173	25244
25141	205	21868
8011	183	23340
24736	180	10251
8990	183	9752
9487	62	24010
24877	173	10154
10220	204	22076
22702	173	7288
5742	160	6769
21355	80	24448
6406	183	666
24046	1	7867
6718	174	2920
1344	115	7686
3874	206	9722
9208	115	6233
7663	115	21668
7428	1	508
6919	62	23096
3984	62	3248
1018	62	4664
1715	115	4624
21924	173	6880
689	204	2727
9651	130	8665
9961	173	3465
8333	1	508
7613	123	5290
2497	115	23598
21140	108	2694
7885	80	2566
4740	80	653
21184	183	2210
22087	62	9238
6402	146	5997
4042	205	10116
4546	115	9566
10116	80	7783
2460	93	3772
5865	205	8492
22459	115	7462
21930	133	6869
5785	123	1209
4365	160	24239
25190	115	2349
7014	115	24838
24694	106	7319
21750	1	1070
8520	115	2452
24848	180	2289
6943	80	23747
9857	133	10441
6131	115	9707
4617	204	5819
25296	149	24448
9057	123	5743
24683	115	10310
957	35	7349
24957	173	5986
24235	204	8252
5404	39	1095
553	62	9873
23475	58	9158
5945	80	22137
8685	173	7280
22330	115	2489
538	173	25410
5775	115	23004
24723	115	22557
9177	200	23167
7152	210	2975
4815	72	3593
23347	209	3847
3404	62	453
24910	123	4027
23478	115	22748
4773	115	635
6566	106	5766
23293	95	4735
2232	108	9412
24893	206	4714
21479	80	91
8490	115	963
21875	123	6143
3776	131	6040
230	1	508
10008	103	2154
2821	123	5522
5602	5	4790
996	133	8874
8823	115	6893
7781	115	2855
6229	126	6918
9652	108	4790
6835	80	6430
3403	115	8828
23230	131	2624
1911	173	2947
7944	173	3839
24400	206	10492
6087	115	23600
7257	95	7731
9738	209	4655
4578	80	6785
24087	209	3573
7547	80	23979
1090	125	8944
990	95	23015
7434	206	192
24725	62	8865
3758	39	5593
1453	80	2566
5139	115	21033
21160	95	6697
4512	115	1009
22365	80	1136
22771	190	6079
21364	76	7201
5658	133	6563
9064	115	7310
9549	24	69
1857	80	4523
8743	106	4062
9814	173	8538
3213	209	4655
8191	95	30
4447	1	1070
7397	115	1129
23837	130	6956
8914	80	7962
23865	204	6138
1419	80	1247
9239	115	2172
23262	180	8461
192	80	6023
10266	143	23946
5429	38	9059
2586	210	25049
1047	179	24110
4137	170	22382
809	115	10406
6291	115	23425
22789	39	9571
8272	115	24152
8717	149	23059
25298	25	3465
7407	123	4659
2181	179	1250
5372	133	6869
2346	95	8265
7566	151	4765
2132	115	5303
4292	80	22879
3700	62	6701
6762	115	5623
25318	95	5494
24377	115	3963
23849	1	23407
22120	133	5094
6733	115	25397
24470	115	6126
21306	80	23169
2773	35	7396
24714	133	2566
8349	206	9121
21606	62	890
4039	80	7962
3479	82	1387
5578	173	25058
25377	133	2974
22185	95	8775
176	72	5117
3131	1	6147
10230	133	6120
8171	115	8861
5978	173	21367
24390	39	24881
3280	206	24451
5440	115	3655
4551	204	5071
8449	80	6869
2805	95	855
3076	115	584
9785	58	7044
24095	106	2609
3308	80	1247
7053	148	6058
6231	123	23610
1740	173	22704
4576	115	5214
22335	80	89
9330	174	191
3567	18	7608
5258	209	7343
21740	174	9158
5349	173	1884
8563	62	4232
7436	209	9775
24660	115	6775
23823	206	2118
6211	115	6997
1082	115	4976
7974	35	23437
21722	133	6023
1873	115	10088
8424	143	5345
2420	183	22389
9856	210	9762
228	174	24578
7401	115	2219
487	80	21522
5943	179	5041
4782	173	8810
9565	80	7900
2153	179	7796
9473	133	24540
2621	39	6768
386	80	22137
1601	95	5354
2686	62	21998
8892	115	22813
4133	115	4093
10257	123	22695
6637	115	9018
21962	72	7150
22161	115	1644
3713	106	6567
24659	95	9294
6090	174	5997
21771	130	5921
8634	62	1879
3284	115	5443
6946	183	8769
3249	133	9481
15	80	22424
412	80	8679
2731	103	6972
6581	209	25145
23765	191	8566
21316	160	6769
4746	108	9412
22618	1	7867
8292	80	6869
9257	115	23598
21690	133	6023
6551	108	9412
7152	183	24393
6466	183	21867
8439	53	23873
2265	173	7743
1959	62	24977
2986	80	2566
7286	180	22180
9775	67	22819
1110	62	8388
8675	204	3567
4861	209	22695
21501	133	21123
22355	173	5213
9766	1	5706
24838	39	2456
9191	115	10009
23476	58	7042
5280	206	6844
1052	166	2566
23086	123	2335
23277	80	2566
7773	206	21213
10240	130	9840
3131	115	23403
211	108	9412
4007	12	21359
6478	206	5800
4539	130	5997
6886	123	7170
2584	206	8239
22033	93	22091
8090	72	21510
7717	95	8775
9446	1	6147
22122	173	9053
22994	123	24866
3572	39	4087
21381	123	5743
807	62	7691
7511	133	23216
6092	143	23142
9627	183	21215
24289	80	2566
25131	200	25350
1234	173	2967
23418	205	7484
21233	101	5209
2884	108	4790
8114	62	1846
24931	133	6563
21971	1	1070
570	115	7501
8498	80	23216
5364	206	21392
24710	115	25150
9129	149	23608
2065	130	5997
23754	130	2920
6172	133	8899
10035	123	2193
9846	150	1078
7218	133	8003
22552	173	22843
7176	168	4535
3295	205	23477
2045	206	695
22715	106	4034
4661	82	4694
24212	210	5972
6973	209	24134
24888	173	5245
2785	80	4610
21792	106	25313
22169	131	3387
3881	160	6769
3092	160	9100
1976	115	4037
24580	80	5094
6561	209	3433
719	80	21280
2316	123	6614
165	115	2692
21158	123	6748
4739	80	23873
24437	180	4683
23612	1	1070
658	173	3917
9248	115	22363
22372	133	6023
1418	38	5997
184	133	6688
8235	173	7374
7939	13	4536
21769	174	8659
24028	93	25209
6901	80	3245
23772	123	3317
4513	209	24240
7173	205	23401
22395	80	22037
23957	123	8562
132	209	2943
3313	205	6498
7406	1	1070
8811	108	5063
1363	143	23326
9581	123	6500
8568	173	747
23945	205	8914
6959	93	23319
1281	24	4790
22944	80	4790
10484	123	5868
5395	123	22567
21791	115	7790
6413	115	9553
869	183	21862
24645	123	319
7629	80	8703
22820	115	22224
1677	1	10286
3082	111	118
684	174	5909
23174	133	6023
9327	131	3038
22621	189	7454
24363	26	21224
2827	58	6275
22063	130	22149
22963	115	4139
7700	173	824
4657	95	777
6575	1	6147
8260	115	4304
21415	131	9945
7756	115	4599
36	209	1625
7066	123	4883
4131	115	23591
4494	115	23441
1683	160	9100
22767	115	21921
4839	115	293
1808	173	8727
23518	62	49
7167	115	2021
10307	123	5711
21863	115	9310
5568	115	24968
21741	26	5350
6176	62	9839
2848	80	2566
22437	154	6869
8076	205	23717
7420	203	3420
7034	205	8547
5019	106	1450
4759	133	24491
7894	133	1078
24205	62	3027
25370	39	1997
21655	5	2566
22419	80	1247
6804	134	6804
5275	95	25180
3553	115	6690
21917	115	5685
7165	123	23476
2667	206	3040
21431	62	7361
25079	130	3112
4326	115	10047
864	209	5948
24520	112	1185
6832	62	3605
24209	62	23516
24091	35	3043
2265	115	24383
10141	206	6505
4355	160	6769
25108	26	7357
6156	108	9412
5635	108	9412
24476	95	5081
21184	1	23776
4101	95	1295
24373	80	89
5617	115	5460
22276	143	4402
5700	80	5246
3607	146	3322
24153	80	6688
21776	115	681
6280	80	1520
6002	158	2670
3059	106	8599
1829	180	22216
10160	115	6187
3384	160	23458
5969	115	9527
21657	26	22309
9559	103	21743
6627	62	23897
9313	92	1438
10473	123	22567
3524	115	2640
9119	80	9623
24137	80	3817
21652	115	3682
6026	106	7288
10167	115	8338
23382	205	7333
2103	123	8541
21834	39	2761
22846	130	2711
7185	209	22955
2142	123	209
1001	106	22254
6002	173	2670
22367	72	21845
10293	123	1763
23343	203	7746
9667	62	6303
5652	80	2895
22709	80	4001
1225	108	8679
25084	115	6321
8979	115	378
21061	115	5197
23889	180	4127
23611	115	25174
25403	1	1070
21125	115	4038
9189	55	531
24107	38	2901
2782	115	1932
10202	129	24118
23769	209	2745
5377	133	269
22121	80	3245
4845	173	6275
6914	133	21796
5609	209	4568
23201	115	23591
6860	133	24651
24302	102	21726
24842	131	3846
25024	174	24583
6937	130	2901
6783	209	389
9088	159	3893
1916	129	8829
22246	126	598
5560	143	6966
4278	115	23441
357	173	9019
5267	1	508
22783	115	22839
1829	173	22216
4943	205	1453
24075	133	6563
25120	115	4882
8112	1	508
24283	80	1247
6389	95	146
21472	1	5625
9470	103	21400
1204	95	777
24398	1	4163
22227	115	7993
3439	173	2158
23645	204	8508
3721	115	23909
5465	206	24716
23427	34	7877
24756	80	6869
1959	62	10390
6950	1	508
3536	115	4917
9169	115	24191
22596	1	1070
24939	80	4790
151	76	4794
7053	148	1095
6146	173	4769
21618	180	2076
3902	210	3053
53	149	6869
23961	206	380
22852	143	4424
9816	95	777
23663	204	8252
4076	173	9158
8619	205	3739
8080	95	3778
3889	204	8252
3493	106	1447
21143	205	5996
22526	115	378
23857	123	319
8945	12	8714
3307	123	1034
24331	115	8195
6164	72	21482
10143	115	8861
1015	80	653
24592	80	2566
21289	1	2618
8774	67	8906
22474	115	23708
1598	123	319
1055	115	22015
8885	1	508
7555	115	7445
4248	115	5475
25137	133	8874
6496	204	24951
2837	180	25206
5975	206	25336
932	205	24678
4510	115	1682
9621	76	7783
7830	115	4578
21357	103	22833
6792	174	8842
24772	115	5460
993	160	6769
2047	10	4805
5693	209	22216
24569	72	8882
2322	115	23911
4998	123	4744
25138	14	21062
7766	209	24850
5961	115	8338
23194	174	22080
7347	130	23475
24725	62	23725
23846	108	9412
24468	206	21416
3851	103	1163
6080	123	373
7355	115	4462
2420	204	10235
3630	95	8265
754	206	6682
21500	115	5974
5762	72	21435
8617	115	4151
6425	115	23665
5515	204	22529
10005	115	5724
23796	115	4067
9947	123	3097
10386	62	3766
7578	200	2900
3512	115	9552
6231	1	1070
0	123	8992
1456	173	24125
1803	115	21479
25489	206	2626
8599	133	9345
24687	160	23458
21213	80	6023
3191	115	21033
22059	106	22460
21007	115	23229
3177	206	25479
215	204	5869
1658	1	1484
8650	72	5699
6567	72	1086
9534	123	24609
22421	106	23942
6372	38	7680
4884	206	3720
6779	115	22462
10417	106	5069
21110	123	4655
2898	206	2383
4350	209	2789
23141	204	6760
21196	206	3057
1470	12	6798
3319	209	1686
2817	160	22294
22384	115	24546
21562	95	9785
3629	173	3735
5005	62	1846
2946	174	25298
9037	115	3527
3952	115	4775
24269	80	23200
24935	39	2456
6298	72	6504
2755	123	5971
23505	168	5544
8487	204	5869
2780	173	6573
5962	5	2566
1751	95	21199
8527	115	3272
6955	92	3348
8575	204	7874
5059	143	23894
5437	115	5680
21007	115	6737
4555	123	25151
24301	67	69
4133	115	5365
22234	133	6869
6965	174	2711
22636	133	5669
1230	39	3511
2445	1	23407
2409	62	6305
22857	42	23943
4520	62	6588
6839	108	24998
23196	153	3124
8153	173	4568
25102	106	23404
9967	169	8908
769	39	8646
3782	80	2566
2299	31	784
673	205	21979
6682	103	754
1979	106	5100
7292	123	10339
25306	62	21098
1237	62	6482
640	80	24803
8152	115	5842
4966	204	8252
2556	123	23058
5551	123	8713
5731	115	3675
23498	106	24610
522	62	21944
7807	183	24619
8040	115	8415
23365	123	21343
24258	80	24052
22983	123	2176
24824	174	6104
2015	1	1070
21356	63	5468
438	209	3911
5284	95	777
3861	115	1233
620	115	21504
22681	1	1070
103	177	24857
8729	209	7572
2550	123	482
6664	115	6893
22395	76	22037
1103	62	5635
7935	62	5576
1212	133	2566
25215	108	9412
2975	123	1034
8417	131	482
6870	133	6023
1359	115	7931
5232	173	9597
25262	133	21881
8388	62	1110
4772	209	4701
2174	209	8992
1027	166	23342
10433	115	24427
25301	203	5896
862	123	6540
6279	82	4185
6345	204	3567
8201	80	6869
6685	22	6869
9473	190	6079
21623	115	3366
22155	123	21417
22501	80	22090
4229	173	22030
23400	106	4175
2870	105	4744
8673	115	476
7639	160	23458
25040	80	22043
3356	80	5777
21583	80	2566
4671	80	6869
6572	191	23782
1656	62	22757
5821	204	23070
2831	160	23458
565	85	797
21248	24	6563
8454	206	21322
2976	80	21136
23475	58	5958
24543	1	508
1703	173	25086
24279	123	5997
8498	149	23216
21732	103	23038
9976	80	8809
5843	103	23992
1377	95	9821
7020	115	2995
3432	205	5756
3244	80	2587
1670	62	22378
7507	115	4023
9176	133	2566
5858	90	24648
21273	1	23776
9253	209	7577
23675	115	22921
6342	206	22252
21248	133	6563
388	206	23711
1521	38	10318
944	209	4568
4951	115	8472
4983	115	25429
4779	95	3499
24898	115	6846
2573	62	6832
3131	209	4213
5807	39	21073
4588	115	5013
9366	204	3567
1284	62	6557
5158	173	9577
9438	115	9684
8439	15	4803
4755	80	8874
23471	183	22272
422	80	9665
3505	115	24774
27	131	5841
9191	115	418
8216	173	10485
2628	209	2902
24061	108	8916
10007	62	1987
1331	80	245
4651	80	2566
10228	62	984
2568	209	747
23171	39	23851
8458	123	5401
3658	130	21598
21178	62	9089
5061	173	22653
22823	115	16
3977	72	7143
10237	133	5669
24275	146	8271
23675	115	25244
9792	72	24081
5276	115	24764
1049	80	10453
2628	115	657
3408	1	508
6623	133	6642
7096	133	6869
5169	123	2492
21044	103	311
22301	115	10088
5540	133	2566
1735	173	22348
22039	205	23706
881	210	7113
746	24	8679
1542	133	8809
1610	106	3317
56	123	24493
23170	39	21675
6359	209	23286
3897	148	22437
6899	209	3887
3228	103	8075
24879	115	1618
25239	115	22476
3473	204	2727
22671	209	7084
22882	62	553
5269	123	3516
8964	180	4291
6845	80	6869
25439	80	24857
22653	38	10219
22968	130	2238
871	102	6096
23932	205	7333
9351	206	789
22054	72	10032
240	206	8662
21691	62	10228
21108	80	24163
7534	115	5303
8578	123	5028
24643	80	797
24303	80	69
21885	180	21786
1755	180	7629
4498	62	1589
23651	149	24520
21170	133	9849
24339	123	5950
1430	173	4411
8597	93	3862
9744	1	5851
9809	133	6563
5845	35	4803
1652	115	21539
23853	62	3142
2037	166	24233
5096	115	649
3816	95	312
22392	115	21999
8748	146	23588
280	115	5303
22039	115	4706
6778	123	6377
4644	62	6977
5955	133	245
21348	173	9577
10467	1	508
64	115	4044
23789	62	24681
4467	204	5912
7574	205	5201
3571	58	9158
8769	173	3704
2453	115	4986
2520	206	739
22903	123	8541
1292	160	23458
23419	116	24998
23704	108	9412
23368	66	24845
7265	80	22579
10090	130	22942
22539	115	5101
22125	209	1865
3479	93	1387
6812	115	369
22806	95	8012
9449	123	8102
8555	80	4610
620	115	6233
22060	205	21868
24361	80	8679
9868	123	989
2051	38	9076
5117	133	9105
2775	173	372
3081	206	9422
6043	115	4908
25209	133	4971
25165	204	24951
21729	1	508
10013	205	8502
8319	115	22991
4762	95	22225
819	82	24567
1286	78	10498
3882	160	23458
22622	106	5280
10054	95	9015
3823	1	7867
9400	133	2566
5578	174	21495
6701	62	3700
8193	26	22836
3505	123	21117
203	204	10235
3151	72	8988
2776	108	5063
25303	62	21178
24004	115	8861
9986	204	3567
8185	183	10072
2306	115	23215
4307	62	8609
23365	115	21343
24671	115	24968
4567	123	4793
3415	62	441
22775	115	9018
6830	115	7611
1535	204	8252
8078	204	5071
7017	39	21112
2	209	511
953	123	2827
24798	177	815
22412	39	2456
1595	26	8184
3635	108	9412
21371	80	5669
1030	210	215
82	115	4417
4106	108	9412
22287	115	2393
24882	204	10235
655	204	8485
6389	209	10258
3837	72	9041
8734	131	8134
8061	174	2915
9655	115	8691
6944	93	4908
5325	108	9412
2064	210	3237
25045	63	22597
1670	26	2645
22363	80	196
8923	206	4347
2085	204	3974
24315	123	92
23096	62	23895
21261	115	6028
23648	76	25077
22122	174	2711
24016	173	8414
21013	115	4034
4072	116	1247
24573	62	10077
4199	177	2566
467	95	4358
2251	80	9188
2024	115	21414
23280	115	9155
1298	115	21653
9504	133	367
4243	204	7054
4952	115	23211
24740	115	4769
1739	102	24555
3966	62	8144
23521	133	653
5500	115	6170
297	115	23224
3934	173	5272
21615	177	6869
1638	62	6039
2341	143	5747
8080	1	1070
6045	115	23708
21055	206	3472
6651	62	21911
4924	123	7518
4490	115	10416
7659	147	21123
25430	115	24106
3486	115	6267
1303	75	10491
23665	80	22137
23914	106	25203
3835	173	71
8164	209	6500
9976	133	8809
982	38	22092
3577	204	7874
23116	62	2036
6801	115	6610
9249	80	2566
1604	204	6138
1754	80	2566
21095	115	8557
3213	95	22225
1702	123	353
24984	108	4874
1585	115	5335
8118	75	22694
24789	95	9294
24252	133	6023
24562	80	22733
2796	115	22584
4849	103	21206
4130	80	3345
2201	62	1638
23579	180	3638
9837	115	6846
8204	206	1812
23576	115	8681
5161	62	4498
5507	212	23671
3621	115	24432
2517	196	23930
9619	106	4332
23983	115	9295
2152	80	7632
22565	215	22768
2236	39	8131
10141	206	9790
5005	108	9412
10409	80	22424
10076	58	9598
22612	183	4931
5841	206	6842
7490	215	5457
6935	184	4388
8293	80	2566
8794	115	21319
9491	39	544
7278	130	24524
24963	115	5734
21987	105	23070
2263	115	1892
8108	206	22771
2575	173	1947
22815	206	7804
1347	173	25086
1554	80	9623
23333	77	23333
2818	131	9619
3307	204	5175
9342	170	22102
4745	183	7317
1199	80	89
24042	173	7499
6787	205	24286
23069	80	6869
24069	209	5751
24843	26	23472
23288	80	21522
6620	206	7721
8735	123	5401
8376	26	23118
6946	210	8019
22854	115	6690
6707	180	9110
9076	58	21053
6596	1	7867
21067	39	23851
21937	95	7410
4819	204	3567
23049	5	6869
21244	1	1070
1215	115	24727
9036	133	7413
6540	80	1247
21208	204	2430
9252	173	24744
969	62	5018
21787	115	24852
22518	173	498
8682	133	9412
9306	130	7984
4989	209	389
114	131	2190
5839	115	4426
22407	174	2962
8209	158	5494
10178	149	510
21787	115	23569
8788	173	10001
10355	106	4028
4242	1	508
22924	115	7774
6318	143	1189
21031	115	23435
9670	173	21367
25056	206	7332
2503	106	23263
2239	115	22584
23643	115	2640
25185	102	22290
10402	62	22430
516	173	2117
7361	62	25347
9822	204	2738
587	80	6376
8762	115	8053
7431	206	21334
4653	205	2465
22486	209	21132
22470	115	6518
5614	133	5669
203	174	24442
21715	206	23565
4782	209	8810
22948	133	23979
7432	115	16
7934	209	5603
24222	62	984
2517	81	2532
23831	173	6455
4514	183	3193
4951	95	7731
24878	95	2303
3942	209	5750
22492	115	699
24361	204	8252
7439	115	6518
493	115	8816
23395	108	9412
1403	133	23216
6306	206	24855
3598	173	24770
23047	133	9875
5867	62	5124
10080	133	2224
9884	123	23515
3744	115	9279
8510	115	4775
10381	102	6369
4228	160	24778
1341	80	722
21801	80	197
21193	143	5425
21493	115	10162
23393	62	22548
6516	180	22998
2752	108	69
23654	115	4807
24613	103	21103
22679	123	23661
9594	115	378
22686	80	22137
6928	209	8517
10335	173	3687
4347	133	89
6792	123	21046
7146	173	2169
4450	173	2857
969	62	371
1406	130	22092
21075	115	22673
1604	204	21189
7935	62	2647
23897	108	9412
7688	133	9849
22814	95	3263
3216	72	4036
4441	115	6481
1949	106	24360
22899	173	2135
23427	17	1676
4274	62	22516
21564	143	3889
22857	215	22768
7155	149	7190
4088	115	4775
1766	115	7686
3673	173	9852
8445	115	3285
1875	123	3995
3603	204	5881
24687	215	22768
7881	115	685
22171	108	4971
471	115	1463
5670	115	3963
7379	123	21117
25375	183	6965
1641	173	22921
5123	183	4226
445	115	21415
23526	1	7867
3175	115	7186
24166	115	24546
22882	62	6067
4650	80	24998
6958	38	4091
21202	1	1070
8225	1	1396
508	16	1266
23618	180	7460
21814	115	21479
24371	1	1941
5122	62	3979
24478	106	8942
6565	206	6868
5335	80	1487
21396	108	9412
8865	62	23725
6331	115	9684
24230	115	9964
6338	209	10359
7072	130	24583
22235	133	22601
24343	95	24035
7871	115	22461
1575	24	22391
4531	177	5669
8712	80	4829
2942	206	739
3329	80	4790
753	133	8003
1428	115	3682
3570	133	6023
8532	95	9821
271	115	9520
23734	131	6756
5023	26	23429
2681	204	3567
6751	123	8992
22675	206	8522
6470	103	24985
2580	115	4384
5976	72	3895
24624	209	25116
6355	80	6563
155	1	778
7093	62	7112
22578	154	3245
10088	90	4537
21516	115	1608
9549	80	21123
24776	115	5938
23374	160	6769
23793	173	22998
4124	35	2357
21070	80	24448
7088	209	21171
9415	53	6869
5736	133	4790
21433	62	5735
8084	115	1181
3723	103	9299
4593	204	2727
5093	206	4880
5780	183	8210
4442	130	10283
1963	80	4610
24690	205	8239
10160	209	3356
10407	115	8548
5709	62	7561
24249	80	6869
6048	206	24610
6051	180	1713
21496	209	22686
21580	95	9286
25275	101	23718
25108	62	3415
7907	173	24176
5567	133	830
2688	200	267
5102	80	1448
3371	102	9000
25269	173	22216
2262	80	24163
2136	115	1004
6269	205	10023
2724	173	21751
23180	58	2900
21384	115	3950
5804	115	7255
3111	204	5912
7829	206	3367
4616	173	2936
9567	80	22601
8349	133	21796
3611	143	6681
24457	62	10450
21885	115	6818
6551	62	24925
4083	131	10333
4569	115	21539
7840	95	5354
643	78	24055
24133	205	8122
5794	58	9550
5377	80	3012
23172	123	5443
500	80	748
24482	115	24774
23724	123	24766
8463	115	512
21287	206	2891
23289	206	23087
23238	80	91
21402	206	23902
826	115	23506
21332	206	2110
6117	95	728
5568	115	8169
21969	174	25497
22414	106	3928
23331	108	10186
9886	130	2711
24488	123	24935
6572	191	21147
8085	173	4050
793	93	8299
22559	115	22839
4424	130	24583
22508	161	23458
3588	204	3567
21833	93	25360
2448	62	24647
21593	108	9412
1504	106	4691
6612	173	2683
2443	133	1136
849	123	319
1564	115	8398
21899	115	9563
24393	210	2975
9613	133	2776
1798	1	6147
879	39	799
21387	115	22236
6482	62	22757
23076	80	6023
8365	160	22294
25173	206	4342
1819	1	508
771	131	9850
3126	133	24448
3470	66	1073
24169	143	5417
1777	115	8681
22619	115	1276
6555	115	21463
5699	206	8650
21230	209	22443
2100	115	3062
24164	173	22695
22301	209	22584
9701	115	5236
6090	143	9522
9578	115	378
6561	115	25038
1354	106	8278
1142	158	2766
444	173	22348
5801	67	6688
8872	66	23919
23510	80	4790
6685	130	6275
9091	115	9932
7063	123	3995
7854	115	8879
9088	108	24784
24252	106	7816
4367	115	6236
1172	1	7867
21730	173	8818
22126	173	21718
1001	206	5294
3660	174	5997
22952	106	1104
21893	131	24461
6734	205	1436
25212	183	3611
23153	62	6185
4969	39	21953
6184	180	22216
23008	80	10441
1302	206	24065
9888	80	22733
25399	206	6127
21950	1	23619
302	206	24057
3899	95	23647
1614	115	23708
421	180	1813
24402	115	23785
922	93	4549
24255	62	2852
21924	115	7661
22591	123	6275
9912	95	312
4305	80	6023
2900	38	2826
8772	1	23407
24347	108	9412
2381	115	5603
5316	115	5640
22671	173	25086
5174	5	22221
2307	108	24998
23996	80	8906
6303	62	9190
2237	123	23004
6736	1	23619
22147	115	306
1548	115	439
7169	115	7750
3982	95	1566
923	115	8959
25083	173	9110
977	80	22733
5658	206	8805
938	80	22497
5644	123	7861
9500	173	6455
4254	123	2962
22566	39	9320
21819	1	8049
2053	133	4790
5172	38	847
5579	62	1959
1569	153	8003
9135	17	2083
3783	93	3021
22314	108	9412
8357	205	8502
6683	205	5263
7419	62	24196
7435	72	10314
9278	72	1179
10150	108	24998
10197	173	4027
4114	173	9756
10211	62	25007
6264	133	6563
1081	92	5834
23643	115	5239
23144	102	6214
5237	80	9481
5995	115	6818
24077	129	2587
4914	133	3245
1922	183	8451
2035	62	9516
4888	131	21398
2724	115	24668
9252	1	1070
5325	62	23725
5137	115	25197
10430	115	5443
9451	93	4929
8706	173	6026
22000	115	2697
2051	204	10052
8909	5	21778
21867	204	3974
23652	115	23006
2018	80	7900
1120	115	22807
3944	35	1983
10229	123	10213
629	123	8804
25183	115	1057
5518	123	1087
4209	62	8982
4872	133	23554
25259	123	24240
1869	123	1884
4207	133	2566
22137	129	4610
6082	180	1891
9631	115	1472
4186	160	9100
23136	13	21776
23879	62	21179
21443	115	23416
2798	108	4971
6110	209	10117
6751	205	1475
4812	206	25100
25073	131	8806
24438	133	9412
10226	80	22733
10369	80	23747
4772	115	24956
4401	108	2694
24887	173	22239
6684	62	8208
5499	123	2089
5844	42	23943
24619	143	7807
459	160	1458
8554	1	6147
1851	123	24705
2424	115	4939
3591	115	24297
24663	133	4790
25165	80	22298
21795	209	23515
7412	62	1165
7210	115	199
4769	5	7900
23351	133	1983
3768	80	1487
4096	80	8967
22207	62	8516
9637	78	5652
25448	62	23788
8253	5	2587
23651	133	1075
2243	80	9541
1872	160	6214
3977	72	335
23769	115	21759
24443	95	4040
21177	203	4968
22574	173	9953
307	80	5063
21173	108	7783
4961	173	21372
5095	130	847
9002	106	7747
5574	133	24052
2204	35	24110
22775	115	22834
182	173	10111
3042	76	6688
2169	76	6869
2805	173	9485
5016	206	23913
7660	39	9320
7258	115	4882
10382	80	5669
3408	115	23091
21130	133	2011
10021	62	2415
599	1	1070
9506	174	9580
23002	1	1070
9549	133	69
6523	115	24727
24312	115	4397
23848	80	24998
2926	133	1078
1394	11	6097
22040	115	6983
5178	166	23308
1584	103	6902
23732	40	23287
8489	115	23211
1900	106	6102
1894	115	4775
24284	190	3827
2005	76	69
7676	206	23289
6441	80	22733
22305	173	189
23876	115	4067
4272	184	8959
22993	177	3692
22773	206	21942
21387	123	24493
421	173	23390
8471	205	3105
24013	206	3977
8677	115	571
5188	173	24973
7073	39	6058
25457	7	24784
10336	80	8874
23476	38	21053
21807	13	8997
22615	183	23135
10415	133	10441
9700	173	6706
5784	72	8136
5713	80	9849
1228	126	9285
9659	115	25171
6517	206	21710
797	35	565
8656	115	9018
75	6	6563
25448	62	2637
21497	62	21396
24161	173	24815
23754	204	21968
8590	102	6769
2377	62	1103
8981	123	3904
24811	53	9309
22340	115	8442
23252	115	22385
7793	206	23453
24523	206	6630
23584	180	2076
4310	203	3852
6619	173	747
5755	62	10276
9094	205	8314
5738	72	7002
9160	143	9762
4629	126	769
2337	62	1495
8263	95	4819
347	125	7704
24546	131	1789
7565	108	9412
3045	133	6563
6538	115	22912
5185	67	6563
816	115	21902
7490	160	6769
4152	115	1389
23674	209	6383
3999	174	5997
21321	206	25361
425	209	867
24408	173	1884
3618	80	5669
3608	204	5071
24089	130	7984
7342	38	7035
231	183	24887
21686	80	8003
940	123	9859
22453	133	24706
6548	115	23872
1065	62	3766
9219	133	21123
3239	39	7832
606	173	22464
10376	133	7575
344	80	5299
7134	80	5669
5331	174	7354
22389	204	10235
6909	206	1617
8098	115	8141
6535	204	2430
22007	133	89
6775	80	6869
25087	106	6440
21976	1	7867
9835	80	5669
4439	115	3521
2820	133	24448
9260	108	743
8678	115	7724
22958	160	2419
24196	108	9412
25112	62	23834
1579	80	1247
22000	115	25028
4080	206	24349
3531	80	9623
25487	115	21380
630	133	22749
4994	115	6416
1894	115	7526
8061	173	2915
25060	80	9623
23491	173	583
941	115	21858
7577	106	24191
6015	73	4790
2336	133	21190
5891	95	7410
9644	115	22952
23071	62	21333
682	62	25215
6947	24	4790
2733	115	24041
9804	115	9020
7743	206	9035
3921	173	8992
1349	206	517
7491	115	7843
23024	80	5774
21371	72	24174
9281	75	9936
6160	115	23128
658	209	24240
21228	115	4478
5987	173	24539
24545	115	10253
1265	80	23216
23217	131	1096
3075	206	3563
1418	204	22076
8876	108	9412
21416	206	5205
8245	106	294
21888	115	5402
479	115	7462
3677	62	24862
3548	80	8921
5180	123	6503
5432	80	23397
1243	80	2566
5105	115	956
381	133	4790
3904	204	21968
9591	123	22998
1913	115	5022
6825	35	9967
7147	123	5700
8349	106	23616
9961	210	2164
5393	131	22537
3493	206	24353
7089	142	69
2301	115	1232
6324	62	873
8986	92	5834
4304	80	4610
10385	123	25117
23454	209	7170
8000	115	10091
22896	160	9100
9953	80	22137
3026	123	5089
8257	206	8278
5071	177	6869
1859	123	1713
4022	132	5109
1850	115	22432
9896	123	1763
21593	62	4604
21962	106	8522
2849	123	4315
2385	123	319
4061	80	7900
7812	115	4775
9810	126	311
23329	1	9858
464	62	24299
2170	62	24925
21236	209	24935
8580	173	7068
9638	174	3349
321	143	23025
8374	206	4430
4482	103	7164
23471	143	7987
21940	62	22901
6918	80	9231
23274	115	2732
3383	160	24239
2392	72	2607
7701	14	5794
24862	62	968
5090	115	23405
6945	80	24730
6297	72	21931
873	62	24350
2551	160	6214
24593	183	9426
6917	204	7054
691	108	21395
4098	123	1512
22812	206	2913
586	115	24041
8469	115	10237
25219	80	2630
5173	115	5035
24826	183	22427
4141	115	1031
24	115	8442
9820	53	748
7168	115	1004
4667	200	2920
3519	205	24719
907	115	6903
9478	133	9412
1816	115	6846
5389	75	21250
6389	205	301
23960	131	8396
7819	103	22833
21040	173	4678
25020	62	23259
3100	133	6023
8999	39	6058
23181	93	3758
2677	80	22640
4450	115	6730
3427	80	25053
25024	204	3567
5864	80	8874
8546	209	2329
3010	95	7221
4870	42	3830
3541	62	8876
10482	209	5401
3067	80	2954
7050	108	9412
3480	204	21189
23684	95	24693
10276	62	5755
5831	173	1625
22456	173	22583
6815	206	3967
9997	76	2011
8404	103	9999
6182	72	23127
6682	133	23979
127	115	23176
6543	133	6023
7	80	22733
3018	115	5197
23593	1	1070
10358	80	7097
3706	129	8921
6745	115	931
7583	115	23911
1490	173	9953
2108	106	5402
21070	206	24173
10451	115	25461
23154	93	1289
119	183	2397
21569	1	508
2112	1	23407
227	206	22097
7136	76	9309
2793	1	7867
22562	1	7867
4107	147	21395
1648	108	9412
4391	80	24998
5700	80	4790
8416	80	9412
9559	206	22520
7975	191	2768
6474	115	9592
8567	123	189
24590	115	4429
21252	131	2531
21032	115	9158
25312	115	8182
4054	115	5303
7655	115	5475
8092	133	23216
10117	80	7900
22844	160	2382
1414	103	2874
24646	174	23835
24393	173	2901
8978	80	1247
4091	58	23639
2625	35	6869
22277	177	367
3857	80	9028
6102	103	23101
7161	173	24622
22561	115	25244
7605	62	4649
4095	130	267
21958	174	2962
41	123	4574
22046	131	5199
4591	206	22742
1101	115	8681
21034	173	5986
21049	133	23747
159	206	24001
1346	80	4610
8970	93	4802
6124	115	4708
4689	62	23895
10341	180	24595
6202	108	9412
3889	183	21564
7160	115	8847
8654	24	5030
24333	80	22296
4164	93	24883
7148	131	1392
1871	123	6705
25384	123	23209
5493	12	21359
23345	80	4001
836	80	24901
6378	115	8361
707	115	1261
23241	123	9225
4007	133	2566
9626	115	9817
21649	131	24847
22142	115	7875
6411	103	24095
24356	180	24269
4689	62	9089
25393	115	4082
25449	95	855
7488	131	801
23264	16	6421
803	173	9456
2095	115	6997
7856	115	4264
23638	25	23501
8055	204	22076
5650	80	7783
23827	115	5529
5911	143	22
2561	133	6023
21700	39	7338
8791	80	7048
6971	173	1549
891	115	2995
8676	115	7462
6692	174	4734
1647	183	9439
24746	133	1078
23506	106	1938
24909	94	22424
2827	38	8293
3734	183	25326
24311	115	786
1945	206	3874
24843	62	22616
23835	80	4552
1819	209	1625
2466	80	22733
4500	206	3455
24565	1	1070
5847	48	21633
8689	209	4375
25009	62	21940
8653	206	6181
8544	206	2917
6864	106	21242
240	133	603
3298	115	25149
6504	103	10206
5054	62	9545
8652	123	23476
3115	14	5613
7361	62	7824
2450	80	6765
10151	115	22673
0	209	8992
384	123	2973
24411	62	7715
23853	62	3125
7691	62	3291
25165	204	2927
7364	143	21632
22892	108	9412
7395	80	6145
3815	173	760
1839	72	9340
10073	209	22348
3648	35	3068
23268	133	6563
5270	133	9412
4445	115	3361
7443	62	5434
8341	115	8033
1351	133	9849
5527	80	8874
9324	115	23839
21078	206	10027
23616	103	24703
2239	115	3238
6954	173	372
7500	1	508
6048	206	23498
1954	35	1399
3392	95	8325
23206	80	23463
4407	184	21142
23389	115	8327
708	82	2320
5649	12	4866
25058	38	1418
10471	130	24578
2703	80	89
25327	80	6023
4988	130	9619
21389	115	657
9482	80	21136
1130	130	25497
15	133	6101
4154	5	3245
8825	1	6147
1355	95	7731
3054	12	25188
24374	133	2224
6038	131	8522
1069	62	24639
5653	123	10182
9840	5	21522
25152	115	21653
24028	80	23397
9245	55	2158
25471	80	4971
5637	80	7632
8864	115	22417
9299	24	4790
5126	115	8141
7400	76	23677
1900	206	23995
23642	42	3830
22329	115	2489
4538	115	5048
9775	24	22819
9260	35	21198
6097	213	1394
22066	115	9374
768	80	9846
23701	133	2011
9621	24	7783
1860	209	2227
7941	149	24520
21452	80	24163
7050	62	4066
22238	123	2827
22454	123	38
1430	1	1016
21236	115	21217
6868	72	6565
8085	123	874
21513	146	8271
2540	131	24317
673	115	4317
9488	115	10088
9013	115	5239
3693	115	6416
10060	115	23147
4278	115	25059
1562	130	8538
5958	38	8293
3558	76	22733
9599	115	8195
25250	173	1681
22882	62	21582
1773	62	1648
5937	95	5081
8205	173	25315
21421	78	24202
23688	173	22763
9218	106	24234
4682	123	9107
22287	209	24764
23612	115	21798
2981	115	6845
7839	80	2224
5618	115	8195
21566	206	8599
2910	206	2179
6286	206	2701
7151	24	9228
4518	174	1772
21850	173	7572
22702	115	22849
25401	209	24866
22329	173	1373
4220	80	10186
7421	173	191
2945	173	23009
9500	115	2563
23258	1	1484
2229	72	2188
9446	209	2635
6209	206	2835
1761	173	24960
24981	174	8842
4835	82	23648
6123	106	22318
10275	115	3267
9184	108	9045
6994	149	21424
9500	123	22436
3791	80	6869
284	206	22054
21788	123	22280
6436	115	22687
377	115	23744
7628	205	7333
8167	115	22422
2359	133	7463
4101	1	1070
21737	80	21438
23445	115	5271
25318	1	7867
9989	80	24540
2679	206	22835
1825	62	23834
6823	72	6221
5550	149	23216
4066	62	21944
25031	115	5000
8061	130	2915
6016	115	6490
2498	115	5382
9576	173	2635
23755	174	25298
9673	205	3945
1708	131	24150
21215	183	506
880	206	7536
4670	62	1987
2680	80	4790
465	173	3356
4239	173	24019
1810	1	508
5521	204	254
24124	149	830
24211	206	5411
23490	2	6426
5127	194	6486
5062	87	6768
9390	115	22555
9038	123	21171
2596	206	7331
3615	93	3646
3367	106	22815
21326	115	22584
2064	22	10453
10098	206	8234
2102	108	3005
9080	95	10452
2970	130	6104
23897	62	6627
4952	95	23647
1771	5	2566
25051	131	497
4091	197	6958
8942	206	2208
6431	209	23009
8427	173	1884
6887	115	21177
1962	115	8538
393	123	21250
2420	183	8896
9488	209	22584
3460	203	163
6338	115	4661
21967	144	4778
21204	133	21770
871	160	6769
1038	133	4025
1951	80	23308
21397	160	24239
1279	115	25164
6357	133	9503
21114	183	8095
9469	24	6563
9815	115	4093
1796	115	249
8584	22	10453
24469	38	7929
1050	62	6833
23775	143	6617
8367	123	8102
25212	173	3349
25146	115	9563
22795	80	4971
21759	149	24520
9994	115	25244
1706	35	4829
21622	173	4218
1497	123	5467
10201	106	3764
3067	93	1141
7412	62	21582
7025	58	9619
10338	206	22054
24107	38	726
8809	150	24803
21801	131	1491
8411	93	25499
25188	103	4903
4251	115	1510
8716	115	2750
5451	62	21243
9772	58	10318
24013	131	335
8210	183	1547
6821	62	143
22729	115	2783
21894	80	7176
24566	160	21905
683	206	5605
6431	115	6826
22232	24	7783
23355	160	22294
24337	133	24730
199	80	7748
24279	173	5997
2181	179	9967
23280	173	23320
3454	158	2624
21359	133	9105
21754	133	10243
21023	133	6101
21355	149	24448
1933	115	21813
8976	80	24448
22422	80	21770
3929	123	25117
3013	80	24998
1429	1	23407
9328	95	8265
24120	80	6023
5286	133	2566
6679	62	24229
6616	80	3566
3879	108	9228
9556	209	23610
6673	58	5973
3342	204	7054
24335	149	8906
25314	123	3349
8532	1	6147
951	206	7699
6787	115	8189
3395	205	32
9209	173	925
9570	115	2383
2056	206	5493
7897	62	24673
21283	133	22746
3351	115	5303
25196	105	10237
5937	180	9904
5914	143	998
832	206	24001
2081	173	9053
5574	93	6123
5806	133	2630
22061	133	23979
6464	67	9228
2521	206	24855
23883	62	147
9993	206	8726
6631	196	8785
3665	160	9100
5618	209	7742
7553	106	7339
1676	80	2566
8324	173	24145
6865	80	7900
25036	115	6730
9857	133	23747
24441	210	4254
480	209	10023
24882	174	8842
14	115	2692
23401	80	6271
10129	72	4438
368	115	8438
21689	115	1004
24674	62	9545
7677	173	2150
3662	62	25324
1859	151	3499
7235	108	9412
6245	108	8874
2369	114	8853
5503	115	6981
6357	149	9503
22085	103	24199
2401	80	5041
7528	62	5595
696	205	1609
7513	205	21868
24070	173	23573
1406	130	9158
1537	205	5762
23133	115	24852
6953	115	931
21972	80	23216
4499	80	9849
5511	115	8189
23726	204	5912
1449	62	5755
1470	12	6616
6944	106	23036
24866	80	2566
24691	106	24465
966	1	23264
9643	206	8092
6193	133	9623
22649	72	4835
5253	130	10190
6662	115	23947
573	123	6327
22923	39	2009
25341	115	8337
4059	1	508
9632	1	7867
7784	80	6869
21018	115	5797
8504	115	21921
3299	39	1095
1205	115	10406
23357	92	547
6406	143	24408
2764	115	22611
22812	131	3046
7217	115	1974
7963	62	22616
23276	7	24998
6919	108	9412
2254	63	24597
2808	3	6756
9029	80	8161
25382	123	5401
2015	115	24432
391	133	6023
24872	93	10456
21376	80	9623
7681	173	22348
25334	123	8414
6823	133	5141
1541	205	8187
8	82	21231
2504	115	4060
21878	62	5542
21656	209	22865
5305	62	2415
7753	1	24262
22083	115	5197
2812	173	6775
429	115	8195
2283	174	668
25138	1	23407
3152	115	24733
21773	206	22372
24737	123	22763
4685	106	744
3118	173	1947
21719	206	436
8542	204	22743
1656	62	21333
6356	123	2492
3465	204	3567
365	115	22245
9025	1	508
6381	180	22216
53	149	22733
23928	115	24770
3765	80	3436
8997	115	6633
1513	108	2694
23668	123	9743
8282	115	23424
6975	22	3245
4868	80	5777
8815	115	9563
24219	123	8543
7120	123	9300
5571	115	21487
22890	206	9142
22479	108	24784
3070	180	21786
7570	204	3974
10350	115	4385
9847	180	8630
22123	93	7091
8995	133	23216
21278	115	6566
6894	72	22812
405	123	1209
24544	123	5077
219	209	10291
7512	115	22380
3054	103	23351
23863	115	6845
23666	204	5175
22594	115	6638
5511	95	3690
21764	115	9280
2512	115	3878
7029	115	22432
1204	115	21557
6653	115	6955
8280	115	4021
23383	80	31
7239	123	679
3435	200	10318
8145	115	21858
2622	180	4565
24193	78	7672
21443	173	24084
6608	143	10474
21630	62	5934
7565	62	5414
6116	115	2995
1314	206	1912
10479	151	6301
2990	205	24658
8986	92	1081
8097	62	4557
5218	115	21748
3703	115	1092
3090	204	22076
9834	123	24905
2539	62	4604
24213	106	9882
3629	115	8761
6614	80	24857
22008	115	6233
1737	205	24719
2138	173	8687
9268	123	10242
1021	206	138
24599	115	3238
9511	209	6500
9979	62	24876
9091	115	3681
23857	95	6697
25391	173	3730
21564	204	618
6862	1	508
22937	115	1058
8608	173	6275
5761	115	1857
3559	210	21848
5450	143	3459
9468	5	6869
4745	130	9158
2051	58	22801
23485	80	9623
9867	123	3516
2643	173	760
24632	173	2431
4602	153	2313
25430	115	6818
8231	115	6628
23577	103	2835
8484	183	6445
22872	95	3263
2703	206	25463
3206	80	9623
833	115	927
7022	76	2011
5538	209	9225
1623	209	10491
3994	133	7349
1115	106	23920
8708	1	23407
1460	108	2694
1693	133	1247
4220	67	10186
4143	133	9481
9756	90	10013
24268	205	1609
9621	78	3481
7561	62	1167
2136	1	1070
6202	26	2645
21385	133	7201
24900	80	5669
1645	114	7630
4994	1	1070
5261	1	7867
7075	103	3101
6064	174	22653
5084	93	1797
21727	206	25056
22815	133	9623
7643	115	21102
23635	130	1772
21275	80	3683
1899	160	9100
22058	123	24121
10191	92	4736
1365	115	8057
4969	80	9412
21327	174	2711
7965	129	25354
21018	115	7723
24045	80	24397
5542	62	1626
10467	173	372
4813	115	6408
5863	115	8361
7871	1	23407
24493	80	6869
22653	38	8293
1673	173	1059
2678	170	6747
4062	206	23521
6857	106	101
7474	133	6869
22095	108	4790
8324	123	7314
6834	160	1458
8723	149	25167
24521	115	4613
7736	173	5788
77	190	4741
6073	209	5750
23389	123	9859
24575	62	22985
5228	206	7582
5393	206	21487
5648	38	847
6561	115	4793
4473	35	6785
8100	80	6688
693	206	3357
21632	130	21053
6800	39	2761
2362	115	23425
3678	173	5224
3722	106	22712
8590	160	22294
23978	115	21225
24708	115	24322
9376	206	4740
9817	39	9571
24186	160	1458
3107	80	2728
7342	38	4091
3295	115	2452
24339	115	4624
9910	123	21536
10048	93	22372
23802	108	2694
2344	206	4252
24704	1	23776
21306	106	4185
3007	115	9900
7074	123	24176
24414	133	1078
25218	204	22256
21511	115	24579
5879	102	515
6266	143	8542
207	115	358
24263	80	21772
25079	173	21134
22972	115	6628
9637	63	10498
4395	160	22294
1759	123	23515
7084	72	9040
25059	80	23308
794	183	24279
1559	62	23763
4373	1	1070
8006	115	23923
2201	26	9633
24241	131	3925
25036	115	681
1810	205	1663
8072	130	2711
1245	115	4139
1668	115	4241
9184	108	3124
5345	13	21704
725	62	1809
22423	115	3883
22166	174	6956
2055	108	8003
21151	1	508
1117	160	9100
21252	131	22415
2353	183	7291
25432	80	622
2644	133	23747
2514	108	24998
6099	123	23209
75	152	22601
2960	80	23875
21654	174	8659
4988	174	6275
24200	101	21976
467	205	25246
22286	22	24803
5340	174	10318
21733	183	8249
5485	206	10492
25218	58	22163
24931	80	6023
554	106	25056
127	1	7867
1509	173	9953
4727	40	23287
5648	38	4571
4351	62	22711
25236	108	8809
6217	115	657
2511	174	23257
5346	1	6147
22330	115	23091
5322	115	4882
6553	76	5669
7102	115	21669
10002	80	22621
932	115	4362
6811	72	7784
7675	80	2630
5056	103	20
23207	123	9577
4556	80	22733
5917	115	25163
25464	173	2557
9755	143	2662
841	183	10179
3261	205	23706
2692	80	22733
4121	115	7651
23374	160	23458
24613	206	10316
22084	80	22137
23404	72	1329
4536	17	3327
5790	106	2921
7776	42	23943
7675	133	2630
4337	206	1587
24765	115	23708
10048	206	22372
309	131	4332
6794	123	25244
3041	39	4702
3841	180	4565
24462	209	22086
9626	180	3638
25434	123	8325
24341	133	5299
2211	160	22294
24905	133	2448
8769	143	6946
21026	123	8630
5332	93	23396
8951	174	3640
6197	173	6500
7487	12	52
3656	62	23551
9208	173	6455
4687	38	3647
6140	115	6408
8140	62	3635
12	209	154
21677	106	2935
22633	123	24012
4300	115	7442
3709	95	855
520	1	23407
24983	115	21668
7171	209	21117
1143	123	3438
23639	58	4091
357	130	2901
22214	115	21815
8613	115	7638
22650	115	5378
2229	80	5299
22669	80	7900
1751	115	10432
3461	80	7900
10459	115	6893
3201	115	6903
21991	204	24951
8905	115	23581
21721	115	23582
21984	115	6628
21315	173	1938
21714	115	9520
21134	38	9821
5635	62	10276
695	72	3429
2073	115	249
1631	80	1437
6968	143	23724
2772	123	8858
401	93	401
23906	115	7723
23923	39	9447
3517	130	24766
6092	123	3904
25499	106	1439
9885	115	931
7987	174	2711
21795	115	1369
2788	13	6239
6191	173	25038
8579	80	5669
7322	115	4292
21453	173	6011
2348	204	5869
6354	62	5122
4390	173	1857
2436	103	1584
671	1	23619
8505	80	21123
24070	115	2665
3235	80	3509
1092	131	6506
23204	39	4563
3412	133	2594
22158	115	25162
8051	115	8431
190	80	6563
10051	5	6869
25367	204	7874
9902	1	778
3487	173	205
930	126	21054
21137	108	24998
24040	95	2261
25130	39	10348
6609	115	24392
6892	115	4656
7190	168	21352
5101	39	8029
6378	115	3558
2972	133	2566
8466	115	4036
7212	133	8874
7419	108	9412
6468	174	2920
1234	209	23515
24217	103	3183
5368	173	747
3951	115	7004
2476	103	1414
9818	115	21895
5441	173	21718
21713	173	5213
9361	115	5167
7715	62	718
7815	173	7309
6799	209	22813
23480	80	9254
10012	80	6563
5738	72	21113
21223	115	6893
6734	123	5401
8908	35	9967
23684	95	22225
23840	206	24656
1963	179	22137
7060	80	22749
2636	123	21046
8119	115	9964
6781	133	4790
23719	80	8906
5051	133	9481
22758	115	23425
4171	95	4735
6890	62	10390
1164	115	7337
5371	209	7290
6435	209	7182
24665	183	10321
22368	115	668
952	129	25195
702	80	7307
5635	62	1809
3152	95	21199
22517	115	23817
3968	24	6563
778	74	1070
7581	115	6490
7829	106	24211
6955	146	3293
5735	26	22836
4625	174	8172
24828	80	1136
2338	209	7981
24409	205	8502
8216	173	23212
23164	173	8307
10471	183	3037
23246	87	2456
4584	115	24956
6912	80	9071
21135	55	6503
22276	130	8665
24894	80	8906
2250	130	2920
24357	131	7460
21020	180	8461
25308	115	1799
4962	80	6869
22098	204	5869
151	206	23165
8294	80	6869
611	102	22294
21313	133	4025
921	204	24951
6174	95	1340
8449	80	2566
22804	160	1458
22350	133	9334
22683	115	1463
22207	62	6354
4885	204	6760
9414	133	1983
22766	115	902
22714	31	25103
8663	115	787
8562	38	25350
24638	115	25197
4893	183	10469
6454	133	23979
25217	123	5028
24758	191	24370
24062	115	8229
21192	103	1814
23689	210	7165
6032	115	1753
5074	108	623
1915	173	25175
7337	90	7337
213	130	5997
7623	72	21359
5356	130	2490
24245	206	8267
21994	133	23979
861	130	5997
1836	191	10169
2639	59	9320
7355	115	21653
23581	80	9623
25414	209	5858
2555	115	24727
24019	58	2920
1410	95	8012
5512	106	1474
9670	115	25128
24179	115	8826
21148	173	22998
8922	123	353
8235	130	7374
851	1	1070
23	209	21132
7870	80	3992
9773	115	67
25029	95	3583
21435	206	5762
3689	115	6469
25079	183	9630
586	209	6204
25123	80	24998
246	80	25258
2660	204	6138
2983	173	24180
2420	183	22691
8560	160	9100
4330	80	1361
1349	131	8201
22621	35	1399
23002	173	23440
9466	62	1358
5234	115	1459
970	115	8053
7784	106	9682
22785	149	9846
22050	80	6023
4147	206	6007
6476	115	2528
21349	95	8265
299	80	21123
1026	133	6961
828	123	2176
8713	80	2699
5621	200	22163
696	95	6697
9096	80	6430
7208	115	6233
8991	1	1070
8831	170	21571
24825	115	25051
8586	173	7972
5803	115	21557
8079	115	902
9092	209	1314
9403	87	6058
23175	209	24705
2075	1	1070
5637	133	7632
1885	115	107
2024	115	8953
1478	82	7508
10229	123	7679
23870	173	21718
8291	62	2166
23829	80	6869
24842	131	21745
4004	67	6563
24592	80	6869
24918	183	23126
21840	95	24764
24363	62	22548
4947	173	25396
331	173	35
21848	143	9807
1479	103	5409
4835	82	6279
21314	204	5912
2861	115	7689
2042	5	6869
25323	205	3739
5521	204	6138
2084	38	9158
5567	80	24651
7893	115	67
1081	146	6856
400	153	3750
21350	103	21044
25273	108	4790
21871	80	24163
22442	115	4060
4835	39	5178
23256	209	24705
9017	154	1937
5535	115	25162
8714	80	24540
4369	95	9560
22638	80	9623
24226	115	2027
9426	210	24619
10215	115	1510
6940	115	21789
7568	62	22088
654	209	724
9656	115	10209
7547	206	754
25462	58	2562
8082	204	3567
2727	51	22076
7878	80	1247
10065	80	9475
23589	93	10492
22765	80	7900
7081	160	24239
7339	133	22621
24447	95	10444
21690	206	9168
6279	206	4185
5562	80	1078
7654	115	9580
1353	123	8450
23464	115	7
1113	115	21581
1239	62	1126
862	115	22396
8780	93	22123
7463	150	24233
9867	123	5751
2422	204	7874
21048	160	23458
7890	62	6157
24439	173	5224
8414	204	5912
10227	80	10453
24663	80	4790
6557	108	9412
4118	91	5063
8447	209	7382
5025	130	1566
2922	101	25204
4212	123	3317
7043	115	5289
7689	133	2566
8997	17	6969
3309	1	6147
21204	80	9623
1559	62	8482
9253	1	23776
25152	209	22981
7546	80	1437
8859	115	7843
4770	206	23651
969	62	21396
8979	115	22952
2270	115	3150
23673	160	24239
9554	115	24510
25490	209	6104
23879	62	1268
24065	133	5299
5876	160	23458
10260	174	22984
4608	67	7783
6480	108	4561
10219	58	5820
24047	115	21463
7613	204	5819
7481	80	21450
22187	72	9136
9055	22	3245
24371	115	6660
699	108	2694
23435	131	24942
21113	206	25188
3186	173	24156
5106	62	2415
23894	200	24578
21106	123	7592
3756	108	2694
9517	209	4769
7246	72	8
7944	205	6379
5755	62	23043
9723	103	6473
3018	173	747
2051	38	22801
8860	1	24007
4754	115	2563
3534	115	9860
9007	177	2587
5299	35	24615
6409	106	24298
8214	115	1301
23369	24	21996
8062	1	1070
5017	80	2587
7645	143	2111
9187	133	1983
278	80	4790
8114	62	5598
7022	206	21482
620	115	3618
25234	93	21369
21184	1	5856
767	1	1070
9985	95	8265
3364	205	5201
10375	62	5576
25211	106	10225
3739	80	8906
23373	173	7571
5023	62	807
8279	115	9835
8386	115	22693
10138	115	4216
8853	154	7201
22219	62	5386
3190	123	24553
7770	95	3499
607	115	5236
4581	160	9100
2214	195	21682
5743	38	23167
10356	209	21117
8524	95	5354
21013	115	6846
21535	173	10237
6723	160	9100
6663	108	9412
351	13	4278
21110	115	23785
6406	204	5912
24244	115	25369
21477	115	5802
246	133	3566
6075	206	21670
7809	108	31
21952	108	9412
24175	1	7867
9986	173	24564
23788	62	7831
8469	151	2920
2593	190	6079
23759	115	2489
1947	80	3795
6552	153	2313
1538	131	22537
8741	173	4532
22844	160	1458
8514	173	25392
23374	209	4742
3274	115	340
5276	123	21533
961	206	22335
22692	130	4193
21084	173	24583
6208	39	1052
21462	115	1817
2051	38	8012
21156	87	6058
22283	1	508
23664	204	6138
8053	80	6869
6779	180	25040
6698	209	1686
2654	115	1301
23890	80	5063
9498	115	3579
23254	80	2630
10335	209	4375
2642	1	1484
10323	204	8565
9511	173	2431
21038	95	9286
2473	123	9859
9844	1	7867
689	22	4610
1584	106	24961
23352	160	24239
5886	95	777
8684	80	8703
22339	39	9320
23181	80	901
23245	174	21220
8052	115	22023
3565	115	4658
2593	190	24762
1747	106	24100
5820	204	6138
9992	115	8244
21028	205	5201
1851	115	21406
3539	206	3042
6093	190	6079
3965	203	6058
8959	146	747
6692	173	4734
5877	133	6023
4366	209	24608
1324	190	6079
2074	123	9845
1948	206	23548
22234	133	2566
7471	205	3804
9497	115	25224
21409	95	22886
7110	1	22321
2210	95	24035
7525	204	5071
1035	133	22601
25289	115	24942
8191	115	6893
9750	103	7028
7229	106	7129
21192	201	9502
56	115	4882
5172	5	22298
914	143	21064
3268	12	25041
8644	1	1070
2650	82	25417
1847	173	22376
2826	38	3666
21396	62	6666
696	1	7867
22730	123	4574
8584	183	5664
821	80	5299
230	123	4574
2493	62	4368
8038	115	5422
1637	80	5063
21231	206	4958
6538	115	6845
2904	123	5289
5721	160	9603
24349	106	25014
8213	95	8775
2859	80	24998
10016	1	1070
2667	206	6007
6742	1	1484
4910	115	5422
6022	206	3720
25452	80	2291
25092	80	6869
1081	39	22293
731	115	22181
9555	80	7201
7574	115	24432
4299	22	8809
1329	80	2566
7624	173	796
24049	62	23949
10196	115	1094
3055	206	6061
5195	146	22441
21753	26	23166
7400	116	9228
9152	149	24491
21727	106	1602
3971	80	6869
300	173	1664
22599	39	5528
21970	5	9665
22205	115	23708
3448	205	24286
1526	62	807
23755	130	25298
25408	1	508
10370	115	8839
3855	115	24554
6422	133	1247
9815	209	5401
8899	150	9849
1517	115	1233
24146	206	2835
1098	80	7962
1486	93	9163
5719	200	22984
23617	115	1058
2768	123	7975
4474	115	3595
22406	80	22137
4479	133	6563
5333	62	22746
9308	160	23458
3335	106	3145
6158	108	9412
5203	115	9764
6571	106	5640
56	173	7928
3600	115	5724
6572	191	7169
527	123	4496
4272	124	22437
8509	115	10237
1599	206	8454
1526	62	8097
5681	206	1447
3273	205	6498
8499	143	4758
1996	14	5183
6788	123	482
24143	103	178
3549	209	23610
21850	209	4744
9488	123	2943
3190	123	24791
4313	133	24857
4255	78	22449
8320	58	8909
24565	115	5419
23604	80	2514
24507	115	4132
23784	209	4330
4547	95	6697
3048	173	8362
10166	80	9353
24473	106	22412
6747	133	2594
9439	174	22984
4131	115	10432
21279	115	4362
1987	62	24209
8263	180	7455
23620	115	21999
21370	95	4358
1803	205	24719
22838	80	24982
1310	203	22708
283	115	2749
3128	76	21123
21692	183	1723
2398	5	9334
8441	143	5664
891	115	9729
2816	80	2566
21203	115	759
3031	1	1070
24529	62	4649
1539	108	9412
7884	206	10465
10293	209	4370
5381	115	23461
24908	123	8325
6197	115	24249
22610	133	25167
8622	206	6505
7031	206	4140
1704	108	69
7531	171	9580
25259	115	4443
5224	106	5200
10252	205	5977
8571	183	4954
9109	22	22109
6421	55	25117
2994	123	5743
23676	115	1181
562	92	3607
6217	115	1951
3824	204	3567
9098	133	6869
7828	62	23499
9079	115	25231
24702	115	1009
8340	130	5984
5772	53	9875
2254	133	9481
8947	26	9427
4042	173	23100
5685	80	6376
24846	80	9334
24951	165	22076
23609	1	7867
900	206	1693
23835	38	7
5895	131	6592
21673	215	22738
24225	173	742
6815	133	8478
34	123	23234
9000	74	24007
8567	173	189
24897	80	2566
8880	131	4332
650	209	6629
193	82	23930
3693	115	24668
22237	35	5661
23539	62	24347
4146	39	6590
21030	133	10453
9445	123	24609
782	1	6147
6560	173	9356
9315	115	23316
7682	173	8362
8097	62	23989
23301	206	22168
5578	130	21495
23162	115	3530
7956	80	2728
6807	143	2662
6948	205	5996
3832	115	2072
22059	133	21478
22360	133	21123
8895	80	8877
3932	204	22743
4735	133	8003
10378	62	25007
23844	203	9601
6860	133	68
1469	115	9494
23716	123	2754
24904	26	8602
2482	131	6805
2217	35	9309
8598	115	6275
1178	133	23608
21023	206	21602
22641	1	7867
9708	38	9735
6666	62	23879
23550	114	2183
2651	115	3133
4230	146	21513
2423	115	2750
7115	93	3367
24570	95	23997
5435	205	24719
6788	115	5204
2363	80	8003
1097	168	23059
6156	35	4119
22792	209	5750
24548	80	10301
2385	115	2126
3403	173	7383
3614	205	24162
3600	115	24770
23641	80	91
862	1	1070
23758	115	23923
5599	62	7565
3164	115	8692
23250	80	7323
3686	95	8511
66	123	6021
23258	205	24830
8788	115	3649
24429	206	9451
24720	209	2049
3625	115	4793
21966	209	3777
1114	80	24118
9576	123	3460
1086	206	6567
5385	204	8485
21549	80	1247
8135	22	8703
24525	115	4459
4941	12	23426
23102	108	9412
8396	131	7455
4089	115	426
739	103	2520
25181	80	2566
2749	5	5669
2173	115	21629
8263	123	7455
3680	95	5354
24937	72	23217
8667	151	10108
22688	80	2224
854	48	3618
9052	95	8265
8569	115	6611
9758	206	2941
24704	180	2076
2241	45	4107
23290	173	3606
9782	80	2566
22039	95	4144
22626	35	865
6886	115	4426
7009	39	1052
22129	95	8012
5417	204	5869
1412	62	8933
34	173	25207
24891	149	22137
6087	209	22354
10420	131	2989
4183	115	1261
7701	115	5328
2989	40	23287
22900	115	1232
25242	108	24998
3953	1	1070
8817	108	9412
24329	1	778
24514	204	5912
6224	1	1484
24088	143	24792
5146	123	2432
7408	173	4096
1325	80	5774
7045	115	3498
7400	206	7331
22827	95	30
44	209	409
9382	1	23264
7320	88	10380
6074	115	8472
24718	205	7940
8261	180	3638
23417	62	7320
5489	1	23407
3571	38	25392
6672	204	3567
2762	173	7455
8702	106	609
21293	62	6241
9030	26	2232
10445	206	1563
7244	143	2321
7829	133	7834
21908	123	5640
22217	123	9852
1655	115	9256
24578	204	5912
5124	108	9412
7481	76	4794
216	1	23407
21486	115	943
953	204	6138
5801	24	6688
1107	22	6869
1806	148	9720
5031	80	5777
4351	62	24256
2194	133	21123
5665	209	10454
24724	209	23132
9068	1	508
22934	93	7992
7606	123	5028
21757	190	6079
7146	115	2915
24611	80	21123
22763	5	22964
1015	103	23956
9622	62	5783
6295	204	8252
4248	209	25443
8240	115	4986
25193	1	508
22164	130	1093
6328	80	8906
5541	115	3917
9621	80	21173
5955	80	6869
10479	1	5856
9651	210	5677
6044	82	21452
24242	106	22839
23429	108	9412
1108	133	8874
9021	115	2746
7789	206	21355
9354	133	23677
4162	102	21726
3691	123	5997
9915	22	10453
5652	63	2188
9611	106	23728
24951	18	7608
23936	62	7963
2843	115	8297
21937	95	6740
24634	49	10249
122	123	24791
24616	38	5252
8735	115	2757
22919	80	22171
2718	80	4790
25463	106	22335
23244	173	3011
4391	80	7012
8429	62	49
7877	183	23427
594	209	4509
8513	1	5851
25178	80	9481
24243	206	2851
8850	80	22109
4458	62	8401
5574	206	6123
7691	26	23429
5733	80	2566
23005	133	23747
4768	115	6818
1378	173	8727
1405	209	8057
492	62	22960
2522	215	440
23932	123	4050
22035	80	9665
1115	206	9611
25226	108	9228
24786	108	3972
23377	131	7400
5444	177	5669
5002	205	21434
9216	115	8847
22525	115	747
2868	80	6023
3282	82	23165
24272	108	743
1119	133	24998
6767	204	10235
2425	80	674
417	72	2106
9856	183	5821
1223	62	21691
4581	160	6769
528	62	24647
603	177	5299
25295	115	8826
2930	115	10172
23282	171	9580
22214	115	7337
24308	133	4790
21276	80	6869
3543	130	2490
4168	133	6023
9207	131	4332
7131	115	7787
23934	115	3814
9202	115	9295
1552	115	3631
4694	131	21294
2962	204	10109
2654	115	23708
4002	204	5175
25070	158	2700
4447	180	3638
21262	85	5777
10157	103	559
23120	80	7238
642	82	9696
3569	204	10235
9056	173	9059
2215	173	973
1237	62	2852
5735	62	5510
24312	115	21581
21542	115	5022
21922	115	3113
3198	174	25427
21187	62	23153
8346	106	21213
848	131	1285
1525	133	23979
6417	115	4920
9094	115	1184
3006	1	23264
8676	1	778
22101	115	8067
3438	191	3439
5750	80	22137
8779	102	9100
24682	115	6084
4902	206	22742
23529	115	6753
8092	206	192
8105	115	5214
8185	204	22529
23285	62	25020
2790	80	2566
4374	183	22846
21260	173	4944
23029	210	6539
714	62	22933
6719	80	21450
9208	115	23525
708	206	819
24788	143	4931
4324	115	5426
7688	133	23169
24725	26	261
23611	115	9067
22027	204	5071
23925	209	23591
1162	204	23070
349	204	5869
21784	173	2468
3702	183	7106
1144	180	4565
22000	1	1941
3309	95	6697
7762	206	22887
24363	108	9412
24538	93	7494
4334	62	21691
21410	171	10213
22208	80	24998
24477	206	4028
24557	173	7455
24929	209	1865
680	160	1458
1985	115	24432
22779	177	9801
1382	173	824
21289	115	23184
9828	209	22865
1418	58	5997
9614	93	294
3672	174	9840
21909	130	10190
24911	80	4790
9656	115	3785
8214	115	23708
3637	115	5013
2190	131	8100
6300	80	24803
22512	204	7874
21037	108	8809
1534	115	23817
25015	108	9412
3939	72	5601
25287	123	6452
2848	39	1052
2390	115	7255
1307	115	3150
24487	160	23458
6889	108	9412
21430	173	2967
23422	1	7867
3996	80	1244
23897	62	6157
3054	117	21641
4063	143	8769
8426	209	8992
22613	115	23582
7245	80	6869
8136	67	8906
3846	131	24842
8954	133	23677
1411	115	22426
2446	101	3099
677	209	6072
9868	115	21824
4733	143	3999
871	215	22768
24396	209	23409
9331	55	3471
6336	1	6147
360	115	4811
2009	166	22879
21211	115	5650
1070	55	23996
1359	173	8810
23544	114	22682
7287	203	2456
3528	115	1224
6574	206	3851
3814	80	2974
4043	80	2566
8813	115	6566
3737	183	6612
24213	206	7452
5557	115	22015
6067	108	9412
4901	1	508
7715	26	8602
5765	173	8777
2387	209	10251
25316	80	6642
23680	95	4900
5450	204	8252
2612	143	10179
4780	203	1052
73	26	23429
4328	206	10008
2360	92	7310
4398	5	4971
23910	206	22622
5656	133	2566
8985	209	484
22427	143	24826
22979	133	2566
3918	92	9313
4782	180	9904
23451	173	5986
8259	154	797
2260	39	1052
23956	80	6563
22863	108	9412
5969	123	5401
22053	80	24448
2064	204	24951
9717	80	9228
24275	92	562
4941	39	22230
3317	106	7592
24565	95	6301
4727	131	23732
6812	1	1070
595	115	2072
24323	123	21633
21398	72	22991
233	203	1052
24339	209	22955
8540	103	23634
8176	200	35
22349	123	4574
5552	143	3253
915	80	23183
5300	38	25298
3613	173	4050
22304	133	23169
7033	115	23708
24231	1	7867
8340	123	5984
6015	60	4790
4009	80	24998
6078	115	22788
1015	206	9293
9300	131	10490
5416	131	1631
845	62	968
21727	133	6023
1956	206	3764
8998	93	8803
1133	82	2054
23292	66	22239
8567	115	1058
23576	115	24513
21732	206	24633
8514	174	25392
21155	204	5869
739	106	22047
1577	115	23122
4561	150	8719
3946	62	8698
7631	62	23936
2430	51	23473
8279	115	22417
1911	95	2014
4312	173	8841
9773	209	4213
23347	95	4820
21457	76	7349
24279	143	794
2542	115	6490
6006	76	24540
4152	115	1026
23432	143	5059
2001	80	7900
3167	39	23218
22115	115	9095
23152	1	1070
22316	133	24448
9269	130	9158
991	131	22145
2170	62	4664
3408	115	24900
8320	204	22256
684	173	5909
23824	95	9618
4983	209	6493
24593	22	2566
3267	80	1515
733	115	1197
1455	123	209
9773	1	508
21549	149	69
23639	204	3567
21685	123	4744
9856	143	5025
9576	123	6843
24694	72	24842
4316	209	5401
6896	115	8692
1284	62	5510
8213	115	5256
9074	115	24823
2698	1	24007
22668	80	24730
3304	115	1586
1769	115	23962
562	146	3322
6873	103	9777
21475	146	6275
9111	209	22955
1046	123	23209
6515	80	2566
10269	80	22424
25350	204	7874
10073	1	7867
23067	108	9412
9488	115	6703
7402	160	22294
9197	173	35
7877	34	23427
23303	209	24705
2052	62	8878
24331	173	10117
2868	80	9623
9347	149	722
22083	115	1932
6653	115	5734
23766	173	6011
3512	108	24998
8222	126	9344
1494	115	22651
3271	200	2920
927	80	6869
23589	133	1078
2417	72	24891
5883	39	6590
5882	179	22064
1762	184	6452
21584	80	22733
2513	123	1034
4185	80	367
247	209	22354
24345	5	2699
3084	209	2902
5569	62	6176
3036	143	22595
3391	1	508
846	133	9353
22227	115	6170
22315	62	2264
24188	1	778
9706	209	3606
1427	209	5733
3693	115	4882
350	115	4706
6201	177	6785
7434	93	23615
23944	115	24234
6114	115	1579
21496	115	5786
10350	209	5640
5044	123	21250
7633	1	5389
22205	115	2757
10449	62	23518
25225	143	9439
1384	62	2647
343	93	23189
9346	115	7141
6872	39	4
9040	131	2003
3560	133	23308
6467	180	25206
23423	206	4685
8567	1	2810
3969	1	508
25269	180	22216
7989	14	9960
10062	38	22291
4658	204	2727
22441	39	22558
6972	206	2731
7917	27	69
21003	62	6977
3020	62	6067
4393	62	9687
22749	150	6023
426	106	6503
919	133	2224
21318	173	10182
2303	133	2566
4520	62	4086
8507	204	7874
1967	204	22880
25354	35	7965
3970	206	22791
5083	115	24727
1696	95	7731
24526	133	6430
8254	203	23488
8327	80	6869
6919	62	21497
8992	72	5787
9658	22	1710
2230	123	21813
21748	90	4537
8634	108	9412
6941	80	1078
9088	159	7089
7520	173	1936
9814	204	2727
22694	72	22236
5710	123	21218
6662	205	24719
8587	206	23052
21690	80	22601
3662	62	1239
7715	62	2647
10466	205	24719
6522	34	3056
5670	1	7867
8849	80	4790
7514	204	8296
10234	39	5528
5044	123	23657
5319	123	1530
5651	62	22538
2137	62	1393
2298	115	7515
6134	108	4790
9171	174	22801
22031	183	21771
23888	133	7323
1134	108	5454
21313	80	3708
7192	80	1136
10377	115	3790
6307	130	5997
4888	106	23324
7322	1	1070
3229	123	3317
116	133	22589
22008	115	8415
9956	174	2490
4782	1	508
7644	115	10127
9025	209	22086
4182	209	8057
3080	115	487
1700	123	7271
2977	80	2566
7271	80	6869
5783	62	1841
22889	123	21067
6732	133	89
24193	63	4047
1525	133	2694
9517	1	508
10272	62	2856
5417	173	2683
21388	62	10380
4704	72	5626
24960	80	6023
2985	126	4137
1143	115	24900
8374	106	858
9375	115	23404
24286	108	2694
4072	78	8009
7756	173	3604
9961	130	25298
2501	95	22910
23265	123	5743
23109	123	7985
7450	123	22159
4376	173	8359
8460	183	6345
22071	206	3771
2711	204	7874
2051	38	1418
23406	115	23902
23722	72	22002
4483	115	2209
5597	108	9412
4752	209	7975
9178	72	6393
8440	115	1754
9345	62	22711
10477	123	647
9799	115	23257
6775	80	2566
8911	159	9341
1133	206	85
22017	184	24172
2644	39	325
5647	115	23122
3744	209	25443
2795	115	23923
22429	130	22291
6499	173	5403
23119	180	4291
4178	115	9520
2272	209	1522
7795	115	1086
7066	115	1137
8817	26	10464
5625	136	22109
7197	115	9960
6265	149	2566
302	80	22116
490	174	22984
4895	133	7900
8658	115	10310
7242	93	21555
3055	131	24750
8191	115	6028
1807	108	4971
8695	130	22801
2791	1	1484
10483	183	2375
5742	160	23458
3701	183	6970
6005	133	7398
2054	133	2204
9356	80	8921
944	173	4568
4503	209	7367
8181	130	9580
23013	115	2760
23654	115	4023
8821	204	21189
1548	115	10287
22849	203	2009
1749	103	50
8507	183	7607
22506	123	267
25392	204	6599
10087	205	5762
23107	149	8003
224	115	1173
7005	173	24501
24479	206	9381
5775	209	6136
5997	204	7608
23043	108	9412
24242	131	22638
21782	62	6666
1106	115	21668
4697	123	25410
25239	123	22476
7092	123	8969
2123	123	2303
1624	123	120
22327	215	22768
24419	115	3008
5459	108	9412
25287	115	6028
1211	115	5242
1935	62	2409
5643	106	8374
1057	39	3757
2086	95	24830
10078	204	8252
9912	115	1799
22379	115	469
7216	115	25429
5143	93	5277
21188	204	23475
6977	108	9412
21921	133	2974
2444	123	8957
1899	160	24239
8977	115	25162
5803	123	2176
6959	206	995
8561	173	21417
21999	131	2285
24234	80	2566
10363	200	2711
338	115	7296
3400	123	21659
949	123	8742
10487	80	24110
23064	95	136
3535	130	847
6710	95	133
9689	150	9071
24794	200	267
6091	205	8547
24472	115	2847
23448	173	21208
8270	93	8159
4519	206	21647
10222	115	25197
22610	103	234
2250	183	8981
9471	160	9100
8304	173	8585
4867	133	21123
7099	131	22870
23357	80	23034
6551	62	1462
7095	204	24951
9553	106	6818
497	206	5572
581	115	25461
7782	115	24852
6457	204	10235
5319	183	2946
4519	80	21123
2618	177	22137
23651	106	3207
4498	62	5161
10198	1	5856
25268	210	7603
3256	115	24561
6105	209	7703
9337	80	7900
21685	95	3499
25394	133	4790
4175	206	880
5418	80	21136
6140	115	25369
9030	108	9412
22471	173	10162
5931	160	2382
7776	215	22768
7252	115	23985
24800	80	22761
21365	72	25313
6937	130	9019
1751	123	10336
7894	106	6774
2838	173	22189
3311	115	8883
497	131	25051
23251	206	6029
2524	95	22225
21449	95	24263
25490	115	6104
21135	152	6869
23888	106	9624
8067	80	6869
8990	204	5175
1890	93	21054
4189	115	2785
25163	206	8253
24787	62	6589
24408	130	2962
2263	1	1070
1714	115	24800
21725	80	6563
7828	62	2066
23865	174	9619
23415	183	1147
21374	115	4623
6348	133	9990
24338	180	7629
21729	173	6700
1084	205	301
24382	133	6430
4416	115	22545
24259	1	9396
4274	62	9516
805	204	9698
3637	209	4532
21025	173	24107
7642	115	6904
153	108	24998
6891	209	23339
23280	108	8003
1467	93	5363
8898	173	6500
24055	78	22270
7011	60	5823
9958	130	9619
9795	160	9603
617	123	2117
8448	174	22984
23626	115	2370
24989	80	7900
571	39	6058
1695	35	722
371	62	9070
6595	173	10142
8032	115	6273
23219	115	649
4419	123	4496
213	123	4900
4484	115	6265
21163	177	23873
4492	62	6651
5576	62	24183
21710	80	8874
24619	204	7874
44	115	10238
1829	115	4596
22050	80	7248
6927	133	22666
22851	1	1484
23449	173	763
22622	206	9183
5345	66	3649
596	143	7764
9163	103	1486
7105	62	21728
25003	115	88
21992	95	4094
4615	133	7783
2148	80	24110
1898	131	21949
23152	115	3252
22141	209	21939
25352	209	4411
7315	62	4804
24804	115	9494
22569	205	1635
5395	115	270
25086	101	4366
4638	173	23598
6007	206	6010
23364	115	9010
813	1	508
22480	115	21358
25031	115	1184
2538	26	1701
25330	133	9412
8437	80	2566
7879	115	22015
9691	206	25209
9780	115	22625
1544	108	69
22190	115	9196
10372	62	73
3212	173	22030
517	5	24163
25361	206	1587
25217	173	6717
8537	143	10340
24197	115	7774
9760	10	9849
3643	39	5470
22870	133	748
23576	173	7823
519	133	9849
24994	160	23458
5342	115	1967
22937	115	9764
2513	204	6138
9708	204	22529
23315	130	2827
3042	72	3539
7370	215	5457
6411	106	5364
25208	115	1501
24996	93	24416
8652	173	5089
9170	62	9695
22833	93	7819
9143	131	21635
18	106	8090
5113	115	23708
2395	131	8650
25455	108	5063
25119	26	23166
1327	22	2566
6801	115	22839
24220	115	24041
1082	1	3891
23962	80	9481
23355	160	23458
24194	115	1631
6078	209	7334
7995	133	68
24998	150	2514
1270	106	8202
5434	62	2538
6568	108	5454
25101	115	9909
24869	62	24725
4784	204	2727
25242	73	24998
1155	116	4790
8157	205	23706
9221	103	2344
23099	209	7367
4284	62	24205
25392	204	21553
5986	131	3782
4126	115	23708
23917	38	10452
7678	123	6853
24698	205	5756
7779	115	23581
24508	115	1516
24560	115	4005
22721	174	24766
9757	62	6241
6616	103	6798
5133	209	5401
7110	1	8031
22920	131	200
3627	35	23437
8535	179	1250
25176	123	24583
24681	62	23789
4305	133	6023
21125	115	24900
22929	115	21033
2216	115	6084
9013	95	855
1979	206	554
22787	115	1999
2225	35	4829
8100	206	22498
9495	123	23320
9785	204	24951
6713	115	1556
4156	123	5750
8509	115	25377
2296	80	4610
1862	173	189
1270	206	23540
4211	123	22511
24209	26	22309
5347	209	24537
7761	133	7248
25269	180	25040
5233	115	22950
22797	80	2566
5079	123	23077
6246	204	3567
9270	115	6267
3858	22	24540
6224	173	24830
23475	38	22035
1793	133	5480
6153	115	24464
1344	115	1129
24739	80	7323
21247	95	23015
7493	133	4790
6735	143	25024
6593	177	4790
8988	38	9535
5698	39	21675
7061	115	4385
6861	209	5572
551	130	9019
24409	115	9592
8303	115	1892
24703	206	23616
24299	62	4471
8865	26	261
4428	133	4041
24009	151	4765
21432	154	3642
9243	62	762
21099	80	22472
1223	108	9412
25328	80	9228
7177	204	8296
21448	131	22204
5448	108	69
1083	206	8970
2171	146	8750
376	26	8184
21399	146	7953
666	174	2962
3390	173	5620
6697	80	2566
24006	1	778
8850	80	21522
1430	123	4411
22014	209	21661
8564	106	6533
24239	103	6214
6882	209	4655
23061	115	8366
2082	206	1573
23655	5	9028
5654	133	3009
4754	123	3516
4333	115	9566
25387	1	6147
21789	106	24764
2166	62	1171
2818	206	3347
22356	84	5823
8427	210	8106
24329	173	23323
25300	24	2224
9347	80	722
5836	115	6170
24647	62	528
4052	103	645
23422	95	6697
25274	168	253
9099	160	1458
1202	115	8229
6195	108	4202
21848	183	7127
5210	24	23747
4323	149	9503
7039	20	24762
21913	209	7170
1142	173	22348
8016	80	5063
5848	115	23662
24835	174	8842
22257	62	6018
3287	80	22137
22030	106	9352
4109	143	21843
23204	206	5493
23059	108	4790
51	184	23698
10255	173	22189
3466	1	24007
9299	76	7201
2887	62	5005
25042	115	23215
9527	131	1301
757	123	973
9857	190	21153
9970	115	22694
25270	80	21123
3629	115	2294
94	123	2345
25404	123	2193
23726	123	23476
5	123	9775
6927	80	830
23476	58	24578
4394	39	1052
24966	173	9456
21771	123	5921
7544	106	24066
1117	160	22294
703	95	24693
24548	206	23107
8549	115	6170
22646	115	21131
1739	215	8031
6117	115	6694
3685	115	21447
9319	115	9178
471	115	8746
24348	115	8290
24048	206	6274
25236	17	5147
22049	62	22497
9498	1	1070
6055	62	3353
7998	80	21280
8016	133	23037
5226	173	9756
24654	205	23706
5771	1	9396
6448	115	7128
925	39	1052
24079	24	24998
2086	115	6983
10192	115	21229
3002	173	1967
25079	130	21134
21724	62	23395
10385	115	25150
254	165	8252
23943	160	23458
9355	173	7374
2441	115	22742
1175	93	42
2321	130	23963
4967	62	1079
24568	143	9968
196	150	24540
2122	115	426
10113	106	24114
6501	142	5472
1157	108	8679
2985	80	8703
10133	123	23515
4655	106	21921
8280	115	3681
2178	80	2587
2832	115	7422
4440	115	8024
7508	72	9187
22021	95	6625
3378	80	6023
3712	209	98
7772	205	6379
6615	115	9153
4546	95	22225
8314	80	22221
6444	115	21813
25221	206	10093
3315	204	2727
23814	173	9937
1232	72	991
3537	115	10432
8520	95	9286
21307	143	25166
24110	150	1487
5374	209	9336
22136	62	8634
10056	80	24163
2287	131	9327
3304	173	8841
8297	133	2587
8046	80	23200
9874	205	10038
7295	123	5077
21857	133	25226
21407	160	23458
9183	80	1247
9216	1	508
8423	115	23404
6895	115	8053
23634	206	8540
21509	115	1094
7852	38	22092
4068	62	984
3087	143	812
7404	209	21521
22450	115	23404
3951	115	8627
611	160	2382
3195	115	4902
25009	108	9412
22685	1	6147
21313	149	22469
1931	123	5401
21349	209	5520
5506	115	423
8548	80	24110
21802	151	21531
9134	115	8033
1036	1	7867
22405	131	7983
5352	39	21675
24868	206	613
638	173	2345
5764	115	25164
22763	38	10283
800	115	1233
7384	183	8155
21564	204	8252
22840	35	23608
1641	204	6138
10146	115	3682
23104	204	3567
6317	123	21852
24271	53	10202
21496	1	23264
23701	80	2532
7626	123	24960
25193	115	8141
21240	115	657
5215	115	5382
21121	115	3814
2716	115	2022
8992	80	6430
23162	194	1266
8300	80	7900
4833	206	23184
24473	80	22296
3871	123	8630
3843	35	2098
4467	22	2566
3180	95	7035
2467	133	5669
1207	173	4165
6570	174	1772
22361	146	1881
4901	173	7557
5887	150	5970
7355	115	8116
8891	209	1764
25366	80	9623
5053	115	8384
3060	35	21198
130	215	25227
7840	173	9539
5229	173	24333
2969	160	22294
23648	131	6279
6314	95	9821
7135	62	21345
7414	206	192
3511	166	7201
8651	146	1687
8608	210	4676
22126	115	22127
22407	210	8106
5243	173	5128
24116	206	3075
4115	173	10111
7251	115	9853
9680	115	4459
2240	173	6840
4785	206	3399
792	22	3245
9351	149	6563
1904	80	9665
10357	115	2001
24409	115	24989
1517	209	23409
1894	173	8881
4550	62	10397
1358	62	3766
2988	115	1197
6985	200	2826
3138	177	6392
23413	206	22097
23843	206	21710
24277	123	9107
2253	146	9978
24113	115	5020
6253	108	9412
25156	160	6769
23306	115	10125
6234	123	912
88	108	2694
3859	209	92
23143	115	1776
357	173	9158
27	131	6586
9491	24	22469
23855	160	21905
3885	123	21533
24608	106	8917
24122	115	765
7863	80	24163
22610	106	1477
8463	123	21218
23078	80	245
4278	34	23427
2167	115	25429
3381	205	21575
23075	80	24494
21299	173	5148
2663	170	22382
25077	53	6869
21169	173	824
5073	115	24265
578	204	6138
6099	115	10327
23317	133	2566
6394	206	23056
21890	174	22801
10218	106	2143
9941	200	647
1934	123	23645
21929	62	7838
10476	204	6138
24766	58	7984
9329	72	3790
1729	80	23169
25067	66	994
24752	62	21582
6282	173	8953
23149	115	340
4035	160	1458
23575	115	6414
5976	80	2728
9540	205	5201
7117	115	5976
2846	115	5976
3728	123	8992
2576	123	3137
22368	95	6912
8078	130	4701
2696	115	1892
8316	210	5257
24356	115	5239
4182	123	8057
8364	180	8992
538	173	25058
1595	62	9695
4422	204	8296
1715	173	10384
7103	206	7420
3802	115	8861
6225	80	3944
21383	147	2630
5700	106	23138
3012	108	2532
23867	115	8156
9652	189	5536
9381	133	22601
3178	115	6416
7568	26	23429
6708	173	2169
4566	143	4966
7958	80	22733
2333	190	5861
3199	133	24998
23893	206	4819
7026	29	22437
8823	115	25461
8376	62	22285
21571	103	1141
22276	174	8665
5716	123	25497
23060	95	10108
10194	72	8360
34	205	3804
9190	62	6303
22777	1	5706
24992	106	630
2552	205	25123
9854	123	3465
23937	204	1156
2667	106	21257
24518	174	2711
5690	62	24411
3153	93	25221
794	210	3053
1925	115	5167
6029	106	8196
5602	58	267
7426	183	592
4609	183	2245
9331	75	3471
22841	115	469
1426	173	22121
115	72	7668
24056	115	21274
7070	1	1070
6436	115	5303
3569	200	24442
528	108	9412
8707	95	21943
8022	173	22877
3860	160	24239
24879	209	5213
22413	160	23458
2458	108	9412
431	206	9635
5569	62	10034
311	126	598
21293	108	9412
25148	206	3533
8476	123	3904
25413	62	9288
23898	174	9158
3549	205	24719
4593	173	22291
383	115	23591
9913	26	9436
21239	131	22074
803	123	24019
6183	115	10045
23742	93	22382
10225	206	3602
9607	173	6573
23002	209	10207
7285	80	6688
25052	106	1099
7567	106	5916
6061	72	6694
9384	209	8992
9427	35	8947
1011	123	353
942	206	2583
8273	123	9059
21232	1	9467
21	173	372
7488	206	5649
2708	62	7831
7027	76	24110
8324	115	22015
21825	80	21556
4055	115	2995
22147	115	217
2934	80	6869
3893	166	22590
9951	123	5028
6841	80	1078
6466	173	9059
6418	115	7863
9774	133	6023
1881	146	1944
2283	130	668
3387	106	52
1171	62	2166
3014	130	191
7362	39	5327
21023	106	1236
2084	80	6869
1854	106	22360
21359	93	8882
24806	1	1070
4758	204	8296
23476	58	6275
23620	123	3438
405	95	5136
9486	39	23304
23460	115	2640
4285	80	4610
9607	209	1098
8854	106	2911
8543	80	3944
21739	1	24007
24519	115	10045
92	106	22204
4823	103	138
7038	210	8342
23148	209	1299
7606	173	5476
7081	160	9100
5916	106	7567
9194	183	700
6641	146	25467
25425	80	4716
22667	115	24322
4597	78	4255
21874	1	22076
3204	204	23070
8663	115	7392
6859	160	2382
4293	39	6058
24265	80	7349
7675	114	2183
23337	206	22047
6795	108	9412
2306	209	25116
25083	115	340
3977	203	22293
7221	58	23736
7139	204	24958
483	123	6072
25092	80	2566
22242	115	25197
8695	143	3297
21743	206	4860
6960	115	21406
10388	160	9100
6770	115	23708
25341	115	5422
2321	174	23963
2430	165	23473
8985	173	484
270	131	24750
10086	72	7172
22532	115	4264
24625	53	22137
1281	80	7201
1409	80	22137
4478	80	23414
9662	133	1980
21135	55	426
9120	131	21252
4609	143	1902
10078	130	4193
21819	95	8265
5730	130	2490
23700	108	9412
9146	62	5709
5780	204	3567
1773	108	9412
938	206	22441
24597	39	4702
21650	206	3000
1369	80	2566
4460	123	4883
7253	115	24858
4870	160	6769
21448	72	4875
413	106	3019
21931	80	3436
4655	80	8703
8463	1	1484
24508	115	25493
9370	160	6769
22692	183	1562
7306	173	1806
5947	39	9103
4873	173	7489
1081	92	7869
6707	115	9249
702	106	24605
466	177	9665
8274	206	25281
5266	123	2557
21091	183	3197
2346	209	24333
5648	204	5071
2752	108	5472
4549	103	922
23541	108	236
5154	1	7867
612	106	9369
8680	205	1609
22351	80	25484
23382	1	508
420	149	21680
24902	31	21311
2493	62	25062
2754	5	8703
3896	204	3567
6891	115	6904
2858	62	10292
831	174	2711
10122	62	21431
5821	173	5909
1226	205	8914
4863	206	21886
1122	200	22092
24363	62	9062
25389	206	23992
7310	80	1437
21288	133	6869
9199	209	21537
1462	108	9412
4282	160	9100
1370	103	24319
23126	143	5951
5258	123	23384
21640	78	2929
8761	5	24803
1784	80	6869
21128	62	22863
8062	95	3306
4489	160	9100
4972	115	5623
8632	115	9310
22156	209	23633
21894	206	8199
22224	72	4833
90	209	21521
829	80	9105
23516	62	3612
7579	131	22395
23328	39	2009
21439	72	4154
2627	115	8053
917	115	2924
6713	115	8063
24987	39	2307
5824	115	6655
8546	115	8692
7157	143	2006
1719	115	6300
22616	26	23472
9022	115	8739
21614	115	5938
23980	115	3372
4845	174	9619
8935	209	6416
10089	115	3618
4296	173	22370
23965	115	2746
2441	1	7867
5523	123	319
4736	92	9311
3981	206	10113
688	115	22991
3248	62	8609
7658	205	7973
7106	123	22239
24837	115	8063
2901	80	6869
10283	80	22221
5850	149	22424
23092	92	10320
852	108	7783
8734	131	4057
5436	205	24745
6801	95	23100
22870	12	7487
597	115	1892
7852	58	7852
8878	62	7565
22357	205	22928
7876	180	5945
24208	123	4265
2884	123	6758
21511	95	2842
8837	80	4790
1088	123	25392
1696	115	2030
10315	115	4775
3318	103	21392
1508	115	22432
21150	173	22189
10376	80	7349
7721	72	6077
4025	35	3436
10054	1	508
8030	209	5919
23472	35	722
5454	150	6120
25168	72	23734
23825	115	9782
1799	80	7458
6448	123	22695
24812	149	23059
5035	206	18
21186	180	576
4893	143	25454
24401	123	24866
6176	62	9622
6384	35	22497
24783	115	7774
4011	67	8874
9024	80	6563
6249	38	4900
8356	146	21513
8439	186	8718
3207	206	8374
23943	160	9603
8847	80	5109
7602	80	9126
25096	143	9751
6356	115	4882
21781	80	6563
2516	35	3068
22139	115	5311
23873	129	8718
6116	115	7240
23133	115	1004
23565	93	8379
24652	115	10238
2166	62	7419
6335	123	9456
675	1	1070
5499	123	1884
5011	1	2618
3764	106	10201
8351	108	9412
3073	1	7867
10185	115	7803
2915	80	9875
9488	115	9039
23880	108	8679
8038	209	8777
21745	82	3846
23532	39	2456
3721	115	10172
5184	174	4193
3187	95	7731
2518	115	2757
21673	42	23943
5130	80	8874
25044	173	2033
21624	103	22012
25199	123	2158
1466	115	9684
25462	204	7874
6592	131	22654
5532	115	8684
9164	160	6769
1249	174	191
790	1	23264
7858	164	24202
5953	215	24239
1662	129	21775
22971	123	6865
2837	173	5939
22059	206	5408
25292	80	6687
23749	62	5164
2270	115	8812
9551	115	6980
2268	191	22041
22140	80	10441
909	173	2446
10152	1	6147
3344	80	22062
7321	115	4814
4123	123	8630
2116	115	8861
7896	116	9623
4619	115	9023
7361	62	5569
3947	209	23517
2110	206	4479
21573	123	5028
8933	62	24575
23123	115	4807
22929	209	88
452	80	24163
8027	108	9412
974	174	3349
8506	115	729
21698	131	1285
3015	209	10
3357	103	24217
2684	173	189
23754	183	23344
7404	95	2519
9914	93	8904
6499	115	21590
23513	160	9100
7490	215	22738
9770	123	24145
1765	206	2464
6225	39	6590
5259	160	23458
9197	210	1630
4294	115	2971
3186	205	9394
619	115	3883
648	133	24448
22238	130	2827
6439	206	9938
9278	114	9265
3046	131	22812
4156	209	5750
24538	103	6630
2388	160	9603
4099	173	6641
23326	130	6275
21750	115	3483
1977	206	21168
6168	26	6113
2782	151	22763
8922	115	1129
7259	106	21023
22976	80	8151
9547	115	8063
1392	131	2231
9483	115	7337
652	180	8461
3144	115	2749
23924	115	22926
1512	108	2694
601	160	24239
23495	80	6869
8986	92	10191
6417	115	10299
9268	123	23004
8376	62	23102
1828	108	2532
1076	174	24766
23834	26	8184
8339	123	2471
21502	204	23070
23513	160	9603
5526	205	301
25415	209	747
21098	108	9412
2472	173	4763
2952	123	4213
9154	62	7135
4640	115	9636
6837	39	9715
5121	115	517
1864	95	24486
21257	206	1001
1206	123	5401
24624	123	2492
23340	123	3904
24474	174	9158
25250	123	1681
24760	155	3124
593	95	1560
5693	205	22216
23966	133	22621
22578	154	1437
4790	178	2313
9778	1	22437
25016	215	25227
7634	173	6293
6671	108	9228
21044	80	3636
21299	115	8398
9554	123	24764
10077	62	4670
5927	80	2566
25196	74	10237
8930	58	24517
23019	108	9412
9350	206	2417
9022	115	7390
8429	108	9412
4834	123	6290
3887	80	23093
4235	115	22837
21974	115	135
6617	173	21208
24697	115	24852
8998	206	1035
7018	123	2827
23204	80	23308
2989	131	4727
1559	62	2429
3417	209	5640
593	115	24325
9629	204	3567
8997	194	8583
22847	6	69
490	130	22984
5987	115	3189
5160	24	7783
8791	108	24536
4813	173	747
22506	183	2688
9613	106	25292
23950	13	24399
6199	143	10278
2121	80	2728
6993	95	2014
7935	62	1384
10470	115	5344
21343	76	5669
7579	80	1710
5492	206	1414
1095	53	6430
6351	95	6697
6102	106	1900
7038	204	10235
675	115	2327
21265	72	4903
4313	133	24998
2583	206	22051
24916	209	3356
5922	133	22601
3174	209	5272
24928	80	7900
2545	123	24819
6519	80	24118
4237	62	1935
9400	116	1247
213	204	24951
4551	173	22239
3858	204	6138
1803	209	22865
7115	133	7834
21769	173	25218
25315	106	4944
23575	115	6182
21334	80	6563
2765	115	931
4764	66	5835
21925	80	6023
23472	108	9412
824	90	23729
4812	131	2584
25259	115	3655
3368	174	2962
923	115	3628
10391	14	23004
2193	80	22221
5024	106	1479
8205	173	4944
25498	144	2694
22946	183	8082
7930	115	24642
25153	115	1892
1646	133	2204
9222	206	5465
2546	108	9412
5135	62	21505
676	62	23228
21360	1	508
4978	123	10075
4627	51	22321
25076	209	23610
371	62	969
9154	62	3142
1496	174	22163
25393	115	5475
5494	80	2566
21353	115	21059
22514	200	2238
23439	108	9412
10380	62	7320
9482	106	23057
9472	1	6147
5036	115	5426
6650	123	21629
707	209	21132
7478	115	5303
4111	205	1635
5286	72	23829
9207	206	3347
23098	204	23473
4926	115	21414
8501	133	5472
6551	62	2170
7510	180	1813
23896	123	2943
24725	62	845
7955	115	3034
23740	133	23747
2751	93	7948
22717	106	5056
1209	76	2566
9085	115	24852
7871	173	24125
24843	62	4649
25221	93	10093
7344	206	1019
1230	126	23941
21862	200	9580
25003	173	1837
2536	115	6628
23705	204	8252
5098	80	6023
5763	173	25207
6106	115	1301
3836	209	6419
4632	95	23177
4179	206	8543
9497	115	21816
8071	63	25110
1347	115	4154
7456	160	1458
9112	160	1458
4058	80	21395
6172	206	24816
3984	108	9412
21207	173	7455
9452	115	2489
7023	14	1631
22474	115	4775
21089	115	9295
4979	204	3567
21909	173	21107
567	80	6271
3625	115	5404
3402	160	23458
22004	133	2566
3575	115	8139
24454	95	23015
8023	160	6769
8670	1	23264
21582	62	9146
6592	131	23653
3774	204	22076
3816	209	24240
5033	205	25402
1150	206	8976
5274	130	10190
5837	95	1216
8387	173	24815
23808	133	6688
1763	80	1487
7972	80	6869
138	106	10080
6422	80	9481
10440	205	3804
5863	1	508
21707	133	10202
5532	1	7867
2608	115	4046
9902	115	25094
5889	80	8479
25181	80	6869
24782	123	2158
23895	108	9412
22285	62	8376
21733	130	35
357	130	2414
5193	1	1070
23510	39	3511
22175	115	3590
21985	103	7839
21017	206	8995
1363	22	24540
25123	80	8703
24217	149	9503
6142	133	69
5770	206	22335
3160	80	9623
21477	115	5264
4062	206	24479
9773	205	8502
10342	206	9999
6821	62	4119
6462	1	22504
23981	115	23192
3274	115	584
8536	1	8583
8791	80	8151
8495	123	6371
7320	62	5161
23423	93	4685
7717	115	23848
1231	160	6769
10214	123	2857
3677	62	8878
24963	95	7221
24229	62	23430
1433	143	3224
2236	80	22062
551	143	357
2016	115	22020
4222	149	6023
8211	108	9412
4586	1	7867
22907	103	9935
2827	58	8293
6647	115	23128
2716	205	5756
2305	123	22997
10152	115	10047
8142	115	21029
21944	62	5054
9861	62	21178
1023	115	3618
25165	58	24616
21903	160	23458
7496	115	4544
5497	174	5172
25083	115	3427
22155	115	25397
4873	115	9566
538	130	21495
24446	205	25123
331	174	35
25469	115	5802
22704	133	6869
8911	97	9341
5380	38	24517
805	204	2927
24123	115	2253
5121	115	10406
1281	39	2761
24991	115	5933
25082	95	9015
3277	108	2987
22	174	1681
25290	115	563
10239	115	6352
21938	115	7381
2136	209	7990
3084	115	2902
5501	204	7054
22492	115	7245
5087	160	1458
2472	173	760
4993	133	24448
6837	133	22749
218	62	7076
6206	115	8347
10349	78	23120
8320	80	2566
3378	206	3556
3924	115	22555
10143	115	22152
2415	62	8388
25288	215	8031
8402	80	1136
73	62	23067
7088	115	25210
3151	133	22296
2459	173	4060
6600	149	25226
3996	5	3245
3245	35	1437
4968	53	6869
4509	80	2630
8558	115	23525
25247	205	5043
9056	143	23666
1018	62	21293
22842	115	378
4242	115	426
4909	204	21968
2998	131	7172
23156	115	3272
762	62	6268
23520	62	6527
6829	115	4193
9180	173	23455
1989	149	2532
21258	160	23458
10430	1	1070
429	14	8992
6744	205	23477
7637	173	2039
7995	206	858
23923	80	196
746	80	8679
3868	160	9100
198	1	23619
24312	115	6414
25015	62	1358
21308	115	10253
3641	115	24132
24234	106	9218
6408	72	4771
10084	143	8340
21195	115	5035
1719	115	6633
21306	72	4043
22599	206	5197
3085	108	9412
6198	93	9750
24401	115	4856
24856	183	25166
21476	39	5145
2884	115	4932
6018	62	10228
23076	78	22624
1384	62	5576
3591	115	22555
21207	115	23872
24983	205	24286
9890	108	9412
24790	106	5525
22156	108	8003
3677	62	2052
352	205	1453
1	80	2833
23676	123	7592
622	98	9341
10460	115	6150
10309	1	5851
7892	133	23034
23997	5	7458
5391	115	9520
4764	13	25183
4198	173	5213
22387	209	5750
24254	209	7685
7086	115	25028
23717	133	5299
21933	209	511
1377	115	21127
6157	26	10464
10027	93	23913
2185	123	7685
4350	123	5099
9478	106	4696
8103	210	8178
9388	115	6636
6852	206	2646
8285	205	5996
23839	106	6414
6634	72	727
310	106	7255
10272	62	890
747	48	6273
24891	133	2566
2444	115	21229
22506	200	267
23490	106	21313
21134	58	3112
9530	209	21811
6807	22	282
6996	115	6254
997	62	4649
5355	123	5603
21191	80	5777
23748	173	23748
8737	133	7238
21970	38	4819
2381	1	508
4813	115	6273
8465	114	23861
22111	108	9412
2827	38	6275
2538	62	7443
23980	115	9690
222	166	24233
25222	209	24830
4531	124	22437
10494	95	22910
23303	1	6147
10060	173	5986
1487	35	24110
7819	93	1621
1725	123	1629
24018	95	1664
10451	115	8139
3040	133	89
8781	115	24345
792	22	1437
3231	103	3360
24950	204	22743
9867	95	1295
21394	206	9482
23693	106	7622
21844	143	8082
7586	115	22643
21252	131	9373
23799	123	3516
4469	173	5997
3458	115	1754
6844	106	5237
22182	35	22064
4086	62	4520
25010	204	22076
5955	80	2566
24129	80	22137
5531	106	22943
5510	62	1284
6230	193	4669
736	115	21358
3263	76	2566
3922	205	21575
9589	133	21123
25469	115	476
22506	143	23841
5277	133	23216
7376	115	9964
25392	38	3571
23201	205	21989
4948	206	22987
10100	209	4468
5902	103	23189
8082	130	25427
117	39	5528
25218	204	2727
1969	108	9412
7112	62	6832
1430	95	5136
3480	183	363
5532	209	5314
9065	115	5586
24451	93	6676
1140	115	1331
6038	206	21962
2707	133	6430
23294	115	23595
8413	133	24540
3313	115	8472
2653	115	9352
24820	39	21073
22669	80	24163
1148	206	2366
3389	106	23325
4763	106	23097
3861	14	747
3090	204	24951
21690	206	5922
6469	131	1682
24660	173	3324
72	103	22570
1486	206	3578
3151	5	4085
4620	80	4829
4745	204	618
7655	115	8627
3869	80	23308
21572	206	3088
25412	149	8921
516	115	21668
24937	17	24946
694	206	1949
24536	112	22056
3215	173	5494
25229	1	23619
25031	123	2658
23055	123	7696
1158	193	6877
3850	80	622
22110	173	25058
4006	204	24951
4590	123	21533
9870	209	9756
736	209	8024
650	115	2324
23430	62	21345
646	115	2370
21206	93	22969
23889	115	6945
128	80	9541
5061	174	24107
24850	133	2566
24926	177	23979
1433	174	22163
24133	115	8293
3604	80	2587
23295	106	9635
23518	62	5542
966	115	23238
3797	205	24658
2787	115	9826
8638	173	8818
21051	62	6244
1148	106	4167
23283	108	623
8977	173	5455
3043	26	24091
23914	206	3862
6552	95	6758
23650	177	25077
2442	115	24345
2034	131	24847
23771	115	5303
5777	35	23463
21777	115	6207
23674	173	6383
481	133	8874
4206	115	22403
5966	160	22294
23997	80	2566
5615	63	22980
7722	115	9010
22453	133	4790
21485	115	24513
21337	115	23257
3825	131	23171
4958	103	24656
21752	115	4857
6045	123	5401
4648	42	23943
2368	1	508
7160	115	5741
7340	82	22204
4871	82	2012
7170	108	2694
398	209	24705
23007	209	8938
25479	103	3177
1870	115	21871
4579	115	8398
4648	102	515
3364	115	8442
22864	80	6101
21802	1	5856
22319	115	22218
25430	115	2774
8088	108	24784
25401	95	9294
6931	206	111
9037	209	747
1691	183	2864
21570	205	1663
7951	206	1867
22845	123	7003
7388	115	604
4567	173	4793
5458	62	7112
1117	215	25227
24532	115	3917
646	209	22955
22546	95	6912
884	80	7463
2439	108	9412
5597	62	1988
1737	173	9356
22355	123	6738
4143	80	9481
25148	206	7509
21846	95	10452
8730	123	7518
21176	80	24536
23426	80	24163
7440	115	1188
3777	48	6503
1841	108	9412
4036	80	2566
9943	115	4708
21238	80	9623
24049	108	9412
25392	38	8320
2657	103	3698
3206	80	2630
8173	95	10108
22308	133	21395
6188	131	10325
4322	206	6533
25098	115	24668
1864	115	4791
23610	80	7900
24772	209	189
25364	115	23091
22355	1	508
5834	146	8986
25020	26	21638
887	209	23065
7022	80	2011
22087	62	1358
22630	195	6138
8728	80	6869
7598	123	1884
6402	146	9580
1070	75	24609
24133	115	4705
5771	123	2268
5753	95	24635
24887	143	231
5874	80	6869
2436	206	6411
23788	62	25448
7287	80	7305
21627	123	22167
5745	209	23077
9933	173	6011
24877	1	1070
24324	95	2014
2374	62	21293
24463	115	10238
25095	209	517
23478	115	5231
6170	80	2566
24378	80	1053
23548	72	1948
6639	115	22965
25317	80	24491
23295	133	1053
2616	166	2895
3269	123	5401
7838	62	7604
22823	173	3538
4120	123	10020
209	80	22733
24440	130	5172
626	200	25149
21777	173	24830
8129	106	6815
10011	115	3740
5252	38	24766
23164	115	7993
3907	106	3730
6417	115	5474
1191	80	24998
6954	173	21605
8469	125	10237
21103	103	7494
23798	80	2566
6854	95	8265
1950	206	22132
8095	143	21114
5411	133	89
23687	209	5314
539	95	6301
24638	95	23254
3719	133	2630
24355	209	21939
934	210	8178
1123	160	9100
23634	206	1563
6656	108	22819
5365	80	22733
3955	115	5179
7955	177	3345
21872	115	23316
6164	191	9997
3029	80	4552
4054	173	3618
8820	209	10410
2157	80	7423
21452	82	6044
8599	206	413
25204	125	2922
21668	108	2694
8066	115	5422
21974	115	857
7404	1	23407
2555	95	9456
1163	80	8874
2559	206	4479
1221	160	24239
2690	80	2224
2118	206	21017
311	103	9810
24673	108	9412
2089	38	2962
22380	80	22733
3342	143	9924
4732	115	23547
9143	133	7201
7995	133	24651
5947	80	2566
7922	133	23747
5572	72	4857
25362	130	4962
8656	115	4023
6860	80	9623
1618	195	3082
22294	93	21905
24982	144	22819
2637	62	25448
10256	82	4875
2642	209	23709
23867	115	23192
10280	123	8630
22466	62	22867
10396	106	3876
4893	123	3812
5015	123	9225
7390	80	1136
8070	189	8853
24230	173	9953
7525	174	4701
23766	204	7874
269	108	9830
5555	115	9527
2805	123	22348
1339	204	21968
8108	206	23967
414	115	9178
7607	174	22163
1909	123	10237
4241	80	7900
25	210	21665
22605	209	4213
21545	115	3300
24703	206	8349
1366	173	9696
10323	123	8207
3881	160	9100
9874	209	3356
8321	131	7487
2084	204	3974
7607	130	22163
25070	115	1789
6384	35	6511
3049	103	22372
1645	24	6563
4294	151	30
2337	62	24673
776	173	8325
8542	174	5172
7019	123	8992
23142	174	2920
6325	206	2054
23793	209	22998
22796	115	23317
23895	62	960
4953	205	24162
22894	80	22733
4145	80	4995
24322	106	22015
22033	206	22091
868	205	977
25420	95	21199
9009	108	743
6982	1	508
3957	150	4262
9748	115	9520
2964	160	6214
6653	123	3438
3659	133	22137
6272	160	9100
3752	80	2011
4143	206	9290
9407	123	24493
24000	206	5056
22353	123	679
22573	115	6207
21387	1	8583
1871	115	8525
5942	102	2479
21547	62	4681
23752	174	3571
9104	205	22652
9471	160	22294
25074	78	24588
5382	106	4036
1574	80	4790
22325	204	5071
22987	80	3245
21873	131	6592
9268	95	22886
3191	115	23211
4580	1	23407
5218	115	2943
2243	80	22879
24839	95	6912
2036	62	2708
766	160	22294
223	206	21861
22614	160	6769
5936	206	7676
10362	115	1501
23573	80	5030
25129	206	10135
4346	95	21943
1227	115	9084
8305	115	1276
22302	115	4932
8668	106	2599
1875	115	8579
6361	209	189
21263	95	2962
7623	39	6058
4601	115	2370
23946	183	10266
25095	173	517
24436	115	10319
9837	1	1396
4690	173	4213
7377	206	3179
2658	80	2566
3577	174	2711
21082	115	2924
3622	80	1485
9972	80	7201
21023	106	7259
4698	123	21790
10080	80	24784
3427	133	6563
6042	200	10237
7591	115	5976
24541	106	517
3794	80	1515
22602	106	22791
5575	62	4967
4674	123	6021
7450	173	7680
142	1	5389
8159	106	23453
9919	80	24397
4942	206	7814
23771	115	3740
444	173	2039
10239	115	8402
941	123	4027
1970	183	3718
8951	183	2155
8994	194	8583
22061	80	23979
21096	80	6869
3483	80	22733
21937	123	22013
3823	205	23477
5890	80	2566
24225	173	23780
3695	160	1458
3877	115	23817
8449	133	2566
5505	38	5505
24506	133	23677
9749	55	25370
3862	93	23511
21689	115	2489
4322	206	8564
4539	174	5997
21604	115	4833
21542	115	497
1685	62	8388
7273	209	23960
9274	133	2224
483	209	10317
9269	174	9158
24126	115	24104
8023	215	25227
663	206	22420
9799	115	23507
10228	62	7154
3998	1	508
3806	123	5921
9118	123	1889
7764	204	2430
978	123	4919
22317	115	2692
2160	80	9541
5943	207	830
6583	115	25059
8477	74	98
5024	103	4470
522	108	9412
3404	62	21747
24363	62	2439
4471	108	9412
9816	115	23325
275	62	3612
3158	123	7279
21025	204	21189
22473	173	24764
10080	206	21555
23834	62	376
6243	160	21192
8273	143	4002
4714	93	4420
7317	174	25392
1024	115	854
21714	115	5288
24864	115	3973
1147	22	2566
688	115	6503
3255	123	6846
8132	205	24719
10219	38	5820
7067	39	1052
9466	62	762
22025	173	10
2894	115	7004
23931	205	5762
9572	205	25123
7239	115	22405
24228	149	23059
6380	209	9937
25054	115	21668
10362	209	10359
10150	133	25465
3365	80	7349
23092	92	7474
23158	115	1026
5458	62	9579
6403	22	7900
22150	115	6205
2985	93	2156
23614	206	9422
101	80	6961
2362	123	319
9895	115	4317
1885	123	22167
3793	130	24524
3882	160	22294
3951	115	9459
9002	76	2978
10152	115	9948
7021	6	4805
6408	106	22269
1220	80	4610
21697	80	9887
23781	65	5818
6979	82	22339
1065	62	3020
923	115	8810
4577	115	23425
10329	62	24952
10095	115	8100
2272	209	4285
4176	58	7222
1935	62	7914
8306	115	1753
21044	39	6058
3815	209	24344
251	143	1742
23977	1	23407
6176	62	5569
25341	115	4021
9345	108	9412
2381	173	1112
7967	62	2686
1804	133	22296
4498	108	9412
3987	189	2896
4480	123	21811
78	173	5248
24011	200	21053
4454	123	22653
25422	183	23926
802	205	1453
1320	1	1070
23799	115	2327
925	80	7900
22316	133	24491
8434	183	1712
4947	66	9058
2554	115	23708
21549	133	1940
8493	80	7349
9653	115	8999
2190	131	916
6581	115	24379
1872	215	25227
23046	115	3375
22103	204	8252
2889	80	2566
10078	173	4193
24286	90	24983
8657	123	319
4944	106	25315
1097	98	7399
5763	123	7193
4936	206	25172
2964	215	25227
24175	115	8024
1589	108	9412
5894	103	22248
5461	103	8540
24985	103	8941
8955	80	1515
4957	1	5851
3660	123	4900
6889	62	9661
24825	205	1609
1256	108	9846
7815	123	7861
8150	206	22091
4000	133	9623
22353	173	679
632	80	2566
10337	115	2749
10032	206	22054
10383	115	7475
9115	106	4740
25146	115	23848
23096	26	8602
9500	115	24773
23313	209	9775
9374	131	6636
25058	58	21495
2741	87	6058
21585	115	23128
952	150	25195
4557	62	23499
4894	204	7874
4471	62	464
21024	200	2920
5451	26	21638
3340	115	787
23763	62	6833
21462	123	2589
7839	39	5327
7092	123	23610
9950	95	855
9018	80	2566
23927	1	508
22711	62	522
9866	115	22687
6968	174	24766
4066	62	5386
1571	123	3460
21874	1	2727
7203	115	23405
4021	72	6636
429	173	10168
7358	115	3670
3951	209	6419
4658	204	5912
24335	114	9265
7400	131	3751
3811	160	2382
23445	205	1582
10394	174	8538
23938	184	2345
395	115	7067
6248	80	7900
5220	115	4067
23050	115	1000
6573	80	6869
23026	143	2515
3147	115	23672
5550	80	23216
23045	206	2330
935	130	9580
3061	180	576
23952	22	4160
8789	14	8063
7959	106	22441
9538	80	3992
484	80	6023
21594	72	6390
24396	95	23115
5911	130	1681
2569	115	9067
6315	80	22255
6650	95	9294
7759	154	4971
10399	1	1396
21330	151	4765
4051	130	22163
5117	203	6058
22286	174	2711
22523	88	22309
22688	206	22482
1782	204	7054
1685	62	5570
22538	62	24457
22178	106	25243
186	76	6869
6237	115	2749
3580	130	25073
5351	123	5890
3145	93	5619
574	62	5333
9427	108	9412
24629	123	8826
4995	108	8906
4083	206	7179
9768	123	3516
1907	62	8993
24091	108	9412
2835	93	1718
3477	1	7867
21488	115	4462
23926	204	254
22060	115	5799
21871	191	8573
3227	206	22887
270	131	4973
1700	14	3083
6523	123	6021
2683	38	22984
21081	200	22984
7265	133	69
95	123	7003
1288	1	1070
2933	93	9272
9962	170	6473
21733	123	35
25223	115	22651
22986	103	5409
7224	115	4986
4350	115	8472
1324	190	4741
3774	123	24564
7747	149	2978
23116	108	9412
25136	209	5496
22623	173	4683
24201	123	21817
21347	123	23996
22960	168	22616
23247	1	508
3742	95	4094
10193	115	9454
1416	80	1078
7740	170	22382
21856	115	4999
5771	123	6021
9102	93	9587
4846	131	10382
7262	80	6869
9227	80	4610
7115	103	24497
5929	123	7193
24078	39	3852
1172	115	5026
6197	115	22462
25447	115	3285
7261	209	189
9813	183	22027
2078	206	24044
5418	149	6023
22211	115	7680
2698	160	2382
1955	123	2822
23415	204	6138
22783	1	23407
8136	131	7191
25269	115	21902
506	183	998
9043	62	6303
4804	62	7315
9702	205	8239
3805	106	2198
4157	123	3206
10108	80	22879
6184	95	5354
6323	1	5856
4038	106	3538
10343	106	7386
6639	1	6147
10306	80	6023
7561	108	9412
322	205	7940
900	133	9481
24631	143	7418
8630	106	21197
361	205	8914
7359	80	6430
750	115	22417
2606	114	7630
9677	115	5035
6311	209	92
566	174	10190
24236	204	5819
21261	209	7314
5230	210	24753
22734	115	21864
4842	80	1612
22531	115	6826
7273	115	8398
25064	80	23341
25498	144	1710
4697	204	22529
6082	115	4317
6243	160	9100
9197	174	35
22697	72	9041
24178	115	6506
2974	35	23523
5344	80	7201
9191	123	22481
9672	80	2566
9300	206	9246
5492	206	3235
790	115	4661
22903	1	7867
126	209	7084
7081	160	23458
2042	38	9598
24738	133	4971
2454	180	10359
6220	115	24727
1661	206	5408
7339	149	23059
24512	80	6563
2578	115	927
5419	106	5419
9587	103	9102
2352	133	6101
2288	173	3011
7278	173	24524
5106	62	5124
21178	62	9667
2078	149	6563
5032	210	2002
23766	143	9933
22526	115	4005
4593	183	22429
21930	133	2566
7089	108	69
8767	80	8679
6370	204	8252
22507	114	6484
4940	160	22294
1132	115	21999
21961	206	1968
1816	115	3117
24662	115	7141
9803	209	21254
8467	130	9580
24109	62	22430
4649	62	22616
1740	173	24303
3404	62	1639
9945	131	21415
8018	123	9059
23734	206	25168
914	130	4701
7215	108	24886
25124	209	6758
4483	115	9734
24113	115	21343
22079	1	23776
607	115	3975
1279	123	21111
22804	160	6769
5385	174	8659
9810	149	3636
23547	206	10317
5780	123	22801
3812	80	1136
4711	115	22375
6257	62	10122
3568	80	9623
10293	115	24668
8291	62	6449
6735	204	3567
2287	131	4029
8393	63	9621
1524	106	7887
8930	38	5047
6076	53	7463
1449	62	3828
6347	115	7923
2319	116	8809
21038	115	25453
3553	115	4426
814	45	23624
23286	131	8175
2034	206	23935
708	82	24567
24363	62	7584
2945	1	23407
7889	206	24559
21734	205	24170
21888	115	1884
8093	35	6869
3290	72	4841
9094	95	3778
3884	106	3021
21867	204	6599
7070	173	21605
22760	72	23641
845	108	9412
6529	131	6932
6725	1	23407
22336	115	22405
346	39	1619
4573	93	23621
4438	131	24571
2475	80	2566
23816	1	1070
24214	205	8547
24459	115	23665
21651	115	21429
25485	205	5996
1119	133	7012
2860	22	8703
3170	133	24998
1879	62	24876
24792	130	22163
10000	173	10015
24182	133	8679
24352	194	1266
21363	80	6869
7547	133	23979
4865	123	5971
10415	78	9549
211	62	2539
5257	204	21968
24096	80	9887
3667	115	3008
8882	12	21359
2143	206	1447
7025	80	6869
1683	160	6769
5244	206	2182
5819	75	23661
25365	80	6271
21911	62	6651
2560	133	8099
22115	1	1070
23336	115	8024
9628	130	4701
5891	115	22788
9512	62	24457
24907	115	9059
24856	174	2711
73	62	10372
22045	133	9412
3591	95	4900
22971	115	3272
24283	133	1247
23684	209	24850
6016	95	1835
272	173	24608
2827	80	5109
9069	115	22120
6443	1	508
21178	62	9861
1382	123	7170
5857	183	1130
10315	123	5401
23675	115	5422
21586	103	758
21040	115	9520
4788	62	25069
6811	133	2566
10427	55	21250
21413	174	22080
22612	143	9561
21395	150	21280
8048	115	22839
22474	205	1436
23795	174	24578
23473	113	23473
7277	173	6840
25295	115	6233
25474	180	21625
7884	191	668
6065	123	21108
9407	180	3638
23398	205	1308
7978	209	22865
23032	209	7367
971	80	945
277	39	9320
3207	133	24520
2674	115	8438
2690	106	2751
9212	194	6486
10198	151	1566
25243	133	9481
21716	191	3912
2206	123	23310
21418	115	21581
3425	123	23234
1219	115	22576
4334	26	23429
627	80	25354
4299	143	24518
24430	80	2566
10060	115	22127
24305	209	4370
2806	209	3866
23468	90	8227
21347	123	21447
25488	180	8517
9703	108	22579
6632	204	6138
7037	93	7057
276	80	1485
21602	206	10027
6997	80	6869
22330	115	7262
7027	80	7900
22628	194	6486
8159	206	8628
7487	47	25188
6686	133	7176
5500	173	3687
22712	106	3722
4754	173	8777
5975	106	7919
9224	133	2594
479	173	3907
9289	115	24325
24099	173	22503
6979	76	2566
24704	173	8818
8390	206	6867
21807	17	6969
5870	143	23340
8015	115	4283
890	62	21606
5148	80	22733
7077	173	10111
21163	161	6769
650	123	3317
4449	204	4329
7656	173	24870
4967	62	23879
8059	115	9131
5087	160	24239
24383	133	6869
2808	134	2109
4458	62	211
8117	95	24422
24155	80	7962
2680	57	8853
23011	123	1763
9033	115	24041
5779	80	22458
1165	108	9412
8410	80	10453
5341	133	722
3144	123	10067
7011	96	22437
1745	129	4473
2030	80	24163
9127	131	23179
71	38	23257
2646	103	6852
22851	95	2842
25262	206	1341
5105	115	657
21641	12	7487
7814	133	9757
9687	62	23518
3633	206	21857
4806	160	24239
4700	115	22223
1935	62	1811
1429	115	2750
8311	204	8252
3472	103	21055
2666	80	24540
1088	123	9019
5418	206	2951
3083	133	2566
21144	95	3499
21431	62	7824
6598	177	24998
22146	200	25073
4707	95	4144
22386	60	24163
4732	209	3529
22453	170	6844
7542	115	21813
24802	180	7629
23774	80	2532
5045	162	9156
3049	133	2776
331	183	21517
5515	174	21495
21966	115	943
7529	173	6840
5203	115	1823
25067	66	9710
784	62	24278
2827	38	4193
3101	93	7075
6222	58	1681
8136	206	5784
7394	106	3101
22088	62	10372
4711	1	508
5593	166	7201
24948	103	5531
23136	160	6769
3362	115	4093
5716	204	2430
23182	1	1070
8554	209	9046
1806	191	6230
24722	183	2065
6215	206	1341
22605	95	6697
25029	209	3206
10382	131	4846
740	80	6563
21059	80	6869
5133	115	2757
3946	62	21098
3529	80	830
22384	115	4857
4732	205	8239
23377	206	7331
2958	123	3640
9325	204	5912
25030	206	24026
8087	174	7929
23335	115	21824
1924	62	4644
23185	76	5669
24518	130	2711
7677	115	23515
7583	115	6416
1717	80	24901
21766	173	9053
21198	108	743
7371	204	24951
6083	95	22886
5738	93	22870
405	205	24170
9160	200	5909
22715	133	2566
1035	133	21770
7563	149	23037
8857	184	3011
22561	95	4358
7250	103	1443
4948	133	3245
7468	106	24810
5541	205	23477
3200	38	8543
4472	103	7344
6261	115	1857
22389	130	24442
2467	80	5669
4626	100	2630
2439	62	9062
1025	133	2630
24492	200	6275
663	80	24448
3110	123	1280
24898	115	22813
880	93	8784
21534	115	3558
21730	115	21629
9588	115	1232
1465	115	24727
890	108	9412
25447	115	25059
7498	115	18
943	80	22298
3402	160	6769
7801	133	4790
3764	133	22109
3451	31	9990
5369	210	8019
23236	160	6769
8529	39	9715
3482	115	8603
23858	115	2614
6361	123	24286
729	80	8640
10363	143	4894
9383	205	1195
10395	173	22686
2642	123	23657
6373	191	6163
4486	95	24422
696	123	25151
25051	131	4857
1761	115	514
24859	183	4504
8216	123	10485
3553	209	189
1142	115	8090
23512	173	24092
5878	123	768
22887	106	25148
25391	173	3907
2892	106	2330
8632	123	22908
24629	115	23238
24993	206	5237
22959	115	2135
5784	72	7191
3817	35	2566
25012	209	22216
4401	209	21067
9656	95	146
2448	62	25020
8524	115	5959
25364	115	67
8072	143	8103
24515	62	3639
24039	206	6550
8964	115	3618
22381	80	22621
7011	60	5454
5545	62	8946
162	209	3208
8466	115	6506
5735	62	22315
3864	180	21786
1026	80	8949
21608	160	9100
22566	133	7349
10354	209	2117
21540	80	7748
22445	115	22274
2997	84	23671
6586	106	6842
5782	103	24346
23705	173	24524
22680	72	23662
21750	115	4599
570	123	6571
9606	80	2630
22862	133	22221
6923	106	21555
4201	173	25140
24556	80	22341
4188	133	9887
5025	173	5909
6143	72	9938
8598	115	10219
7457	95	24035
6151	115	3008
24032	204	24951
1708	206	1368
1171	62	5928
21618	1	23776
21618	95	9294
9549	133	21123
24724	123	23657
7293	62	21728
24374	106	10114
8804	58	8909
9087	209	23009
7177	183	1249
1227	1	5389
21777	115	22224
900	133	10441
7252	173	22659
1486	206	9163
3763	210	25126
22752	115	286
22307	158	24553
2053	80	4790
8355	123	3460
9521	80	9419
5772	129	22296
6440	80	24730
10201	133	22109
10128	115	3664
1591	106	4658
4011	24	8874
7267	204	2430
809	115	4607
9983	131	2163
21577	108	9412
1841	62	5544
2235	204	3567
230	209	24240
3465	38	25298
23807	106	22505
23157	180	10251
490	143	7927
22324	115	10057
174	177	6564
22017	184	8335
2638	151	5136
21113	206	5738
24261	80	21136
3694	39	163
23934	115	9600
1226	115	23582
2050	1	508
5061	204	6138
3144	173	22121
9280	106	7301
315	204	3567
6983	80	3944
7444	80	9475
7910	62	3027
2123	95	2303
24832	206	5237
21513	146	3322
7889	133	1247
4497	1	508
24238	123	4496
7336	95	3904
9823	133	6023
22693	58	8139
5058	1	1484
10189	160	23458
24197	173	21201
4454	123	23476
23453	106	8159
2665	80	6869
25198	149	7307
4646	204	8252
22552	95	5136
2100	1	23264
1174	209	7445
21665	143	21386
23772	209	4468
5573	206	23319
24586	130	24583
23082	80	3944
22815	106	3367
6475	108	7783
8007	174	22984
1766	209	5314
23645	58	5216
8082	174	22801
7063	115	8336
3135	209	5455
25148	80	5299
24519	115	3113
25121	62	22727
4857	131	25051
24326	93	3183
930	126	24335
7146	115	24564
2164	183	5747
4300	115	9948
25446	5	24730
24717	206	4704
2064	174	7984
6388	123	9067
23460	173	3086
5468	78	10163
24404	133	9412
22653	38	5997
9979	62	2052
24836	108	24998
1055	95	4761
4248	180	4291
3023	123	373
24538	206	7494
8242	173	9648
8233	133	23747
24773	72	22106
21547	62	22711
22138	115	4385
21034	209	5986
6552	115	7303
21167	123	23657
8556	209	747
9173	80	21522
3937	115	24234
24761	115	25051
9981	203	1997
5370	133	9412
25220	115	2903
5014	115	2902
9186	95	6301
9305	115	22380
2044	206	6823
23978	209	5401
5614	206	9920
22210	95	540
25146	123	4315
8318	123	24174
1254	173	9158
8405	26	22309
25456	39	2761
9305	95	6697
25004	209	24200
10452	80	2587
23348	108	4805
24389	206	2579
24250	115	563
9761	205	21575
775	204	21189
6067	62	3020
6772	1	4163
211	62	1907
10043	115	386
25001	114	5536
7393	17	8582
9515	41	9515
25459	160	9603
2046	206	21861
383	205	1308
815	108	6687
6461	80	21565
6428	174	10190
2852	62	23505
21104	1	1070
2035	108	9412
4861	115	181
3589	1	22437
21016	108	9412
3536	209	1232
23318	26	22309
23998	80	23677
24291	1	1070
21699	62	1441
3649	80	1437
21754	149	10243
5093	106	7378
3418	115	4999
23635	173	9845
1172	173	747
25411	206	1746
23264	75	4496
3569	22	21522
2831	160	6769
296	173	4763
10021	62	4368
21017	80	23216
3998	115	3631
10350	123	8938
23031	106	1376
21987	74	5869
5338	115	22417
5211	204	24951
3434	123	452
4085	108	1080
22797	80	6869
1923	115	5938
22639	115	7611
21859	115	411
22653	58	10219
25090	130	22163
3850	133	9412
23142	143	43
24215	80	23747
9444	1	508
9537	1	508
8129	206	951
4924	173	3259
5918	206	21755
6013	115	4544
1574	80	7201
22492	115	1586
24315	209	92
22470	123	9147
8232	42	23855
25437	1	1070
25022	80	21478
22962	173	22189
1966	123	24156
10399	123	6629
23314	160	6769
8768	123	9905
10195	62	725
6403	174	7
4796	209	3538
22068	42	23943
626	204	21553
22208	106	8713
3688	115	24385
4854	123	23610
9346	115	5708
1330	115	6469
1756	173	21238
5932	206	1747
4728	205	23706
3475	123	9110
24218	115	4067
22964	150	3795
4308	39	21948
1819	115	1503
23296	204	24951
1455	115	2995
21145	1	25468
7525	130	4701
9001	115	3107
3905	80	6869
25001	103	840
1285	206	10376
2562	58	2562
6022	131	2540
7089	108	5472
9959	209	4213
8918	173	24134
6655	72	7725
1216	80	24118
3313	115	6846
1468	204	6138
8051	115	2665
2660	123	6275
24425	189	7630
4674	115	2986
6345	200	926
22689	209	517
6989	103	4665
5348	131	6104
7506	1	7867
5774	112	1607
1230	39	5593
22862	203	22293
3634	206	7508
57	160	24239
22773	131	8650
1513	115	6784
24490	133	4805
8032	115	4882
8466	115	886
377	173	22189
4404	24	22469
23982	115	4371
1408	123	9107
24402	158	8728
23174	206	4013
10220	183	4454
3600	115	7067
2716	95	22803
1157	115	9802
5849	19	2450
7654	115	24159
23782	123	2822
24839	115	7943
22055	115	23582
1445	24	4805
9654	93	24691
4190	206	5922
3621	209	8747
9483	173	25207
21439	80	797
4975	209	6706
3219	108	9846
23435	131	21999
8102	80	2566
579	80	2098
5627	115	3083
18	72	5035
827	108	7783
2805	173	22348
25297	123	4900
2472	1	508
8532	205	25246
9896	1	23407
7732	173	6840
9080	115	23147
5853	173	24156
1655	115	1799
24318	72	409
22823	123	3538
23986	173	3571
2827	38	7
24930	204	1070
1391	62	1935
6111	206	3431
3307	143	6644
6673	58	3650
10294	209	3206
5452	144	2694
9635	206	7918
24945	1	24007
22425	143	7705
8400	206	21235
5537	209	7003
10152	173	1314
23884	206	5553
4906	92	9403
2474	115	10001
2451	203	1052
10484	173	7577
25337	115	5603
3703	209	5224
23816	115	8175
21115	115	497
25380	62	23516
6914	133	5666
10476	173	22159
1140	115	9734
22741	123	1763
2650	82	5100
8979	205	23812
23825	115	4317
24335	170	22382
22082	106	4631
10211	62	24010
23374	160	24778
24867	130	8293
10391	115	23004
2696	173	4568
24547	80	7962
7842	115	6315
24509	206	8589
4673	35	5268
9825	123	21536
8008	206	7036
23846	62	1412
6529	149	797
4409	115	418
3035	80	6869
2559	103	3563
7236	80	2566
22049	108	9412
24062	95	1295
4110	115	22849
24947	115	5797
24725	62	24869
7379	1	23407
24151	95	7159
22751	143	495
966	209	9897
1065	62	5635
6489	62	8401
824	90	23483
24087	115	1255
23171	131	2979
2202	210	22514
25489	131	309
21512	115	7723
1397	206	4214
7026	194	97
9617	72	2054
6492	149	3795
833	115	7004
909	1	1070
4426	90	24983
24564	80	6869
3872	115	4132
10003	115	22676
7139	204	6138
245	35	23523
1735	209	22348
2941	106	4081
8306	115	10277
7555	123	9954
24056	115	22280
22230	53	9801
9044	35	10458
6347	209	22905
25334	174	8414
21402	131	2199
24697	115	9580
2234	146	3322
23528	209	23885
3775	95	30
24793	205	24719
3099	115	9204
671	115	5328
4388	191	25183
1820	115	710
9886	183	545
25295	123	23004
23189	206	5902
7707	103	22091
7877	34	10479
2506	115	23090
9906	215	8031
4652	115	24345
5542	108	9412
21523	206	2558
9070	108	9412
22659	80	3587
6332	115	5516
8423	115	7254
4951	209	2789
5356	143	2245
4151	80	2566
22820	123	24608
5210	133	21123
2173	115	4917
24311	115	8058
8892	205	22377
9437	82	23930
1983	129	3944
6796	108	9412
2660	204	1156
22445	180	24269
7942	93	5818
25308	115	8067
1579	131	21049
3092	160	22294
4626	7	8759
7997	115	4708
3175	95	5656
5389	74	23619
9877	173	25058
381	39	3511
279	183	22721
6725	123	22567
9547	115	22385
9074	115	24758
8494	93	6415
24669	115	4019
4606	115	8058
6297	80	22469
25475	115	8183
1069	108	9412
6684	62	23700
9529	174	5997
6883	174	668
2661	80	4790
7498	14	24292
4649	62	23379
2852	62	6819
7264	205	21868
57	215	9603
22088	26	23429
25080	173	4571
22520	206	23057
5812	209	22443
25041	103	23426
23054	115	7526
3502	115	4384
21599	160	22294
1092	131	8024
9827	80	6563
3040	133	24448
2518	173	8881
23681	180	10145
2765	209	24263
8544	80	24540
7645	210	1822
388	206	3663
2368	205	9032
2411	173	9059
24002	123	7383
4605	174	267
24312	1	508
24305	173	25207
991	206	1232
22483	160	23458
25161	80	6869
3047	72	5043
5077	80	2566
2400	205	25246
25269	115	21756
5624	1	1070
7156	131	10148
22888	95	9114
9202	1	508
23017	106	8169
8988	204	21553
5820	58	10219
25406	62	8376
24908	183	25126
6041	115	266
1998	133	22137
2264	62	1638
24088	173	22163
194	123	25339
9383	123	23209
2168	173	22348
4914	72	5979
22423	153	2313
3240	53	3957
24084	80	6869
4348	115	1071
24681	62	150
94	115	24265
6468	123	3904
23129	62	9812
8870	209	1713
8154	204	2727
22419	133	2566
3049	206	9613
4573	93	23995
22077	115	913
4170	115	1188
2856	26	24091
712	173	23476
24682	173	5147
4718	183	3428
9297	123	8517
5837	209	8057
22189	80	7900
2579	80	4610
1377	115	4708
21297	63	7672
25290	95	8775
21904	160	23458
21579	209	7557
23525	106	21251
6471	115	24562
1388	101	8080
10272	62	10378
1029	205	6498
22157	209	92
21693	200	2962
3045	80	6023
480	173	21951
24324	123	10067
1672	80	9801
24586	173	24583
4456	206	21183
1158	209	24791
23194	183	4239
5248	67	4790
21608	160	6769
6053	115	1461
2839	80	24448
2258	80	5299
10457	80	6120
22219	62	4066
23087	93	8995
8952	115	9067
1804	80	2566
24481	80	9623
4334	62	22516
24621	143	21076
3608	123	3826
1908	115	2370
592	183	5998
3283	95	6697
6988	95	2769
4043	39	163
7763	115	3446
6299	173	24430
1782	130	24578
2166	62	2356
6682	206	4196
23307	174	9580
21005	123	5003
7903	80	22819
5702	1	9396
6641	80	7463
23248	1	508
2130	80	9412
5962	38	726
9179	123	5868
36	115	2222
21011	123	5003
22927	115	8175
10130	209	23610
24352	177	6430
22757	62	2264
9643	133	830
25109	133	6023
24585	92	22998
1533	133	7966
4898	103	2526
9614	103	6989
24117	82	4122
23883	62	10380
10453	35	4160
9925	103	5207
244	39	9320
6455	133	6869
22161	95	21970
7181	209	7445
3868	160	24239
7292	115	8113
4346	115	9932
4799	93	21715
4273	1	23407
23092	146	2598
824	90	1273
24576	143	2723
7920	115	21590
21616	123	25497
1386	115	270
8688	115	2562
4562	51	22076
5635	62	2720
1820	115	5680
7535	115	2022
3696	205	24719
1923	115	9520
659	80	6869
25253	95	8470
5746	143	6453
10037	180	10359
8026	123	3137
3045	190	21153
5957	204	5006
3428	123	5743
7389	93	630
22489	62	21724
23966	149	2954
1882	146	1081
23204	82	2056
21170	133	743
5195	146	7430
6283	80	5030
22271	62	3662
7023	115	1631
3477	115	23461
5427	108	9412
23906	95	8775
5571	1	23619
25059	80	6430
23246	39	6058
9776	116	4790
3093	215	25227
5289	80	8703
380	133	2191
9069	205	8314
21868	80	2630
7294	115	2848
4054	123	3618
2216	115	306
7487	103	25188
7333	90	21469
2458	31	22554
22931	80	22733
475	106	9602
24729	103	3303
8700	123	3640
24705	80	113
6797	200	6329
3119	209	8992
22097	106	7786
7325	123	7861
24624	1	508
21593	62	7963
24772	173	189
24545	205	979
9215	206	25173
7365	115	23785
22628	193	7296
2340	173	2827
1576	82	9728
22156	115	753
24600	95	3263
7019	95	22225
21467	206	4666
8334	123	21250
6691	115	8816
6908	1	1070
7712	1	1070
326	76	245
4212	115	8826
99	95	7731
4369	115	3675
25416	205	8314
23362	115	7964
4311	206	3831
3322	146	8271
1392	131	7148
10415	24	23747
24977	62	9757
8828	80	6869
23972	204	6138
21489	174	2962
5409	103	2118
23933	115	8496
1237	108	9412
8905	115	21921
111	93	4138
21778	35	2566
6915	80	6023
22492	209	7455
2920	197	10237
24241	80	2566
6855	115	5404
9700	115	3107
5187	173	4462
5040	62	3677
3413	204	5071
1099	12	7839
9377	80	24110
4334	62	2854
6323	14	24247
9048	94	5774
3560	39	4702
22796	115	24473
6951	133	830
7166	115	10053
2958	174	3640
5319	130	25298
3533	133	603
24040	180	9904
3595	133	24448
4401	123	1836
9065	209	1947
6177	183	8185
7481	76	7463
6210	215	5556
8765	206	8968
3464	115	2666
22268	95	23997
2585	123	5703
2164	204	21137
10379	173	5172
7135	108	9412
25209	80	4971
7910	26	23166
2300	115	2572
8242	173	2717
5639	146	24275
4336	115	22396
23327	190	23622
4498	62	9913
5464	215	3134
6830	123	21625
23362	115	6150
7824	62	7361
25067	66	23631
4177	204	7054
3890	115	10283
24674	62	6244
25398	76	9990
22711	62	21505
1600	143	3315
3492	133	21478
6557	62	5510
21634	205	3945
25144	115	21921
22633	115	23279
2088	14	7803
10074	115	22070
25082	115	24130
5652	39	2761
23707	200	23167
6268	62	7076
24529	26	23472
24513	72	21964
5900	183	7152
10149	80	2694
10343	206	5221
3904	38	2920
4580	115	7532
22070	72	9399
8805	106	21889
707	115	24345
868	209	9756
24113	108	5063
24716	80	23216
3334	101	5004
8561	205	24286
24690	95	146
7068	80	2566
3362	115	21375
21799	115	21428
3306	58	23049
3153	133	9830
7520	115	2443
25149	5	367
21122	108	31
9493	205	5925
9601	53	24110
1500	93	23774
3024	115	24928
5113	209	5401
10026	149	7783
22970	106	9465
7495	123	8992
5425	130	8842
8409	80	1247
10254	204	5819
2084	80	2566
21719	106	1617
22097	133	23397
2447	106	7737
21766	183	4374
1563	206	9235
1715	1	508
4051	123	22159
21381	200	23167
6460	115	3777
10439	173	1093
8633	123	3363
7749	80	25484
10213	80	7349
4607	80	7900
21048	160	9100
3914	108	8874
4531	177	2566
22307	115	4399
21946	123	9852
5334	205	7940
7594	115	6818
4255	63	4597
25274	168	5094
21728	62	7105
8755	115	24106
10402	62	23260
23042	133	9228
23453	133	9846
8262	209	531
7863	80	7900
891	173	25145
24634	53	21450
5809	173	21208
1105	173	1884
27	80	8809
22296	35	9875
25299	108	9412
8043	133	2339
6200	209	4050
23834	62	25112
5888	133	24491
7095	22	10453
132	115	10088
7986	183	21919
6088	80	24913
7325	1	508
21219	205	23706
2709	80	8088
4950	205	8492
3870	174	9158
7767	209	1629
5487	209	2830
22109	169	21558
22045	39	21953
1274	115	23147
6350	1	1070
23688	22	2566
23502	115	4822
7208	1	7867
23939	160	23458
7976	80	9228
10397	62	10292
7603	204	2430
7997	115	1550
5338	115	729
24856	204	7874
6374	1	8583
21991	130	5997
24072	146	1881
21673	160	6769
22719	22	24540
959	204	2727
3120	131	4417
8869	204	466
7651	80	22221
2458	108	2987
21430	115	23215
646	1	1070
24531	108	9412
24724	205	21989
7616	177	22109
22513	115	409
25393	115	835
9142	133	24491
3761	115	306
9360	149	6563
3147	205	8547
4425	123	23661
24593	204	7874
8761	80	8809
4912	115	21476
10346	106	1674
6848	131	7504
21114	123	8325
22853	1	6147
7880	160	6769
6561	115	657
23687	115	8033
21501	206	7108
9002	24	2978
24634	53	7463
7752	39	4247
5731	123	3736
7531	130	9580
24470	115	5214
7603	200	25497
652	115	3083
9861	62	3441
24708	95	6697
5380	38	3151
2216	205	977
9626	123	24493
9175	130	10318
4616	204	8252
2368	123	1838
9169	95	6817
23281	152	2566
4486	180	1813
8282	115	8999
22467	26	6113
24979	133	5299
5453	39	21073
23512	108	674
6578	95	5136
5269	209	25087
1590	194	1266
509	204	7054
23062	115	5303
1519	62	9757
22501	80	5063
21023	106	15
6135	115	8861
10177	80	4610
7584	88	4967
22953	205	6072
5192	93	8639
8872	13	24399
8343	206	3626
25146	123	8917
8667	1	508
10264	1	5856
10198	1	8694
6231	115	3066
2768	209	7975
1923	209	1098
23470	62	22530
5667	173	24564
8418	115	24845
21944	62	4681
2888	80	2566
7486	80	2566
7066	115	21116
3141	123	3363
5515	123	25410
6619	1	1396
6423	80	3422
1576	82	447
24472	209	23039
1365	115	2640
3906	95	6693
5445	79	6768
8947	108	9412
6593	177	901
8055	80	21395
7080	14	6610
7246	106	4958
24723	115	8681
9499	173	9619
924	173	4276
4397	39	163
8791	133	24536
9076	204	5071
22992	80	6101
4345	103	23042
2054	72	8650
296	115	5378
22049	88	22497
5597	62	6773
9115	103	9376
2604	213	10105
7243	205	25402
7245	80	1136
4870	160	2419
7346	143	5940
2669	205	2119
10335	173	22121
24079	114	21432
3932	210	22278
22600	39	21073
24923	115	24297
541	115	1799
6550	103	24039
62	143	21658
23574	115	2324
3806	174	5921
6878	173	23198
23291	123	21629
7963	62	21593
5866	95	23015
3915	115	18
1135	115	5769
2429	62	1559
4200	62	503
7108	93	1443
2230	115	21813
7503	115	8398
1600	174	24524
7346	130	9076
23572	184	9908
24106	80	7097
21333	62	6168
24694	72	3846
3736	133	6869
22401	24	4790
23071	26	6113
6321	80	4971
7531	210	24936
2682	173	25058
24076	174	8293
24077	53	22137
24203	206	3183
6876	123	9775
21318	123	5003
24168	209	5303
22929	115	23211
9274	149	23677
6069	80	9028
4762	115	7192
22516	62	4274
24937	40	745
6561	173	1017
3347	72	4332
24413	115	9900
22935	80	8718
22211	209	6536
9492	115	25051
7020	115	6035
3207	80	9623
3656	62	4351
1176	173	10359
257	133	8478
21757	190	4741
5039	115	2902
23576	115	4656
9979	62	23539
23239	123	24609
25479	206	21736
23308	35	6430
8822	115	1631
9005	143	5025
24350	62	873
5248	80	4790
10485	106	23212
9416	24	6563
4035	215	515
4347	80	8874
1092	206	4888
21812	1	1070
22727	62	2907
614	206	10114
21416	106	2478
2708	108	9412
22954	115	8141
10140	80	3944
22170	123	25373
24253	173	21605
25345	160	22294
22891	115	9782
9817	72	25450
45	204	8252
22122	22	24803
8855	190	6079
24871	136	21123
10268	103	9129
23486	80	113
7126	205	23477
22139	115	3950
6207	80	1437
2946	204	21137
22336	95	6046
9276	206	4210
10489	62	1651
21315	1	1070
22159	38	10213
5646	115	6506
21138	173	5997
5198	115	23872
25269	1	6421
119	204	8485
10113	80	5299
9772	80	23747
8076	115	4615
8334	209	4589
22907	93	1834
11	123	4900
9658	123	1884
25043	80	21280
9641	173	21474
2074	204	3567
3863	62	6449
10123	123	6440
3055	131	5204
8028	93	184
1604	200	9619
9994	115	24473
3261	115	8577
6077	67	6563
1993	95	10108
9837	123	3363
2824	115	22813
5387	190	6079
7567	93	22826
5933	106	8753
8979	115	6846
21982	146	24655
4199	115	21895
24157	80	6869
5023	108	9412
24793	173	22704
21234	133	5299
22740	1	1484
6149	108	21522
21071	209	8250
23542	115	1586
4530	205	8502
1283	35	9757
23715	115	1753
25434	174	6956
24476	115	4902
23953	173	3011
9483	1	1070
5817	108	8906
1170	115	9566
22105	30	9045
5371	115	4599
6297	93	9285
733	1	1070
1882	87	21073
23396	106	6483
3472	206	2623
10335	173	372
21542	115	22375
22366	62	9661
6448	209	22695
24334	215	5706
1525	80	23979
620	173	21086
23707	123	5743
24788	210	8705
22056	12	21176
23763	62	25119
4426	108	2694
24072	146	5495
8533	80	9665
5938	80	7962
3699	130	3413
21776	115	10238
5911	204	2727
21976	123	8621
7852	80	2225
24632	209	22443
7431	206	23558
689	130	1681
21301	209	9317
3900	1	1070
9946	1	2810
6788	115	6566
1405	123	5950
759	80	7962
21759	133	22666
1081	92	1882
4796	123	3538
4178	115	9279
24101	115	3740
24327	210	24737
21348	1	6421
7583	1	1484
3176	106	6682
4445	115	7790
7081	215	8031
392	133	7900
9286	80	6869
25404	1	23407
22509	1	508
24033	95	5354
21601	115	8183
1418	58	9076
8	82	4958
7711	108	2694
21631	115	22837
8365	215	23922
506	130	22149
6223	95	23015
4133	115	4775
10340	174	8320
10320	39	6058
22746	62	1811
21104	115	5422
9625	80	24163
5930	82	2398
3630	115	9948
9628	143	8078
8282	123	3317
10312	151	1566
25469	115	6503
24917	115	22035
2644	39	1544
8640	108	8809
2340	123	2827
6694	92	23507
22548	26	21224
221	206	4866
25135	115	5264
7876	115	4283
7629	80	24998
24079	39	2307
22654	206	21873
3902	183	3999
21396	62	770
25001	80	9515
6528	115	9964
22005	115	24041
21597	115	5986
5038	106	5508
10249	50	2587
7607	123	22163
8655	62	21396
9406	209	7577
1416	206	22588
10353	205	1609
23691	130	191
2281	115	9960
2699	123	4197
7987	183	23471
3119	123	8992
9496	160	9100
9059	58	8293
3906	173	22575
6553	80	5669
2555	115	2973
9001	115	24858
929	106	3318
10167	173	21088
4148	115	23147
8394	123	482
2080	133	23747
5228	103	5051
1106	115	1823
24754	123	2158
2879	174	25497
9135	17	24622
9746	115	1506
22700	115	24919
3149	80	8874
22740	173	25086
10133	115	21415
3312	115	3963
75	6	9045
25456	80	4790
3661	80	6023
2324	80	6869
7101	115	23768
1228	80	21785
21535	174	10237
2689	133	5299
21112	53	6869
538	204	22529
1867	206	5864
1978	1	1070
1827	130	6104
22876	209	24815
6464	80	5935
21657	88	22309
3774	130	22801
3074	1	508
2007	12	8650
25027	53	6869
8178	143	10374
9400	80	24448
3567	177	2566
23960	131	7455
24051	108	9412
8960	204	21553
7316	206	6506
6364	204	22076
1205	173	2572
9102	80	6145
853	173	6500
4129	108	9412
25083	123	5971
3268	133	7900
4230	146	5639
459	160	24239
9187	76	1983
311	126	21350
8697	203	5896
8786	106	6215
3239	24	4790
386	80	2587
7045	123	24174
24738	80	23397
6168	62	21782
21488	115	4264
10490	72	846
4014	206	7511
21699	26	21224
22580	209	22865
944	205	5996
24936	200	9580
3378	133	6563
5255	80	4610
1955	115	5734
8483	80	21136
10210	106	7524
23282	183	23307
9558	115	23075
1374	80	8631
22260	115	4207
9116	95	8912
7345	123	7142
4951	205	24162
9125	38	9535
4420	206	1403
2051	58	1418
25002	206	23301
650	123	6629
8654	67	5030
24270	115	1102
21384	123	7990
2397	174	8659
3443	1	778
2025	115	686
1410	209	5455
1725	1	508
6455	133	5669
7143	131	24013
1296	204	5912
8933	62	1412
21779	115	24473
4133	173	22189
25451	123	2827
25408	123	10
10319	106	24666
554	103	21727
7065	115	9764
2372	173	22653
3235	103	5492
332	160	23458
4864	103	21507
781	123	22163
8733	143	21564
5981	62	722
4618	115	4807
6645	154	6869
6051	173	1713
7139	174	9619
8280	115	21303
8506	95	22910
22092	80	3245
6366	115	22403
23845	209	24344
21935	173	5403
21095	115	6503
5518	115	22653
3490	80	22964
2737	209	9625
902	106	5415
2694	150	23979
9877	204	22529
23032	95	30
6662	1	1070
21755	106	5104
21179	62	441
98	80	7522
5346	123	23996
5980	209	8992
2904	205	8492
21388	62	23883
24419	1	1484
7308	115	22543
4844	115	1301
21940	62	25009
7911	143	7152
4460	180	23833
4196	103	6682
1201	133	22356
24450	115	7128
7899	115	8156
25302	173	6641
1899	160	6769
2301	95	777
4690	115	6846
5319	174	25298
7170	90	1382
23966	206	1141
10408	131	23405
8218	130	267
4551	174	1093
4846	131	4942
23406	115	22396
7550	1	7867
5613	80	6869
8701	115	5176
22153	125	3305
8890	133	8874
6837	63	21297
23546	76	8718
24847	206	23935
168	1	1070
10373	95	10452
9355	130	9158
22273	115	5675
2826	204	22076
21227	183	8103
6218	62	3404
24805	115	2908
4133	123	5401
8124	143	7133
1127	173	4004
8782	206	21257
22019	80	22761
5047	38	5958
4434	115	7744
24853	209	25140
8489	173	21417
3702	123	1093
10211	26	6916
6835	80	10458
6496	123	4900
23680	209	23085
2044	76	5141
5421	115	1556
280	123	1280
6101	86	23913
4417	206	10194
320	115	21707
3893	166	815
23071	62	6168
24995	115	24473
6786	39	163
1590	177	22733
8226	115	21303
2497	123	416
3827	196	6867
9269	173	9158
3454	115	22265
2176	203	24881
4365	160	24778
5514	115	8525
1583	106	22572
9664	173	25207
22679	204	8296
10357	95	6697
5092	206	22303
5984	197	10036
5649	72	7488
2633	205	5977
24600	115	8063
4494	205	7940
6639	95	6697
9511	1	7867
9532	115	4571
22730	115	21995
1604	173	6275
1773	62	1072
475	206	2559
1750	39	1052
22559	115	21864
8426	123	8992
6876	115	22789
3578	206	3722
3251	206	24477
5107	206	10161
23251	103	23577
8652	173	4218
9177	143	21797
4954	204	5071
5635	62	25015
24348	95	23015
9346	209	5640
8342	123	21046
9877	143	5578
9159	115	22371
24771	174	668
5195	24	21996
4048	173	22402
1465	1	1070
22832	115	7006
23563	189	7454
7526	80	7201
23236	160	9100
24089	183	3669
23779	115	9681
5286	72	23641
24456	80	2566
7878	133	22749
5768	115	22380
1809	62	725
22319	209	5520
21016	62	24903
1456	115	4067
2794	115	5938
2760	80	9665
7519	205	6498
3386	74	22321
1216	39	5896
6279	76	2566
4290	115	1927
4376	115	21365
7837	95	5136
4051	204	3567
7052	123	22348
22490	115	8182
23618	1	508
1073	80	2048
9499	204	5071
25432	80	9412
1719	205	21989
22851	115	306
5759	123	4310
8145	115	7381
22569	95	9387
5935	108	9228
25474	115	4132
5524	206	7995
24418	95	6697
23923	80	24540
22160	115	23595
5267	115	4902
2114	108	743
6856	39	21073
2074	204	5869
4504	130	3640
23944	95	2014
7021	6	5774
24580	133	22640
48	80	6869
5502	80	9887
3118	123	1947
25397	90	6081
5469	190	21153
10097	173	24583
5181	115	604
8969	80	7900
1313	53	22062
24150	131	1708
4261	160	22294
1252	209	23320
8119	115	10041
21520	173	22998
22547	173	1188
4887	204	21331
21130	206	23701
2253	146	5997
10450	108	9412
9607	95	1295
23655	204	24951
5629	39	2456
23491	115	8739
24877	173	9669
21801	131	10369
16	39	5528
1176	115	3102
6677	173	3777
8254	133	22819
23081	206	6127
2208	106	23621
21732	93	24633
8163	115	1224
8807	115	25377
3435	173	71
22373	115	24066
2376	106	21058
2146	183	21797
25491	108	4790
23038	93	21732
21984	123	21250
22868	95	23015
6677	115	3777
21880	115	21225
24606	115	1817
4710	174	1772
5773	80	7834
2340	204	8252
539	123	9775
9545	62	24674
4934	133	22601
21289	115	8109
21016	62	955
4592	108	5063
24475	80	4790
3409	62	21741
4850	173	22189
260	115	21629
1254	130	25149
21083	22	24803
5538	115	2455
22770	45	4107
5048	80	22733
23546	80	23169
6062	62	5570
22317	123	92
270	131	3055
9549	63	10415
9432	115	4857
23393	62	23646
6720	80	2566
482	106	3216
24763	106	5465
24785	205	10404
23023	80	7349
5902	93	7339
6937	130	25392
22015	80	24163
7795	115	16
8805	80	9623
24205	62	7910
7379	115	8024
2879	130	25497
3639	62	7831
8289	209	23286
8787	95	7159
5966	215	25227
9988	174	24310
22548	62	24363
5760	151	8775
9705	204	24958
2012	82	4871
8269	115	5868
10425	106	6477
2083	131	24622
1612	35	23629
9535	38	8930
22553	108	9412
8981	143	2250
7002	206	25188
3230	39	9571
289	115	22991
8089	123	10001
22793	103	23005
6159	205	23477
10484	115	8228
24716	206	1528
4852	183	8218
2333	190	6079
6926	115	22385
8875	115	4775
22672	115	9153
3754	209	4411
404	206	1747
2237	209	1635
22699	173	3801
21735	196	25205
23301	133	8088
3772	93	3063
1110	108	9412
1953	133	2566
943	80	2566
6463	115	2072
5863	123	4532
4323	206	7521
2202	173	6606
23370	206	7259
23220	115	22748
2206	115	8472
21433	108	9412
21019	115	1276
6925	206	2635
22674	173	22583
10492	206	6342
21967	144	8916
24699	115	23124
25284	204	5869
5325	26	261
3572	126	23181
23545	115	22462
9708	38	3647
6528	115	25171
4369	209	6706
4944	80	2566
1035	206	23400
22051	133	22666
1297	80	1247
25196	105	2973
7339	149	4790
6314	115	3300
2065	210	2883
3096	115	6694
9250	80	2566
5880	215	8031
3943	115	24041
3262	204	7874
2992	93	8830
24124	133	7834
2614	80	2566
10114	106	24374
3393	205	9032
3034	80	1437
4510	205	5201
9067	90	6911
21926	197	21598
24051	62	5635
7992	103	22934
1309	123	1676
9872	123	8621
7793	80	1078
22744	80	8921
23609	115	5239
24302	160	24239
3828	62	8539
7345	173	6836
155	115	25369
6506	206	23324
4434	123	2624
9425	206	5694
5595	62	7528
8377	76	5480
7124	115	23721
612	133	23875
693	149	5041
8778	80	6430
8412	115	8596
4861	95	1967
24617	80	6023
22290	51	9467
2838	209	5401
10415	133	21123
4378	173	1994
6733	115	25210
21860	131	2045
3628	80	6869
24166	1	8583
2277	123	2471
22524	62	2538
4922	80	3523
23020	115	7501
445	115	5422
2097	95	3778
4773	115	23694
9211	80	8967
5541	95	25038
22219	62	9146
22044	133	4790
1325	72	23024
366	183	22063
6857	206	24217
9397	108	24998
6952	123	319
2540	72	3720
23708	80	6869
4477	101	21419
10100	115	5938
24483	1	7867
526	133	2630
9851	72	5737
8447	115	7526
1693	106	25281
21774	209	9989
9207	131	8880
6499	209	1549
1180	123	22583
6761	115	9853
22214	115	24668
8081	209	21254
8977	115	23122
21313	93	9285
5355	115	4932
1232	72	22145
22671	1	1070
25340	22	22296
21627	1	7867
7537	123	23097
22996	123	8168
25186	174	21495
4000	206	24478
24452	115	10149
22589	108	69
3086	80	23308
6221	131	2044
2699	173	763
24443	1	1070
9467	113	716
429	123	8992
1130	174	25497
5441	173	7455
1426	115	8438
5405	62	1879
24254	95	24635
9783	115	2158
23043	62	1449
23617	123	6290
23674	115	6383
522	62	2797
9544	80	5666
1633	80	69
21186	115	23708
3974	177	22296
23226	205	23538
22029	93	9344
3933	14	8292
3499	80	6869
4584	115	306
5769	80	9849
2237	115	5724
24541	72	1349
10228	62	4068
21599	160	2479
3537	123	23735
25277	115	8139
2552	123	3363
2545	123	10020
10100	205	2465
2509	93	129
1125	209	23177
4401	1	508
24433	115	22275
23043	62	23700
8443	106	25330
1045	108	9412
6159	115	2001
359	206	21168
1876	133	22568
3865	103	24112
21313	72	6426
1348	115	3491
7613	204	10235
3285	39	9415
22824	80	2413
9268	123	6865
24631	210	6370
2390	173	1838
1051	115	8246
5888	149	25167
10014	160	24778
23542	115	3372
7584	62	21699
2032	38	2032
3503	115	10175
22269	72	4771
2150	80	6869
21794	95	21598
23567	205	3804
3970	80	23397
9529	143	11
3016	93	23808
923	158	9356
23896	123	4142
21545	173	5675
4268	115	22837
7967	62	25062
1851	209	24705
7846	1	23619
664	206	8782
2199	131	21402
9468	80	2566
23167	5	7900
3426	48	22020
2060	106	1305
2871	17	23507
5188	123	9338
22619	115	22385
10191	92	8986
3510	115	24432
25336	206	380
268	149	25103
4249	133	10243
23081	80	2532
2477	115	2995
25082	115	5204
3729	80	22621
83	39	24881
24222	108	9412
8869	130	21053
22420	106	9683
8553	209	8777
2925	115	5603
9017	177	24998
25096	183	1852
5307	80	23979
23126	123	10190
9935	206	8649
3382	206	615
6244	62	21051
10293	115	4362
8673	173	24589
9705	130	9619
5292	80	1487
4824	204	5869
23107	206	2376
23241	209	9225
8944	101	8720
24584	115	23555
25457	7	8003
24794	204	3567
9847	173	24012
22711	62	4681
5043	206	3047
2513	174	4130
8215	133	31
7752	72	4122
6954	115	4019
8469	125	9456
9641	22	10453
2038	184	24622
745	115	1369
544	166	24276
24087	115	1232
4118	39	21841
4912	123	5750
25004	1	778
7055	123	8630
3415	88	7357
10480	115	22935
1532	174	847
5909	204	5912
9105	35	7349
4004	39	23304
8518	174	8293
6794	95	8775
2657	106	1572
6151	209	21108
23602	133	24563
3282	80	22037
22113	115	24432
9074	205	8475
5915	174	8148
1986	115	9295
5	1	1070
23164	115	6490
24328	74	3359
9445	115	8024
9486	39	9715
528	62	2145
9812	62	3903
2220	106	4210
23105	115	3285
25333	108	24998
2800	204	5881
5611	115	3117
3397	78	6803
610	130	21926
4182	115	21276
9272	149	3124
7150	131	8522
23334	39	5593
25021	210	7603
25135	209	4330
7194	130	5997
24908	204	8252
5443	133	2566
22867	62	1393
24196	62	7293
8400	133	22296
3468	209	22865
9024	80	1675
8243	206	22335
9005	123	5909
9918	206	5782
25454	200	10237
22373	115	7255
5122	26	2713
5357	130	22163
1596	80	23747
8538	80	6869
1597	39	1052
6952	115	7271
7859	106	6355
1403	93	7511
22111	62	23439
21566	133	22960
4164	133	1053
5980	123	8992
22766	1	1070
6524	133	23608
2715	209	23009
3078	80	7900
7452	72	24213
3497	173	2227
6181	133	7144
25201	123	7193
7907	1	5851
8471	115	4005
21830	133	7783
9921	173	747
22316	206	3059
1424	115	9010
2854	62	10372
3575	95	5656
24804	123	189
6335	130	2973
4686	206	24028
23519	206	21092
1865	80	6023
5488	80	2566
21029	80	6563
23844	80	1487
6575	123	9592
9468	5	2566
5993	149	7632
2691	205	24162
22536	80	4160
4693	108	9412
21215	130	22149
7770	173	24622
8241	206	21715
21443	115	21059
3091	106	747
3823	115	4656
1359	180	4683
2271	123	10237
22657	95	8775
9844	209	7845
23659	174	4193
9527	80	6869
474	115	23555
23803	133	9875
5247	173	23598
22469	129	7796
1276	39	4563
22489	62	21098
21359	93	52
21748	90	22301
3418	1	508
21987	103	10171
25065	80	6563
4231	174	1681
7148	24	9228
766	160	23458
3238	90	4098
5203	115	23909
21152	115	25461
22244	123	2754
7060	80	23608
24550	1	7867
1621	103	7819
21202	123	3606
21969	123	25497
4983	123	6493
8050	204	5912
560	80	9412
23202	133	5299
25056	133	6023
25440	115	22412
8389	95	23115
23756	115	8438
2171	146	25467
6330	143	8363
22542	103	3318
6181	106	9942
62	183	692
14	123	21417
6164	191	9830
8889	115	4651
338	184	24791
868	115	21302
1962	115	1010
3368	123	1884
8455	35	6785
22996	95	8265
7035	38	4091
545	130	2711
22622	206	3367
5139	115	4426
6464	24	9228
8690	123	6865
6034	106	4499
9686	1	23407
9693	114	24111
7871	95	777
3876	206	1213
6713	115	9058
5014	115	378
3170	133	22978
9528	106	514
24341	206	24739
7124	209	10251
8751	72	2056
924	205	7973
8748	39	7338
2348	143	6263
14	173	21417
4729	123	3516
21534	173	21811
8910	123	500
8794	173	3825
1576	72	947
6114	115	22949
45	204	23475
9011	123	23180
21547	62	6056
8056	1	508
21729	115	4462
24185	115	4478
22708	53	22137
25083	115	1579
3701	210	23026
1132	115	409
4268	209	22354
8642	93	10178
7430	78	5884
4160	129	10453
22585	210	2883
2818	131	9207
5877	133	9623
873	62	3248
23102	26	23118
23271	115	4708
3832	209	8057
21604	115	8980
1953	146	1687
9975	130	22984
25186	183	22110
2942	206	22047
6203	133	24491
814	80	21280
1688	80	5299
6204	80	6869
21032	123	22725
24930	5	6869
9182	173	9908
5510	62	6557
8487	204	5006
7006	80	9028
2828	95	21943
25034	209	7998
5961	108	743
4684	130	24578
784	62	10361
24855	72	6306
22905	106	8917
24925	62	6241
22840	35	22064
24051	62	2377
6661	103	1070
2226	72	25379
3147	115	4146
23766	183	21453
6175	115	4882
1996	123	5638
190	106	1912
2460	106	10178
2779	206	9713
8673	209	23739
21061	115	24445
10472	115	3558
22141	115	25453
24050	183	25010
488	209	23077
4178	95	23015
22438	115	5382
9222	206	24763
4278	1	5856
21769	173	9785
2542	1	1070
8738	173	5476
22719	173	9619
7479	115	892
810	173	22348
8831	24	4790
23318	62	22523
2863	123	3940
4654	115	6518
21530	174	22130
23745	39	4563
23046	205	7940
22790	204	7874
2592	133	6101
4069	115	3590
1385	115	854
4312	209	8841
5240	177	69
24198	115	23840
10122	108	9412
7194	183	7636
7522	35	22062
21282	115	3963
2283	183	6883
4052	93	9201
2023	80	9887
3081	149	7323
8680	115	23721
22858	115	10127
2709	206	23301
21482	133	9830
5023	62	3291
24097	95	21366
9165	123	7572
3895	206	21594
25381	80	6563
23558	133	6563
7657	14	10410
9416	80	9623
1931	115	4775
24790	133	9849
8269	115	9900
4947	13	21184
1611	108	69
3677	26	8184
1178	206	3075
7130	80	2566
25140	131	7685
23850	115	9123
309	131	2818
9910	209	23085
2062	206	21873
734	129	1657
21888	209	5520
5821	174	5909
21624	93	4876
23442	143	10439
622	168	23578
21520	115	259
6052	209	5401
9855	206	1563
8223	115	24432
24398	209	8866
10191	146	22441
9640	94	4202
8316	123	3812
3313	115	7931
3090	123	4571
7477	115	4465
7883	115	5128
25147	173	6840
24208	173	8920
3689	115	9326
4887	204	8252
56	115	4991
8148	80	6869
8390	80	10441
6820	115	1898
8279	209	21537
22562	209	22348
7864	95	6046
23807	206	2921
10314	206	7435
5994	191	10100
22753	80	24110
22534	115	25492
5212	80	7458
3864	209	23077
6891	1	7867
3615	103	8380
23092	92	21513
2485	1	1484
2253	146	22163
21404	206	9722
9005	204	23070
6655	80	22296
5347	1	1070
24664	62	147
555	115	23403
25222	205	24830
21937	173	8984
23079	115	5235
2063	80	4610
24030	133	1078
10156	95	1059
6650	1	23776
25140	80	2566
23398	115	23591
8051	123	1635
7057	206	23319
6049	114	3478
6878	95	23198
22987	106	4914
5887	129	5970
23644	62	86
9414	80	7305
8997	184	9317
8583	74	22321
21586	206	986
8586	115	4882
5789	72	2998
4966	204	2738
7485	173	6880
7070	115	3083
3786	80	9623
23076	191	6563
5358	204	7874
3480	204	6138
9111	1	508
21088	191	10167
1350	130	9580
3046	80	7349
1086	206	3713
2461	143	5870
10066	209	5520
2322	115	25452
8203	1	23407
3616	131	7647
4849	106	7344
21771	183	6670
22624	80	6023
8924	106	8662
9556	115	25023
21721	1	7867
1669	143	5356
801	131	7488
22323	115	6846
3579	80	24163
7841	133	24448
738	143	7267
698	103	25344
8635	80	9849
3700	62	8405
9408	133	21778
25268	173	21208
4185	80	2566
6039	62	6218
10348	53	6869
667	133	9412
3090	183	629
4464	115	2489
3136	92	22441
25366	114	1435
22009	133	5816
23938	151	4144
25346	206	1376
9799	115	21217
3851	106	9935
1457	123	22269
24222	26	23429
1337	206	7690
23750	115	25159
264	123	24819
5794	38	6104
7425	115	23662
6962	115	5443
23644	108	9412
1359	123	7580
2007	72	22339
22881	80	1940
21061	209	9225
9178	133	4160
4195	115	21792
6232	108	24784
8050	143	9658
9696	82	8585
2215	115	24965
3825	72	6573
4350	115	5422
23139	173	2033
23428	115	8320
8369	115	1823
3131	173	3324
23271	115	8814
8393	133	22819
22040	123	24830
1248	80	9846
23977	205	8314
23153	62	24903
22617	115	22405
25232	39	21841
22450	123	23257
4331	123	10237
559	103	4013
24720	115	9153
21559	93	6711
272	180	23833
24042	115	8692
3137	80	22137
7057	106	6959
5590	206	9362
3105	80	24730
5357	173	22163
21243	26	21638
23723	205	23706
8059	1	5851
2113	173	9756
8262	215	22738
9344	126	7218
2580	1	6147
3173	80	9689
9104	115	2665
3750	94	8906
23449	115	2563
8761	5	8809
23641	206	22760
6916	108	9412
21741	62	3409
24954	130	10237
5075	35	22109
23076	24	6563
8086	205	5050
4685	93	7547
8386	115	25197
5813	115	6207
24741	133	8478
6114	1	1070
2644	133	10441
1086	39	5528
986	106	22266
1359	115	7004
21829	1	508
4796	115	4857
23457	149	24448
2231	133	9228
24015	115	7979
23695	80	7190
4198	115	5213
9911	130	6956
7599	160	23458
4277	173	500
9002	76	23183
8666	209	867
5981	26	24091
471	173	24850
10290	115	1631
7791	143	6685
23924	173	4620
4361	115	5475
9982	115	4540
7094	115	4712
9091	209	4197
10364	95	6625
2275	66	4044
23131	204	23070
22808	80	3944
9144	206	8637
4898	206	5008
3537	115	6846
22912	80	6869
23528	173	23885
1287	115	4600
22373	209	7544
24587	95	6697
3079	115	24234
6809	206	3040
25488	123	8517
7210	115	25164
6793	115	24322
4972	205	23538
21977	1	1070
22627	72	3337
22379	209	25086
21149	62	22523
5329	108	9412
1425	115	21276
6031	115	839
25133	115	1073
8897	115	1637
22847	73	4790
21083	130	2711
9999	206	25198
2044	131	6221
8935	123	6416
8192	1	1070
23123	173	6850
5427	62	8388
21433	62	2264
5609	205	5996
24954	174	10237
9243	62	6998
2369	133	901
24953	1	23619
3458	115	3225
2448	108	9412
6453	123	23661
23544	39	8646
22305	115	25429
1184	72	25450
22703	115	23947
6847	123	3438
6372	25	23525
22042	204	2727
6344	80	22621
25331	185	24762
2205	209	5750
991	131	4767
7132	206	21277
171	115	9707
448	205	25161
21599	102	24328
5295	80	9623
21889	206	7773
1573	133	89
9129	133	6023
4064	80	23671
9014	160	9100
2275	13	21184
9425	206	1013
517	80	2566
21327	210	10363
6792	143	24981
8751	72	5589
839	133	2566
939	1	24007
248	115	9468
21336	173	4568
22494	123	10020
9161	204	2727
5606	206	25114
4225	24	4971
24057	103	6348
9610	80	5777
7323	207	22666
117	5	22062
8247	80	24803
9558	209	5314
10452	133	1515
24715	115	23708
10321	183	9301
8311	130	25298
4670	62	8405
22957	115	16
7276	108	9412
3258	123	8858
1944	92	5495
3489	205	22705
3189	80	2566
10429	206	6472
22083	115	5680
4224	1	1070
24333	80	9875
193	80	9830
24761	123	6143
21013	123	24608
9725	206	2252
2568	115	7612
22598	123	4744
6631	127	23747
24224	62	21027
25217	95	3499
8116	80	6563
24040	1	7867
5267	115	24800
21258	160	22294
4408	62	23763
10300	115	8681
5001	160	22294
5159	131	6306
7277	180	25206
7071	160	24239
6493	108	2694
3191	115	9166
22986	93	1479
21657	62	3612
4472	93	3264
24545	209	21254
24500	80	1136
9233	80	22468
2907	62	3612
1253	38	6104
315	80	2566
85	76	7349
8552	62	25160
1283	108	9412
9832	115	5404
22185	180	7629
22581	62	2351
868	115	4139
8020	123	22222
8089	115	2624
10161	133	9481
22751	173	3571
518	200	2826
21587	173	8362
21689	173	3356
300	174	6275
8574	200	22163
21950	115	2901
24670	209	8004
5962	58	24107
21210	115	4544
6986	180	5945
25462	204	3567
1663	80	9801
4159	123	7861
8723	103	22610
4162	102	24239
7745	173	5148
22734	115	8746
3297	143	8082
7550	95	24693
25377	38	9456
9305	123	23234
9189	51	22738
21248	133	6023
8709	80	3245
2372	130	22653
25128	80	8874
2895	189	8853
4272	184	9936
673	1	1484
1392	80	460
6103	115	24968
9996	80	2566
22562	115	2001
4773	123	5028
22219	62	204
10369	67	21996
6701	62	22523
25000	115	5204
9328	209	2304
9104	123	2675
7254	80	2566
1493	53	22964
9244	108	22579
6846	80	5669
3232	123	8207
3654	115	25150
22397	151	7627
2747	209	21951
9142	206	8162
4319	108	9228
6261	115	5474
7347	174	9158
24393	174	2901
667	206	7786
9939	22	901
1067	95	8912
7936	115	8999
24741	80	8478
25320	206	2921
21579	115	10319
24252	133	6563
21753	62	4284
23509	80	5041
1585	115	7697
4296	123	319
23207	209	9577
21543	67	9846
24087	180	1813
5519	115	10330
22577	115	2692
3970	133	24448
547	133	9412
23268	93	2935
5644	95	22225
7439	115	7546
8874	150	5299
9425	133	6563
22027	130	2238
997	62	7835
10231	75	2176
25336	206	8625
5730	143	3543
7574	123	25177
3979	62	7715
24787	62	1171
9052	173	2663
23442	130	1093
25351	90	2772
25331	196	10206
617	123	24286
23038	206	21732
9206	206	5019
2836	1	9925
24885	115	21102
4609	173	2468
23562	95	2014
7927	123	22984
21277	103	5818
23042	133	23677
3135	115	8879
3023	205	23477
22999	62	9070
10004	106	9788
23137	102	22290
5187	205	8835
22892	62	714
10386	108	9412
22989	39	2009
9255	106	7332
21034	115	22127
7876	205	1453
23549	115	5167
22446	130	24310
21009	115	24942
720	72	7359
24920	115	913
6149	115	5101
5122	62	24904
24382	146	10320
5284	1	1070
7004	206	23036
935	171	9580
10280	115	8024
9090	115	4712
235	115	1026
781	143	1496
22336	123	5099
1725	209	1629
9278	93	23719
7959	133	9412
9554	209	24764
574	108	9412
2845	184	5520
5177	161	10022
9384	205	9032
1854	190	6079
2653	205	8314
21232	1	22321
8774	24	8906
251	204	3961
24398	1	2810
4293	131	7359
3927	115	5214
23869	80	1964
21280	108	21395
5401	80	9623
1254	174	25149
21539	106	38
10190	204	21331
21977	115	10045
22655	206	22414
7660	80	9875
9357	115	7245
2496	209	10358
4967	62	5690
21347	115	22855
5861	196	85
4542	115	22950
4004	24	6563
3943	115	24989
25254	1	778
8119	115	1731
7411	115	6601
4070	143	23898
3789	115	22935
8285	115	9817
4568	133	4660
2209	80	2566
10004	206	3779
1568	115	8816
24767	123	23657
24624	115	835
4833	131	23229
2366	206	9779
1089	80	6869
2804	209	1549
7474	133	2566
21640	63	23076
22101	115	8156
3928	93	8411
9152	149	24448
9480	205	8314
21271	149	9007
25165	38	24616
6627	108	9412
24257	115	8189
5651	62	4723
23137	215	3134
2866	62	285
1203	62	1393
10030	205	5050
6783	115	6186
7051	173	22189
22468	108	8003
7299	209	5314
363	173	22763
9825	115	23479
5491	173	22348
6430	150	23308
23520	108	9412
7598	200	2962
21109	115	22224
5475	131	10317
7806	1	508
22333	115	9153
8152	115	8189
23611	173	189
7550	173	8929
4682	115	747
2138	123	23234
24959	123	9775
22509	173	10359
25198	206	5485
23011	173	1938
6040	131	7523
9921	115	7926
22962	205	1195
22311	173	1089
666	210	8050
7581	115	6506
23041	80	6869
9344	103	22029
22301	95	7711
1296	143	25118
25063	123	8992
22425	173	2769
318	1	1070
22211	115	7923
3051	80	9849
8211	62	21944
10367	115	3483
25081	88	722
7488	39	6058
6197	115	23091
2963	115	25023
8190	173	21847
8833	173	8555
5737	80	4790
8894	39	7832
22974	39	1095
6553	39	6058
4883	80	22819
9620	95	855
9741	103	21181
6481	80	2587
8223	205	24719
6056	108	9412
7312	123	3897
2134	1	1070
6615	115	3267
7186	80	5268
24499	80	2566
2817	160	6769
24710	95	22910
23	95	8265
24151	115	23902
1576	80	7900
6705	80	2566
10302	72	8136
10022	160	23458
7298	206	21183
22601	53	21770
25287	115	3950
8262	173	531
417	72	2825
4714	206	1403
7790	206	23798
24458	115	879
10195	62	22435
271	115	3777
216	115	23947
22340	115	21629
8635	80	9623
5577	72	477
6807	22	8809
21986	115	5204
7382	80	24163
2206	115	22849
21780	123	9317
21998	108	9412
3145	106	3335
21582	62	1165
3966	26	8184
23836	123	21226
1886	80	743
24361	204	22076
5130	133	5299
321	123	5997
6937	173	3571
9834	95	8470
23575	95	6697
2503	133	1247
9832	115	24956
7838	62	9424
22073	143	6042
23228	62	10402
9551	209	6629
1680	160	9100
21412	191	5979
5953	102	24239
8880	131	2818
3404	108	9412
21728	62	7293
24348	115	1799
23266	115	16
24185	173	4655
21053	38	23709
2375	173	2717
4559	115	3252
22011	115	378
4070	173	9158
9842	93	22930
130	160	1458
8240	125	2083
21482	80	3012
10180	95	315
6125	206	1576
23129	62	8025
9583	143	6735
24645	205	5762
1010	103	85
9268	209	2475
3053	204	24951
3856	115	5000
5450	22	5308
5014	115	9060
24911	133	2008
10315	115	4093
22775	115	5176
23020	115	2294
1764	80	2225
1286	76	6563
1124	80	24052
10349	63	4255
2249	200	7984
9273	62	4933
24446	115	1129
6570	22	2566
23580	115	2995
5991	206	6180
3203	123	8902
23261	183	7877
726	5	6869
5174	80	1971
6658	80	2566
4336	123	4719
22444	194	1266
4913	80	9503
2789	106	5099
7111	169	10366
3015	95	2014
10310	80	7962
6808	80	5669
7184	115	4385
1478	149	9309
6782	115	5214
672	80	69
9182	95	7718
1598	115	2749
5330	151	4701
23121	12	5698
3517	173	9431
1979	133	22749
2161	1	1070
6129	115	4811
5100	106	1979
1292	160	6769
6762	115	23461
2265	173	5572
1169	115	25163
6937	183	9269
4851	1	508
21322	93	8454
6112	108	7783
23114	115	4712
9861	62	23949
24748	174	9580
296	123	23097
8878	62	804
21176	103	3173
3955	115	3150
4276	90	7088
3984	62	7528
1356	180	21786
6796	62	24049
964	209	22443
6900	80	2566
24957	115	3029
10333	72	7179
8009	39	4702
6915	206	4222
1795	80	6563
9290	206	21823
3921	1	508
21966	173	3777
6243	160	9603
24352	115	23557
3252	80	1136
8723	133	24491
621	115	9619
24581	58	7222
6966	130	24766
4496	195	23264
5151	173	8325
882	133	2867
24761	1	1070
5984	25	24296
24287	115	5020
3	103	5553
6778	123	22436
180	204	2727
3141	115	10238
24420	115	6983
2740	115	22837
9586	123	988
23528	205	1663
7723	48	23860
6130	160	23458
2914	115	23184
10377	95	24635
7658	115	25351
5074	80	23283
6269	173	3206
6007	93	6010
7573	95	8775
6464	131	7400
22413	160	22294
24940	209	6904
8585	80	5669
21263	209	4744
25296	80	23397
3340	177	2566
21189	165	6138
6751	1	508
25198	106	8196
2299	169	2299
23152	123	9775
24749	204	2727
5648	38	4193
3752	80	9830
485	24	6563
458	26	261
21549	80	21123
8223	1	1070
25218	58	7044
5996	90	8285
22735	106	4677
9998	206	276
405	173	4769
6285	206	25172
316	115	25170
4913	206	23874
23329	115	25461
3291	62	5023
1005	143	490
8378	133	2566
3612	62	24903
9445	1	1070
4414	143	1454
25019	209	22865
8032	173	747
4013	93	25296
21074	204	24951
5165	115	3715
7495	205	1475
23946	143	10266
1759	115	1233
9342	170	7951
21692	143	8311
6702	123	5522
22971	205	10116
21419	173	4477
22223	80	7900
4440	115	1892
4735	80	8003
3808	115	5303
24954	123	10237
3665	42	23943
6531	183	7391
9583	204	3567
3143	108	9475
7957	80	9623
3965	206	5493
5826	80	9412
21955	115	657
7085	205	8187
5186	179	6869
990	115	23582
22143	1	508
21786	80	7900
2302	80	22978
4503	115	5214
3667	205	8122
1791	173	8046
22546	123	2577
4293	146	348
21576	115	23872
22689	115	21437
24433	95	2769
14	205	1635
4233	184	1243
22256	51	5207
24545	115	22015
7393	115	5303
7984	5	4160
21554	123	9296
8610	205	10116
4709	115	9307
23236	160	24239
4430	133	9623
23045	133	89
7177	173	191
23204	82	22527
6285	80	9623
7460	133	2566
1836	191	7936
6754	62	5867
10437	106	6320
5187	209	8940
22060	115	8195
23248	173	5128
2420	130	24442
3424	106	6415
5886	1	508
3885	205	23538
4679	108	9412
1896	133	24448
21235	206	24509
7208	209	8777
8825	115	4771
6510	206	23396
22042	174	22942
6286	82	2480
495	204	22256
4142	108	2694
21070	103	21355
2208	80	6023
9504	76	6869
9410	80	2566
23702	123	8621
3990	205	5858
23475	58	3571
21917	209	25116
4707	115	23591
4942	131	4846
517	106	24541
22472	114	7960
24354	115	6104
7114	115	21629
23632	206	10004
23505	26	7357
932	173	25207
25110	39	22558
22920	206	7487
24659	209	7577
24033	14	4661
2311	215	25227
6595	115	8024
43	174	2920
23155	62	464
10380	62	25299
24862	62	9979
23567	95	22225
8382	205	8914
23480	206	1977
2752	31	9027
25331	196	23930
24477	103	2544
6000	53	9875
7818	160	9100
22079	173	8727
28	179	7111
25021	130	25497
3611	173	3349
9915	130	24766
6630	206	2530
2032	80	8679
6410	160	6769
3513	133	21123
9274	206	23914
5357	123	22163
9540	1	1070
4176	204	3567
1820	209	1686
5697	123	8621
24267	209	10170
6607	115	839
8650	179	7349
7417	206	7060
1568	123	25117
564	115	6893
4324	115	5941
6685	204	21189
8553	173	6573
24722	123	5997
10065	133	9475
4186	160	23458
21501	149	21123
4197	80	2699
24217	93	3357
131	1	508
10334	106	7937
1853	123	1300
8037	115	4426
2605	115	22084
21635	93	1793
1482	108	9412
7623	72	5614
23475	38	5958
22284	130	10237
4646	130	22092
6394	93	23056
23446	108	5063
9942	206	3722
22429	174	22291
22008	123	5028
8615	206	8696
3922	123	5099
6196	115	4208
9551	115	23150
5087	160	6769
8309	1	23407
7838	62	73
23925	123	23591
2357	108	4790
24421	203	1052
9814	130	8538
2811	62	5054
1671	108	9412
22614	160	23458
2737	180	9625
7399	186	9341
7454	108	4790
22733	35	6869
4524	115	2986
10389	209	6461
21022	106	23087
22612	204	24951
3311	209	8992
1405	115	6826
1070	113	778
8708	95	6625
4855	123	6705
4735	133	6961
7259	80	6101
22786	205	23971
24894	80	3683
6559	133	6563
24060	115	3814
23359	95	4761
1805	205	25123
291	133	8874
25474	95	21625
5055	80	21522
5406	173	1522
24496	80	4778
24344	80	24998
6673	38	3650
7291	22	2566
8449	80	5669
4231	143	25250
4537	115	22584
25417	80	2630
10221	204	3567
3610	206	21690
5267	209	24608
6523	123	23698
1262	80	24803
1082	209	9897
25168	106	6193
22158	115	3113
9387	204	5869
1993	115	1753
7645	130	10318
1067	205	5201
23651	80	9623
612	206	4271
7616	177	2630
4675	115	5927
9189	74	24007
221	206	5649
509	80	22733
2155	130	21220
10309	173	22348
8073	173	9619
106	114	7630
21484	173	5089
6445	204	24951
7261	115	8189
8135	200	25298
10210	103	3646
24005	80	6869
131	115	24999
4700	115	3986
2733	115	24297
22801	204	5071
4219	131	24172
22569	180	1635
11	143	213
5490	209	23132
4227	95	2014
4116	206	645
6677	115	21276
1620	206	24021
24488	115	409
4938	106	730
1843	115	22788
3297	183	8695
21538	115	9527
24809	115	21191
5609	115	2072
24101	95	21199
4002	143	4002
23892	173	189
1296	183	24689
1408	115	306
6653	115	2158
9666	210	25257
21739	160	22294
8781	115	22385
24421	80	10441
8755	1	23264
2111	143	9175
23948	183	8181
22721	143	279
9764	90	9405
23241	95	3547
1237	62	23505
9578	95	146
1443	133	21123
2205	115	270
7399	68	9341
8621	203	2456
3219	84	23671
8647	205	6072
1581	206	7394
7941	133	24520
68	107	7630
23823	206	9351
8428	123	10001
21035	62	5635
2113	115	21302
7278	204	2727
348	93	23160
2801	130	23257
8560	1	23922
24302	160	9100
244	80	22062
21357	206	7819
6763	1	1070
3414	180	4565
4748	6	10453
7767	115	9909
395	115	24473
1668	115	7737
268	80	25103
22007	133	24448
9028	108	24998
2975	200	2901
24158	115	1736
7790	80	367
9271	62	23395
6394	103	21526
722	62	10378
10233	195	23281
6650	115	9020
9486	92	23433
9008	115	24919
2356	62	6055
8475	80	7962
24723	115	160
8907	206	7339
2956	115	8024
1021	103	76
1975	115	729
8689	115	22824
7859	170	3183
23033	123	6748
23296	143	9901
4717	166	10453
9780	115	25351
9515	144	2694
22936	115	7638
1067	115	9018
24925	62	4492
5659	115	9465
8355	205	32
22456	173	23598
6062	62	5427
24636	95	4040
8469	125	2973
1470	80	1247
9038	115	6784
151	80	4794
3148	215	515
5251	206	23154
202	115	22789
8155	174	25497
22870	72	22169
24877	115	8024
23518	62	10449
2245	204	8252
6608	183	23368
25363	72	270
21307	183	2267
7635	95	3778
2016	115	8189
9383	115	5239
23057	106	9482
7802	22	7900
7354	38	10213
10423	115	9458
4075	206	5694
6175	115	23839
5956	133	5299
23663	183	9193
4972	1	22437
5219	1	22504
24112	133	1078
7259	206	22864
21721	173	8312
22691	183	7038
6102	106	6941
1205	115	6518
9384	115	22245
9986	130	22801
3282	133	4794
1133	80	7349
8557	80	6869
7154	108	9412
3152	115	3302
3480	173	9619
5874	133	1983
10268	149	23608
8342	143	24505
5155	115	4216
1568	180	22216
6859	160	1814
25045	76	69
1821	115	3620
21247	115	23147
3527	80	24730
24522	173	6573
2907	26	9841
6426	80	7796
1565	115	4021
24043	206	65
987	115	3167
2013	133	6869
7316	131	8024
22641	209	22348
2481	108	7632
10217	106	4704
23975	115	8699
71	80	7632
22630	80	367
22467	62	21333
8862	209	2758
3708	150	7796
22423	209	5248
1093	204	6760
9961	173	5300
3723	114	8853
21347	209	21447
8135	204	21137
21370	115	4358
9386	123	21226
24146	93	2835
22069	124	22437
1337	131	2790
25172	93	7389
8715	209	10410
7451	26	7702
2299	108	9412
21564	130	2936
8620	173	21598
21607	133	69
3565	95	5628
5510	62	6218
8977	95	22910
1441	62	2439
22539	209	5101
5230	204	21189
23033	209	10117
984	62	10228
21013	180	24608
24686	131	6111
22000	123	2697
10376	72	21698
3046	206	6894
7537	173	4763
21706	80	2566
6680	80	21450
9451	103	24429
2695	115	5022
1903	133	23283
24088	204	7874
1651	108	9412
9911	173	8325
25144	115	24965
21144	209	511
21743	106	21234
3432	1	508
8516	108	9412
2408	133	7349
2740	115	21921
23920	206	21022
3291	62	3218
7553	133	22621
9938	133	5669
24065	206	21287
9373	131	9120
21764	123	1387
9075	205	1436
1394	112	6756
7824	62	10122
6284	35	2008
4019	106	22955
10130	1	1070
24192	80	22733
2570	183	23386
936	106	2657
6897	206	152
7772	115	1974
21397	215	25227
7895	209	24866
9163	93	2060
9557	95	9286
8463	123	23310
381	24	4790
784	62	23395
6022	206	24317
1993	115	2995
7821	115	6170
23032	115	22555
8196	106	8343
155	180	9904
2062	131	5895
2647	108	9412
1853	209	23706
10365	173	3704
24664	26	22309
22680	80	25498
2556	115	21756
4988	210	4676
10120	80	1136
2327	106	8699
465	180	3356
2599	103	23189
4659	80	7900
467	115	2769
2524	123	319
21059	80	22733
9896	123	21633
5499	210	8050
5715	173	1994
2485	115	23403
24766	5	4160
25080	174	4571
24663	206	22622
1571	123	6843
6760	51	23070
9346	115	426
23693	103	24627
5302	108	4790
4244	206	8100
24193	24	4790
4900	204	3567
24251	130	5648
4576	1	1070
9517	95	3263
1124	106	8998
23178	26	9427
22093	115	7254
2754	58	25298
5072	115	217
3745	130	8538
6217	115	8398
951	133	23216
23112	160	9100
41	115	7947
22072	93	5732
478	116	9623
523	209	8168
23394	136	25465
506	173	22149
6695	24	21996
4518	173	2488
9398	72	4244
22342	51	25227
7343	106	21319
23421	95	9286
7194	204	24951
25288	160	1458
23764	115	7380
7244	173	9158
8501	24	4790
24230	115	7651
21787	209	25106
22726	115	181
6607	115	2847
8841	80	6869
8568	115	4591
5277	206	22388
10370	1	7867
9148	80	2566
6603	115	9465
3321	173	372
24077	85	2587
9799	115	892
23269	115	5278
7085	123	5028
23876	209	7683
21205	1	508
955	62	23102
3729	67	4790
10275	205	5263
3413	204	10109
24957	95	6912
755	183	22389
10398	160	22294
7149	115	21303
3457	177	8679
6967	131	3300
9992	209	7170
700	174	7
8098	115	897
614	103	8645
2160	80	22879
24694	133	1983
23957	200	25350
2510	95	8265
10077	62	24573
8549	123	5799
2161	123	22567
4185	39	3757
5200	5	6563
7930	209	5314
1523	82	1583
3665	102	9189
2981	115	3618
23413	80	4971
533	206	5790
4228	215	8031
7598	204	7874
10217	106	21359
435	95	8775
471	209	2658
3737	143	25225
3835	174	22130
2642	115	6628
2327	80	4610
25329	209	2347
6721	133	22621
25399	93	1690
8506	115	23613
6975	173	22921
22743	18	22076
2247	133	25226
4961	209	7683
9928	62	1638
3973	80	22062
4973	131	270
23403	39	23218
7762	106	942
1714	1	1070
4485	115	879
23136	102	22294
3635	62	5305
296	1	508
23851	53	24110
10147	209	5401
6690	108	2694
2588	115	2640
4566	174	7929
5633	1	24262
7379	115	23600
23056	206	5906
22061	133	2694
4546	173	23468
7604	62	9424
8727	80	2566
21743	133	5299
9544	149	23216
5775	115	10045
1231	160	23458
23995	106	21746
87	62	5892
9704	115	8384
7464	115	24499
9080	1	7867
1830	206	1905
23153	62	21187
7405	108	5472
23459	53	6869
4177	173	4218
21063	204	24951
7005	95	7159
23891	123	3349
1008	123	10145
10278	174	25497
2010	115	5382
2132	115	1631
5428	1	1484
25392	58	3571
5783	108	9412
4233	209	1243
9146	108	9412
24812	93	21080
8790	123	23657
3935	115	24562
1886	80	9623
22712	103	9942
5070	115	7526
24723	95	9410
9641	22	4160
797	35	21450
6173	80	8003
4156	173	10384
4982	108	9412
279	123	3546
8231	115	23721
3045	190	6079
2308	209	21132
6027	80	9623
23101	93	6102
6840	80	23308
24862	62	2052
4095	183	4852
9658	123	2089
5473	115	22152
24772	115	9636
23025	210	2883
3395	209	836
8230	206	25294
10256	82	7340
3020	62	1065
5089	80	6564
9970	205	7940
7732	180	8992
21607	24	69
25330	80	1247
21875	115	3066
6294	115	6419
24555	177	24163
2938	80	6564
24183	62	1126
8592	35	9875
21865	62	21911
5900	204	262
6651	62	8025
6761	115	2108
6240	115	2640
8449	133	6869
5901	115	8659
377	209	5401
9068	115	5323
2565	108	6563
6937	143	495
6605	123	1967
22463	95	24486
22626	108	24536
5764	115	1000
22740	115	4932
2552	209	3363
21025	173	1034
9380	115	25162
4043	131	6279
22421	103	5114
8137	106	4125
770	62	21396
9617	133	2566
7387	173	9016
5578	173	25410
5795	209	25473
8387	123	8238
6620	80	6563
24450	115	6845
23155	62	21547
4051	174	22159
8790	123	21250
150	62	22530
8239	80	22137
9712	115	10009
24984	108	4716
6380	95	4792
853	123	6500
7375	62	23989
4844	115	23708
8423	115	4907
710	80	24536
7291	174	10318
21771	204	23473
1790	115	514
1833	116	23747
9420	78	21073
6587	205	23538
4078	131	24815
9836	88	22497
24313	131	3337
7390	92	2124
3593	80	2566
2740	115	24774
23648	80	2566
9121	133	25380
22179	115	4037
23393	108	9412
436	106	8104
4206	209	24924
9217	154	2630
22662	123	24791
5962	58	4571
21434	80	2566
6511	108	9412
5187	115	4462
1486	103	25371
9681	133	7838
1274	1	1070
23062	115	681
4506	173	9158
3718	123	2754
3788	123	7467
10097	204	3567
25344	93	698
3952	115	3446
1511	80	2867
1620	206	9855
6733	1	6147
4086	62	2404
8429	26	5350
5408	80	6023
8658	173	6293
4213	80	367
24692	133	2566
24713	115	7236
113	150	8921
21015	191	5979
1439	133	6869
7736	115	3189
7500	115	8810
23819	206	2579
25213	39	5178
3906	209	21429
5615	39	21073
23378	80	2948
23580	115	6035
2795	209	10336
10459	123	5950
6782	115	3150
6471	115	9335
2718	39	2761
1413	183	489
25395	1	6147
21161	173	71
24853	209	7685
421	173	1938
8937	205	7444
2374	108	9412
2310	131	2003
2184	160	6769
23132	80	7900
23152	1	9396
5066	80	8703
2282	115	4037
22444	17	5520
2897	102	9000
376	62	23834
2682	173	25410
23924	209	4620
8646	166	7238
22223	80	24163
703	115	9326
7150	131	6038
922	133	9846
10467	95	9294
22421	206	7942
9389	133	25103
2230	1	1070
25067	66	7689
496	102	23976
3625	123	2158
5850	206	1984
3565	1	1070
23505	62	4967
3141	205	25123
9198	143	1762
7444	80	1361
6117	173	7571
3567	177	6869
23716	183	25400
6266	204	22076
23001	209	1549
1535	204	24951
8401	62	23153
8064	124	22578
1573	149	25167
2274	80	21395
22578	154	6869
25054	209	5679
23307	143	23282
21468	108	8003
2495	108	3124
5337	115	3491
7214	209	7290
5216	5	24163
24182	72	5672
8488	115	7749
21617	106	25139
23466	173	23094
7867	75	3216
23135	123	8659
551	174	9158
5543	130	5997
8964	115	2449
9570	173	5788
7803	106	2303
23852	80	2224
6002	123	2670
24859	173	3640
6691	95	4816
6716	115	1092
2879	183	5312
25005	173	9316
24767	115	21177
775	173	9619
9678	205	8314
9198	184	21822
3588	38	2261
1913	115	21127
5154	123	21283
8932	206	9552
24338	115	21343
24785	115	24138
2328	115	25202
4973	131	3055
5761	115	8713
1560	80	7900
5178	53	6430
8846	115	5235
1537	123	319
993	160	9100
21134	204	5071
23087	133	23216
4612	106	2623
22247	133	9849
1828	80	6563
4321	62	969
2051	38	9580
21138	174	5997
24220	115	1057
23507	80	4610
10436	115	2126
5040	62	5579
6482	26	22836
22305	123	3238
10388	160	6769
3910	115	1974
22510	133	7349
7735	106	10457
23584	209	9391
22928	80	2566
7261	115	4600
8617	115	2572
496	160	22294
536	173	22695
10273	115	9831
9370	1	24007
4229	209	7003
8628	80	1078
4183	115	10310
24962	80	9105
22404	206	9221
9894	130	21053
4333	205	24678
6359	209	2658
7752	72	4841
5114	93	22421
3256	123	22908
22646	115	5769
10260	143	1005
5853	115	2750
5821	130	5909
8325	38	6956
3738	160	23458
21676	115	6611
8793	39	6058
513	1	1484
8272	1	1070
6473	149	9907
24370	115	6818
1827	143	3087
2361	131	9983
6787	209	24286
4065	115	24900
6913	174	191
6230	125	1806
6998	62	9243
2761	166	1954
23600	80	24998
1869	183	7289
21355	206	8162
23763	62	23417
22620	80	10441
10055	115	9964
24515	62	2708
1262	80	2516
4530	115	24989
5783	62	9622
9486	24	6563
1824	27	6563
7455	80	3245
22586	115	21479
7890	62	22466
9558	115	8033
21741	62	134
7199	133	22116
23366	115	10308
23643	209	22865
6025	115	2455
25058	204	22529
2375	66	7750
22225	5	24163
1669	183	9956
1647	173	2683
21528	80	7349
1757	123	9338
2699	95	21943
23584	173	8123
24762	196	85
5629	76	2499
22129	173	925
25426	133	9412
1687	146	23092
7113	200	22801
24561	80	10202
3433	80	23747
8670	173	5148
9375	115	8141
21185	173	3323
8695	204	3567
22739	206	5228
1395	160	9100
21999	80	7900
5342	95	4358
4008	115	6017
22809	39	4702
23655	204	23070
24757	6	2694
1116	115	23316
2979	131	3825
6303	26	8602
5986	80	2566
7139	130	9619
9141	184	6377
2416	206	1439
24765	209	5401
24898	115	22687
21045	115	7271
24760	108	9045
10459	115	4791
22672	95	21199
287	103	3231
3597	130	3603
7977	123	4060
8752	115	23672
21028	123	22567
7053	5	6430
8963	123	9580
10362	173	10359
22690	80	25354
4248	1	508
8017	206	5531
23562	123	5520
6787	115	22625
4296	209	4370
21545	173	3365
6689	123	21653
21396	62	969
7344	206	24438
7391	143	6531
3445	133	6869
2114	35	4092
24070	209	23573
3854	123	25497
3959	173	3259
8399	115	836
10191	80	6023
7100	209	9225
5769	80	6271
820	72	23653
10084	174	5997
3275	209	10317
21351	115	9023
2448	168	3796
7879	123	4744
22338	173	6293
9472	115	5153
204	108	9412
9319	209	7382
5598	62	1651
22552	115	4264
23092	92	24275
24597	133	23747
9770	115	24297
22269	72	4722
1897	160	23458
3658	174	21598
10101	106	6678
3962	106	7028
3972	150	24786
6385	173	760
9608	95	855
22993	177	9846
404	103	22252
10005	115	21653
1667	215	23922
25335	115	23525
24789	115	9817
25209	206	22097
22372	149	9849
6837	78	3968
7455	5	6869
7119	115	24132
21110	1	508
6563	150	6023
24964	80	2630
4209	26	4209
4711	115	7298
2523	215	22768
655	183	21410
8994	177	1515
7369	53	22062
704	206	2850
725	108	9412
8896	183	2420
8977	123	5455
7137	115	8953
6872	39	1052
9553	133	2566
7955	194	22437
21160	115	10091
22704	80	6430
24670	95	22225
427	123	1635
5932	206	24100
6677	115	7150
2505	115	5128
25431	136	6101
24065	206	8494
4635	115	1631
6917	130	24578
23173	80	1971
10331	173	1009
3392	115	8325
9131	72	9395
9575	115	9835
23354	106	2926
4307	62	9273
7607	173	22092
4446	130	25497
1548	123	9721
3187	123	1087
3376	133	1489
24634	53	22062
1996	209	5638
23087	206	8995
9359	160	24778
3889	204	618
432	143	6883
24683	173	25151
7168	115	8063
21216	95	6817
4693	62	25306
2033	80	22733
10450	62	285
25138	115	7000
4994	205	7940
2209	39	23851
3251	106	4802
4393	62	1069
5007	115	5475
5598	108	9412
24746	80	1078
6555	115	7686
9901	130	5997
1818	1	1396
4755	206	8150
9976	133	2516
8890	106	111
624	106	10261
24636	115	6720
3385	1	7867
961	106	10135
22009	80	6563
7019	115	9352
9411	160	9100
22872	115	7380
598	12	6616
24183	62	5576
7378	80	7190
21656	123	2193
3076	123	482
21139	205	21434
2535	143	9197
24650	160	9100
22607	80	9801
7692	184	9908
3270	206	23998
23373	115	3058
23539	108	9412
8535	166	9849
1854	133	10441
21516	115	6017
21966	115	3777
6016	95	3778
4143	206	22326
8405	62	24573
4950	209	517
23457	80	24448
24533	115	25028
22533	173	22189
10198	115	21406
2459	123	4060
726	38	5648
6169	173	5703
4434	123	1608
2328	123	25117
1092	80	4610
21709	1	23619
21475	146	4544
9599	123	4719
23965	123	5607
1854	80	1247
679	76	22137
6856	146	1081
4878	80	24110
5658	93	8805
10085	80	24857
21328	123	9756
588	95	23131
23350	206	413
10034	108	9412
8689	115	640
24983	123	24286
7278	204	23070
24016	123	8414
8285	115	22651
6036	166	4985
21691	26	23429
21493	1	508
9321	1	7867
501	123	6846
4073	115	24104
24123	115	3426
975	80	23308
4135	106	22881
25384	95	24422
2838	115	9527
4566	130	7929
6279	80	6869
3393	1	508
22029	39	7338
3537	115	5422
711	95	3690
22081	209	7990
9806	42	9100
6528	1	508
24645	115	3878
693	206	5049
4126	115	4775
271	1	1484
24698	1	6147
5547	115	4213
23068	115	23582
2905	52	834
8171	115	10162
25287	173	7703
609	93	10118
21969	183	21616
671	115	418
7289	210	7598
9679	62	9516
6168	108	9412
22612	130	23257
21318	173	9597
8740	80	3584
3204	204	6760
8391	115	24956
6780	173	24539
10163	92	1081
3438	191	6847
21589	80	9849
5050	80	6869
6155	115	2345
21775	35	1662
8536	14	7009
6179	204	254
2983	174	9580
25121	62	503
2539	62	211
2459	173	9337
1686	80	2566
24098	206	24326
7527	95	5136
22093	1	1070
3341	93	6252
6361	115	6690
1242	123	189
137	173	8325
7504	133	5774
8755	115	3790
3036	130	24578
24477	93	10355
8830	80	5849
23298	115	21127
23026	204	2727
9564	215	5556
21053	38	1681
6397	160	23458
8256	115	4927
9513	180	8045
4513	115	3618
3645	106	23383
10322	80	113
22212	80	2566
23063	95	8362
5334	1	10286
4924	95	3778
21397	160	1458
7808	115	3777
3200	58	8543
4343	209	3206
4786	22	22879
1079	62	23646
25042	123	3516
5858	90	5163
23478	123	7455
1319	42	24798
2070	115	18
5559	80	6023
25124	123	6758
7581	209	22354
303	108	9412
7189	133	6869
1892	106	22013
8186	173	21226
3309	173	3735
21167	95	8265
2845	151	7799
25441	205	979
4526	206	4128
23978	115	4775
24778	201	9502
3857	80	8703
5300	58	25298
965	102	23683
24735	80	2867
291	206	3837
25386	62	1595
5782	80	1437
5748	115	22015
1907	108	9412
23156	123	7945
41	180	3638
21455	179	23916
1711	80	2566
4730	210	7862
8832	1	7867
9375	95	5354
8518	143	8018
25434	210	25126
1482	62	24407
10026	149	9045
5258	115	25461
5074	80	623
4997	205	5762
9752	143	8990
7338	53	6430
7698	108	6563
24023	80	7900
10049	180	9904
22904	123	3299
4258	115	5214
4421	108	69
2628	115	681
6791	80	1940
7508	76	21965
6359	205	1475
9319	115	23708
1377	173	21127
2689	206	4860
7277	1	508
7059	123	9852
3565	173	23468
9213	115	25162
9591	173	2937
21647	93	672
444	123	22348
4944	72	24241
7856	115	7888
21202	173	5148
22324	1	508
22465	115	22837
7148	131	2231
25304	80	113
7800	62	8773
3857	80	24998
21788	115	22280
1151	115	4067
22512	173	9053
23239	123	8630
9286	90	9492
1961	174	22080
6642	207	585
2612	174	5921
23559	143	9956
23197	115	10238
983	72	5696
3144	173	9356
108	115	24445
7311	160	2382
6734	209	5401
1523	39	1153
1471	204	23473
7652	115	10318
24279	210	3053
23936	62	22616
3732	5	7275
9207	131	2818
1029	123	7142
21385	39	7832
6316	90	4834
3752	93	9997
0	205	1475
6621	115	2500
3195	173	2150
8169	39	4968
8375	115	3800
3065	206	5420
24166	115	22627
22011	115	6518
6458	95	5136
5041	207	830
7094	123	38
23105	115	2692
3864	115	2327
9582	115	9067
2205	123	8630
24779	210	1593
9240	108	22819
2991	123	8992
3857	204	5912
22446	22	22296
7213	93	7747
24973	80	4610
21922	115	4656
7877	115	3287
24438	206	21563
946	205	3945
22507	80	2954
7539	80	3648
6320	206	7553
9258	95	777
1533	39	2761
25215	168	4209
885	143	1782
2959	115	5419
9214	204	23473
23702	115	4213
897	76	1244
3597	183	9958
24474	143	551
1603	80	10371
24525	115	3272
3023	115	5214
2706	170	22382
21835	39	2456
7839	12	21985
343	106	9379
22477	133	22666
24307	115	3238
2317	115	1057
630	106	24992
5493	39	6058
4467	183	4518
903	80	23200
22394	209	24527
1956	93	3764
3983	62	21388
5219	209	22659
4329	177	2566
6732	106	22085
8948	160	1458
5042	205	23971
3093	160	22294
8139	80	21450
7322	173	3331
23858	14	3285
22087	62	22111
21267	115	21171
3262	210	10363
6578	115	23745
3873	160	24778
5641	209	2347
3764	103	1956
3191	115	4544
23558	206	1720
148	215	25227
4826	115	9903
22475	123	5750
24002	209	7383
9755	183	6807
2257	108	4790
433	209	5314
24237	1	7867
6803	133	4790
8763	93	3563
8320	58	23257
1712	204	2727
22986	206	1479
8147	143	4828
6727	1	7867
9873	62	553
10297	123	319
9499	130	2800
2549	115	4429
5499	130	2962
23774	149	9830
9854	200	25298
21054	114	9265
726	38	24107
6879	215	5706
5242	80	22733
22812	131	1310
9055	143	2249
22206	123	23582
7679	204	7079
8951	174	21220
4426	90	23483
8241	106	21392
2253	90	4169
6357	206	3183
2334	72	21000
22617	115	24535
1277	115	5152
611	215	25227
2052	62	10292
23495	146	23177
955	26	9841
5630	149	2048
5321	103	4898
23764	115	24424
21871	191	7237
4276	108	2694
5644	173	5272
5049	106	3357
7786	80	4971
9787	80	2566
23475	58	22035
5414	62	8878
21218	80	9334
6510	80	3124
24872	133	24926
3047	80	2566
22336	209	2789
858	133	9623
23883	62	21149
24682	123	5028
5218	115	22584
21896	209	7383
4804	62	3612
23775	174	25497
2856	62	10272
9259	53	9309
6772	115	3756
4106	62	22049
21552	115	6980
24921	115	22018
1812	149	9228
3936	1	508
22043	35	6869
1127	123	416
6179	123	9619
10422	210	23186
3599	206	7453
9902	115	6273
7987	22	24803
22773	203	21112
2780	115	7689
24057	106	24417
1098	106	5403
24349	206	1786
6538	115	5303
1031	80	7522
22240	1	10286
5881	165	6138
21662	206	23583
23349	123	7290
6892	209	9775
4629	76	9045
1069	62	21741
24927	133	8703
22960	62	492
2438	115	9909
1737	173	3259
9192	123	23476
9663	80	7796
21247	1	778
3196	115	7383
5155	209	7445
595	173	22583
4829	129	1706
5015	205	21868
5458	62	7093
23648	206	21306
25097	133	7796
25448	62	23116
23568	80	9623
22257	62	6527
4282	151	5136
330	123	5950
5259	215	25227
9207	131	309
8769	174	21053
2367	183	22099
21172	80	69
7306	115	3897
1831	115	913
8436	131	21239
21977	14	23376
4378	1	1070
10341	115	25358
8320	38	25392
2970	173	5488
8354	95	4900
23560	115	5841
22539	209	5326
7772	115	4067
9796	95	5136
24875	108	2694
8795	106	21023
5815	206	24362
24529	62	22314
21267	115	8408
9180	204	22076
1232	106	3800
21612	115	1892
22452	115	4038
9979	62	24862
25016	160	24239
3946	62	25306
22003	1	1070
10010	131	21610
21508	205	2465
23174	80	6563
1262	80	8809
9434	115	9153
751	130	9619
10219	58	7044
2454	115	3102
24148	206	1583
8425	204	3567
3853	39	9732
1818	209	21429
7309	133	2566
8048	205	3804
21288	80	6869
6978	173	24125
7517	173	2431
5885	173	10
7936	115	24900
23142	183	2547
2680	80	7201
24054	210	23664
3002	130	24930
2761	108	4790
6154	115	21437
2163	131	9983
24607	115	5475
10488	115	3973
23107	106	7230
1587	80	2630
22971	173	5298
9756	80	2566
6971	115	24234
5371	115	6846
2483	115	9131
3296	133	6023
23333	46	721
7602	133	797
25480	123	10447
23203	80	22733
25432	24	9412
3035	76	7575
6838	183	1712
2539	108	9412
2334	76	7211
1544	166	9481
138	206	4823
23124	133	2566
680	160	24239
5881	75	9619
5731	115	22680
226	133	8949
10347	210	24753
4350	1	6147
24066	106	3305
2651	115	1776
5651	62	9545
331	204	24951
7914	62	25448
3537	115	7128
8564	133	24448
21382	123	973
7747	103	7213
22858	205	8502
371	108	9412
24031	115	7271
24476	115	9566
7849	123	7685
21460	133	4879
7925	180	23177
10126	80	2566
5893	206	9965
4672	173	24608
3205	80	2566
25062	62	6991
22331	133	8003
1721	62	1061
2342	123	8148
802	1	508
23796	123	24174
580	209	22955
2113	209	9756
2749	5	2566
5735	62	6039
6832	62	8208
9606	80	7783
24551	133	9623
9837	173	2475
863	115	9964
7739	108	6563
9507	1	7867
24884	1	1070
5083	115	21921
24679	123	7754
1249	130	191
23552	39	2761
6486	75	24791
21622	123	4218
9519	183	4427
22415	131	9373
22416	80	9846
4372	115	956
4460	209	8541
7400	131	2596
6103	123	21537
22692	204	5175
23753	48	2172
7185	115	21131
25333	115	21653
8413	80	24540
22657	115	22375
10141	106	5280
22507	133	22621
4150	115	5724
23369	131	21845
3904	204	5869
22104	80	6869
2196	115	8116
24128	115	839
4508	115	10238
5386	108	9412
24945	160	23458
8673	95	22886
3359	161	25227
3342	204	5869
3449	206	789
25316	133	6642
4058	80	3843
1391	62	8388
22234	131	7340
23684	95	2519
5884	80	21123
6985	143	6554
6892	123	6021
7388	123	21544
22591	160	9100
9650	35	1983
2380	123	2158
5339	95	10164
3622	133	4790
24905	133	9412
1286	133	9623
9695	62	9170
25345	215	22738
21867	174	9158
8642	133	653
6914	206	25499
25007	62	1969
8527	1	508
5396	80	2224
22610	149	25167
8055	38	25442
10139	80	22733
9302	173	4944
8664	80	23169
4586	115	22788
10188	115	4857
21370	209	8045
3809	115	23111
22552	205	10038
3256	1	1070
22875	80	1247
9408	206	3257
5905	103	2602
23548	72	6932
21503	206	2976
21612	1	1070
2578	115	7380
21214	123	24830
213	143	21991
9930	133	9481
1007	80	6869
3063	103	3772
23344	183	3559
4975	115	9196
22136	108	9412
21912	206	3303
24178	173	22348
2019	115	9566
9232	1	508
610	204	3567
25281	206	21823
21388	62	23905
1032	108	2694
22951	183	9186
2662	130	2711
6437	115	6289
918	1	23407
10227	80	4160
22821	95	4900
22803	80	10453
9078	206	6086
6917	210	5059
1245	95	8775
6291	123	319
5226	115	9690
21892	12	23490
8789	115	9458
5184	130	4193
5559	80	9623
3180	123	1379
22042	143	6838
24987	39	22230
1189	183	6318
23642	215	5457
6985	183	9366
26	115	9710
6047	205	5756
8924	133	603
2409	108	9412
25225	204	5869
169	160	24239
5678	115	5516
3559	173	9456
4728	95	7159
1200	205	5762
6275	80	22733
22960	26	9266
10281	123	6865
22526	115	649
21121	115	6680
2990	115	6186
3358	106	23042
2814	160	6769
8278	206	10426
9261	7	236
2096	106	23301
164	101	23261
875	106	8317
482	131	8417
329	206	9293
8629	131	25467
6767	143	6404
334	160	9100
10097	210	1327
478	80	9623
25087	80	1937
2285	80	2566
8121	115	6228
6834	160	24239
3999	204	24951
24904	62	5122
22196	115	5311
1643	209	8378
6856	87	1052
3902	174	5997
21671	206	2641
9604	115	2319
8021	160	22294
23724	183	6968
5007	115	25492
1762	17	21822
4748	136	10453
3541	62	2351
23921	205	7460
4282	160	1458
9893	215	440
3722	80	355
1106	209	7170
8163	123	23994
9366	123	23180
7729	80	4790
23110	123	10067
9291	123	24174
346	195	22714
6443	115	3109
5693	115	428
24853	123	8957
25034	123	768
24250	115	2455
9796	115	9122
375	1	9396
6343	154	10371
4524	115	5013
8391	209	21259
6457	174	24442
24631	204	24951
3892	209	5733
23201	115	1472
1678	80	22298
4484	115	3160
1003	173	6969
9288	26	21638
1179	114	9265
4887	204	5071
10069	203	5896
3076	1	7867
24284	133	24448
3615	206	9567
414	173	22189
23978	123	5401
23071	62	4644
23956	206	10048
5755	108	9412
7129	106	7229
8377	126	23181
1370	76	23308
25229	115	10047
8388	62	1685
5628	133	2566
3036	204	7054
9537	95	22225
5179	133	2566
6019	123	7990
1359	115	635
21183	72	7298
6238	174	8172
5398	115	9764
21602	133	6101
25388	90	2832
22030	106	1892
6440	80	24998
7997	95	884
25359	143	6792
1468	143	2660
5524	106	25022
8770	115	21423
5646	1	7867
21485	173	21718
22401	5	7201
8356	146	6930
6381	95	22216
1769	115	2800
5774	178	9048
21514	115	22127
5114	206	23942
5995	209	7367
1449	62	23043
95	115	9310
3995	80	22733
4692	173	2915
4642	133	2630
3151	72	9125
4360	80	9623
4047	80	4790
22084	80	2587
21733	143	7844
6272	160	6769
23457	103	4481
6338	115	21429
24903	62	8993
6853	39	4563
23158	115	21686
9146	62	22219
9484	115	6845
6262	173	3011
24927	76	24998
1217	106	23388
200	131	22169
8859	205	21989
23079	209	2614
1254	130	3571
6151	173	21390
7078	115	8366
1458	103	24778
25318	115	21217
21412	80	7272
4493	108	21522
4583	62	3662
21612	209	23610
24981	183	6792
2708	62	25448
3741	39	6058
663	103	7468
1847	209	2336
25342	205	23971
3371	160	9100
5159	203	7338
5617	209	6703
6547	95	6697
24972	103	8601
2188	133	5299
9897	133	25050
10315	115	1301
22947	115	24999
8892	115	4317
2095	115	9903
1815	80	23747
4875	80	6869
5371	95	23015
1943	101	24237
8070	35	2600
7401	173	8727
8275	206	2850
23165	133	4794
497	131	4857
481	80	9623
7610	209	8378
6329	38	2826
8870	123	8902
23074	115	2022
25183	115	8361
23891	204	24951
24574	123	24609
10495	115	4023
25435	114	21432
2461	183	23142
21554	115	1314
2337	62	2415
2636	200	24442
5358	183	22119
3601	72	24579
23096	62	4689
23521	133	6563
5618	115	6893
7187	184	21142
5330	160	21905
5033	115	8861
21637	209	23811
3177	93	758
8556	123	2675
3838	115	23177
6117	1	1070
5426	80	9623
23360	1	5856
3528	115	5933
494	1	508
1040	95	7799
6271	108	743
4733	174	5997
9858	55	238
564	1	7867
5569	62	9839
24069	115	378
6516	1	6661
22312	80	10441
24681	62	25119
539	115	539
22457	80	5246
2806	115	9093
9324	123	6021
4745	204	6138
25	130	8538
21884	80	1247
3926	115	3300
3342	183	25192
6594	133	2566
23020	115	4161
21004	173	189
22890	206	21781
1796	115	1550
6989	93	9614
7541	215	22768
10474	183	6608
8229	80	6869
7811	173	412
9958	173	9619
22697	133	8874
8613	115	22912
9508	106	5283
21083	204	7874
9287	115	21629
4281	80	7575
22185	115	6997
10031	95	7159
4171	1	1070
22778	206	9478
3759	115	23091
3749	209	22348
4819	38	21970
22024	209	5858
6831	12	52
224	95	7627
9634	93	23920
4408	62	2429
6766	80	6869
1728	160	1814
21739	160	9100
2590	115	24949
2611	108	3124
23231	115	22545
5452	144	5063
1123	160	6769
1958	173	24034
300	130	6275
3675	80	9991
21593	62	22938
7495	180	25206
7427	106	6573
24306	173	5838
23445	115	9448
23959	173	24303
5820	5	21778
24426	95	22225
3151	72	9535
2864	204	3567
9791	106	21476
2418	106	8323
1397	206	2976
21826	115	24432
22503	80	2566
23175	115	23479
3148	1	24007
21153	196	6867
4720	209	5401
24670	115	765
21021	115	563
9837	115	409
12	173	10168
782	115	6033
23145	116	23169
304	108	7783
7966	35	6430
495	130	9158
8386	95	8912
1748	115	983
7751	209	6706
7513	115	5239
2066	62	7828
2501	115	7638
1226	115	22687
7125	173	10447
9152	106	2932
5925	80	2566
23332	205	5201
9546	72	8734
8532	209	8045
7666	143	8675
6984	80	2566
4140	72	447
230	115	25293
4485	115	8431
7240	80	3957
8633	1	508
4138	93	24451
22831	80	1247
22159	38	2085
6849	209	189
7803	80	22733
9195	115	2200
7643	1	508
4510	1	508
24740	115	9155
22869	80	113
7883	180	23833
4904	173	1314
9692	1	23776
21899	209	4744
172	209	2304
24509	149	24491
6211	123	10075
208	209	9110
350	108	24998
9303	53	22037
3305	133	2566
8184	108	9412
23419	203	22230
3037	210	5059
7671	106	9587
7195	108	7783
3811	56	3471
5251	206	3514
3861	115	22582
4877	209	23610
7400	80	5935
1113	115	8090
5714	209	9225
779	206	8702
10181	115	21142
22427	66	24556
25426	206	25209
22024	205	24719
5669	35	6869
4266	1	5389
141	130	3996
2205	1	1070
5517	115	5986
9380	123	25117
2780	115	6842
4205	209	25038
2507	203	9066
22805	80	1893
4156	115	21921
3079	115	6393
3512	95	10108
9923	203	22043
3954	173	24473
7528	62	3984
24650	160	6769
2708	62	24515
22713	190	6079
7166	1	1070
4466	80	21123
23571	183	7194
6559	80	6023
21162	39	22708
21234	106	21743
2334	106	8204
6428	183	5951
9920	72	21359
22456	180	7484
9707	106	24626
23486	80	2487
1111	115	21302
3027	62	7910
1719	115	22104
24958	75	6275
1809	62	5635
3407	160	22294
2484	143	8444
22003	95	855
8419	209	2135
22069	17	22575
7191	12	3173
1594	173	22584
7324	173	6606
374	115	1102
9003	115	4775
3208	80	2566
1558	115	2848
7277	209	8992
3986	206	9372
2659	35	7349
6937	174	8320
24107	58	7
4301	209	23401
24996	93	24171
22822	173	22189
5688	115	23424
22983	115	9552
9136	131	22187
2115	204	2727
8149	177	7900
6585	126	4137
23560	115	8337
23655	197	8179
2001	80	24163
22130	5	4085
8315	173	24303
467	209	8045
6304	115	1343
2871	151	23507
21105	115	9971
5407	80	8874
4166	130	4571
10226	39	6107
2607	206	2392
8057	133	6869
23748	209	1087
4167	106	1148
589	115	3252
2990	1	508
22040	205	24830
4129	62	21741
1356	115	2302
7335	209	3573
3070	115	7462
25192	174	1681
10369	80	21123
23069	39	22293
1707	35	6430
22434	115	8548
22736	115	21429
3655	80	2587
22822	115	4775
23404	106	25102
6813	123	24286
23478	115	22813
9179	1	1070
24951	165	7608
3813	173	22121
7901	205	8187
3943	180	25040
22984	204	22529
2177	115	24774
4598	80	8949
21480	76	6430
8871	115	24666
2218	115	21217
5778	130	2711
1516	80	6869
25101	115	3986
5257	200	10237
2907	62	4200
24587	115	2760
6198	206	9750
23054	173	22189
3682	80	2587
3945	80	2566
7984	38	7042
5046	115	25023
6632	123	9785
24966	123	9456
25285	80	7323
2205	115	6694
980	123	7015
7304	106	6209
3415	62	21179
4830	133	5268
1886	92	3799
7826	108	9412
21681	95	21548
2790	131	1337
24408	183	6406
23133	115	23075
5490	180	4291
757	205	5762
21408	22	2566
4011	5	5299
25433	80	6023
7253	115	3405
2621	106	8740
21063	204	8252
1926	204	10235
10097	174	24583
5025	204	23070
1718	106	4204
2505	115	25159
7647	82	7083
24995	123	1635
2562	38	2562
4347	80	5299
1198	123	23476
23929	1	508
25403	95	146
2282	123	5128
9518	115	8627
9937	80	9801
1413	204	6138
3108	206	25241
25415	95	7587
6351	115	9095
2843	115	9553
6947	80	4790
8915	115	1731
2537	209	9785
24047	173	747
4956	95	22225
2722	160	23458
7495	209	8992
9664	205	979
3154	115	25228
21304	80	2566
4871	76	3095
22799	154	3636
8867	115	2021
393	115	25028
21391	1	508
4280	115	1753
1674	103	23263
264	115	21706
2582	95	3499
2764	115	22020
9963	1	1396
3669	130	7984
9557	115	21303
7438	1	508
9491	39	1052
24967	115	18
23759	115	1233
4425	204	8296
22397	115	2800
5353	108	743
22736	115	409
10373	115	22151
4953	123	21226
2680	39	2761
4444	115	9326
22546	1	6147
1539	62	676
44	95	22886
665	206	7494
10419	143	24882
3933	115	5152
4825	80	6430
2764	173	824
7598	143	4254
22323	180	24608
547	133	1072
391	133	6563
2081	143	545
3276	51	22076
4841	67	7423
3435	183	7492
7061	115	5640
5692	174	25149
24465	206	1001
25454	123	10237
23465	1	7867
23962	80	23747
9608	115	5000
6586	72	5841
7279	80	1247
9194	173	2827
1456	205	24678
1424	209	5858
3870	130	9158
10045	80	22733
21692	173	3465
4176	38	7222
25070	180	7629
25114	149	9907
9261	7	2987
4325	173	22279
24689	143	1296
23575	180	4683
4667	183	21024
21281	173	24905
2004	95	23177
22020	108	2694
5205	93	25198
8575	183	3262
9602	133	6023
22888	1	6147
3861	115	5026
22888	123	4496
6854	123	8621
5919	80	8631
1967	133	3821
3439	115	657
9854	204	21137
7785	123	5401
3600	115	8415
6215	206	9671
21215	173	22149
22519	115	22788
8633	123	1209
5553	133	25167
4307	62	21433
22544	1	7867
6734	115	21375
24475	126	8831
21319	133	2566
5396	206	25203
10375	108	9412
23	123	6393
6476	205	24678
6134	189	7454
5361	173	8207
603	108	8874
4239	174	22080
9519	123	5743
23104	80	7900
6012	133	8899
8431	80	7748
5031	133	245
7403	204	6599
9327	131	2287
7352	209	4370
8519	160	22294
24867	183	8990
21262	53	23463
8469	194	25196
2587	35	24077
22798	80	8877
4141	173	6980
22727	108	9412
10408	206	21783
2036	62	23116
10168	206	5971
21016	62	503
8258	115	8577
2356	62	8291
621	115	2562
3811	160	21192
5580	123	25038
7828	108	9412
6960	115	1952
8306	173	6641
24860	115	6601
21128	26	23429
1436	80	7783
3278	131	850
5414	62	7565
24892	133	3692
24209	88	22309
21287	80	22621
1927	80	3944
7994	115	5239
3489	209	24924
921	123	5997
8770	115	24513
6575	209	8521
24370	115	25244
24127	206	240
21605	80	2566
5405	62	23539
1424	115	6035
1002	206	5525
7453	133	8933
5511	123	24286
2155	123	3640
5135	62	7093
1913	205	6498
3689	123	8630
6791	106	9790
3664	204	21331
224	115	23091
10187	115	7611
24637	80	22137
429	95	6697
10063	123	3349
9400	24	1247
2843	173	6850
10142	80	2566
5188	115	3490
5803	173	2176
826	115	3316
21098	62	3085
21953	166	722
24055	76	9412
6314	123	9859
22593	166	10371
1628	205	5977
3719	80	9623
4201	115	747
21126	123	6748
22239	58	1093
4825	133	6869
6739	115	25351
23572	184	23082
1388	80	7900
9879	123	2758
10414	95	4144
8609	62	4307
21049	80	1247
10099	115	5204
25482	123	24174
24596	174	8538
9444	115	4973
4895	78	5468
10034	62	9622
22800	1	6147
1236	80	6101
4323	206	3727
9755	204	7874
7262	39	1052
23892	115	9636
22663	108	4790
22378	62	8876
3881	215	25227
24662	115	2995
927	80	2566
10353	115	1510
23520	62	7604
25389	206	8907
1321	115	6903
4528	80	8430
24612	1	23407
1335	209	314
2653	1	1070
4334	62	10372
3500	115	6362
7123	1	1396
22900	209	5733
25178	206	2503
4808	80	9481
2254	80	23747
23553	173	10384
5556	177	24163
2682	174	21495
24331	1	508
21694	160	6769
21015	206	5979
22711	108	9412
24283	206	22067
3201	14	1472
21286	203	6058
4639	62	21179
23683	136	10453
23061	115	24152
9613	206	24021
1612	108	10186
4936	206	22811
139	205	8502
25015	62	3766
1235	123	6352
23574	173	4769
1987	62	21657
7870	133	7349
24730	108	24998
2440	133	23912
248	115	8067
25214	206	8615
21389	115	24758
22531	173	21365
6166	124	22437
1169	95	22886
6079	81	569
10263	204	24951
7586	115	24473
7088	1	6147
21328	205	8502
1932	80	1983
1388	39	7822
22486	115	21936
4910	1	7867
2381	180	4683
4572	206	6591
24352	184	8335
22766	115	4599
4171	115	6416
3846	206	7319
9766	215	1303
7608	165	22076
4464	115	9093
6821	108	9412
4545	115	3272
25168	80	5816
2806	115	2584
2371	39	9732
6330	204	3567
2305	209	21367
2469	62	3182
2574	123	21117
752	1	508
4430	133	6023
24357	133	21123
24540	35	196
6405	183	2283
5042	115	2848
1793	103	21635
4156	115	24130
7017	80	6869
2928	143	22660
9147	106	24345
4973	131	6694
3610	106	663
2855	80	24998
8724	80	23979
2236	80	25484
9862	183	6996
5985	205	4276
21835	39	9447
8945	39	4563
6589	62	4368
6621	115	3372
24576	130	9580
1735	123	4253
1869	173	2089
2936	204	5869
1739	160	23458
22802	173	5986
21987	103	23070
95	173	22376
658	180	4683
24487	160	6769
8863	115	3558
21276	80	2566
7465	173	7455
22619	115	4385
23855	160	23458
24396	14	5734
6511	62	25025
3871	1	1070
9393	115	9310
23986	174	9158
22150	115	7296
5238	115	5976
4134	115	2297
7872	131	24622
6736	115	1678
22131	115	4811
1340	80	1053
23437	35	3627
4334	62	7154
7266	80	4673
3551	80	24998
2084	58	3571
25345	160	24239
598	133	3636
10011	115	9948
25082	173	2834
2073	115	2085
7049	206	21394
22349	115	24084
21782	62	6168
614	106	5852
4997	209	3206
1793	93	8831
9262	177	22666
6896	115	4241
25020	62	4066
7812	115	23708
25394	24	4790
4821	1	7867
235	173	23633
9684	76	2566
8880	206	2626
3153	206	25221
21743	206	21595
10443	205	5996
7382	80	7900
4434	173	10001
1743	115	23721
4988	204	24958
23263	206	10346
4395	215	3134
9232	115	3375
23437	35	7974
1852	210	24707
23273	24	4790
9757	62	9271
6274	206	10081
21677	133	6563
8342	200	24442
3410	115	3538
23062	115	8525
24966	123	24019
22302	115	6628
7250	93	299
3406	1	22437
24506	206	2751
3375	5	7900
21879	173	24333
22948	80	2694
24835	143	21300
3134	74	9467
676	62	22435
921	174	5997
4512	115	24642
7202	22	6869
23123	115	5156
21509	1	5856
24202	133	722
2047	7	22424
9400	116	23747
25240	80	24163
10469	204	21968
9200	24	7783
675	115	2022
24754	173	2977
8166	143	4287
24618	115	7303
22901	62	25009
3026	130	24578
22599	76	6869
22344	62	1171
4660	35	6869
637	152	3692
5044	115	1375
23579	115	839
23989	62	2066
6172	133	9849
7274	108	743
23974	160	6769
3429	131	2045
5205	206	8454
9687	26	6158
2109	11	1394
24867	210	8273
9109	123	21046
6504	190	25331
1955	173	9852
9001	209	3682
4551	130	1093
8808	39	6058
23099	1	508
6259	103	1830
1669	204	9698
5160	80	22749
10188	123	9107
6501	108	5063
2522	160	24239
5135	62	3656
23227	115	21583
21921	106	4655
5860	115	3490
9065	123	8957
22046	131	21893
3840	173	9067
6420	108	9412
9673	1	23407
3164	115	8109
2303	133	5669
8223	173	8359
6578	115	23547
4235	115	23426
3372	39	5896
6526	1	7867
9515	168	8877
25207	80	2566
22010	1	7867
24364	103	8379
10223	80	327
6359	115	21783
24953	115	2051
23315	22	22296
6521	80	6688
4649	26	23472
6458	209	4411
22477	149	9503
22591	160	23458
21590	80	6869
4361	115	6273
24793	115	9326
4287	13	24399
7001	115	6255
25349	173	286
1533	76	4790
4308	39	2761
6175	209	5703
4373	115	22396
3473	204	7874
6155	123	9775
21869	108	24998
3550	206	21961
24577	123	10067
7474	146	8271
8073	22	2566
24336	206	21949
649	80	6869
661	173	3640
23371	173	24850
5523	115	23425
21290	80	22296
3630	115	23872
21113	131	23630
22488	206	8017
5927	80	5669
2328	1	6147
24640	115	306
4524	173	21218
8846	173	2614
23036	76	1983
155	115	2294
3262	143	8575
22010	173	7758
3922	115	1472
6878	115	23198
22496	53	6869
9845	58	267
10274	123	2675
4307	108	9412
23284	206	7762
21476	106	9791
6422	93	22067
3679	115	9909
23028	136	9650
3818	103	24048
8967	108	4971
22120	80	8949
3035	39	6058
937	130	9580
5056	106	22717
22786	115	8220
7891	115	9835
3179	106	1973
9955	115	5103
21305	173	3334
5557	123	2745
21096	204	6138
395	123	452
3646	93	7524
9367	1	1070
22744	80	113
21695	35	22964
22575	146	747
2067	150	23979
6082	205	5756
7218	12	7839
2233	115	22120
3816	115	3655
23025	130	5997
21740	130	2901
23372	115	6997
25204	143	25204
9877	123	25410
21803	205	10404
4855	115	10148
8776	204	22529
1395	160	24239
580	115	1232
1090	215	8551
22051	206	8589
23220	1	508
4320	108	22819
3235	206	5396
8120	183	5425
22056	80	3523
9552	80	7900
7527	115	3530
22153	184	23384
974	173	3349
9652	35	1399
8786	206	3019
7901	115	8699
25218	38	7044
1746	103	24044
6028	106	24764
480	115	484
23450	115	2971
1830	103	10210
2863	115	22374
25141	95	1216
4695	80	8221
23701	72	9997
655	22	6869
21745	82	24842
6767	200	24442
21099	93	8257
10040	130	9754
9993	206	22390
23704	62	1065
23091	80	7900
22163	76	6869
8820	115	2072
4223	206	9470
1573	80	89
6421	51	6147
5111	1	7867
446	115	22274
8867	115	369
23864	160	23458
488	180	4127
1682	80	282
7025	204	6138
6177	130	21495
3157	115	1678
8381	200	22163
1298	115	2296
6146	115	3300
25255	151	4765
7207	80	4778
848	138	23426
315	58	2014
4549	106	1199
8743	206	4190
7646	115	1077
22404	206	4252
7860	206	25442
523	115	732
1406	130	9619
24977	62	9657
264	1	778
5437	115	24159
24494	35	4160
2493	62	10021
6619	205	22652
5544	62	7897
24062	115	4645
23923	39	22253
8576	173	3917
22982	24	22579
22538	62	5651
7692	115	10416
2632	115	16
7907	205	23806
24137	80	2566
2991	173	6840
25127	115	4596
7088	205	4276
5657	115	426
23740	80	21123
2240	123	8992
5134	115	24800
23559	174	2490
2470	115	3091
4257	179	9309
5883	149	8718
23539	62	24851
5158	205	21575
3456	204	24951
23235	206	22252
22038	218	24275
4162	1	22768
21562	115	5404
6454	80	22356
3061	115	23708
9013	209	22354
8035	115	21303
10407	115	22127
29	143	7666
5229	115	5328
10136	204	6760
1411	95	3547
1507	87	21073
2985	72	2985
10125	108	2694
78	205	5700
24038	108	24998
4828	183	8147
2592	206	15
23127	80	2566
4058	114	2896
2564	103	7199
167	123	822
21949	80	9797
10461	123	23994
9590	160	22294
24454	123	3299
3282	76	7463
7764	130	25497
4226	143	5123
6923	133	24784
6814	204	3567
7675	114	9217
1307	173	25145
1991	115	4082
442	115	8398
10482	115	4775
5161	26	9436
23261	34	23427
23989	62	8097
24709	115	5255
2661	133	1399
6781	108	4790
21911	62	6890
25297	204	24951
463	130	8909
6588	26	23166
6167	173	22695
8772	173	25207
4681	62	21547
22369	173	10282
2438	123	22121
7317	130	25392
5562	206	23154
9171	130	22801
9069	209	22955
9913	108	9412
21523	106	7505
2782	124	6645
3813	115	1892
7351	123	1512
24782	115	4793
9769	66	9520
4488	191	7249
340	133	6869
10463	35	2257
6751	180	8992
3679	95	6697
2364	115	7296
871	151	4765
1711	80	6869
8125	206	4863
23273	126	23941
1728	160	6769
7466	133	2630
21967	144	8759
7914	62	2036
8559	115	4145
24771	204	1156
24264	204	21968
5493	72	3965
22153	115	8091
2295	1	1070
9304	80	6869
9856	173	5909
8892	115	24942
472	115	1301
4951	115	7262
8009	78	8138
5243	115	5128
8875	115	23708
9807	200	3904
24197	115	9865
278	133	4790
4359	123	7945
844	115	2848
5114	103	3357
5640	106	6571
2590	115	21197
3065	103	24729
4946	123	6452
4849	80	5041
3994	39	21941
3144	115	22380
1241	115	2986
4690	14	4213
10361	62	24977
1079	62	4967
24202	80	6023
2977	80	6869
5936	133	89
24514	210	21263
5351	173	25291
5551	123	1918
1962	205	8914
25352	1	1484
5673	80	113
3201	115	6871
3801	80	24110
10002	80	4790
21933	115	5586
9815	173	8881
21585	115	25051
465	180	8879
8473	38	4885
23106	19	9312
1443	103	7108
24044	206	6915
8691	58	5984
5266	123	892
2352	93	10027
22611	108	2694
25426	80	4971
3113	80	24901
7233	143	4558
274	115	4902
8688	115	23839
7761	106	5370
24916	173	8879
9890	62	23646
23443	209	25145
23222	143	5061
2509	133	6023
22474	115	23744
3761	115	4708
24690	115	4882
1960	206	25360
7883	115	24852
9719	206	24548
9596	183	6718
2134	115	5474
955	62	4560
1624	180	4683
9980	95	5354
7112	62	2797
9881	103	22542
3656	62	24256
8375	123	9937
9348	115	21380
8807	115	2973
1589	62	9913
22073	123	10237
25440	115	7150
25045	80	9481
21252	203	1052
21409	115	3790
6477	80	22749
2921	206	23031
448	123	24609
3918	92	1944
10347	173	3349
1098	76	2566
22858	173	6969
22015	80	7900
4584	115	7774
3725	123	7142
23748	95	7731
21898	133	21123
6453	183	5746
5591	147	4805
1959	62	5579
4705	80	7900
9810	93	311
5806	206	4549
7916	80	2516
22847	6	3005
5018	108	9412
2668	209	7703
24431	173	4763
463	123	9785
2951	206	22381
4649	62	997
9134	1	9396
6524	206	21481
2250	143	175
746	67	8679
23701	72	6164
9901	210	2883
24194	1	5389
25153	1	1070
10275	115	2614
24277	95	9114
4354	35	25498
7498	209	21254
22416	106	832
2036	108	9412
888	123	567
24544	115	21887
24068	173	23390
21652	115	1092
889	67	22469
1829	209	22216
22459	115	9964
9515	35	5829
24094	133	24163
24893	206	951
3309	115	7943
8750	92	10478
2912	80	25077
8977	1	23619
2860	204	8252
23195	80	3636
7482	115	22274
4820	133	8718
7380	106	3344
21665	200	8538
1898	206	22782
4750	80	2566
2575	115	5586
2793	115	23506
23934	115	24165
6135	115	5311
6406	210	8050
7647	82	21393
1730	53	6785
9242	115	4624
6326	115	8557
2112	209	10258
1668	173	4944
21097	80	7463
9751	143	21368
1166	123	484
24506	103	23899
23975	205	7333
417	17	23736
21139	115	18
8617	183	10290
1786	106	9833
23579	1	1070
3798	123	912
23361	123	24766
22613	115	7128
2518	123	5401
7890	108	9412
23237	209	7775
8325	58	6956
6175	115	21706
71	58	25149
2882	173	5986
6853	80	7900
2807	143	546
207	115	9610
3291	62	22863
25324	62	5576
9821	58	7984
24575	108	9412
332	160	24778
2498	115	21629
635	80	6869
1068	85	237
5154	123	24297
4901	209	22348
23837	143	9385
870	115	23598
22946	173	24564
6729	115	7255
23986	123	2084
21439	131	8044
9168	206	22372
21419	205	3105
3119	1	508
23426	93	25041
2066	108	9412
10409	80	6101
7400	131	6464
9116	14	2222
84	5	23414
1765	133	22296
10458	85	21556
23340	130	2920
1383	173	2769
2539	62	23936
24632	115	8090
23009	80	1247
4674	123	9775
24906	95	30
5256	146	2614
21889	133	6563
6495	115	1463
24846	82	3098
24598	206	6358
21777	115	8496
3505	115	821
22516	62	2854
10420	40	23287
3542	209	24941
2793	115	22543
23687	173	24592
3723	76	4790
9048	94	21988
24100	106	1747
9089	62	4689
2256	80	8809
21361	63	6020
4860	80	5299
4410	174	23963
4489	160	1458
435	123	9147
2108	80	6398
2811	62	21401
5877	80	6023
23232	206	23042
24054	173	6275
2570	173	4734
24099	115	3302
4295	133	24784
2073	115	21900
21608	102	24328
23601	130	647
1779	205	6072
396	115	4857
8966	115	9527
7994	115	5167
8136	24	8906
7354	80	3245
3846	206	24694
2782	115	23556
21933	115	4591
7145	115	22363
21526	103	4802
394	123	9852
24801	123	4438
1974	80	7349
24993	133	9846
5692	173	8207
9053	38	2711
1944	146	5639
4195	115	3682
25147	173	10142
24409	115	22015
93	123	3238
22059	80	6023
25053	62	9062
5061	123	22653
9258	1	508
2223	1	508
23947	131	7337
23076	76	6563
24890	1	23619
22048	13	24399
4753	143	4461
527	123	25117
2024	173	2822
24139	115	6955
2361	131	2028
6855	115	2785
7247	1	1484
5895	206	5630
21143	115	21460
4941	12	7487
23561	209	5326
2943	108	2694
3371	160	6769
2912	133	2974
5023	62	1526
22922	95	7159
22317	115	4902
23270	173	3327
49	62	23518
7371	204	2727
9656	1	7867
1029	115	4478
23352	160	22294
10024	108	8679
21623	1	7867
10008	133	2532
7491	209	8938
9716	115	22813
2116	1	9396
7201	19	9299
5423	209	6881
4249	24	22391
21784	204	9698
22812	206	6894
10323	173	8207
369	80	7900
683	93	5605
4584	1	1070
10494	173	8517
6339	114	22299
21050	115	1092
7953	146	3607
570	209	6571
9734	106	24104
1830	93	6259
9978	108	2694
1192	209	1149
5738	103	21255
8255	95	855
21256	173	9852
21185	123	989
3297	204	3567
7668	206	115
7106	130	1093
8780	103	3773
21816	80	6430
22066	115	6636
21433	62	22757
24634	166	23200
1587	206	5100
23888	80	7323
7650	92	2124
5118	62	21401
1018	62	9271
2506	115	10091
5875	209	23517
5306	115	9563
2701	72	6286
3286	115	6386
24131	115	23211
6447	173	21684
23715	115	22748
3323	39	6590
23855	42	3738
10385	95	3499
5737	24	4790
9190	62	6977
3561	115	24562
22551	1	1070
5777	35	21262
2969	215	25227
24136	115	746
5617	115	22151
4149	115	3109
25187	115	8398
23208	209	22216
8885	115	1161
25049	200	2962
5688	205	8294
24831	173	23065
2463	115	22998
21757	190	7554
3871	115	25309
23192	80	22733
10469	123	10237
3789	115	9676
214	115	2489
10162	133	7413
5759	115	5586
9507	115	21319
24545	173	7557
25236	115	9374
4633	108	2694
21952	62	9667
9921	115	4920
9686	173	372
23829	206	22760
3049	149	2776
7547	80	24926
7708	115	23403
22300	180	24595
24350	108	9412
6338	1	6147
8600	80	89
4743	123	6503
25403	115	2452
1750	39	6768
24864	173	3461
21282	173	23481
3500	123	3460
6531	204	5175
25453	80	22733
10298	206	25148
2812	115	6775
22119	143	5358
6937	174	2901
3215	183	23307
8761	80	24803
2983	183	8963
25045	39	1544
485	80	6023
22600	39	1095
885	204	7054
21526	206	23056
2541	123	24935
24782	173	2977
3068	108	8809
24620	115	22555
23454	1	2810
21318	205	4915
4407	115	3819
23076	133	6563
10247	204	24951
6917	173	4218
5449	206	192
2456	166	2566
2496	115	10358
24656	114	22299
190	80	22601
1587	106	8353
21634	209	1865
22936	115	23192
5241	209	8992
21470	115	10238
5274	173	21107
25043	24	21395
21614	115	4021
5922	106	9168
21627	209	22167
23165	149	7463
5306	115	24165
22278	1	1484
1998	80	22137
22702	209	7288
8235	204	7054
2468	58	7852
25318	123	7990
22000	209	5318
21692	210	2860
6869	129	2566
24762	81	9830
9246	131	22636
10169	123	23310
3231	149	24982
4226	115	8449
498	133	6869
1051	123	2675
25303	62	5329
6448	173	22695
9547	115	7749
5672	80	8679
23562	115	2563
8150	133	5299
25263	183	22718
2985	103	4137
8561	205	7973
1740	115	903
2236	76	6869
23877	160	23458
25467	80	5548
4853	95	10237
5363	206	24353
6607	123	2193
23581	80	5063
10272	62	5981
6447	95	3778
21115	115	4607
3815	115	21816
1547	143	8210
4338	123	24473
4378	115	514
2402	204	7874
24867	204	5175
9976	80	24803
24209	62	3612
9644	115	7595
7605	26	9436
10003	115	6628
169	160	9100
4830	80	9309
1697	131	24796
21086	80	2566
23579	115	8839
10374	143	10363
7232	24	9846
21634	123	1865
4363	209	23811
4347	206	23987
4500	133	9188
6763	115	1776
3258	173	1943
6436	173	9756
3975	80	2773
23113	80	6420
6274	103	6635
1065	108	9412
9460	204	3567
750	95	8511
764	131	24172
3946	62	1050
21800	80	7962
8582	39	9066
1902	22	748
4670	88	22309
3571	204	3974
1677	115	8024
24217	206	3357
9164	160	9100
23900	102	23458
3872	205	22377
21754	24	5063
2510	115	23525
10156	123	23310
770	62	1268
2880	204	5071
9871	123	2018
9926	146	23145
24524	204	24951
6559	80	9623
9746	95	23917
1051	115	8039
22859	204	24951
5871	205	7444
21208	58	25497
3515	115	3117
2914	123	7696
5917	115	7262
6537	206	9168
23536	115	3272
10273	123	8621
3172	115	24770
5606	93	25260
24860	209	22443
4016	115	23555
9499	173	2800
7950	115	9371
5363	206	1218
21009	115	4976
21322	106	21891
23202	206	109
1341	106	9671
2936	204	8252
937	174	9580
23316	80	367
24977	62	784
4983	123	2943
7324	210	22514
6356	173	25086
1863	115	3785
1120	115	181
24318	106	21363
6695	80	21785
25274	144	9045
23671	128	2997
22306	80	7349
2723	130	9580
10364	115	22431
4923	183	3806
23484	1	7867
4573	93	23615
4729	115	4661
4121	115	6846
25406	62	23102
6377	80	23875
3522	125	23277
8665	80	2566
9306	143	3669
24939	114	8853
6958	38	23639
3230	106	23199
8281	206	25132
1726	115	4034
10102	146	1886
1552	173	1994
1539	62	10122
23932	115	23122
1421	148	21682
5813	115	23184
4523	189	5536
22114	131	4694
6743	76	22749
1388	101	9869
24377	123	24863
2145	62	2448
9570	209	9225
25083	205	9032
2936	5	22296
24686	206	3431
5830	115	6033
24615	35	5299
3154	123	25038
24290	173	10485
8444	143	39
10458	129	21556
2598	146	3322
21384	95	3499
21611	115	8665
22041	1	8583
1879	62	23539
2534	103	24627
21840	123	24764
24589	101	8673
1877	173	8728
25081	62	722
2541	115	25452
8616	13	4536
9224	93	6747
4964	209	7290
21592	183	6946
573	115	25244
8365	160	23458
8040	115	23911
6553	80	6869
6623	206	2503
8542	173	5172
3339	1	7867
1345	173	24539
25395	173	25087
25418	115	4628
7733	95	3819
5123	34	21758
21846	115	23425
23344	174	2920
6230	193	23826
9632	205	519
7293	62	3353
24859	130	3640
6618	80	23979
6093	82	6030
7283	210	22244
2629	66	386
487	24	21522
695	72	21860
24670	173	8818
1795	106	3615
6295	143	9911
1376	133	7323
25026	115	23211
5714	115	21423
8144	26	8184
24277	1	778
4554	173	8517
2836	95	5136
23478	95	4819
3549	115	9352
6329	133	22964
3295	209	23085
492	168	23730
2878	67	7783
9979	62	1861
8385	1	1070
6144	204	6760
8930	58	3151
5901	115	3558
8227	173	23468
22455	173	22632
24642	76	24511
4185	72	23648
3447	115	3558
25137	80	5299
8569	115	25162
23351	12	25188
1125	115	23177
5126	209	23712
21340	80	22749
10413	209	7288
21967	144	69
7984	58	7042
25382	115	23708
9847	115	21411
10053	80	22733
5312	143	2879
3274	115	4999
5973	58	23187
934	183	6888
20	93	5056
25084	209	22695
24181	173	1750
8521	133	2566
5706	136	2566
8691	204	24951
23778	1	1070
24516	1	7867
3737	173	2683
1067	123	22013
1985	115	8024
9	80	6869
21814	209	23610
21552	115	25264
25269	123	23058
24018	115	9552
6670	183	4923
25269	115	426
9759	115	8024
23247	209	23286
8458	209	5401
6949	115	8366
501	115	4046
5307	133	23979
3514	206	21891
9567	106	3646
2213	80	24998
7069	173	373
10364	115	5167
6664	115	3878
1431	180	24595
3132	123	24121
2540	131	6022
5161	108	9412
863	115	7787
24095	80	22568
21214	115	24318
6483	206	1175
4912	123	22908
24837	173	21718
2517	196	25399
4195	95	7159
1797	93	6931
10214	209	6419
9253	95	22225
1235	209	6352
24636	115	3225
21569	115	25461
1878	80	6023
7482	115	21197
21397	160	22294
120	80	22733
7714	35	3436
1852	130	8538
5812	123	1387
23989	62	7375
3390	205	8314
10013	123	23657
23580	115	7422
6211	209	8541
21165	206	6181
23794	200	2920
6694	92	3293
5269	115	8063
1889	80	3566
9627	174	22149
10007	62	25380
22581	62	3662
10217	72	6553
6247	173	22998
3520	143	2309
3209	115	22405
9156	53	6869
5138	80	21280
23763	62	2429
1575	67	5063
5177	161	5177
7982	173	24589
7678	205	8069
4100	202	23397
4510	115	4207
8441	130	24766
5267	115	22807
24003	115	24942
6454	206	23388
9488	115	2943
2970	174	6104
25119	62	23417
3321	115	3963
10265	115	22380
8784	103	880
655	123	8659
22711	62	21547
6949	205	4045
8760	133	2566
3633	133	2224
4048	1	1070
22510	133	9105
21547	62	24299
2579	106	2455
2881	105	3134
21063	183	3161
334	160	24239
22116	207	9254
24884	180	8630
21010	1	1070
6834	160	9100
23538	80	6869
5676	115	4139
24929	115	21858
10495	205	8314
7078	115	24900
21049	80	21123
24754	115	263
4958	114	21432
21110	209	4655
5036	115	323
25291	80	24163
153	108	21395
6061	72	270
23363	205	22928
949	1	1070
3418	173	23390
2549	123	7518
4737	173	10332
22519	1	1070
20	206	22717
8255	115	23947
9854	123	1535
24272	26	6749
3128	76	69
5650	80	5063
4318	115	6945
25281	106	1693
7909	1	22437
9418	95	6697
23590	108	7783
23653	133	2048
6054	115	8347
23269	115	24142
4135	206	21743
22988	115	3917
9839	62	5783
2168	173	9485
5604	143	22917
5703	80	2566
385	173	1943
2994	143	1121
25364	115	9185
23756	115	21365
7274	35	1250
24976	39	4341
5517	115	7130
4282	160	24778
5901	115	22849
23560	115	9093
24455	160	2382
23786	108	9228
22148	115	8999
2662	204	7874
8671	115	24513
23594	82	7683
1268	108	9412
10147	115	23708
21698	131	848
24883	93	2180
1647	130	22984
4903	93	9098
8613	115	24119
2024	115	369
22659	39	2456
8087	204	9794
2920	38	25377
2285	80	6869
6800	133	9071
1110	62	5570
1801	180	22216
23423	80	2694
22399	106	9276
3284	115	22245
2059	80	25167
22959	1	5389
1445	12	4428
441	62	23505
3946	62	9745
24007	161	766
1172	115	25228
7956	106	649
2363	76	8003
8123	80	743
7360	115	22991
8880	131	9207
4300	95	22910
24685	115	5013
6829	115	6719
2661	133	22621
21230	115	4023
1820	1	24262
21332	106	5964
8422	200	9076
23408	108	9412
9960	80	2566
1025	0	10481
3390	209	23610
2271	204	21968
5820	38	7044
23714	26	2713
9796	115	25244
25247	115	23690
1296	123	2488
27	131	6842
23867	115	9580
25352	115	8627
720	179	6430
3949	115	21871
1395	160	23458
7209	78	3222
9186	143	22951
22814	115	7638
3864	123	23077
22858	123	2492
6849	115	4426
4101	115	24800
22656	106	65
22234	72	22204
22897	115	2151
22523	62	6701
21271	133	2587
2755	123	8992
6492	76	3795
8291	62	2356
1046	173	22030
9090	95	9286
9737	204	7874
24980	204	5912
6971	115	6904
3439	173	21124
21499	115	21380
22242	173	8969
24821	133	6869
5783	62	10034
582	133	2011
6683	123	8525
25367	123	22763
22927	123	24053
7624	115	4811
5283	106	9508
21027	62	1441
6426	76	7796
21098	62	10380
8595	123	768
23087	103	23920
3803	183	3609
9966	115	340
1877	115	9326
21265	133	2566
24993	80	4790
953	204	21189
8699	106	2327
1221	215	25227
9893	102	9000
6234	115	266
24275	92	22038
8201	131	1349
4249	24	23747
7469	115	4771
1120	115	3530
232	183	8077
7167	95	2365
3746	123	23476
6114	173	3940
22740	115	6846
10167	115	5608
1539	62	23228
5342	115	25128
7623	80	6430
1391	62	2546
1546	115	24808
2198	133	6023
6418	205	532
2156	39	5470
6990	123	2039
4532	106	25443
2965	80	3909
8040	115	23403
25044	205	8492
21807	40	23404
23676	123	21250
23158	115	22331
23533	183	25118
21321	80	23397
1263	80	7012
7856	123	1646
5784	133	8906
7065	115	166
5360	151	6194
22584	90	2796
9388	209	796
6553	12	8714
4538	115	6738
3353	108	9412
9299	80	1954
21615	152	2566
2107	206	7494
24791	80	6869
24692	80	22037
7902	106	5923
3201	173	23065
669	115	24818
22245	80	1247
3022	209	9336
1164	115	8588
2409	62	4679
25324	26	2645
24050	204	1156
24916	115	8879
9869	209	22865
8889	173	1549
5189	112	22382
8456	80	89
2596	5	21442
5806	206	1199
23485	24	9412
10219	204	6138
5960	115	4624
10029	106	8543
1433	204	7874
10228	108	9412
7757	108	9412
9918	131	23869
22444	115	21916
25025	62	6511
23727	102	22342
6977	62	9190
25214	106	8587
3793	143	959
10466	1	1070
518	143	9011
3139	183	3691
8543	72	2799
5200	80	4535
4215	183	6838
5370	206	7060
8392	206	1199
2681	174	22163
7260	80	9891
6887	115	23184
4482	80	24540
5958	204	3974
3292	1	8049
4588	115	2572
23666	174	9059
21973	206	8531
10188	115	10299
3017	215	7082
25146	173	8312
6770	115	21225
6358	80	89
10121	173	24156
4891	62	6796
21880	115	1301
563	80	2566
7677	1	508
24223	130	22291
25340	174	23805
6015	60	4971
22069	184	22575
10255	123	5401
909	123	822
5147	101	24682
7939	209	1800
21237	80	6869
273	123	3904
10380	62	3085
6680	80	797
25423	160	23458
929	103	21392
23532	148	2456
4577	173	7758
1550	131	649
6309	133	69
23900	160	22294
6908	123	5003
22552	115	7723
24366	14	8826
8532	173	8045
4178	209	24622
25307	5	22733
5225	115	8139
2547	183	23754
9041	206	22697
9380	123	4496
3776	131	9106
7074	1	7867
22083	115	10299
472	205	1436
8795	206	21602
10199	203	2456
978	115	657
21291	17	8940
5834	146	1687
24434	123	5128
23431	115	25197
2435	174	5997
6224	205	24830
23102	62	4194
931	80	1244
7221	204	21553
24331	209	10117
5126	115	5415
23000	115	8063
5396	93	23914
3125	62	376
3565	115	8139
25494	130	9019
5705	82	21801
21846	1	7867
24169	183	8007
21130	93	21482
8348	205	10404
4470	206	3382
8448	143	2259
21154	1	10286
25060	133	24448
6613	206	25097
24370	95	22886
1867	206	5222
23495	92	8039
6467	1	1070
7417	106	9671
8994	1	8583
3841	123	7861
23509	93	7836
22422	80	9623
25274	168	22568
24564	72	23672
9973	143	22818
21616	174	25497
794	174	5997
23243	24	24998
1568	209	22216
9813	210	22514
9004	115	5204
22973	1	23407
1774	115	22224
23245	130	3640
24967	173	23390
10446	183	1647
7912	206	24509
3274	115	10057
23289	133	23216
21240	123	657
1902	183	4609
24372	66	10199
22048	66	21756
1127	115	9528
719	133	9412
9446	1	23264
7510	115	8839
1183	31	8719
9531	204	3567
21041	42	23943
4075	80	355
782	115	836
6615	115	956
9582	209	9067
10441	150	21123
21359	106	10217
24457	62	23846
5732	114	7630
422	204	3567
1661	133	9878
2979	48	9996
22823	115	21895
2651	115	24249
7421	183	6913
23320	133	6961
3081	106	4880
5897	24	8874
7197	115	1880
3136	146	6743
7995	80	5816
10318	80	6869
1414	106	3235
8635	80	6271
10437	103	5283
2662	173	2711
22723	112	22382
24987	67	4790
22726	115	3285
4537	173	22584
8817	62	6489
23992	106	8907
7685	131	25140
24568	183	5809
8528	123	1034
2397	143	119
9409	205	83
2550	95	136
9588	123	6540
3055	131	4973
6305	62	4679
24329	115	21463
3529	76	2566
9959	205	6498
24545	1	508
4665	93	6989
22179	115	21343
22822	209	5401
3759	95	3499
4817	106	25320
23591	206	22563
5346	115	9932
22475	180	24269
8063	80	25484
8069	80	6869
25422	130	9158
6385	95	8012
4625	143	6238
1958	123	319
3951	115	1731
8773	62	7800
8231	173	4960
8595	153	9846
24368	115	726
21603	209	6540
3802	115	24023
23095	204	7874
22164	174	1093
23835	58	2827
9239	124	22437
3697	115	3558
1949	80	9503
2438	205	5996
3998	115	9553
1840	206	5192
10086	106	5789
9133	206	413
2042	80	4610
5834	92	1081
3797	180	4127
778	105	1070
751	174	9019
2552	115	6408
2257	189	5536
2581	115	6207
8884	206	24075
22159	38	6275
24165	39	21112
6809	149	24448
8544	133	24540
4071	13	7905
21351	209	21939
8186	173	2158
25413	26	21638
24750	133	2566
24779	174	5997
22607	131	9060
21637	173	22370
10466	115	22555
4254	204	7874
9731	115	2085
4169	115	25429
22235	80	6563
4954	143	8571
1269	108	9412
23620	205	4045
434	80	7012
2293	95	3263
3924	115	21629
22386	60	10202
24094	72	7007
5399	108	69
21074	130	23963
643	39	10205
5738	80	24163
25394	80	4790
1382	115	5516
3006	95	22910
1251	183	8514
8996	108	9412
24308	80	4790
6246	123	22163
10322	133	2566
6913	183	23691
5221	80	6245
23129	62	1595
25109	149	6023
24570	115	1188
24301	80	10441
5401	80	7783
21888	115	6846
7819	133	23106
24257	115	5842
5537	173	9669
4164	206	23337
2585	123	21218
1200	115	4067
22035	80	7463
1721	62	23393
1333	115	2294
2556	180	25040
10353	115	7381
9012	80	5030
5712	95	5136
937	143	5486
7118	173	22163
2154	133	10301
1138	1	22437
26	115	8582
21053	204	3567
24653	115	8063
22696	1	1070
896	123	10067
9867	115	10091
24848	115	6084
2607	133	7413
6425	123	21117
1120	209	8517
5690	62	4967
7182	101	22124
23182	115	1880
7486	80	6869
2214	80	22601
9855	106	24021
23451	209	333
9162	106	9634
2174	123	8992
25219	24	23773
1011	1	6421
22199	1	508
3956	53	4160
8799	78	6743
3414	209	22086
25258	108	69
4922	80	24536
6246	123	22763
10086	72	2732
10292	26	8184
9169	115	6601
4517	173	22921
24728	133	23397
21963	38	10283
6007	103	23457
24918	174	10190
25082	115	6694
4284	62	9150
6083	115	24106
8062	115	6126
479	115	3618
9418	115	3491
24455	215	22768
861	123	4900
24604	123	3206
5797	80	3245
4527	215	22738
1761	1	1070
3926	115	657
22615	143	21769
21685	115	4139
9418	115	5128
9189	105	24007
1023	115	9580
8477	75	98
9324	173	7709
1054	200	22942
22750	108	9830
3951	205	5907
24179	115	8338
5963	204	6138
21976	115	5214
7110	160	6769
460	108	9228
2325	95	7711
1152	160	2382
25136	173	5496
24290	115	7380
24549	115	5422
23603	209	1713
5656	133	6869
2199	131	8414
25469	115	6628
4349	160	21905
23144	160	1458
25058	38	25410
3539	131	5683
23759	115	9552
1141	103	3067
8869	123	3704
6899	173	3887
6693	80	22733
9217	154	8099
24860	173	7090
784	62	22489
24585	146	23177
23385	75	10359
21053	58	23709
22594	158	2410
24069	95	23015
3468	173	25207
24934	133	7398
22555	80	1136
1179	93	1890
6407	115	378
5606	103	22251
23219	115	1009
21289	184	4050
3007	115	6572
22151	206	8442
24027	209	25339
9822	173	7929
9683	93	2820
3837	72	291
7839	114	118
8093	35	22496
21212	23	21212
23050	173	3529
23456	206	8346
6951	80	2630
2955	205	8122
7227	133	7201
7917	27	23747
6841	133	1078
7106	143	3702
23406	115	2621
22314	62	24529
21096	80	2566
23602	80	2587
24224	62	2439
5816	108	6563
8710	82	8774
24717	133	21280
6380	205	3105
4924	1	1070
4771	206	6408
816	209	4532
4311	206	9470
4640	209	9067
10403	80	9481
22904	115	4671
9233	133	6961
7351	123	4426
7411	1	1070
1076	123	24766
5070	173	22189
23153	26	23472
3062	80	4160
6233	39	21915
24294	209	7990
7665	133	1247
5761	115	5938
7780	80	7962
25284	183	9824
8736	115	1071
4758	183	8499
5229	123	24333
9708	38	9619
23125	115	6628
4994	173	22704
24840	95	3778
1660	19	9312
1132	1	6147
7053	148	1052
21057	160	6769
22814	205	8005
5484	215	440
5134	1	23264
8574	183	2006
22490	115	5013
23950	173	9648
2334	133	2224
25443	106	4532
21601	123	372
6711	93	23597
6758	80	4790
1433	173	22163
22638	131	6746
7700	209	7170
812	204	3567
4539	204	24951
5529	39	5273
3749	173	9485
9181	115	4036
3549	123	22567
9867	115	1173
10185	209	8307
22598	14	1129
8205	95	24422
7328	160	1458
76	80	25226
21862	143	869
25406	62	9070
8721	115	1375
25324	62	10375
22401	76	1267
10199	80	6869
24587	209	1713
454	80	22733
25102	72	1329
7455	131	8396
3145	206	7912
8982	62	23040
6790	215	25227
7469	209	22843
10153	204	3567
4890	115	22998
7479	173	9934
4026	108	4971
22002	82	22976
5464	160	1458
6496	210	10247
1795	133	23342
3176	103	23757
23914	103	5396
4454	143	10220
24862	62	1861
23307	130	9580
24159	80	2244
1553	80	1053
4363	115	10432
24431	1	508
23364	115	3373
21768	103	615
9344	80	23200
23615	206	23621
3630	173	24333
2194	24	69
9620	205	24719
10376	39	7338
1502	209	22216
1969	26	6916
24806	123	3460
21521	133	6023
25336	80	23059
22447	95	3263
21944	26	21638
24671	1	508
10195	108	9412
9239	115	378
2318	1	1070
25210	108	2694
22734	115	25023
25499	133	5666
22667	115	6846
4689	62	6303
6202	62	5576
3312	115	1102
23071	62	6977
24669	209	22955
5831	209	1625
21131	80	2630
1573	133	25167
2734	205	1609
3368	173	1884
4495	177	7900
23269	115	6254
6838	210	23026
1066	206	5508
7569	93	22498
7932	160	23458
22887	80	1247
1222	205	1453
25121	108	9412
24998	112	22382
7190	144	5472
9821	38	7984
24229	62	6679
5463	108	22469
8071	80	1247
8157	115	24232
7736	115	21871
25399	206	10008
21187	62	3220
24522	115	3538
8930	58	8988
542	205	5858
5917	209	4386
3000	93	9654
5880	160	9603
24144	108	9228
10050	80	22469
25037	209	4742
6206	115	10127
21691	62	4334
7559	173	7929
22326	93	4322
678	160	24239
3683	108	8906
3954	115	1086
648	103	2820
7715	62	24411
9497	123	21250
23962	80	10441
21341	115	3590
1469	173	1536
6994	206	23383
2226	80	24536
4515	108	9228
8931	95	777
24938	206	2941
9136	17	6969
3269	209	5401
291	131	1108
7250	80	21123
24754	95	23191
1897	160	24239
5431	95	6697
7268	209	23286
2641	133	6023
22188	209	22503
1545	80	5030
23918	205	301
9033	115	9684
5765	209	8777
6627	26	23118
2631	80	21123
24073	180	9904
8326	80	22043
6481	72	21398
9273	62	4307
22670	115	7009
8167	115	4881
25032	115	2786
2573	62	204
9270	123	23515
3191	115	24189
2408	133	1244
23153	62	1907
934	204	7874
8059	205	1582
7597	115	22385
8180	80	7201
1524	133	6023
6288	95	8265
25180	80	7522
23716	200	25298
6219	108	2694
21708	123	7367
1018	62	2170
6938	115	897
7714	108	22469
21652	173	2193
6780	115	22995
1254	174	3571
1639	62	21747
21380	80	9541
21429	92	4814
6785	129	504
23253	108	6563
22369	123	10282
9680	95	8775
8751	39	7030
21690	103	24479
22884	115	24727
5693	115	426
2620	133	24448
4850	115	4775
23154	106	3514
11	173	5997
21652	1	1070
21717	115	2848
9783	173	2977
23419	87	22230
78	115	3681
3364	173	3940
1775	123	1034
4302	115	1232
22977	35	24163
1719	115	24733
25211	206	23456
1869	130	2962
5985	115	25439
9759	115	3450
25067	13	8997
4059	115	4628
2604	190	24762
7506	95	1560
3542	115	3883
8907	206	7553
1171	62	24787
6824	146	358
25115	108	743
25134	204	3567
23305	209	4050
21071	115	6690
2605	95	855
24454	115	23215
2874	133	23677
1273	173	824
24681	26	23166
25481	1	1070
22409	123	98
5516	90	3829
2956	115	5239
6825	35	5430
9359	8	4742
10298	80	8003
150	62	24681
25008	80	2532
8192	205	23401
24948	80	23216
100	149	23216
3968	133	6563
1171	62	22344
8993	62	24903
3334	101	24640
9112	160	23458
22776	39	9732
1428	115	2126
22509	180	10359
21969	204	2430
25085	173	24303
25342	115	6207
22872	115	4907
3927	95	6697
8455	35	1745
3980	80	6563
21025	173	6275
21888	115	3975
240	80	3914
1348	115	22419
935	174	9580
1110	62	3639
4745	204	254
10059	115	2393
22790	200	2711
23084	133	6563
49	62	9687
21696	35	5661
24326	103	9998
4889	115	5516
407	115	2466
6317	95	8265
9752	130	8293
7025	5	6869
22654	131	5895
6303	62	328
1606	1	508
21623	115	24234
23377	80	5935
9714	204	5071
1668	173	25315
25352	115	21895
6977	62	23071
23952	204	24951
5037	115	4695
5715	115	23325
21350	114	22799
25134	183	4437
1342	209	7845
3861	115	9458
2625	35	25077
6121	53	24163
8083	189	7454
8964	115	4264
22948	206	2726
25038	106	4623
23030	205	23477
4133	115	9527
420	106	1066
22735	133	9412
24537	80	8703
8097	62	1526
491	39	1052
8207	5	2566
23180	133	6869
2579	72	24389
9626	115	5920
23902	72	21402
3551	133	1937
7118	130	22163
23673	160	1458
9748	205	24941
6347	123	8917
7111	108	743
24327	22	23308
1772	204	5912
23650	115	8415
8470	80	9623
25420	1	5625
23858	115	6775
23777	190	6079
7089	108	8916
2687	191	25041
23270	115	3579
2782	143	3022
9872	95	10108
203	130	24442
22050	133	653
9285	106	6297
592	143	7426
1464	80	6563
9575	115	25159
7230	133	10301
24339	173	23390
7052	209	22348
23144	160	24239
5164	62	7293
22552	209	22843
4674	1	9396
3073	1	1070
21139	115	4658
4845	204	6138
1277	95	1295
3295	115	9023
22136	62	5791
7164	106	7057
837	206	6613
25386	62	8996
23291	209	8818
1551	28	1010
1093	204	23070
24105	183	9968
2487	35	113
4266	115	6903
6867	80	1247
22581	62	4583
23984	173	5572
10445	103	6624
7389	80	6023
8284	209	7003
7606	115	23985
21958	130	2962
21309	204	2430
21593	62	22616
24647	62	2145
5160	170	4549
5553	106	8723
21666	115	2072
25437	209	2329
944	123	7861
7231	80	5045
22074	106	6704
4862	108	7783
21307	173	9053
5635	62	10195
2165	115	22385
22566	179	7349
10061	115	22926
4469	204	24951
4736	146	24072
246	116	5472
4854	1	1070
4666	131	6439
7899	1	508
5566	180	22664
962	143	23141
3554	133	22424
7383	80	6869
8625	170	21416
9616	115	4038
5003	80	367
22014	173	21661
23016	115	22555
7200	80	3129
247	158	24237
8350	115	21581
4782	123	8810
21552	115	3527
22217	115	3133
24945	160	22294
21847	80	6869
1072	62	1773
23567	115	9249
25196	74	2920
2486	133	6430
9576	123	4496
9928	62	1639
2024	115	21916
8624	80	2566
4839	115	1892
9695	26	8184
8798	131	668
6681	130	3349
3090	123	9785
21326	209	22584
4245	62	9288
23884	133	25167
8522	72	7150
3061	115	1301
3844	183	2617
2825	193	2108
3797	115	5128
1378	209	24045
8959	92	5256
1402	173	342
6230	184	1806
7387	95	24486
9477	133	9481
22364	206	2942
6055	62	1987
23181	80	4790
22552	115	22405
23787	35	23916
9063	62	23853
5423	123	6881
5764	115	7863
6875	115	22748
8260	173	3086
21518	204	5071
8704	39	5273
4373	173	747
21424	108	31
23705	143	3793
22342	93	24328
8736	123	5788
8837	24	4790
847	80	22733
24851	62	5405
8392	206	4549
9455	80	22469
3553	173	189
8311	183	21692
5163	115	2995
22246	190	6079
1519	62	10289
24125	80	7900
23191	80	2566
9372	72	1642
4050	90	7837
2501	209	2789
7621	160	6769
8229	80	1136
23193	123	8858
21336	209	4568
7160	209	532
4905	154	21772
4557	62	1526
3383	160	6769
1689	62	4788
22131	209	21132
5693	115	21902
6634	80	7522
6162	174	10318
25111	62	6627
5670	115	22419
8358	209	21939
5982	115	469
770	62	5018
3247	80	1487
6609	115	3777
9973	13	24399
2845	17	5520
3360	103	22785
8604	95	3263
25042	115	2563
8177	95	1804
21164	1	8049
2803	80	25455
21405	174	5997
23927	115	3372
1928	130	726
943	80	6869
2014	80	2566
3366	133	6430
2405	115	5239
5806	80	22749
10173	76	6869
7982	115	2200
24771	130	668
3565	115	21479
1856	205	8533
23175	158	24705
820	131	22654
5054	62	2811
419	66	3975
4825	39	22708
3018	209	747
6294	180	9314
21673	160	9100
4340	95	9410
23075	80	4160
7153	133	7305
9745	62	1050
24003	123	9721
4886	106	5400
25093	204	8296
24166	123	24041
23984	1	1070
495	174	9158
6988	115	21813
7539	133	2566
21420	95	10444
7605	62	9150
21242	206	2941
23393	62	1061
3552	133	2224
1464	80	6023
2185	205	8122
4593	204	8508
5623	80	6869
9621	133	8099
9685	95	7718
22800	209	2635
22333	115	23768
23237	115	22575
10378	62	5981
6034	106	475
7384	174	25497
21779	115	4491
21364	24	4790
2912	133	23554
8888	63	9823
24753	123	9619
22313	149	6869
5784	106	10302
25303	108	9412
10072	123	25410
9340	131	10217
2043	108	4790
21658	183	62
4964	123	3516
21498	114	8853
23086	115	7931
6031	1	7867
5033	115	3252
25000	115	6694
22243	191	6043
920	80	9228
24153	80	6622
23884	93	1477
4382	179	21198
1739	160	6769
3132	115	22265
8324	173	5412
8560	160	6769
4426	204	22076
1885	115	2749
24352	17	8335
1147	173	21598
22821	209	1549
21958	210	4858
10135	133	24448
4967	62	7584
200	72	8321
24640	115	476
9599	123	8010
7248	108	6563
997	62	21388
7915	205	5781
789	106	7536
2010	209	1629
5282	209	7290
4749	204	8565
2791	95	3499
590	173	3529
21937	115	4023
6666	108	9412
10467	209	9016
21925	106	615
5738	80	7900
2759	115	22837
7534	115	6628
23294	115	1736
21221	123	23234
2682	130	21495
7628	115	2692
24177	108	9228
9593	173	9577
627	39	23851
22888	123	25117
24725	62	5791
5632	115	5799
8458	115	1301
24108	160	23458
7491	95	315
24294	115	9610
5088	209	333
7644	95	1560
21608	42	10388
23160	133	5394
1638	62	9928
3172	209	4225
25327	106	9360
6034	133	23608
22510	80	7349
22534	115	8246
8590	102	24239
2745	80	22733
1504	103	5782
3183	133	4790
9169	123	5868
9118	173	23806
22571	123	7354
1549	80	4610
9446	173	2635
1043	146	562
5421	95	8265
7973	90	22155
149	115	21068
5244	80	2694
4447	115	24965
23187	204	3567
949	209	8742
2404	62	4086
5402	106	6503
7729	24	4790
2016	209	189
6679	26	6384
2236	76	2566
24296	58	5984
23403	80	7900
21178	62	6303
6421	75	25117
2385	205	1609
8474	173	21208
8585	131	9696
5823	150	22356
6848	39	22708
9085	123	21533
21283	106	24297
1001	206	24044
22465	173	23277
1787	72	1047
1234	115	9147
116	133	10441
24326	206	4323
1666	160	9100
2797	62	8211
250	1	5851
4590	209	23515
22966	115	8596
22741	115	1463
1637	80	23037
24108	215	23922
2533	209	7990
6770	123	5401
9892	206	25463
10087	123	319
7493	133	2954
8874	112	24127
8111	143	432
3164	115	6638
9238	62	2469
21504	206	1550
21743	103	4135
23269	115	4397
8794	180	7269
4611	1	508
5428	95	1295
9595	204	3567
23887	177	21123
3651	115	8557
6090	204	7608
384	123	3904
6164	206	21482
5517	209	23085
5220	123	9852
4694	131	22114
21465	123	3317
905	80	748
2954	108	4790
7897	62	5783
8421	206	6915
21422	35	399
5766	80	7900
424	1	778
3510	209	8747
4063	173	3704
312	58	647
21950	123	8472
7236	39	2456
10016	115	649
8746	80	22733
7781	115	1731
5499	183	24408
621	115	9468
21170	80	9849
3643	114	22299
5361	130	3996
7103	80	1710
21066	206	24992
6090	123	5997
23648	80	5669
2707	39	9732
4183	115	5052
4554	95	22910
375	115	5419
24879	123	5213
572	115	5794
9766	123	3471
2596	131	6464
4157	209	3206
7295	115	3491
1713	39	2009
3367	106	9183
24324	123	8806
23977	173	5245
10488	115	24390
5828	173	9053
22947	173	7557
2288	209	2909
5503	115	24928
3649	146	24096
2925	115	4857
23371	209	5733
23172	1	23407
21908	209	5640
9628	174	4701
2561	206	25327
3712	95	4094
23522	95	540
824	90	21169
21128	62	7838
23239	115	25051
10239	115	1591
5511	209	24286
2267	204	7874
1179	82	9278
22742	72	4902
3634	80	21965
21473	58	5216
7108	133	21123
1157	99	9802
649	131	21504
10473	115	9566
3276	177	2566
22412	80	4660
3249	106	23263
5915	130	8148
7283	130	25298
4519	103	5228
10215	115	23426
22714	31	23875
6351	115	1232
8442	80	2566
1380	123	23661
3954	115	22653
25451	204	7054
9003	123	5401
5682	115	21217
7547	93	754
1100	115	24773
2968	95	30
8586	123	2675
7564	115	1731
8951	130	3640
4126	123	5401
8320	58	3349
21464	80	2587
10405	206	4815
1381	115	5000
1502	205	22216
6059	173	9456
7108	206	1443
21599	102	9402
906	190	6079
8132	1	1070
7961	115	1077
8675	174	22801
5822	39	4320
532	80	2630
5105	115	24823
7153	80	25050
9361	209	5572
10007	26	22309
6723	160	6769
4488	80	1937
2167	115	25174
2631	39	4702
2566	35	367
8131	166	9887
9584	115	7314
7235	62	21741
9761	123	2471
630	133	6023
6990	205	8314
239	17	25412
7375	62	2066
22833	206	7819
21693	123	1884
5201	80	6869
1034	106	8659
4566	183	10183
8856	80	1448
23649	1	5447
3237	22	4160
3998	115	8228
8353	103	25209
7519	115	4213
25119	62	21753
5369	204	466
6045	209	5401
17	177	9875
25351	108	2694
10486	209	6500
1502	123	23058
3108	80	5299
10279	102	24328
23366	115	22669
5646	209	1889
21399	146	24275
8070	108	4790
21628	39	9571
24933	206	8751
10248	115	9010
4969	133	7966
22597	39	1544
24916	123	4892
5149	82	771
6962	115	5382
1796	123	3097
22585	204	24951
8106	123	1884
23233	93	2599
8116	12	8650
24722	173	5997
5042	115	25163
3729	24	4790
7426	173	191
25368	39	23530
10446	130	22984
23167	58	5743
21962	72	6038
23057	206	7180
24526	80	2566
8104	206	6505
6468	130	2920
840	39	2616
3477	95	22910
7763	115	4775
21313	80	7796
6633	80	1186
4047	24	4790
21986	115	6694
7957	80	7238
4427	204	6760
24765	115	1301
8563	62	6482
1156	165	2727
4122	108	7423
10477	143	23492
23918	115	23482
24810	133	24448
9447	53	6869
6274	106	3818
22303	103	5092
22297	115	5986
6074	123	10075
3697	108	24998
6529	80	797
4294	1	5856
6088	133	7463
8200	115	21921
2082	206	9892
24340	173	8250
3877	115	927
9067	108	2694
7425	173	2304
22275	80	2566
2678	170	8830
6885	133	7463
23858	115	3285
4825	39	1052
6347	115	3302
22706	174	23963
24084	106	8953
9694	1	10231
2059	133	25167
8613	1	6147
1677	115	21921
1287	115	24189
4564	108	22579
8215	72	636
21967	168	9220
1239	26	2645
10005	123	6500
5046	14	9250
8851	80	21522
1604	173	9785
9139	115	8141
21713	95	5081
9863	123	23657
456	115	21479
7467	106	822
7821	209	1800
8988	80	1080
22670	123	319
9457	189	5536
3704	58	23167
5233	123	7170
6696	209	5467
2392	80	23414
250	1	508
8657	115	24808
21449	209	24263
156	133	1940
21810	206	8645
5479	108	9412
21640	39	9715
9491	92	1038
24572	80	4660
3318	93	22542
4280	173	6455
5387	190	7554
2221	133	722
5488	80	6869
7667	209	25086
2490	25	2468
2619	80	23169
9772	204	5869
10461	115	7870
8689	173	24960
5519	95	22225
21963	38	5984
5118	108	9412
654	115	22950
23971	80	748
1696	205	8533
23397	108	4971
22737	115	7337
470	160	9100
10177	117	4903
3473	204	8252
3749	115	4478
9881	206	5508
4516	209	23866
2024	209	6572
9002	72	915
5965	115	4591
8633	95	24635
8158	215	25227
8721	115	8141
23574	115	1556
21052	115	5153
24954	123	7754
7362	80	6961
21134	38	2900
610	22	2566
5686	80	5030
22728	177	1893
9429	115	625
451	206	8780
9746	115	9835
6662	173	9787
7101	123	6865
8149	115	4705
1158	194	6486
7660	80	22296
2242	209	24325
3697	123	1368
22879	35	9541
2512	115	2640
7182	101	22561
3730	106	3907
22505	206	7942
9212	1	8583
5812	115	1232
3650	80	7522
6866	173	9908
5283	206	6320
24067	115	10045
22650	205	25402
24965	80	22733
9158	80	9665
7300	115	6601
23681	115	4181
6596	209	23009
7115	80	7834
25221	133	269
4188	80	6869
9972	80	4790
21883	1	1070
22685	115	183
8898	115	21276
2465	80	1983
8832	205	3945
3931	206	9470
2256	80	24803
21565	35	22977
3918	146	2598
24373	93	22460
21672	115	23461
7926	80	2566
8512	191	23431
3228	93	4223
4866	80	6869
6073	123	5750
21134	58	23104
3449	103	9726
7375	62	8097
5911	22	6869
22307	115	8327
25081	62	3043
4937	95	25248
556	95	6625
22902	80	2566
24079	80	1937
2135	80	6869
21321	80	4971
10072	204	22529
211	26	23472
23377	133	23677
21325	174	6104
696	209	25151
21047	160	22294
21814	1	1070
7742	67	23773
77	190	6079
4648	215	22768
24522	1	778
2316	205	1663
9752	174	8293
3885	115	7686
6263	183	5793
2094	80	22733
5037	115	1301
2875	115	9461
7388	115	24427
24840	115	3963
25260	206	9224
7390	80	2566
4866	72	221
9233	133	8003
3872	123	21625
4445	115	1233
1428	173	8362
9373	131	22415
7678	1	508
1206	115	2757
24081	206	3958
6153	115	25174
8155	130	25497
21735	196	21823
21348	123	9577
22619	115	6900
22907	106	22881
24970	173	21447
23404	72	22265
23663	204	8565
5251	93	23154
3246	115	4882
10079	62	5783
2307	166	1937
24475	126	9851
23686	1	508
6317	209	6705
7586	115	4706
9353	35	748
2035	62	7568
9115	93	9138
7545	115	24942
2150	80	2566
1658	173	24705
2395	131	2054
23892	115	6690
22717	103	20
8869	183	5369
24761	173	10384
7140	108	9412
5217	143	2041
8233	78	7922
24664	62	3612
1975	123	9954
23376	80	7349
4147	103	25148
5530	1	1484
5979	39	21841
5689	133	6642
2837	205	1475
10022	215	440
22305	209	189
25330	133	8027
2592	106	22345
39	200	6956
24534	115	23036
7605	108	9412
23466	1	7867
4774	1	508
22809	80	23747
6014	133	4778
8614	115	22788
5376	115	22127
2800	5	7900
6463	209	3573
23468	5	23308
23846	62	8933
23943	160	6769
22989	80	21778
4312	115	931
4366	1	508
24487	102	22290
2323	174	2711
9759	115	4624
7624	1	1396
9886	210	4894
9706	173	3606
24473	80	9875
254	75	9019
2707	39	4563
9786	215	23922
22748	39	3757
25121	62	4194
1457	209	22269
4180	115	563
549	123	3216
21345	26	8184
796	80	22819
21178	62	5329
1600	130	24524
1426	115	6352
10356	123	3137
690	115	8681
23395	62	22489
21257	206	22254
23588	146	9400
3351	115	8169
5251	106	10342
4419	115	8290
21193	183	24981
331	143	8249
8372	124	6645
22818	66	21756
21157	173	22092
23497	115	21475
3793	174	24524
9581	115	7298
21767	108	9412
8346	103	3913
1474	206	6857
21771	174	5921
1573	80	25167
7565	62	21911
7331	72	9510
3411	115	22950
7108	80	21123
21244	123	3066
5367	115	3285
8936	173	24564
3398	1	24591
10195	62	676
21332	133	6563
4647	206	21312
5626	149	8003
1970	143	8135
8875	115	9527
10006	1	7867
22476	133	5669
832	206	6009
23026	200	22942
21244	123	23610
10061	209	55
3111	183	21766
22052	133	24491
25078	209	5750
2377	62	24051
21469	115	3756
8317	80	10453
24377	173	24863
433	115	1586
23165	80	7463
21979	80	3683
5090	123	3137
9493	123	3498
22835	133	9412
23857	209	22184
8891	123	1764
25221	106	5377
10033	78	22061
9247	204	5912
883	205	3804
23526	115	4533
872	115	199
4873	123	10067
5747	204	21137
2273	173	22457
23377	131	2596
744	133	23979
24892	103	22707
22062	129	7522
22305	115	5460
2808	12	6756
10328	173	5520
1158	123	24791
21401	62	2811
22958	42	23943
6738	133	7458
8526	205	25161
9161	38	23375
6281	191	25432
7701	123	8621
7121	115	6842
22904	123	10020
7230	133	6961
6469	106	482
2354	115	8063
9552	206	21628
8973	7	743
23259	62	21243
22210	209	3911
7358	115	1459
23750	115	7475
9519	200	23167
6041	115	9035
5688	123	23424
10484	209	7577
7319	103	24694
7849	209	25140
5008	133	8874
1782	173	4218
9300	131	846
23620	173	21124
2024	123	2822
978	115	7612
22851	209	21254
3425	173	23234
4485	115	25240
25360	103	21833
4558	173	3704
5874	12	7487
5130	80	3260
5014	115	23985
2284	80	2566
10474	209	25106
6963	80	24118
22302	209	8745
24888	123	23731
7572	101	9386
1362	115	1137
6410	160	22294
3383	160	1458
7503	158	9096
5787	106	4067
644	160	24239
3233	115	6150
1365	209	8057
5521	183	3484
3673	115	3675
1723	204	21331
6457	123	21046
8377	80	4790
2942	103	7180
7556	115	8472
21328	115	8067
9694	180	4683
22189	80	24163
24027	173	25339
7044	197	25218
6171	133	4995
24792	173	22163
25444	115	21358
22161	123	6865
881	204	5071
8390	80	23747
7481	80	23200
10196	115	6233
5979	80	3245
22480	1	7867
946	209	5069
25403	115	24999
1996	173	5183
22800	115	6084
1877	1	1070
3841	115	7737
21950	115	7790
7487	72	22920
5444	115	22365
23436	93	10425
5743	58	23167
24475	114	23861
2010	1	1070
25166	22	24803
775	174	9619
1888	82	6546
6177	204	22529
707	115	8999
7	133	5308
9747	80	22579
6920	123	8858
6520	115	8681
22829	149	69
1259	173	24206
22518	115	2126
4653	115	4459
24568	123	25497
5088	1	6147
9772	204	22076
8820	173	22121
2563	80	2566
7359	39	6058
621	115	5680
4538	115	7455
23109	115	1506
9741	206	25189
4697	130	21495
1292	160	9100
21350	93	598
4457	115	22405
22895	115	21825
23553	173	21605
21633	106	2543
10324	123	8621
7225	93	6492
24756	39	9061
23695	206	4271
21219	209	6706
9572	115	21380
651	24	24998
2840	53	23671
23522	95	728
9535	58	5047
23138	106	5700
24538	106	2530
23959	173	22704
22557	80	1487
22415	131	2531
4450	173	6419
9443	130	2962
6724	130	9580
7703	80	2566
25392	58	9158
10099	209	24643
9339	80	22062
643	80	622
5010	206	3771
5033	173	2431
4033	80	8703
10016	209	5467
6281	82	3850
10431	173	22189
24043	206	22656
6192	80	2566
7411	115	22555
9479	115	2749
2257	19	23273
5782	106	5698
23294	95	8775
6799	115	747
3946	62	10289
8094	115	2253
2472	173	23097
22653	58	5997
23752	143	9269
6709	115	7134
4681	62	21944
5369	143	8869
10289	62	1519
9657	62	5579
5379	115	1892
21878	62	10449
445	115	3300
130	160	23458
2692	72	8336
1412	62	10450
25144	173	8969
4068	62	5438
4205	115	4991
6489	26	1695
2192	133	7323
25058	58	25410
7118	204	7874
7306	115	24337
7002	131	7726
6078	209	7518
5518	115	8826
2351	53	8515
23119	115	21415
2281	115	5799
1820	115	10234
8162	106	6809
1321	115	1188
10245	115	24928
21051	62	24674
5238	115	22839
10191	146	5495
7100	115	3579
187	115	24071
24142	191	3518
9778	115	22018
4132	80	2566
1344	115	2746
6417	115	879
5118	62	1671
8547	80	8703
7441	209	24379
10092	180	24269
3066	48	6143
24738	206	7786
8986	92	6856
24187	115	3715
23904	173	22189
2461	123	3904
2750	80	22733
25045	76	9481
751	174	25149
1921	112	4058
4087	166	7398
24534	115	2027
21071	123	1512
5281	190	3827
6167	115	4708
22521	206	184
3051	133	743
1584	206	2436
191	204	8296
21974	123	9399
22291	204	7054
9038	173	21171
23816	123	24206
1774	205	532
24713	115	10234
76	133	2224
5226	115	21302
9034	215	25227
1643	1	7867
23158	108	8003
3125	62	9170
8568	115	5323
1962	209	4213
1406	174	9619
1101	95	855
23459	98	9156
8140	62	4679
21323	115	22224
23715	173	5788
6289	80	22137
21451	200	1681
3353	62	87
8742	80	24803
21060	203	1153
7667	115	23004
23984	115	4023
296	173	23097
2216	209	4744
702	206	8642
22157	115	1556
1733	215	8031
8427	173	2089
23324	106	4888
790	115	8999
8249	143	21733
24875	1	5207
5649	133	6869
1929	206	1439
6031	173	24125
7560	20	6631
9886	174	2711
5532	115	9456
5218	123	22584
25332	1	1070
9049	210	24753
2035	26	23429
4068	62	7140
9434	173	747
10146	173	23035
24573	108	9412
23948	171	9580
8121	123	24989
5562	133	1078
2259	210	8776
21089	95	23917
1143	115	772
140	80	4790
2584	131	4812
790	173	9317
24982	168	4985
25296	103	4013
5042	123	1280
7191	24	8906
4345	80	3012
29	210	7127
21223	209	23286
735	115	3238
22818	66	24247
7322	205	24719
219	115	7380
861	183	25297
4549	206	10306
9343	193	3897
9385	173	8325
21154	115	3682
1455	209	9391
2013	80	3245
4973	206	25363
24123	115	24464
239	17	10
9333	209	7170
1783	80	1247
22816	34	3949
421	115	23128
4227	205	1635
6467	115	25051
826	95	6625
959	183	3793
25392	38	2901
4099	115	23479
3619	115	426
1187	1	1070
5086	206	613
24728	93	21416
24434	95	3349
23770	80	2566
22822	115	2757
285	62	24457
4300	173	925
1036	115	7255
7806	115	8317
6234	115	3631
1844	72	2706
25422	174	9158
21401	62	1671
2590	115	4624
22036	115	23555
21487	72	5393
6148	95	7731
2229	72	23915
22326	206	8564
9853	39	9061
8140	108	9412
9787	106	23506
10104	115	8229
3893	108	7783
23020	115	6451
6754	62	21431
9857	149	21123
8085	123	4050
8403	123	3137
5988	24	69
9195	123	25244
24000	103	2120
1993	115	7749
2564	106	24938
22183	123	7193
5394	35	22137
3966	108	9412
5929	205	23401
1715	95	136
8257	133	9623
22228	115	24325
7352	115	4362
23336	123	3137
22248	103	10316
7154	62	21691
1200	205	1609
1887	14	24292
7406	173	25145
24735	80	9623
10331	1	508
9331	55	23444
4630	131	24937
21840	205	7940
8762	115	4154
10183	130	7929
1418	204	2727
9783	115	9905
970	115	4857
1347	1	22437
7766	1	508
23484	115	23425
23106	108	8809
1330	115	1682
8017	106	22053
6471	173	23960
2904	95	30
5047	58	5958
3480	173	3640
10431	209	5401
21769	22	1437
6658	80	6869
22187	13	8997
23080	108	5063
1781	1	8049
22253	166	9105
23895	62	4689
37	101	10312
6186	80	1136
498	133	2566
7807	204	24951
24975	24	6563
1111	1	1484
21049	133	21123
4946	123	24333
3861	115	6273
4481	149	24448
4111	173	3866
9770	209	7314
10333	72	22337
24098	206	276
7407	1	1070
2727	165	7608
7070	123	7193
978	95	23015
25028	106	21290
8670	205	21575
9562	133	6869
8452	53	7349
22523	62	3700
21316	160	9603
1882	39	21073
10022	160	22294
1266	51	508
6586	80	2516
10222	123	3137
21271	106	2417
7916	80	24803
8037	209	24286
4999	39	163
3458	115	9148
3943	1	6147
2638	160	6214
8707	115	1276
2387	123	1806
21694	160	24239
24198	177	22296
23404	80	2487
25071	203	9571
1774	115	8063
24688	124	22578
25494	143	6937
5960	95	3778
7937	206	21810
22487	22	9875
24996	80	22733
7308	173	5412
22440	204	5707
1589	62	4284
1374	133	2566
8522	106	21962
8878	62	2052
9039	90	9582
21087	204	24951
2435	173	5997
24482	1	1070
5076	35	24615
21348	209	9577
8670	123	2624
21710	206	7509
1546	95	540
6600	133	2224
5903	209	23009
718	62	3979
21755	80	1053
1085	80	1448
5506	1	24591
24127	93	240
2998	206	5789
4318	115	5734
8584	130	24766
25048	115	23128
22560	133	6271
1508	115	22991
22826	206	25371
7391	130	3898
2156	114	21432
21684	80	2728
2827	58	4193
3880	1	1070
4089	115	3238
2221	206	8275
4932	80	1893
4018	133	22424
315	204	7054
5664	173	9431
3121	133	24448
125	80	5399
3769	115	22015
7512	95	6625
21499	115	7638
7008	154	6961
4411	80	1515
6729	209	5213
24417	206	24559
3232	173	8207
8619	209	24045
23814	95	4792
23002	95	120
8608	204	24958
23254	80	9623
25048	209	23731
8303	173	4944
22123	206	7091
22182	108	743
2752	31	1940
4729	115	1644
23366	115	1932
22613	115	6955
8985	115	2868
8225	209	24537
4260	160	1458
24109	62	5124
7925	95	23177
932	173	23234
8988	38	24517
21611	123	23257
3861	1	778
3662	62	1126
8174	114	118
2156	103	2985
8728	80	1136
2462	17	8582
1170	115	5197
9213	115	8692
22582	80	2566
21227	174	2711
8323	206	3772
2115	130	1681
6584	112	3067
25343	108	9412
5014	1	23619
7574	115	6601
9113	154	9475
819	82	3388
21407	160	24239
7665	133	9481
6767	183	3569
5980	1	508
2196	209	21132
1211	123	23996
22809	24	69
23068	1	23264
25208	115	7546
8369	115	25429
4583	62	8876
3996	5	1437
21903	102	6769
1854	133	21123
1949	206	22477
2275	66	4448
21856	123	5971
3552	80	2224
7229	93	2561
6018	26	23429
1064	206	4342
3845	173	4742
23370	206	21023
1652	209	22354
889	206	22367
4854	209	23610
7658	173	21417
8975	115	1736
5190	123	2467
121	209	10170
23568	3	25366
8189	108	2694
9767	205	5201
22985	62	1412
9627	143	22063
8388	62	2415
5566	173	10459
3728	115	22651
24436	1	1070
2474	194	8583
8382	209	314
2667	80	24491
7492	210	1822
6165	115	3756
24164	209	22695
4384	80	24118
6512	160	21192
7133	183	8124
807	62	4557
109	206	21617
3922	1	6421
8319	123	22991
4670	108	9412
14	205	7973
4301	123	2018
6921	80	22424
8064	194	6486
10440	173	7280
7757	62	7835
6285	206	22811
23567	115	4791
2328	123	4496
5062	39	21073
9226	209	2347
6092	130	23804
7626	115	2868
24694	93	7319
8793	80	21280
24299	62	464
6856	133	7900
7342	58	4091
6506	72	7316
21368	183	9751
740	206	4222
3828	62	10276
9222	133	8478
25138	123	1387
4895	78	21356
7145	115	23004
4339	93	21416
25271	115	4036
1851	123	5099
22100	115	25060
25392	58	9019
22898	39	4563
508	113	23776
4574	80	2566
4794	53	7463
9063	62	9154
9407	115	7141
23032	115	5603
21246	123	353
4504	174	3640
24224	62	24255
790	123	9317
6082	115	6004
24529	88	722
2298	205	1635
5705	82	1491
6114	115	7186
4327	80	1515
1636	123	4142
4361	173	747
6695	133	22469
6613	103	837
7597	115	23004
1351	149	9849
6471	209	23960
22543	80	5669
4630	17	24946
2992	80	5849
8834	205	1609
24528	123	8562
23813	22	2566
10150	80	24998
22891	209	21132
5692	204	6599
22467	62	22757
4623	80	2566
5531	103	8017
766	215	5177
1290	108	69
21350	39	2456
22134	58	267
5576	108	9412
23241	123	25339
7174	209	4620
441	62	4967
21146	123	8562
21879	115	21895
9937	80	24730
24028	206	25209
9799	205	8914
24141	183	1251
23351	39	6058
22249	93	2079
2574	1	508
22367	76	24276
24783	209	25038
1659	115	4939
8731	1	508
2726	133	23979
6088	133	4794
4222	206	7129
2040	115	2393
8658	115	22223
3956	85	10453
24722	143	23296
2125	173	4568
3187	1	1396
8276	123	263
4251	173	23234
24590	123	22443
5581	115	5581
3666	38	2826
3246	115	6655
4716	112	24873
9803	115	2452
5057	80	3683
2542	209	7003
1468	123	3349
7881	209	8841
8077	143	232
3325	95	777
22071	82	5010
8857	115	9204
10049	205	8492
5589	106	25264
5007	209	23736
990	123	867
22327	160	6769
4945	115	21358
5250	200	2920
24358	115	24773
2793	123	24866
8434	174	22942
10383	115	1031
2935	103	554
7332	206	8995
21832	209	22937
1798	173	7128
7642	205	5700
22119	204	7079
9802	191	1157
5267	123	9147
8203	123	10067
22281	115	7254
6084	39	22230
4217	80	23608
24925	62	9757
23055	209	23085
1414	133	2224
5143	206	22388
4258	123	7193
25198	80	7307
254	18	8252
2512	1	23407
2764	123	7170
9049	204	21189
9115	206	6123
8606	95	4358
3969	209	6706
2489	80	25103
3902	143	6090
7272	35	6785
7558	123	21111
6791	206	3851
22142	115	5101
3771	72	5010
3854	130	25497
507	108	743
2158	80	6869
4964	1	508
9202	95	10444
3867	180	389
5962	58	6275
3937	95	3405
9962	126	2678
22576	80	7116
3194	206	986
7851	80	4026
3773	103	8780
21803	115	8183
22492	115	9279
2110	106	4499
773	209	9672
8917	106	4532
8413	80	196
22594	95	6740
9021	209	4411
1494	115	22834
23856	173	24564
435	180	23833
22118	115	21283
23939	215	23922
7720	123	9304
3262	174	2711
24358	173	9525
5206	143	6612
6585	57	22299
7391	130	8293
5124	62	5867
3485	106	3602
21726	177	9887
5791	62	22136
8690	123	10242
417	106	2603
1801	173	22216
7852	38	7852
9965	103	21196
2420	143	8896
3571	38	9019
6856	39	4563
10302	67	8906
23257	106	8665
22835	206	3805
22164	183	231
6396	205	23401
3980	206	10048
7936	205	8502
2854	62	2035
5192	206	8639
9912	115	25071
9870	115	24041
25436	204	5869
21962	80	6869
21762	209	22865
10188	115	5197
21770	189	7630
5506	115	6976
22476	191	22369
25108	62	8193
7009	80	3944
108	194	6486
5396	133	23677
4637	209	24622
3913	106	5770
2964	160	9100
9361	115	24828
22830	131	2579
27	80	2516
3045	133	6023
9013	123	7193
442	14	4216
745	115	21127
5703	76	2566
1781	115	7787
21079	115	7462
8884	149	25167
5954	115	6035
24261	206	1567
6917	183	10471
6570	183	23321
25338	62	845
490	173	2683
9154	168	24272
8121	115	24041
3293	80	6869
23711	106	3663
21034	115	24297
3645	103	1698
7952	115	22545
5204	80	2566
9405	115	6690
2854	62	22088
1046	95	2284
24154	1	508
946	123	3137
6197	115	9592
138	103	1021
255	133	6563
9056	130	9059
6591	206	10081
3279	80	6023
21798	80	2566
10156	115	10047
7515	80	7176
15	206	21602
4499	106	6034
5275	115	5378
22393	173	25145
2775	123	5971
717	62	6056
5846	103	2247
25318	115	1233
1890	12	6171
6238	183	4625
24757	177	23979
7911	183	7559
24932	115	24928
24680	206	25296
25075	206	1213
8242	95	9739
22487	22	22296
9341	187	22095
25063	180	25206
23565	149	23434
2426	115	931
986	206	9470
24832	106	21876
6740	133	2566
23055	115	3579
4743	1	1484
4640	115	9067
22921	204	6138
22360	133	69
1119	80	9028
23271	180	6648
5794	58	6104
2486	80	6869
23572	115	23557
7666	143	23344
3221	133	2566
23572	115	10299
21729	123	6700
3037	174	24578
4374	130	2711
5633	115	5212
9343	193	24337
1408	115	7843
22868	115	21142
24602	80	2487
5951	173	21107
5027	35	8946
8109	80	6869
5392	95	6697
24153	131	5801
24821	133	2566
10174	133	23832
23004	106	25125
2780	123	9756
24231	115	975
8517	80	5094
9445	123	8630
2935	106	25109
5872	123	5003
3153	206	5377
2762	205	24941
8027	98	3451
3198	130	25427
23063	115	3682
8215	133	21424
4711	115	4623
397	204	23070
9693	39	4247
2016	115	2151
25076	95	777
5380	38	9125
8425	204	2927
22785	93	3360
6227	179	4092
5922	80	24448
7371	204	8252
3580	183	3089
23227	115	7638
4390	95	10164
4494	1	1070
23152	115	5214
7320	62	23417
4937	205	10116
5327	108	8003
4105	1	508
9629	22	10453
928	123	9954
1651	62	1811
5324	160	24239
5002	115	9727
5489	173	3940
5205	103	22372
318	115	21479
6355	106	7859
5530	115	3675
22385	80	24540
1079	62	5575
4008	115	5608
23111	80	6563
2875	123	24121
2894	115	2158
5596	106	3257
23392	160	1458
3222	78	7729
9945	131	2998
5491	209	22348
8611	115	22753
8515	189	7630
9273	26	22836
24345	80	24540
24888	173	23731
8632	180	3638
10404	80	6869
4726	123	7592
520	180	2076
25105	206	1584
22354	80	6869
3937	209	55
23866	133	21280
6663	62	2469
10005	115	3675
2229	133	5299
23095	173	2089
322	173	6455
354	80	797
24150	206	568
4280	95	7159
2616	108	4790
25259	209	24240
8215	149	31
6190	115	5613
5072	115	7067
5956	206	2526
9126	144	5454
21609	1	508
7939	173	3327
10155	80	4552
25396	101	21184
6442	206	6731
24679	183	24264
4252	133	22666
8339	158	7383
678	160	22294
21329	173	372
2242	115	23404
23968	168	2499
5821	210	9762
23399	173	9953
10096	115	25307
3566	108	5472
3452	205	22928
23396	80	7190
1721	62	1670
24186	215	25227
1230	114	8853
5914	130	22149
9440	206	22401
25179	123	8699
1088	183	6179
23145	80	743
10353	123	319
6160	115	4656
8993	62	8817
8011	143	8981
22403	133	2566
2369	39	4087
21481	106	1178
1291	115	7979
3248	62	1924
1098	39	9601
5649	117	4866
23529	123	353
3170	190	6079
8411	80	5666
6637	95	777
2575	115	4145
6353	62	24752
2403	72	22998
10096	1	8049
6695	80	22469
10161	80	1247
24860	123	24866
8506	205	5043
24211	206	3707
8357	115	23075
24636	115	9148
4355	42	23943
25193	115	517
9348	115	24473
3298	115	23257
4290	1	6645
23005	93	22793
2730	62	23714
8656	115	22274
23140	206	22477
24680	93	25296
6545	131	7179
4836	179	4535
24907	115	8437
3556	106	21727
7631	62	3983
21058	106	2376
22646	123	319
4980	205	10116
23967	72	7619
3513	24	6563
24969	80	21123
3027	62	2553
3125	26	8184
8004	80	7900
21382	173	973
3927	1	7867
10340	130	8320
8381	204	3567
5679	108	2694
11	174	5997
8750	80	1247
24479	106	23521
21475	146	25397
425	115	23604
8094	115	22950
1103	62	1809
7058	133	23730
8938	133	2566
25223	123	2018
21357	93	7819
22922	123	23994
23452	108	9412
5545	62	4837
24534	205	979
3036	123	4218
3288	1	7867
2391	209	5248
2025	115	4976
8585	131	642
9413	158	1387
8159	133	1078
2808	80	89
3751	131	7400
6701	62	784
9040	206	7084
10472	95	8775
25016	102	9402
9638	204	8252
25438	115	6518
8617	17	2572
2681	183	1496
22234	131	10256
8040	115	4046
6248	203	21073
8454	206	21891
526	133	8099
3551	133	24998
3291	62	21128
9064	95	30
5738	72	23630
1165	62	21582
3846	80	9665
7533	180	23177
9728	82	1576
964	205	21868
21699	62	21027
1818	123	21429
21986	115	4973
22461	39	23851
23076	80	6563
7216	115	24464
2146	143	1653
2454	173	10359
3898	38	8909
7509	106	3533
5705	82	10369
2182	80	23979
6542	76	4790
1179	103	7191
882	133	23747
24476	173	23320
3451	108	9412
7310	80	3245
8841	80	2566
4268	123	3137
22937	115	3238
23294	123	10454
22012	206	1553
5492	80	3509
524	206	223
3848	35	1250
7996	39	6058
6617	130	25497
9713	106	25294
25387	123	8517
6369	113	6369
9162	206	7536
1924	108	9412
22194	80	23968
10048	80	6023
5883	80	8718
5973	38	23187
3296	206	4013
78	1	778
642	206	22402
3457	115	3457
22366	26	6158
1643	205	23477
22440	130	9754
7306	1	7867
8156	80	22733
23430	62	9979
9426	130	23257
9862	177	2566
9433	209	747
22378	62	1126
5004	95	7221
4709	1	1070
22227	115	2995
5876	160	6769
22795	133	4971
22411	93	7049
7271	80	2566
5411	106	3707
21835	206	24490
3639	108	9412
4622	173	25058
2171	92	454
8017	93	5531
10214	205	5907
21340	133	9623
5980	95	22225
2916	123	23425
2799	131	4179
24053	80	2728
5663	115	5200
8137	80	6869
23066	108	2694
23167	38	5743
5798	206	3540
24685	205	8187
25221	80	3012
25196	105	9456
21986	95	2834
6922	76	5063
24398	115	2160
8228	133	9105
1878	206	4013
4256	173	5986
21511	115	3272
2000	75	7455
4759	206	8599
5580	115	23416
1762	123	37
24793	115	21358
940	173	21132
10496	160	23458
2664	160	6769
1450	133	23875
9837	209	3363
9449	209	2507
7278	183	9848
9328	115	3272
9433	115	747
2113	123	9756
7912	133	21352
24911	133	2954
24751	95	22225
21143	173	1374
7273	123	3606
21075	115	5797
23676	115	24152
6326	209	5467
3765	126	9285
2846	115	6490
23911	80	7349
6055	62	8236
161	115	4881
904	173	7903
9288	62	21243
5016	103	8420
1029	115	5640
24488	115	10238
8394	205	5925
22196	115	6753
25476	174	22942
4740	133	8027
3023	95	22225
9341	53	8515
6819	62	24224
7852	204	8252
23214	115	839
22156	115	21686
23668	209	9743
10367	209	747
4201	1	1396
30	204	8252
22767	173	24850
2376	80	6642
2588	205	3804
4939	106	2589
23593	14	1510
22001	123	5028
24527	80	8718
7320	108	9412
5599	62	3903
2205	115	25231
101	149	10301
21034	115	21097
5007	95	7221
2746	39	21841
6854	173	21718
7860	24	21395
21473	204	7054
10489	62	5598
8721	123	7455
25386	62	23853
2386	13	25208
1319	160	22294
7665	80	9481
3821	35	22496
4956	115	2072
4639	62	6666
24277	209	747
21942	72	8650
9371	80	2566
7251	108	24998
4785	133	1485
3220	26	23472
8254	133	24901
1356	205	8502
8405	62	4670
5791	62	24725
3761	115	4317
7563	206	6678
9962	170	9723
9227	80	22137
7319	106	24694
24369	123	22997
6187	92	1967
10428	180	1936
3151	5	1080
23714	62	8516
10420	131	4727
22315	62	1638
23549	173	21372
23773	163	7783
23612	115	3083
4894	200	2711
5392	173	7557
24648	209	5858
668	131	7884
8924	93	5527
6904	80	1971
8258	115	9458
9994	95	23015
2305	115	21229
21768	93	4222
4224	115	23147
6029	206	1336
129	206	22009
23385	55	10359
414	123	5401
25048	173	23731
1206	115	5365
5621	183	8574
7898	80	5030
24114	206	21242
21656	115	24828
9961	143	5450
22640	108	6563
4924	115	8024
4335	115	8141
24059	115	8999
8601	103	2931
23827	115	22432
23973	115	22673
22337	206	10333
9998	149	830
45	204	5207
25257	204	24951
21785	108	22469
23653	206	820
5553	206	1573
8566	115	23424
23688	210	24737
9179	209	22865
24226	1	5447
21066	133	9623
712	130	22653
6981	39	6058
4002	123	9059
1442	123	3606
9056	130	5429
7585	48	1149
9569	115	5303
2601	133	69
8058	206	24714
23193	1	1070
9420	80	2566
2795	1	6421
9592	206	8137
9285	80	3436
23284	206	942
10010	131	850
8846	115	5052
8937	123	3438
6857	206	22477
23104	80	24163
3236	191	4627
22063	174	22149
1135	173	22583
1161	80	24163
3067	206	22784
10027	103	2352
23387	123	9283
7069	209	373
10129	133	2204
3277	69	2987
24526	80	6869
2385	209	5750
5553	80	89
9093	106	9147
1352	115	22092
22432	39	5528
6022	131	4884
9761	95	21366
1780	115	4807
10288	1	22437
5596	133	23578
772	39	22293
10323	173	9158
23509	206	24559
7455	80	1437
3355	115	8473
2861	108	8906
25138	14	1444
7350	131	9374
6670	123	5921
295	22	3245
5906	106	1334
8320	58	9158
24577	209	3825
3411	115	9585
9066	166	2048
9622	62	10079
5698	72	24346
5813	115	9905
23879	62	24411
470	160	24239
24238	115	2902
10224	115	24325
9070	26	23118
8832	209	3674
24311	115	1753
4020	205	4136
7121	173	22905
24188	115	21824
10235	74	21046
704	106	2192
1617	133	6563
6684	108	9412
7620	103	6369
9282	115	6518
8577	80	6869
9436	108	9412
4879	35	6430
9139	173	679
6827	160	9100
21044	12	21350
2298	123	6865
24350	62	25069
8717	80	22621
2124	146	6955
10444	80	23341
21963	38	5997
22248	206	5894
6615	173	2614
24377	209	7343
23086	1	23619
9980	115	21999
2248	67	7632
5349	210	4858
5201	80	2566
7013	115	22995
6258	70	9456
21957	115	6328
3762	115	24084
6801	123	1387
24178	1	508
24	115	21629
3492	206	6574
24196	62	6055
5285	204	7874
811	177	21123
2614	39	2456
8539	62	2573
4177	183	23726
24656	108	24998
22751	174	3571
23433	80	22749
9572	123	24192
23353	72	3558
21257	106	2667
8649	206	3507
21325	173	6104
23752	173	9158
1069	26	6158
1987	62	8291
9468	80	6869
25367	183	9522
10496	160	6769
7635	209	22354
23667	123	3736
24089	22	4160
21032	1	23264
3351	115	8879
754	103	7547
7457	108	4971
3882	160	24239
4194	26	9841
4378	115	23161
9363	123	5786
4497	115	4807
1496	204	3567
21036	131	5402
1780	180	25206
9812	26	8184
5808	173	6717
24498	62	6001
2020	39	23851
5361	123	8207
9679	26	23429
6911	115	25174
9037	173	747
1928	204	6138
7220	80	6430
3900	115	25461
4489	160	6769
22263	80	24998
8516	62	6354
6107	53	6869
3541	108	9412
24660	115	6186
23961	80	2191
22448	183	21489
7634	95	7718
24611	80	23747
7269	72	4683
6933	115	21175
8125	93	4863
3545	180	6648
25188	93	7487
22547	115	22022
6123	106	22168
9454	133	6869
9434	209	747
23261	17	1676
24118	35	10202
9951	115	5741
4055	115	22015
2529	131	27
7487	72	22169
23437	35	24295
21842	173	23390
22353	115	23613
21894	131	9674
24109	62	23260
23883	88	10380
1908	115	22476
6194	5	8874
4718	200	23167
3071	1	7867
5937	1	508
4522	80	23308
1353	123	5303
6117	173	22998
24369	115	23594
1543	93	9241
2273	209	22457
23146	80	1136
21168	93	302
25101	115	8812
22572	72	2687
148	160	2382
2587	35	22137
7043	95	10108
5219	123	22659
24606	123	1817
23233	206	8668
7172	206	10086
23311	62	3605
3549	95	3778
5410	108	4561
22950	108	2694
6624	206	10445
23876	173	9526
3320	93	5531
3772	103	2460
21949	80	21785
1557	115	25369
4538	123	7455
4703	1	7867
4499	133	9849
24055	80	622
4196	149	2694
5903	123	5950
24457	108	9412
8546	115	21629
9694	115	1586
21221	173	24125
9765	204	618
21	123	24453
463	174	8804
23874	133	9503
1932	80	3944
5438	26	23429
21784	143	5730
21002	115	24066
22755	204	2727
4004	191	24178
5492	106	2874
3070	115	1004
9318	133	8093
22646	123	973
8927	194	21760
1911	115	24764
22635	173	3162
5553	103	1477
6450	115	6084
5676	123	21111
9837	115	6408
22402	80	6869
7378	106	5093
1428	115	23176
25135	173	4330
2333	190	24762
468	126	6918
3268	103	7179
24876	62	8634
10414	115	23004
24752	62	6353
9342	114	9265
23259	62	25020
10329	62	528
321	130	5997
24590	115	4744
7126	115	5255
21503	80	9623
4748	152	10453
9567	206	9168
1146	173	5412
653	108	6563
23186	143	5677
25416	123	5950
5110	123	25339
5630	133	9309
7835	62	997
631	160	6769
25118	143	23533
4931	130	23257
21507	103	22266
1698	80	31
21147	115	6572
8650	12	7487
24001	106	6009
22044	106	21571
21370	173	8045
22648	209	6532
4521	146	23145
5998	130	191
22566	80	1244
7934	115	3346
24330	133	2978
1806	106	3897
4232	62	6482
10066	115	3008
4336	115	2370
4400	115	24928
25194	115	2319
3142	108	9412
7020	115	23569
1986	115	6842
5795	115	1434
22532	209	7314
767	173	21132
24940	115	23596
639	115	8442
5815	106	5277
23381	173	25339
8807	115	6104
9311	92	4736
3552	106	5833
5168	200	25298
24676	1	1484
10338	131	21561
7471	1	508
23483	115	21033
5739	160	6769
4170	115	6408
613	72	24868
2385	115	3308
3325	115	3330
10363	183	10374
22286	183	22637
2065	174	5997
25406	62	8291
6016	173	23277
8488	123	92
4404	93	9285
4118	24	5063
21142	80	6430
9817	106	1184
22329	115	199
9867	115	5422
9322	95	7731
2964	160	6769
22772	115	23672
6751	95	136
23163	209	1936
9480	115	3150
3457	108	8679
886	80	2566
9833	206	23031
5261	95	21548
7233	204	466
4407	102	4922
2714	209	6540
21396	62	21497
3513	133	1247
23450	115	9923
435	115	6518
8020	115	2786
4860	133	603
5133	173	8881
8236	62	2356
2323	22	24803
21261	115	24727
8098	95	9387
1561	206	5197
6376	35	25077
1358	62	25015
7597	180	4127
5880	160	6214
22653	5	6869
23325	191	22200
2404	26	5350
4973	191	1386
1669	174	2490
4560	62	6627
8857	177	2566
1624	115	9900
23388	133	22356
25437	115	21858
21985	39	5327
8730	115	24432
946	173	3137
5185	72	24617
22743	165	24951
9269	173	9019
5928	62	1171
14	115	24900
25215	62	1988
4560	108	9412
5316	115	21887
24903	108	9412
21489	204	5912
22263	133	8703
6310	209	7445
22433	115	5328
6807	173	9053
8632	95	855
1814	201	9502
23215	80	1244
2415	62	8140
2138	209	3206
7059	115	3272
4226	194	10231
22985	62	2538
24716	206	7511
23810	133	24901
4510	115	8883
2409	62	7853
3356	76	8718
6979	80	9105
2434	106	24630
24332	115	1510
1254	204	6599
162	115	727
4309	173	10168
23454	173	824
8894	133	22621
22327	160	9100
25280	106	21961
4120	95	7718
3677	62	5164
23292	183	22781
8530	115	1503
3332	209	2135
1179	76	9071
23975	180	21786
5015	95	6697
7386	206	21823
1025	80	2630
4606	115	25162
10276	108	9412
4243	123	4218
3201	115	1472
10455	88	21560
8172	38	1034
24677	108	22579
4122	93	7752
641	133	6785
23955	209	4067
10384	80	4610
6718	143	9596
24	115	5167
5923	206	388
2401	149	830
1829	115	681
9992	173	1536
9341	53	4971
8982	108	9412
21238	80	5063
24421	133	6869
22610	206	24075
22392	95	1560
7179	72	780
2866	62	8933
2782	194	1266
8029	154	2566
7253	95	7799
2301	115	9690
6436	115	9729
5808	123	3299
23568	103	25366
1805	1	508
2623	106	4612
6712	115	24215
7331	72	23377
23012	133	2566
10019	115	23161
2478	106	21416
974	123	3349
3069	205	5977
23692	206	23400
9607	115	1884
9922	1	23264
21958	173	1884
5438	62	6001
21477	209	4330
2022	80	2566
3928	106	22414
9854	183	23716
7616	177	7783
21278	115	2243
8232	160	23458
6739	123	6290
211	62	3220
5197	80	9887
4709	95	3778
24580	106	2620
24300	173	10384
15	80	6101
7345	209	23515
21996	163	3972
10215	115	3225
24899	95	8511
21023	106	8795
3966	62	23834
10298	149	8003
23091	80	24163
21998	62	2686
1710	35	22037
23519	80	8874
4141	115	249
10498	133	9623
4769	5	24163
9017	154	7012
9134	115	4902
716	161	24487
9097	205	24286
6603	180	25043
21665	204	2727
24154	173	2766
1117	160	23458
8914	80	113
3479	72	22026
4548	133	23283
21949	72	5291
10182	80	2566
10270	62	134
22751	173	9158
989	39	6590
754	80	23979
8340	130	23790
24091	35	722
23230	203	23851
4152	115	21686
10249	53	22964
7103	72	7579
7797	215	9502
25324	62	1384
5893	206	3057
9473	133	196
3024	123	7084
8351	62	676
23635	173	2488
7901	115	1031
6110	1	7867
8854	206	1949
24860	115	3373
25310	200	9580
722	62	24529
8770	115	1191
5852	106	614
1334	106	5906
22979	80	6869
6827	215	440
63	206	5051
7843	106	21598
7339	93	24812
4167	93	1013
1035	106	8803
214	115	23768
1899	160	22294
24887	130	1093
25338	108	9412
8750	146	23145
24652	115	6980
8037	205	24286
4490	123	6371
3185	149	22037
21203	115	10068
8428	115	10001
24041	80	7900
5595	62	21952
3934	123	8057
21671	80	6023
7637	115	5372
1992	62	3142
3421	115	7843
21311	62	10292
2242	115	3221
23896	209	2943
2185	115	9996
1401	106	7547
9482	103	21394
4274	26	23429
7534	115	23721
1684	133	9887
5182	204	21968
8724	133	23979
9963	115	3267
23944	209	24240
25297	210	10247
21808	1	508
24718	173	4165
3141	1	1396
3959	115	6601
9751	130	8538
6007	106	3040
7818	215	25227
6391	183	10365
22917	204	5869
10344	133	21772
3477	115	7875
5853	209	23009
6651	62	2170
22469	150	5463
10440	173	9485
24732	80	9797
10282	80	22137
577	115	18
2032	5	8679
2186	108	9412
25378	115	5271
23469	80	5299
10382	131	4942
3354	160	9100
9443	143	24441
3251	206	2107
23749	62	21998
24628	160	6769
25268	123	25497
6804	80	9045
647	197	312
7345	115	5372
3881	160	22294
1911	123	21533
22049	26	23408
10217	12	21359
22058	115	21902
896	173	5572
3006	180	4158
5776	115	25369
4013	133	7248
21382	115	3590
1988	62	5597
23430	62	2052
21685	115	8847
5171	106	24310
4208	133	2566
8536	193	24553
10273	115	8812
4150	115	23424
24656	126	4958
3576	123	6784
22853	173	10359
7912	106	1175
4966	143	22144
24548	80	6961
8975	173	9485
4376	95	728
3014	183	7177
21714	14	9684
2975	204	8485
9710	76	1710
22015	39	163
10252	1	508
3723	76	7201
6053	209	1461
23512	1	23264
8043	67	197
9193	204	8565
9063	62	7135
23155	62	22711
10418	95	777
22605	123	8450
21870	80	24536
10006	115	22839
2836	115	6150
24468	106	4190
10220	204	3567
22996	115	25094
22469	112	9285
23224	80	21450
9360	133	6023
5831	205	1582
1502	115	23591
4084	80	174
21705	93	101
1098	76	6869
22841	115	1631
22645	80	6869
24834	203	6590
22706	130	23963
800	1	1484
1279	123	22991
9954	80	22733
21588	72	4866
22560	206	2110
3110	115	24535
25176	174	24583
22024	180	24269
108	115	4908
9576	1	23264
22635	95	3499
25216	174	25497
10025	106	3622
25406	62	4194
7046	115	249
10050	133	22469
25430	115	23872
21877	173	2193
1396	75	21544
10141	133	4790
24447	173	1346
9238	62	22087
228	173	4218
3423	76	6023
9557	173	8777
22811	133	2630
73	108	9412
7997	205	10116
22130	204	22256
24002	173	7383
21983	114	7630
23034	62	1648
6177	173	25058
7154	62	22516
3929	1	6147
4507	133	9623
3065	206	4863
1397	80	24651
22794	115	4060
4864	93	524
9705	210	4676
23813	174	1681
24254	115	4139
2985	114	22299
8448	130	22984
2831	160	22294
3815	115	6737
2082	133	22749
9913	62	7320
23828	206	9078
8132	158	7309
21530	130	22130
23361	173	9431
23583	106	1461
4462	80	7748
2690	133	2224
24812	133	22621
23430	62	24229
3295	1	7867
21694	160	9100
21184	115	2179
6764	205	9394
1975	95	7221
308	166	21556
2105	95	10444
6390	131	24381
890	62	9487
1157	177	3692
25037	160	23458
414	173	7382
726	80	2566
8269	115	6567
9788	133	1078
24553	80	24494
24323	1	7867
21498	39	5593
9578	209	6500
24227	95	24635
4832	206	22372
6859	215	7620
9209	209	8378
7566	160	9100
21044	80	22819
24715	123	5401
5622	80	8874
8986	133	830
2123	115	7153
7472	115	23708
4747	80	2224
23907	35	113
4989	1	508
7112	62	5458
10165	206	24375
6240	180	7269
5124	62	6754
8804	5	6869
10180	205	8130
5329	62	21178
4331	123	7754
1033	173	5445
7088	115	25397
3833	1	1070
21333	62	21179
1863	209	2876
24954	22	2566
4728	209	23132
5741	206	4902
24179	115	23556
9853	39	799
4480	115	23768
4176	38	23804
4106	62	22497
6200	115	4264
1878	133	6563
22240	123	24609
22806	173	1089
9147	80	8161
9723	133	2594
3127	130	5997
21728	108	9412
8427	143	24514
10219	58	8538
1977	133	24491
3715	76	2566
4368	62	6589
3177	103	22838
6220	123	21218
9963	115	7409
25078	123	319
10425	206	24465
8236	62	1987
24608	80	22221
7340	149	6869
5497	173	4571
7446	160	9100
9194	130	7
6199	174	25497
24953	123	22686
9162	206	789
682	62	1988
8197	76	504
8022	205	1609
21330	215	5457
4230	133	8478
204	62	22219
21399	133	2566
4745	130	9019
24455	160	23458
23442	174	1093
2603	13	21704
3211	143	5587
21133	204	5869
5850	149	6101
1175	133	21352
23879	62	5690
24428	115	6017
9988	173	25180
21637	173	21447
2741	92	23588
4875	82	10256
260	95	22225
9764	90	5203
309	131	25489
8529	80	6023
4553	115	4145
22441	116	9623
3853	80	22733
8270	103	9725
6272	160	24778
8161	35	6869
5334	173	4165
4105	115	23962
22122	130	2711
7893	123	5028
3003	115	1173
564	209	22955
8698	62	1050
2644	24	1247
6350	95	540
1466	115	5197
3445	133	2566
1292	160	1458
24639	62	4393
4808	133	9481
25475	209	6759
3807	123	5099
10399	173	9577
24541	80	1136
9717	133	23677
4550	62	10292
6047	115	8816
8847	39	6768
1817	131	4694
6582	80	2630
4273	115	4283
21409	115	3649
671	115	23985
8050	123	2089
10337	173	8984
2184	42	23943
1812	133	2224
8445	115	9295
408	115	4304
9778	115	6254
22142	115	5474
1209	80	25050
21403	80	24163
6851	123	2683
24634	166	25484
23393	62	1126
9658	183	8050
9986	210	8210
991	133	2566
1175	103	5619
5663	115	24735
23874	106	25483
8349	80	23397
754	93	6682
24891	5	22137
22864	80	22424
22006	115	9552
2752	108	8759
1281	114	7454
21487	72	22537
24020	209	23517
2170	62	4492
5886	115	6746
6640	130	10318
22707	80	3692
7977	115	22431
21371	133	7522
23932	173	4050
1571	205	7333
184	103	8028
8798	206	10465
7777	133	6563
24584	173	23780
24125	80	24163
9656	115	25453
10408	206	24190
3009	35	748
21729	173	4462
4845	204	21189
3599	80	6563
25349	115	2979
7924	72	5757
25148	149	8003
3316	80	2625
21468	115	22331
2983	130	9580
3350	206	21629
6501	108	6687
1759	123	1610
1521	58	10318
4469	174	5997
4032	160	6769
6044	133	24110
76	103	3552
23737	173	23132
23338	1	1070
5335	106	24668
980	173	7015
22850	204	3567
5815	80	8874
22481	80	2566
6061	72	3055
9496	160	24778
1808	1	23407
9277	80	23037
7982	95	1664
4803	85	9126
25277	1	10286
3782	80	6869
24690	115	4478
6985	123	23180
10366	35	7111
23404	72	3777
7407	95	1560
1800	80	797
545	174	2711
70	80	7900
7984	58	9821
9589	39	325
21489	183	9247
4148	1	23619
9628	123	4701
1870	123	22567
3813	115	10330
6535	143	25268
2919	204	8252
6546	133	25047
24947	115	5174
4640	173	88
24161	209	8238
722	62	1648
1605	80	2566
2985	170	22382
5862	206	21340
24109	108	9412
873	62	25069
1628	115	24432
24255	62	4232
21336	115	24668
3370	133	8703
21057	160	24239
2145	62	24647
5244	103	5307
24428	115	9610
24164	180	24595
3126	206	23884
5449	80	1078
3572	24	4790
6768	166	2587
39	123	8325
8231	209	4960
2350	115	8063
23313	123	6021
10275	115	956
23302	115	21629
2272	115	2692
25021	183	25268
6069	80	8703
4008	1	508
835	80	7349
3949	115	6601
21967	144	4790
6704	17	587
2299	31	6651
25079	174	3112
10274	209	747
6637	115	22015
21426	24	3124
8055	80	3843
539	115	8033
7084	72	2310
7773	93	3913
6895	115	6818
7883	115	23147
2367	123	7754
3515	1	778
150	62	21268
25188	190	6079
21724	62	1519
2549	180	24269
375	158	24034
3088	72	8704
22718	123	2827
7720	209	7775
21513	92	2644
23662	80	25498
57	102	6769
22406	164	4540
10357	173	372
24153	131	1930
6668	35	23554
22630	195	22630
3079	173	24145
4797	53	6785
2923	108	6563
23113	80	9412
6410	160	24239
22330	95	8775
24374	80	2224
1101	1	1070
9101	183	22089
6946	173	3704
2580	1	24262
22074	72	21239
1003	115	24345
25315	80	2566
9425	133	6023
22041	115	22223
22799	154	22819
23312	80	4971
21799	209	2830
24676	115	5959
1412	108	9412
7202	143	6345
23077	80	6869
226	149	5094
7815	115	4241
6708	115	21379
6816	103	7600
24779	173	5997
3352	39	2087
7443	108	9412
7914	108	9412
5133	115	4775
22904	123	22748
6253	62	25406
5089	38	24578
8734	131	5967
2259	143	5206
22338	1	1070
8799	78	24975
6935	151	24622
2124	146	7390
24620	115	2452
3899	115	21140
3793	204	8252
6936	209	22348
5681	133	8899
24616	25	25165
25274	168	7238
21243	62	25413
6735	183	9583
9302	115	1503
25393	1	4627
23353	5	6430
23410	200	24442
7162	204	3567
356	62	2036
2696	1	1070
10331	123	8057
1942	22	24448
25458	115	24727
21407	160	9100
25109	149	6563
5839	115	2253
1328	108	8003
24419	173	3866
1260	115	21131
23616	80	5666
4351	62	464
6885	133	24233
10121	209	24156
4702	166	21123
1280	80	22062
712	174	22653
6206	123	822
4434	115	7245
5693	95	22216
9230	95	6625
5006	177	24730
25180	204	3567
4900	204	24951
4980	173	4769
488	95	23015
21458	115	3883
5084	206	8890
7379	123	22567
10209	80	2566
5981	62	25081
2905	82	2748
10438	206	2478
23034	108	9412
21061	95	8265
5898	115	3083
21176	80	3523
5993	133	7632
6218	62	5510
2544	206	24477
6471	115	4046
22196	1	1070
9750	206	3962
22974	206	3869
5375	1	1070
24252	206	10261
1210	115	22213
25211	206	22915
21433	62	4307
1856	95	4900
7366	123	21250
3555	206	739
7488	131	8855
23419	133	24998
24408	143	5499
176	133	9105
21787	115	5734
9081	80	21522
173	115	2750
10066	123	10283
9746	115	24325
1008	180	10145
5333	62	574
10211	62	5542
24782	173	2158
2088	123	1522
22183	209	22354
22856	1	1070
9963	1	508
22159	5	3245
25049	123	1884
2539	62	7963
9123	133	2566
5918	206	5104
4740	206	25172
363	130	6275
5355	95	23917
2016	115	5842
23845	115	23694
4024	204	5869
7609	173	22370
21881	207	830
2362	205	5762
22335	133	24448
3559	183	29
660	80	8435
23305	123	4050
9785	204	22529
2208	206	3556
1592	115	854
4526	206	21394
22815	206	6010
9142	80	24448
6339	80	9028
25185	160	22294
8715	115	22555
3765	126	21313
23799	209	21067
1261	106	6033
8191	123	9720
1499	173	824
1167	62	25020
470	160	1458
1288	173	2193
8140	62	8388
21639	108	22819
6647	115	23325
24869	62	845
4204	206	8454
21246	123	4744
6388	115	9067
3698	206	936
22605	180	1
6193	72	6756
4901	173	22348
22235	190	6079
8321	206	200
6260	115	22417
31	150	21424
21888	123	5520
6560	115	21358
9561	130	23257
1395	102	24239
8733	173	2936
22372	93	5205
22017	1	8583
2720	62	10276
21235	206	2221
21224	108	9412
7333	80	1937
5064	123	21429
22993	177	8003
6789	204	7874
2053	93	5736
10291	80	23169
10033	80	2630
24428	115	2909
9783	205	4045
1251	143	24141
2906	115	9326
21989	80	25103
9671	80	4535
23293	205	6072
6681	143	25212
24641	180	7484
7151	131	5807
8319	1	6147
4293	80	6430
21564	174	2936
899	200	23167
23772	123	4315
8280	115	9684
5162	115	25439
311	39	4320
6630	93	24538
1635	80	3245
25425	67	4716
5958	80	22037
9641	174	7984
8645	93	614
1200	115	21858
7592	106	3317
7136	149	9309
10299	133	2566
8172	58	1034
8821	123	22159
4553	123	21390
2228	108	9412
21187	62	4804
4284	26	9436
21221	209	5467
10254	143	24236
6812	115	6893
21969	130	25497
9017	177	1937
5097	123	2089
3950	131	4478
4345	80	2224
24369	95	1340
3979	26	2713
1029	95	315
3934	205	21868
22229	62	7348
24081	80	22568
6517	133	10441
9803	115	3579
21047	42	23943
22633	205	1609
5059	123	5089
5078	205	21575
3351	95	5136
8389	115	9147
22218	80	3944
22969	93	4849
4278	194	1266
5277	103	5143
23767	62	25009
3001	151	23049
25141	115	5060
7170	90	3482
6638	191	21937
2064	143	23952
8639	103	5192
9292	209	21939
4941	108	69
23650	29	6645
23471	204	7874
22656	206	5991
6444	1	1070
2433	1	1070
9101	174	8293
813	115	24385
4109	130	2920
9116	205	24719
3073	173	1556
22371	80	3944
10100	209	5994
644	160	22294
8077	108	4805
7535	95	7159
648	93	24605
5058	209	4468
692	143	62
9060	48	22046
4417	80	6869
2195	115	1073
10281	209	7971
21660	209	23515
21680	108	7783
21026	205	24745
25057	80	6023
25327	103	2561
9141	17	6377
1488	57	22682
22973	123	21117
5460	108	2694
8192	209	5213
9595	25	3704
470	160	23458
24799	51	22076
24484	80	21522
21671	93	6543
25129	133	23397
10471	210	5059
8089	115	10001
6196	115	5382
9724	184	4219
7843	206	2579
10011	115	25028
4831	53	1437
47	115	25164
226	206	6873
9149	209	6419
3637	173	4532
7311	160	23458
21428	80	6869
4040	80	6869
8725	209	23286
5208	183	2061
21604	115	4976
21035	62	2720
1522	80	2566
3345	35	25077
5638	80	4790
24685	1	508
23388	106	1217
8185	130	21495
24848	205	5907
3565	115	22545
6334	115	3964
5473	115	3491
25074	133	21123
7792	115	3427
23135	173	8659
4796	173	3538
9870	115	23404
9101	204	5175
4333	115	6506
9019	38	9158
7455	39	2456
22655	80	5666
5172	204	22743
839	133	6869
25134	123	9076
21376	80	6687
6874	95	6697
8277	209	9391
8060	189	8853
7292	95	3819
7326	115	24215
10129	72	24571
8281	206	4342
5704	53	22137
5688	115	1799
9479	115	2750
22608	115	3579
577	1	1070
22990	209	10126
8970	103	1640
21944	108	9412
3978	209	22212
2333	43	2514
4047	80	7201
1211	115	4814
6949	115	8347
21394	103	7049
3633	149	25226
2912	80	6869
24325	106	5744
21794	123	8810
2571	160	9100
21134	58	2900
3037	173	4218
22929	115	25174
25099	21	6058
5197	72	22599
6279	39	163
6445	130	23963
23222	130	22653
2985	80	24998
270	206	25363
3463	206	2996
24537	80	24998
21563	106	24559
831	204	7874
7498	115	4161
4453	206	23942
6230	125	3897
4562	177	22037
22647	143	8467
22295	80	6869
22157	123	8938
3383	160	9100
4498	62	7605
472	180	576
3141	123	6846
1600	183	959
22917	183	5604
7168	95	7035
22160	115	6017
2629	13	9135
2409	62	5598
597	1	23776
10234	80	367
22762	115	2847
254	177	22296
8117	123	22121
1984	206	7259
3758	24	4790
5572	72	497
23661	80	22255
24690	115	9326
8260	173	10154
8870	95	3499
9811	1	24591
9771	173	10154
6325	80	24110
4127	80	797
8076	123	416
8168	80	24118
7669	80	2067
10115	123	23058
6630	103	4582
21005	115	18
10367	115	1857
21643	160	6214
10466	123	9338
8401	62	211
10380	108	9412
9011	22	2566
21368	210	21665
23172	209	9050
158	115	4385
25346	103	2850
3813	95	24422
2480	206	2701
9952	115	24345
1653	200	23167
25428	206	10352
24835	130	8842
24250	115	23768
4374	204	5912
7649	80	25465
23608	35	22064
1463	80	5669
23503	206	9115
22042	173	22942
23628	35	25380
21844	174	22801
8728	80	2566
22932	174	5252
5743	5	7900
21962	72	22675
5398	115	5460
2535	173	35
2544	206	2107
2210	115	1681
919	133	23677
4258	115	5239
1375	80	22733
5509	80	6869
846	80	22733
1200	115	7271
6782	123	5868
7439	115	23745
7080	123	7981
4668	133	2224
6852	93	2646
10068	80	1136
4338	173	24473
6917	123	4218
23579	205	3804
8266	180	22180
22715	80	22733
6143	82	21467
3767	115	25038
25015	62	9466
24275	146	3322
4282	160	24239
4821	115	8883
2286	160	23458
2652	123	3825
9444	115	270
1296	200	1772
3295	115	8812
4066	62	3605
3079	205	979
21428	80	367
1303	161	5739
22398	133	24163
6139	123	8325
24728	103	8743
2561	80	6023
5473	115	22417
24656	170	22382
23689	174	10318
10496	160	24239
21624	206	4876
23033	1	7867
7257	209	1087
2064	130	7984
2629	173	2083
23881	76	722
3869	39	6058
21520	95	8002
8326	131	21583
5149	82	52
3750	120	2313
9776	39	6036
10129	106	3419
3542	115	24962
1919	190	4741
2668	173	7703
404	93	1747
5972	143	4289
7483	115	21225
24147	180	23833
9237	80	1247
21155	174	7042
22943	80	6563
5092	103	299
9294	80	23093
3738	102	2881
208	123	9110
1391	62	7914
593	209	8777
4070	204	3974
9442	115	22295
3451	31	24014
24534	95	9560
6754	62	24531
23300	106	7752
22375	39	6768
9258	123	319
9639	108	743
7493	103	10002
9527	80	5669
4402	204	3567
24121	80	7900
3247	39	5178
1762	115	25128
3166	80	9623
6042	123	10237
23007	173	24241
4099	209	2329
9869	123	22567
2973	204	21968
955	108	9412
8705	200	23257
1237	26	7357
24842	131	23738
3392	123	8325
25247	115	22023
6358	80	24491
68	53	24651
8392	133	6023
7678	115	21887
9389	206	10134
25317	206	8456
7596	95	4761
9378	149	24491
3438	80	245
7087	204	8252
7258	123	6705
21812	173	1865
2576	115	4775
6296	177	7575
24591	75	8238
9472	173	2789
1442	209	21132
9373	131	2531
8882	12	52
24124	133	830
22430	62	24109
24259	115	22015
7874	165	21553
698	133	23730
707	95	7585
6165	115	21033
10318	39	2456
5630	149	9309
1207	205	3804
4299	130	2711
8065	80	9028
5199	80	1710
76	93	1021
4168	133	6563
22281	115	2063
8483	80	9254
182	115	3682
24377	115	9923
25461	80	6869
23321	143	6570
9906	160	23458
24869	62	5791
22830	131	2455
24557	95	21970
7243	115	22127
7482	1	1070
1712	183	4215
24028	103	4686
25104	1	23776
5813	123	9905
23416	80	2566
21766	174	2711
4490	115	8557
8576	115	10045
23069	80	2566
6573	106	7427
7813	90	24399
22095	108	8874
3520	123	3904
9193	204	8252
5856	136	2566
23504	53	4160
3803	204	3567
23326	130	9619
9139	209	679
8098	115	22627
24275	92	859
9651	143	2511
21413	143	4239
8925	106	9544
1991	115	5680
3662	62	4583
10300	115	3109
5807	80	24971
2844	108	4561
8142	173	24905
10401	209	22443
6268	62	762
21109	1	6421
9544	80	21796
9784	39	6058
4679	62	2409
5783	62	9839
22520	206	9482
6380	1	9396
5603	48	22627
6715	1	508
2554	115	9527
3135	115	2302
1804	133	9875
8067	106	2296
23333	172	23333
2142	95	4094
5745	115	3649
4244	80	6688
3679	209	9391
2641	80	622
1300	39	2456
22796	115	2140
10097	130	24583
22177	151	6194
22675	80	2566
22111	62	9238
8495	209	25059
1818	115	21429
23714	62	2730
6370	204	24951
3998	115	21629
806	209	2475
3878	80	1515
1150	80	23608
9315	123	1635
8822	209	21367
1254	130	3974
21320	173	7823
23867	1	6147
6508	115	22813
25129	206	961
623	150	23283
2462	40	4531
849	115	6893
47	1	508
9359	160	23458
24831	1	1396
3327	101	5258
6522	151	7718
25119	62	8482
7290	80	1136
4084	133	8874
24324	115	23425
8613	115	22385
24352	1	5856
24057	206	2366
22248	93	5894
25114	133	2594
4115	115	9018
3710	206	25002
24898	123	6846
25052	133	6961
3340	115	713
25300	133	23677
9019	204	254
25489	131	2818
4119	26	6156
6682	93	4196
22993	177	9412
21620	209	10127
24267	115	3740
24119	72	24119
22323	1	22277
9637	80	6023
5779	80	2694
5615	133	21565
1722	95	21970
3864	205	6498
2973	38	2920
24806	115	1951
23439	62	3182
22678	174	21495
22477	206	25205
8731	115	1951
6988	209	9763
6743	80	22749
9749	74	3657
21179	62	4967
6083	115	8856
24332	115	2847
1562	204	2727
7574	115	3760
3149	80	23134
4186	215	440
3877	115	22015
2442	123	23515
10317	72	23547
268	133	25103
6080	115	10076
3725	95	8775
5573	206	995
7054	165	23070
3744	95	21199
9241	106	8765
8209	1	1396
21445	80	6869
900	80	1247
4550	26	8184
7397	209	4744
10133	123	2635
1944	146	3918
711	115	22950
6003	115	5382
5183	24	4790
8512	80	24118
23216	207	7116
25363	131	24750
3858	174	9619
22534	115	902
21341	209	9110
2426	115	4706
3505	123	23468
22656	103	24043
24437	95	21548
9273	62	21433
9969	95	4761
4643	123	6452
6202	62	1126
21777	1	24262
331	210	8176
2477	209	2789
2845	115	23940
8318	173	7309
3932	123	4571
8924	80	3260
8752	123	8917
22883	115	5608
10249	53	113
4871	76	7423
4639	108	9412
8321	131	5149
25093	143	59
845	62	24725
7166	209	7845
25378	173	9416
7690	72	6093
25201	1	1070
3288	209	7334
564	115	7539
6976	106	423
3754	95	5136
1288	205	5201
8869	173	3704
1108	131	291
22886	203	5896
2960	80	8949
8112	115	22004
2448	62	4723
24166	95	23694
1332	133	1520
3973	80	25484
25026	115	21668
25061	108	9412
21243	62	9288
25318	115	3715
7100	95	6697
25434	204	8252
7642	209	7084
7377	106	3169
1508	115	8525
9478	133	9990
8751	72	24933
23688	143	24207
2320	82	3388
4519	103	5051
8433	106	8886
6447	209	7003
24	1	7867
8871	115	3167
25459	160	6769
5846	106	4823
9051	115	7991
5374	95	23015
3749	123	9485
4267	80	113
6354	62	8516
9935	106	3851
23428	115	21100
22028	173	22998
25010	143	24050
5735	62	6218
9591	173	22998
8740	106	1071
5687	115	8146
4180	115	22653
22417	80	22733
3370	24	24998
25133	115	4771
23206	106	348
7446	160	9603
5846	133	25226
4120	115	5303
8880	131	309
23864	160	9100
24335	149	4995
22868	209	867
22019	80	7632
8499	204	8296
2797	62	1045
9343	125	3897
178	103	6487
9850	206	9414
384	123	9456
21896	173	7383
924	123	4276
147	62	21149
4804	108	9412
7061	209	8938
22405	131	8290
5449	206	23615
22123	103	8780
6045	115	9527
21672	115	23075
9159	95	6144
4222	106	4013
23713	80	5299
23584	115	4999
290	133	1053
5367	1	508
5181	123	8206
715	206	3514
23948	130	9580
21513	146	2598
25016	160	23458
1845	115	9372
9668	203	9571
5702	123	6021
8732	95	23015
7495	123	5971
21377	173	3086
6037	115	9835
7197	115	1232
6844	80	22621
23476	58	9550
2670	133	6869
23973	205	6498
23994	133	2566
2508	130	1681
4886	106	7777
1899	215	22768
6307	183	4469
8810	80	23414
1290	166	21123
23694	80	6869
25270	24	69
8617	143	4588
1691	123	23180
609	206	1154
9970	209	22865
9368	174	10318
25256	206	21755
4237	62	5333
8871	209	8378
5737	57	8853
1111	115	8472
23778	115	5443
1669	173	2468
2088	115	7803
21064	183	914
24147	115	2449
8298	123	1884
25162	80	1515
8089	123	1608
7033	180	576
8893	115	6818
22789	133	24380
4871	80	3095
5464	1	9467
5220	173	24935
5127	193	4955
1616	206	8092
23870	173	2999
1538	206	21487
3614	115	9996
22625	90	9780
5183	133	4790
10187	115	22855
7099	131	22920
2590	123	8858
8633	209	7685
8950	177	9028
1267	108	4790
5988	80	23747
2004	1	7867
8025	108	9412
9809	133	24651
7925	209	23177
3856	115	6544
47	115	23420
3120	131	8360
23664	123	22159
8211	62	1045
23942	80	21136
402	115	22432
1791	1	1070
6092	130	2920
9833	106	1786
8391	95	7718
25189	93	313
6365	80	2566
8261	115	22693
6832	62	2573
3818	206	4128
23609	115	25461
1508	123	5028
907	115	6925
24172	131	4219
22944	39	5593
22644	115	4426
3456	38	5172
6612	210	5719
1847	123	22376
21144	115	22676
23005	80	1247
21107	204	21331
2012	76	5774
1919	190	3827
7249	115	8713
212	80	1983
3870	173	23475
23648	131	4043
22696	205	8314
21608	160	23458
1281	80	4790
23144	1	8031
3459	183	5450
22010	209	23009
3597	174	3603
4071	66	6289
8283	12	1010
8643	93	6959
9576	115	7943
1812	149	25226
4722	206	22269
21102	80	23200
1677	115	24432
25099	21	8131
23318	62	147
21039	80	9412
23404	72	3333
4260	160	23458
8078	123	4701
8202	206	9726
9440	67	4790
7129	206	3663
2433	123	9296
5465	133	8478
6982	115	4455
22408	206	4128
1165	62	1167
3131	123	4496
8315	1	1070
8034	108	4790
25491	189	8853
4492	62	1462
24742	115	23848
5391	173	21718
22079	14	8228
703	115	24297
4252	106	9221
21468	209	8974
12	115	22374
9896	95	6625
2873	115	6069
25045	116	69
4607	106	497
23261	184	1676
23492	123	647
24332	205	5762
1083	206	24523
8878	26	8184
21878	62	23518
5451	62	23259
138	93	4823
3541	62	1670
25432	133	797
8577	133	4610
7342	58	22134
4721	115	1605
9126	35	23873
5325	62	8865
5442	180	9904
23955	115	8195
6636	131	9374
23654	115	4623
24324	173	5673
7581	1	1070
6640	174	10318
3350	131	450
1775	204	6138
5490	1	778
4062	80	7307
5430	108	743
24532	95	10444
22314	62	24843
2946	173	3465
23743	42	23943
5185	80	9623
10233	80	24998
9004	173	21914
4144	80	2244
1310	206	6894
5724	131	8044
4459	48	5422
1006	123	8630
381	114	5536
7409	146	24096
7472	115	4775
7661	80	113
252	35	22062
5916	206	4898
8068	115	7004
2921	206	1376
22140	133	21123
24444	115	8141
8633	115	24764
1993	209	25145
4766	153	9048
24231	209	23009
5940	204	5071
3707	80	9481
1596	24	5472
725	62	22892
2003	131	9040
21530	143	3835
6824	146	2124
8038	95	1560
1723	123	2754
21753	62	1589
23912	35	5805
10038	80	2566
5325	62	9979
21717	209	1549
9430	160	2382
4410	204	24951
24180	204	8252
6727	115	6893
1873	115	23802
8274	80	1247
9507	95	9410
25374	108	21522
6144	80	22296
7179	76	2566
23136	160	9100
767	123	21132
21153	185	6079
21150	209	5401
5464	160	6769
5526	115	8681
23311	62	1045
4391	114	21432
8283	12	23426
24659	173	6836
2411	130	9059
5488	58	6104
1769	115	4789
2327	72	1999
2811	62	21051
21591	1	23407
2174	115	23602
479	123	6811
2124	146	358
768	80	1078
22232	80	9623
24121	80	22977
7649	133	24998
24226	115	6846
4936	80	6023
6211	115	3618
22590	35	9612
8979	115	9592
1912	133	24110
2672	17	6969
21382	95	540
4073	115	6904
6019	205	519
22973	115	340
2342	143	5915
22663	189	8853
25070	205	5756
8333	123	23996
608	80	4829
6940	205	25402
25312	173	511
7037	106	6959
3079	173	5412
23462	115	22476
4090	106	2803
9304	80	2566
490	183	1005
14	209	21417
8242	205	4136
25302	115	24797
23351	12	25041
3822	53	23671
2826	204	5869
21353	115	3326
139	115	5926
22746	108	9412
7086	115	10120
24327	204	3567
8517	106	24495
25143	80	653
22615	22	2566
24245	206	793
9736	80	7900
5172	38	3456
25442	80	21395
402	209	6327
6261	115	571
1141	80	22528
1482	62	4681
982	204	22256
1234	115	22375
1244	35	7349
5664	22	10453
8248	126	9285
21166	78	24551
4370	80	4610
3351	180	1
6832	62	5386
7556	115	6904
4722	131	3731
3368	123	2089
2875	115	8293
5349	204	10109
21011	205	3739
7441	184	10339
4635	115	5786
1643	115	2072
108	115	3165
4063	183	8869
1978	95	8912
23205	123	10075
21241	115	9923
6571	80	2566
4449	183	21188
25297	143	861
6078	209	23286
6366	115	7337
8275	80	7323
23038	103	8686
7601	209	21939
22065	72	21932
21417	90	9780
5848	115	6144
3424	206	6533
6929	80	2587
1513	115	21171
442	115	23985
9821	58	3112
21150	115	4775
1285	131	21698
8269	115	24642
8079	115	1459
6260	115	8438
5563	80	6869
8904	103	9914
21021	115	6660
21331	18	23070
2843	209	7367
3557	108	9334
21038	180	1813
4967	108	9412
21637	115	5563
21670	103	24633
6183	123	319
8779	42	3830
9792	80	22568
8178	204	7874
550	174	2255
21509	125	5128
24871	152	69
9150	62	1589
10178	93	9587
3036	123	5089
23095	173	1884
9946	209	7170
23783	204	8252
3365	39	9320
8147	183	4828
21043	174	5921
9897	80	25484
9205	108	9228
23952	183	2064
1108	206	3837
3415	108	9412
24263	80	674
2604	190	6079
1604	200	1034
23609	180	4683
6155	115	25388
9860	80	6869
23870	205	7444
4798	115	23785
23285	108	9412
7903	58	1772
517	206	3243
24805	1	508
24663	133	22621
7084	72	2003
7345	123	7696
24737	123	9619
9157	39	21073
22935	80	23873
5546	204	10235
3439	115	3102
7781	173	25087
3485	133	23608
23565	133	2630
3368	143	22407
10042	115	4822
21301	115	9371
23239	115	1197
5981	62	23379
7060	206	3602
21525	106	1812
23646	62	23393
21359	179	6430
4407	184	4922
4437	204	5071
7940	191	24356
7374	80	24540
7747	106	9002
8090	72	5035
25400	204	21137
2744	53	22137
5527	106	24065
3551	80	24836
23986	204	3974
8523	133	24901
4783	63	24386
21630	62	6001
25444	1	508
22226	130	5997
23861	198	5536
22985	62	24575
5554	80	9044
3156	115	23985
21342	133	23037
2933	149	3124
24572	203	2456
9944	115	21428
24253	115	8139
10191	92	1081
4586	115	8709
5163	123	5858
6644	130	8172
8827	133	2566
3105	80	24998
1910	173	4477
5127	184	24791
2737	115	9625
2447	80	2566
8597	133	2224
828	123	8541
24875	115	23211
2747	173	7484
10188	115	6273
21256	205	8492
4649	62	24843
21872	95	3704
5474	80	8161
22517	123	22991
535	133	9228
7278	204	8252
6744	115	21629
9779	106	3294
22827	115	4907
1377	1	23070
781	183	23669
2075	115	4478
2596	131	3751
9200	133	7783
3046	206	2913
2261	58	3588
9773	180	1
23501	38	23638
24996	12	8714
2279	102	22342
4118	76	5063
9781	206	4696
21935	115	7128
344	206	21595
5044	115	1857
4596	80	9875
21003	108	9412
7007	80	24163
1164	115	25461
21710	206	3533
22721	173	9431
21652	115	4023
23968	35	7463
22531	115	21792
5285	143	6888
23438	123	24121
10303	80	6023
7471	115	8861
3665	173	531
3681	80	8703
7504	206	8626
24874	80	6869
5210	24	69
10391	123	23004
7812	180	576
9745	62	8698
8906	150	9071
10081	133	21136
9495	173	23320
21738	204	2727
25487	115	7470
21087	130	23257
25034	115	22813
3893	166	653
3362	115	1301
25196	74	9456
10276	62	5635
662	53	7275
24230	115	24424
23600	80	9028
22795	67	4971
928	115	5724
23975	123	4050
5452	168	2776
9978	146	2920
22178	80	9481
24291	123	2193
8289	115	4624
24210	173	372
25165	58	9785
7268	123	319
6122	115	25231
1823	108	2694
22252	206	8587
23699	115	21276
7720	95	3499
881	143	24342
3993	133	6398
7666	210	21848
498	149	23391
23001	123	1646
24236	130	5290
7388	115	9729
1946	115	23168
21344	206	21949
6163	133	7116
4322	106	23615
21964	206	24513
23651	133	24520
3706	85	8921
4274	108	9412
5915	123	8148
9117	1	1070
5429	58	9059
23514	123	9852
6157	108	9412
838	205	9032
25021	123	25497
25320	106	4817
2089	58	2962
4140	72	3033
21326	115	21748
24855	72	5159
10379	130	5172
10266	183	23946
7616	108	21522
1492	108	21522
4517	174	22921
4111	115	8814
8130	133	2566
6607	115	6868
9660	204	8508
23941	103	25001
114	131	8100
4951	115	21813
10342	133	1078
9508	206	1567
4941	12	25041
2144	166	8478
7764	123	25497
6427	123	6846
7693	80	2566
8172	80	4610
1418	204	5869
23406	115	9981
9758	133	5299
4388	191	6935
7548	108	2694
24910	123	24174
139	115	5724
636	39	6058
4858	143	25049
852	123	9606
5136	80	1515
8690	115	10219
1293	123	3066
21653	39	2456
2878	24	7783
9872	115	22127
24202	63	21421
4549	133	9623
8841	80	22733
8121	115	1360
24884	209	24012
25499	206	8923
10480	115	24870
2182	133	2694
123	115	426
6324	62	25069
10390	62	10361
2598	80	7201
9235	80	6023
23729	173	824
22985	62	8933
21496	115	4705
4388	191	7905
7342	38	6958
434	133	24998
24429	206	2655
23313	1	9396
25161	80	22733
10425	206	24691
21777	115	2848
2173	173	24863
8655	62	6666
939	215	22738
21139	123	23234
3898	38	2901
23313	123	9775
21647	80	21123
1221	160	1458
25112	62	2858
25475	115	2971
25308	209	9525
5044	115	23817
24450	115	21895
8833	205	8475
7390	92	6824
7512	209	25473
9973	173	2717
21286	80	22296
21410	173	10213
6847	205	2465
10185	115	24512
5137	1	1070
4567	115	4793
2363	103	8222
8338	80	6869
9268	115	7875
1041	160	23458
22089	143	9101
10092	173	21684
2069	35	21198
2968	1	1070
3494	115	4771
5615	39	1052
1206	115	9527
2952	173	23082
7361	62	7897
23963	80	7396
3686	115	8437
22380	133	5669
7837	115	517
23723	115	6150
8153	115	3160
9784	80	8479
9049	22	2566
452	80	7900
1862	115	24464
22530	108	9412
3495	115	6393
2181	179	5661
6972	103	1118
21753	62	24681
10204	103	21886
2302	133	6869
7126	115	5933
22759	173	7382
4625	173	9059
4162	160	24239
2545	123	2492
3672	130	9840
3479	80	24163
7113	143	24817
4063	204	466
25089	115	23004
6348	93	24057
22242	123	8858
4079	123	6419
4198	108	8003
22487	22	5308
8324	205	7940
22665	173	6011
8904	133	9481
5726	95	1216
22761	108	7632
3703	115	23785
8114	62	6305
7118	123	22163
6192	39	5145
6108	1	1484
4494	115	22869
891	95	10108
8112	205	22928
24839	123	3735
9691	133	4971
9890	62	24183
21329	95	22225
2675	80	2566
8591	173	9619
6632	200	5820
9595	38	21053
24099	115	426
24940	115	6904
23570	131	7668
2527	115	1232
4881	133	9412
23549	123	5950
8224	133	9623
4368	62	2493
4058	179	2098
9463	115	22742
5967	131	4057
1747	103	404
22684	123	4571
6897	106	3399
10239	115	3590
22454	173	373
1040	115	9010
5240	115	9996
545	143	9886
21582	62	2186
23896	115	530
9688	123	1629
7752	52	4122
25008	133	2532
23175	123	24705
8153	209	4568
4665	103	25294
9320	166	1244
24569	203	6058
5641	1	23407
25110	78	8071
2306	115	22152
9139	95	8265
6570	130	1772
25271	115	2640
23801	200	2920
1802	45	10259
4649	108	9412
5890	80	5669
3538	82	22462
23680	115	6655
49	108	9412
22746	62	574
2801	204	24951
720	108	69
1811	62	22746
8567	95	3690
236	150	23541
22238	174	2827
9018	80	6869
4100	7	5472
246	133	5472
23338	95	3778
887	115	4264
6446	123	9775
4112	133	23397
21632	173	3704
2797	62	7093
22083	115	9903
3884	133	24491
7801	114	7454
7727	115	24823
6305	62	2409
395	115	7475
6001	62	24498
4100	7	4971
4069	123	1387
7788	143	22647
23936	62	211
24394	123	3356
9437	82	6298
9784	72	5564
8215	106	1698
1024	95	10108
9001	173	21914
21549	206	5051
21093	206	922
25052	80	6961
4269	80	24163
8648	206	1581
6090	130	5997
7038	183	755
8597	206	25203
25377	38	2920
23896	123	10088
21996	163	4874
2850	206	25346
24396	173	5703
23497	115	2253
9770	14	24297
639	209	4060
22317	115	5583
7733	66	4814
9138	206	6123
9285	80	3708
8213	115	3558
9803	123	5868
2954	189	7454
4861	173	22695
10432	39	9320
2838	115	4775
7190	144	9045
23716	123	1535
7864	209	4662
279	173	21474
9027	207	9188
810	173	10111
6444	115	681
22310	115	4791
5464	160	9100
5745	180	4127
6372	58	10318
4194	62	25121
3621	115	22403
719	80	21395
4161	80	22733
5936	106	961
22224	206	23229
339	24	8679
6362	203	5896
7918	106	7942
2490	204	9698
5836	115	3579
2097	173	8984
24480	115	3964
5312	130	25497
499	80	2728
1246	80	2566
7340	80	6869
8650	106	2007
1984	133	6101
5305	62	4679
8257	133	22472
132	123	4142
6683	173	8525
213	210	1593
3539	133	6688
5321	206	24273
2598	92	9313
21751	48	21372
6163	153	2313
21975	115	3302
5517	205	10116
2189	206	25327
7559	130	7929
22990	115	8402
21980	133	8099
5710	173	25086
25393	95	1560
25250	130	1681
8957	39	6768
8424	13	21704
7025	80	22298
2036	62	2637
8167	173	4881
10160	115	21816
326	133	245
3396	115	8326
100	80	6023
863	173	7427
22737	1	508
22092	80	1437
5351	173	1009
21060	206	2007
3924	115	4807
2858	62	25112
2042	204	22880
4117	206	6180
25066	80	24803
24029	115	484
22328	115	1129
463	204	24951
5051	133	1247
1540	160	23458
7104	206	3727
3918	92	3607
1435	154	24448
9035	133	2566
9230	115	2543
22513	115	24232
23532	148	1052
25168	72	6756
5522	191	22623
8610	123	25038
1087	80	7900
23611	115	4426
21131	133	2481
8054	206	1950
3767	173	25038
4452	123	1536
21436	115	3225
7135	62	24229
25185	215	3134
23759	115	1556
5347	115	4939
24027	115	23768
9308	160	6769
8752	115	10238
3388	82	2320
24673	62	10079
4973	80	2566
5668	115	9964
25324	62	22581
4073	115	1188
235	209	23633
7849	115	1077
762	62	9238
21652	115	3963
23966	80	2954
7713	106	23289
21608	215	515
2879	204	2430
25029	115	7381
3061	115	4775
6414	106	23839
2508	174	1681
24841	115	5986
323	80	6668
463	130	8804
4641	115	24823
790	209	9317
10388	160	23458
23591	131	23435
1532	204	22743
7527	115	21999
885	173	4218
10474	173	21839
23852	133	2224
6211	115	1137
23419	203	24730
6809	149	24491
8716	115	1224
5876	160	9100
7704	80	2566
24434	209	8745
5161	62	7320
3983	108	9412
1592	115	3792
1090	108	8809
4325	115	21895
24332	115	10057
2231	133	23677
22441	106	7959
23476	204	3567
23520	62	22257
9583	174	24583
6866	115	8879
6258	123	3812
8321	131	7099
955	62	6627
4484	115	9909
3890	115	3647
5347	115	1085
4177	174	24578
446	115	22555
7455	141	2000
7123	115	23404
938	149	6430
23686	209	9756
4020	115	8361
10211	62	1969
1332	82	2905
25308	115	8472
1307	95	4900
8962	123	2827
4024	130	4687
4603	209	6703
3173	103	7191
9773	95	5136
1339	183	3559
25413	62	21243
3937	173	5986
820	72	21873
5995	115	22385
10266	123	23661
4635	209	2467
639	115	6610
24270	115	70
1382	115	21668
6908	115	5419
22277	177	6869
23630	131	7002
406	115	8816
21570	209	7972
6298	72	23930
5782	72	9918
5079	209	1635
24270	123	5950
2777	1	6147
22508	152	21190
7083	206	21393
25425	195	637
6962	115	24774
4865	1	508
2239	115	25429
24227	123	3317
23788	62	7914
753	133	6961
5130	206	5527
5609	115	3792
85	39	5178
22344	62	22553
21659	191	9500
7391	174	5958
8858	80	5777
24205	62	4284
21028	95	8912
3059	206	8723
4545	115	7638
9927	204	5175
25426	206	25129
22839	80	9481
25404	115	1892
2606	3	5732
5891	95	2885
7569	206	4856
24293	1	7867
481	206	6123
4073	115	6945
24795	123	22801
24402	115	21581
22509	115	10359
2012	114	24111
1286	80	1675
1107	204	3567
10377	1	23264
2450	93	2992
23796	115	22995
22311	115	217
4159	115	23128
9191	115	22642
23451	115	6924
1168	143	518
22877	80	2566
25394	39	2761
3693	115	6893
22517	115	7262
5133	123	5401
5441	123	4213
7424	123	9317
4711	205	532
22528	189	7454
8741	209	4532
1841	62	5783
24358	115	5359
24903	62	2907
3392	123	5318
5710	115	22432
10185	123	8307
23143	115	21902
1768	183	7827
24085	1	1484
3213	123	4655
250	209	1865
23382	115	4892
8180	133	7201
2347	80	7900
7658	209	21417
9796	115	23257
24461	72	5199
5759	209	4310
8390	67	23747
25459	160	9100
377	115	23708
23876	173	3687
23973	95	4761
982	38	9987
6307	143	24279
24864	209	3461
9832	173	6808
21519	80	22255
2622	209	23094
8531	72	27
241	154	9412
25183	115	2732
3952	115	23708
9346	115	21463
23529	115	8627
24891	206	2417
22210	123	1763
5666	108	21796
3594	206	789
2968	115	22380
3949	115	6893
4950	173	517
6691	115	6818
2778	108	2694
9254	150	21136
2324	80	5669
590	173	1059
8381	123	22163
271	95	8511
21266	209	9756
3285	80	2566
24599	1	8049
21459	115	10098
8291	62	5459
6732	206	10081
21777	115	6983
7287	80	25050
6572	80	5109
3132	1	778
758	93	21586
5689	206	1786
24448	207	24491
6727	115	2750
22867	62	8817
21076	173	1418
7055	1	1070
24816	106	4479
1607	108	5774
24124	206	4323
10400	209	6703
9901	183	23296
25223	205	23401
2522	1	24007
22005	209	22981
8864	209	4744
8804	58	7044
10378	62	10272
21640	80	6023
25141	115	22839
23436	206	10425
7866	1	508
7384	173	21208
2381	115	4656
7455	5	22733
23471	174	2711
5468	39	6058
5936	80	23216
179	173	22030
22178	80	1247
8933	62	2866
10383	95	21366
4527	160	6769
7508	72	7136
10088	90	22301
2804	115	9538
9176	133	5669
685	80	2566
24543	115	2135
2345	80	23093
23727	160	24239
2202	130	2238
22036	209	4466
946	115	9817
46	170	4686
3928	206	25499
3318	106	929
2965	133	4041
22663	35	2008
4556	80	6869
8903	80	24998
8708	115	1892
22637	22	24803
22972	115	7926
5801	80	6622
279	174	24766
1931	115	23708
2358	115	25369
2602	206	5905
22238	130	25073
8504	115	23581
22247	80	9623
6081	115	25397
4353	209	867
4792	80	24998
3651	115	23840
3588	80	6869
4731	131	417
8083	108	4790
3669	204	24951
3340	184	7813
8781	115	4878
9113	108	9475
6978	205	3804
6052	115	8146
21555	106	6923
23974	102	24798
1312	209	4488
21795	123	23515
800	115	3538
24684	115	3491
10243	108	22391
3577	22	8809
3609	183	24824
2229	5	5299
3319	115	5048
21106	115	3117
1881	80	9623
1698	106	8215
7876	1	23407
1251	173	9619
15	206	22864
23223	204	5912
7736	123	21536
25157	133	7834
5546	5	21522
25055	209	25106
1227	115	2489
8428	123	1608
8155	204	2430
3393	209	24850
4994	115	22274
23542	115	7638
1033	95	24930
23824	115	9465
4714	103	24893
5221	206	21595
5267	180	23833
262	177	2566
9970	115	9018
6903	131	24572
5982	115	7651
21395	112	9077
8481	1	7867
24231	123	23009
6801	209	3847
10033	78	7096
1393	62	7890
21864	133	8640
10254	183	4617
547	116	9412
7121	115	9520
6594	80	6869
5232	95	8012
1509	123	24513
23769	95	30
4636	80	797
1098	72	2848
8062	115	649
23757	93	3176
961	80	89
8355	115	21936
22452	115	7744
24353	206	1271
7048	35	8151
175	174	23881
5523	115	5426
24276	35	3436
23149	115	22998
24660	115	6846
8808	87	21073
4813	115	21895
2739	209	2370
6302	115	1460
202	1	2618
6131	209	4370
6497	206	2938
7295	1	508
3660	130	5997
5626	80	2566
3056	115	23985
10386	62	23704
22909	108	9412
24400	206	6075
24944	123	5955
9475	150	1361
22099	204	21968
23071	108	9412
2288	123	3011
7699	106	5008
25270	63	21884
7235	26	5350
155	173	24513
21520	115	5204
4499	133	6271
21987	103	5869
1477	133	25167
1757	173	8818
3024	209	23812
21835	80	4805
889	76	22469
56	115	24727
8458	115	23744
9593	173	5148
22696	123	5950
25392	58	2901
1289	103	23154
10156	209	3529
3719	133	8099
21345	62	376
255	80	9623
10174	133	6669
7563	206	10101
2796	115	23072
2906	209	4509
5578	143	538
10338	131	10032
25095	115	23147
9425	80	355
8977	1	23735
24034	80	7900
8891	173	1764
9327	131	4029
24702	173	747
7695	108	22469
1377	209	21127
4567	95	23191
22467	62	23071
21473	38	4701
2315	177	5452
3560	133	6430
21652	115	25197
7137	1	508
9158	80	7463
9087	1	23407
21709	205	5050
7111	169	1208
25003	115	9067
10473	180	5945
9052	123	23996
5376	115	6004
24133	115	7979
23708	131	9527
3562	180	22664
3645	93	23383
24906	123	7367
25434	183	6295
24410	108	22819
7332	206	100
9757	62	2374
21065	80	2566
5989	209	4213
21587	95	2365
5148	80	6869
6534	209	679
2628	115	2902
23785	133	8809
8995	149	23216
1589	62	9150
24814	80	2566
5172	5	6869
24058	123	482
24608	76	5669
9418	115	5035
4173	80	1247
22732	183	21535
7940	191	7517
21083	22	8809
3623	205	22705
449	209	5401
2302	80	24998
23975	115	24870
3960	115	4596
22969	133	5041
22333	95	1039
8998	80	253
25076	123	8858
25144	115	4624
8163	115	1476
8520	1	1070
10134	80	23677
25224	39	6058
2652	209	3825
21875	205	5977
9562	80	113
9980	173	7693
295	130	9987
5127	115	7638
21949	206	22782
4415	205	1609
4641	205	8475
24367	160	9100
21611	95	8665
6457	130	24442
68	108	6563
9350	149	2587
21128	108	9412
23156	173	2431
22101	115	22104
9730	80	253
8749	72	6333
21250	191	10427
21050	115	2072
572	205	23706
1769	205	83
22920	131	7487
782	115	1799
9225	80	2566
8951	123	3640
21918	123	5869
7060	206	3485
21723	166	327
1240	123	5971
24411	62	4321
2448	62	3863
23269	1	1484
22979	80	2566
8737	93	6804
24355	173	2670
6937	204	22256
21694	160	24778
22983	115	23176
297	115	24138
3385	95	777
756	24	4790
4352	80	5669
4224	115	22127
2054	106	21942
6410	160	1458
6161	130	9580
24558	1	1396
22639	173	7611
9248	173	6026
6944	72	7004
2284	58	5656
25201	115	9018
1723	173	1535
6958	80	24110
4267	106	2949
21783	72	23405
7604	26	23429
152	133	24896
9094	115	9566
5491	115	7271
5823	153	24909
22846	174	2711
21745	80	7463
9313	146	719
7483	123	5401
432	174	668
3999	173	4900
25049	143	21693
2294	106	7128
22017	115	4061
2893	5	6869
2129	115	9764
7151	133	23677
4947	143	5034
3496	115	25461
23797	209	10317
1226	115	4857
652	173	10142
21400	206	9470
8609	62	4933
9516	62	4274
23258	115	22371
201	39	5145
3110	123	8605
21485	180	1
25494	204	618
23034	62	1773
7150	80	2566
9760	166	4382
23165	76	7463
1970	200	25298
21430	115	6035
2663	80	5094
8670	205	8187
10062	80	24163
7078	209	7703
9183	106	3367
1449	108	9412
1593	200	5997
4848	108	23747
9632	115	854
22332	80	9481
25494	204	6138
4367	115	7442
24469	58	7929
1688	206	2938
25127	123	4468
1920	115	4037
23347	115	6610
23684	205	5977
24402	115	3908
2342	130	8148
21369	133	21123
10137	204	24951
21916	80	22733
10094	204	24951
158	115	7254
2141	209	1549
8863	115	5264
3572	114	8853
3665	160	6769
240	103	24127
1590	177	2566
8536	193	7009
8401	26	1695
21016	62	2907
9659	115	9204
8477	55	98
9456	204	21968
9691	80	23397
25260	103	5606
8909	38	7044
2181	49	8535
4044	80	9665
23793	1	1070
3234	204	21189
22830	131	23819
23593	173	742
4726	123	9859
23145	133	21983
9920	72	4140
23931	115	7337
7573	115	24078
8060	108	4790
22326	80	89
5101	39	9103
3748	80	8435
22650	115	4465
9273	62	4644
4759	80	24491
24083	205	1453
24880	80	3009
7018	204	4329
24829	1	23264
3569	143	6767
24803	35	3068
4166	174	3571
9796	115	21343
2752	108	6687
1116	205	1308
3695	160	6769
23763	108	9412
2294	39	4
23624	147	21280
6702	115	25369
22159	58	10213
4861	115	3285
7719	72	1607
4100	202	4688
8328	95	8265
24455	160	22294
10399	209	9577
1609	90	1497
24039	93	6550
22963	205	8547
260	209	1880
2279	160	9100
2375	143	10483
2391	1	7867
21493	173	10
3607	133	830
22906	206	4436
25389	93	23992
6966	183	5560
997	26	9436
22870	72	22920
6764	123	5955
6876	115	24427
21020	205	5977
1339	123	3904
1420	131	21914
25486	143	5388
3787	51	9502
2308	115	10127
8474	143	21616
6946	204	466
7054	51	23070
6273	206	21921
1179	2	7191
23336	209	5069
2840	84	23671
8742	191	1628
22073	183	25454
8728	39	21915
25248	133	5669
23523	129	245
673	173	21661
21601	180	1813
4587	173	25372
21621	133	22749
5937	209	1549
4626	7	7783
5441	95	21970
4828	183	4828
5469	190	6079
22922	115	5026
5240	194	23264
1843	173	24744
1681	133	5669
6363	205	4915
3171	80	7900
3718	204	8252
4938	133	21455
24495	90	9297
7800	108	9412
3123	93	4777
9488	115	22584
2730	62	5122
940	115	23339
8448	183	9975
8938	206	25315
24368	115	5429
959	173	24524
8198	190	6079
1793	190	4741
4077	209	3825
4964	209	4468
21849	108	9412
8644	115	8548
24075	80	89
3279	133	6023
23690	80	9028
2073	1	1484
6617	123	25497
24274	95	24693
10079	62	5427
4287	183	8166
8575	143	21327
609	103	779
21129	204	10109
5096	123	25207
7918	206	1376
5962	5	367
5123	99	8449
8975	115	24773
2426	115	4623
6627	62	22285
25468	55	24071
8682	133	7838
23879	62	770
25212	204	1156
4301	209	24012
8602	35	4967
9564	160	23458
10324	205	8492
9323	209	4744
6418	123	8541
8785	80	1247
22523	62	784
4392	80	7349
10079	62	24673
9194	123	2827
22607	80	24998
1441	26	21224
23236	160	23458
23701	72	21130
400	39	9320
6796	62	5329
8353	80	4971
3371	160	23458
10365	174	21053
2397	204	8485
4092	108	743
3841	115	1826
21325	143	24824
1137	106	1085
22362	173	10154
24690	115	22824
6716	1	23776
7504	131	6848
22272	143	23471
23156	95	6697
1176	115	21824
2735	115	1071
22283	209	22086
22264	174	10237
5755	62	1449
1821	1	24591
8379	206	21295
6052	115	7526
23793	115	21479
4415	115	24513
24903	26	23628
3620	206	1461
10421	115	2200
24002	115	23871
5165	95	25180
6915	106	1746
6386	80	24491
4595	204	8252
2450	206	2992
7103	203	3420
23782	123	6629
23956	206	8008
21485	115	9147
1985	123	7845
14	209	1635
7656	115	24880
1923	123	5403
3767	115	9295
4594	80	6869
6823	80	5141
2391	123	7945
23021	133	9990
6965	210	10374
9808	160	9100
140	24	4790
7107	204	6760
6849	173	189
7766	123	1838
79	76	24163
134	26	5350
22315	62	5735
7068	72	563
22570	93	72
23521	206	4190
10434	115	8879
9269	174	9019
22700	17	21839
24086	174	24583
1601	115	24345
834	108	1971
9823	80	9623
2358	173	9525
7761	206	2567
21804	108	22579
5441	115	5422
2144	53	830
6535	210	7603
9384	180	25206
24741	190	7554
9462	80	23358
23344	143	23754
1178	106	21481
736	1	1070
2124	146	7650
4902	131	9423
9184	69	9045
1589	26	9436
1237	62	8563
2169	80	3992
3452	123	5950
8715	95	6625
6151	95	8265
9912	115	4708
23586	115	21217
4591	131	9423
6262	205	21979
3960	123	23058
22771	82	7619
10439	174	1093
24573	62	7105
10240	174	9840
6295	210	25126
6059	123	3904
6466	204	5175
23975	209	4050
23655	204	8252
3106	115	563
3253	143	8218
8465	80	2954
7053	148	21073
3249	206	23031
23871	80	4610
9499	123	9619
24093	133	23912
8144	62	3966
3923	173	2937
21771	143	22031
470	215	22768
22794	115	22638
22335	106	25463
24496	76	4790
22852	130	24583
2904	1	778
7579	206	7103
4737	209	10332
6734	115	23708
247	115	22651
6204	80	22733
23607	202	7900
8233	78	2080
23030	115	10068
22606	160	24239
7223	116	22819
4338	115	24152
4773	115	8156
7691	62	7838
3695	160	23458
9674	80	7176
4536	1	5856
3840	123	189
22215	210	4667
4522	80	6430
5011	194	21839
8812	206	22834
10240	183	3672
21348	1	1070
414	209	5401
6601	133	245
8736	115	5052
9930	80	1247
3008	80	6869
8272	115	7689
2688	123	8012
9943	108	24998
9432	115	3950
2531	206	23012
8380	206	25381
7662	115	10308
3249	80	355
8483	106	8100
6875	95	21970
4383	80	9028
6742	95	4144
3065	93	8125
6883	130	668
10443	115	10330
2827	38	5997
1666	215	5556
2071	115	4708
8365	160	24239
4964	123	989
6608	66	24845
656	108	9412
6326	173	9953
4934	133	6563
22975	190	3140
25420	209	23288
4808	80	69
6557	62	3404
2363	126	22029
4346	173	4009
5833	103	2247
2165	173	25145
8738	123	4385
6388	173	9067
974	204	1156
2688	143	23841
22633	115	8024
7086	115	4636
25256	80	7834
1355	1	508
7129	80	22116
1332	82	834
5261	115	8090
7312	1	7867
9282	115	8557
21897	24	69
7696	80	9665
10074	1	508
21969	143	4446
25155	115	23708
5536	108	4790
659	39	5528
1819	95	22225
6487	93	178
21769	22	3245
24974	206	6972
8298	130	2962
22796	115	7067
3410	209	23515
22080	204	7608
7957	133	7238
2936	204	618
7652	115	25170
2569	209	9067
22881	106	22907
22648	108	24998
23281	75	10233
8133	1	1070
8905	95	8512
228	210	23432
2203	35	1053
5181	108	23747
2493	108	9412
1541	115	6628
356	62	24515
4697	143	22678
22809	63	25270
22159	58	7680
22893	115	21669
23319	106	995
21166	219	23076
654	115	699
23177	106	21183
2205	173	22998
1321	209	7084
8601	206	24972
6935	183	8972
2679	133	8899
7062	95	23015
8561	180	6316
8064	193	3794
8535	187	2181
23244	115	10091
7460	131	24357
7620	51	24768
10094	174	23257
23936	26	23472
24191	106	7577
4017	206	21663
534	209	21731
528	62	23704
23976	177	22255
9	133	24540
924	115	6402
4877	123	23610
2955	115	23122
2042	58	9598
10073	173	9485
4416	95	3306
7925	173	23177
10005	209	6500
9785	204	22076
119	174	8659
5651	62	23846
4972	115	22280
25037	160	9603
22226	143	321
21762	95	2885
9899	204	8252
8505	80	69
5681	106	10161
3154	1	1070
866	204	7874
23340	143	9596
2356	62	24196
2538	62	5434
2800	58	9619
8670	115	10001
22903	115	7501
24469	5	1080
24140	215	22768
25418	115	2528
25449	115	4724
22580	123	5868
21988	94	4805
5461	93	2418
22307	158	24935
23012	72	9373
23898	173	9158
24605	80	24448
4712	39	9571
5328	80	2587
23529	115	5415
455	173	925
2676	173	22774
23841	183	22506
1199	80	24448
8039	146	25038
22767	1	1070
9695	62	25386
1473	206	739
5158	123	6629
2025	173	9897
24035	5	22733
614	206	24374
22667	115	4607
23172	209	24297
25451	130	23835
4990	80	2978
740	80	6023
25153	209	7003
23816	115	7724
25364	1	508
2240	1	508
2236	39	5178
24047	209	747
6272	160	23458
23499	62	7828
4992	103	21524
4850	209	5401
1839	39	7338
5409	93	1479
8537	174	23257
10029	80	4610
24436	115	9095
10436	123	1646
2777	14	23404
24046	209	4574
5696	206	983
7022	149	9830
24202	164	893
4964	115	5128
7389	206	24992
3432	115	24513
1974	133	24163
2110	206	24816
6171	93	6800
9920	80	6430
21521	133	6563
7167	173	2947
165	173	2967
1691	200	2826
23085	80	1515
7625	72	9395
8419	115	7964
9493	115	1301
3908	80	24998
23870	123	6705
4524	115	4154
7648	114	7040
3554	103	1201
24417	80	5041
8964	115	24435
21156	80	21123
22051	206	25205
23609	115	8753
3656	62	5135
8560	160	24778
2503	133	9481
1792	209	23610
6025	115	23479
8377	76	4790
24378	5	1053
23819	131	7843
7519	123	21250
8649	206	2996
5479	62	22087
23001	205	7460
2019	205	8314
23411	115	931
5776	115	3375
6509	187	22714
529	173	25058
21821	160	23458
407	173	23199
24481	80	7783
24623	80	24552
4348	123	22145
3190	108	23169
406	209	9668
23383	108	31
8807	95	3812
24896	207	585
5698	72	9918
22530	62	21268
3041	148	4702
21613	1	23407
8203	115	4791
23443	115	7462
8068	115	4181
3248	62	3984
9361	115	8024
5569	108	9412
9914	206	1633
24460	173	8123
5973	204	8252
5124	62	22430
3142	62	376
24153	131	8100
8963	173	9580
10042	115	25293
7446	160	6769
4341	53	6430
24220	115	3405
6203	206	22052
7367	80	7900
23952	210	3237
22487	204	24951
21850	115	25163
21431	108	9412
130	160	6769
8660	108	9412
21308	115	5920
3777	80	6869
3496	115	8746
4373	1	7867
25033	115	5976
2438	209	3573
1465	205	23477
24223	183	7429
8248	133	22469
22090	108	5063
4277	123	8902
24846	133	9334
4782	95	5494
7945	80	25103
5280	103	10025
3602	206	5100
21113	131	7002
5107	80	9481
24864	115	23507
24231	115	22651
2579	72	23819
23379	62	24529
2848	131	10047
566	173	21107
9737	123	9053
25462	38	2562
6437	123	2577
10191	92	9311
7066	95	24035
21556	35	10458
6168	62	21333
21118	173	22121
23984	95	855
5096	115	9552
6937	173	2901
6332	115	7548
174	108	8874
5824	123	22567
2351	114	7630
4407	115	24137
4492	62	6551
5960	115	21557
621	115	7025
2911	133	24491
2813	200	24310
24275	146	23092
22413	160	9100
8299	93	5287
21145	209	189
5828	130	2711
2752	108	8916
22598	95	8012
6277	160	6769
7883	115	4991
24244	95	30
211	62	8401
24214	115	25028
9138	133	24052
2535	174	35
3274	115	23746
2220	206	10161
1477	80	89
1919	190	7554
21309	130	25497
22600	87	21073
22521	206	8028
21712	53	9028
24906	173	6293
1152	160	23458
1680	215	25227
8382	115	21813
1836	191	23244
9711	204	8296
4527	160	9100
23659	183	10078
7063	205	8492
10077	62	6055
21543	80	9846
21907	115	23122
5099	106	2789
7806	205	22928
9905	80	21450
27	206	8531
10409	133	22424
25101	173	22167
6492	5	3795
23271	115	9153
7386	133	1247
8873	173	4678
24584	115	4807
22845	123	25177
24510	80	6869
1652	115	23405
1146	205	24678
4586	205	6072
7689	80	5669
8565	177	3245
1944	92	1881
10387	175	1225
25374	173	23288
868	173	9756
6139	173	8325
1142	115	22431
24664	62	23516
4334	62	22088
23643	123	22567
7747	133	2978
2568	115	10432
4697	173	25410
21496	115	649
9779	80	22116
6514	80	9990
6446	123	6021
2933	93	2118
9767	173	3137
998	183	5914
6729	205	23401
9246	131	846
3201	115	5734
4190	80	22601
21685	115	7790
23211	204	2927
22220	115	8778
6745	115	6842
3893	108	5063
9125	58	24517
1337	206	6030
23884	206	8723
7631	62	211
8813	115	5766
6130	42	23943
23639	38	4091
9871	115	21131
5062	146	1081
22784	133	7201
8218	183	3253
24907	115	8826
2337	62	8388
8112	209	8992
8015	1	23407
24586	123	24583
22685	173	4197
3310	1	8583
9802	76	8679
5276	115	4264
8799	133	6023
2007	72	5699
8210	200	22801
6473	133	9907
7666	204	3567
3838	173	23177
2240	123	5971
5879	160	9100
25240	80	7900
22078	123	5401
22793	133	23747
630	206	554
5004	115	5035
7895	95	9294
8698	62	3946
23635	143	23321
3070	115	21428
9239	115	22412
22897	209	1837
9518	123	23657
2454	115	4661
7205	115	7303
23475	80	7463
21710	149	69
22040	95	24830
4967	62	5575
4487	215	25227
5710	123	9859
1310	131	4392
24846	133	25103
1024	173	5703
2093	204	5175
2218	115	7515
636	206	8215
7118	174	22163
3916	209	23286
24874	80	2566
10276	62	3828
23949	62	24049
24161	115	6976
22466	62	9861
4263	123	1387
7449	205	10038
10367	173	747
24552	177	4790
3295	115	6706
7510	95	24422
9936	80	2566
137	130	6956
10123	173	25087
22847	55	24871
25246	80	1662
23352	160	6769
1801	115	6150
7513	1	7867
24607	115	10238
24154	115	23947
6938	115	9185
3430	206	22570
3229	205	8239
6600	106	1021
23635	143	904
22183	205	5201
8565	75	22092
1629	80	1448
24508	115	9018
22624	24	9623
5161	62	25299
21905	103	22294
21359	39	6058
6932	206	23548
21592	173	3704
1928	174	726
22108	108	9412
3014	204	8296
2344	93	9221
5243	123	1608
447	80	23308
22447	115	4267
4894	183	10363
22031	174	5921
23322	115	21789
25253	173	24905
3257	106	5596
6250	206	25320
6569	133	25226
21610	131	10010
21480	39	6058
6699	115	23317
23191	204	23070
6100	80	3944
3389	80	9801
23501	58	23638
8968	93	3493
1121	183	2994
1615	209	10435
6598	75	6598
9998	80	9503
5811	115	7784
620	180	4683
24567	82	3388
7251	115	23272
10365	210	24011
21258	160	1458
2145	62	6449
23467	206	10426
7122	115	5422
4505	173	747
6696	173	24145
8632	209	7742
3235	93	5396
23835	204	22256
7189	133	5669
2501	115	4902
8939	209	2758
2824	115	3300
3902	173	7035
6712	115	4847
24107	38	7
1921	154	21280
2825	131	4731
21161	130	10318
9345	62	4351
25155	173	22189
3970	206	22602
4247	108	7423
25266	153	2313
9780	123	21417
22585	143	3691
21211	115	4208
5519	115	2543
3128	80	21123
23631	80	9105
1156	18	2727
7872	101	8240
24469	58	2414
81	205	22928
551	130	9158
5649	72	221
10392	115	1556
7434	103	7414
6257	62	22435
3726	206	9722
5596	206	5286
8672	115	7790
6535	174	25497
21377	209	7003
22520	106	1840
25308	173	5245
1614	115	1301
8986	146	6743
21378	80	4829
4516	173	23866
21350	103	1470
1374	106	7845
21364	39	5593
21410	174	10213
6939	173	23188
2155	22	797
3893	108	6563
3572	47	22029
22128	123	4027
22291	38	22291
5149	191	52
2358	115	9598
24592	80	5669
7208	115	21504
4390	115	4976
3984	62	873
24105	130	25497
3736	133	2566
9271	108	9412
4914	106	22987
1733	160	9100
6123	206	24258
24660	115	24165
23844	203	1052
8590	160	1458
6708	115	21217
8985	108	6563
8674	115	24727
6520	1	7867
3704	58	9595
23360	151	4094
858	206	21213
8571	174	22801
22698	133	7305
622	62	21577
9166	90	3411
8721	115	25439
21607	67	69
9670	123	22997
547	146	22038
7293	62	5164
22027	210	22514
10123	1	1484
3408	173	22464
2674	115	8156
23228	62	8351
3749	173	22348
23483	123	7170
24386	78	859
1265	206	8995
22151	133	22424
23101	133	22749
7574	173	23188
23027	80	2895
23519	133	23134
3546	123	24766
2805	173	22557
3673	205	8492
4619	123	8057
1953	146	5495
24463	209	5994
21042	115	1276
8303	95	24422
4963	80	7632
10189	215	25227
8039	92	6824
6013	115	21033
23906	1	508
4175	106	23400
319	106	2903
3288	205	3804
883	209	4568
6879	42	23943
3936	115	3490
9203	123	22121
860	173	21072
791	1	5207
25411	206	6915
7542	115	25028
8846	115	956
5959	80	2566
1364	115	4397
22415	131	9120
23322	115	23798
9708	58	9619
9962	170	5606
6374	177	1515
22866	1	1070
7974	108	8809
5688	115	1375
24334	56	3471
9933	204	7874
9921	115	2855
885	183	21484
9685	209	21259
2884	115	21895
3433	80	10441
21078	133	6101
23668	1	22504
22344	62	24787
10029	72	3200
2421	204	3567
567	80	743
21708	115	4656
8324	209	7314
22113	1	1070
22892	62	6268
21175	80	24163
2205	173	8929
3745	210	24707
8890	206	22906
5091	80	4473
1769	95	23015
501	209	24935
5320	95	540
23676	115	24845
22498	93	10475
6751	180	25206
21872	173	6969
6966	173	9431
2701	133	6869
22034	115	3538
3379	173	2370
25218	38	21429
10194	80	5669
6734	115	4775
9239	182	7629
8511	80	6869
7117	115	2543
760	80	4552
4147	80	22472
21309	174	25497
118	154	6961
8832	115	3674
6608	66	23595
9869	173	1388
7122	95	4761
25489	131	8880
6025	115	23482
2768	1	508
9449	115	21217
23177	106	21283
22102	206	1867
10345	206	8628
23700	62	6684
345	123	5743
3219	212	23671
3141	123	1209
8960	174	25149
24436	95	3547
3273	173	10435
22537	131	1538
21503	80	68
3338	95	5656
6236	80	6430
23571	130	5997
24588	133	69
21165	93	9942
5984	25	8691
24769	183	22946
10165	206	8274
8694	103	21524
25485	115	9010
10377	115	4706
947	131	7031
21682	196	23284
21832	209	22584
21176	108	24536
9344	93	7064
7452	80	4790
9786	102	23922
999	190	6079
3473	204	3567
3187	209	1087
8552	62	453
2827	58	7
9198	115	23694
7817	95	3778
7311	160	1458
23275	130	23257
9634	133	23216
21205	180	4291
21399	146	3607
3597	204	5881
25238	115	6818
23562	115	3618
3999	130	5997
25287	123	8810
24911	116	4790
3160	80	6023
3036	183	228
21421	133	24448
22694	72	25011
2866	108	9412
505	80	8679
2012	82	23300
7017	72	22204
771	131	22169
4635	115	8361
9540	173	6840
24270	115	9161
23601	174	647
1818	115	21793
9001	123	21914
22697	106	3837
3585	133	22601
7185	115	25051
5237	206	2503
21725	80	6023
2146	200	23167
24146	103	5009
2088	209	4285
24970	115	3133
24617	80	6563
21748	90	24257
22120	133	8949
2858	62	1825
5590	80	6687
8316	123	10237
21426	67	3124
23668	173	9743
24787	62	6991
5114	206	22421
434	133	7012
9731	123	9336
2846	205	5996
2643	209	7592
24988	206	951
23089	130	4701
21918	123	7754
187	173	189
6199	183	24105
4220	131	23742
23988	209	1087
25004	123	7696
22236	131	25011
8833	115	3267
21782	62	21333
9715	166	6023
8526	115	24774
9350	5	2587
2541	173	6573
5199	131	22046
821	80	8874
1146	115	1510
4250	115	9964
24903	62	4804
7797	160	2382
25007	62	24010
22407	183	3368
6998	62	762
21397	160	6769
5832	115	22782
615	93	21768
10318	80	5669
5771	123	9775
2753	14	3908
5210	63	8071
21528	76	7349
1638	108	9412
23063	205	5201
3191	115	22611
1547	183	24817
4466	80	23747
4250	1	508
8032	209	747
4262	35	3957
22366	62	1069
7680	80	1244
7402	209	4742
24685	95	3499
8801	62	23895
23126	173	21107
2108	80	4001
25289	115	4882
24657	80	2566
23984	209	5572
1130	183	3854
25324	62	2647
3044	115	5769
3465	204	5869
6242	115	23746
21290	106	25028
8510	173	22189
5414	88	22497
6638	72	10098
7001	115	9448
7838	62	24498
22153	209	10117
618	18	5869
23904	115	23708
2274	133	21280
6078	123	7518
5414	108	9412
22695	90	25084
607	115	4793
22378	108	9412
23110	115	2621
9559	206	1840
21833	103	1960
8558	123	2335
10060	123	8621
8103	130	2711
23807	80	3796
1228	93	3765
24663	80	22621
1572	103	25105
1873	123	10088
9718	133	21772
233	146	23145
3310	115	21581
21012	209	3365
23184	106	22224
3597	204	6138
9659	115	9256
21020	1	1070
21589	106	21671
9898	93	930
6165	115	3426
4449	200	23475
8274	106	24375
22822	123	5401
7542	115	2022
4591	131	4902
3151	72	24517
10387	24	8679
9862	115	6254
21616	143	21969
6898	115	24900
3406	209	8777
3503	115	3883
21221	115	25369
22476	133	2566
4214	106	2976
4159	173	8845
22599	131	1561
9923	80	6869
1743	173	22348
24272	179	4092
10106	62	8982
8834	115	25023
700	204	8252
3517	123	24766
23688	183	23326
21332	80	743
1797	206	8890
9774	80	89
987	1	508
24334	102	1303
24002	180	7383
144	95	136
1668	123	7861
1734	115	5724
4291	80	2566
21356	39	21073
7512	115	23128
1179	80	9689
2167	115	24071
3526	101	232
22677	173	22464
6279	82	4043
21360	115	23209
6187	146	21751
661	123	3640
21277	206	5283
2378	200	21926
10469	123	3812
8714	93	85
4779	115	8156
6959	106	7057
25005	123	21250
1869	210	7598
6054	115	24773
22444	1	8694
23171	131	3825
21062	58	3107
1547	204	5071
8889	95	22803
5727	206	6123
6096	152	25498
25260	133	2594
6257	62	5635
3046	131	1310
8566	209	1635
4944	72	3925
24812	103	7339
25299	62	7320
8097	108	9412
6130	160	2382
22615	204	8485
25420	115	487
25062	62	458
22916	115	8627
4113	173	24303
4424	183	22852
22519	115	24774
3183	206	22477
2932	206	21340
9816	1	23407
23964	173	24863
21980	116	23773
24105	143	6199
3541	26	2645
4273	115	6601
4176	58	23804
5442	115	7287
3215	123	9580
8342	123	5546
5018	62	4321
2681	143	6672
6970	143	3701
23063	173	23035
23469	206	5192
6258	200	2920
6701	108	9412
23310	80	6525
9323	115	9147
8884	206	21722
5303	80	8093
361	115	24823
24365	1	778
4255	78	6008
10383	115	9462
3199	24	24998
3796	207	22666
721	179	23333
24898	115	2902
21632	174	21053
8548	80	1487
3835	183	21530
5441	123	7455
24684	173	7280
8334	205	8712
7817	115	21921
2667	133	24448
23258	115	6983
21503	80	6563
8734	131	2262
5175	75	9059
23170	80	23308
10461	115	1476
21652	173	23277
1400	143	9330
24507	209	24935
405	115	24165
4349	160	1814
4899	205	3804
1082	115	7004
24296	38	5984
725	62	22553
919	206	21000
9873	62	5635
22683	115	24626
21073	53	24163
23742	133	23037
23713	67	8874
7511	103	1403
6860	206	4214
10388	102	24328
6346	108	23747
8068	115	2327
6251	108	21395
9055	22	4160
803	130	9456
4534	39	9447
21369	133	10441
21359	190	6079
4282	160	23458
6488	80	22424
5873	72	6188
9894	174	21053
7700	115	4544
22026	206	3479
7265	80	8430
21630	62	23520
4762	1	508
9894	143	5369
6165	1	2810
9829	80	6227
3872	173	21625
10072	130	21495
6481	106	6506
6790	160	9100
597	123	23009
23551	62	3592
9973	183	22048
9056	174	9059
10103	115	879
1506	80	24163
10005	173	6500
24318	80	22733
1372	1	508
23415	174	21926
23511	103	3862
7807	200	23257
6354	62	24904
7345	115	23425
21045	209	5733
5360	160	6769
5886	115	23746
6583	115	7638
5036	209	24493
24653	115	24078
3983	62	23905
1291	205	24170
25390	106	10212
25089	205	5700
94	1	7867
22548	62	1721
21410	173	22159
8194	209	22955
6576	200	23167
25311	2	915
24709	115	9018
22466	62	6157
2182	80	2694
23523	85	245
8283	93	4941
5100	133	22749
5761	115	6646
23395	62	9757
4729	115	8816
5194	80	748
21747	108	9412
5803	115	10009
3358	133	8027
7920	209	24240
5953	160	9603
21149	62	23318
4701	204	10052
8644	115	9553
21467	39	3757
7001	95	10131
5111	115	23177
5610	24	6563
24160	115	24726
9204	80	5777
23334	39	2761
7503	123	4744
3026	174	24578
1863	123	6748
4860	133	5299
8040	115	25164
7549	130	2973
6957	115	22224
25001	103	23941
8114	62	10021
6908	173	10182
24767	95	7731
4813	1	778
4325	115	2022
22299	154	2514
9021	95	5136
2592	93	21023
24990	204	3974
10022	160	2382
1511	146	10191
9708	58	2901
4676	22	4676
8598	123	7886
230	115	5359
8550	115	5239
5892	62	21728
7	80	2566
1546	205	5762
21012	173	3365
8982	62	10106
23159	80	9228
8499	173	191
23720	35	21785
25075	106	6180
1420	80	6869
24740	1	7867
1582	133	24448
4205	115	9458
23474	173	2827
5488	38	6104
2373	206	1844
23733	200	9076
24107	38	8172
1133	82	21942
6511	62	24229
10232	1	1070
22325	173	23115
9889	80	21522
7549	183	9675
22524	62	7443
24221	80	1940
23524	115	21343
9435	133	23080
4644	108	9412
25253	123	24905
7299	115	1776
22604	1	508
8629	133	6869
24904	108	9412
9544	149	7116
21039	24	9412
5267	115	6518
8852	95	6104
3635	62	4679
8799	133	6563
22784	106	1141
138	80	9228
5551	115	306
2038	115	8292
9268	115	409
2938	206	7509
6207	80	3245
5933	80	23093
9957	115	9923
1953	133	6869
8025	62	23014
6666	62	770
7676	133	23216
348	179	24163
712	204	6138
7487	106	22870
21371	72	3498
7473	62	558
4796	1	6147
1413	143	1928
3409	62	2404
1185	206	24601
5809	123	25497
5124	62	24109
21026	1	1070
7385	115	23091
6494	106	1616
21547	108	9412
9243	62	2377
25126	123	8325
22721	173	21474
10037	95	23115
5072	115	9058
24260	108	9228
21415	131	2732
2868	133	6563
21944	62	7050
10494	209	8517
21320	115	25453
7198	143	8486
8807	123	9456
2200	76	5669
1801	115	24473
4450	209	6419
288	200	6956
9554	115	24764
375	205	23195
8436	131	6704
7489	80	6869
8134	131	8734
2006	183	7157
10390	62	5579
25365	80	9623
639	115	5426
9611	206	5718
25448	62	7831
290	106	10343
6166	183	5760
2803	93	5590
21149	108	9412
4084	206	109
4537	123	4142
2935	106	21677
22705	133	24448
2784	80	3245
9808	160	6769
5721	160	6214
4309	209	4655
997	62	7757
9348	115	4927
2234	146	2598
23896	95	2253
2771	103	9750
3451	31	8027
23762	114	7630
8240	17	2083
10074	115	22557
25420	108	21522
1441	108	9412
24342	210	7113
22155	180	6316
8661	209	8777
5731	95	5136
4285	80	22137
4796	95	1560
9947	115	8861
9882	80	2954
3885	115	25162
22872	123	6775
8453	160	9100
3429	131	21860
22957	95	24635
23862	62	24639
10054	115	7192
24402	115	24668
21958	22	1710
8864	115	8856
3155	115	25493
8445	205	979
3530	80	22733
3512	1	508
2331	190	6079
9429	95	146
24694	80	7463
2931	206	24972
21631	205	24745
6190	123	2335
248	95	4816
9655	115	23790
8346	206	5294
23266	205	22652
8021	160	23458
5338	123	6371
5755	62	7800
4503	1	1070
9995	102	23976
24431	173	23097
8428	115	2624
21300	174	8842
6144	204	5071
6091	95	5354
1756	1	5851
6258	70	3904
9824	143	25284
2359	133	4794
5820	5	6869
25327	206	24479
22181	80	2699
2437	123	5003
25413	62	303
7172	131	21415
4866	80	2566
6361	115	22584
22450	95	5354
7408	209	4096
6009	206	22656
9140	206	3876
22145	131	4767
7919	206	22033
2771	206	3962
10091	80	3345
23929	209	21447
10264	14	7422
2424	115	3527
478	63	24221
24575	62	8933
3941	206	4406
3173	52	1179
8342	204	10235
169	160	1458
10340	183	8537
25494	173	9019
8629	72	4920
434	24	24998
3412	133	9907
25433	133	6563
24752	108	9412
9025	173	8307
23669	173	22163
7616	177	21522
2179	72	2910
9328	1	778
24682	115	8220
21179	62	1656
7508	80	21965
7256	204	5175
8353	93	856
7438	123	21067
5544	108	9412
6685	143	3480
25310	22	2566
2641	106	6543
349	22	2566
10043	194	2870
1533	133	6430
22817	133	2566
397	5	22978
2845	194	2845
9716	115	5586
6128	108	7783
9885	115	9600
1960	133	5041
7184	1	10075
3200	58	2589
9526	80	22733
24068	1	1070
7586	115	409
868	123	7592
22602	93	7468
66	123	9775
5610	63	22624
6304	173	24815
6577	173	7744
5898	173	21716
10473	173	8929
4852	174	267
7877	143	23261
19	22	1710
6682	106	3176
3969	115	7544
9122	203	5896
7077	115	9095
4887	204	21553
8608	204	21189
2525	115	8063
5780	200	22801
4014	206	1528
5485	133	7307
5879	1	3359
22002	80	7048
9366	200	2826
2120	103	21103
7335	123	2018
23609	123	24866
2521	82	5159
8339	209	1549
25444	173	3086
539	1	9396
2290	115	8879
24366	115	4705
3664	80	6869
2068	173	24310
5051	206	21647
7921	205	7940
8222	126	7218
9316	80	22733
5135	62	23551
8028	106	184
7121	205	8547
9075	205	24678
6623	206	23263
3536	115	22015
4785	80	24896
5383	115	1678
9716	115	25128
6977	62	328
22460	103	24373
2537	115	25164
23939	160	22294
8633	123	6846
5636	80	24998
7299	115	1586
8032	115	1233
2177	1	1070
3770	93	46
7984	5	10453
737	106	25178
5959	80	22733
23430	62	4550
6891	115	21177
2484	204	8252
25451	183	3889
1537	115	4362
21414	80	22733
23423	133	23979
1723	173	3465
5507	53	23671
22571	204	8252
9374	206	4021
3673	115	4269
7593	173	7280
6378	115	25244
23324	72	8024
8821	204	6138
1875	95	4900
22340	115	4744
2914	95	5136
6041	209	23731
21311	26	8184
23502	115	9023
4189	115	10238
6349	115	21175
8576	95	10444
1618	80	6961
3951	115	23672
10274	115	1311
24983	209	5067
21971	115	23004
181	80	722
3567	165	7608
10134	206	24506
3295	95	146
23245	173	3640
2962	204	7874
10232	115	3120
1854	72	22312
23635	123	9845
24792	123	22159
7770	115	3883
6861	115	22638
402	115	25244
8662	106	8924
1113	115	8812
3630	115	6924
5752	209	4330
10443	115	2072
25490	115	1253
9310	80	22137
21023	103	2592
25427	204	7874
7583	115	10310
5979	206	22987
25338	62	23725
4958	133	8703
1621	93	6278
1957	80	2694
21194	115	23613
5209	115	6562
24180	38	10213
5086	131	24868
23208	115	4596
7621	160	9100
22845	115	22651
9026	133	5030
6396	95	2519
3951	95	5136
4173	133	6869
8040	209	6843
25327	106	8001
25341	205	532
22519	209	7334
4840	173	23390
2606	39	9715
21453	143	23766
10248	115	7337
3690	108	2694
21017	80	7116
6459	206	5144
22837	106	8883
6655	116	5308
23120	80	9623
1375	80	6869
3182	62	23439
22865	106	8139
5519	205	3804
7442	80	6668
1851	95	21199
24490	24	4805
3454	123	3606
4536	37	3327
6752	53	7349
24348	115	9668
24757	108	2694
22807	80	1515
7218	114	7008
23865	130	9619
2238	25	6606
5091	133	1244
8037	123	4426
42	206	2330
24391	95	10131
9364	39	2456
23359	205	22652
6064	183	1570
8474	174	25497
8386	209	22894
9844	115	21460
652	115	5382
22811	106	25172
7817	123	8858
6464	131	23377
8689	173	24539
9863	173	55
25244	80	797
21333	62	1656
9870	95	312
22586	1	1070
25269	115	8697
23384	133	2566
1445	80	24734
2755	209	8992
4681	62	1482
7872	131	2083
22714	31	22568
23505	62	25108
22606	160	9100
4762	158	21372
4566	204	8252
1679	133	23747
10183	143	4566
7070	180	24269
6647	1	23407
10426	103	3382
21870	80	7848
21130	80	2011
21121	115	22921
116	80	1247
22763	204	5912
3935	1	6147
6187	80	25484
3058	133	2566
1108	206	22697
21358	133	6869
1438	92	1953
24457	62	22538
320	1	1070
4303	92	3322
22828	123	22216
3149	80	5299
8427	123	1884
24220	115	2030
1109	95	9619
9089	62	9861
2846	115	1974
6903	80	4660
8180	39	5593
7601	123	7193
1389	80	8003
9065	115	4847
21310	1	23619
1895	206	10134
9675	204	21968
7019	209	8992
23782	115	378
2434	103	23225
6298	191	23930
3284	115	3490
7833	154	21772
1872	160	23458
22431	80	2566
4101	123	22481
194	115	8449
5998	174	191
9767	123	3137
730	206	5713
54	95	3445
21948	166	23059
22060	209	24527
8909	38	8804
22644	115	23802
9276	206	2220
6464	131	9510
1360	80	2728
5396	106	2476
4810	80	6563
2825	13	21704
23718	173	25275
4584	205	8005
9697	1	1070
409	206	21363
24975	80	22749
22087	62	762
21439	72	5724
526	80	9623
23141	123	9580
8620	183	783
21316	215	22768
2262	131	4057
7490	42	3830
3743	204	24951
25112	26	8184
22078	115	23708
10110	123	6571
23105	173	5703
24217	133	9503
6439	131	6143
6899	1	1070
2562	58	24616
1988	62	25215
8280	205	8914
9952	115	9153
22312	133	69
1606	115	8965
735	173	189
806	123	2475
5647	95	6046
861	143	6496
4461	130	5997
7162	183	5032
23629	35	10186
2258	206	25241
8525	39	2009
24348	115	6753
8291	62	22553
23380	183	8571
6830	209	21625
10051	80	24163
814	80	21395
2632	115	3792
24057	206	10462
23933	115	6900
3769	1	508
1174	115	6633
7969	80	7463
3863	62	4723
1558	1	1016
22559	205	8314
9440	80	7201
22099	123	7754
5608	80	22733
2137	108	9412
23137	160	23458
8735	115	4775
1491	72	5705
7953	133	9412
4229	1	1070
4134	123	22725
2819	115	24562
22538	108	9412
2473	95	8775
21716	191	6116
2871	115	8156
24779	204	24951
8375	115	4417
1020	93	10456
79	39	6058
3673	115	1129
8966	115	23708
21945	1	23776
2766	80	23608
4664	62	6651
23965	173	5607
3942	205	5977
25338	62	24725
22039	1	23619
7322	209	22354
8281	133	5943
22489	62	25306
25307	80	6869
8686	93	23038
6224	14	24830
7626	108	6563
21104	115	24989
6272	215	23922
7065	205	7973
6736	115	23404
21934	204	3567
3207	133	1075
23681	205	21989
75	152	6563
23574	209	6629
25332	173	2410
2355	108	7632
2865	1	7867
3870	143	7347
8977	209	5455
4683	206	7269
1030	143	3193
23422	173	21817
4322	133	1078
10192	115	2848
22534	115	25028
10342	206	8454
25241	206	6574
9325	58	23131
21872	123	3097
24577	115	8090
1891	80	6023
24199	133	25167
4973	191	25082
2712	147	460
1998	133	2587
21784	130	2490
22684	204	22743
24209	108	9412
5248	80	7201
8298	143	2586
2590	1	1070
7862	143	2235
24934	80	4790
9554	95	8265
21956	38	70
25183	177	9665
24904	62	5459
6028	80	22733
22117	80	5141
21992	205	24678
786	80	2566
6914	133	24491
21405	130	5997
6886	115	4544
6789	200	2711
4404	103	21313
3250	123	21598
5358	210	10229
1160	64	21892
24641	115	9681
7817	1	1070
25208	115	9364
3524	115	9566
3837	106	22697
6040	131	3776
24878	115	786
9426	174	23257
22526	95	22979
9108	95	9580
30	5	21280
2630	108	7783
2439	26	9633
330	1	7867
5714	115	21871
3900	209	8747
10080	149	25226
21739	102	9000
10354	173	2117
966	1	508
3921	123	8992
1592	115	3675
24040	173	24637
528	62	10329
24713	115	24756
23714	62	1874
4600	108	2694
25261	173	9356
7715	62	3979
7199	206	24938
21208	38	25497
9780	115	25210
5191	123	22013
21217	80	24163
25494	173	3349
21875	209	5750
22925	183	6570
22146	173	25073
23609	205	21868
1482	62	1671
7201	189	8853
1284	62	8609
5098	80	6563
1166	173	484
1821	123	24815
9640	94	197
3775	173	8687
4536	184	3327
2512	115	3316
8522	72	22675
23878	114	21432
21922	123	9391
7210	115	4264
25230	173	164
9351	106	2118
6727	95	855
21361	80	21077
3053	200	5997
3060	108	743
1972	80	24803
24853	173	22575
3492	133	22472
6465	62	9345
4856	106	22498
21094	115	6997
9112	160	6769
21069	123	9391
4363	115	3029
813	115	9960
22885	170	22382
24027	115	23376
10090	210	1054
5064	115	9453
4848	115	4848
23051	115	5103
606	115	4385
2083	131	7872
7072	183	25176
23400	206	3805
25016	160	22294
21315	173	1112
10414	205	21575
23933	115	4645
23260	108	9412
9101	130	8293
1875	209	21939
24288	80	9228
24255	62	8563
3480	130	6275
3007	115	1276
9514	115	7004
9800	106	2933
22734	209	23286
22384	1	2090
6262	115	25150
3660	183	10084
21461	24	2224
2292	76	7349
1963	39	163
25494	174	9019
23396	206	23695
22307	115	3287
5965	123	1549
3695	102	515
21924	173	1943
21873	72	5895
4386	80	23308
7868	123	3216
7811	123	23735
6704	106	22074
7187	115	117
23726	173	4218
7951	103	22102
21068	80	22733
1974	80	9105
6353	62	9146
1018	62	24925
7270	115	5214
21044	39	7338
9097	123	189
22653	58	23257
21468	173	8974
1793	190	6079
22285	26	23118
24182	39	1225
4364	115	21824
22843	80	6869
8170	115	22935
9920	72	3810
125	24	23747
3951	123	6419
22844	160	6214
5317	173	7577
4359	180	25040
22067	133	9481
4230	146	24275
9838	115	25051
9341	50	528
5091	80	6785
881	174	22801
1696	115	8713
1923	1	508
7283	204	21137
1048	1	7867
3951	180	2289
4631	93	2926
6309	133	9481
23081	206	10008
9025	95	22225
3224	204	8252
4689	62	3441
3391	95	3263
7163	115	9729
24724	115	6904
25282	115	5794
3191	123	7170
25168	133	653
5345	66	4151
2898	80	6869
4806	102	24778
22445	1	1070
6237	1	1070
23538	80	2566
21245	39	1225
1395	160	1458
22654	131	2062
1118	206	2731
7353	1	24007
2368	115	975
3898	204	5869
1666	160	6769
2756	130	9754
4587	1	23776
3862	133	2224
24740	95	10108
8273	200	8293
350	115	25439
3032	80	2694
1788	1	1070
24411	62	23879
8406	205	5781
6860	206	2976
21272	80	9849
8550	115	9377
6807	130	2711
9554	115	358
614	133	2224
24335	133	9071
6043	115	8965
21828	1	23264
23815	115	22151
8940	80	9650
21582	108	9412
3551	133	7012
4380	80	23169
704	206	9422
5172	5	2566
5083	115	1233
21571	93	10025
6273	206	4655
5759	115	4317
3400	115	5415
9447	166	2566
601	160	24778
2765	1	23264
7588	1	508
5408	149	23608
22409	209	24553
9019	58	25392
22553	62	22933
7189	131	8074
2547	143	23142
2579	72	7843
9411	215	23922
22483	160	6769
5155	115	3649
3385	205	5977
22476	191	6002
2787	95	4094
23675	123	6865
5555	115	23708
919	80	3938
24750	131	6061
6129	115	4181
22551	205	24719
850	131	3278
10476	130	22653
21376	133	7783
4151	80	1136
23675	115	5797
7460	131	1679
8382	115	2665
22241	115	3548
406	209	22208
6813	173	5067
930	170	22102
8501	39	2761
8839	80	9665
10401	180	4683
9257	123	416
10399	95	22886
2835	206	23251
7258	115	4991
897	39	9320
22260	209	8992
24054	204	6138
22061	39	25466
9468	80	22733
2969	160	1458
25111	62	23895
9810	108	22819
25101	123	1387
5286	106	22760
965	160	2419
4927	39	4563
4364	1	1070
5515	173	25410
22533	115	4775
10180	123	9107
3031	123	22567
4935	200	23167
277	133	1244
21967	168	8430
24409	1	23264
8471	209	9937
5910	123	372
4851	115	25159
25282	115	2022
7602	103	2007
9884	115	24078
24080	130	5290
9350	149	22137
6429	80	8003
10378	62	25081
3998	209	4655
3248	62	1284
21017	206	100
3712	209	4680
1273	123	7170
744	93	5244
5688	115	5586
10451	209	23286
4893	123	10237
1395	160	6769
10138	115	21217
10428	209	1936
298	115	7689
8938	80	2566
22839	106	24242
5191	115	3674
25418	123	319
8591	204	21189
3610	206	9381
2919	174	25298
8096	80	23308
22393	209	25145
2174	1	508
21156	146	1081
23136	102	6769
21564	123	9619
10466	115	3113
4857	206	5572
6952	115	22431
5916	206	24362
696	173	25151
4402	174	8665
1026	80	23875
4558	183	7233
2239	209	189
4100	7	69
7797	160	24778
6688	181	6622
3729	80	4790
4553	95	8265
23733	183	3608
25183	115	8044
10372	62	2854
21194	209	2304
322	95	5628
5252	197	25165
4066	62	6832
9275	160	23458
5998	143	592
6019	209	7990
9724	115	21445
3540	106	8128
1223	62	23067
10455	108	9412
23738	39	222
4801	115	3272
1322	115	5362
10210	93	7524
3829	209	2117
6945	131	9060
4733	210	3053
5600	115	2785
6973	173	24134
1298	115	8292
3052	95	30
23266	209	747
25385	13	5011
24429	93	9451
9261	7	9045
1655	115	21504
6218	108	9412
4867	80	1247
3154	115	5913
4656	80	2566
23442	123	22239
4212	123	2327
6677	115	23404
9902	115	10406
8476	130	2920
8947	62	4918
7447	173	747
1473	206	22047
8360	206	10194
4738	133	8703
2162	115	8169
3114	115	25228
22561	123	7084
9269	130	9019
693	106	21206
4875	80	2566
25400	183	7219
22414	133	21796
2029	123	22695
471	115	3590
3979	62	2730
9351	133	22601
22539	209	23409
5225	1	1070
21321	206	4112
9983	131	2028
3474	204	5071
2348	183	817
5386	62	22219
1733	160	23458
25220	173	8992
2010	115	4019
9201	103	4052
2450	80	9907
5247	209	23598
1593	204	24951
21885	115	9054
4886	206	23935
1291	209	4050
8707	115	24773
1529	130	10318
7465	123	7455
21833	80	5041
2669	115	9520
25108	62	441
25234	39	4702
23708	131	1301
23095	123	2089
21743	93	9559
22338	115	5482
2759	205	7940
9851	133	4790
24262	103	8049
10060	95	10108
21817	80	8703
4041	108	4805
24892	72	24873
2795	115	21999
22757	62	22467
1987	62	6055
6378	115	23985
4121	123	1209
436	103	21719
6135	115	7470
2127	206	4903
9249	80	6869
25326	174	23257
10092	1	1070
3816	173	25092
24396	115	5734
1517	173	5703
22726	180	24595
4370	133	2566
923	123	8810
21782	26	6113
6350	115	6893
767	123	1209
7181	115	1857
6856	39	4717
21832	123	23617
9128	57	3478
2005	63	8138
25348	133	6430
1159	115	25164
3037	183	23795
23427	34	10479
5106	108	9412
78	209	5248
7213	12	7747
21206	206	7344
4014	106	25018
5119	115	9690
9161	204	3567
3131	95	5136
23263	106	3249
6937	174	25392
5565	93	5918
22516	62	9516
21062	38	4658
2656	115	1276
21064	130	4701
22938	26	1695
9862	177	6869
1099	39	5327
24348	115	22405
8165	209	21226
10419	204	8296
24229	26	6384
4228	160	9100
6914	133	24448
4043	80	5669
4167	103	3367
6246	200	22163
6674	177	8718
4218	204	7054
5280	149	4790
1045	62	23311
9638	173	3349
623	112	5074
8662	80	1485
602	106	24001
2736	115	21302
8542	130	5172
6060	95	5136
5886	115	4999
7839	126	7218
10296	206	22838
350	173	4488
4601	95	5081
22160	115	24265
7701	115	5103
23808	80	6688
23768	80	25484
5356	183	1669
6694	92	747
24173	206	22505
5970	108	5887
1055	115	426
9984	133	6563
25485	209	8057
1299	80	6869
25216	173	21208
9855	93	23634
2020	39	1052
21754	67	5063
8467	204	6760
22919	170	4686
3982	115	24265
7071	160	1458
1869	143	9443
23423	80	23979
10132	173	747
24299	62	21547
22857	160	9100
9878	179	22064
9476	72	450
7306	123	3897
23821	115	5708
5803	1	7867
24249	80	2566
590	123	1059
23366	95	6693
4424	204	3567
1503	80	9071
5437	95	5354
2600	108	4790
4832	80	8899
25003	209	9067
5497	130	5172
22197	123	7845
1560	80	24163
780	76	6869
10036	58	5984
1765	133	9875
7214	115	1771
7642	115	9538
10095	115	6451
4000	133	6023
774	190	4741
22543	80	6869
564	173	372
5879	160	24239
3412	80	5774
23867	123	22997
22270	63	24055
23863	115	9785
9756	39	2456
4211	115	25023
8678	1	1070
21942	72	6325
21384	173	8959
5874	103	5493
10379	173	4571
22286	210	6789
5931	160	21192
7696	80	7463
1045	62	8211
7423	150	3095
5741	206	10317
3125	88	22497
23306	123	6219
7366	173	6208
8704	131	21572
3277	187	24760
363	143	3480
5471	108	743
5244	133	23979
22954	115	2294
9545	62	5651
22552	115	21142
24246	177	22095
25112	108	9412
21181	206	25189
4412	115	5827
9900	133	2566
25327	93	24479
6167	180	24595
3535	174	4571
7952	115	5176
527	1	6421
5944	80	3992
21874	123	3349
3808	115	8699
10031	115	1736
22776	133	9887
24984	108	3972
9862	29	22437
24831	95	7731
8991	115	6273
4720	173	22189
1561	131	22599
7404	115	7803
1119	133	1937
22606	160	6769
10270	62	21741
8556	1	1396
5444	193	22365
3637	115	8116
22264	210	5182
3417	205	8005
22029	80	6961
23783	173	2255
4752	115	5724
7853	62	8140
8913	209	2467
23422	209	2329
319	106	10162
9277	80	5063
22594	173	7410
8291	62	7443
7681	95	24693
25108	62	21179
1935	62	1651
7706	206	24716
5491	1	7867
3965	203	9066
1105	123	1884
246	80	23747
10311	204	21553
4877	115	2243
7721	24	6563
25288	160	9100
6325	82	85
5950	106	912
513	209	6536
8692	106	6472
1846	62	7473
6959	106	7037
4047	78	24193
4341	166	1893
8973	7	6687
4289	183	5972
924	209	4276
22320	115	482
25449	1	508
8724	206	7547
8427	174	2962
8813	209	23598
21313	103	9285
23110	173	2431
22390	80	9223
5560	173	9431
2693	177	21522
58	162	2181
8251	115	16
21529	106	2679
2825	131	2106
25403	115	5214
594	115	9592
8399	115	1586
8782	206	2667
1388	39	21073
5360	160	23458
24885	123	3137
23141	174	9580
5862	133	23169
25022	206	21889
25464	95	24635
726	58	6275
23180	38	2826
10146	115	10207
22211	115	22658
1632	51	21073
24826	66	7266
2494	130	2238
376	62	21345
2837	123	5971
4889	209	24286
8323	106	2418
3570	133	6563
25100	72	2584
22660	143	2928
7197	205	7940
24758	191	3464
24201	173	21817
9141	115	10429
24282	108	9412
10052	177	2566
9673	95	9673
6844	80	24552
8948	102	9402
21053	58	9595
7038	130	24442
2247	133	2224
25001	80	4790
7928	80	6869
9033	125	5582
6986	205	1453
4123	115	25309
22000	173	2697
7613	174	5290
10403	80	1247
23816	173	1278
5963	173	6275
953	173	6275
6892	115	2995
5550	206	9451
3406	115	4708
23915	206	2229
23664	183	8528
22130	38	9019
21949	72	1461
8318	115	1102
8894	24	4790
25031	173	10111
3915	115	24774
24789	115	7381
7852	204	7852
7601	115	8692
180	130	22942
22988	173	3917
4904	115	2489
4639	26	6113
5875	115	3029
22236	206	22694
813	115	5176
6411	133	22568
2939	115	6017
1201	103	21664
8228	133	7349
2106	17	23736
3235	206	2476
4952	115	22611
7514	183	24882
7066	115	25301
1808	173	372
6460	115	1073
23798	72	7790
25081	62	10378
22024	115	5239
3992	35	1068
8166	13	24399
24478	206	5294
8586	123	632
1890	133	8906
10323	173	7852
21350	39	6058
7172	131	2998
9319	115	5365
3482	209	7170
22214	123	319
8003	150	6961
23603	173	9539
10074	115	8195
1555	115	9450
8941	93	24985
9857	190	3140
6102	206	7075
2566	35	22733
2561	106	5418
2411	183	23666
5120	115	22651
5081	80	8003
5065	130	5921
9405	115	22020
24031	123	7861
744	93	23423
21000	80	7211
5033	209	24637
7170	90	1106
8290	106	4694
24126	205	8005
6313	133	2566
7051	115	4775
1743	158	7090
9975	174	22984
7674	115	23985
7073	80	2566
3075	106	22560
9226	95	6625
1774	173	7972
4406	206	21891
6116	123	9597
3568	80	9045
10220	123	22653
216	115	5060
23930	72	10206
9969	115	21127
1540	160	6769
1775	200	6275
23060	115	5986
21409	173	4769
10361	62	9271
2839	133	24491
3923	209	22998
1654	190	6079
24633	206	21670
9776	63	21421
24702	209	747
24196	62	8236
24498	62	23788
23388	103	6454
10434	115	249
21831	115	24773
6459	206	4526
6326	95	24764
944	115	22788
8653	206	9942
4739	133	2566
7800	62	10276
6863	115	23721
3116	115	3285
4863	206	21312
10255	115	23708
7840	115	24078
3397	164	257
21924	205	5925
21362	205	5977
4649	62	7605
3188	115	21097
243	204	8485
4788	62	5329
25329	123	1387
3147	115	21895
1100	209	23094
1634	115	4060
221	131	801
6064	123	9059
907	115	9279
5662	80	21123
6892	115	5920
1874	108	24520
8015	209	10258
10392	123	6865
21866	210	4749
666	143	6406
9947	1	1484
4361	115	6408
24405	115	21871
5826	93	8998
5602	5	7201
501	123	1209
23744	80	1136
22638	80	2630
2656	115	4384
872	115	4822
8109	80	2566
762	62	3182
7822	80	25354
22036	173	4466
10014	160	24239
4971	178	2313
23686	115	2848
2106	131	2825
4222	133	6023
7814	72	10382
5729	209	24344
21879	115	1776
3763	143	9911
1166	95	10131
23512	1	6421
24285	1	5856
10191	146	22038
2019	115	21090
9665	35	7463
555	115	9592
5374	115	4037
5143	80	23216
25318	173	1009
21517	173	2769
2551	160	9603
21747	62	3404
4321	62	770
24471	13	5011
285	62	10450
813	95	22225
9207	39	1091
7637	115	24773
4238	95	9294
761	149	25226
7292	115	9533
8019	183	24011
9378	80	24448
7149	123	10447
6790	160	24239
9854	22	9412
24402	1	1070
8730	95	8912
1437	150	3245
9405	115	21209
9444	173	22817
6495	209	22086
498	116	1247
6859	102	7620
2164	143	2860
21929	108	9412
297	115	4775
3059	133	24491
8155	143	7384
2577	80	22879
23782	115	3171
21652	173	8984
9451	80	23216
6183	115	21365
23250	206	9624
24781	204	8252
25271	115	24155
24875	1	23264
23472	35	23936
22631	115	21415
22899	115	2135
8781	1	508
4401	115	2902
7395	190	3827
1389	80	1422
21605	133	2566
3141	95	24635
25499	206	2143
5836	95	6817
6187	92	3356
8267	206	1599
23564	80	5030
3713	72	1086
4258	1	1070
7726	206	5738
21069	123	5620
3924	205	3804
21266	205	8502
8418	115	3675
4913	206	25483
2322	123	5028
3045	190	23622
21474	58	5216
22703	180	5945
23332	115	22374
3448	115	22020
1398	130	10283
21484	174	24578
2671	106	23991
3080	209	9081
24097	115	4061
6749	108	743
2077	149	830
23409	133	6869
21005	123	9050
21339	115	9054
4248	123	25443
22756	80	3914
7670	115	9923
4738	80	8703
45	143	22571
6088	80	7463
1777	173	4568
1425	95	855
5682	95	7731
6277	160	23458
9810	133	24901
1043	146	1881
21299	209	3606
9209	205	7940
6203	80	24448
24601	133	9412
5903	115	25051
23695	206	7155
7418	204	24951
7946	180	21951
6466	143	9927
6703	108	2694
23019	115	24322
6444	1	6421
22196	115	23817
25124	153	4790
2363	80	6961
3205	149	748
6898	115	25452
24970	209	21447
419	13	21704
8879	80	9887
25067	66	1329
7705	143	1383
10485	80	6869
6479	173	925
21037	209	10212
3185	80	23554
3754	108	9846
1443	206	7250
4018	106	23913
3144	173	2410
5117	80	9105
4933	62	4307
5903	205	1609
22413	160	6769
23299	1	7867
8871	123	5522
8981	130	2920
9518	209	2304
8929	80	2566
8034	35	5829
3496	205	8314
228	130	24578
5334	209	22955
4442	173	10283
9718	133	674
6527	62	7604
7457	115	469
25198	103	5205
22421	93	7942
7882	115	21871
8247	133	8809
4126	115	1301
2937	80	3944
8377	80	8070
25485	123	8057
5451	62	21944
21604	115	659
2527	180	23833
4034	80	4778
24612	180	8461
3291	26	23429
7904	133	5246
458	108	9412
7623	72	3869
6265	80	6869
4394	80	23216
2882	115	7254
24223	174	22291
22241	115	8024
2547	174	2920
10033	80	9623
2869	173	10454
139	115	9853
1560	38	3812
24136	108	8679
7825	131	23316
6463	115	1255
3218	62	3291
8834	123	5295
23485	116	9412
24944	173	24156
10009	92	2124
8917	106	22905
9272	133	22749
8551	51	23281
10048	149	9849
86	62	23646
8206	80	7783
21718	80	2566
6858	80	6869
594	115	1369
24847	131	2034
2793	173	8687
22016	39	9715
5314	80	4610
5614	206	7623
22742	106	877
24488	115	21217
3561	173	21429
6023	108	6563
8667	160	23458
9545	62	2811
22820	115	426
2733	123	353
1692	1	508
24338	115	24870
2915	80	22296
25211	80	8899
1737	123	22567
9930	206	22067
8990	130	8293
1726	1	778
10472	115	9996
6246	143	8381
3455	106	23140
25448	62	7914
10400	1	23264
10270	26	5350
25392	5	22296
6372	25	21142
3258	115	2243
21545	115	10238
182	123	3682
4691	93	4866
7509	206	23987
23497	123	4426
809	115	5623
4280	115	23053
22126	95	457
8300	191	7900
3991	123	22121
7346	123	9076
9828	115	9566
4577	1	7867
22392	115	4708
4124	108	4790
3301	215	23922
23431	173	7571
21500	123	5974
23417	108	9412
9772	204	23070
23800	76	6869
23891	200	5997
2571	160	6769
7137	115	2022
23052	206	8075
3353	62	6055
319	80	7900
8168	80	10202
1275	95	10131
473	131	1898
916	206	4856
21904	160	9100
2484	70	8325
21595	80	1485
8633	115	10238
7580	80	4790
1767	206	2926
8255	123	22567
3880	123	2193
9247	143	21489
6774	133	1078
3037	123	4218
24049	62	6796
23641	80	9541
6780	205	23477
21127	206	2934
3651	115	9060
22985	108	9412
2790	206	6030
8830	149	5849
22157	173	8938
4404	80	22469
24712	1	508
5837	115	6893
4866	106	5649
9992	115	1536
7561	62	24752
25229	115	1331
3085	62	23883
21781	106	9142
6820	123	8238
5036	123	24493
6854	123	1209
24149	115	22839
10431	123	5401
10204	206	22053
1193	108	23747
8542	173	4571
9203	115	22084
23094	80	9623
10033	116	7783
9130	115	6033
2120	206	22717
3007	115	3366
22305	115	9636
23411	115	23712
21368	130	8538
10284	108	8809
7960	154	6023
7601	115	22995
2446	203	4563
24663	80	24552
3211	123	22952
6581	115	22582
9124	187	7399
25392	38	4130
3362	115	23744
4231	22	2566
8859	115	7749
21874	173	3349
6360	123	5950
7858	80	622
1978	115	21479
3568	206	10225
1256	212	23671
1666	102	5556
8432	205	24719
25406	62	275
21095	115	2294
5635	62	24051
21405	210	10247
4434	173	2624
23299	115	7947
22711	62	4351
24657	76	22137
22937	115	2778
5064	115	943
8799	39	9715
23522	115	8139
803	174	9456
24264	173	10237
6237	115	6414
4452	115	1957
24004	205	301
9398	72	7285
2896	214	1921
9355	183	23656
1576	106	8116
3660	204	24951
831	210	10363
9466	108	9412
3402	215	25227
3156	180	1635
25380	62	24664
8134	131	2262
7146	115	23122
24170	24	5030
25147	1	1070
1013	206	21755
23814	123	9937
4770	206	3207
9438	115	22224
8463	173	24589
22106	80	2566
5223	131	6221
9203	115	1463
1293	173	124
599	115	7769
24184	80	7900
21323	209	7990
5936	133	24448
4861	180	24595
4108	206	23289
23475	38	9158
5953	160	24778
914	123	4701
771	131	52
4	166	2566
22642	206	23255
21420	115	21706
24363	62	25053
22355	123	5213
25295	115	23004
717	62	1482
8997	1	8583
23135	22	2566
9742	173	4589
23202	133	8874
3884	80	24491
596	174	25497
7191	2	1179
23159	80	23677
457	72	22127
142	205	5968
9101	123	9059
23931	209	3206
1255	80	7783
8789	115	8063
7224	209	1952
881	173	24564
21979	80	8906
9365	173	24973
22965	80	2566
23448	204	2430
6385	1	508
23406	123	8687
9583	204	8508
3918	92	24275
9693	80	3095
4687	204	5071
6330	183	6905
1461	72	3620
5383	173	1952
9839	62	5544
23840	80	24998
5979	72	2343
4505	115	747
606	1	508
1170	173	2670
3605	62	7050
6135	1	1070
5186	80	2566
4689	62	23096
2485	123	24247
7330	115	23461
24623	133	22621
4364	115	22462
1667	102	23922
2614	82	8090
6578	115	9364
138	80	7211
24759	115	4533
8201	206	24541
6609	173	21132
5776	205	7460
7313	115	8739
22183	115	23506
7263	173	24125
22307	209	24553
6664	123	22583
1467	206	1218
2591	173	4056
43	123	3904
8655	62	969
8744	115	6280
8487	204	2727
4727	131	10420
10123	173	6440
6285	133	22960
9238	62	22111
21710	106	6422
23910	149	4790
3278	131	21610
21503	206	4214
6311	115	4478
6588	62	22530
9063	62	3142
5211	183	23275
6226	173	8984
4254	183	7598
3416	106	6313
24347	62	24851
23983	115	5725
5329	62	1689
2899	108	9412
1836	191	5301
8334	209	6532
1451	115	22004
3158	115	25162
10303	103	9235
1719	209	3363
666	173	2089
22746	62	5333
4407	115	25452
24371	123	8902
6421	177	2566
22772	115	1360
7154	62	10228
10453	35	3956
22829	206	21058
6356	209	1549
21268	62	25119
4004	133	1651
2504	115	4624
24916	95	23015
2132	115	22363
661	174	3640
21412	206	5979
379	160	6214
23198	80	9907
3933	115	24289
6910	215	8031
22061	39	5273
23550	103	3719
22757	62	25108
6811	80	1487
4076	204	3974
5934	26	23429
1287	1	23264
3002	174	24930
21877	115	1892
10248	115	6944
3968	39	9715
3271	143	5250
1355	115	5586
1814	93	21192
2956	205	5201
21877	1	7867
2262	131	23847
3382	103	4470
3118	123	874
21660	209	9227
3173	149	7275
365	1	7867
1531	106	2891
23518	62	9687
4927	80	6869
24907	123	2335
9099	215	25227
23299	115	4264
21898	24	69
5302	189	7454
25363	72	4973
23244	1	1396
23275	210	23186
4224	115	21097
8269	115	9295
6193	191	6756
8040	205	7333
592	173	191
24412	108	8759
24911	80	25273
1507	133	9990
4068	62	10228
22792	123	5750
1910	115	6680
3018	115	9690
1959	62	3700
2165	95	3263
5638	133	4790
1338	24	4790
9909	80	2516
707	123	867
7622	106	23693
6805	206	22065
6488	206	21023
10414	123	21250
1150	80	22749
23252	115	7254
8586	1	6147
6711	72	477
23103	123	319
1414	133	3938
23938	29	6645
5228	80	21123
7527	123	867
24898	115	4038
10362	1	23264
8799	80	8478
21766	130	2711
23059	189	7454
5281	190	6079
5872	1	7867
8458	115	8146
5228	206	21647
4630	131	23217
5607	80	2587
23481	106	1943
6799	173	22813
7644	14	8557
5692	204	3974
2772	205	24745
8012	80	2566
23307	210	869
6829	95	312
21179	26	7357
3441	62	23897
24572	131	6903
24569	80	23308
22685	180	22180
6419	106	2857
5471	35	8329
1672	114	22299
4766	108	9907
6803	80	4790
2075	173	8818
4567	123	2158
21690	149	22601
2211	160	23458
24653	180	10359
4109	174	2920
6811	133	5669
1456	95	777
5145	166	797
4366	173	25086
25392	80	7463
4482	206	7057
5348	131	21934
3932	173	4571
7395	190	6079
7081	160	22294
7044	25	8909
7501	80	2566
24302	160	1458
21580	180	7269
4604	62	1648
21078	93	8420
5169	115	4005
25416	173	24125
2582	115	21142
2551	160	1458
615	106	21925
3122	183	8486
21088	191	4212
1043	146	6930
3074	115	22104
21875	123	5750
7059	173	9852
6045	115	4775
8355	115	249
2866	62	22985
8469	209	2920
5367	173	1009
8486	204	466
3555	206	22047
393	115	24962
4627	55	2471
4166	174	4571
2586	174	2962
4231	130	1681
9488	123	6493
125	80	1247
3920	177	9907
23387	180	9283
9055	22	1437
5618	95	777
2360	92	24500
6887	95	7718
2019	173	1388
22801	5	6430
24954	143	4331
9843	209	867
9213	115	4139
2075	209	22086
788	115	8337
3211	200	926
24065	106	5527
3616	131	7083
24055	24	9412
3872	115	9153
22289	80	23308
997	62	23936
2886	80	3795
21248	80	9849
7169	1	8583
9510	131	6464
23771	115	426
2411	204	5175
24934	39	4087
24258	106	21621
1413	173	726
5189	177	8703
429	180	25206
2774	80	6869
326	24	9412
8080	115	23325
1577	123	23885
5959	80	6869
8884	80	9623
23265	143	3428
21507	93	4864
8590	160	6769
22457	80	4790
6537	80	22601
22507	80	4790
2627	173	23097
4623	80	1136
4213	39	2456
4397	206	1444
23853	108	9412
21433	62	22315
10157	206	697
25380	62	8405
2649	206	7552
6794	205	977
415	66	22935
21244	115	3066
23511	93	2247
4494	209	2329
198	115	5101
21704	193	2924
7547	106	25191
591	133	22666
3839	92	400
601	160	6214
8869	143	4063
722	62	25081
7835	26	9436
21156	87	21073
22155	205	7973
5395	209	2658
3085	62	10380
5895	131	23653
25332	95	8024
4361	115	23515
3942	1	23407
906	133	23747
10437	206	7919
24371	123	9317
1576	80	24163
21520	115	6694
24029	123	484
646	95	777
24208	115	8920
10316	103	5056
5032	204	3567
3236	191	508
21517	204	3567
4903	133	6869
24921	123	8902
687	115	6408
9369	80	9481
2854	62	9679
3384	102	2881
10156	173	3529
23537	80	5094
24334	160	1814
21831	1	508
1495	62	8388
7406	205	10116
298	115	2327
1788	173	3529
1294	209	9227
2906	205	6344
3880	115	4856
335	131	24013
9428	115	24758
24646	123	2827
23955	123	7301
6088	39	1153
7818	42	23943
24391	123	5295
7423	112	4122
9362	133	22590
4339	80	7307
7218	80	8003
1344	95	3263
7178	205	5977
5289	80	9028
24464	108	2694
7135	62	23430
23186	200	23257
2192	106	704
7321	115	2902
9230	123	7861
22055	95	21199
5532	115	10237
2512	115	2749
10340	123	4571
1555	115	8024
22840	108	743
6796	62	23949
8739	80	196
3394	115	21815
7485	209	6540
4940	1	22768
1293	123	6143
24902	31	9170
4079	115	9964
22204	206	7017
6190	115	9903
1445	133	4041
23687	209	7592
3946	62	4693
24476	123	23320
5747	183	2341
21473	58	4701
9033	184	2169
3261	115	22764
23356	76	23183
24190	80	6869
946	1	7867
3704	38	23167
3311	180	25206
2843	115	5603
1687	146	2598
23943	140	23458
24550	205	1609
5941	106	22788
6936	95	855
21268	108	9412
8298	210	25049
23305	115	6900
4786	143	2115
21490	80	25077
4967	62	23505
5533	115	25461
2588	115	3316
1908	115	23596
24044	103	8346
5266	1	508
7877	34	4278
22147	115	10091
25380	26	22309
22484	115	2027
24851	62	5791
3859	115	3029
23880	177	8679
22095	159	2752
24255	62	1237
7886	80	2566
2779	206	25294
25381	206	5922
8481	115	5654
3114	115	1057
2643	123	7592
8132	95	7159
21064	204	5071
21897	80	23747
21922	173	8818
3326	80	22298
21994	80	23979
22903	173	4922
5370	133	4681
2190	131	3564
23399	115	24727
4644	62	4933
21462	115	1233
5658	80	653
2136	115	4397
9142	206	6809
21138	204	24951
24243	149	8949
9902	115	6408
5122	62	6354
1722	115	22748
1185	80	722
22614	215	25227
4110	115	931
8305	123	25038
22167	80	21450
3512	115	22208
4651	106	25086
10335	115	6352
6505	80	23730
23774	133	269
22562	123	22348
9915	143	3517
22657	115	23316
23684	123	24850
21673	160	23458
7897	62	1841
22600	80	23308
5870	130	2920
1938	80	2566
7191	114	7040
21554	115	21653
5752	115	5974
7634	173	9756
9239	115	25071
1326	115	8172
6200	1	7867
5802	80	2587
22995	80	748
2633	123	24850
7085	123	5686
23877	160	22294
24415	123	9775
4958	213	2333
809	115	4920
7128	80	8809
722	62	22314
8670	115	2624
25307	80	2566
24190	72	10408
1237	88	7357
7601	180	3638
3338	115	3682
23991	106	2671
24837	115	3618
4563	53	24163
10089	115	6004
23393	62	22271
5831	115	9681
25200	106	24775
24971	108	9228
4016	95	2014
7011	154	5774
22829	149	9481
6316	90	5839
2757	80	6869
5592	133	9878
4630	106	23217
24793	115	23405
525	115	3300
1287	115	5516
9380	115	5608
24607	173	2150
23767	62	682
8787	115	3150
6471	123	7455
2598	133	22621
8964	173	24592
6870	206	1720
1550	80	2566
453	62	21747
2182	133	23979
21418	115	4656
4013	206	7431
6964	123	2117
4431	133	2566
25382	115	4775
3803	173	6104
7639	160	9603
2255	204	8252
10206	133	22750
21873	206	820
9010	80	23912
5929	115	5239
24980	183	9658
6855	115	24894
22587	108	4790
23737	115	6628
22915	206	1354
7979	39	5896
7944	115	3548
23751	115	21706
21529	206	3556
10213	80	9105
1820	173	1686
23879	108	9412
2904	115	1586
24794	210	23841
4097	115	8850
652	115	25309
23289	106	7713
6898	173	6500
1502	115	772
22757	62	6482
4202	150	6195
21756	80	5030
24683	209	25151
3367	103	7115
2006	204	3567
9868	115	9147
1442	115	23122
10129	72	5582
21603	123	6540
5190	209	2467
25271	115	23325
3760	80	7522
7854	123	6208
22260	115	4791
10042	1	508
10289	62	3946
6015	108	4790
5883	149	23873
23043	62	3828
3985	173	21117
22188	115	8156
5329	62	4788
7349	150	1244
10494	1	24262
4338	115	22412
22154	173	21124
4211	115	5167
2215	205	24678
5820	58	7044
22365	80	6869
889	80	22469
9360	149	6023
23205	115	7260
4006	58	5984
21846	115	4221
7777	106	4886
1347	205	979
6612	183	5206
7392	76	2566
9790	106	6505
1567	206	96
6517	80	1247
21554	115	6628
21436	115	9148
5918	80	23397
24293	205	1663
5981	62	10378
7327	1	22779
7655	209	5066
1913	180	7629
24139	115	5708
25270	78	22809
8063	80	22062
3556	206	6915
6375	130	8538
22620	24	69
3127	123	5997
23862	62	21741
4365	151	4765
22553	62	5928
1181	133	9105
23845	95	2014
1312	205	8005
1728	160	21905
1851	115	1472
2385	115	22403
6630	206	24538
7392	80	1437
9733	129	7962
22622	80	7834
2431	80	3245
1226	115	902
24105	173	21208
21834	133	4790
258	123	9076
23439	62	9238
21688	115	1823
1006	115	22837
25461	106	25461
2568	173	747
22434	115	21276
8351	62	23228
2414	58	25149
7837	123	4050
21078	80	6101
1424	173	24863
3549	173	24303
24357	80	21967
22591	1	24007
10163	63	5468
2664	160	9100
22323	173	24608
23974	160	9100
22500	133	7748
4184	209	8555
3004	147	8916
3507	206	9758
8290	131	22405
3425	115	25453
7079	165	21553
24366	123	8826
2401	206	7344
6400	80	8718
6526	115	2094
23068	115	199
7389	106	6906
8838	133	743
7263	115	22995
6883	183	432
4497	115	21629
23373	95	8002
24532	173	3917
25147	180	25206
4754	209	8777
1789	131	24546
1772	25	7903
4379	80	5299
6527	62	22257
2526	106	8150
2170	108	9412
2824	115	21813
7393	184	1918
4177	143	21484
8752	115	426
4244	80	6622
8388	62	5427
5131	115	21551
23062	115	5108
2215	115	22564
5353	35	9967
24478	133	10018
828	115	3792
24314	160	1458
6064	130	9059
21876	206	24349
429	209	8992
1892	133	2566
21452	206	24094
24381	131	3895
24854	160	24778
8595	209	22695
22953	95	6697
7992	80	24540
10230	170	5800
7650	92	6824
24020	173	23517
4346	209	4009
9167	80	24536
2377	62	9243
23846	62	4245
2617	174	23805
24123	115	7548
7032	62	4274
22159	58	6275
6286	80	6869
2603	17	23736
9541	150	22879
3549	173	8969
23705	204	2727
1257	215	22768
1914	123	1087
445	209	3365
24596	210	24707
145	115	9218
10364	209	7334
3001	209	3521
8780	206	7091
6698	95	6441
5693	173	22216
25302	95	4144
5391	115	2902
9514	115	7475
7552	133	23832
8796	67	9830
7450	174	7680
3282	39	2037
6538	115	571
8774	131	21275
150	108	9412
4008	95	8012
4978	115	249
8370	103	4863
23	115	5724
1411	123	2471
6381	209	22216
8483	206	359
1219	115	23587
4946	173	21822
21484	173	4218
22757	62	8193
24080	183	24236
21254	80	367
6819	26	21224
58	108	743
4967	62	21179
4363	115	8557
1420	80	2566
4404	80	24276
22893	115	24289
9806	160	24239
9921	115	2902
1797	103	5084
5928	62	22553
8702	93	609
24888	209	23731
4049	1	1070
10335	173	24539
22513	115	5128
8386	115	8139
8039	92	5256
6587	123	3419
2963	123	1838
522	62	8211
22531	205	21906
3955	205	8314
2051	58	8012
3409	26	5350
2047	7	22469
1624	1	1070
22201	204	466
5431	123	3438
934	130	2711
7947	80	24163
1883	27	6322
2601	80	1247
2802	80	23677
8002	5	6869
21471	123	22567
21829	115	1799
3871	115	21197
24471	66	21426
4764	66	6903
8784	206	789
1500	80	2011
21228	115	971
2251	133	22666
22736	1	1396
9482	206	2941
7570	173	3571
321	173	5997
4956	123	38
7358	115	8090
4318	115	7546
9365	115	4067
7859	72	7728
24143	93	21523
5182	200	10237
900	80	9481
7174	1	23619
1541	1	10075
2353	143	6640
23173	80	1520
2499	35	1660
5383	115	6518
8421	206	1746
25467	72	8629
23551	62	3656
24644	133	3700
22347	183	6133
74	123	5603
1628	123	8742
25469	1	23619
6787	115	24189
22461	39	9571
24622	131	7872
4199	115	2200
25039	80	23308
21530	204	5071
23276	100	23677
8672	205	8239
2643	158	5607
9815	123	5401
9946	123	7170
9256	206	24325
9677	115	8336
3695	160	22294
8343	103	6029
5892	62	10077
22099	143	2367
4098	123	4265
21630	26	23429
23343	133	23308
24872	106	7547
5215	115	24432
4416	1	10286
25397	108	2694
8594	203	6590
5814	115	8182
7146	209	25370
21606	108	9412
3422	150	8088
3704	38	24766
6698	1	1070
3969	115	23940
23169	150	9849
3663	106	23711
7559	204	2738
1594	123	23802
6663	62	6268
8752	173	25092
23672	76	6869
124	80	22733
1378	123	5003
5285	174	2711
3763	173	8325
9455	133	9797
24545	123	24819
22674	95	5081
4657	173	23390
8584	143	9915
1081	80	22733
6407	173	6573
6489	62	1907
9546	72	2262
22281	115	5724
10196	115	7245
1759	1	7867
23897	62	1203
2940	53	10202
9530	123	9721
1069	62	10270
9406	123	5950
25159	80	23308
9931	108	4790
4527	1	24007
22897	115	1536
21232	160	23458
9811	115	1898
5567	133	21881
6862	95	22225
5349	174	2962
6256	115	2108
7320	62	9913
10433	123	6705
1221	160	23458
22213	80	6869
3385	209	124
22608	209	23009
22349	205	8492
22777	123	3471
666	204	5912
4072	80	1247
23440	80	2566
398	115	8044
23451	205	4045
3279	133	22749
6902	206	24961
10110	115	24345
8987	73	21522
2349	80	22733
8978	80	9481
2604	190	4741
21501	80	21123
25256	206	5104
22065	72	6805
5369	130	21053
24161	123	8238
24693	80	69
21520	173	7571
24752	62	7561
9696	206	22402
8460	143	1107
3709	173	21238
4910	115	23425
23896	115	2943
1646	80	23308
10375	26	2645
4517	183	1641
23795	210	5059
24133	115	6741
23836	115	23403
10228	62	1223
286	80	8921
8166	183	23950
279	130	24766
8482	26	23166
8620	204	3567
21769	143	6238
9093	39	1052
24765	115	4695
8840	115	25162
1265	133	23216
6844	93	8717
7416	205	23077
2382	93	2479
993	160	1458
4200	62	25121
21026	95	3778
21660	184	4253
24506	80	2224
25056	206	9255
8480	205	25123
25322	160	6769
21991	143	4469
9608	115	22274
8682	80	1247
5022	80	22733
3698	93	2657
2874	80	8003
24620	123	8057
23028	51	5457
3001	209	6500
5720	17	3433
2349	80	6869
1009	80	4610
2164	200	25298
10089	205	8492
23514	1	508
24564	80	5669
22172	131	24732
23315	174	2827
22492	115	22813
4224	209	5986
2907	108	9412
7677	115	7262
6937	173	9019
2924	80	22137
24067	173	5227
1826	133	2566
21208	38	2266
5266	205	8475
6406	130	2962
24927	80	355
2877	204	21968
5592	149	23608
21152	123	3847
23153	62	8401
21126	209	1549
387	80	24276
2349	133	6869
24931	133	2565
7588	173	8810
2186	62	1165
24557	115	8699
4731	13	21704
8315	95	3778
25398	76	9412
7068	72	21813
24878	173	10
24567	82	708
6212	115	25358
24109	62	5106
9290	133	9481
3134	103	716
8683	24	22819
21609	123	6500
22081	123	7990
10329	108	9412
10100	115	4705
21729	173	8940
10399	115	25244
8804	38	8909
5962	5	6869
23989	108	9412
25068	115	4636
5642	115	23555
5870	174	2920
22927	115	24155
8677	115	24900
24323	115	24735
5791	62	8634
21935	123	5403
8606	173	8045
10078	174	4193
8528	204	24958
180	143	21827
2213	80	1937
23249	115	2986
23519	80	6564
21859	115	9371
4803	129	9126
21194	115	8141
3906	115	657
435	1	508
1355	209	1947
7757	62	5161
6532	106	4589
9952	123	4078
8719	108	4561
8835	80	23747
9829	80	23169
7122	123	4083
377	115	4775
3680	115	8141
7025	58	5648
23683	74	22768
24790	106	24988
1303	75	3471
8283	12	8650
22002	80	8151
4675	173	25207
7126	115	3244
22399	206	6422
8660	62	3662
8419	115	8141
5767	1	1070
1873	209	10088
24507	123	7467
22295	106	681
2752	108	8874
25163	80	9875
22662	209	24791
24898	115	21290
5118	62	6244
7838	26	23429
3303	93	24729
23418	209	3206
904	174	1772
21980	76	7783
5379	115	25197
2583	106	2214
1796	205	1663
25430	95	6817
22030	133	23578
21329	1	7867
9406	209	23039
7554	185	569
1053	179	7323
5818	93	21277
23780	133	5669
7398	108	4790
25143	206	9293
23503	106	3783
7877	17	1676
9271	62	1018
23826	80	6869
2131	115	22849
103	177	9801
4837	62	21577
2965	133	4805
4494	115	4161
2282	115	5128
21580	115	1974
2498	1	1070
23025	143	3127
25147	115	10417
3727	106	7521
7519	115	3950
4657	115	22431
968	108	9412
4586	115	21303
680	160	22294
8576	209	3917
7831	62	3639
5301	1	508
7512	180	4565
25404	173	24034
22872	173	6775
7542	173	4960
10343	106	290
21525	106	23511
6581	115	1771
25114	93	9224
3339	173	8728
23016	115	9095
10151	115	4216
614	80	2224
6855	115	5475
5340	173	71
6739	123	23647
5820	58	22653
22217	115	8053
21282	115	2640
23846	62	24457
1897	160	6769
7058	190	6079
9663	131	6994
57	102	9603
23228	108	9412
9079	173	7410
9469	133	6563
7062	115	3267
629	123	9785
8758	194	8583
2190	131	7285
10258	133	5669
9004	95	9015
21538	115	2757
7699	206	24273
8266	115	6228
10450	62	24457
365	115	8442
25282	209	5359
23237	173	7775
3621	115	266
7033	115	4093
2964	102	22495
4089	123	10075
416	133	4535
8428	1	508
1685	62	1110
23594	203	1052
5541	115	9295
6258	204	21968
25346	206	23031
24460	115	22788
7324	183	2202
25382	209	5401
21514	115	5419
6731	93	683
21672	115	24152
8129	206	4714
8776	143	21081
2230	115	5734
9771	115	5239
4256	209	5986
9392	173	21822
6238	130	8172
6868	106	9727
1732	95	2885
10288	115	9210
7573	115	8739
5491	14	7271
3244	149	22137
7536	103	8784
6595	95	3778
24085	115	6842
10252	115	5769
10396	206	5916
1845	205	7940
7108	103	21501
5189	111	21432
3827	185	21153
5920	80	2566
2785	39	9103
3043	62	25007
24634	166	24233
7282	143	8720
8636	173	2624
4618	115	5197
3868	160	22294
3711	173	189
24040	115	3588
9879	115	21217
23910	206	5280
170	133	5299
4179	206	10029
7459	115	21365
21955	95	3499
936	133	22568
2239	123	3238
3690	90	3411
5435	123	25151
9117	115	3548
24797	206	4595
4692	204	2727
21958	204	7874
773	115	23600
3289	146	3607
7524	103	3646
6804	114	22682
22371	5	3944
5019	80	7190
5113	123	5401
1977	133	24448
6070	80	6023
8291	62	218
22115	115	1232
1585	95	7159
6289	106	1927
3182	62	2469
4214	206	3533
1726	115	1276
24017	115	1092
55	80	9665
9631	115	21765
5030	112	22382
3921	123	5971
23023	39	9320
431	93	23295
6492	133	3795
8781	115	4317
3628	80	5669
23451	115	9853
23614	149	7323
22819	112	21044
5808	95	8265
7811	123	412
22752	173	286
22929	115	9067
4926	115	22952
7194	174	5997
22738	51	24007
6937	174	3571
6491	206	23503
9442	1	508
2794	115	23582
23339	80	5045
25108	88	7357
21950	180	642
3844	174	23805
22134	58	5997
10466	173	23277
24279	123	4900
5338	209	22313
2118	106	9351
853	115	23872
9981	203	9571
1455	115	22995
23433	133	6023
7547	206	23757
736	173	372
21917	115	1586
9382	115	22405
3850	39	21953
21917	123	25116
631	160	24778
2184	215	22738
2660	200	6275
1668	95	5656
3397	39	2144
21293	62	2374
297	209	5401
5244	93	23423
5807	24	9228
10388	215	515
947	131	447
9414	12	7487
4483	108	5030
643	76	9412
23110	205	301
3735	80	8809
10187	205	4045
4440	209	7003
5668	115	4991
5866	115	9853
22537	131	5393
21992	115	24828
6249	38	10283
9447	44	1052
3855	123	8541
4605	130	267
23986	174	2084
4506	174	9158
7496	173	824
24552	177	22621
661	183	24859
3027	62	24205
7412	108	9412
24075	103	24030
1111	180	9904
6127	106	10008
2488	58	1772
24557	205	23971
25485	115	2072
8381	183	6246
6559	24	6563
6917	123	5089
210	80	7349
795	108	743
4378	209	905
25486	143	22967
7120	1	7867
7221	38	23736
6311	123	2947
278	133	5246
9486	92	8986
21831	209	3206
1946	1	9396
9963	115	4132
374	115	7803
3338	95	2885
79	80	22879
21545	123	3365
4752	123	7975
6437	115	7409
2079	206	8421
6684	62	5458
24612	205	1609
1308	80	10441
22473	1	7867
7059	115	3117
7273	115	24919
586	1	7867
24468	103	8743
8599	206	3019
23438	115	9147
4800	108	24998
23756	115	1826
7194	173	5997
1116	115	22923
3116	115	2760
21799	95	4144
25069	62	24350
6020	63	4895
24441	173	1884
1403	80	23216
23551	108	9412
9532	209	2909
8320	38	4130
2938	80	174
8222	80	1422
22706	143	4410
25406	88	6253
7599	160	2479
753	80	8003
8106	200	2962
1024	115	2692
5599	108	9412
9735	5	22221
619	123	7592
1752	80	9623
5123	194	10231
25458	115	4397
9837	115	8525
8723	133	25167
6892	95	7731
5825	150	22255
5240	177	4778
6310	115	5128
6779	115	22224
25453	80	6869
1168	183	2421
25227	51	3359
7558	123	23698
7633	1	23619
761	80	2224
1096	72	23217
5294	206	7075
1341	80	9412
22324	173	23390
24864	205	979
9435	206	9152
8739	80	24540
194	123	9225
21599	215	25227
1914	1	23407
22056	80	24536
23592	173	7557
6408	80	22137
24357	133	10441
1906	80	7458
5737	133	22621
22111	62	3182
992	143	21909
4147	206	3040
21984	115	897
1778	115	24345
22465	1	1070
9472	209	2789
3978	66	23985
7582	133	21123
1170	123	23384
2096	206	1524
10316	106	22914
4626	7	69
3262	130	2711
24351	115	4317
5042	115	4892
10361	108	9412
4487	102	9100
3570	80	6563
3408	180	9904
21954	204	3974
9143	76	7201
1226	115	2030
23012	72	21252
10079	108	9412
6146	173	6967
22625	90	8561
22842	115	8999
9034	42	23943
3467	80	7463
1586	80	24110
23140	149	9188
2919	143	21692
1145	133	21395
1167	62	7412
24066	80	6869
9138	93	5574
9770	173	24145
7967	62	458
22344	62	5928
6085	115	1306
23452	62	25061
613	72	5086
2281	209	10082
3131	115	5475
188	133	6120
7531	183	5486
9569	115	6084
6684	62	2573
2988	1	1070
2145	62	528
9198	17	21822
9502	136	4827
23969	24	21395
4035	160	24239
22224	106	23184
24356	205	7940
21092	133	8874
5250	123	3904
3036	173	4218
383	115	1137
7357	35	4967
6812	115	1224
22317	209	92
22702	115	25094
24423	131	9792
2959	173	9597
24356	115	1184
8537	210	5677
21683	115	4939
24284	190	6079
7594	209	9042
8223	209	23598
200	131	5149
25029	123	319
1823	90	1273
5143	103	4929
23648	76	5669
8670	209	1608
5830	115	24968
4825	133	2566
2605	123	319
4318	115	854
4171	1	7867
5803	209	2176
3434	115	6900
24640	123	822
6153	115	9636
1497	95	6697
3899	205	24286
4086	62	6588
598	133	22819
6651	62	4664
21018	115	23272
22042	130	22942
8727	39	1052
8354	115	23721
24591	113	24591
25294	103	8230
4903	93	25188
1967	204	6760
4930	115	9552
7251	95	1295
5379	1	1070
24916	115	4892
25206	80	25484
7815	1	1070
23206	72	9784
7107	143	6605
6787	115	4426
21687	160	6769
8642	80	7248
7777	80	6023
2309	183	3520
22340	1	508
23542	115	5640
6709	115	4082
5385	183	21654
9686	173	7280
5526	115	3189
23528	123	23885
8150	106	2526
25205	93	22411
8009	116	23747
23793	209	154
4177	123	24578
3042	72	5683
4870	160	23458
24182	24	8679
21612	123	7193
5754	108	24998
25419	173	22030
8896	143	2420
2258	206	21092
5431	209	24941
421	209	6352
9135	115	9084
3148	160	23458
6546	82	1888
7201	35	2600
21384	115	8959
365	115	6490
22729	115	4021
8674	115	6503
25406	62	25121
8144	62	25112
7328	102	22294
10367	115	2855
1403	103	4420
4856	80	4610
25475	173	6759
6485	209	1114
5560	130	9550
5738	72	7726
2823	115	23426
25141	115	21398
22476	106	24129
8119	115	943
7551	5	1515
1842	39	2307
8367	115	2324
8091	80	25484
21762	115	2178
2420	210	6767
231	174	1093
24890	115	7790
3002	22	5669
24063	80	2566
4110	115	23882
22407	143	8427
10158	133	8874
7781	209	6440
3162	80	7522
22110	143	25186
10160	115	4636
24511	35	6869
8491	205	8547
3272	106	8033
8794	115	7381
2976	106	4214
8715	1	23407
25265	115	9527
23421	115	5847
846	206	10490
21449	173	24263
3859	115	2296
5040	62	9657
5910	95	9294
24003	1	508
23267	143	1254
896	1	7867
1967	58	24578
24829	115	2584
7289	183	23095
6875	173	7455
21574	108	6563
2593	190	5861
6689	115	21653
24405	115	839
1856	123	4900
5336	80	9623
22020	204	23070
4282	160	6769
3439	123	2158
23950	66	21756
109	206	25139
2190	206	7569
7053	203	6058
8803	206	6102
5969	173	22189
883	173	4568
23520	62	21630
7218	103	7064
7420	72	22395
21319	39	21073
24378	206	6373
1639	62	6039
21350	126	598
4080	206	25014
2436	206	5364
2527	115	4034
9635	106	23295
25227	113	7082
23305	115	3618
7837	1	6147
22591	160	24239
21543	80	1078
6711	103	5577
22846	22	24803
4010	133	24998
21350	12	6616
4793	191	4567
23769	115	8861
10133	1	23264
3827	196	6756
22584	108	2694
3504	115	4896
804	62	2052
1948	131	6932
22963	115	5404
4983	115	2943
24209	62	21657
4529	123	3438
1788	173	22481
611	160	1458
1602	206	3805
10095	115	916
6806	133	24491
10354	115	1058
9385	183	23837
25332	123	8630
23994	80	4634
3250	200	21598
8962	22	3245
21838	180	3638
4640	173	1837
2637	62	2036
21212	177	5030
10379	123	4571
9668	48	4213
580	1	508
3095	108	7423
8733	204	8252
3686	123	4919
2825	131	2603
2906	115	24325
25283	115	25244
24867	173	8293
23351	80	6869
4435	80	10284
8634	62	24725
22175	115	9566
495	173	9158
8356	146	1687
23648	206	4185
21380	149	6869
6770	173	8881
9376	133	6563
1176	209	10359
3982	180	4683
620	123	3401
21463	80	2728
9263	123	5711
24848	95	5136
21025	174	6275
5692	210	626
8263	209	7455
21551	80	1136
5484	160	9100
2967	80	22733
21058	133	1247
9591	115	22837
3249	206	1376
22951	13	4278
10316	206	22248
56	209	24493
158	173	4769
2985	195	21231
9208	115	4459
5384	39	6058
23518	62	1626
21312	80	4535
47	115	5529
2202	174	2238
873	62	3984
3496	95	6740
8322	80	24536
5895	131	22654
24182	72	21245
7056	35	22497
3754	115	3558
3152	209	2789
23958	95	21970
1879	62	9979
2810	55	24071
21203	115	6826
5486	174	9580
8568	115	3091
7148	67	9228
7858	133	9412
2554	205	10404
8569	115	1459
7055	209	7845
833	123	7945
21678	205	1195
6321	80	23397
24575	62	3863
23593	115	1510
3949	115	1880
21542	115	9058
6689	180	9314
7525	173	4701
10083	209	6493
7649	80	24998
25274	168	22554
4569	95	24422
2769	204	22076
25144	123	2018
2473	115	4623
22433	115	22748
4538	95	21970
9604	209	9340
6798	103	22246
25344	206	698
1592	95	3904
5459	62	22207
21213	206	630
6595	205	5201
33	106	5979
1964	35	1487
279	210	3546
23265	183	1653
578	174	9619
23030	209	5725
21126	95	1212
1673	95	1059
3529	76	7834
1673	123	3529
2945	173	9669
3351	123	9936
1128	131	5086
318	173	25207
25278	205	21906
22564	106	2443
7674	115	9996
10332	80	24163
21687	160	23458
3156	115	21464
24795	200	22801
4622	174	21495
23208	173	22216
4603	115	2253
9661	62	1069
10428	115	4791
22832	173	22735
10287	80	6869
1890	103	1179
23975	1	508
25272	115	5974
912	72	732
867	48	7612
7810	133	6961
22441	116	9412
1097	108	9412
10003	115	23004
6369	93	7620
3907	133	5669
2387	173	3897
25398	80	9412
23194	130	22080
3806	204	23473
7326	205	24162
25329	95	6625
6253	62	275
9861	62	4689
3486	205	10116
21959	80	4001
22079	123	21117
23617	205	24286
2080	63	8233
22003	115	9250
10336	24	8874
24462	115	8090
7083	131	21393
22936	14	2563
3552	93	76
8922	209	21653
25154	206	423
6169	209	5703
9975	204	5869
338	194	6486
7933	92	1438
21276	80	5669
7105	62	24573
1182	123	8630
2668	115	409
7674	173	9539
8806	80	2566
5493	72	23204
24877	115	6469
24006	115	23184
2554	115	4775
25149	5	6869
3274	115	5654
639	1	508
6298	80	9830
969	62	8655
8802	115	7888
312	204	22256
1714	115	4021
23749	108	9412
1403	206	3320
3915	205	24719
3454	115	8826
21454	115	1550
23273	170	3067
22458	108	2694
3954	115	4385
24486	80	2566
21351	95	120
21783	72	2640
9838	115	1892
4058	57	1921
5120	173	10142
9257	209	416
25225	183	3737
254	51	23070
3632	13	5011
6770	209	5401
3352	80	7575
6993	115	1736
1496	123	22163
1012	115	23613
2779	93	1019
29	123	3904
5524	80	7834
21916	80	6869
267	204	5707
6459	106	4572
8360	80	2566
19	204	22880
9906	160	6214
4623	133	2566
23510	24	4790
2031	42	23943
7648	72	8710
24009	160	6769
1831	1	1070
5595	108	9412
9300	80	6869
22261	206	10101
10235	105	21046
24516	115	2692
285	108	9412
5721	160	24239
8216	123	23212
7171	1	23407
3313	209	4213
23740	80	23747
9267	62	22523
5113	115	21375
837	80	3972
1827	174	6104
175	183	2250
9163	206	2060
2464	72	1765
2438	173	22121
372	80	2566
22028	209	22998
7919	103	10437
21349	115	2563
5962	58	726
23904	209	5401
23345	80	2147
4189	115	9932
22067	93	21823
2307	53	7012
7004	206	6944
4690	209	4213
24178	115	8438
7368	160	1458
7482	115	22839
6418	173	5655
5547	115	6846
9377	39	7746
22685	123	4197
10459	173	22348
8991	115	4216
7785	209	5401
6463	180	1813
22119	204	7874
24166	209	2614
6197	115	24956
2129	209	8866
21529	206	21727
21346	108	3005
3258	115	4304
9491	191	21892
4500	206	23140
25438	115	6845
22760	106	5286
8924	206	5527
25183	184	4388
22290	105	716
21889	106	8805
2110	133	9849
23785	80	24803
23935	72	4886
4220	24	10186
1419	39	1544
3558	206	23353
9702	115	102
2941	80	21136
5953	215	9603
10392	115	21217
2871	115	5171
22252	106	25113
21502	80	4790
10350	95	422
3480	174	6275
2552	123	6846
21961	206	4787
2654	115	4695
21580	115	4283
551	174	25392
22561	209	7182
397	58	25165
4983	173	6493
8086	173	24501
6574	80	1940
23029	183	8675
10479	115	7638
712	123	23476
973	80	7900
7285	206	9398
21607	80	9481
23063	95	23035
9366	143	6985
21311	108	9412
349	22	22733
8406	95	21655
22400	183	5170
21907	115	9520
6827	160	23458
682	62	21940
4744	72	4789
22732	143	1909
9334	129	25103
25379	80	2773
24879	173	5213
23512	123	24092
5376	115	4264
3435	173	10318
9181	115	23947
24848	209	6419
21742	133	5669
25316	106	5689
21011	115	2094
4847	80	3636
8463	115	9153
6933	115	4037
4685	206	25191
6211	115	10416
4935	183	21381
10324	95	10452
4404	80	3436
9759	209	154
4677	106	22939
9619	80	3245
3027	26	6158
1872	160	9603
6982	209	21537
25295	1	1484
5029	206	2751
4685	206	7547
76	206	1021
21267	173	21171
9308	160	9100
22528	35	2008
7236	80	1136
8652	204	5912
8157	123	1209
8674	115	8953
24073	209	24513
22206	1	6147
9898	114	9265
24819	80	2566
5199	206	24461
22267	123	5986
24221	78	478
675	115	24956
7753	115	21653
25209	80	23397
6958	58	23639
1825	26	8184
4604	62	4458
23842	123	6021
23045	206	2892
25319	108	5063
22310	205	8314
1888	82	128
23001	115	9566
6692	130	4734
10084	183	3139
24507	115	5724
7697	149	2566
25304	133	748
7010	115	22375
8925	206	413
22494	115	897
5604	204	5869
2542	115	3963
2444	115	21902
1223	62	7838
42	103	1175
24854	160	2382
8919	115	259
7884	131	8798
3419	133	6869
4954	130	22801
276	106	24326
7905	184	4388
394	173	9852
2457	123	5256
9218	80	22733
4903	12	25188
23203	80	6869
1518	149	510
25312	1	778
10033	133	4985
2202	143	7324
23424	80	22062
5746	174	9840
24645	115	23426
23469	80	6245
5541	209	25038
9725	149	9846
97	75	1635
23084	80	9623
7105	62	9657
2985	195	2985
7227	114	8853
5989	95	6697
6326	115	3579
23719	93	9898
4910	115	24513
1136	35	6869
24646	204	23070
2330	106	2892
9394	80	25050
8083	35	2357
24974	103	7091
2019	115	1184
3766	62	10386
8752	173	8585
9951	115	3790
21461	133	22819
2340	210	6310
3125	62	23834
25381	206	9168
21115	115	1261
4403	173	24830
1765	80	22137
21026	115	5443
5226	123	8206
23003	75	7170
3951	115	1173
21147	115	22748
25405	123	9059
21286	206	4534
1703	209	23004
1568	1	6147
23377	72	920
300	183	21025
22710	35	7305
4200	62	22727
21069	115	4384
3892	173	23234
1808	209	8057
5316	123	24192
24960	80	9623
24202	78	4969
25314	174	3349
7534	115	3618
5155	123	988
25253	115	22396
4339	206	10048
2914	115	4882
22124	115	9764
21636	200	9619
4467	210	23533
5	205	23195
3417	123	5640
3211	204	3567
22826	93	25371
5317	209	7577
22328	123	22861
7428	115	8883
3421	115	24247
2242	115	22824
24202	24	6563
8498	133	7116
8539	62	2720
3022	123	22763
8311	123	1530
22260	115	1901
24008	108	9412
2284	38	5656
5369	123	3704
23915	133	6564
21006	115	9831
23547	131	5741
9979	62	23430
23953	115	21175
22850	210	5972
22362	123	8630
6911	115	23211
6938	123	491
1743	173	9485
10324	173	7703
7239	95	8265
1163	206	3727
8219	115	8337
1570	210	7256
2188	80	5299
3746	204	21137
464	108	9412
6184	115	8814
3188	95	23104
22246	133	3636
1168	123	23180
23381	209	25339
22397	115	9122
9920	72	3869
22046	206	24461
3499	80	2566
2267	173	9053
24945	160	9100
9121	206	4104
23279	80	5299
2991	1	508
6354	62	5459
115	72	23570
5340	143	6162
9627	130	22149
4122	80	3095
21636	204	6138
7098	115	23403
9351	206	7536
1257	160	6769
851	123	3137
6801	95	9410
3694	72	10387
1395	102	23458
4228	160	6214
3241	115	6228
3153	133	269
6908	115	4317
3805	80	6023
8550	180	4683
2973	204	8252
2723	183	24576
7748	35	22037
7374	80	196
2437	173	10182
6038	206	8522
5731	205	6498
9683	206	329
22234	106	7017
22780	58	7852
221	131	23121
6873	80	5094
7212	80	8874
9535	58	3151
3726	93	9722
24462	173	24125
25099	12	8714
7048	108	24536
23230	131	1608
21529	80	6023
1359	115	3521
7965	53	10202
8805	103	5658
24375	103	10165
9285	12	3765
3871	115	1161
2286	1	22768
7174	115	10308
7021	6	8679
2308	205	5700
4188	92	22361
24725	108	9412
25109	106	2935
3411	95	3690
10412	205	24162
2421	200	2826
6462	115	3538
25262	106	23350
2528	80	3944
606	123	1610
350	115	8879
558	62	2887
10188	115	3530
9868	115	24852
1119	80	8703
4228	160	6769
893	164	9524
24378	133	9254
8370	206	21312
22921	80	3009
3306	80	2566
23419	80	24730
3351	209	4213
1344	123	2746
5929	115	9566
5833	106	3552
226	80	23875
23282	130	9580
23	115	9256
21875	1	1070
5389	51	8049
6275	80	6869
4407	115	7380
2112	115	6893
2211	215	25227
5877	39	2144
25280	93	5956
5962	38	6275
24959	205	8475
5042	115	3267
25343	62	6754
2896	154	21280
6547	1	7867
24943	115	5060
7725	206	6655
4154	5	1437
23863	115	1379
5251	80	1078
4899	115	4791
4819	58	24310
22921	204	6599
7556	115	8371
1671	62	6244
549	209	5733
1562	174	8538
8385	123	8630
6808	39	21112
4055	115	6846
8030	95	5354
7595	106	9377
1504	80	2728
8922	115	9093
23726	143	4177
23156	123	22436
6851	200	22984
23562	209	5520
2602	206	6667
2267	210	6789
24634	53	24163
3613	1	508
8186	123	1017
1387	80	7900
275	62	22727
6745	115	3272
24378	206	950
22605	205	8502
22009	133	6563
3906	115	21429
7860	80	21395
1557	209	5467
9892	80	89
5530	115	879
4846	206	7814
8677	115	23872
5596	80	2566
4910	115	7298
25291	80	7900
167	115	24215
8458	115	4775
1633	133	69
8579	80	6869
6805	131	21932
7426	130	191
21348	115	21175
25264	106	5589
9109	123	5546
8801	108	9412
3531	80	5816
1044	123	6540
2189	206	9360
2677	80	5816
4353	115	2692
4481	93	23457
2752	108	743
6718	183	5870
3068	35	2516
939	160	23458
3993	133	5472
24578	25	4218
8159	103	8270
3809	108	22819
4242	115	22224
2491	133	2481
21990	115	1591
844	115	21302
8017	206	22943
24568	173	21208
5014	95	8265
343	133	25325
4893	204	21968
21388	62	7757
22876	115	6976
3667	115	7380
7211	35	24177
6317	123	6775
25188	72	7002
9476	206	21629
4413	205	23401
6528	115	469
8007	130	22984
9705	130	6275
862	209	5213
21417	108	2694
6684	62	23043
21608	160	22294
21781	206	4549
22544	173	9597
23540	80	24448
8660	62	22271
8447	115	9527
1228	39	8131
9997	103	3752
4150	115	8879
23193	173	23390
7288	80	4610
5406	115	21423
21266	115	21824
21478	189	7630
8098	115	8156
8193	108	9412
1294	115	5214
6038	131	7150
2265	95	855
3288	95	777
22619	115	249
4086	26	23166
2888	12	1010
2171	146	23145
9464	209	23610
6879	160	22294
23349	173	21086
6631	196	6867
10382	133	5669
7762	80	6961
591	206	942
4070	130	9158
494	115	5426
3893	166	6023
24511	35	5669
8416	39	2616
446	1	1070
4099	115	5603
22583	80	8989
22330	205	6498
9712	123	22481
21552	115	4814
4396	173	3631
23050	115	2327
4477	39	21841
23834	62	21345
2825	17	23736
6920	115	25197
9236	123	4050
2607	203	6058
3417	95	3263
5771	95	2268
23496	206	21710
24277	173	747
24022	160	22294
3178	115	24999
9558	209	7592
25458	205	10116
8001	80	4535
6297	76	24276
3396	115	21997
9655	115	10036
10119	115	5986
5479	62	10386
9440	76	1267
8396	131	23893
7699	103	4898
1951	80	6430
5862	206	5408
9472	123	5099
2136	123	7990
23578	35	9875
8344	173	925
23290	115	21251
3306	58	1161
8199	72	9674
6435	115	2692
7395	190	4741
22517	115	563
9083	206	22067
21984	115	23817
8073	22	22296
84	204	5869
23477	80	2566
3602	149	22640
4243	123	5089
23864	160	6214
8442	80	6869
1008	205	21989
6926	205	5756
8416	93	25001
2576	115	23708
4073	95	22886
8724	80	2694
8872	143	2375
4553	209	21108
9047	204	24951
9160	183	8127
2598	92	24485
9275	160	24239
23380	174	22801
7362	103	9344
21913	173	23003
24009	215	5457
21311	62	3903
2808	133	24491
1966	205	23477
7237	173	24200
7761	80	9623
8138	39	4702
4020	1	508
23024	206	7719
1719	95	3499
24723	123	1387
21637	95	30
9795	160	6769
22155	173	21417
4527	160	1458
24565	115	1503
1507	146	1886
9159	115	6983
24989	80	24163
3164	115	786
1123	1	24007
23905	62	23883
455	115	9552
3337	206	22627
6487	206	7505
1856	115	23662
8380	93	3615
4060	80	22221
5195	76	5463
22287	123	24764
6110	95	7159
3542	115	8437
752	115	8868
8426	205	22928
5276	205	1609
1315	108	2987
22413	160	1458
1022	206	4028
22157	123	92
22792	115	3760
1817	131	8290
5642	115	3117
21110	95	22225
24535	80	7458
24509	103	23284
7610	115	8965
24074	177	2566
8942	93	23621
9864	80	24784
8594	80	2594
24081	206	9792
8592	144	69
8324	115	21629
8611	115	7004
24208	209	8920
9587	106	7671
5248	24	4790
22435	62	10122
9959	123	8450
23163	205	23477
7945	80	9334
6627	62	4560
830	150	7834
22033	103	7919
22770	80	21280
987	173	24973
1478	133	21965
3202	115	3029
9988	130	24310
9837	123	6846
24766	25	21474
408	95	3778
9996	48	2979
7944	173	22121
23326	174	9619
24806	115	6393
593	205	23706
24215	80	3566
7143	206	3977
23545	123	22997
23097	106	4763
8454	80	24982
23605	115	22181
5469	133	24448
1723	143	7283
23139	115	7422
23182	173	8307
8491	115	4064
4977	133	23677
4813	123	632
3492	206	1163
7763	115	1301
10320	39	9415
10357	1	7867
24207	210	24737
3720	72	6022
21279	205	5925
23324	72	6506
23801	183	9807
6887	115	25128
9199	95	7585
3013	80	8703
365	209	21725
1011	115	4932
8	114	21432
8559	173	3334
21566	206	3059
23725	62	25338
9587	93	3075
7055	123	24609
7257	115	426
1648	62	21593
23665	133	24110
3562	209	23960
24720	173	37
1650	115	22643
22415	206	23012
22772	1	23619
4356	180	23833
6449	62	23704
24775	106	25200
4001	150	3566
24044	93	1746
5766	106	6566
21349	1	508
658	123	24192
7119	95	8470
23663	143	4749
23138	80	4790
21517	123	35
21048	160	9603
22689	173	517
22372	206	9999
6388	123	4265
21646	210	23972
10365	130	21053
23632	149	1078
5865	123	9296
21272	80	743
2396	80	1964
2445	173	7743
2847	80	24118
5729	95	7718
6197	209	6500
3283	123	1918
24162	80	6961
4440	123	3137
3993	190	3827
21274	92	23507
7393	1	2618
25403	123	7696
9995	13	4940
8763	80	24448
23813	130	1681
7857	1	1070
22823	123	9859
21143	1	508
6810	115	4181
7706	206	24026
21164	115	21379
25490	205	6461
25208	115	24137
23273	80	4790
1630	183	8176
4119	108	9412
4643	209	587
3364	115	7006
22832	1	1070
21488	115	6775
5534	1	508
436	206	8589
10346	103	1674
4679	62	8140
9480	115	3579
3539	80	6688
8348	115	23708
23646	62	24183
7667	123	9859
4301	158	3259
1185	80	9412
6651	62	4492
2426	115	6846
9799	95	8012
8976	133	24491
23174	133	6563
6894	72	1310
4737	123	8605
21699	62	23505
10100	115	4462
2264	62	22315
23940	39	24881
6322	31	7962
25006	204	7874
4916	35	22064
5017	39	5178
6957	205	5700
24744	80	5045
5330	160	1814
3192	180	22180
7609	115	786
1591	106	6610
7178	1	508
5583	133	7201
22400	200	23257
9367	115	3590
6252	103	3341
5580	1	5856
2966	39	24881
520	173	22817
10389	115	6104
9832	115	1586
474	115	23839
4275	173	6840
9911	183	3763
402	115	24800
22373	115	6182
9268	115	24838
23184	72	4833
162	115	4712
906	133	21123
22336	173	2789
8665	80	6869
22853	209	10359
5546	38	8842
3242	133	21077
10473	1	23407
5433	80	7900
7047	95	8775
2852	108	9412
23874	206	4080
10395	209	22686
7006	133	24163
2945	209	23009
22474	115	4695
832	103	9255
22930	80	24540
23999	108	8003
5875	1	1396
3540	206	4222
1737	115	24965
2956	1	1070
22722	183	935
9234	209	8806
10114	93	5492
1762	177	23358
25074	80	1247
9392	13	10312
3597	174	21096
5662	72	24969
24288	80	23677
4158	80	1515
1408	115	6719
9882	206	1141
3222	39	7832
1183	108	3005
9154	108	9412
9231	35	25017
9688	173	2193
21513	92	5639
6621	173	9525
3276	18	22076
9698	18	23070
7441	115	3819
21264	131	22339
10320	133	9887
25218	80	6869
23674	115	24989
5880	160	6769
21328	209	9756
8406	95	136
3478	154	3523
9228	150	460
7624	115	25202
6255	80	9623
9159	209	24830
718	62	2730
21595	106	4860
3141	115	6408
22445	209	1629
21951	80	6023
2177	173	9016
23301	206	6123
21135	55	8116
9939	200	22984
8536	17	9096
6336	123	9316
8369	115	25174
1204	1	508
4668	206	7948
24414	80	1078
22927	115	975
21898	63	8138
21888	115	2563
4736	146	1687
6174	115	571
23311	108	9412
24160	1	2618
22360	72	22312
25024	173	24583
7547	106	1401
2727	18	22076
22355	173	6738
1969	62	25007
21229	80	2566
2262	131	8134
1852	204	2727
4524	115	21429
2560	103	3719
21475	108	2694
3435	210	1822
21729	123	8940
6946	123	3704
410	174	3647
21609	209	6500
1345	173	24960
3270	80	3012
6615	115	23694
24299	62	4351
9856	123	5909
24238	115	23257
22226	173	3349
21551	191	24519
25081	62	5981
8846	115	23694
24019	38	22080
4220	131	4598
25146	95	23015
9820	166	23093
362	93	23189
9234	1	7867
24982	144	24784
8065	133	8703
7752	114	24111
24745	80	2566
23970	177	24536
23935	72	2034
24851	62	23539
10191	146	562
21844	130	22801
8530	115	6451
997	62	7605
394	115	3117
22865	72	21792
24899	115	22658
21293	62	9757
25450	206	9817
5843	93	8468
8815	173	5919
2654	115	23744
2983	173	9580
3931	103	1154
24328	105	3359
22459	123	25145
9331	75	23444
6946	204	7874
5535	1	7867
22302	123	989
24378	191	6163
4209	88	4209
6632	123	4571
23782	95	6697
4007	39	4563
22129	115	4067
7577	133	2566
9165	115	22334
10457	103	5800
22762	173	24156
4166	130	3571
21980	80	9623
21405	204	24951
23589	206	10492
6503	106	5402
3990	1	1070
22169	131	52
3505	1	23407
2990	209	21811
7724	80	1983
21177	80	6869
7732	1	508
7023	115	23962
2543	39	1997
22563	80	7900
3213	1	508
23074	115	8141
22140	39	4702
24217	80	9503
21981	183	3702
10140	72	23179
3306	204	508
6679	108	9412
3502	34	2656
10032	131	10338
9557	205	5756
2237	123	6865
6273	48	747
2174	173	6840
8752	115	4661
5663	95	3778
23007	115	2158
4103	200	4687
21632	204	466
6542	80	4790
8058	133	2566
1931	115	21375
24063	80	22733
21324	209	8045
149	115	4208
7911	174	7929
21647	106	7582
23693	206	8421
321	210	23891
10350	115	7843
7723	80	8906
3382	206	21925
6794	123	4744
5034	66	2179
6806	72	22396
24828	80	2566
24759	115	3189
8388	62	8140
21141	209	6943
22670	115	4060
21525	103	3552
24471	173	21839
7533	115	23177
2554	173	22189
3109	80	1136
2535	204	3567
5695	35	5882
639	115	4060
9097	115	4426
10372	62	21691
2416	206	25499
21721	95	9053
3924	115	2621
23961	206	8625
3	133	25167
5423	115	23192
1256	53	23671
8321	131	22870
1966	115	9971
23181	39	5593
5125	115	22991
9191	123	418
22729	115	22015
5231	80	2587
22615	173	8659
4180	95	8775
9857	133	21123
6861	1	7867
22278	115	22265
5727	93	9376
849	123	973
539	115	7686
7818	160	6769
6475	35	25017
880	106	22835
3832	123	8057
1660	35	8640
21782	62	4639
4272	115	8371
23742	72	4220
24954	204	21968
8320	58	4130
25241	106	21092
3330	80	797
7187	115	1077
10025	93	5280
22364	106	6550
2911	133	24448
5093	133	492
7414	93	7434
7967	62	656
24434	115	5128
24140	160	23458
6913	143	7421
3696	115	5176
730	149	21455
21832	115	3238
24115	209	23199
400	153	2313
24509	206	25205
9822	130	7929
2615	123	8621
10119	173	22216
4740	80	24651
25090	174	22163
8810	106	3950
25322	160	6214
8174	80	6961
2560	114	2183
5086	131	1128
7735	80	6120
5723	143	1196
21631	173	3839
6255	80	2630
4689	108	9412
2827	58	5997
2448	62	2145
5520	39	4563
21730	1	508
543	115	422
23995	93	9725
5067	90	24983
7835	108	9412
22040	209	24830
23476	38	24578
24868	131	1128
3665	160	23458
2646	106	22051
5112	123	23085
22034	115	22825
2352	103	21602
4017	106	5287
7292	173	10339
6297	106	9285
2594	108	9907
495	173	8320
403	115	7790
24304	1	508
21601	173	372
7770	115	378
21341	173	23390
1349	206	24541
95	1	10286
21574	95	10131
9582	115	9039
2478	206	8008
5629	76	8640
2563	80	6869
23983	123	25038
22948	133	2694
7763	209	5401
2864	200	2826
22788	72	21978
24904	62	7715
24401	115	24385
1723	204	21137
3194	206	22266
9433	173	747
114	131	5801
5775	95	10444
3163	123	1763
5956	206	8150
22110	204	22529
5814	205	6072
5221	133	5299
23483	209	7170
4365	160	23458
2685	115	21283
6716	209	1629
6263	183	2348
1025	80	9623
4845	173	21100
8033	106	3272
8560	160	23458
10281	115	1261
8704	206	3088
9589	92	2133
1332	80	1971
362	206	2599
7699	93	24273
5072	95	3499
6822	130	3112
7689	133	5669
24513	80	3587
2934	80	2566
24947	115	6518
6193	72	23734
23379	62	10272
8661	115	3272
1687	146	3322
7564	95	5136
302	93	6348
24133	209	3735
9745	62	2429
2610	26	5027
8618	173	22941
2775	1	508
10475	103	22498
2964	42	1231
21746	206	7075
23297	115	25390
7252	209	22659
21621	206	2078
6444	115	6633
25138	115	1444
7051	115	9527
6736	115	22343
21114	143	288
9722	133	1053
9494	108	2694
8454	103	5205
2051	58	9076
1504	12	4691
7667	173	25086
9104	115	10238
9600	80	1983
4850	115	23708
10367	115	23557
22166	130	6956
1286	80	22749
2747	115	21882
23755	210	7219
8959	80	7900
25409	206	21571
9671	206	9573
3180	123	21218
22253	53	7349
225	180	724
2252	106	8270
6945	80	9801
22088	62	2854
2346	115	4139
1190	80	22062
9402	177	1244
9682	39	2456
8553	115	6518
2752	31	5299
22488	206	22053
2287	131	3038
3563	103	8763
7763	123	5401
6010	149	24448
25489	206	3347
9445	123	5950
4980	115	2324
9311	133	9412
5112	123	21250
9469	133	6023
4368	62	24787
8518	204	5175
23682	95	777
9442	209	314
3329	5	4790
8269	115	21916
7426	204	8296
5531	206	24948
21264	131	5699
1570	204	5175
6386	133	24448
5112	173	9953
6784	108	2694
5342	1	6147
4273	180	8461
5466	115	1799
6046	204	3567
3199	133	9801
6476	115	4023
2733	95	7731
5325	62	25338
481	106	4084
6037	173	21124
6612	174	22984
24925	62	1018
6899	115	3681
23662	206	22680
25187	115	4793
24292	80	7900
7361	62	24531
23350	80	23216
1291	115	6945
8707	123	8938
7179	133	6869
23791	115	21487
5205	80	4026
5657	95	8012
976	95	22225
10440	95	6625
1864	115	6490
2388	42	23943
25249	1	1070
1671	62	21401
5424	35	6749
9657	62	1959
23815	95	6817
24632	115	18
21268	62	22530
6262	115	5926
2533	123	1646
1955	115	798
2008	108	4790
6763	95	6697
21626	80	24730
5558	62	4351
10233	80	24730
2732	206	10086
6141	115	24773
9928	62	2201
4349	215	25227
5810	160	24239
23524	1	23619
1821	123	8238
10114	206	2874
4182	115	21180
4205	173	3917
6140	115	24513
10430	115	5382
10143	115	25071
23596	80	1520
22637	143	22286
7997	173	7823
23714	62	5122
9960	80	6869
5427	62	10079
23030	95	30
22670	209	22086
24612	115	3366
6529	131	1948
6282	173	24084
2420	143	1926
10034	62	5569
3533	206	1834
3104	191	3104
1076	143	23361
10294	123	319
24992	133	6023
1397	80	68
8994	17	25092
9319	115	4775
5832	209	21949
7432	115	3538
22748	80	6376
873	62	4982
23478	173	7455
3761	115	21999
4481	80	89
7699	206	156
23411	173	4594
5424	108	743
22531	209	25313
23526	123	22955
1477	103	23884
9208	95	312
10452	5	22137
10006	115	9352
4226	118	8579
947	206	8116
4594	80	2566
6755	115	8856
1748	115	21415
7585	80	22733
3440	80	24321
831	173	2711
2123	173	372
4608	133	9623
9697	115	2219
5722	24	5030
1497	115	24513
5141	35	10202
4210	206	22326
24114	206	6864
21599	160	2382
3224	173	22163
5601	76	2204
2727	165	22076
1703	123	23004
6721	39	2761
4278	194	8118
5188	115	24931
23467	80	22749
23756	173	22121
7535	205	8492
2588	123	1865
6386	133	24491
766	1	24007
5080	174	9580
21457	76	1244
2350	115	8156
8737	114	22682
22494	173	2169
8699	72	1999
21773	80	6023
6609	209	21132
3564	206	8100
5406	123	1646
1811	62	1651
3696	115	21479
6472	106	5769
4762	115	24774
6021	80	9240
4185	72	4185
487	67	21522
8049	51	23619
6588	62	4520
325	108	69
8267	106	793
2423	180	3638
127	123	5003
22452	115	8959
4257	72	24406
3045	80	6563
8359	80	6869
9834	173	24905
3182	62	22111
4000	206	8942
8279	173	21537
21649	206	23935
5246	108	4790
21999	80	24163
3838	123	23177
22768	113	23683
1743	1	7867
21313	103	23490
3455	80	7323
10389	173	6461
1775	123	2827
25165	58	22653
4072	39	4702
6957	115	23229
1513	173	21171
22010	95	6817
5320	205	5762
22999	108	9412
2526	93	4898
23450	205	3804
4111	123	21108
5743	204	6760
22863	26	23429
4917	133	8718
24300	1	1070
649	106	7956
6574	106	1163
5538	115	6955
21220	197	3640
23180	58	2826
22041	209	2268
23743	160	23458
8236	62	24196
3289	133	9412
22192	80	5030
1349	80	6869
6788	173	5204
10181	123	3460
92	80	6869
21880	115	4775
4384	191	2656
7940	191	7921
21142	131	324
8537	130	23257
21332	80	6271
4709	115	3308
24369	123	6641
25435	24	24998
4275	1	508
1733	160	6769
6427	115	3530
5376	173	24592
4167	206	1013
5246	35	2357
23335	115	6518
8737	39	8646
2253	108	2694
5780	143	6539
21717	151	22803
22358	206	10217
23357	146	6930
5511	115	21668
7021	6	9907
1359	115	512
1939	80	24163
788	115	3302
5173	115	2949
7011	60	9907
4890	173	22998
10314	80	8679
25036	1	1396
9270	173	25339
25307	5	748
8346	206	24044
7003	106	2274
3863	62	2448
5566	115	7501
9474	147	8003
423	72	25154
3462	204	8252
21560	108	9412
21156	80	23747
21853	180	3638
25021	174	25497
5269	115	3029
4508	115	4814
24369	1	23264
2134	1	23264
2675	39	2456
9333	209	6219
2275	66	1744
6347	1	8049
57	160	22294
600	62	7935
23136	160	23458
1393	62	22466
4818	177	6869
2172	39	9571
8199	72	21894
21389	115	8472
24813	80	22233
6798	114	21639
24307	115	1058
1783	206	22067
21257	133	89
5139	95	3690
126	123	21250
1570	183	5095
2048	35	9309
7701	115	9036
147	62	24664
9653	95	21199
22619	115	7843
5622	80	7144
351	95	21531
24175	209	5733
23402	80	6869
25133	115	22363
6094	108	2694
9267	62	23318
10466	115	2370
5040	62	5164
23267	173	9158
6349	115	2924
6990	115	5167
4689	62	9861
1594	115	1058
7416	115	4264
1155	39	2761
7569	80	6688
8946	62	5545
9295	133	6869
4005	133	8631
6766	133	24540
8269	115	5378
429	123	7301
9202	115	4269
6495	1	508
21723	202	327
2689	133	8874
445	115	2665
21564	173	2936
23571	123	5997
9270	209	25339
2231	72	1392
5097	183	21693
6552	209	6758
5983	115	4078
4199	115	8063
22272	204	7874
7498	173	2039
3936	115	1463
4095	204	5707
3094	130	1772
9700	123	21536
23975	95	8265
23108	204	3567
8645	133	3938
6945	131	22607
21474	38	24766
6673	58	2826
9505	115	6900
755	130	24442
4392	80	3992
7701	115	4139
1515	144	1078
707	115	306
2151	108	2694
7021	177	2594
24534	209	24608
3081	80	7323
5337	1	7867
23778	115	25461
24955	115	1460
8481	115	3760
7419	62	23749
1900	206	21746
6463	115	23325
6438	95	30
21960	205	5700
2914	115	22952
5128	80	22733
6827	102	9000
2998	131	21415
23143	115	6997
2494	143	22968
25034	123	7998
8098	1	23619
1960	80	5041
9181	1	23407
459	160	6214
6590	166	9126
23180	38	2900
7488	206	4866
25084	180	24595
6643	80	22621
2445	115	22245
2820	206	648
21723	202	22554
4740	80	9623
8582	80	9137
9532	123	25244
24444	115	183
8453	160	1458
2617	143	3844
23160	149	22137
22661	115	2847
5904	174	4734
3493	206	1218
396	115	4789
8600	106	8374
24095	93	6411
23836	173	21226
10127	206	378
2874	93	1414
6118	209	1752
25423	215	22768
24274	115	3963
5165	209	5703
1122	204	8565
1048	115	897
10439	183	23442
7789	133	24491
7838	62	10228
8534	123	10454
23428	115	2562
24154	123	319
10054	173	24850
6414	72	1104
8204	103	21000
24898	123	9859
8606	209	8045
5451	62	4066
21188	204	3974
25	143	25080
2103	209	25059
10329	62	23704
2049	80	1053
7083	131	7647
6366	115	24668
24238	123	25117
1383	130	35
2242	95	30
25250	22	2566
2699	115	24345
5582	206	3419
24729	133	7783
8650	93	23426
25204	183	25204
3817	35	367
8905	115	23785
3695	160	24239
7911	204	2738
24648	123	5858
7036	133	24982
5498	204	5912
24945	160	6769
1763	203	6430
1929	80	24491
5486	173	9580
1987	62	25380
8671	115	22224
7227	80	4790
24763	206	3967
1000	80	22733
8544	93	9842
21995	80	6869
22945	66	22935
24467	123	4253
21474	58	24766
896	115	9566
228	204	7054
3288	180	2076
24717	133	21395
9531	183	10321
2991	173	8992
24076	130	8293
1350	174	9580
4079	115	2816
23621	103	8942
8209	115	67
950	191	6163
7594	123	25117
132	115	22584
8986	146	23433
4497	115	22651
1782	183	885
22899	115	4939
1885	115	23721
4945	115	7337
7901	1	1070
8581	80	674
3410	123	874
9362	206	10178
23119	205	8005
21322	103	21891
4275	115	1197
6594	80	2566
2190	131	24281
7827	204	3567
5978	115	22265
24654	209	6629
25	174	8538
24773	39	9103
23797	14	1073
10489	108	9412
23793	115	9018
9048	94	22424
5320	115	24808
7935	62	24183
24705	80	7962
8648	106	2534
24135	160	9100
22714	31	6961
4475	160	6769
1155	80	4790
24437	115	4656
3921	205	1475
22568	35	6337
8251	205	23077
2803	149	9231
5731	123	7784
5920	5	21450
5033	173	233
4788	62	6324
23723	115	8156
21051	62	21401
22278	95	30
2575	209	1947
385	1	7867
5589	206	8751
5464	215	8031
25220	115	22837
6823	72	22117
22986	133	22749
6211	115	3346
1674	106	10346
22159	204	3567
22381	206	3057
21101	80	9665
9701	115	8826
4417	80	2566
1756	205	23806
23438	115	571
25097	103	6613
21076	173	3826
22211	115	5986
6304	123	24815
7145	123	6629
22652	39	2456
22343	80	9650
2993	35	7349
5024	80	22749
10132	115	747
4510	115	9123
24444	115	9335
8672	123	6572
8677	115	8067
10270	62	6889
10249	166	5777
4964	95	23115
7956	39	2009
21179	62	25108
8418	115	22926
22958	160	6769
2670	133	2566
3018	1	7867
22272	130	2711
3465	204	8252
4621	115	24390
21634	95	855
1245	115	8347
4576	115	7383
24679	204	21968
2039	80	2566
2318	209	5520
9961	22	5308
7019	173	10168
25339	80	6869
4709	205	24719
24843	108	9412
1793	39	2616
23278	95	6740
25144	115	22245
992	174	10190
24284	190	4741
22175	1	23407
7897	62	5544
1757	209	7577
5638	133	901
5778	173	9053
25445	160	9100
5377	206	3270
9559	93	1840
25051	72	5572
2317	115	24104
7946	115	5650
9308	160	24239
1144	173	23277
24787	108	9412
364	24	7783
7663	115	22950
7295	115	7383
6292	106	2509
8320	80	1136
7896	24	6563
2051	58	5997
3760	106	25177
23299	123	23085
24470	1	7867
24413	123	4574
6381	1	6421
7634	209	6293
6033	106	1261
8645	206	614
8928	180	8461
4877	115	4304
4426	90	7496
4005	39	22293
21041	160	1458
7904	24	4790
1133	206	210
5350	108	9412
24461	72	22046
6489	62	8817
22691	174	24442
3229	1	508
2970	173	6104
23729	1	2810
9128	80	24536
10415	39	4702
9297	1	6147
5451	62	7641
24291	95	855
5723	200	9821
23677	108	9228
24420	209	24830
24930	204	5912
3579	80	7900
4378	115	24132
3263	76	6869
10122	62	7824
3096	1	23407
1684	39	6058
1327	204	3567
4374	143	21766
4725	80	2566
1617	206	6574
685	39	2456
23346	123	5401
9678	115	24764
21733	210	8176
7112	62	1045
4504	143	24859
21035	108	9412
9938	72	6439
24810	106	7468
936	103	21322
429	115	2749
3774	173	24564
3184	133	8003
10392	173	4769
23236	215	25227
23803	39	4968
2976	206	24048
4188	39	21915
329	80	9849
21512	115	378
5427	62	5570
6550	206	23337
22842	115	22023
1630	200	35
21095	115	6562
24723	95	23100
24889	209	5750
25004	115	1073
8022	115	5799
2437	205	4915
2461	174	2920
10261	103	23615
25233	80	4827
8981	174	2920
8997	115	1073
6492	5	22964
5157	115	8999
845	62	1861
5736	133	2954
1944	80	24896
9258	115	23425
8980	80	7349
7733	13	7441
3959	205	24719
725	62	10195
24644	206	2911
9066	53	9309
24821	108	6869
2369	24	4790
7786	206	856
8434	204	2727
6281	39	5145
7692	115	21343
5071	177	2566
4545	209	6818
6830	205	22377
8876	62	1239
110	115	8195
7453	206	6123
24691	206	3101
4626	7	22579
4821	115	8410
3442	115	514
9780	209	21417
7099	206	200
9145	22	9875
431	206	23295
4682	115	9580
6422	206	8275
7602	12	25041
8149	177	4610
1191	80	24857
6666	62	21396
7631	108	9412
3883	80	4790
6643	114	8853
8025	62	6651
8270	206	23453
8006	209	2507
806	1	1396
1490	95	3547
21768	206	24001
21879	115	23768
24701	115	2732
21076	173	1709
4456	80	3130
3528	173	372
21656	173	22376
9782	80	1136
9877	174	21495
23381	95	22979
1909	173	10237
5372	133	5669
4631	206	2926
9732	166	25354
6095	209	6597
10495	115	2001
7631	62	23905
1689	108	9412
7308	115	2621
4859	115	18
5036	115	7141
3644	1	508
4576	115	378
10222	115	3760
7150	80	6869
24945	160	24239
22631	205	8547
21430	115	4623
4256	95	10108
21440	115	4623
24030	206	24075
23973	115	7870
7904	206	278
2763	80	7962
4920	206	8629
3494	95	5136
7408	173	9211
22273	115	21142
23427	194	1266
23128	80	5777
5560	174	24766
4118	39	9066
24694	72	21745
4664	62	10361
6736	115	21294
8320	38	9158
6851	204	5869
1185	206	4770
1099	72	8174
23029	143	8695
8734	206	9546
21704	193	461
24532	209	3917
22992	80	22424
6827	160	22294
1499	1	2810
6947	67	4790
7858	116	9412
2739	115	5212
21652	115	21479
22113	115	6506
25099	80	22137
7776	102	6096
402	115	2909
7455	76	2566
3749	123	22348
22641	115	23721
23756	115	1591
1548	115	7489
22446	173	24310
7619	206	23967
517	72	1349
9866	115	6503
6809	106	8162
5967	131	8734
24870	80	2566
8815	1	7867
4061	80	24163
9816	209	6540
6243	160	24778
21678	115	21798
7114	173	7372
6310	115	4991
2297	80	8161
22672	205	21989
920	131	4191
6008	63	4255
7896	133	9623
3024	115	6006
23803	39	9415
1505	205	1609
885	173	5089
3818	206	21394
5213	133	6961
6830	180	21625
25375	143	3262
7026	115	117
23096	62	6919
22210	115	22461
4233	123	6706
3048	205	8314
22732	173	10237
8566	123	9954
3562	115	22575
21705	106	4869
4438	131	5582
6859	160	1458
22234	131	4875
22997	80	1136
21689	115	24119
5351	115	23317
4584	115	2500
9463	115	22245
10035	1	1070
22168	206	21213
5886	115	4970
21223	115	4241
1307	115	6028
22534	115	854
6799	115	3975
10224	115	23006
5408	93	4305
24120	80	6563
1757	115	839
9878	108	743
23357	39	22558
3639	62	2708
6490	80	3683
6295	173	8325
23387	123	9775
9373	131	21252
21009	115	1857
2589	38	3200
22635	123	9859
9966	115	3963
3871	115	5382
2374	88	9757
92	133	6869
2050	95	7731
8974	133	8003
248	123	22686
4066	108	9412
1828	108	7632
8614	1	1070
7440	115	23316
24297	80	113
2585	173	5703
2400	115	21127
4958	72	8
8860	160	6769
3617	205	5201
7213	47	25311
7447	115	2855
24618	115	23138
24403	115	6035
6910	102	21726
3711	209	189
966	1	1070
776	174	6956
2973	204	2727
9302	173	9485
10047	206	1098
3480	173	6275
3058	80	2566
1417	80	24730
8707	115	4385
6362	80	3944
496	215	23976
4063	123	3704
22523	62	10380
7311	160	9100
3382	93	10426
24486	80	6869
2863	123	10384
8480	123	23996
23157	173	10258
24558	115	9147
7131	115	4591
9095	133	2566
8518	210	4002
2887	62	558
8469	1	1484
23715	95	10108
4476	209	24924
6885	80	24163
24871	152	21123
9187	82	7508
3576	115	9585
22408	106	4167
4400	115	1379
21376	133	2630
2086	173	24830
2081	174	2711
275	62	6253
24457	62	24674
5720	184	3433
8564	206	7804
9014	215	3134
22696	95	2519
22376	80	2566
6716	95	4094
23865	123	9619
5281	190	7554
24590	173	5412
22771	82	21910
25077	162	9156
22847	6	952
10167	209	21088
3800	72	4767
3295	115	3785
9942	93	22712
9184	187	3893
4534	80	9875
6581	115	7539
22466	62	7890
1533	80	4790
8172	38	24107
170	80	6245
3007	115	10319
8291	62	5928
6803	63	3397
629	204	22076
7459	209	8057
1682	131	6469
5760	115	713
8391	115	1753
8968	106	1447
3099	115	8110
21044	93	21350
22745	1	7867
6714	115	23177
1428	173	23035
9354	206	2476
5963	174	6275
3592	62	23700
7110	160	22294
7977	209	4060
6396	115	7381
9238	108	9412
10100	115	23985
6859	160	21905
300	173	6275
2359	39	2037
25199	115	21789
6177	174	21495
872	115	24770
5087	160	23458
1780	209	8992
2595	39	2761
3212	123	319
5647	115	2848
8336	206	2692
6164	80	2011
9251	206	21727
22667	123	353
5222	206	8589
4918	26	9427
3610	80	22601
21106	95	8012
2946	123	2754
3040	206	24353
9441	115	23911
10253	80	2587
23063	95	3445
24033	123	4315
1392	24	9228
651	80	8703
21091	130	8293
1627	95	22225
8806	106	5673
21284	115	23591
596	204	2430
1700	1	7867
1238	160	6769
22758	115	5000
8944	203	24803
25312	1	1070
25469	115	6842
1782	174	24578
10141	149	4790
8315	115	3792
21355	93	21070
24004	95	1664
22916	115	8415
1497	115	22698
2627	115	9610
1988	108	9412
3098	93	24846
8578	115	5475
23236	160	1458
9705	174	6275
1287	209	24286
5271	133	24448
4997	115	21815
24830	39	2456
2722	160	6769
9503	207	355
638	115	21423
9912	115	5623
2780	115	4878
3806	183	5065
5605	206	1950
4740	133	9412
23371	1	508
10489	62	1935
170	80	5299
22996	209	25087
25488	123	24495
6254	80	6869
5654	80	9105
3173	133	8906
3412	24	9907
25425	24	4716
21667	93	50
9365	209	22354
1532	123	1034
7393	184	8582
23170	87	21073
9772	5	22391
8787	115	23721
23245	143	2155
23855	215	3134
4958	126	24656
2682	143	10072
21774	205	9989
24440	204	22743
2263	95	8512
8295	103	7567
8991	1	23264
21564	173	9619
3715	80	3009
8248	24	21996
23353	133	6430
3130	62	24014
6528	115	22582
21991	174	5997
9085	115	22952
8167	123	23866
22140	133	69
2306	115	23317
3077	35	7783
8259	154	21450
4911	115	21102
9452	209	25443
21761	80	8809
2177	123	8630
8106	123	2089
4196	93	21994
21047	215	25227
23478	115	23893
2646	206	704
540	80	22733
2254	24	23747
10337	1	1070
890	26	6158
666	173	1884
6108	115	23768
7772	115	22380
6635	149	6563
7517	205	7940
2795	173	10336
1023	123	8810
22595	143	21622
3408	115	9093
24942	80	2566
10147	123	5401
23067	26	23429
21762	115	3682
4139	80	7349
1072	62	21593
8658	115	5603
1043	146	24382
2423	95	855
2504	1	508
21149	62	10380
7163	115	512
5158	209	9577
2871	115	8699
6445	143	8484
1319	215	25227
23012	72	2531
8975	209	7544
4937	123	8621
21477	115	23004
6911	115	6493
606	115	4771
23796	209	9672
9670	115	9520
21415	206	10086
21064	174	4701
5204	206	6061
7179	133	5669
6681	183	3611
105	143	21862
3134	105	9467
8285	115	23325
6388	209	9067
8082	22	2566
7864	115	3168
9529	173	5997
6484	154	22621
6887	1	1070
1062	160	9100
5560	210	3546
3748	80	21338
3099	173	2446
7035	38	5997
23727	160	23458
3003	123	23735
10385	209	1713
7545	115	3117
717	62	24407
24930	5	2566
22176	136	945
24019	38	9456
24441	130	2962
7074	95	855
628	200	23131
6359	1	508
22962	115	4775
22069	194	22437
22796	115	5303
5270	80	9412
25414	173	22402
5867	62	2337
10088	108	2694
5101	80	2566
23346	115	23708
4287	143	22048
24299	108	9412
9138	103	9115
6925	39	1052
6816	93	7937
190	72	1314
24970	123	912
22646	209	6540
335	131	7143
858	206	8346
2201	62	9928
25220	123	5971
2282	205	21575
22743	51	22076
151	82	23165
2312	173	2033
87	62	3353
6354	62	22207
2116	205	25246
2577	80	9541
33	72	21412
7792	1	508
5758	53	6869
2892	80	5943
6773	62	21940
22548	62	23393
5177	161	766
4729	95	8775
3395	209	4633
23531	1	23619
3515	115	7539
1236	80	22424
22138	115	6944
23474	173	8293
25120	173	3323
4832	206	9293
1163	206	7521
3395	205	8122
2686	108	9412
22099	123	10237
3718	200	25298
1561	80	2566
5116	133	6668
1860	173	2227
7943	106	1314
10083	173	6493
5697	1	1070
7601	115	25453
4321	62	1268
24153	131	3564
21104	173	4662
22303	133	21123
22647	183	7788
5302	35	5829
9902	115	8347
2549	1	1070
6578	1	1484
24143	206	21523
2441	173	4568
7239	115	4417
9754	204	22880
23324	72	1092
4051	210	7157
4934	76	24784
8641	95	7711
22997	80	2566
2957	80	22137
24194	115	4236
848	76	5669
7808	123	9852
21740	173	4130
22257	62	6001
4480	115	5108
6241	88	9757
6196	1	1070
8803	103	8998
7787	80	6869
23510	76	7201
6017	80	3944
690	115	8442
23010	160	23458
23372	115	9853
25317	133	6563
6332	95	3690
1354	133	68
5879	160	1458
8257	93	8278
22232	133	8099
10113	206	5192
7666	130	22801
1013	80	7834
2477	173	2789
8085	95	7585
1662	150	21775
7028	103	2771
622	108	9412
5611	115	23147
21566	80	24491
8316	204	21968
3540	80	6023
5079	123	23004
1228	24	22469
7095	123	7984
23243	67	24998
1648	88	722
23763	62	8482
1203	62	2137
4385	80	24110
4366	123	9859
5589	203	6058
21671	103	10176
1099	106	25052
25285	133	24491
9399	206	22070
6996	180	6648
7744	80	2566
7115	206	25157
3868	160	23458
1447	106	3493
7362	126	1099
1499	115	8603
9150	62	7605
6637	115	21629
6790	160	6769
6837	76	22749
9287	209	5733
2841	92	6694
6910	160	1458
2981	115	8371
7465	205	24941
3195	123	2492
8298	173	1884
2787	123	24174
3397	80	7398
24140	151	4765
21037	115	21487
295	123	22159
22736	115	8699
8081	115	7462
130	160	2382
24637	133	6869
7333	90	23975
22141	1	1070
1015	206	22372
5747	200	25298
8619	123	5003
5867	62	2415
2247	93	5846
8171	123	10067
6602	206	21355
2185	115	6846
3193	204	5869
5011	184	4809
9740	204	8252
4551	123	22239
21335	115	2108
24306	209	5838
24440	210	22684
22648	173	4589
21504	106	23015
6210	42	23943
22377	80	748
5525	206	24362
2179	80	2566
24862	108	9412
738	204	2430
7036	206	3514
25155	123	5401
8291	62	7076
7939	143	8616
9631	173	2507
6813	205	24286
22957	115	1951
9385	130	6956
2724	115	21131
21051	62	9545
24809	115	1261
9043	62	9190
1981	115	3548
4115	1	1070
4458	26	1695
23954	115	22432
5608	80	6869
287	106	9876
22726	209	22695
24524	204	22076
24242	131	6746
8191	115	6544
7856	173	925
21226	80	3817
4838	108	743
3340	115	23376
2638	160	23458
9834	115	22396
5831	1	5851
22214	209	3206
4468	80	23578
56	95	10452
8239	80	4610
5301	123	1836
24481	80	2630
7389	206	630
9853	39	2456
8422	204	5071
1115	80	5943
9192	130	5252
7690	106	6030
484	133	6563
7058	190	4741
6779	205	6072
24394	115	9853
3090	22	22296
24176	106	5650
3861	115	2924
25364	115	4927
6241	62	9757
1712	204	10109
8181	174	9580
23519	206	25241
6106	115	23708
21991	123	4900
23039	80	2566
10098	131	1711
21767	35	4119
7492	173	10318
4833	80	1244
6464	149	23677
7913	173	3940
21279	209	10410
8980	80	9105
3202	108	8906
6078	115	1434
8817	62	4604
21924	115	2126
21843	123	3904
1596	80	4001
7177	130	191
10394	183	1562
21291	17	6700
10218	206	25178
21297	133	6023
6184	123	23058
2167	115	9067
25420	1	23264
25079	174	21134
3833	115	8861
7	80	6869
22661	123	23009
5590	149	9849
5403	72	10047
8145	123	319
22155	115	22625
5229	115	24942
22330	173	10282
1062	215	22768
21252	80	2566
10386	62	8291
8104	106	436
3195	115	24232
2350	115	2692
24718	1	1070
23589	103	1289
2025	115	2909
6689	115	8472
7666	123	3904
23932	115	25210
5688	115	1094
2985	39	5470
21859	115	3287
180	183	10090
23433	92	1886
1881	146	5495
1798	115	7128
24223	204	7054
3051	133	9849
2622	95	24422
22632	133	5934
21316	160	23458
5731	115	3267
10362	115	23985
24603	123	21536
8190	123	8450
3068	35	282
9968	173	21208
3704	38	9595
8491	115	24997
7214	115	24714
7624	115	4920
8944	80	24803
328	26	6113
22330	209	10282
6326	115	4023
7328	160	6769
1175	106	7912
9003	209	8881
3699	174	3413
24321	150	2833
21693	183	25049
23612	115	23708
3906	123	21429
21104	209	7084
8876	62	4583
8557	80	22733
2967	133	5669
22914	80	22171
4881	133	722
3823	115	4628
3688	173	10258
7857	115	9196
3276	165	22076
4656	133	6668
25349	115	286
10086	72	9945
22594	173	4944
4261	160	9100
21782	108	9412
22093	115	604
25431	6	2694
838	180	25206
7300	115	4019
3161	204	24951
24011	123	3704
4079	173	2857
22195	115	25128
1780	115	21283
7061	173	21447
22609	115	9563
1699	206	25294
2669	123	679
6492	82	7225
9516	26	23429
6172	103	2559
9746	1	3891
1942	200	25298
21593	62	2539
8284	115	4362
4224	123	8621
7204	115	22343
23373	209	154
21843	130	2920
1232	72	4767
6138	177	2566
24234	80	6869
21241	1	1070
7695	154	22469
7125	209	3208
3195	115	1137
3556	133	22749
3513	39	9715
6057	173	6850
5130	80	5299
1670	108	9412
7302	149	23463
22857	102	6096
8760	80	2566
9238	62	23439
23163	205	1609
3140	185	6079
5698	72	23869
6338	115	10359
8441	22	4160
21888	115	9371
6081	205	7973
8438	39	9732
947	131	21204
1442	115	9093
2969	42	1231
24702	1	1396
24434	115	2986
22491	133	23037
6488	133	22424
24383	133	2566
25010	183	7802
1076	22	4160
1519	62	21724
24370	115	409
10150	133	24998
2964	102	24328
5902	133	22621
5239	48	9566
4378	115	3160
23671	150	2997
21952	62	21003
8208	62	6832
2668	115	4645
6353	62	21582
1687	146	21513
5806	80	6023
7786	133	4971
3467	39	2037
5902	80	22621
22691	210	24505
9120	206	23012
25218	133	6869
24639	108	9412
276	206	8274
9079	123	2018
21498	80	4790
3224	204	7874
741	95	3778
4520	108	9412
948	196	1479
7984	204	8485
2872	103	21823
23898	143	23986
22813	80	22733
1958	115	21303
22281	123	10282
6137	115	4671
5950	80	1247
3953	115	3244
24987	39	5593
22442	123	319
9702	95	3499
7700	1	2810
297	115	4093
6507	108	9228
21885	115	21343
21723	166	7820
21240	115	25492
2596	80	5935
9287	173	5272
23822	80	22255
7179	206	10333
7726	131	25188
5137	115	3760
950	133	9412
21337	205	8502
2799	131	3200
5617	115	8408
7087	204	23070
8857	115	6981
8220	80	22568
8695	210	6539
7175	123	9937
22776	80	1964
4218	58	24578
6125	131	447
6964	115	3238
3903	26	8184
5352	76	3944
4492	108	9412
9291	95	4094
5661	169	21696
25395	180	22180
4682	115	10406
2412	80	68
4578	80	4473
4904	115	9465
5473	115	8246
2835	206	1718
21687	215	22738
8240	123	24622
24729	206	3065
7666	174	22801
6043	115	5708
2802	80	9228
21410	173	8659
24097	209	23960
3	93	24199
9546	72	4057
5547	115	23911
7950	115	8044
10337	95	8512
8742	148	1070
35	204	24951
8863	209	6204
21678	209	3911
6328	80	3683
25456	67	4790
10392	115	5913
6535	173	21208
8066	115	6519
23858	115	3372
23047	39	4341
22183	115	5239
23162	183	4294
1889	133	24448
2008	189	7454
22573	115	2855
2051	58	1681
7364	183	4558
6073	180	24269
838	173	10154
4654	115	21824
4286	80	22568
23367	80	6023
8340	174	24296
24033	115	2909
9660	204	2727
8820	115	24735
25474	173	21625
10428	1	23407
6373	80	4985
6294	180	6419
7827	130	21598
21276	80	22298
21978	206	22788
9039	108	2694
8942	206	23621
9125	58	5380
23725	26	261
9493	115	23708
902	80	2204
5209	1	1484
24957	115	21824
25471	80	4026
9587	206	22560
3934	95	1216
6256	115	1188
4337	133	23730
4454	204	22076
7727	209	23077
1943	92	8938
22231	115	4708
22058	123	6371
1171	62	21998
5217	183	7988
22420	206	8267
23353	80	6430
6998	62	6268
7880	102	6096
21996	163	2532
1257	160	9100
7119	115	6806
8023	160	9100
23849	95	6625
5928	62	2166
21687	160	9100
3815	123	24819
9439	130	22984
914	173	4701
22536	191	8052
8752	115	21175
24687	160	1458
8506	115	25452
5904	173	4734
3472	93	4612
22635	115	6846
654	205	7973
2543	106	21633
6835	80	9044
6592	131	2062
21013	173	24608
10158	80	5299
6874	115	6846
9622	62	23788
25197	80	2587
7799	80	6869
9161	58	7363
581	209	22865
8662	206	8274
24030	93	4631
3454	173	5148
21301	115	23461
2569	115	1837
1040	95	1566
10479	34	23427
7149	209	23132
4104	80	5299
6955	92	1017
25020	62	2448
3780	133	22472
21227	130	2711
2560	80	9623
10241	123	3571
3482	115	21209
24386	133	8478
6804	103	8737
965	160	23458
9484	115	5378
9796	1	1484
5503	115	6017
254	165	6138
3461	80	24163
4723	62	3863
3426	204	2927
9057	143	21381
2555	115	2393
23250	206	23888
2785	80	22137
2513	204	21189
22842	115	16
8608	123	9619
986	206	3831
3884	206	21355
2189	106	22602
10269	106	2592
21544	195	5071
1381	1	1070
24783	115	23376
21563	206	1376
10160	95	7585
22693	204	7867
6592	133	3944
21031	115	6144
23291	115	3109
24099	209	22503
6941	206	21746
3518	95	24635
9508	133	21136
21126	115	7689
22672	1	6421
1881	146	2598
7977	1	508
24871	51	22847
1310	206	2913
7802	22	24163
7988	143	5217
3927	115	5920
23456	106	22915
23261	34	10479
7217	95	22225
5702	115	879
5862	133	9878
23674	123	6383
24618	209	6758
1298	115	6904
7406	209	25145
7057	106	7164
8501	114	8853
10285	80	1515
22179	115	22687
4802	93	21526
22346	209	8383
1819	173	5272
1887	115	1753
4377	115	10162
21143	115	9318
7236	80	6869
21647	103	4519
7766	173	24850
7410	80	2566
10293	205	24678
7232	67	9846
9545	108	9412
8871	95	6697
3419	133	2566
6591	103	4572
24417	106	24057
21843	183	4109
2370	80	6869
5237	133	22621
8058	133	6869
24416	39	6058
1958	1	508
10421	115	25159
3966	62	2858
2791	115	6690
21699	108	9412
23302	1	7867
4958	170	22382
24649	115	25357
1507	133	9412
23576	115	1276
23092	92	2234
2499	35	8640
6994	206	3645
3877	115	21302
21419	209	9937
22450	173	24895
9431	80	4160
1840	93	5192
9064	209	4468
526	80	2630
22080	204	24951
5725	80	6869
6530	143	195
6424	123	5401
23145	39	23304
8988	58	5047
6890	62	21911
2806	123	23996
1012	115	1857
24599	123	10075
800	115	6233
8622	106	24497
2400	115	4811
10261	80	1078
3718	123	1530
24687	160	6769
3711	115	22020
1457	115	4771
2741	92	3799
10469	123	7754
9400	24	23747
25243	80	9481
9676	206	1736
2485	209	6500
22107	53	22037
1401	103	744
25295	123	10242
21311	62	5599
9834	115	24404
7125	123	10447
23145	116	9623
8095	183	39
6637	115	1232
22265	80	2566
6964	115	22020
618	177	22296
9546	72	8134
7268	1	508
23892	115	4426
24259	115	7931
25174	108	2694
1062	42	8667
7525	183	23089
8774	133	3683
4865	205	9032
4373	115	747
4685	80	23979
25220	1	508
23148	209	23199
6947	80	22621
282	108	8809
8737	133	9045
6743	39	9715
21216	205	21868
2797	62	7112
23509	133	24448
7001	173	24960
24840	115	21197
10433	95	7159
7508	133	9309
606	115	4264
22858	115	6503
21727	106	4075
23034	88	722
2843	95	30
21968	51	25196
5866	115	983
22238	174	25073
2648	48	21473
1557	173	24145
921	210	23891
4875	76	6869
1357	80	9757
8026	173	9356
6648	80	22221
23016	115	22824
10292	62	4550
22517	1	1484
1879	108	9412
2551	215	8031
816	173	4532
8333	95	4144
3170	80	24998
9738	95	22225
844	123	3529
3826	58	9076
21596	80	4971
6565	206	9727
23623	123	409
10426	206	554
680	160	23458
21281	209	24905
24380	85	23459
9766	102	22495
22165	133	9412
2564	206	343
6829	1	6147
4227	115	8879
8216	115	10485
6224	180	24830
9513	209	8045
6405	204	1156
7282	108	8809
21486	115	428
23766	130	6011
24401	1	7867
4137	114	22299
21819	115	2902
23502	115	4478
529	204	22529
2231	80	23677
10011	1	5207
2541	115	23817
5045	179	24388
24718	115	22274
22118	95	23177
22617	95	22910
4196	206	21994
23644	62	23646
9061	53	6869
9097	173	189
4450	95	23015
6104	72	21934
7823	80	2566
2974	35	23554
21265	106	5116
8394	123	584
9932	106	67
8476	143	175
10242	80	2566
8901	1	508
5341	133	9412
8689	115	10330
3048	173	23035
6453	143	3672
5954	115	6955
6939	123	8858
4580	115	22742
6820	115	423
3191	115	21209
22757	62	21433
21057	160	22294
10114	80	3509
2582	115	4811
5377	106	25221
5996	90	21580
3307	173	8172
25156	215	22768
6964	173	1837
6576	204	22529
1748	209	6582
6291	115	1232
10470	209	1635
2976	93	24048
21223	1	508
2593	190	2517
5292	80	24110
23246	87	6058
9632	209	7971
4779	1	22504
21200	130	22984
7914	62	356
7525	143	9628
4090	106	10445
6310	115	7392
8389	1	508
549	1	7867
5396	103	3235
7684	123	319
8325	204	8252
326	67	9412
3455	206	22051
10158	80	8874
3600	115	16
1514	209	8635
9530	115	1129
6812	1	7867
2007	12	23426
21095	209	5403
10464	35	22466
2012	80	3095
4390	209	1857
22284	210	25454
21932	131	2482
23296	173	5997
8677	115	3655
6381	205	22216
6787	95	3690
9350	5	22137
1036	95	3547
10043	115	4986
8388	62	3639
5087	160	9100
5211	143	10137
24183	62	7935
3304	115	931
7166	115	9326
280	1	778
1773	26	1695
24258	206	4470
8744	123	3516
25485	173	372
10352	206	23942
22241	209	24012
9743	206	24333
1264	80	4805
7261	173	189
4655	80	24998
562	146	4303
5241	123	8992
7838	62	7691
5922	133	6563
21489	173	1884
24975	78	23076
23535	123	7680
24326	106	276
6579	115	8761
2854	108	9412
9708	80	24163
21515	115	8361
21084	204	3567
9347	206	22441
8846	115	9153
10349	78	5859
21819	115	378
3064	173	7703
8623	166	21280
7940	191	21937
23616	80	21796
22126	123	632
6467	123	8858
243	183	8073
713	80	2566
22950	90	5233
7047	123	3516
22640	114	7630
8700	123	21220
25050	35	7305
5914	174	22149
24680	106	9974
21712	108	24998
1783	149	23730
6940	115	8195
8531	80	486
3838	95	23177
22920	206	22870
6631	127	22579
289	173	10282
23100	80	2566
21251	80	7900
4221	76	9875
2459	115	10162
24681	62	21753
8020	173	22222
21042	115	24852
9658	204	5912
7026	194	22437
4497	95	22225
3175	115	8175
4100	202	4026
23070	74	24074
1962	205	5907
24469	80	1080
22835	106	880
300	204	6138
429	1	508
8563	26	7357
1599	206	9999
8945	39	1052
8788	180	4127
6895	115	23985
9237	106	23843
2849	1	508
445	115	10238
1258	210	5059
9929	133	22137
5691	80	24295
25029	115	2749
1821	209	8238
147	62	23883
22306	190	6079
4701	204	5071
1381	123	22567
4432	123	22813
96	106	24739
8670	209	3454
1677	95	3778
24617	92	21483
64	14	22280
23545	115	657
10035	209	24034
8413	206	1390
3340	194	2870
1552	115	1994
8614	95	8512
21699	62	4967
3061	115	21375
24243	133	9412
5406	115	3986
6049	80	24536
25234	24	69
6663	62	218
10341	173	4678
24356	1	1070
8194	1	7867
3020	62	22882
5763	115	21319
5221	80	5299
23914	206	21000
22982	80	22579
368	115	5976
22755	130	22942
22623	115	22015
25490	95	6104
1969	62	3043
24033	115	4661
1532	130	847
4182	173	7410
5590	133	9849
9780	115	3756
21975	209	9539
22776	78	1684
586	205	6498
965	42	23683
2434	206	24082
6203	206	8456
4084	106	481
8864	123	2492
24365	173	3917
3145	80	21352
4923	143	6670
2026	209	21521
770	62	6666
2836	123	9606
3571	38	25149
22625	90	7658
1166	115	255
2937	80	1983
7510	205	3804
5444	17	3419
24314	102	23683
25142	93	24030
9292	123	22567
21265	72	1007
4681	62	22711
23006	80	22733
3658	204	3567
21243	62	23259
21186	173	895
1590	115	5236
8089	173	2624
8373	103	9224
22876	123	8238
21834	24	4790
21608	160	24239
6115	206	21394
23390	80	7900
6984	80	6869
8509	115	3904
10387	80	8679
5881	18	6138
2138	115	1232
4825	80	23308
8971	115	8472
3747	160	24239
24228	133	22621
22333	115	4771
6282	123	23384
3602	206	1979
21719	93	24509
24479	206	21690
3560	63	8138
3441	26	23118
6289	39	2456
9094	115	9326
3056	151	23917
10347	204	6138
4530	115	24041
1047	76	24110
7237	115	21871
7808	180	9904
8632	173	9526
25405	123	2901
3387	103	10217
3037	173	5089
3484	204	6138
25229	123	3097
1672	133	24730
9924	204	7054
21145	115	5842
22672	115	1472
8526	1	1070
10462	206	9482
6724	22	22296
4368	62	2546
22791	106	22602
3893	108	9045
4407	115	1233
569	185	6079
1242	115	5516
1319	160	23458
5307	206	2726
8422	183	258
24496	80	10371
722	62	5981
8678	209	24206
8721	173	7455
23405	80	2566
25087	80	24998
3402	160	24239
8279	115	24041
3769	173	24973
22534	115	22151
22118	209	23177
2898	80	2566
1755	115	21142
107	39	4717
4363	115	10253
1563	206	9362
22324	205	5201
7849	123	25140
21940	108	9412
8278	206	25411
4502	116	8809
2549	95	8512
8752	209	21067
21263	115	897
2066	62	7375
24673	62	7897
1674	93	10346
10235	136	22109
23079	115	9153
5443	106	5382
237	35	7349
24285	184	8292
23967	72	21910
10169	115	24317
9872	173	5986
5503	115	7422
2939	115	4317
604	82	3171
24429	103	5550
23576	209	7617
6567	106	3713
22064	108	743
1944	92	859
6640	173	71
22944	76	4790
23654	115	23128
4427	123	5743
9155	80	24163
4014	80	23216
4178	115	6150
8825	95	22910
24485	146	1881
6889	26	5350
25400	123	1530
928	115	8879
10084	173	5997
3303	206	3065
5510	108	9412
7952	1	1070
7529	1	508
7926	80	6869
7700	115	3032
7583	173	2937
4231	183	23813
22113	115	22837
2689	80	5299
164	101	10479
21635	76	5480
1223	62	73
9966	115	24965
3157	123	3460
9637	78	25394
5110	115	22748
5634	205	8712
21700	80	21556
21920	80	327
7013	173	5245
22151	133	6101
2591	209	4056
9555	133	4790
819	82	2320
22536	206	22680
22510	190	6079
5218	115	1460
3875	108	5063
1715	205	1195
4622	173	25410
21541	115	6903
21400	103	4223
3214	174	8538
23872	39	21841
25193	115	5048
5247	205	1582
22695	90	4861
4806	160	6769
22697	72	291
25217	115	7744
620	209	3401
23549	209	22955
24590	95	3547
9628	173	4701
7568	62	2035
3034	106	9520
21234	206	7590
2445	123	22567
5059	123	4218
21839	101	5011
21752	1	8049
4443	80	2566
24934	133	4790
8662	133	8874
24710	123	3736
5857	130	25497
5294	106	24044
9800	149	3124
23691	143	6913
475	103	5964
6964	115	1823
7151	133	9228
8493	179	7349
21027	62	2439
22546	115	8347
24587	115	7979
22330	115	2909
3802	123	4719
6373	72	6163
2375	183	8872
8676	209	8239
10096	123	2335
8887	115	5708
4277	115	3558
205	80	22733
24181	123	1635
10465	72	8798
689	173	1681
2505	115	23613
10245	115	411
6385	205	21575
7537	115	3372
8016	80	23037
5805	112	8714
5889	206	348
22100	209	23598
10230	133	5454
8071	133	9481
2963	173	24850
21985	80	6961
21430	209	23515
25179	115	1999
5864	106	5222
22126	123	9107
10313	115	2584
6249	58	4900
7030	53	6869
990	115	7192
7305	150	25050
5048	80	6869
1386	115	4973
5914	123	22149
6012	206	4347
25208	115	6150
23681	115	21999
7043	115	1586
23700	62	7800
7054	18	23070
7800	62	5635
22492	123	7455
23950	143	8166
23535	200	7680
1402	115	25369
23281	136	6869
9170	26	8184
2669	115	426
4853	95	9456
3703	1	23407
8856	80	7575
1760	209	23085
4417	131	3120
10470	180	1635
21683	209	24159
71	204	7874
2627	173	4763
23112	160	9603
8991	115	3655
2397	123	8659
2226	72	5260
6074	115	24500
9576	209	6843
8293	80	367
21065	80	6869
2389	115	3366
3093	102	24328
7297	100	743
21707	80	22964
8900	209	1799
1245	173	4662
24294	173	6969
4463	95	23645
4479	133	6023
3948	115	5432
6764	115	25051
6896	1	508
9466	62	24051
4598	133	5094
21630	62	22257
21228	115	10045
1370	39	6058
527	115	5402
24781	204	618
22990	151	9560
562	80	5299
3188	115	10175
8728	133	2566
5696	206	608
23738	39	2037
9708	58	3647
3569	183	24505
10230	170	8395
845	62	9979
21349	115	563
23725	108	9412
8944	101	7282
8509	1	1070
8614	115	5941
23055	115	2749
21994	103	4196
21182	1	508
8777	106	25171
9809	206	24258
23983	173	25038
1601	123	4488
23748	173	1087
24525	123	3317
7608	51	22076
336	130	8538
24481	146	21513
6143	82	6439
4079	115	2902
114	131	24281
1161	80	7900
1601	115	6737
3625	123	2507
7299	173	6225
9704	115	4917
8260	95	6740
9969	180	24595
7635	1	1070
23408	35	4106
4629	82	6804
3596	123	491
6187	39	6058
2052	62	5599
4080	106	4453
8423	205	25246
21575	80	1515
21430	115	24424
22433	115	4385
6341	123	23009
9019	38	6275
8773	62	6257
1784	80	1136
9099	160	6769
4977	80	23677
21136	207	9254
2997	108	9846
6485	209	7592
5236	80	367
4668	80	2224
21262	129	5777
23314	160	24239
6777	80	89
907	115	24758
6234	1	7867
40	1	3359
9496	160	23458
5818	103	7942
6013	1	2810
21335	115	5926
3451	177	9412
21387	115	8109
10031	209	2876
7173	115	3427
7038	143	22691
4151	80	6869
7378	206	7155
6707	209	9110
21520	205	25161
5694	106	1013
3510	115	8139
23153	62	3220
23980	115	24870
21954	143	23656
2768	173	7975
22899	115	24838
3444	204	8296
1138	115	8361
9209	115	9964
2699	173	4197
4100	7	952
7871	115	22374
10086	72	2998
5192	133	6245
9315	95	1039
21828	115	21142
23415	143	783
22444	151	7799
2753	123	1387
364	133	8099
6063	123	1261
3522	209	21090
7784	131	3730
4211	173	22511
9174	115	517
23462	1	1070
22763	5	3795
24799	18	7608
4101	115	9853
24947	115	5231
3289	80	9412
10403	149	25195
8348	123	5401
9471	160	6769
7053	148	4341
2801	183	9561
22349	115	24666
7172	206	5789
234	80	7834
22110	173	25410
5823	178	24909
1823	90	23729
9581	173	6500
5127	115	21274
8052	95	21366
4925	205	23401
1956	206	10201
436	206	25205
101	80	10301
8720	215	8551
22319	115	2452
7305	129	25050
6479	115	24828
6491	80	9412
2299	31	10361
1393	62	22867
4153	123	10020
8574	123	22763
24043	103	7536
7593	115	25023
21927	166	2630
8163	115	369
10078	143	23659
22696	173	372
406	115	6084
23848	80	9801
21895	203	5896
5755	62	23700
3550	206	25280
3015	115	25293
7764	174	25497
24963	158	9852
498	116	23747
8160	115	5608
5423	115	5423
4764	66	2172
9292	115	23161
9955	123	9859
24664	62	25380
3501	115	7262
9845	38	267
2769	204	3567
23455	204	24951
533	206	2921
7514	130	8842
22731	115	3221
24809	173	5994
9483	115	23902
24054	130	9619
3390	173	22998
24006	95	1560
10435	80	24491
1184	106	9817
21147	115	5990
23366	115	24430
23241	173	9953
3132	115	6233
9378	206	21781
23632	80	1078
711	123	8189
3516	39	1091
9251	80	6023
9750	206	7028
22095	159	2181
5380	58	24517
3890	115	21900
1023	115	8810
1320	209	7003
3520	200	2920
9783	115	25163
9921	115	21217
5123	115	8449
22130	204	24951
4953	115	22022
9558	115	8175
10031	123	2492
9430	215	9502
21335	173	22843
3584	35	6000
2309	143	23794
6160	209	22443
24244	115	23161
1886	92	4906
180	210	1054
6596	115	6601
1451	205	23401
1582	133	24491
8937	115	2158
8886	133	9412
21934	80	2566
2220	206	5681
29	204	21968
6277	160	24778
7496	115	4426
962	210	105
9164	160	22294
6049	80	7848
6726	1	778
24953	209	22686
3352	39	5178
4373	115	5913
961	133	89
8211	62	522
25003	173	9067
4646	210	4749
9592	206	4125
22416	206	23453
824	90	5233
22174	80	21522
2922	80	24494
1967	58	24930
22693	38	24764
21267	123	4265
1012	115	2030
4847	80	22819
7662	115	6753
6523	1	9396
2714	115	24735
3288	115	25023
25326	183	10422
21703	100	2625
2816	76	5669
23667	1	778
8906	129	3683
4013	103	2935
1826	106	21581
1596	5	21123
25111	62	4689
22916	173	583
21043	204	8252
2904	115	5289
7302	72	25477
6116	115	9960
8725	173	7489
1735	115	9964
545	210	4894
9659	115	22807
22524	108	9412
143	88	4119
10448	204	22076
7386	106	10343
10007	62	24209
10146	1	1070
1106	115	5516
21574	115	9448
24221	78	3136
1085	80	7575
2808	93	6756
8994	184	3011
2068	174	24310
1401	133	2067
21035	62	25061
9850	131	52
21392	93	929
2890	95	22225
2089	204	5912
9918	206	5698
23005	93	1193
23505	62	441
22868	115	21175
24211	149	7834
9950	115	9010
10370	115	25369
22955	106	4019
4481	206	24173
7076	62	6268
8913	115	1817
10471	123	5089
3026	173	5089
21666	123	7861
23086	115	4596
7403	174	25149
8963	143	2983
25041	106	21255
549	115	3216
24443	209	23286
4455	80	2566
24853	115	1951
134	62	7235
2689	206	21595
4425	143	22679
5412	80	8718
532	80	7783
9289	115	22991
10479	34	4278
1746	206	9255
8939	115	5303
4909	123	2973
4648	160	2479
6554	183	6985
2958	143	23245
24824	173	6104
2590	209	7003
21093	80	4918
2938	206	3533
3419	106	10129
9017	154	24998
22405	131	4694
6749	35	24272
4866	72	8855
25228	39	7746
24019	58	22080
4042	95	9410
22816	115	3670
9661	108	9412
5755	62	6684
21300	143	2278
6053	115	23583
356	108	9412
24002	115	3205
998	130	22149
24637	80	4610
7570	130	9158
3881	102	24798
24437	209	24866
24683	123	25151
8778	80	23308
1540	1	24007
9864	206	21555
6116	1	508
1255	91	23773
3704	38	23709
23914	106	21857
1483	115	2624
1038	149	22469
4991	133	6869
22144	173	7929
5173	115	2296
24379	80	4610
5188	205	7940
4841	24	7423
23302	123	21629
3390	115	21479
8730	115	10057
9123	80	22733
3966	62	1825
2568	95	9114
25096	130	8538
7311	160	24239
7154	62	4334
25400	123	2754
3820	106	10352
4733	204	24951
6477	80	23608
6938	95	8775
21884	24	23747
21029	80	653
22899	115	8847
2853	35	22592
3542	115	5680
21966	95	312
10228	62	7276
237	35	1068
21666	173	4944
21827	173	8207
22397	115	6300
2657	106	936
22131	95	24035
9631	209	2507
8265	38	8775
3254	80	674
2733	115	23721
2272	115	24292
3864	95	6697
1902	173	2468
23981	209	21108
5854	80	1971
9477	206	23263
1907	62	24903
3859	180	23833
491	80	2566
808	115	7006
8089	115	3272
6745	95	3499
2961	133	24276
9728	82	4140
4030	209	7084
3161	204	8252
5960	1	1070
3269	173	22189
6914	206	1439
24141	204	6138
987	115	8753
2859	80	24730
6713	115	5938
9414	80	25050
2093	143	6771
22484	173	23082
4154	72	8044
21367	80	2566
3504	115	1789
8391	115	9421
6317	115	21813
2323	143	22122
7026	184	1635
4524	115	8090
8376	62	371
7122	173	23082
1470	133	3636
9159	115	1605
5768	123	4036
2103	115	8053
1384	62	25324
23834	62	3966
5517	115	4556
23505	62	2852
397	204	8252
23616	93	3928
1118	103	24974
5846	133	2224
24903	62	23153
4488	80	7012
924	115	3756
5581	194	5838
114	131	1930
2800	38	9619
23737	180	9904
25337	115	8234
1241	115	2319
22126	123	8450
9814	183	6375
24314	215	23683
22780	38	5797
8993	26	1695
2799	131	2589
10198	1	21524
4607	80	24163
1463	80	2566
2936	58	25149
7673	93	5590
3407	160	23458
9403	80	2566
9801	108	24998
25330	206	4167
10107	115	897
8155	123	25497
22741	209	7577
9019	38	25392
25357	67	4790
25456	24	4790
22367	24	21996
5577	80	8679
5566	205	519
9382	115	7875
10115	173	22216
10261	206	23995
4191	80	9228
1568	123	23058
4692	200	2915
25292	103	22372
21143	115	7653
23132	90	7701
42	133	21352
4306	108	8906
22267	209	5986
9265	112	1179
3731	80	22137
7873	80	5094
10391	209	23004
24168	173	511
9220	35	9220
22096	206	23828
21648	206	23615
5981	108	9412
5406	115	24642
9511	173	6500
22301	115	7711
7523	131	3776
6822	183	25079
22693	133	6869
4694	131	7983
10150	133	24857
5173	115	469
10391	173	6573
22936	115	2563
8021	160	24239
9323	205	23812
228	173	5089
8736	115	6944
5840	209	23885
7905	184	7813
9575	180	23255
24364	133	6023
24011	22	9665
23956	103	21690
24145	80	22221
7930	115	23495
3266	103	5991
5184	130	8538
8726	80	4874
22281	173	10282
3183	93	24217
9848	173	24524
23136	160	22294
22544	123	10182
4938	206	4342
5561	80	23308
29	174	2920
7484	80	6023
976	209	24850
22161	123	10242
21471	1	1070
9299	126	23941
1982	45	7659
9138	206	22168
4349	102	24328
24180	58	9580
5440	115	9789
23655	5	8703
8164	123	6500
8313	108	22579
9245	75	2158
4037	80	6869
2570	174	4734
21169	209	7170
9717	131	25300
7506	123	9954
3775	115	21581
22702	115	7875
3596	1	508
7567	206	22826
6742	123	6503
23895	62	6919
3664	204	8252
5900	204	8485
3096	173	10
4021	72	9374
6378	115	5235
22806	115	5475
23231	205	25161
4053	131	3337
21641	12	25041
25186	123	25410
10255	115	9527
10156	123	3529
22848	115	3066
10034	62	5783
8631	35	7097
3854	183	7384
6197	115	24900
8578	173	5686
6991	62	656
2626	106	3347
4528	114	1435
1999	206	2327
8935	115	839
3484	204	254
2188	92	24202
655	130	8659
10352	106	3820
24642	133	2566
23742	170	22382
5768	115	3450
23409	133	2566
9391	80	2566
21354	210	24737
22081	173	25092
3634	133	21965
9154	26	6384
8165	95	5675
5865	95	21366
25085	173	5971
5879	160	23458
10071	108	6563
194	95	3547
23858	115	4038
6319	123	2489
8731	115	8398
23005	133	4001
885	174	24578
4850	115	21375
8176	204	3567
21700	149	21556
9365	123	319
5250	183	23801
6904	80	1520
23499	62	4557
3473	38	9550
3789	184	2345
4729	115	5303
3634	82	7508
6710	115	22839
5773	206	8622
4143	106	2401
22450	1	22504
7720	173	7775
25412	80	8921
5674	123	4744
23209	80	23308
1240	115	4868
9875	129	8592
22893	115	8063
6075	133	24982
4111	115	23424
8618	174	22163
6468	143	4109
5133	115	21375
4450	123	1087
7983	131	8290
22804	160	24239
1534	115	2760
4487	160	1458
24502	205	301
8066	115	6846
25170	80	1244
1748	205	532
25305	209	23094
9347	133	722
5854	80	1520
24914	210	7165
2510	115	7923
8465	80	4790
5635	62	8773
9357	115	9520
10218	103	8923
137	174	6956
23920	103	9634
24955	115	5842
2081	183	831
9099	160	24239
9671	206	5449
22351	179	22062
747	106	3091
22889	1	1484
24551	80	22749
4419	123	25117
1199	206	25463
10488	151	1566
3835	204	5071
23680	115	5359
9732	53	10202
945	35	113
1139	209	4375
22881	206	3463
2452	39	8029
5155	115	24758
1254	173	3571
21321	93	4112
23379	62	5981
3763	130	6956
23051	115	8116
5260	82	25379
4542	115	2253
1821	173	24815
8216	180	23212
21081	143	6851
7987	143	21083
3387	72	9414
22215	123	3904
6281	80	7900
741	1	1070
1507	39	5273
21859	115	6871
23531	115	5920
857	80	2487
24891	131	9350
4134	115	422
10484	115	839
7277	123	8992
24557	1	1484
24532	115	9295
22308	80	21280
8172	38	8659
8898	123	6500
7832	108	4790
6645	154	2566
5576	62	1384
3963	106	21068
1840	206	9758
9219	103	21369
6449	26	1701
3639	62	24515
5120	1	1070
22823	115	25244
8282	115	943
1191	80	25465
9426	204	7874
8520	173	7557
3592	62	23551
24679	173	7754
23995	206	9725
7158	108	9907
25309	80	3817
2453	173	1952
4908	80	7522
5738	12	7487
8960	183	23926
2969	160	6769
23225	206	2434
7939	66	4882
2348	204	7054
1774	115	23184
783	183	23415
7507	173	3781
5131	95	24519
8953	80	6869
5296	206	6274
7014	115	2489
22688	93	5029
24074	113	23070
22015	106	24322
24621	174	9076
4739	133	6869
8177	115	9196
6555	205	2465
7521	103	7104
7843	131	24389
7019	115	7301
24350	62	5595
7707	106	23640
23663	123	22941
1193	133	21123
24625	129	5394
874	80	367
6242	1	508
8749	106	5873
5312	204	2430
6364	204	8252
6249	5	4473
9926	80	4423
8248	12	1038
10119	1	6147
8539	62	25061
9398	133	6622
24890	115	426
4983	209	2943
7871	115	9707
21752	115	5101
8705	143	5170
5515	143	4697
6093	82	7690
2491	80	3129
4245	62	21243
24859	143	661
4426	90	5511
6450	205	4136
9300	39	6058
5575	62	3930
25412	101	239
21937	205	7940
3702	173	22239
6832	62	7112
5169	173	9934
2282	173	24430
7191	80	9689
21838	173	7410
2353	130	10318
6595	123	8858
1859	209	1713
853	115	24828
6823	72	2044
5499	174	2962
4374	204	7874
8052	123	9625
1753	39	1052
21456	22	4610
3603	38	9158
2321	204	24951
5814	95	1560
4859	115	839
636	80	21424
23373	1	1070
10274	115	24298
6450	1	508
4207	133	6869
1899	1	22768
23969	80	21280
22425	174	35
23295	206	10113
1478	149	21965
7600	206	10334
8464	173	8293
9084	80	945
5343	160	24239
1894	123	5401
6341	115	5060
24164	205	25246
6335	204	21968
25302	115	22265
22257	108	9412
653	53	24651
25095	115	25439
3559	123	3904
1194	160	24239
22240	123	7193
59	183	25093
1294	115	21302
2129	115	24189
10179	143	841
21120	80	1515
5022	80	2566
7678	115	135
4780	148	3852
5411	206	24353
8522	72	8522
804	26	8184
9396	55	6021
25363	72	3055
22703	1	23407
24236	143	24080
21393	72	3616
24087	123	22121
25133	95	22886
147	88	22309
5243	209	3461
8030	205	8712
4362	106	1510
6108	123	8621
71	38	4734
22903	115	22375
9540	95	3778
21903	160	24239
6230	125	4669
5627	123	8858
5126	173	23712
4945	115	21539
22284	204	21968
5105	115	22926
22498	149	6688
6268	108	9412
22197	115	21460
5826	206	8998
1034	80	6869
23973	115	8361
551	174	9019
7360	115	21302
371	62	23895
22867	88	722
24662	209	7981
1782	143	3026
239	115	22213
6404	123	21046
24549	115	7875
1896	206	24465
5481	133	1520
5238	209	5069
2784	80	1437
5863	115	7515
9777	149	8949
9984	80	6271
741	115	4304
25165	58	8909
7432	115	2296
9077	80	21395
24088	173	22159
5699	203	9066
21349	115	5724
5444	194	21760
10292	108	9412
1252	115	25388
6458	123	23735
9838	115	4352
7906	115	2370
6928	95	22910
4093	80	22733
1169	115	6980
5360	160	22294
23034	62	22314
6005	80	7398
7730	173	4405
6654	115	9147
5976	72	6390
8636	115	10001
9808	151	7731
22726	173	22695
4374	174	2711
22473	209	24764
706	115	8812
22403	133	6869
6585	114	23543
25262	206	9671
3467	39	222
5853	1	508
9060	131	6945
24418	115	5382
4896	80	21642
1827	204	3567
4212	173	21088
4998	123	3356
9830	150	269
5446	123	7142
8509	115	9456
2650	82	1979
23995	133	1078
3315	183	959
24133	1	508
9381	80	24448
1825	108	9412
7237	1	508
7014	115	4067
5088	115	4317
3144	115	6601
7772	115	5976
25345	160	1458
378	72	10127
2006	143	8574
23783	130	2255
25325	108	4790
5277	206	24893
7657	205	5996
4635	173	583
6787	115	21209
8172	80	22137
7959	149	722
4452	115	8244
9871	205	23401
21759	149	1874
10103	115	21217
9739	204	3567
9031	1	1070
8059	115	24580
8139	106	22865
23005	133	3566
4983	115	6493
394	115	3272
3892	123	319
9724	115	24104
8900	115	1799
25132	133	6563
6288	173	8585
21532	115	1731
23840	80	8703
22571	183	45
4040	80	22733
25487	180	1635
6725	173	7518
25107	115	10234
5190	115	6903
1965	209	21684
23326	123	7025
24102	39	2456
10275	115	5052
7994	209	25473
4557	62	7375
22519	123	7518
5349	183	21958
4672	115	4594
1712	130	22942
700	183	2340
23709	80	7305
8494	106	21287
6140	1	6147
23208	123	23058
7551	80	1515
25036	115	24956
9623	150	6023
9287	115	5167
6375	183	10394
24131	209	6493
22841	115	22375
7147	205	7333
5396	206	23914
10143	115	4034
10193	115	3160
7370	102	22495
7283	173	1535
3545	115	21429
21021	173	21813
6673	38	5973
9799	173	8841
1234	123	353
10132	95	2014
6926	173	21086
4968	166	8161
10328	115	1799
2998	131	2732
6307	204	24951
922	80	9623
22389	174	24442
7961	115	956
24942	206	22563
24128	115	2750
6113	35	4967
8266	115	23872
6124	115	1776
7720	115	6700
8347	106	7383
431	133	9849
7199	80	22621
3993	190	7554
22158	115	9295
1408	115	8778
23983	95	10444
3793	183	23705
21550	80	7900
9077	93	4058
23784	173	4330
1238	160	23458
9559	80	5299
7607	204	9794
24103	115	2324
25306	62	3946
9225	80	1136
2730	62	718
23700	62	5755
297	123	5401
24344	80	8703
2676	115	8442
23029	174	22801
6782	205	1609
2110	133	6271
21632	204	7054
86	62	23393
9056	123	9059
23691	204	8296
5280	93	6844
8972	209	24622
24612	209	5069
1779	115	2030
4481	103	21070
9112	160	9100
663	93	9683
9535	38	24517
1990	123	22567
2503	206	5694
21947	82	22071
22268	115	3715
25331	196	6504
21820	131	23176
9979	108	9412
21376	67	7783
23036	5	1983
21203	115	4161
21096	204	5881
6726	115	21550
2007	72	21060
24685	115	4317
25412	133	2566
687	115	9538
10360	1	10286
9754	204	5707
21821	160	9100
24281	80	6688
21207	173	8396
2392	72	1906
8931	115	22431
5474	39	22253
6902	206	1584
22407	123	2089
7549	204	21968
7968	204	7874
5497	174	847
3824	204	24951
3835	204	22256
8863	115	2319
25450	80	6869
10198	194	1266
7469	115	22405
7064	103	9344
23476	58	25298
25377	58	9456
9190	62	9043
9667	62	9190
425	115	7612
10490	72	22636
7924	206	5757
4228	160	9603
3590	80	22137
5697	209	8521
23387	209	9283
1642	131	3986
9171	183	24342
23465	209	7343
21620	115	6228
1848	115	3655
2180	206	6550
6728	115	24345
747	80	1136
21281	115	6806
5421	115	4907
1200	123	6540
10472	173	24102
22373	115	24956
1879	62	5405
4136	191	8242
3903	62	7565
21093	206	7453
6427	115	4317
9246	206	10490
626	123	3571
1848	205	8492
7925	1	7867
23763	62	9745
22701	115	9256
21513	80	7834
23532	148	5528
23485	133	9412
6570	143	22925
21025	123	1034
4770	133	9412
5934	62	21630
3296	80	6023
3397	78	21834
1406	174	9158
2624	80	2566
21245	80	8679
2891	106	1531
4245	62	23846
3525	115	9178
8654	80	5030
658	205	8492
7078	173	7703
24943	180	4565
21325	183	812
6000	85	3584
2852	62	24224
10245	115	5974
2854	62	22516
25406	62	22999
8023	160	24239
119	22	6869
21388	62	997
6282	95	3547
21654	143	5385
10056	80	7900
23002	180	3638
22984	204	24951
4292	39	2009
4727	131	2989
22302	123	3516
9168	93	22372
1364	209	22354
9512	62	22538
4667	123	3904
6678	206	1531
4183	115	10406
7779	1	1070
1316	115	8290
5107	133	3566
3297	174	22801
3749	115	23721
5304	207	6235
1626	62	23518
3591	115	6035
4912	115	22274
4199	115	9256
22483	160	9100
24302	1	22768
22007	206	7887
24620	95	21548
22474	115	4093
23055	173	23780
23649	173	24608
21301	115	5724
8000	115	3731
22928	203	1052
21043	183	841
4432	173	22813
10280	1	1070
180	174	22942
25296	133	24448
3955	173	22376
23910	80	22621
4367	115	24852
5885	205	9032
24283	206	8275
1344	1	1070
2566	35	6869
23526	209	22955
24295	108	8809
25090	204	3567
771	131	3387
1474	80	10301
23490	80	7796
21558	35	22109
21863	180	7269
24353	106	1218
5642	115	1233
21084	183	4424
21612	115	3083
5678	115	21668
8671	95	22979
22168	206	8346
2551	160	23458
24755	204	22076
1176	115	24823
24694	179	7463
22455	209	10023
6691	115	1681
9844	173	3086
9683	206	2820
21908	14	426
4032	160	9100
6424	173	22189
25101	95	23100
3761	123	23996
10036	38	5984
1881	146	10498
21244	209	23610
25264	80	23578
23936	62	997
8466	205	1195
2821	173	3331
0	173	6840
3860	160	1458
899	183	21679
10312	184	21822
23951	80	5063
21243	62	4723
24452	115	2778
4698	130	21790
9268	115	5289
9525	80	22733
3354	102	22290
4446	173	21208
4934	76	6563
7449	115	3538
21834	80	4790
1829	95	23015
1735	173	9485
7525	123	4701
10498	78	9637
3169	106	7377
2796	123	1536
25105	133	22568
23011	115	24668
2606	80	6563
23963	80	24536
23415	204	3567
1175	206	9573
2762	1	7874
4467	130	1772
4392	206	2913
24174	131	3498
21157	173	3013
25347	108	9412
3248	62	873
21126	115	1000
21666	115	7803
23303	123	4496
715	80	1078
22205	115	4775
22786	115	8472
4043	206	21306
5830	115	8472
5797	204	24951
21577	62	4837
21691	62	73
8952	115	9039
391	106	23956
21848	200	2920
8928	123	24609
21274	92	358
21392	206	3318
8768	95	23191
5710	115	306
21790	204	22076
22081	115	3950
929	206	5894
10289	108	9412
9130	115	6818
7684	173	5572
6276	206	8392
752	115	21629
22854	123	24286
9439	143	1647
52	72	9414
21269	1	508
9195	115	25244
8238	72	4078
1869	123	2089
883	115	9250
10152	115	4771
763	80	9071
3048	173	24034
24639	62	21741
25462	204	21553
24371	173	5561
5418	133	6563
3464	115	426
23580	1	7867
21487	72	1538
22495	51	25227
6062	62	9622
3960	209	22216
6729	115	22084
3024	1	2618
2149	5	21280
8208	62	7112
24737	123	22941
6805	131	2482
7157	123	22163
6994	133	9907
6206	95	7587
4146	80	23873
5902	206	7339
7700	115	1823
8369	115	24503
2335	80	24163
8577	133	22137
23702	115	10082
3537	115	7298
24056	115	4878
22897	173	1837
3465	204	21137
2714	1	23407
9089	62	4891
8426	123	5971
1574	133	9412
4775	80	22137
6771	173	9059
21070	93	4481
22838	93	3177
2366	93	9779
22751	183	9269
22693	133	5669
24662	115	25461
3893	108	24784
365	14	6490
8655	108	9412
2874	133	2224
9716	123	24935
8896	204	10235
1393	62	8993
23182	209	8307
24986	80	6869
22622	133	4790
9680	115	22991
24864	123	3461
10183	204	2738
2019	123	7003
6514	80	9412
4787	106	1968
22428	133	23459
22179	115	21415
7371	143	6364
24055	133	622
9757	62	21724
9684	76	6869
5257	123	7754
23055	95	30
4034	106	22715
4078	206	8238
23383	72	6994
7908	115	5920
442	115	4216
22430	62	5124
23794	183	2309
3951	115	22181
10181	1	5207
3271	123	3904
7771	115	8681
24117	114	24111
2560	133	2630
7157	123	22763
6431	123	23009
8365	102	23922
5034	66	4044
23133	95	146
9496	102	22768
3294	133	22116
4646	204	8565
10170	80	8906
4490	123	24121
22367	80	3436
22889	123	2268
25456	39	4087
3647	80	3245
1408	95	7221
243	173	8659
22470	115	24968
1957	80	23979
5092	93	22303
25147	123	8992
9008	123	6571
24116	206	22560
9170	62	3125
10485	80	22733
1677	209	22354
22909	26	2232
3949	209	2876
25235	14	23325
8015	173	10258
4071	66	7813
1312	123	4488
3246	123	23384
3016	103	25279
21873	72	2062
5028	106	23547
21649	131	2034
9949	93	21296
8266	209	6440
2042	204	3567
23412	123	21533
8111	174	668
6002	209	3825
1887	205	3804
22871	133	24163
2373	131	2706
10261	106	23615
22361	146	3322
4229	115	24432
2818	206	2626
23457	106	24173
6142	80	69
24780	115	10127
7312	173	1806
8620	183	1768
22286	22	8809
21178	62	4689
24942	80	6869
25276	180	3638
4129	26	5350
3786	133	69
2062	131	6592
6934	80	7575
22569	209	1635
6435	123	7182
9544	106	8925
23969	114	1921
3168	80	24803
7388	115	3300
8362	133	6869
3448	115	25174
6166	125	4678
21509	115	7949
7093	62	5135
6751	209	8992
5098	24	6563
22383	173	8687
22651	80	9887
3364	115	24949
21451	143	2115
8563	62	8193
4584	115	3715
4925	115	2243
7600	93	6816
4623	106	25038
23321	174	1772
24918	173	21107
21246	115	8861
7966	35	10458
22088	62	4334
23876	123	21536
1041	160	1458
9234	115	23075
24622	39	23851
1574	39	5593
5029	93	8954
1418	38	9076
10447	80	2566
2312	95	3666
23615	103	10261
23598	133	24448
6609	115	3252
4205	95	10444
1859	123	8902
3559	174	2920
5029	103	22688
5814	1	7867
6588	108	9412
22012	93	21624
7685	80	2566
1627	115	2449
1714	115	6846
9389	133	9334
7904	133	4790
5888	80	89
10328	115	9218
5533	95	3778
358	80	5669
21292	115	7006
1005	130	22984
3252	106	6182
3030	205	1635
1400	174	191
22531	95	7159
9268	115	4706
5285	173	9053
9667	62	21003
24416	39	7338
23904	123	5401
6746	80	2630
5154	115	5769
2808	133	6145
25303	62	4788
24954	174	7754
5555	115	4775
4477	101	1910
24328	103	22342
2444	115	6737
8162	206	8278
2012	108	7423
24399	17	25092
22002	82	23722
25000	115	270
21024	123	3904
10023	80	6023
24554	106	2826
921	173	5997
21929	62	24204
1624	115	5913
10138	115	22849
5206	173	2683
24358	123	10447
3255	209	3461
24282	26	22309
24166	95	2614
21616	183	8474
3588	204	22076
7813	80	2566
24020	1	508
1696	209	1947
2081	130	2711
2068	204	8252
562	92	7953
405	115	6775
2747	180	21951
2295	209	23085
3423	80	6687
7298	206	23177
6111	131	24686
4723	62	23259
24018	123	2176
2047	7	5774
22757	108	9412
23847	206	9546
24226	1	1070
24227	173	6717
6538	115	24247
954	115	5582
23305	115	25162
7712	115	25197
5522	76	2566
7479	115	21793
24578	38	1967
23975	115	9147
10023	80	9623
9687	62	1626
8793	133	23308
9169	1	1070
24634	166	9665
6638	72	1711
21636	204	21189
21278	205	23401
7456	160	9100
2015	123	7003
3049	206	25292
22829	103	8400
21855	80	8430
2194	39	4702
4775	80	4610
7387	173	372
8020	209	22222
567	133	1053
21940	62	6773
22763	204	24951
6992	106	1633
24481	146	24275
8598	115	726
22190	209	22354
6056	62	24407
8056	115	23091
8379	93	24364
21733	174	35
1518	206	3989
6453	130	9840
5468	39	21073
9395	80	6563
1582	80	1247
8230	93	25294
6809	133	24491
1072	62	1648
6447	123	8858
1828	12	23426
7639	160	9100
5993	206	7200
24074	177	6869
9581	209	6500
4629	76	7238
6807	183	24856
9005	173	5909
4217	80	9623
3227	133	6961
9285	12	23490
5940	183	7346
5393	131	1538
5334	95	855
2891	206	24228
3362	123	5401
2414	5	4085
22907	206	8649
7565	62	21865
745	115	10416
4027	80	2566
10084	210	1593
2685	115	7337
709	80	1437
5237	133	4790
6087	209	23286
3519	115	25450
5326	80	23308
8147	13	4828
8675	130	22801
25315	133	2566
23622	196	2808
1355	115	23594
4849	133	5041
6190	1	8049
7736	115	9196
23812	80	5299
9008	95	8775
24512	133	6563
9170	62	25386
3313	123	8621
5127	115	5708
3898	5	6869
23481	80	23414
8902	80	6869
3560	80	4001
5105	115	4793
10325	131	8749
6575	123	4125
22241	1	1070
10134	133	23677
25379	82	2226
2405	173	10384
1406	173	9619
4550	62	2052
2801	22	4610
25112	62	23430
1113	205	301
8044	206	4154
24360	206	10343
192	133	1078
338	115	4955
24539	80	7900
9492	115	4624
7830	209	9743
8799	78	1286
10335	115	2178
24365	95	10444
22498	103	7569
4371	80	6869
10051	80	7900
2670	149	22062
24212	183	22850
24555	93	5556
25304	146	24382
21691	62	10372
1412	62	23846
3721	115	4426
22692	173	8293
6072	80	7900
1935	62	7853
9836	26	23408
22588	80	1078
4156	115	25231
2068	183	9988
24725	62	25338
8710	80	8906
4072	133	5399
4768	1	778
744	133	24926
10146	115	2447
25126	204	8252
9407	115	7697
1742	204	1156
1864	95	24422
8265	58	4091
4888	131	22991
1200	115	7188
21513	92	24481
8344	115	2902
9499	204	5881
2935	133	6023
1798	115	6300
23154	133	1078
969	62	4321
3920	184	25117
1517	95	10108
22929	173	9067
23476	38	9619
25356	115	23596
22451	108	5454
7399	142	9412
9001	1	1070
10349	133	7458
23483	115	4426
8976	133	25167
9863	209	55
3083	72	3230
23810	146	562
792	22	7463
5576	62	6202
9275	160	22294
9125	58	9535
8120	204	10235
8133	95	23015
23727	215	25227
23012	72	22415
4961	115	3316
1653	183	2146
24760	187	3893
2323	22	8809
5890	133	2566
23893	80	22733
4326	115	2302
6286	80	2566
2037	53	7463
9688	115	5239
8000	29	6645
9615	80	9541
1365	95	6625
2087	53	7575
23304	166	9849
25080	130	4571
792	123	7984
22854	123	189
6244	62	1671
9506	210	21862
22863	62	3218
1321	115	1173
4738	80	24998
8657	205	5762
22269	106	6408
23874	206	4453
23181	126	8831
9680	205	519
709	80	3245
4524	123	21218
4670	26	22309
25435	80	24998
5897	80	5299
24815	131	4078
22553	62	22892
21874	115	3349
21497	62	6919
21981	130	1093
5649	72	801
23791	209	21487
8839	39	4563
1458	93	2382
7455	206	4819
6268	62	2469
4079	123	2857
2862	204	8252
5118	62	2811
9308	160	22294
4615	133	2630
1007	39	21073
3038	131	4029
21462	115	4383
24687	160	2382
173	1	23407
2552	115	10238
7891	115	1857
4024	174	4687
1870	95	855
21019	1	1070
24729	93	3065
22096	93	23828
1842	114	23543
23083	53	22137
1350	210	25310
8724	133	2694
2894	115	1951
23406	173	8687
5052	80	7900
8653	106	1945
25042	115	23694
25284	143	1030
9746	115	2452
2850	80	7323
10228	26	23429
1718	106	23251
21513	92	562
3134	105	716
21607	149	69
23313	115	2995
21530	204	24951
25054	115	4426
1018	108	9412
1904	76	9665
1614	123	5401
1840	80	5299
22881	106	4135
7074	173	21238
197	129	2339
7094	173	2039
23744	133	1136
1575	67	23747
5770	133	24491
8419	115	2135
2771	93	3962
22792	205	5201
9064	115	3756
245	35	23554
22505	106	23807
231	123	1093
23237	115	2785
23587	48	22396
8936	22	6430
23574	205	23706
21313	103	6426
23772	173	6208
3294	106	9779
22122	143	8072
4878	80	2204
21462	205	8914
6682	80	23979
5543	204	24951
178	206	7505
3755	115	4145
6270	205	7940
4340	95	23100
9885	115	8141
23008	80	69
4405	146	21751
9431	80	10453
6949	123	7784
7289	130	2962
23884	103	3126
25401	123	24866
25173	106	8628
1142	209	22348
10237	133	2566
4376	173	21072
23989	62	7828
24202	146	6743
9988	143	2068
24301	80	21123
23165	80	4794
21393	72	7647
5791	62	24869
4550	108	9412
8284	115	1892
2883	183	23891
8620	174	21926
23433	92	8986
7779	115	21921
5381	115	2910
22512	210	10363
1131	206	9920
8919	95	1835
7533	173	23177
7842	115	5443
4367	115	4478
8742	191	949
7151	80	24971
22507	133	4790
22604	123	5971
5621	204	3567
671	209	9756
3178	123	22184
25066	80	8809
21794	115	1736
6171	93	9278
2838	115	2757
2166	62	24196
8054	206	10208
9804	123	5858
23416	80	6869
7873	80	8949
22784	133	4790
1246	72	4866
5	123	6021
4676	204	24958
6347	123	4315
1494	115	2528
2506	115	4154
6002	115	3579
6123	93	24258
24420	173	24830
9140	103	2599
23618	115	24456
7196	1	1070
7607	143	8507
9738	1	508
10249	167	22137
22739	80	21123
22678	173	25058
24941	80	22221
25032	115	1898
1043	80	7900
6862	173	372
188	80	6120
3465	58	25298
4457	123	22843
24751	209	5858
23361	174	24766
1183	108	952
7246	39	5470
8270	106	2252
557	14	3327
5373	1	508
4111	209	1635
21125	115	9093
25300	72	9717
22798	133	4971
8552	62	3404
1133	82	22339
649	131	1550
529	130	21495
4205	115	9295
2680	76	9907
9968	183	24568
9049	143	953
3942	115	23506
21075	205	83
22080	58	9421
7292	115	7292
22781	66	2124
8080	115	5176
7638	80	5669
23793	205	8314
7769	80	7900
24791	80	2566
9931	119	6484
9570	115	3160
23772	115	5938
3055	131	6694
25153	123	8858
1306	80	2566
2171	146	9283
21508	1	508
25166	173	9053
25325	189	7454
10123	115	8361
7568	108	9412
2282	1	508
24872	103	1020
4227	209	1635
4669	80	1515
23248	95	23104
7997	209	4708
4335	115	729
9273	62	23071
9487	108	9412
1617	206	1163
829	206	176
24099	115	23962
665	93	7494
974	130	3349
8735	115	4093
23565	206	8379
6423	206	25002
7089	69	5472
23100	80	6869
7527	209	867
7655	205	10116
24828	133	2566
7492	183	2353
3552	80	7211
5459	62	6354
6294	173	6419
5010	82	21947
8590	160	24239
9945	206	10086
2845	115	4744
23924	115	657
78	95	7718
8340	174	23790
5284	209	22443
9340	206	1839
894	115	4283
9759	1	1070
25408	173	10
23958	1	6147
24102	80	10202
985	200	3413
8476	183	8981
24983	115	4426
5818	133	9503
22922	115	24756
2687	149	1437
9127	131	10140
7795	1	5207
4867	133	69
1654	12	7487
8909	58	8804
7401	115	8228
22637	183	3577
7801	133	5480
7741	80	4001
3838	115	21283
756	114	5536
21094	1	778
4066	62	303
24051	62	9466
2777	153	24909
2056	80	6430
5864	206	7509
22667	209	7775
9345	62	5558
4943	115	22245
694	206	24360
22095	108	4971
6446	115	5432
24889	205	5201
3148	42	3830
24597	63	4072
8650	190	6079
2249	123	7984
6223	115	8814
56	115	6393
24204	108	9412
2934	133	22137
3912	115	23581
2695	173	1713
2152	80	1980
21158	209	23065
23609	115	107
3295	115	2692
2299	31	87
6333	131	10325
7409	92	24818
22846	204	7874
7829	80	7834
7281	106	4104
10104	115	9453
7046	123	21142
1477	206	5553
394	115	3267
21368	143	3214
5545	62	2610
8401	108	9412
23049	5	2566
22384	115	902
7098	115	24473
5515	173	25058
3537	95	30
21754	24	23747
755	210	2636
2591	115	9459
2042	80	22137
8172	204	5175
8918	209	24134
24010	62	890
9731	115	22669
7832	166	2954
9395	206	9131
5844	160	23458
21958	173	2089
609	106	8702
6342	133	9846
2100	115	25210
23490	126	9285
6242	123	5971
7891	115	4046
5280	80	23397
25382	205	10404
486	108	8906
21012	115	6980
24487	151	6194
8728	133	6869
25012	180	22216
3308	80	2948
8021	160	9100
3481	76	22819
23492	183	10477
10366	108	743
21314	123	2488
22295	80	2566
2524	115	21539
3541	62	1721
6991	62	24787
6029	93	8343
3982	115	6233
21830	149	2630
10292	62	2052
21961	133	5299
792	183	2249
1457	115	3558
25192	22	492
5535	115	23482
24122	209	6597
4860	206	5192
8262	102	9189
24301	72	6287
2071	173	4708
7416	95	3263
22547	115	23555
4002	183	8273
4836	207	9542
1010	72	23185
9748	1	22277
5687	173	22189
7092	95	3778
10012	133	6563
2428	53	23463
9753	115	5734
9004	95	2834
5461	133	24784
9119	24	9623
3556	149	22749
7202	204	3567
23819	131	24389
9827	76	6563
100	133	23216
23889	115	3062
22970	206	23053
8364	209	8992
9718	179	674
4201	115	23257
737	206	5411
21393	72	7083
6510	206	6483
10464	35	722
23668	115	2324
853	209	6500
8761	133	24803
5522	191	2821
21278	173	3631
9840	5	22109
21657	108	9412
24340	123	8250
3870	173	9158
2841	80	1893
21328	115	9147
23831	95	7159
21268	62	24681
3565	95	7410
21139	123	21633
22849	203	5896
10103	123	6629
23858	115	4465
2090	103	23619
25279	206	3016
5581	209	5838
2855	80	22978
6730	80	6869
6772	123	3756
22141	123	7193
2522	160	23458
4015	93	20
9504	80	5669
7635	115	5382
8745	80	2566
24340	209	8250
5023	62	3218
7517	209	7990
23333	135	23333
5158	1	1396
9657	62	5040
3760	106	5201
23547	106	5028
7379	180	2076
22378	62	3541
10394	130	8538
9345	62	4471
2557	80	367
22924	115	22825
22617	123	21132
21056	205	979
21901	115	24852
10367	115	7723
21819	115	7875
24923	95	30
3614	209	2789
22958	160	23458
8138	78	2194
3927	115	22476
22187	106	21807
21391	205	9012
21292	173	24125
7517	115	4623
1330	95	2178
9338	80	2566
8792	115	3165
5593	108	4790
21632	183	7364
1965	1	1070
24647	62	23285
22804	160	9100
598	114	21639
7007	133	24163
2769	58	35
22315	62	21433
267	204	5869
21184	184	25396
23857	173	2670
5979	206	4914
9923	203	6869
10183	204	8252
10365	183	21632
6698	115	4455
5320	123	973
733	209	24012
10360	1	1070
675	115	25171
21092	106	25241
7855	115	23911
1426	205	1453
10169	115	23860
8134	80	23463
21329	173	23390
9310	80	4610
6704	72	8436
1093	204	7054
432	130	668
2429	62	9745
424	115	22224
751	173	25149
6157	62	2137
23729	115	8603
9451	206	4929
6834	160	6769
8610	209	5066
25333	209	6700
0	123	482
3220	62	7631
3901	108	9228
24968	80	24803
22562	173	22348
3233	115	25128
1295	80	3683
22414	80	9623
9197	183	2535
4648	160	2382
3132	115	7689
6389	173	10258
23351	12	7487
22829	106	21235
2550	1	7867
1258	173	5089
71	38	2915
3853	133	6869
23571	204	24951
5701	108	9028
8628	93	23632
688	123	22991
2252	206	602
4746	62	5005
8051	115	9592
22624	78	5610
6395	204	23473
22869	39	6768
8568	115	3917
4851	115	24345
21714	115	9684
24301	106	2631
24591	55	24815
8186	115	22813
24600	115	23672
25194	115	21142
22490	123	3606
22052	80	24491
23505	88	7357
599	115	21479
10429	206	8692
24557	123	7455
669	1	23619
9601	166	1487
5732	39	9715
3090	200	8804
4781	108	24321
23150	80	1983
9991	35	113
2911	80	8003
24627	93	2534
7949	204	2727
8532	115	22687
5525	80	8874
6061	133	2566
9976	133	24803
22679	183	4425
2305	1	23619
9997	133	9830
8752	95	1295
6268	62	6998
24236	174	5290
22700	194	21839
7401	123	21117
2248	24	7632
9644	115	3530
22888	115	1004
23214	209	2329
219	1	778
1370	190	6079
23990	183	8120
8507	143	8618
4179	80	2566
24014	108	9412
24293	115	9684
1811	62	1935
24651	108	6563
21253	1	22277
22058	115	6503
7830	173	9743
6226	115	4658
2462	40	7926
8445	115	21887
7830	115	23839
1825	168	2974
2652	173	3825
5844	160	6769
21083	143	2323
1305	80	4124
21626	58	7042
3958	106	9792
21052	209	23065
9358	115	469
2791	115	21142
592	174	191
23201	1	6421
3246	173	3305
9596	174	2920
4271	149	7190
2510	173	925
3721	123	23072
22308	133	21280
3943	95	9785
5872	115	6035
9114	5	6869
5106	62	24109
4602	209	23021
23805	80	23912
2121	80	113
4608	24	7783
24009	160	9100
2159	115	6638
5343	160	9100
1524	206	8421
6216	204	8485
362	206	8668
24070	115	2489
25437	115	5176
21621	149	3124
2718	80	7201
5226	123	9756
24416	12	85
23157	209	22354
23375	106	22380
7861	80	2566
10192	115	22991
23036	80	1983
7719	126	1607
1908	115	5572
24289	80	5669
2920	204	5869
845	62	24869
24264	123	10237
22753	39	22293
3857	204	8508
506	143	21215
23528	123	912
24403	1	508
24169	130	22984
223	93	21861
1961	123	24019
2742	190	7554
1929	133	9412
22616	62	21593
9661	62	22366
9979	62	5325
4189	1	1484
10430	95	3778
21966	205	2465
7662	1	508
3454	209	3606
6820	173	8238
24196	62	7419
21517	174	35
25392	58	22092
3834	209	6293
8605	80	2225
6852	206	22051
2314	80	8949
22724	80	24540
25321	12	52
22138	173	6901
25287	115	469
23539	62	5405
10030	173	2268
24355	205	1609
3731	80	4610
23465	115	6655
24062	115	8361
1854	76	21123
22061	80	2694
8867	115	956
25430	209	5467
726	80	367
21490	131	23017
10143	95	7159
4376	205	5201
3927	115	9095
21457	39	21941
24938	80	21136
1840	80	6245
5403	80	2566
8373	133	2594
24587	123	8902
22264	22	6869
22332	206	5051
22796	209	25086
2186	62	21582
23501	58	8987
24565	173	8984
3918	146	3322
5863	115	5529
8177	209	3206
1064	103	8281
3487	115	5239
4819	58	6104
4180	115	4038
2052	62	9979
2790	133	24163
5078	115	21429
8831	133	22621
4899	115	1092
95	115	18
5573	106	8643
10156	205	24658
6539	183	5780
8266	115	9538
7791	204	6138
5734	146	5933
6032	115	9176
8883	149	2566
24645	115	7337
22113	115	8024
24670	1	23776
7747	149	23183
4498	62	7757
7633	115	4932
10315	115	21375
22864	133	22424
9810	114	22799
6314	115	22275
24843	62	24529
23835	80	6869
25245	173	8585
9456	38	2920
6810	1	7867
10049	209	8378
1696	115	22181
4136	80	674
2836	209	4411
9037	205	5756
8881	80	2630
21604	95	10164
23284	106	22382
22283	173	8818
4429	80	2566
7408	123	4096
9099	160	9100
21194	115	22813
22605	115	6518
22766	209	4050
3812	204	21968
9055	200	7984
6873	149	5094
10279	160	6769
25276	95	3666
9685	115	24041
210	72	6979
8327	106	23768
3572	80	4790
1427	115	8175
21527	123	23310
4287	66	24247
6215	93	9671
24865	115	21217
21687	42	23943
22855	80	4610
2133	80	21123
1100	173	372
22174	67	21522
6787	115	21668
4473	35	1745
9437	133	22750
6346	80	23747
7549	210	843
2155	130	3640
24416	52	24996
9861	62	22466
8970	106	24523
7110	102	24239
23867	209	22216
8953	80	22733
1920	209	10212
22282	174	3349
23820	133	1893
1770	115	4522
23476	58	21053
24230	115	24084
23361	22	10453
1334	93	779
9346	95	3263
22853	115	2327
6874	123	4213
21877	123	2193
21986	95	9015
2137	26	10464
7414	103	2926
23795	183	21622
5112	209	23085
4400	115	1678
25164	80	367
6349	115	23736
6533	133	89
5594	80	21522
2163	131	2028
22560	206	4499
1530	58	25298
2556	115	7725
3593	206	4815
8415	80	8221
2208	206	21727
7308	209	22865
6576	143	9177
8209	95	5494
6168	62	23071
25374	115	10041
5751	80	2566
4758	143	25093
4874	112	9993
9566	48	5239
9235	206	10303
23775	183	25021
7015	80	5063
2875	115	4417
6374	123	418
23821	115	7546
3070	209	23077
7909	115	4185
9595	58	21053
9828	123	22567
930	133	8906
9523	204	8508
3750	94	24886
2435	183	4539
1061	62	1721
9847	1	1070
2720	108	9412
22160	115	835
5553	133	24491
5796	115	2995
22003	205	7940
8358	123	319
2990	115	7638
8868	80	6869
21114	200	6956
23445	1	5851
950	106	6373
5498	174	2962
8964	115	6904
5360	160	9100
23833	80	6869
23413	206	7786
1604	173	9619
24607	1	1396
25387	173	8517
1683	160	23458
5070	115	21225
2303	80	22733
9283	106	1738
9422	80	5041
22956	123	23996
9895	173	2977
2196	95	7585
23718	209	25275
7397	205	8005
7730	209	10410
8669	108	743
7370	160	6769
25101	209	22167
1483	115	10001
1226	115	5475
2955	115	10091
10167	123	7455
10037	115	24500
7866	115	8169
24275	146	3918
3314	123	8745
2829	1	1484
7511	206	3320
1981	1	508
8779	160	2382
9129	103	4305
22618	95	24693
3826	204	5071
21457	80	7349
21899	115	25162
5040	62	21728
5696	80	2225
8354	209	24240
6978	209	4568
6860	80	6563
4469	143	6307
2921	106	5790
1966	1	23407
8936	130	22801
8576	1	778
24420	1	1484
23346	115	21375
1885	173	22167
21436	115	6720
22538	62	23846
2474	151	2624
8249	183	331
22246	114	21639
25099	80	4610
24776	209	24134
9529	183	24779
8011	123	3904
3933	115	8778
7882	123	5788
22023	39	6058
23268	206	4013
9161	80	22137
8722	123	333
21021	115	686
22744	76	8921
21573	209	25140
6374	115	411
10323	204	8252
5143	206	24893
6501	108	5472
2100	115	6690
8773	62	10122
4760	13	6239
7814	72	4846
21740	173	9158
7880	160	23458
1076	22	10453
2127	206	10177
1326	1	1070
21543	133	9846
3269	115	23708
3830	32	24655
10436	95	6697
4445	115	10127
10412	115	3558
23162	1	5856
10052	177	6869
1513	1	7867
1207	115	23325
24399	184	9648
8768	205	21575
21128	62	3291
23428	115	7886
6915	133	6023
23862	108	9412
22616	62	4649
22409	209	98
1406	173	24180
23817	76	6869
2459	115	4060
24596	130	8538
3673	123	23698
9917	80	2566
23060	123	7945
8406	1	7867
24560	115	8384
8444	183	2484
7243	209	21254
21450	150	23200
4528	39	22259
8319	209	23004
21600	123	2675
4242	115	3792
1060	205	10038
9815	115	4775
21545	115	2665
5514	173	3866
24113	115	24289
965	215	23683
21453	204	5006
759	80	113
2231	72	7148
25188	72	21113
5672	39	1225
8562	58	25350
852	115	6842
25088	62	9979
23518	62	21878
9582	123	6493
6728	115	23604
7609	115	5603
2134	115	23316
5555	123	5401
9179	209	22354
9375	115	5583
8711	80	22733
6331	115	5640
7958	80	6869
22682	154	9045
3853	80	6869
24526	39	21073
5904	123	71
5084	206	111
5808	173	1089
3838	205	22928
3102	80	7097
22338	115	835
25280	103	3550
6827	160	6769
1147	123	21926
4842	80	10186
7592	80	1136
2691	115	24727
25428	80	6642
2996	80	22666
3210	115	6660
24763	80	8478
21031	115	8141
4580	115	266
2166	62	8236
3125	62	23853
1284	108	9412
6882	95	6625
7368	160	2382
8282	95	7731
4950	115	517
6146	95	146
1074	205	8239
8554	173	9046
5745	95	23015
1351	206	10048
9873	62	25061
6024	80	22062
24708	115	21825
5146	123	461
5956	93	2526
22559	95	3778
22059	80	22749
2442	1	6147
706	115	2001
8320	38	9019
25176	22	2566
2752	31	10371
22318	133	21796
8539	62	3828
24904	62	6354
9869	95	855
4104	80	3260
8293	5	2566
5557	209	2745
22242	115	5200
22922	115	2294
6746	131	22638
519	80	9849
225	115	1823
22510	39	22253
1926	183	2420
250	173	1865
25052	72	7362
8133	115	2324
3220	62	23153
24820	24	22819
22267	173	5986
9505	1	2090
1510	106	4362
24460	115	24965
24893	133	23216
4512	115	6955
8370	133	24651
536	180	24595
22445	123	4568
21884	63	8138
9866	115	378
24499	203	5896
8933	62	22985
2350	115	9279
22975	108	23747
24281	206	7569
25448	108	9412
22129	115	8116
22721	183	6966
8580	115	8063
23583	72	3620
9893	160	6769
3769	115	9295
4614	115	24554
6602	133	24491
5300	204	8252
2727	18	7608
24943	14	9909
637	6	4716
23306	115	21140
5273	166	1515
9021	173	4411
7710	115	10238
7080	209	7981
817	143	2348
8444	123	8325
7190	144	9228
9576	173	2150
23329	115	21792
23433	146	9486
1630	204	24951
22263	133	9028
4686	80	4971
22623	1	7867
22870	12	52
9076	25	3826
4837	108	9412
3608	143	23733
4991	133	2566
2697	131	571
24	115	10057
25322	160	23458
4307	62	5735
9115	206	22168
4813	115	469
23976	75	23976
7131	115	422
22470	1	508
9829	133	9849
22947	115	1753
9769	173	2083
22422	80	22601
4530	115	9520
25030	106	8370
24366	115	5174
8426	180	25206
4794	179	24913
24485	146	24382
870	173	22348
8660	26	2645
2725	1	24007
24420	95	4144
6021	191	9396
2553	62	7910
296	209	4763
24977	62	3700
24187	115	3008
4440	115	3083
1728	160	22294
1645	80	6563
21157	174	22092
918	95	22225
9506	143	23307
23429	35	7838
22168	106	6123
6081	115	2253
3404	62	6218
225	209	724
283	1	1070
23536	115	1776
9806	160	23458
8030	123	21226
3673	123	3317
7219	143	25400
718	62	7715
7648	103	7191
22795	133	3653
4869	106	21705
940	115	358
3403	115	7383
1693	206	4849
25261	209	5733
8078	174	4701
2938	133	8874
2646	206	2192
2391	115	9058
5376	115	6846
10260	130	22984
5385	130	8659
3213	115	21921
6482	108	9412
5836	115	7769
5363	103	1467
6972	93	2731
3270	133	269
1386	115	5204
7566	160	6769
2219	206	3109
2168	209	22348
2624	80	6869
23542	115	7392
25007	62	3043
2829	115	8525
272	209	24608
8349	206	24028
8377	114	6484
9152	206	8162
4309	115	24668
23966	133	4790
3310	115	6944
1342	115	765
8878	62	5414
21585	115	2072
629	200	8804
6540	80	3566
4871	82	7752
22372	103	10048
1297	24	69
3256	115	24965
22059	133	9623
7045	115	23426
442	115	2785
2457	115	8582
1251	123	9619
24521	115	8371
23204	82	23328
24999	133	9412
5310	5	2694
22890	106	6285
2609	206	8241
24924	133	9412
22773	76	6430
24107	58	726
8628	206	10004
24604	173	10111
2300	115	4151
21787	205	25402
9449	115	2774
5083	123	9107
8632	173	3687
24089	123	7984
463	204	22076
4804	62	6185
7277	115	9318
9239	115	5303
721	53	23333
1701	108	9412
23261	115	6300
4029	131	3038
6339	80	8703
3770	133	4971
1084	173	6836
4631	80	1078
24244	209	2745
2259	173	2683
24112	149	1078
9350	80	22137
601	160	1458
5984	197	5997
2097	1	1070
8397	115	7931
22240	209	9110
22425	130	35
23289	80	23216
2704	35	22137
6270	209	2329
91	35	9541
6448	180	24595
22821	123	1549
1639	62	6218
9	133	196
9126	144	21522
6485	115	8681
459	160	23458
8490	1	7867
23305	115	217
8245	206	5956
25485	115	22651
9940	205	301
6391	173	3704
7347	130	9158
6496	174	5997
10188	209	747
2338	123	7981
9961	204	8252
2161	115	22274
9687	62	22366
3951	173	6419
1905	106	2835
7479	115	21100
2552	1	1396
576	80	1247
8439	156	9126
21985	114	118
4352	80	6869
22572	80	1437
21569	115	22431
3519	115	1232
6208	39	2009
218	62	6268
9149	173	2857
3021	106	3884
24944	115	23600
22463	115	6352
8390	24	23747
6577	1	1484
5425	204	8296
2064	22	4160
2655	206	5956
7354	38	2915
10110	115	24727
10000	123	10015
5763	115	2455
3500	115	5422
8901	115	23557
22584	90	22301
3916	1	1070
5531	80	23216
24338	115	418
680	1	22768
6422	106	21710
6471	95	21366
4335	95	7731
10151	115	21445
1156	51	22076
6934	80	1448
1990	180	5945
4915	191	6908
22200	115	23325
24264	183	2271
8607	80	7176
8703	108	24998
23476	58	2769
23312	93	4686
8039	146	23495
8971	115	2785
7007	133	7900
8650	72	21264
24720	123	2049
9586	115	24823
5280	149	23059
3920	177	3005
7599	160	22294
5019	206	7155
9647	80	3345
6387	209	21108
590	115	23817
3410	173	2967
7452	24	4790
9017	177	7012
3449	93	880
7855	115	2172
1397	133	68
5017	106	7232
2421	143	1168
8670	115	22265
1100	115	1232
9062	62	24363
4236	80	8829
24804	173	189
8815	209	5919
8864	115	24642
3258	95	3778
5526	115	3579
24482	115	22403
5168	183	1942
24042	115	8326
3055	80	2566
495	174	9019
24888	115	7769
22239	38	1093
6721	170	10025
24170	76	22733
8634	62	24876
24443	115	22545
833	115	3853
3742	209	5326
24598	80	24491
9146	62	21582
9921	115	6775
2848	206	1098
7650	92	22912
22300	209	22695
6620	80	21983
1967	80	22733
5369	173	3704
8526	115	4019
7150	206	21962
881	130	22801
25457	7	5063
24411	62	1268
727	206	2934
9623	129	6023
10417	39	9571
21535	130	10237
10386	62	5479
2599	106	8668
2645	35	4967
1077	80	6869
187	123	5679
4123	205	25161
959	130	24524
25312	115	25071
22183	1	1070
21675	53	1983
21917	1	778
9295	80	6430
903	80	21450
7511	93	3320
8630	80	6869
7175	115	21342
4884	131	2540
21153	81	6563
3144	173	372
2469	62	6268
7421	174	191
4770	93	5862
23352	160	23458
9054	80	22137
5053	173	7557
21671	206	6543
7119	173	24905
22692	204	8252
3340	177	8906
1829	123	23058
1044	115	21759
2664	160	23458
23129	62	25386
9441	115	23672
23145	80	9849
8398	80	3587
9369	206	5107
4674	209	21254
4413	1	1070
22272	173	9053
23268	133	6023
3258	173	22817
22097	206	2330
21618	115	1434
24864	1	1070
4413	115	22274
3660	143	24779
909	115	23557
25061	62	8539
4525	115	6327
5712	123	8621
4495	177	6869
23377	131	6464
8900	1	7867
23499	62	2066
10480	209	24705
3758	80	4790
6558	108	22579
22795	80	3653
21794	173	8810
22507	24	4790
5648	58	22163
7122	209	10317
3022	115	21177
9966	1	7867
4201	115	5986
1041	42	23943
21236	115	1000
22426	80	2566
10270	62	9661
21033	106	9166
23748	123	1087
23340	143	8011
9433	1	7867
5954	115	378
5602	204	8508
6870	106	1064
3193	183	1030
4246	173	7758
547	80	9412
21994	80	24926
2772	205	5201
23533	204	5912
22800	173	2635
6528	209	8806
1200	115	1510
21623	123	24192
22278	115	7310
1421	133	24448
2640	106	22030
24147	115	2995
24306	173	1480
1450	93	5249
22872	115	6775
7935	108	9412
8366	80	6869
4539	123	5997
23522	1	1070
21987	136	23679
8613	115	6775
2516	108	8809
8393	39	21927
21569	115	6694
24012	80	5777
25391	123	24513
8642	106	5485
7464	115	23753
4249	67	22391
5744	106	24325
6358	133	24491
640	80	2516
7830	115	409
7734	115	2786
21000	103	23914
10133	115	181
7087	130	7374
290	206	4453
10262	80	23308
23959	1	7867
21317	80	22733
792	204	24951
2095	115	2030
6426	76	4716
7692	115	2783
6832	62	4066
1101	209	4568
2030	80	7900
8433	206	4323
9921	115	571
5355	209	5603
22962	209	5401
4148	1	2090
9532	123	2909
3613	209	4050
22715	133	6869
21485	209	4213
10093	80	3012
5417	143	21200
767	205	8122
24238	115	726
23474	183	24867
25309	80	6869
8620	130	21598
1408	14	8778
5910	115	7769
54	1	7867
6305	108	9412
8144	62	2858
8142	115	255
598	103	21350
8799	76	6563
21189	75	7886
275	62	25121
21203	115	3230
5910	14	1459
121	173	10170
5371	115	3655
783	143	8620
1348	1	7867
4733	123	4900
10248	209	24493
29	143	3559
23475	58	3974
8414	204	8485
4900	38	5997
3072	115	4656
2845	1	21524
24985	93	6470
10309	95	24693
3510	115	25461
42	106	22491
2405	115	3760
5874	12	52
943	203	5896
3863	62	2145
3059	133	24448
8358	1	508
5121	115	971
2131	123	8450
2880	38	3349
10167	1	1484
1726	1	1070
276	206	24375
9713	206	21277
4055	115	7660
21206	106	693
8821	123	2827
4869	206	7912
24270	115	9826
24256	62	3656
2545	115	24997
1740	209	1629
25019	1	1070
7919	93	22033
1051	205	10038
23125	115	9153
615	103	5024
4246	209	5572
3192	115	24345
891	115	4317
6497	80	8874
678	215	5556
8266	115	6818
2363	114	7008
2081	204	7874
21313	93	4404
1633	80	21123
21264	206	8650
9363	123	1280
6449	62	2538
9181	123	5858
228	143	3036
5537	123	8858
599	95	8912
21940	62	682
3924	14	5239
5769	80	743
2565	189	7960
3149	206	22756
4445	173	760
3610	133	24448
1144	158	21304
3312	209	22955
23431	173	21751
21092	206	5527
21908	115	7651
6982	173	25086
21388	108	9412
5684	80	4971
22416	206	8159
5095	173	847
21520	209	154
24295	35	23437
23312	206	9121
8995	206	5550
9021	123	25038
21591	95	6625
3837	72	1108
8194	123	5950
7541	102	22768
7556	115	4661
22052	149	24448
7091	93	24974
9593	115	7546
25109	133	6563
551	130	25392
8510	115	23708
7434	133	1078
6696	115	25369
9097	1	2810
8619	173	9597
6095	115	2908
9532	123	6327
25380	62	24209
3705	39	4702
21391	115	25244
21997	80	24494
22648	115	9371
5186	133	6869
22569	123	4532
475	133	8899
24551	24	5472
2522	42	3830
307	80	23037
50	103	21667
7263	115	1255
7996	133	23578
9345	62	464
24817	143	1547
1069	62	9661
9557	180	23833
7468	103	22602
2687	206	22572
4855	115	25028
5518	1	508
6683	115	9964
5249	103	1450
6754	108	9412
2689	106	170
8701	115	21476
149	123	3137
21416	106	3941
7517	1	7867
1003	115	24325
5741	106	5475
8973	202	9849
3662	62	22271
21757	213	6097
8586	123	9107
1235	115	22245
2365	133	5669
4124	189	7454
22507	39	3511
8482	62	1559
228	123	4218
3383	160	23458
8636	1	6147
1766	115	8175
22391	150	10243
1805	115	22114
4512	205	23477
8650	72	22339
25288	160	24778
21577	62	622
580	115	1463
2007	80	3817
23157	205	3804
6187	92	7709
2375	13	24399
22716	108	8435
3909	108	4805
10081	206	23250
7337	131	23947
24204	62	7604
23415	173	21598
8701	115	1255
21904	160	6769
21301	123	4496
9899	123	2827
25364	115	409
3315	130	24524
21180	80	7962
22119	210	10229
7439	123	2918
6215	106	8786
5012	80	7783
7584	62	86
2911	106	8854
10287	80	2566
25229	115	836
23162	151	30
2998	131	9945
9362	133	7783
2042	133	2566
24382	133	23308
4937	1	7867
6978	115	2749
2453	115	2296
21559	82	6711
9750	93	2771
4635	1	508
24587	115	4139
4517	143	1928
21299	1	23264
3628	80	24511
402	123	25244
6380	180	22180
5279	115	8861
22739	93	9914
2549	115	22837
2848	80	6869
8958	106	176
4718	143	4427
24230	115	6150
22437	154	2566
8705	204	24951
22236	206	7255
23205	1	8049
24211	106	7829
21241	205	25402
1896	206	24691
7844	123	35
22956	209	2507
994	80	2566
22321	136	2566
7346	210	258
9959	173	8777
22756	133	8874
1933	209	23811
4088	115	21375
23683	136	4160
10163	92	4906
5590	206	9235
6090	173	5997
4981	204	9794
114	131	4244
10436	1	508
24869	168	24224
4528	80	1247
23185	206	1010
3320	206	5531
4936	133	21395
9455	80	21785
5855	80	2566
9350	133	22137
22718	143	25263
8930	38	8988
7653	80	25484
9306	210	7095
59	174	191
472	115	23708
22711	62	23155
9509	180	24269
1132	115	517
5123	99	8579
23160	103	348
151	80	7463
23182	115	5176
23046	173	21372
21630	108	9412
22672	115	23591
2544	93	24477
10445	106	4090
1092	80	22137
6099	205	1453
2044	131	22117
2326	123	3777
1144	173	7280
24011	143	8019
5778	174	2711
24894	24	8906
4951	123	5099
6533	106	8564
10395	205	5263
23260	62	24109
10190	25	21107
8539	62	204
5552	123	267
6875	115	4037
23365	115	2319
21523	103	24143
7086	173	4620
411	80	22964
155	115	7422
6412	130	4701
24123	115	4426
6313	106	3416
1576	82	3033
24692	5	1710
9422	106	2850
2196	115	7660
9168	106	5922
4316	115	1301
4224	95	10108
31	129	21424
25490	115	10237
8191	115	6035
24124	206	3183
21331	165	23070
6447	115	5382
1960	93	21833
21306	72	23648
2065	143	24722
22211	115	8366
21790	204	24951
3863	62	24575
961	80	24491
25043	67	21395
561	154	22568
24128	115	9310
21025	210	8821
4170	209	1750
24358	209	9525
24497	206	7829
2283	143	6405
22726	123	22695
23139	115	10175
21313	133	22469
21239	17	587
21426	80	253
9021	205	21575
21964	80	2566
23073	170	22382
9396	55	9775
5124	62	5106
22360	106	1854
22994	115	9010
24420	123	8902
5116	80	7962
6448	1	1070
2492	133	5669
9823	78	8888
3936	209	4655
24671	209	1087
24413	209	1009
5206	183	2259
24687	160	22294
2483	173	484
3861	123	9107
8678	115	25039
23681	123	10145
21972	133	23216
9385	123	8325
24484	80	22109
1221	42	1231
24088	183	3224
9622	62	6176
23334	80	7201
3384	215	3134
22897	115	4600
1917	115	21871
25419	115	10408
6066	39	2616
7459	95	24422
23704	62	10386
9248	1	6147
3980	80	6023
1019	106	24438
8575	174	2711
23014	62	3903
25326	143	3734
22906	206	1876
7850	205	1453
22309	108	9412
1203	62	4560
2361	80	6869
23020	115	6383
9237	206	25281
3412	67	9907
10361	62	4664
22462	131	1039
24629	123	9336
6324	62	4788
5188	115	24385
1345	209	24539
9171	210	7113
24748	210	24936
3489	1	5851
389	80	5548
7180	93	2942
24479	133	6023
6002	205	7460
6055	62	24282
1679	24	23747
7100	123	25339
24056	115	2746
4742	80	6688
2405	209	7518
24685	123	1918
363	183	6685
8628	206	9788
22297	115	1776
22286	130	2711
193	108	9830
6953	1	5389
21812	123	4568
7705	183	22425
2131	209	3324
7675	80	9623
23073	133	9071
7118	204	5912
9862	183	23269
24096	146	10009
22623	205	6072
9275	102	24239
2770	173	24125
24830	76	1983
25105	103	21670
7523	131	6040
24639	62	23862
3002	183	6549
4492	62	24008
7583	115	22163
1359	115	102
9974	106	24680
9821	204	5071
7785	115	2757
7403	130	25149
5172	38	4571
8680	115	9176
7908	115	2621
7436	115	2995
6740	80	2566
7850	123	21117
23050	123	22481
24515	62	356
4261	160	23458
936	206	21670
8572	108	24998
22491	106	42
6469	80	282
2639	80	797
2797	62	4681
21741	62	4129
9775	133	22819
3423	133	6023
10205	166	622
8769	210	8019
9974	206	8995
5484	1	24007
4597	133	24448
8968	206	5411
94	115	1771
1067	173	22376
3768	133	6869
21473	80	6961
2909	80	367
9255	93	832
24566	160	23458
23920	133	23216
7847	209	24263
8721	115	2665
3324	101	2131
6677	1	23264
3348	80	5548
25306	62	4693
25176	173	24583
23609	115	21274
8338	80	2566
23628	35	6185
7710	205	21979
9087	95	24693
23724	130	24766
5870	183	43
24339	115	8317
4579	123	1918
22623	115	649
3237	123	7984
24352	177	23308
23369	67	21996
8205	115	9566
3859	1	508
24242	80	2630
8233	39	1544
5510	26	22836
8354	1	508
23933	124	22437
9751	204	2727
6027	39	1052
1651	62	1935
6560	95	22225
10472	115	2172
5897	133	8874
263	39	9103
4662	106	6046
24828	72	8932
6450	173	1089
21061	1	1070
10012	206	4222
2683	58	22984
8223	95	8002
1677	123	3137
9102	103	10178
6228	80	25484
5061	130	22653
35	204	22076
4000	106	2567
4211	115	21629
6223	180	4291
24145	106	5412
4821	115	9326
23682	1	7867
1069	62	4393
4066	62	7561
5260	82	2226
24732	80	21785
22555	80	2566
9229	209	5248
8717	206	7199
9982	115	6027
10385	173	1713
1581	106	2079
21480	80	23308
3212	115	22564
24087	115	1974
6491	93	3783
2309	200	2920
21516	209	1608
25209	206	7786
7105	62	3700
10181	1	4659
24832	80	4790
2608	115	23272
9615	103	5855
5786	76	7900
1896	106	8782
2862	174	24310
21361	39	6058
22050	206	22372
22052	106	8456
7019	115	23128
2306	123	24814
2106	131	417
9238	62	8291
3488	209	3206
7858	133	1072
23584	1	23776
8800	115	22265
22174	24	21522
2945	173	4004
9927	183	6466
5362	80	2566
24647	62	24952
2713	35	4967
3926	173	8045
1887	115	22015
22078	115	4775
10188	1	778
24673	62	5427
7812	115	1301
25118	123	2488
22159	58	22163
23871	133	24511
8928	123	8630
2320	82	24567
22311	115	7501
776	130	6956
2546	62	4368
4845	173	22941
7471	123	8057
8881	131	5401
9365	1	508
8626	72	6848
24980	200	2962
1231	160	6214
1359	115	8810
3052	209	4468
23905	108	9412
2675	191	747
54	115	3150
6288	115	3558
4717	53	4160
9783	115	4793
947	131	9728
24844	106	3967
4538	205	24941
25108	62	23505
8974	80	6961
8490	173	10435
258	143	8422
2586	173	1884
24438	106	1019
5603	72	3337
10351	209	24830
6217	1	5207
6935	17	24622
10279	160	9100
9578	173	23780
4517	204	6138
21402	206	23697
4239	123	24019
9235	93	10178
1384	26	2645
23732	72	4727
9557	209	24608
6440	106	25087
4367	115	7067
9542	150	4535
6574	206	9935
3976	26	7056
8386	115	4624
9324	123	9775
22447	115	6775
21220	5	797
2439	62	1441
24149	115	2841
24437	115	9010
5039	115	4599
1648	62	722
21583	131	8326
21693	123	2089
1877	123	7696
7017	72	10217
1147	204	3567
21311	62	8878
8007	173	2683
4016	1	508
9204	39	5896
2596	131	7400
7513	123	24866
5149	82	9850
371	62	8376
21556	35	6430
25355	76	4790
8427	130	2962
4394	63	23047
5630	133	2048
21092	133	5299
5598	62	2409
7261	115	24189
1497	115	9326
7838	62	21128
1505	173	25207
24741	190	4741
1585	115	8681
24713	115	1360
22153	209	1800
7978	205	8314
22498	80	6688
22902	80	6869
22114	131	21294
2111	210	1822
22684	123	22159
371	62	8801
8489	209	21417
22892	62	725
5565	103	1013
9800	206	23400
24514	174	2962
3918	133	21136
4130	38	9019
7034	209	23812
9859	80	7900
256	108	7783
21615	177	2566
24852	82	4139
25428	206	3820
7461	160	22294
6580	80	2532
43	183	23142
1907	26	1695
8099	150	2630
21458	115	5289
4316	115	23708
21048	160	6769
10260	173	2683
21094	115	8665
7847	1	6421
5877	63	257
8146	80	2566
8951	210	8700
8993	62	6489
7713	206	615
3544	184	4744
8744	123	989
22818	66	7750
5046	205	5201
7341	177	4160
3580	174	25073
22439	200	8320
639	115	9018
5739	102	1303
3180	209	3604
22591	160	6769
9834	115	24132
3316	80	6869
8837	39	5593
23092	92	7933
1318	123	8565
25339	80	1136
22700	115	23745
8806	133	6869
3751	131	6464
24635	76	2566
6055	62	87
4121	115	24852
25133	123	9936
467	115	657
1590	17	4213
6151	123	21108
22489	26	22489
2501	173	2789
7135	62	9063
517	39	3757
24522	115	8053
9795	102	6096
4941	12	8650
23360	115	24292
23230	80	6869
24757	177	2694
5587	143	7202
9377	80	1487
6679	62	25088
3136	146	24221
1257	151	4765
812	173	6104
24588	80	21123
21138	210	23891
25394	133	22621
1286	39	9715
9299	39	3511
8080	173	1388
6936	173	22348
2553	108	9412
3253	204	5707
3722	133	8874
22298	35	2566
2926	103	4631
5514	115	21895
8262	160	23458
5602	38	8414
5560	183	3517
5553	206	9892
2352	80	6101
2506	115	1608
9305	205	1609
24332	115	7271
8586	115	21813
1756	180	21951
23155	62	24299
5539	106	7431
277	80	7349
2437	173	9597
7415	174	10190
22108	26	9427
5552	204	5707
23338	115	22837
1395	102	6769
1070	113	7867
5734	80	6869
4826	205	532
4247	166	3095
2628	173	2902
7935	62	3930
4258	173	3366
5693	123	22216
23634	103	9855
7856	1	7867
360	115	25028
23467	206	25411
2494	173	6606
8031	113	24555
8692	72	10429
22287	115	23582
6161	22	2566
10176	93	21671
21778	35	6869
681	106	22295
7747	47	7213
3788	115	8110
2267	143	21307
25253	115	6806
6782	123	21533
10365	204	466
21002	184	9304
7161	115	6562
4471	62	24299
24017	115	9817
9293	133	6271
21338	108	8435
21629	72	9476
21484	143	885
4371	80	2566
21216	115	8681
8362	80	6869
10244	108	2978
5672	76	23308
3609	174	6104
22153	17	3305
23325	80	25484
23864	160	6769
25067	173	6969
24454	205	8492
6157	62	23897
4118	67	5063
2089	204	10109
2715	123	209
9411	160	24239
1012	115	24535
5731	115	24942
9552	72	8932
3780	80	4985
21672	115	23091
9245	55	21124
23430	62	25112
23836	173	9743
3156	115	25170
8404	106	25198
21891	103	8454
6288	115	5724
816	95	7731
22358	39	2009
2311	42	23943
4205	173	25038
6412	173	4701
3983	62	997
10479	194	8694
23020	173	6383
5556	103	24555
3937	115	3405
23029	204	3567
3585	206	554
5594	80	1492
23322	123	3995
8896	210	23410
23514	173	9852
3831	103	4223
1466	115	23557
9907	150	2594
1441	62	21027
23089	143	8078
9497	115	7638
134	62	1069
2554	123	5401
1084	123	38
4368	62	10021
4238	123	372
1645	133	6563
7818	102	22495
4711	115	23317
9153	80	3944
1133	82	2007
1359	115	4882
5519	123	7861
24186	160	24239
5354	80	5030
21012	115	3300
1041	160	24239
1196	22	1710
24724	115	9520
7062	173	25348
791	95	22910
8514	183	7317
4601	209	5213
9258	115	1232
24218	205	5201
3889	173	2936
5538	173	10258
4494	95	21531
258	204	5071
7249	173	4488
1128	131	24868
23343	133	6430
10472	115	23872
3395	95	22910
4395	151	6194
350	115	2800
618	165	5869
23297	115	5128
4560	26	23118
21448	72	7340
4405	80	7900
4982	62	873
610	143	1147
1386	115	6694
23667	95	6912
8346	93	24044
9296	80	2566
23050	115	2063
4490	115	24473
8040	95	23015
21047	160	23458
64	115	22104
5398	123	1536
8133	115	24823
3210	115	5048
1738	106	9283
2170	62	1018
6973	115	5622
2131	123	4213
8587	106	25214
3518	115	5128
21150	115	23708
8170	115	7262
1041	160	6769
374	1	23407
837	93	6613
24139	115	6967
6667	206	8763
9292	1	1070
6027	133	6869
6635	80	6235
5227	80	3944
23432	204	7054
23760	62	6420
9049	173	6275
8478	207	830
4949	80	7248
10060	1	1070
4394	133	4790
6217	115	21813
24754	115	21581
21471	115	2640
593	123	6293
3522	123	23277
7017	106	22234
23099	115	10009
5619	80	21352
4546	123	7743
8909	204	4329
6220	115	5986
24974	93	1118
21819	115	9060
7606	115	9932
400	80	9071
1469	115	9978
21340	149	23608
23356	80	2978
24993	133	23333
8079	173	23082
2203	35	24491
38	80	2566
3	149	25167
3233	1	508
24280	115	21290
1319	102	24798
3411	115	6618
822	106	7467
1409	133	22137
10306	206	3556
8893	1	1070
4051	174	22163
10346	80	1940
3806	143	4923
22287	123	21250
7390	80	6869
2891	206	8717
22598	115	5926
3758	103	7227
21513	146	24275
7753	123	8045
24418	123	25151
22074	72	8436
8501	80	2895
2668	115	8909
2747	1	5851
21020	123	7003
9108	1	6147
24208	1	4163
22759	115	5365
1758	206	23621
24181	115	9153
21728	62	5164
8158	160	9100
9207	206	2626
327	108	9045
4934	76	4971
24975	63	8799
8884	106	23884
8042	123	3011
1177	200	25350
23973	123	7990
5203	209	8866
23816	115	25039
23627	93	3021
611	160	22294
23170	133	24163
8898	115	9592
21808	205	1475
3910	173	22121
10323	174	7852
23193	115	2847
9452	115	835
6954	95	24693
5342	115	8045
10345	80	1078
21622	210	5059
177	115	6903
7865	115	1276
9822	174	7929
24776	115	8814
7865	115	5311
4704	106	10217
24967	115	21629
3538	106	4038
4408	62	1559
71	80	2355
22545	80	2225
7978	1	508
5560	174	9550
5140	123	3704
7364	174	21053
10073	115	8246
6802	115	3150
396	1	5389
7507	1	508
24731	115	2449
5982	95	6693
8260	115	1892
21776	115	24513
3668	53	1983
2234	146	8271
10334	133	23677
22971	95	1560
21908	115	7926
21324	173	8045
2119	80	1078
9385	210	24908
8360	131	3120
5741	149	6869
23749	62	2686
8341	115	23479
1333	115	6904
24158	123	10282
25343	62	22430
2358	1	7867
9889	38	23638
3691	174	5997
1793	24	4790
23030	115	107
7478	115	9592
1005	204	5869
3767	115	369
3504	209	2999
7190	144	69
1317	205	21979
6048	39	7338
2051	38	1681
923	115	23582
10367	115	4706
348	72	9784
8395	206	10457
5184	204	24951
155	95	7159
6391	204	466
22907	206	1834
958	22	2566
1989	103	582
21074	183	4410
22493	115	3814
6217	115	4061
21666	173	22485
45	200	23475
7322	115	9566
3926	115	9785
5808	115	1094
3439	123	3438
4072	80	21123
4479	106	24816
3026	183	1782
21302	39	7338
23043	62	2573
22286	173	9053
4475	160	23458
24440	173	4571
2799	206	8543
21038	115	3160
21500	115	4878
223	133	24982
5560	123	24766
2506	115	7931
21491	115	3681
4047	133	1954
4467	174	1772
1703	115	6845
9836	62	22049
7963	26	23472
8350	1	508
22205	115	7526
8030	115	9853
21853	205	24719
1117	160	1458
2485	1	1941
3535	173	4193
1050	62	8698
23795	173	4218
22203	115	3427
21956	58	70
7959	133	722
8793	80	21395
7346	174	9076
3196	123	6021
24278	62	23395
3362	209	5401
2187	80	7834
23312	206	24028
21911	62	5040
981	95	22803
6609	115	1331
739	103	23337
9842	206	2917
24759	209	7683
22147	209	4050
25049	183	4858
21165	106	1599
10	80	2566
23141	130	9580
21355	206	6809
22866	115	6746
25002	133	8088
8788	123	4496
24220	209	92
6890	62	5040
493	115	6719
3818	133	21136
812	143	21325
22448	173	2089
1120	123	9606
9565	80	24163
6090	183	3902
23970	152	3523
7491	123	491
23109	95	6697
6282	115	24435
7959	80	9623
25362	173	4962
5063	150	23037
21145	115	9636
4696	106	9478
8926	39	23530
9658	143	24980
24413	1	508
21329	115	25051
7316	131	21398
10296	93	22838
23104	38	21134
9367	180	24269
25033	205	3804
21610	131	850
5241	173	8992
21721	123	10182
22177	215	22738
851	115	5382
21353	95	5354
1177	123	8562
341	123	25219
2488	5	367
3231	206	9876
3136	146	5495
9156	68	3009
9276	80	1247
23729	123	7170
9339	80	25484
6008	80	9623
24018	205	21906
3030	180	1635
8781	123	22436
5690	62	23879
24360	106	1949
7763	115	23708
2500	203	5896
1556	80	1515
9523	204	5869
3845	160	9100
2094	133	24540
450	206	21629
9916	131	6111
852	180	4158
9655	115	5997
9498	123	2193
22267	1	508
4850	115	9527
21808	205	22928
4590	115	23479
8357	1	778
7995	80	9623
21034	95	10108
3339	14	8728
6210	160	9100
7290	80	6869
3006	115	24137
3559	130	2920
4335	115	7787
5495	92	1881
23046	115	9690
10236	173	9525
1987	88	22309
6287	206	24301
21610	131	3278
1559	108	9412
24481	133	8099
22751	204	3974
10300	115	4807
3723	80	7201
22983	115	2455
7430	39	6058
23497	115	4426
8	80	8703
1003	115	23557
6787	115	9585
8559	115	8856
25261	1	1070
24650	160	23458
4074	106	24746
21728	62	5040
2372	174	22653
22773	131	22339
23914	80	2224
8388	62	24673
24917	95	21970
6244	62	5118
22648	1	5389
779	93	8702
5219	173	22659
21373	108	69
22393	123	25145
21803	209	5077
21509	17	5128
10228	62	7838
5281	190	4741
4201	95	8775
8334	173	4589
21003	62	21952
4333	180	2076
4858	204	7874
10486	1	6147
8768	123	2158
1214	160	2382
9705	204	21189
8344	115	21414
525	95	4144
4541	103	23776
2192	206	22505
24987	148	5593
7041	115	9552
3193	143	4514
7493	80	7201
7658	115	22625
5609	115	25051
8935	115	6416
3966	62	25112
3054	39	6058
9037	115	7262
21184	17	25396
8084	209	24344
8554	115	5328
21840	173	3907
8405	62	7105
483	123	7142
7480	115	8816
4914	72	4948
3662	62	8660
25183	115	5802
5543	143	921
737	80	7834
2206	1	23264
5477	53	4160
7109	115	5289
7891	115	22643
24560	115	5827
2892	206	4472
22347	66	3348
21766	204	5912
586	115	5311
21855	80	22579
1599	80	23397
23194	173	24019
3637	115	5035
3661	80	6563
9357	209	4922
8752	14	8195
24354	1	4627
6681	204	1156
2311	160	6769
4079	115	21142
71	58	2915
5521	143	4745
3402	160	24778
5176	106	1880
2882	123	6021
24364	206	420
8320	58	9019
25355	80	4790
25334	130	8414
22648	209	4589
22238	173	2827
9555	170	10141
8585	206	22402
4854	123	8858
22128	115	22651
8541	80	22733
5701	114	22299
23510	80	7201
25118	200	1772
23063	1	1070
23980	177	7900
3902	130	5997
2555	123	9456
7332	80	23216
6652	213	2333
1383	174	35
9019	58	9158
7976	87	2456
7179	131	22337
7509	133	174
9944	173	2135
21028	115	24813
1302	206	5527
4057	206	9546
22605	1	508
23051	209	6629
3783	103	6491
24217	106	22477
21739	215	440
7209	39	7832
23851	166	1964
198	115	4021
5146	115	2108
5917	115	7287
9450	80	2728
25486	183	5388
23368	13	5011
10260	204	5869
2226	57	3478
22530	62	23470
8404	93	3430
5485	106	8642
8840	115	426
1041	160	2382
1284	62	4982
2186	62	24952
7070	115	5382
24073	173	7823
23702	173	2967
2522	160	22294
1427	115	22431
6539	200	22801
888	115	23482
23041	133	6668
3339	115	3221
8318	115	4362
21622	173	5089
9945	131	7172
8238	80	24276
3399	206	8653
610	174	21926
6436	209	9756
24650	42	23943
10455	168	1097
5079	115	23257
9658	22	22137
23542	115	21653
4512	115	2995
21784	183	1902
9163	106	3578
6191	115	25038
3024	123	23812
1447	103	2143
8394	1	7867
2570	123	4734
85	76	9105
3850	24	9412
470	160	6769
8994	184	25092
23295	93	24114
3835	123	71
6453	174	9840
5375	173	22808
23177	133	9412
8113	58	7441
22030	106	2640
4637	13	2038
823	174	1093
1993	123	25145
5319	173	1535
22157	123	1736
8300	133	7900
2412	133	8027
1079	62	24183
9442	205	8130
1106	173	23003
24584	95	10452
1254	204	3974
918	123	5950
4634	108	8809
547	146	23357
3925	131	8938
23687	115	7686
23416	80	367
9125	38	24517
662	108	8906
10291	80	4382
3991	115	4292
2492	80	6869
8388	62	1495
5171	80	2566
21627	205	301
22444	194	2845
2197	93	5584
9409	115	6981
23764	115	24041
24158	123	1736
10326	179	910
535	80	9228
5442	115	1057
5349	143	1105
7230	206	25148
3880	205	24719
3173	93	1179
2152	206	645
5697	115	6846
21959	80	2147
1415	209	5213
23540	149	23216
10219	80	22221
22359	115	22151
25046	108	7783
8643	133	24540
1844	72	2373
9896	115	23128
8595	108	9846
23460	205	22928
5714	115	3453
24018	1	7867
5111	95	23177
6781	80	7201
4710	183	904
4361	115	747
21711	115	23461
23474	204	5175
25152	115	8472
21713	115	21825
8469	123	2973
391	206	1015
6102	206	23761
9285	103	4404
23918	115	7803
25215	62	682
9573	103	9671
24039	103	2180
21723	166	22554
22683	205	5977
2059	80	89
23092	146	3322
10160	1	24262
22896	160	24239
23763	62	1559
363	173	6275
6639	209	23339
5479	62	23439
5863	209	4532
4032	160	22294
10172	108	2694
23809	123	25392
23266	115	3814
23774	103	1500
455	115	22018
23580	123	7617
22369	209	10282
6393	206	9178
7052	205	21868
5168	123	1530
2035	62	2854
8550	209	24866
25478	80	7632
8320	38	726
22510	39	5178
21208	58	2266
6859	102	6369
871	160	23458
21126	115	24424
21006	205	979
4702	108	69
22560	106	3075
1230	80	24706
6754	62	7361
25391	209	8806
4823	106	6569
23806	133	2566
8365	160	6769
5297	39	2456
780	76	2566
22901	62	5597
23353	76	6430
8848	123	4468
2926	80	1078
8154	38	23131
2363	126	9344
7836	206	3805
21283	106	23177
22762	205	9394
22733	35	2566
964	115	765
2600	189	7454
24073	115	7539
22108	62	23178
10400	115	24503
5252	197	9431
6824	80	22733
317	115	6766
9161	133	2204
3231	133	24982
3766	62	25015
4619	115	2072
22887	206	2407
1950	106	10208
3654	115	8431
214	115	22114
6080	209	373
3552	206	76
21536	80	7962
21150	115	24138
4641	123	988
8752	115	943
4325	173	24895
7977	115	4060
6608	13	5011
9968	204	2430
25134	174	6104
7718	80	7522
6221	131	22117
9663	80	22469
503	62	1203
25469	123	5802
25261	115	3066
8645	206	5852
4715	133	4971
3635	62	2415
5362	80	22733
5325	62	24876
5040	62	21911
6030	72	2790
5635	62	9873
1803	1	1070
24407	62	717
9914	103	22739
23459	122	9156
9360	133	6563
2190	131	5801
1912	72	1314
2476	93	8597
9061	166	22733
7283	173	3465
1243	203	4968
1040	123	4627
25482	115	23325
2174	180	25206
6843	80	25354
1316	173	4661
2952	115	21999
23305	173	1089
8142	115	9984
25404	209	23039
1432	206	1844
8471	123	9937
23029	173	24564
4222	80	6023
22909	62	9030
6413	115	378
24238	1	6147
23890	133	5063
1848	173	3781
23669	130	22163
80	123	5703
4170	115	2324
8240	115	9462
23150	80	3944
23062	115	8472
1035	133	9623
24664	88	22309
7619	131	21910
3576	123	4265
9062	26	21224
9626	115	24513
2120	93	24000
23309	115	24874
25222	1	1484
2749	80	23037
6137	115	7515
1780	14	8992
22055	209	8046
9133	206	3019
1734	115	21290
2336	80	24118
10424	1	7867
6460	95	457
23084	106	2868
24661	108	5063
3986	131	1642
5602	38	3640
21425	1	5851
7217	1	7867
3604	191	10499
21866	204	8565
2801	174	23257
247	115	8139
22349	209	7544
5405	62	24347
1779	115	5231
1478	133	9309
22933	62	22553
3625	173	6026
21830	116	7783
1844	39	6058
21570	115	25439
9193	123	22092
1633	106	6992
21030	76	7900
25392	204	3974
23653	131	22654
7477	115	21175
745	115	9058
6110	115	8195
5220	115	604
6290	108	2694
10118	206	1154
7878	106	1979
23123	115	4724
5952	209	3206
4326	115	3008
24358	115	10009
6489	108	9412
4416	115	6893
21803	115	10162
7483	115	23708
9011	204	3567
4439	115	8366
3260	108	8874
24939	39	3511
2551	160	24778
22074	40	10226
1728	160	24239
24286	90	6813
8820	115	5156
2526	206	4898
6694	80	6869
747	5	6869
23441	5	3245
2601	133	21123
2929	133	6563
2657	206	2544
21215	143	9627
5145	166	23200
1081	87	21073
23208	1	23264
2692	80	6869
10379	174	5172
9839	62	5569
235	108	8003
8141	80	3523
6396	1	1070
2501	123	5099
8009	78	125
23455	80	1520
24571	80	2204
2814	160	1458
873	108	9412
243	130	8659
23866	133	21395
3155	209	4208
1155	80	25325
22134	58	23639
23451	115	22898
8032	1	778
1483	115	23150
89	150	24448
2033	80	6869
9786	160	22294
4130	58	24107
474	123	2176
1811	62	5333
10137	174	23257
6131	115	5443
4839	1	23407
7436	173	9775
3916	95	3778
24655	56	23800
22696	209	4568
8009	63	4072
23222	183	2372
2097	115	8746
24875	209	2489
6927	206	7859
690	1	508
1419	133	21123
3869	72	22974
2029	209	22695
8804	204	6138
10259	147	7783
23953	209	21067
5633	115	2909
1555	123	1838
25188	103	25041
9203	115	2072
9434	205	22652
6787	123	24286
24785	115	23708
5545	26	5027
9808	160	9603
8153	115	8827
2961	80	3436
24690	1	7867
4910	115	2383
6256	115	4661
5384	76	2204
8889	115	10299
7057	133	24540
2879	123	25497
4348	1	7867
4422	123	23661
1639	108	9412
4423	108	4790
4423	35	5829
22399	133	1515
2929	24	6563
25196	74	2973
4062	106	8743
1006	115	10417
21366	204	22076
810	209	22348
7378	206	4271
4542	173	189
23621	106	2208
8045	39	1052
22482	103	24506
6496	173	5997
9488	123	4142
7333	80	7012
283	209	5467
9800	206	4175
22281	115	512
9985	115	5052
4077	115	3150
6492	103	7225
9581	115	22236
1096	40	21765
4353	95	23015
6454	103	23388
665	206	24116
5574	206	22168
7072	173	24583
9267	62	21149
8249	123	35
25327	206	23521
2020	80	797
4445	209	21132
21860	131	3429
2973	204	5912
7234	136	4535
177	115	25492
22831	146	1687
8453	160	6769
6890	108	9412
741	115	2243
9803	115	8810
1534	115	9093
8859	115	22104
8423	173	25396
3454	158	10001
4251	123	4027
4863	93	8370
23291	173	8818
22565	102	515
654	95	3690
23256	123	24705
997	62	3983
959	174	24524
1122	123	22092
23018	23	21682
21602	80	6101
7991	39	5528
10390	62	24977
23010	160	6769
9428	115	24535
4459	80	2566
6982	123	9859
2165	123	25145
23782	173	4769
5517	180	5066
21812	115	5239
22892	62	22553
25394	80	22621
24875	115	2489
1159	115	2902
24641	1	5851
4076	143	24474
23683	105	22768
7728	206	6355
4407	194	21142
22830	39	2456
1847	1	1070
357	130	8320
3139	173	5997
2118	133	22749
6810	95	312
6364	210	6370
2017	39	4563
4889	115	9166
25341	173	763
23420	80	797
7473	108	9412
23431	115	1892
2950	194	22277
7456	160	6769
23917	58	5603
1904	133	7463
8799	133	9623
21758	143	5123
2607	203	9066
3581	173	4885
8369	115	25351
3953	209	905
22126	115	24942
21728	62	87
25282	115	25028
7034	180	23833
24772	115	4426
9818	180	24595
8802	115	24726
22265	131	3777
24275	92	3607
25014	206	23263
7179	72	10333
21511	115	23184
2654	205	1436
600	62	24183
9433	95	2014
1547	200	22801
22040	115	22371
10275	115	9153
24636	209	7372
23361	130	24766
846	131	22636
6369	161	9164
10090	143	180
24769	174	22801
22357	180	25206
23389	115	9592
1831	205	5201
1381	108	22469
195	13	7393
3167	80	7900
8272	115	5035
1499	115	1823
23182	123	8307
7145	115	8116
21201	80	6869
22219	62	2573
24477	106	2107
22346	1	6147
24741	190	3827
7595	82	9566
9319	115	7526
22270	39	10205
4325	123	22279
8222	93	9344
8164	123	5052
4954	22	2566
24442	5	22109
7827	173	21598
8048	123	7861
8738	95	8265
8769	183	4063
8469	123	10237
21053	5	7962
5204	80	6869
8463	123	23582
805	173	7374
24588	133	21123
1132	209	7775
24868	131	5086
23621	206	21746
1728	215	22768
3142	26	7056
7821	115	9923
2453	115	9364
22148	115	9964
427	115	24473
8255	115	22274
6486	105	22321
21587	1	1070
25020	62	303
5637	206	9662
5947	80	6869
10026	106	3772
5876	102	9000
11	204	24951
482	106	584
23186	183	22400
1378	173	9597
21319	106	7343
3959	1	1070
86	62	1721
2298	95	9387
23079	115	2614
5759	1	1484
7141	80	2566
7754	72	3791
5178	208	6058
5110	115	3272
3605	62	23311
5272	80	6023
1358	108	9412
1910	115	1379
911	206	2579
5282	123	989
4603	115	1823
6136	80	1136
7338	166	9887
160	80	23463
3552	80	24177
4233	17	6706
4072	133	23747
25173	80	4535
3307	130	8172
23707	183	9519
24573	62	5892
407	115	25023
150	62	6588
24204	62	7838
3404	62	25160
2133	92	7207
2086	123	24830
22527	206	8751
21106	158	5607
21375	80	4610
4190	206	9168
1293	115	3066
4273	173	9356
6020	39	21073
24996	106	8748
7842	95	30
24742	173	1089
9619	5	7900
1527	115	21686
22922	123	21250
6965	143	25375
3607	146	562
5670	173	7822
7449	209	3356
9489	115	21102
3862	133	23677
25105	93	6902
23379	62	7605
5372	39	3852
6524	206	1178
7162	130	35
3840	209	9067
25108	62	22757
108	184	24791
1072	62	22616
7582	80	21123
2449	80	9353
3777	80	21778
21004	115	9636
22594	123	4944
4454	204	6138
7590	80	8874
7631	26	23472
8158	160	23458
6681	123	3349
9059	38	8293
8087	130	2915
22021	123	38
24697	115	3883
23482	80	89
10378	62	9487
425	123	6409
4576	115	21581
4113	115	3450
1468	204	21189
901	35	2600
22119	130	25149
22719	183	8073
21232	215	8031
23925	115	7923
22699	1	23619
7242	206	21555
4004	133	9412
21673	215	515
2893	5	22733
9661	62	6889
7043	205	519
4801	115	7254
1766	123	8010
6624	103	25292
4585	80	21123
10100	115	23150
9698	177	2566
3100	149	6023
6227	162	8535
24533	115	23923
4232	62	24255
1108	131	9041
6297	39	544
9662	133	7632
10350	173	8938
1908	115	2449
24789	173	6880
22962	115	23708
9169	209	22865
3491	80	7900
2107	206	24116
21230	123	22443
578	123	9619
679	5	22137
6742	115	2924
23456	133	9623
8586	115	1233
10484	95	9286
4588	115	4151
5789	72	7172
2212	115	4596
9959	115	1681
9641	123	7984
9031	115	7724
23427	34	4278
22872	209	6775
488	115	4462
21823	103	22067
1581	206	3101
229	204	8252
1483	173	2624
22410	173	7758
21812	209	1865
7701	209	23132
249	80	22296
3419	141	21760
9192	174	5252
1388	80	24163
21441	108	9412
10037	123	3460
6920	1	1070
7222	197	10166
6080	115	23770
2282	209	24705
1119	24	24998
631	160	1458
1206	115	4775
1196	123	1560
8696	106	24613
9513	205	4620
24151	1	508
9820	53	6869
25474	209	21625
7952	115	4352
1861	108	9412
23334	80	4790
4664	62	9271
8543	72	2589
3832	173	372
6067	62	22882
4369	115	3221
5742	160	9603
21001	177	7305
8633	115	409
10195	62	5635
449	115	4775
3991	180	1813
23167	5	24163
24514	173	1884
1322	115	6352
22326	206	6533
21139	1	23407
3268	80	7522
3632	173	21839
2834	80	2566
2554	209	5401
5579	62	6890
9230	173	8845
4206	115	21871
4894	143	6789
25324	62	6202
22885	190	6079
1732	115	4920
5604	123	3904
5556	177	7900
3393	173	24850
3688	115	23947
1843	173	23234
24076	183	22692
570	115	21816
23807	206	5790
24633	93	21670
5464	102	22290
6588	62	23789
6139	204	8252
7100	1	508
5001	160	6769
24437	123	24866
9841	35	25380
5546	58	8842
24753	143	1775
9594	115	23985
21546	80	1097
101	206	25148
8997	115	517
6212	115	21487
3851	93	22881
4682	173	747
468	80	21173
9456	58	2920
7322	123	4568
3922	209	24705
6164	131	21130
8730	1	1070
24718	173	5227
6959	206	23319
22513	209	4468
8316	200	10237
22017	17	24172
7273	173	3606
22307	173	24553
25431	73	22424
9867	205	8239
6629	80	23169
4864	206	524
7294	115	8826
9889	38	8987
9085	205	8239
2052	108	9412
735	115	24464
23576	180	3638
23181	93	381
24236	183	10254
9272	103	2933
24765	115	4775
8024	80	22137
4467	173	2488
24603	115	2455
7904	80	4790
24342	204	5071
5859	80	2566
3279	106	4305
22938	62	21593
22692	174	4193
9640	94	69
1228	103	3765
7093	62	21505
25183	115	4037
22613	209	4225
23151	123	5743
2510	115	24823
21888	115	5938
658	95	312
24988	206	4714
6722	93	22833
928	209	1635
9705	143	751
1145	80	21395
808	115	6490
9943	115	4383
1152	160	1458
8090	203	21915
2656	34	3502
6269	115	3160
1585	115	8090
23981	123	491
23845	115	25171
10345	133	1078
2646	80	7323
5109	35	9309
6527	26	23429
24449	53	9028
1007	206	5116
2185	115	6660
6832	62	6684
9889	58	23638
1113	115	6658
25086	101	22671
2088	115	23325
2523	160	22294
3182	62	762
1499	115	3032
8672	123	6452
7819	206	1621
23724	173	9431
3064	115	8496
22965	80	6869
8263	173	7455
25480	95	30
25216	130	25497
3157	95	6249
7419	62	7293
23943	32	24655
4467	123	2488
10100	115	3814
9466	62	2377
3611	174	3349
917	115	1799
6057	123	23234
338	115	2393
740	133	6023
21407	160	6769
2422	183	24518
3017	160	23458
3781	106	23706
21588	106	1246
5065	174	5921
6833	26	23166
25450	80	367
896	173	6880
25137	206	21092
22767	205	23401
8283	12	25041
10286	177	2566
21626	38	7042
5225	209	22865
21086	80	6869
7421	143	5998
1097	168	10455
21342	133	5063
23614	80	7323
21232	160	6769
10350	123	5640
21058	80	9481
23691	173	191
3597	130	21096
2818	131	8880
2414	58	25392
22653	204	6138
5297	39	1997
5406	115	1580
4077	123	3825
25407	204	24958
3021	133	24491
4801	123	4595
21865	62	23014
22040	173	24830
7764	143	23448
2685	95	22225
4100	7	4202
3248	62	4933
3654	115	6980
21972	206	25030
24882	204	8296
758	206	986
9455	133	22469
8405	108	9412
24259	95	10108
2819	115	4046
7840	209	9046
21154	205	8314
4432	115	7515
23576	173	3327
2491	93	5993
809	115	5913
5563	80	22733
568	106	1368
10050	80	3436
24660	209	4769
8192	115	259
8254	80	22819
3127	173	5997
7826	62	2686
2535	210	1630
25008	93	25399
3894	143	2280
9997	149	9830
413	80	22472
6161	183	23141
168	115	25461
870	95	24693
1356	180	7650
379	160	23458
1353	115	8044
1963	133	4610
3152	1	8049
2799	206	10029
7167	123	3516
520	205	25161
6541	209	21659
7166	115	5927
7105	62	8405
3237	200	7984
1515	144	2694
3506	185	7554
23608	108	743
856	133	4971
23016	173	25207
23227	209	8496
7806	173	6759
9804	115	4283
4736	146	9311
23655	5	24998
7719	133	5774
6969	80	2566
9785	204	5869
1394	4	1435
24533	115	517
3185	133	22037
21260	173	24539
2276	173	22258
2826	80	24163
3232	204	2727
23493	200	7150
24408	174	2962
21126	115	21800
5401	80	2630
25280	206	5956
23722	72	22976
24497	206	24211
2929	80	6023
21833	106	4472
3810	80	23308
21849	35	6324
4480	115	2902
22880	51	1070
5841	131	2529
4235	115	8024
9432	115	21813
22722	174	9580
22044	133	2954
3423	203	9715
1766	115	5920
7978	95	1112
21587	209	22865
23211	90	8489
3357	206	22421
7268	115	4060
4448	80	7305
22166	143	9385
7980	143	5746
9510	80	5935
4013	149	6023
21071	115	3756
21794	205	10116
25335	115	4578
23623	173	9577
23857	115	23161
7249	209	4488
5135	62	3592
601	160	6769
6787	115	4600
10495	123	23234
24590	1	7867
1967	58	1681
5053	115	25293
23449	115	8141
1128	206	613
22368	115	5278
23934	115	2902
4710	210	4270
22147	115	3618
7163	205	4915
5275	123	9107
8921	35	3706
5121	17	2763
2773	108	24536
3612	62	24664
6933	205	7333
665	103	72
10059	123	6748
10247	200	5997
239	1	2618
4521	146	1687
3895	206	5976
1795	80	22601
807	62	1526
76	106	2247
7920	115	5359
513	115	2135
5113	115	4775
24267	115	21343
4678	80	23873
5392	1	7867
5137	115	1892
9311	133	22108
3022	115	24562
2469	108	9412
8752	173	22905
4674	95	2842
21729	209	8940
24220	115	21825
8247	133	24803
7857	173	1994
7359	80	23308
23452	62	22219
3292	115	4571
23171	206	6573
7497	136	25465
22262	160	21192
5366	189	7454
5064	115	24500
25491	35	1399
6254	80	2566
9506	183	6161
1880	106	5176
21541	115	897
2123	95	3306
22775	1	1070
25292	106	9613
6955	92	2124
3070	115	4857
4618	115	7192
8954	133	2224
1008	95	24035
5903	173	21372
6341	14	24297
247	158	1943
6603	115	22970
22595	204	7054
7128	80	24803
24174	206	21371
34	115	875
25294	106	9713
1214	160	1458
5953	160	6769
1251	130	9619
1532	204	8252
24408	204	5912
6588	62	4086
7203	115	21358
1504	80	113
6246	183	5621
24382	80	113
5966	102	9402
23296	123	5997
7982	123	2327
8222	126	22029
448	115	22949
3347	72	9207
8600	206	624
3784	147	24971
10222	115	5443
1614	173	22189
22637	204	7874
8113	38	7441
23167	204	6760
3119	180	25206
8926	39	4717
4503	95	30
10279	160	24239
21103	206	8696
5793	183	817
10355	206	20
21425	173	22632
4365	160	1458
24214	115	2324
23276	7	9907
22699	209	3801
22531	1	1070
24288	133	460
6070	80	9623
7897	62	24531
1833	116	69
2491	103	9201
2873	1	6147
23941	93	25001
313	103	25189
6153	209	189
23915	67	8874
21901	115	21789
275	62	21657
8528	200	6275
8486	183	7198
7634	115	5482
1179	103	3173
2168	115	24773
3055	206	25363
5484	160	6769
25236	115	7128
3417	115	23404
3826	38	9076
4609	130	2490
23722	80	7048
6878	108	5774
24445	80	504
24256	62	23551
4983	115	9494
9716	115	21504
9312	154	24803
8078	173	4701
6303	62	9667
22644	123	22584
24190	72	2640
8435	129	21338
4226	115	3252
4988	173	6275
7961	173	8407
6089	80	7012
23766	174	6011
1450	106	5019
749	133	8478
23669	204	3567
5795	205	9394
25254	115	25439
753	80	23088
6583	115	7296
6358	149	24491
3071	173	22998
1842	80	3642
8254	80	24901
21099	206	9809
23103	115	21629
3454	115	358
2212	1	23619
22285	62	6627
22131	1	508
24680	80	24448
21396	62	960
2253	92	10172
3544	115	9218
5243	205	24941
21356	133	1244
8021	215	22768
1345	115	8681
854	80	8921
1270	80	23216
5555	173	22189
4546	115	5239
7317	173	10213
5403	72	2848
1661	206	21340
23615	133	1078
2837	1	508
2271	143	24264
556	123	319
24860	95	777
5233	173	824
3612	62	23516
10059	115	8861
24212	204	3567
656	62	7826
7205	209	6758
23136	160	2382
22235	133	6563
6931	206	8890
1762	177	21190
9661	62	10270
3309	209	3735
22618	123	24850
4233	209	5725
8774	114	7040
3192	115	22181
21515	1	8583
8257	106	9809
2549	173	21716
5951	143	5253
21348	115	25492
3704	38	1681
3180	115	1776
2066	62	4557
502	177	4610
21606	26	6158
2331	190	4741
21904	160	9603
6736	115	7067
4538	115	7422
22477	106	24217
9168	206	9293
3089	130	25073
616	80	3683
5814	173	21086
8114	108	9412
8644	115	24513
1712	174	22942
80	115	1311
466	75	3704
24904	62	9070
1455	115	22651
9252	123	22567
138	206	5846
3974	75	3571
8507	173	22163
71	38	10318
7466	80	2630
24127	80	603
5579	62	5040
23127	206	6182
5738	106	25188
5306	1	23619
2941	206	24261
7350	206	4021
23329	115	9023
1926	210	6404
7929	80	4085
7786	106	22097
3581	115	4885
3042	80	6688
24430	80	6869
5343	1	508
9691	206	25129
22082	206	1341
9301	143	10321
25466	108	2694
7783	150	2630
21842	209	9110
441	108	9412
1832	108	2694
5731	115	9054
1105	143	8298
818	76	4805
24490	67	4805
9849	108	743
21134	58	9821
24526	39	6058
288	123	8325
22787	115	2489
293	131	6469
24129	106	22476
24983	115	8189
4907	80	2566
5387	190	3827
24663	149	4790
2996	106	3507
9422	206	21563
9055	22	10453
21598	80	748
21089	209	10319
8393	133	24901
1762	192	7444
3934	115	25357
21000	106	3862
24947	115	4705
8080	123	22567
8736	115	3252
24748	143	937
5879	160	22294
24228	80	9503
22861	101	23821
1280	80	25484
9174	115	9520
6496	183	861
23256	115	6518
2160	108	2694
1656	62	25108
22618	115	24585
22686	80	4610
4733	183	6307
3394	209	6597
7913	1	1070
3666	80	2566
9851	170	10025
3928	80	21796
6605	200	1967
21165	206	9942
7729	76	7201
23153	108	9412
3046	131	4392
5659	115	22970
22839	80	1247
24477	206	10355
6819	62	23505
21103	106	1022
24242	206	4360
22701	173	25086
21963	58	10283
23506	80	22298
4870	160	24239
22056	39	8131
6842	106	6586
329	206	22372
9145	22	22296
21859	115	7262
329	106	2820
4591	131	23547
3840	173	1837
4054	115	5311
2162	115	23694
25008	206	10008
8276	1	1070
3377	108	4971
4602	123	23021
2737	95	9625
21323	95	315
9280	106	2443
2719	115	22926
139	115	7979
2072	80	22733
6936	1	7867
22785	80	1078
25488	115	24495
21246	115	25390
22407	123	1884
5172	58	3456
2308	115	1789
24917	1	7867
9507	95	23100
2518	115	21225
25235	115	5426
3037	143	10471
23524	115	5741
9140	93	10396
24621	130	9076
21347	173	21447
21028	1	1070
1739	42	23943
25079	123	21134
5953	102	9603
1959	62	9657
1406	204	6138
9659	115	22849
23842	95	7649
21592	123	3704
2662	183	6807
4599	133	2974
23299	115	5868
4326	95	7627
6210	160	23458
23825	173	6717
1192	173	1149
6298	131	9437
22844	160	24239
21058	133	9481
23548	80	7349
5002	123	2193
3094	183	4897
21483	80	9623
6748	203	1052
22828	205	22216
25088	62	23539
2820	103	9683
8818	80	24163
4144	5	1710
5280	133	4790
2615	1	1070
4411	39	5273
1677	115	21358
6653	115	4882
1996	14	6416
24205	62	9150
22596	115	21921
9162	133	23216
9434	115	3814
22670	1	508
23551	62	4351
23620	115	2158
8710	114	7040
7257	123	1087
23259	26	21638
594	115	2022
22138	115	8361
24273	106	156
4216	80	9044
6401	1	22768
22790	143	5828
23540	106	7676
8632	1	1070
7182	101	4189
24306	123	3236
5455	80	797
25216	143	5809
2189	80	6023
23775	130	25497
22871	204	2727
22852	173	24583
23246	146	4906
1268	62	23879
9562	80	7962
10390	62	6890
24073	123	24513
22731	209	23085
22443	80	22733
2474	151	10001
3663	133	22116
8566	205	1635
21973	131	6586
10169	95	6912
23245	183	2958
5936	206	23540
23623	209	9577
8123	80	9623
4505	1	7867
22586	115	9310
4632	115	3375
6763	173	3735
21085	115	16
8650	80	6430
6947	191	3622
8995	106	100
22758	1	508
4020	115	2785
25278	209	25151
1126	108	9412
24459	115	2749
6335	174	2973
2111	183	7645
4493	173	9081
7112	62	8208
8371	80	5669
9683	106	22420
3719	114	6112
22433	115	8879
5378	133	1186
22893	177	9665
3304	115	10234
1913	115	4878
1847	205	5201
4965	115	2027
4409	115	22991
23597	106	9473
5765	115	24833
23527	166	5063
390	80	23308
1141	206	21571
24725	62	8634
2320	206	819
25082	115	24965
604	80	7900
4458	62	6489
8815	115	25028
7417	80	89
25166	183	21307
22509	1	1070
5367	115	7383
813	173	22485
4577	205	21868
6391	210	24011
5145	53	21450
7423	129	3095
21339	115	22023
6803	24	4790
3248	108	9412
6377	76	22819
5434	62	22524
5994	191	5530
3489	115	25357
22434	115	839
1625	133	1935
2153	39	544
3462	130	22092
6320	106	10437
1254	174	3974
5489	115	903
5170	204	24951
3709	1	7867
5712	123	8450
23755	204	21331
21949	131	1898
22188	173	22503
24103	209	23885
2434	93	24082
1534	209	25275
5285	183	21227
21278	1	1070
4887	204	5912
1339	143	23754
23757	103	10456
22778	206	4696
2702	115	21999
24949	80	6023
6319	115	22216
8618	183	8507
1626	108	9412
21595	133	3914
65	106	22656
7561	62	7412
6578	115	21175
9099	102	24328
1147	210	2378
9837	115	24764
184	106	8028
1978	173	5227
24155	80	113
6131	173	742
7938	209	2758
8403	1	1070
6734	115	1301
4525	173	5847
3684	206	7707
1871	173	21226
1542	80	8809
2356	108	9412
9584	115	8063
4011	5	8874
3568	133	3566
503	108	9412
6712	123	2577
2433	123	3363
265	80	10267
24170	67	5030
24737	204	3567
21706	39	6058
10449	62	21878
10054	173	9669
21587	205	3804
2408	76	7349
5911	174	1681
3751	133	23677
10240	204	5819
6168	62	328
25473	80	2566
4145	80	8906
24766	38	5252
9535	38	5047
6260	115	24642
3928	206	1439
22362	115	5382
21458	209	21674
7151	67	9228
3064	209	7703
22931	133	3944
8315	205	24719
4514	204	5869
4258	209	22354
6347	173	8312
2560	24	7783
22272	22	8809
10280	115	1092
6552	173	6758
1898	131	473
22896	215	23922
7440	1	6147
8489	123	6493
21202	209	5148
2653	173	24744
23369	131	889
9539	80	22819
198	115	4264
3932	143	5497
2454	1	6147
23795	143	3037
7018	200	7
82	115	3905
10321	143	24665
711	205	7973
5946	80	23308
6685	174	6275
7449	115	5529
22925	130	1772
6449	62	10386
470	160	22294
5504	133	5094
21471	14	5239
4975	115	21816
2054	72	22773
5146	123	23736
21769	130	8659
6494	206	858
22509	209	10359
21912	206	9078
10492	103	23589
1249	173	191
25253	115	24132
22693	204	1070
1469	173	1837
8138	78	21898
24299	62	23155
3831	106	9470
25090	173	22163
21278	209	23598
9222	103	9965
8138	80	1247
9477	133	69
5804	115	10330
238	80	22137
2847	80	10202
23170	92	22600
4140	72	7031
4111	95	9387
3133	48	22642
7114	1	4541
4644	62	9273
2892	206	21833
4522	131	3302
22177	1	24007
8706	115	24473
1858	115	23150
7505	206	4832
1523	82	24148
23850	173	3086
9174	209	796
5682	158	22258
1797	206	111
6213	80	24730
24283	133	21123
24884	123	8630
24207	22	2566
25249	123	4165
441	62	25108
22760	72	23829
7140	26	23429
1415	115	23785
24107	38	1034
9697	115	21629
9564	160	2382
9406	115	3878
8091	80	22062
5082	108	22579
8196	106	6029
22207	108	9412
9823	63	9827
23064	123	482
7480	115	21302
5379	209	154
8185	123	25410
22384	95	5354
46	39	1052
4154	80	5268
3341	149	23434
4900	58	7
626	123	9158
22264	123	3812
9760	166	23608
9573	93	2330
2205	115	5204
23405	106	765
8350	115	4023
2860	183	2164
3938	108	9228
1274	115	5986
5486	183	937
909	115	6017
1116	115	1086
1254	204	21553
8674	123	25291
613	133	22296
21116	80	22978
2171	146	2707
25497	58	2266
23722	80	24536
24270	1	23407
3662	26	2645
21126	115	4623
7710	115	25164
7948	206	6816
9678	209	3682
6977	62	9043
24031	173	25315
4409	115	10047
8238	72	24815
9256	206	5744
6151	115	10047
23586	95	7731
1828	12	25188
23165	82	151
6756	114	1435
5029	80	2224
24207	183	23688
5602	58	8414
25218	58	21429
22191	121	5094
2161	173	1388
8154	80	21136
22198	204	8252
3144	205	9394
9999	206	8404
21228	115	6035
23729	115	22950
7761	206	4000
3080	173	9081
2216	123	4744
25450	206	1184
25185	160	6769
1678	80	5669
9928	62	6039
168	123	7003
25496	35	6430
810	123	22013
9183	206	23263
8186	173	1017
22302	173	23323
6484	198	5536
23418	123	5295
24652	209	3365
9363	115	5786
495	174	8320
24294	115	7875
25363	72	6694
216	95	1216
2610	62	8946
3436	169	24276
21597	115	5101
9297	173	8517
22297	115	22023
3765	80	22469
5356	174	2490
7801	108	4790
2407	133	1247
23427	143	7877
6162	130	10318
5374	115	24880
6322	31	945
7999	133	830
7899	115	21626
3785	80	6023
2777	180	4291
4908	103	6944
8832	205	23477
5032	174	35
781	173	22163
8651	146	2644
1613	173	8727
22257	62	21630
3484	210	6179
3364	115	9307
22960	108	9412
4559	115	3230
5199	131	21893
23302	95	777
3768	80	24110
22484	115	7931
364	133	2630
24653	115	24289
3605	108	9412
3355	115	9504
4300	115	23962
6372	204	3567
616	24	8906
2325	173	5779
3565	115	22693
2265	123	4027
8601	93	24972
1352	123	2327
22704	133	2566
23900	160	23458
9865	80	6869
21835	82	8714
324	80	6430
84	5	9309
2273	115	1137
5796	123	209
21024	183	23794
2893	58	7044
24932	115	4927
21952	62	5595
22549	133	2566
1793	52	381
2961	108	22469
5839	205	24286
3587	35	9733
2421	123	23180
24107	58	8172
2274	106	7003
21061	123	7314
21546	80	9412
24918	130	10190
7955	115	9734
21467	80	6869
7096	80	2191
24361	5	8679
6263	204	7054
9054	106	5298
7973	90	9780
9869	1	1070
23276	7	24784
6892	115	10068
21913	173	824
8249	204	24951
21258	160	6769
10147	115	1301
10365	143	6391
3416	80	7900
22882	62	3020
5139	173	2117
25014	206	2503
3639	62	8388
4365	160	6769
24623	133	24552
23187	38	5973
410	130	3647
5813	123	2158
792	22	9665
21270	209	10291
2207	136	1937
24487	160	9100
22507	39	5593
1864	173	22030
4906	39	21915
2885	80	22733
10215	115	9148
9182	115	24852
6157	62	7890
9839	108	9412
3290	106	7752
2586	173	2089
6926	209	7314
582	106	582
5663	205	23401
24037	115	22396
3918	92	5495
7781	115	9060
8627	80	2566
9758	106	5192
14	173	1635
2563	5	6869
6418	115	4385
1762	115	8980
8291	62	10386
345	183	899
10369	133	197
1151	115	3373
6810	205	979
5421	115	4465
10356	115	340
651	133	24730
25165	58	5252
23929	115	1776
25410	58	21495
6465	62	4471
25009	62	682
22612	210	5170
756	76	4790
7347	174	23475
9133	106	1150
21724	62	25306
4642	114	9217
22434	173	7928
675	205	3105
24459	205	5762
10317	106	4902
9843	115	4317
24300	123	24609
2436	93	6411
7941	133	1075
395	115	3326
24919	39	2456
23119	209	2635
25137	206	25241
21069	1	508
22553	62	725
1043	80	24163
9151	115	4856
10460	123	3317
3903	62	9812
6801	95	4820
5244	133	2694
2442	180	4291
10452	5	2587
377	115	24138
9823	76	6563
413	206	9809
3643	24	24998
3985	115	7723
2298	123	10242
7716	80	6869
9191	183	9712
4560	62	23897
9381	206	22420
8233	133	3566
24323	115	6766
1140	123	21254
25252	115	3316
4583	108	9412
7493	114	6484
3779	206	1416
25051	80	1515
9786	160	1458
4066	62	25020
7121	95	8012
8132	173	22485
9074	115	3649
8964	115	6846
9142	106	21781
3802	115	8195
8266	115	25028
7838	62	21929
21363	72	409
4111	123	21390
7299	115	6565
8268	200	9821
8392	80	7783
22758	209	21254
6142	133	21123
7946	173	24176
1862	115	2253
24568	174	25497
7628	1	1484
8386	115	22545
5788	80	22733
2897	160	1458
2259	204	5869
800	123	21108
9837	123	1209
8410	80	4160
6733	205	7973
3048	95	540
2863	95	8512
9009	162	2181
9469	80	9027
4163	55	4265
22693	80	6869
21144	115	4236
8889	209	1549
21045	115	7337
22280	206	22015
6215	133	830
7624	115	4491
7317	143	8514
23441	5	1437
23467	106	9726
7059	115	3267
10110	173	7572
7868	115	3216
21281	115	24404
3882	215	25227
22028	115	22250
9825	115	23506
6214	93	24239
9767	95	777
21076	174	9076
2264	26	22836
22506	123	9845
22287	115	24828
758	206	22266
49	62	22366
5385	173	6275
24313	206	5603
6391	174	21053
4409	115	835
3540	206	4013
24422	133	196
280	95	4885
25091	67	22819
6774	206	22785
4437	143	25134
747	80	6869
3630	123	24333
2167	115	4426
6178	80	23283
4126	115	23744
21295	206	6252
6793	115	22280
4209	168	25215
6079	196	23121
22028	1	6661
22548	108	9412
4973	131	5204
8448	204	5869
23293	209	3825
25307	39	2456
5558	62	9345
3606	80	24118
442	209	22659
9451	133	21881
7494	106	24116
21142	131	23525
9922	1	1070
7668	131	7228
1651	62	5598
21347	115	22265
5761	123	3317
6490	106	1374
22072	103	24120
3565	209	22865
3336	115	4881
1589	62	4498
1950	80	5472
21892	108	22469
911	131	7843
21708	209	7367
4514	210	215
2533	115	7931
10446	210	6851
7331	133	23677
23588	80	22733
2717	80	21450
1844	170	22382
453	62	3404
4871	114	24111
2152	133	7632
22932	204	24951
9956	143	1669
4445	115	3221
23774	93	582
22904	115	22748
7415	130	10190
21886	206	10204
24108	102	23922
3723	93	25001
21930	72	1888
5323	80	1136
7857	95	6625
21734	123	23996
1357	80	9412
6356	115	4431
8216	115	23212
5735	108	9412
9407	115	21581
25403	205	3804
9019	58	6275
21420	115	217
1525	206	2726
2133	92	1438
22204	80	3821
4635	115	5797
25160	26	22836
5948	80	10371
5899	115	23405
274	115	23053
5183	133	7201
22606	160	23458
21670	206	23868
21417	90	7658
21166	78	25110
22334	80	9665
8221	168	2587
23956	133	6563
2703	206	22335
7447	115	5303
8333	205	21989
9496	102	9402
617	209	24286
10114	206	5492
23984	115	24965
5156	80	4610
25445	160	23458
7955	115	21290
23383	133	31
1844	72	1432
21041	160	23458
266	80	5777
4918	62	23178
8625	106	380
8159	206	25173
1495	62	24673
10119	95	22216
572	1	7867
7728	206	7859
3921	209	8992
6191	115	21887
7062	209	867
23927	115	6150
5209	123	4659
3210	123	22630
25247	115	8116
21566	93	8599
8802	115	4902
6053	115	22782
6985	204	3567
24504	108	24520
6187	92	1681
3603	204	6138
7565	62	23014
5575	62	1079
8330	13	24399
22951	95	6301
22845	209	7003
2468	38	7852
3188	1	4627
9645	204	3567
7353	160	6769
21877	115	7027
23020	115	5640
21921	72	6273
1854	108	23747
23367	133	6563
8203	173	5572
8996	26	7056
6844	206	8717
5942	56	23444
7217	115	7661
1756	115	5650
4417	131	8360
8043	80	197
4069	173	22167
5260	80	24536
8413	206	2917
24211	133	7834
4837	26	5027
21743	80	5299
6977	62	21003
4903	133	5669
7249	115	1731
6176	108	9412
23883	62	3085
5282	1	508
9206	106	25426
3835	173	22130
5707	51	5869
24267	115	1799
9068	115	8090
2909	80	3817
6579	115	7612
119	173	8659
1939	204	8252
21805	80	2566
3702	174	1093
23029	130	22801
6489	62	4458
3674	80	21450
7400	131	9510
23249	115	6924
891	209	25145
3751	80	21442
4720	173	8881
5903	115	5060
24471	209	4809
7847	173	24263
1412	62	22985
5879	160	6769
24259	209	24833
2155	143	8951
22444	115	6571
10368	115	23848
866	130	22163
24467	209	8378
574	62	22746
23970	152	2773
1472	48	1129
5898	209	7845
5237	106	6844
24180	38	9580
10100	209	23985
8095	123	8325
23490	80	3708
3354	160	6769
9388	173	796
21149	62	23883
21652	115	18
23350	106	25262
22381	80	4790
10035	115	24561
5361	204	24951
2785	106	1375
6060	173	4411
24277	115	6273
6653	173	2977
22029	80	10301
5182	123	3812
7339	103	5902
3766	62	1358
23599	173	5224
21362	209	3206
4722	206	6408
6059	174	2920
1618	133	2566
23860	80	8809
8381	22	2566
6868	191	21802
22052	80	89
5457	113	23028
7099	131	7487
4621	115	4661
5903	115	3490
8657	205	24678
24518	22	24803
6678	206	2891
24483	180	4683
23314	160	23458
141	204	24951
21238	80	510
9040	131	2310
24780	95	7731
3686	115	22363
6824	92	21226
2132	115	6871
5601	80	24110
3199	133	24730
27	131	21973
3832	115	5060
21803	115	7231
4876	103	21624
132	173	2117
21311	62	2052
8139	72	21792
21492	114	23786
21171	90	3576
2689	80	6245
373	80	1893
22205	209	5401
2645	108	9412
1537	115	6126
9159	1	1484
23256	173	24705
23824	1	1484
6422	80	1247
24991	115	24773
24839	173	3735
2902	39	6107
23944	1	1070
2952	115	5926
25290	123	24935
23550	133	8099
7550	115	1463
9594	95	8265
8400	133	9875
3226	80	4610
5397	80	2566
10087	115	7337
8964	115	6004
10005	1	6147
21656	14	24828
24679	210	6042
22195	173	4056
22693	58	24764
21063	143	23022
3686	115	25128
24866	80	5669
10347	143	5230
25126	200	6956
10233	80	9801
774	190	6079
24101	123	353
5403	39	9447
6798	24	22819
4621	1	6147
2524	115	9817
2866	62	1412
3196	173	7383
2686	62	458
1967	38	24930
21744	53	22137
23044	173	24622
25384	115	5976
21518	123	21134
22590	108	7783
24898	115	3538
2627	115	3483
1640	206	24523
6484	108	4790
8138	78	2005
1081	146	10163
5420	206	3967
7037	133	24540
8833	115	4661
21289	115	23090
4251	115	22431
1846	62	5305
25449	115	5443
21300	183	24835
59	173	191
9851	24	4790
22323	115	23555
24568	204	2430
21691	108	9412
2260	106	6658
23210	80	23747
9045	150	7238
23183	108	2978
7207	63	2133
23539	62	25088
6489	62	8993
7633	123	6629
3470	66	3682
878	115	23600
24111	154	3095
22854	209	24286
24850	80	24163
22007	206	1524
9866	180	4158
8419	173	2135
25186	204	22529
22454	209	373
583	80	2566
6341	209	23009
175	183	8476
1509	209	24513
7557	191	9678
23511	133	2224
24715	115	4775
6588	62	23470
9253	115	2449
23305	115	24733
23095	174	2962
23160	179	22137
21206	206	4849
9598	133	6869
24123	115	1823
1072	62	22314
7417	80	24448
6974	160	9100
3770	170	4686
8226	173	2967
24901	35	22819
6338	173	10359
21727	106	22815
23188	80	23200
8823	209	21254
3338	115	22545
5300	204	24951
3998	173	8818
7141	80	6869
3854	173	21208
23492	174	647
4593	130	22291
7650	80	4610
7851	80	4971
260	123	21633
4387	80	4610
22056	114	3478
21320	95	24422
22348	80	9623
6049	179	7848
2895	35	1399
22383	123	24866
24591	74	24815
2265	115	8681
5727	133	9412
6762	205	8502
23665	80	24077
2457	209	5256
1495	108	9412
6408	72	4722
23284	80	10301
2925	173	6717
1633	206	5051
5341	80	5943
6771	204	5175
22463	205	6379
5441	115	22813
8497	209	23633
24065	133	603
23905	62	21187
8986	146	1881
8963	174	9580
8556	115	24232
3707	206	1148
24270	115	7803
5859	63	10349
4994	173	24303
338	115	6877
5848	173	25348
5110	115	3029
5051	80	21123
3000	206	9654
21975	123	23310
10016	115	6846
23017	131	21490
170	206	9559
5877	24	6563
24505	204	10235
21039	67	9412
2279	42	1231
22037	150	1710
207	209	21659
23801	204	21968
22032	206	25472
2748	82	2905
1890	24	8906
5334	115	8195
5692	204	21553
3332	115	23817
5322	209	23085
9906	160	6769
9313	146	7933
24796	131	1697
7865	1	6147
9288	62	4723
2876	80	2566
21315	209	22865
3091	80	2566
23180	204	3567
4348	115	1232
4331	174	10237
2293	209	23077
4557	108	9412
6449	108	9412
7581	115	21197
8089	209	1608
1700	123	3083
23183	168	7305
9278	133	8906
24940	123	6904
234	106	3126
24083	115	25453
4956	115	22555
231	143	22164
10053	133	24540
24465	106	24691
3940	80	2566
21121	115	897
5728	166	21190
4548	39	9320
7817	205	23401
6081	115	25351
25103	108	9334
8523	93	6433
3441	62	6157
24010	62	25007
21011	173	9597
5834	39	6058
3517	22	4160
10302	24	8906
23755	183	21692
9355	143	10323
22166	183	25434
2266	38	25497
806	173	2475
25278	173	25151
21092	80	6564
21134	38	23104
9777	149	5094
22515	80	2566
5773	206	24497
4167	206	5694
25044	173	8521
3892	123	4027
165	209	23515
21910	206	23967
4645	206	4264
7227	170	1141
23791	123	21487
8327	80	2566
3384	123	2881
10081	106	1271
24717	80	2566
7864	173	4662
6133	143	22347
6014	133	10371
6331	123	4960
24409	115	9520
23230	131	10001
1351	133	8899
595	115	5156
6218	62	1639
7626	95	10131
3103	173	21124
9839	62	6176
3151	72	5047
2137	62	7890
6124	123	23996
3671	87	1052
5985	1	1070
9299	80	4790
8370	206	21886
8892	115	931
9423	206	877
2130	80	622
10052	108	4790
6522	115	4857
8828	80	5669
1530	5	8703
24253	1	1070
22272	22	24803
1634	173	4060
6262	115	2666
1614	115	4695
4998	209	3356
24938	206	4081
2524	1	508
4232	62	1638
3809	123	6021
8643	103	7992
22442	209	22086
2147	108	5472
1318	143	1122
25243	206	10161
1816	209	4213
10393	115	3975
2289	80	22341
25199	115	1375
9272	206	2118
3545	115	23257
21004	209	189
23534	209	8137
4374	173	9053
6360	115	23506
21507	133	24982
22784	149	4790
24243	80	8949
739	103	3555
5090	180	8461
2392	133	7458
1743	123	22348
21609	115	9610
6044	80	7900
4396	115	2621
1913	115	24473
21718	39	1052
25002	206	2096
5587	123	926
1824	142	3124
8166	66	7266
7717	123	3516
4302	123	8057
984	108	9412
3356	76	23873
1826	133	5669
6733	173	21171
2045	131	3429
25045	80	23747
6412	123	4701
7035	58	4091
1072	62	22938
6833	62	9745
8662	133	5299
7677	205	977
22651	80	6430
4284	108	9412
6970	183	22042
24777	115	24138
8152	115	1957
22460	80	8899
23871	80	22137
381	103	23181
24251	173	5648
2676	115	21706
24450	209	2999
24610	63	21361
535	67	9228
1703	115	23004
1277	115	22643
9570	115	3664
6476	209	5733
5859	80	6869
1266	33	508
921	130	5997
8979	115	5328
21507	206	4864
2412	206	21168
24689	183	21314
5953	102	6214
6787	115	4544
8990	143	24867
9577	80	2566
1067	180	24269
23882	80	21450
8275	206	9422
8466	115	6481
23141	173	9580
24209	62	25380
8936	22	23308
25044	123	8521
22773	131	21060
24218	1	508
8277	115	8090
25384	115	1974
4723	108	9412
24934	39	2761
7529	173	8992
7385	205	8914
24910	115	1754
6993	115	5734
9442	205	6072
22564	106	4362
24899	1	1070
25347	62	7824
10219	38	8538
8903	80	25465
24011	204	466
3624	115	3302
4729	115	10091
4469	123	4900
523	180	4291
1636	123	8189
5662	72	4466
22148	209	21132
375	123	9775
21460	80	2217
2653	115	5176
23915	24	8874
21394	93	2941
3182	62	6268
1310	131	22812
22435	62	6257
21195	115	2260
24153	131	2190
23792	123	6705
6682	149	2694
7002	93	5738
9614	206	8245
10438	206	21416
21645	108	5472
8708	115	9326
6678	106	10101
7740	80	4995
6401	160	24239
10469	200	10237
6657	108	69
5323	80	2566
3346	80	6430
24481	146	2644
10208	206	10044
7560	20	3140
2760	80	7463
300	204	21189
23244	1	508
21189	177	2566
24009	102	23028
3906	115	7245
5778	183	9737
1880	80	7097
22732	174	10237
5934	62	24204
3343	204	22076
5542	62	10211
22559	173	124
204	62	2573
9302	95	24693
7877	194	1266
1045	62	2797
7995	206	8374
1340	5	1053
8620	174	21598
24044	206	1746
1174	115	3558
25287	115	5422
24086	183	21084
7967	108	9412
24076	204	5175
23639	5	25354
1354	206	24044
360	1	22437
2125	205	5996
5726	205	23477
2010	115	9326
9177	123	5743
4559	205	24719
7717	123	7084
1929	106	6602
8751	80	7900
25205	106	8589
6396	115	5239
8628	103	8159
23681	95	24035
43	210	3271
9287	123	7861
6467	115	23279
4736	146	21513
3811	160	9100
4152	115	753
1970	204	8252
3419	72	24571
1923	173	5403
6612	143	3737
10238	80	9105
3896	130	23805
1878	206	4222
22944	114	8853
23653	133	9309
1746	206	7332
394	115	8360
4706	80	367
3560	80	4688
5482	80	22062
24667	143	24631
4548	80	623
2958	130	21220
10025	103	21571
6350	115	23425
22401	72	9440
4070	174	9158
23917	58	10452
3447	209	4744
7081	160	6769
7626	209	24960
10482	123	5401
23163	123	5950
2272	115	22275
7219	204	21331
24759	115	3107
22490	115	686
10106	88	4209
1442	115	21653
23741	177	9846
21089	115	6818
24706	108	4790
23135	22	6869
22105	30	7238
7847	115	7847
25125	106	23004
6738	80	7962
6017	80	1983
25160	62	4982
9202	205	8492
22678	130	21495
23505	62	21699
23589	206	6075
8912	106	22693
8150	133	8874
5216	5	7900
25096	210	24707
2709	206	2096
2181	166	9009
8474	123	25497
9062	62	1441
7247	115	2785
2461	130	2920
4511	45	7659
424	95	7718
1171	108	9412
5060	131	22152
23045	133	24448
5366	108	4790
4351	62	3656
6719	80	797
1451	1	508
6494	133	6023
21145	115	6690
23248	209	5128
6329	58	2826
22234	131	21448
23798	106	24833
10496	160	22294
25386	62	9695
6135	115	5741
4173	206	3227
23430	108	9412
21458	115	4896
8454	106	9999
1365	115	3293
2739	123	3356
2574	209	21117
6892	205	23195
3769	115	3675
3041	80	21123
7590	206	1840
23622	185	6079
21873	72	22654
5911	22	24448
23431	173	10111
22067	106	8275
24530	204	3567
22730	115	23721
8964	1	508
6154	115	7189
10399	123	9577
7543	108	743
24115	1	1070
8103	204	7874
6769	103	9603
3965	80	2566
22502	80	5949
2916	115	4872
4295	80	24784
24221	133	9254
3151	72	8930
4297	131	25300
23411	115	8437
2199	131	23697
7494	93	21103
301	90	24004
232	153	21988
2483	209	484
40	160	22294
24584	1	7867
22660	174	647
23388	80	22356
2983	123	24180
22338	209	6293
5044	115	1173
24393	204	8485
22802	123	7945
21812	180	24269
25265	209	7382
7862	204	3567
22772	115	10120
22301	115	22584
2505	1	508
2078	133	21770
7785	115	4775
6261	115	1631
7784	131	3907
23550	133	2630
5937	115	3618
8774	80	3683
2567	133	8899
5752	205	8914
21737	5	21438
23571	174	5997
25119	62	24681
6830	173	21625
1033	209	5445
8048	115	25453
7331	80	5935
10080	206	6923
21570	115	22813
10479	34	7877
465	180	8290
7368	160	22294
1194	160	6769
23053	72	22970
24346	12	5698
22054	72	21561
6977	62	9667
6124	209	4708
6172	93	24816
25468	55	5679
23364	95	22225
9038	209	21171
8441	123	24766
23899	93	24506
4631	206	23354
10217	133	6869
816	205	23812
2608	115	422
1238	160	9100
9156	186	3009
992	173	21107
22949	80	2566
10100	209	1952
24387	133	5669
1165	62	7412
22153	115	24325
1497	1	508
8234	72	10098
8793	133	6430
22319	115	2563
21132	80	2566
157	108	9412
2567	206	1524
4424	173	24583
23488	108	22819
6398	108	5472
5687	123	5401
10104	173	7516
21169	1	2810
24510	206	6028
21641	199	3054
8178	200	2711
25288	160	24239
21741	62	24639
21242	206	4081
23570	131	7228
23412	173	5572
22290	74	716
22327	13	24314
7614	108	9045
2893	58	5429
3958	72	24423
25441	123	23902
7029	115	8538
24608	76	6869
2321	143	6445
8112	115	2349
5511	115	21209
21433	62	22467
4515	189	9205
4681	62	717
6849	123	189
1138	123	6629
21050	173	372
23941	114	5536
21274	92	21217
21616	130	25497
922	106	7453
6833	62	1050
10388	160	24239
4177	173	5089
5298	106	9054
24917	115	24968
8404	80	23397
10100	115	22432
24393	130	2901
10180	173	8938
2884	173	6758
579	0	4107
21709	115	6924
25245	209	5502
5980	14	8992
5651	62	5054
10298	80	23088
2561	206	8001
3659	80	4610
6426	76	3692
21774	115	9989
1351	80	6023
8622	206	9790
8518	130	8293
22463	115	8442
2775	115	2222
23729	115	1823
9877	183	4622
10084	204	24951
3364	115	6490
6432	133	2630
21213	206	24992
1720	106	24479
3378	133	6023
3174	180	7269
22471	115	21629
10183	174	7929
5380	38	9535
7411	205	3804
5995	173	22402
8808	146	4906
3904	58	2920
8574	123	22159
34	180	4565
21401	108	9412
8505	133	21123
4116	133	1980
21688	95	23647
22319	115	5563
24940	95	6904
10222	173	22511
1526	62	3218
21080	133	23397
2095	115	8182
4619	209	8057
25260	133	9907
7927	174	22984
24301	39	4702
21413	130	22080
5486	143	7531
7887	80	6023
4738	133	24998
2618	177	5669
9547	95	10444
24373	206	22460
6659	80	3159
4618	124	22437
4839	115	4283
664	206	1896
5205	206	9999
2141	173	2700
21900	80	22964
5164	108	9412
4989	95	2014
9237	206	1693
7535	115	8053
24632	115	1232
1895	93	9389
9567	80	6563
5543	123	5997
3867	95	10108
21515	177	113
23620	115	1017
24695	22	2566
6570	123	1772
5198	1	1484
6939	115	21197
23355	1	24007
6501	166	3997
23754	210	7127
5533	173	10384
9892	133	25167
2477	115	23672
22433	123	353
24167	115	23902
1088	204	254
23552	24	4790
9297	115	25162
717	62	4681
22207	62	5459
10039	80	5030
24348	209	3356
21651	115	24823
513	115	6846
3247	12	23426
1382	115	3032
1235	1	7867
9821	61	9821
6564	108	8874
6379	80	7522
7244	204	3974
22166	210	24908
21419	115	24773
2122	115	22174
22242	209	23610
21158	115	24870
523	115	6503
21443	209	8953
21563	206	23031
7846	115	16
8304	209	8585
22957	209	7685
23076	78	21640
21385	133	4790
8770	158	2670
5672	82	21245
6190	115	6289
22516	62	9679
22769	108	4971
1894	115	9527
7093	62	9579
1940	207	9188
6363	1	7867
3747	160	1458
3222	63	7209
439	80	367
3738	160	21905
8403	115	340
25218	133	2566
4999	80	23200
5992	108	21395
621	115	8909
8272	209	25443
7431	80	6563
7050	62	21944
2288	123	4744
116	93	6422
2269	133	22568
22912	80	2566
4266	115	8596
2652	115	8861
25330	80	9481
4648	160	22294
2358	115	6655
274	115	6611
7813	90	3340
1702	95	8265
8061	143	8087
2541	115	21217
23671	53	23671
859	146	8271
7370	160	23458
2607	80	23414
4106	88	22497
23276	7	197
1673	173	3529
8963	130	9580
9752	183	21091
21117	80	8592
4049	115	23768
23719	133	9071
23896	115	23802
7479	95	21100
10424	123	4253
6369	51	24768
5862	149	23608
21297	78	6837
9389	103	1895
8667	215	22768
4394	133	6284
3775	123	24493
23909	108	2694
401	51	22321
26	115	2200
6355	206	2976
23692	133	6023
4087	108	4790
22080	204	2927
10272	26	24091
9479	115	8812
23996	80	3683
24850	80	7900
23457	93	6007
2684	209	189
23476	38	21934
22916	115	657
2732	131	21415
5322	205	8492
3921	180	8992
7167	115	4908
2534	106	8648
23198	133	9907
25440	115	649
24089	174	7984
9920	80	23308
321	174	5997
21482	103	21130
1433	123	22163
1124	206	21621
186	203	3852
3482	115	1823
9985	115	4789
3123	106	4777
3645	72	6994
24759	180	4565
23379	62	4649
22275	80	6869
8514	204	22256
7164	133	24540
1481	127	24397
1510	80	237
5810	160	22294
5889	133	7900
2741	133	2217
3501	115	4139
4176	80	2587
8854	206	24360
7118	173	22159
22548	62	1061
7552	133	6669
1861	26	261
8386	1	1070
433	173	1346
6666	26	6113
21828	209	7775
444	205	3804
23545	115	5422
25085	205	5996
22372	106	9293
9352	106	22030
8766	204	8252
718	26	2713
22615	22	6869
22916	205	8122
7542	115	24104
22264	183	4331
586	1	1070
5645	80	22221
8527	209	24608
10107	115	24215
22893	115	4578
25394	63	9637
23580	115	23425
3514	133	1078
2638	160	6769
23634	149	23342
25069	62	4788
21130	206	21482
489	130	726
8292	80	2566
23101	206	1900
6820	1	24591
4098	123	3238
23943	160	22294
8188	95	23917
7533	1	7867
851	209	23610
8672	115	563
7050	62	3605
7815	205	7940
2783	80	25354
4030	209	2003
7199	93	2564
22853	180	10359
24475	80	2895
6349	115	10127
24655	92	21982
291	131	9041
1830	103	7524
22059	206	21340
6086	206	6815
21184	115	7220
1623	123	10491
7535	1	778
702	206	5485
8846	205	5263
7853	62	2409
2152	206	9662
10272	62	23379
25329	115	7000
24439	173	6836
6108	209	8621
2170	62	6651
7654	205	519
6609	115	6503
23702	95	23104
1809	108	9412
8287	204	5071
7932	160	6769
3764	80	22109
6310	115	7422
1386	1	508
21828	123	21142
5990	80	9665
7759	108	4971
8218	143	4852
8839	106	3670
5305	62	10021
1540	102	440
3669	22	4160
23960	131	23893
9906	42	23943
23263	80	9481
3877	1	1070
4461	204	3567
5963	143	24054
22111	62	22087
10077	62	87
24626	80	7900
5841	131	27
22682	154	7238
5150	80	1053
7757	26	9436
8567	205	24286
23413	133	23397
24752	62	7412
23895	62	25111
22996	115	25028
23632	206	9788
7837	180	1
3481	80	9623
8775	80	1053
8605	133	5669
24190	133	6869
9872	1	7867
5157	115	6393
8614	209	7334
5954	115	5603
5064	115	6980
699	90	711
7202	200	926
7311	160	6769
3379	115	10319
24988	80	23216
22947	205	6072
7954	169	24912
3790	206	9329
6058	166	9887
7363	80	7900
24228	106	8717
1014	115	25397
23727	160	9100
5186	133	21778
2962	197	2089
2155	210	8700
3698	133	22568
1366	95	8265
8897	108	5063
22434	1	1070
1834	106	8649
9215	149	1078
5151	204	8252
3612	62	275
3918	146	643
23586	14	4044
1400	183	3014
23829	206	5286
4486	115	8692
21906	80	7783
9913	62	5161
6318	204	5869
7249	115	24345
7944	115	25461
6351	1	7867
7938	115	24989
9943	115	2200
23156	115	22280
6681	174	3349
4924	205	5201
8500	80	4971
547	76	9412
6427	115	22476
25415	1	23264
21314	200	1772
137	143	3763
21089	115	6544
24743	205	5756
3311	123	5971
4133	209	5401
6326	115	24764
8225	115	3715
590	123	23310
2813	22	2566
24828	133	5669
23552	80	1954
889	206	23369
2931	93	8601
8795	80	22424
7640	206	2921
7483	115	2757
2969	160	23458
2866	62	5434
25203	103	2476
25111	62	3441
3368	183	24441
22187	72	2672
10019	115	25388
5670	123	5950
3953	115	24666
7668	131	23570
3658	173	21598
23379	88	722
8235	174	7374
6882	115	23325
7709	133	2566
10426	106	25411
6871	80	2566
8786	80	23216
2873	115	2859
6739	173	23647
7259	80	22424
6506	206	4888
5681	133	9849
9853	39	1052
22359	115	4139
9366	22	2566
1227	115	1708
7818	160	1458
533	133	22666
10491	191	5739
23454	115	4426
9360	206	4062
7732	123	8992
10383	209	23960
8193	62	22757
730	106	559
9998	93	24326
9215	206	8628
22196	123	21852
9559	80	6245
116	206	6422
22169	206	22870
21845	206	22367
2388	160	23458
24810	206	6180
5183	80	22621
2316	95	7649
7864	123	22385
3873	102	24239
6318	204	24951
21733	204	3567
23345	24	5472
7506	115	3618
8729	173	7572
1735	115	23317
7010	123	6452
3902	123	4900
6939	115	24949
1147	183	610
25182	133	23216
6765	35	5849
754	106	23757
3407	160	2382
21079	209	9227
449	115	23708
7161	115	24900
23056	206	1334
1906	80	6869
23935	72	24847
1608	80	6869
1252	115	22764
9842	206	1390
9529	204	24951
1515	144	7900
8634	62	22136
10143	209	8806
3822	84	23671
6013	173	824
954	125	5582
2821	1	7867
22625	90	22155
21966	115	22265
1271	106	10081
22260	115	5787
2598	92	1881
3250	22	4673
6542	133	4790
23242	204	3567
24097	115	1951
8432	115	22543
2546	62	5106
24618	108	4790
6451	204	3567
8884	133	24491
9417	204	23473
9988	123	25180
5127	115	10277
21952	62	21178
5953	215	6214
1246	80	6869
8610	173	6573
2311	160	24239
3094	174	1772
9962	170	8830
780	206	7179
25229	209	3735
5003	80	2566
2718	133	4790
25338	62	5325
22499	108	2694
21076	130	9076
24875	115	1823
25495	108	9228
24030	133	9846
23514	209	9852
8825	115	4661
2051	80	5669
21462	209	25275
23276	7	4805
9877	173	25410
24764	80	22733
7091	103	22123
4614	115	2452
7953	146	21513
25336	106	9222
6240	209	10410
22619	115	3950
2040	115	6273
3158	95	777
9501	30	674
10376	72	1285
21777	115	10416
24083	115	25023
7930	1	7867
7091	206	6972
315	80	1136
23016	123	22567
21505	62	24256
6860	80	24651
23375	80	21280
1842	52	1263
2477	115	6144
21991	183	213
8382	115	3538
7671	133	9849
4910	209	6500
8086	115	5212
3166	133	6869
1058	108	2694
3358	133	9412
23162	194	8118
9036	39	8029
21529	133	9623
9741	93	25189
21188	200	23475
5414	26	8184
9913	62	1589
8043	133	197
23967	72	8108
4205	115	3675
4184	123	22763
9500	209	21659
9229	95	7718
25354	35	10202
4192	108	2694
21773	106	2558
5939	133	6023
2180	103	24883
6157	62	9861
6969	39	4968
6735	130	24583
2164	204	8252
23469	206	9758
4902	72	5741
3369	115	2986
7162	173	2769
8638	1	7867
24615	108	8874
10073	95	30
21874	180	3349
25254	115	9520
6607	115	21127
21036	206	426
23326	173	9619
2263	205	23401
8056	115	7723
9104	115	8361
22306	39	22253
1515	144	1053
23977	95	6625
24457	62	2866
22246	213	10105
5940	173	1418
4141	115	6980
4898	93	7699
21384	115	8063
2597	123	3299
8302	1	7867
4852	204	5707
5664	123	24766
2023	133	5669
9935	93	22907
2726	93	2182
24444	209	4197
23707	204	6760
21369	133	23747
7148	80	460
21815	80	24836
1574	24	4790
23907	35	3706
10189	160	9100
25406	62	5459
3003	1	8049
9293	106	22372
8082	174	25427
5070	115	21375
2748	82	1332
2105	115	25038
4726	115	23872
21706	133	1983
3696	209	23610
9547	173	3162
6666	62	8655
24695	143	349
3041	133	21123
324	131	21251
22214	205	5762
5579	62	10390
23673	1	22768
25488	123	9606
8786	133	830
9579	62	23700
3719	114	2183
22930	206	7037
3666	80	367
21362	1	7867
4465	80	2566
25469	95	4816
8640	35	1660
449	123	5401
6557	62	25160
10303	133	21983
25052	80	8003
1743	115	1642
7321	115	4708
9461	80	1893
25022	80	22472
7802	204	1156
7011	73	5774
8484	204	24951
4952	1	2810
5243	173	1608
2053	24	4790
23136	102	9100
8127	200	5909
9357	115	24756
8217	80	2566
23227	115	7150
4156	115	6694
8018	173	8293
321	183	22226
8100	206	4856
23689	183	24914
9454	149	6869
9753	115	5378
9068	209	10082
8589	106	25205
6932	131	1948
23717	80	8874
8750	133	492
7189	80	6869
3527	80	9801
7429	173	10062
3214	130	8538
24482	115	4292
2354	115	2785
1865	80	9623
5097	200	2962
22412	106	24473
22981	80	6869
10385	123	4496
2157	39	4247
5882	108	743
22263	133	24998
10061	173	55
7304	206	8267
7777	80	6563
22747	206	9379
3600	115	2848
7712	115	1892
23007	115	8959
1721	62	22378
21950	205	1308
4921	204	5071
8365	160	9100
9808	160	23458
8379	106	8301
25194	115	2108
22093	115	23547
2803	133	6023
5839	115	25351
9655	115	24296
22577	115	4317
21760	55	5582
10249	49	4797
1785	133	5669
708	82	3388
10019	115	6273
23473	113	22529
3192	115	8141
3410	95	8265
911	206	2455
1703	180	4683
21634	115	2640
5015	209	9225
10406	39	5896
10164	204	10052
4021	72	7350
9225	80	6869
10094	183	3734
23666	143	2411
4278	34	10479
22513	115	8290
920	206	2596
7564	209	6419
8158	160	9603
1152	215	3134
2095	115	24733
3568	133	23747
385	173	23780
1132	115	1753
415	173	37
21747	62	453
8120	143	23990
4457	173	22843
23303	123	25117
2232	35	722
7377	206	1973
5083	173	747
3264	80	7323
1043	92	24485
22270	80	622
22085	206	25256
21247	115	24900
22282	173	3349
7391	204	5175
7336	115	2920
7984	204	24951
5338	123	24121
22756	80	23134
5566	115	10283
5226	115	7931
24399	177	196
5001	160	9100
25052	24	8003
23031	206	9624
3112	25	9821
23664	123	4571
8708	123	2193
8040	115	8826
23198	67	9907
21271	72	9350
4243	200	24578
10148	131	7156
21080	206	8625
2542	173	22704
5557	115	927
2379	143	9583
4694	131	4661
7550	115	8442
9757	62	24925
4199	115	4878
449	115	1301
5540	133	6869
2158	80	22733
25396	80	2566
3074	173	25092
24187	173	7972
4711	115	1057
1287	173	5067
21528	39	9320
3214	204	2727
1579	133	24014
21067	131	25059
4519	93	21647
9038	115	9166
6259	93	9855
39	183	8444
5874	190	6079
22829	206	2376
6	206	2941
21826	115	22837
8052	173	9625
1775	204	21189
5223	131	22117
3757	166	2566
10035	205	3804
8502	90	9773
2237	173	583
4211	1	23407
889	24	22469
24716	106	24026
6171	80	9689
10101	206	6152
23360	1	21524
1740	173	2410
391	80	7248
7363	58	70
21496	115	4902
21366	80	4610
3692	35	4716
4677	106	22735
23580	209	23515
911	131	23819
24949	133	2566
7425	123	21276
7086	115	657
8087	174	2915
23433	39	9715
3488	173	21072
6202	62	8660
5282	123	3516
9455	149	197
7473	62	1846
7862	22	2566
8319	14	23004
22598	115	22405
5674	115	6567
24878	209	10
22241	115	21411
23166	108	9412
24326	206	3183
9215	80	1078
21600	115	747
6243	160	6214
815	162	3893
4440	95	3778
22665	204	7874
7654	180	22664
4134	1	23619
2734	209	3078
23926	204	22743
2797	108	9412
8428	173	2624
3763	183	137
1349	80	2566
4389	108	22579
25200	206	22132
7180	206	2942
6319	115	23709
7865	115	3120
24929	173	6836
24265	80	9105
22592	85	2853
24275	92	21513
22125	115	2072
8639	80	6245
25114	133	9907
1872	160	24778
9994	205	7973
8023	102	24328
2532	112	23081
22177	160	9603
9151	1	508
7308	180	3638
3507	106	2996
5688	115	4705
10130	95	3778
4688	108	5472
10377	115	2783
1734	1	6147
24068	173	25372
1553	206	4164
21337	209	9756
828	209	8541
24970	115	5938
21898	133	23747
10208	106	1950
10328	115	2563
6664	209	22583
3508	20	6079
4092	169	6749
5511	205	24286
1381	173	24303
3075	149	21796
651	39	5470
1666	160	23458
10324	115	7931
4333	209	22354
6077	80	6563
7744	80	1136
2872	206	23263
2194	63	8138
1504	72	10322
5567	206	21889
21648	80	1078
9165	115	8361
9271	62	9757
5850	133	6101
5682	115	10238
23828	206	3303
6055	62	2356
1033	123	5445
10379	204	22743
9530	173	2171
3120	80	2566
10445	93	7673
10249	166	2587
25314	204	1156
5653	115	9465
22300	115	25285
4772	173	4701
5568	115	22748
5732	80	6023
6426	80	22469
5083	115	7843
8386	115	7255
2312	115	3252
4583	62	2351
24122	115	8090
3915	115	21815
6482	62	8193
22039	115	2584
7184	123	10075
1534	115	4061
1777	1	7867
4808	133	69
9807	200	2920
21498	24	4790
6942	115	839
5626	133	6961
9752	123	9059
5787	133	6668
2786	80	3436
4523	108	4790
8776	200	22984
569	196	6756
2177	115	23279
25023	80	7962
4447	205	24719
6046	80	25484
24452	115	23072
2286	215	25227
22109	108	21522
1748	115	5696
24953	123	5786
822	80	6869
6169	115	4264
3893	166	2630
5312	183	6617
5833	133	2224
21182	115	5640
10442	115	7638
4552	35	6869
23847	131	4057
3290	80	21422
1791	180	8046
6579	209	867
3488	115	22545
4451	80	815
21826	123	8630
3136	146	1881
3968	80	6023
6493	90	6911
24230	123	9721
5807	67	9228
0	115	482
23322	205	8492
2934	106	6634
10130	173	9669
1519	108	9412
5395	115	6694
25378	205	23806
8792	115	378
7925	123	23177
23261	1	5856
5761	115	24956
4603	115	5460
8568	115	9196
6731	206	683
24597	80	1247
24858	80	8829
23011	115	4208
22957	123	7685
2062	206	5630
7511	106	1528
6092	204	21968
8319	123	409
5306	95	9387
1044	14	22824
25193	205	23706
22235	190	4741
8005	80	24998
8482	62	23763
7670	115	23425
21981	174	1093
2412	80	24651
3321	1	508
1540	215	440
21127	131	727
5963	210	23664
22623	173	3331
22180	80	24998
6586	131	27
21490	131	8169
9243	108	9412
21151	123	5971
23001	115	9552
5020	80	8874
2753	209	3847
9306	204	24951
4984	173	23115
2154	206	10008
633	80	722
9212	193	7296
25063	115	24949
10470	115	6842
24438	206	24559
376	108	9412
23247	115	8175
7364	123	3704
3220	62	211
7104	206	7521
10416	80	1893
21961	106	25280
970	173	5572
21081	183	8776
5612	143	4543
5953	160	2419
6818	106	25240
2787	173	373
21984	209	21132
2171	146	3839
3693	1	508
25029	205	5762
25062	62	4368
1506	80	7900
22087	108	9412
8540	106	1563
5511	115	4426
2322	1	6147
6438	209	4996
21148	209	22998
898	209	4509
157	35	722
2346	123	24333
9579	62	7093
21614	123	5938
22200	115	5426
7905	184	24622
3862	106	21000
289	115	23839
1574	133	7838
21990	123	1838
8690	123	23004
752	95	6697
9522	143	25367
23389	115	3538
8618	173	22163
4461	183	4753
1768	143	8620
884	133	7413
2206	115	7245
3646	93	10210
6331	115	22912
3317	80	7962
5275	115	21792
4325	115	24289
5800	103	6478
23931	115	21815
25440	209	5520
7519	95	8265
1847	115	2455
23333	53	23333
10073	205	25402
5149	206	9414
4452	95	23647
9320	53	7349
23856	130	22801
24929	1	23407
887	115	4082
22304	106	25365
22673	80	6430
7411	209	22865
21417	90	22155
23290	123	3606
5254	108	24536
6256	1	6147
3485	206	4175
7097	150	8631
21095	115	1631
8295	93	21416
4527	42	3830
4618	115	8965
5209	205	83
7760	80	22733
8516	26	2713
10245	115	23840
24103	108	24998
7808	209	9852
887	173	23065
6743	92	22441
22392	173	3538
6248	203	7338
22852	174	24583
2168	115	23721
3916	173	25372
2078	133	9623
9678	115	24773
9185	39	5896
9995	215	23976
4471	62	23155
8888	80	6023
8825	173	21201
21515	194	8583
3808	115	4927
23759	115	24106
24117	39	4702
21505	62	7093
7187	115	6312
3667	123	3460
24806	115	6980
7712	115	7661
57	160	24778
5488	133	2566
9896	205	21434
59	130	191
22523	108	9412
22524	26	1701
189	108	2694
3873	160	6769
4150	115	6904
2930	115	23211
8671	115	24445
9637	133	7201
24199	149	25167
8391	115	4154
401	161	22578
4095	174	267
23852	206	5396
2085	58	22159
21016	62	1393
8387	123	24815
7874	18	21553
21318	1	1070
6708	115	25150
1065	62	24952
7065	115	22625
5392	115	23425
22526	115	6192
9247	173	2089
3407	160	1458
5046	95	21655
6913	130	191
22780	38	7852
5785	115	6846
4137	103	2985
6956	204	8252
2654	123	5401
22124	123	23996
2249	204	24951
3426	108	2694
74	115	22627
22691	130	24442
6276	133	5816
4132	80	6869
9412	150	22497
2781	190	6079
5999	206	4582
1427	205	1195
22610	133	24491
6587	115	22365
6709	115	24104
3399	106	6897
4204	80	22171
3768	39	9601
25033	180	4565
6460	115	1799
4154	206	21439
2726	206	2182
4736	146	2644
23226	115	8402
21246	95	3499
1145	133	21280
970	123	5572
3013	58	22092
9125	38	5380
24928	203	5896
24006	115	4607
8355	115	199
9677	115	8816
4051	130	22159
23760	108	9412
22011	95	7585
21016	62	2137
5088	115	6904
4366	115	6904
7826	62	1171
23789	62	4520
22072	39	9715
21406	80	9137
9428	123	2507
1637	133	5063
294	103	9614
1277	115	9964
1673	123	23310
22946	143	24769
3125	108	9412
7486	72	22462
24495	80	25103
23478	209	7455
24038	115	24104
23638	25	9889
8628	106	25173
5665	123	1947
8976	206	9142
8504	209	4655
24853	115	21429
1930	80	6688
626	204	3974
9742	205	22652
155	115	8856
7976	80	23677
22394	95	777
7657	180	1813
179	205	24678
4209	62	10106
2367	143	6042
2052	62	4550
22878	80	2413
9822	123	24469
25164	80	2566
7415	183	5274
21728	62	24573
5049	206	25014
8840	209	5455
5445	80	2587
25148	93	4147
6124	173	9696
21195	209	21259
5570	62	23788
24648	115	2995
23893	80	6869
841	174	5921
21727	206	554
6978	115	22995
4731	17	23736
4120	205	5700
6653	205	7444
2026	115	3682
9210	80	24803
1351	103	23956
2632	173	2557
1286	63	8799
25185	160	9100
23974	160	23458
7191	93	3173
23772	115	1857
1024	115	3285
6388	173	1837
22929	209	9067
2180	93	24039
24638	1	508
25286	80	3636
2326	115	23404
23380	173	24564
7463	129	9665
8981	143	8476
24224	168	24869
3131	115	24968
21903	160	1458
21977	115	23376
10070	80	22749
8348	209	5401
8988	58	8930
21209	108	2694
21690	93	23956
7157	123	4571
1383	183	7705
22948	80	23979
24503	108	2694
6348	206	24057
22412	80	6869
3026	123	4218
4958	190	6079
4519	133	21123
7336	158	9596
24467	115	24234
9091	123	4197
24697	115	2898
23423	103	5244
23003	55	824
4703	209	23009
6240	95	24422
8958	72	5117
944	115	1974
24983	95	3690
9717	80	23677
2605	115	23425
6348	103	302
3335	133	8027
2719	115	3102
21513	92	8356
8730	173	21716
6116	173	21716
10399	115	6980
25034	173	7998
21569	115	5563
1559	62	21268
22919	39	1052
7000	80	5777
24679	123	10237
10278	123	25497
4749	183	23663
6287	206	2631
22144	143	10221
7674	115	3558
6790	160	23458
7426	174	191
9507	173	9410
848	141	7338
5050	80	1136
4595	72	24797
10361	62	6651
2035	62	9679
21844	173	24564
8298	123	2089
1488	76	9045
1018	62	9757
3826	80	10453
6870	80	25167
21271	191	24891
6226	173	24303
4999	80	21450
1424	173	5858
7391	130	5958
23206	133	8479
301	90	1084
4351	62	9345
5285	130	2711
9705	204	6138
24042	95	146
24524	204	2727
3719	24	7783
4837	62	2610
23617	115	3238
9579	62	5135
23520	62	24204
21721	115	1173
25279	103	184
6401	160	9100
22080	204	3567
9174	115	25202
24447	115	23416
878	209	24643
10428	123	1936
22232	203	21927
22424	150	6101
3433	191	6561
1441	62	21699
5237	80	1247
22826	106	24146
24653	173	10359
24782	115	21429
8696	93	21392
36	115	2750
2597	115	23257
4076	204	6599
10034	62	10079
2457	115	5256
10263	143	21530
3293	80	2566
7615	1	1070
6991	62	7826
2136	123	1646
3985	115	24997
8680	115	5933
6077	133	6023
21913	115	3426
21543	24	9846
23765	191	928
185	80	23342
7512	95	24422
7798	173	2169
23988	95	7731
6677	115	5402
21973	131	2529
7734	123	8238
4923	130	5921
21452	80	7900
21417	90	8561
6919	26	8602
2183	108	7783
5857	123	25497
24267	115	5586
1246	133	2566
1010	80	7097
722	108	9412
22187	17	6969
6882	1	23407
24102	80	24118
1481	127	24998
6802	115	8228
8638	205	25402
1047	39	23851
25088	62	23430
24103	1	1070
5517	115	4991
1973	206	23992
24273	206	22712
23361	22	4160
4151	203	4968
23785	133	24803
1645	80	6023
2677	133	830
273	200	2920
22800	115	7875
8372	115	3372
2177	209	21684
1917	115	21858
3538	106	9580
9608	123	22567
8818	80	7900
9075	115	7271
3603	38	9619
7559	204	8252
7858	80	9412
186	80	3523
22472	108	6563
6902	103	25105
23617	115	2778
10264	115	1506
1317	115	8347
800	115	22280
2224	150	23677
8487	80	22978
4497	209	8992
9958	204	5881
25386	62	23129
111	103	6931
6482	62	4232
9620	1	1070
10482	173	8881
161	123	8635
7735	133	6120
4399	80	4610
22677	180	7629
3411	115	9166
23965	1	1484
4198	1	1070
22266	206	21507
7244	183	7570
22798	133	8877
7969	5	9665
23969	12	4058
4020	115	897
9581	115	21437
5580	194	1266
23395	62	784
21769	173	8659
9238	62	3182
2105	123	25038
5317	95	6625
2726	80	23979
23654	115	9707
2812	115	7134
1089	80	2566
9556	115	22274
22242	1	1070
2841	92	747
9200	80	9623
906	90	906
752	123	319
10246	205	3804
25010	22	7900
3100	133	22749
8511	80	2566
8393	80	9623
5963	130	6275
21942	80	8921
3700	62	1959
28	108	743
21166	80	1485
1200	115	3825
4845	210	4676
5868	80	5063
6001	108	9412
8133	115	8472
22607	80	24730
6260	115	8856
3763	204	8252
548	133	7783
23674	115	4708
5490	115	4021
2444	115	4082
5940	130	9076
23867	115	6660
1424	115	8195
2137	62	21016
10071	173	24960
10145	90	1008
6707	173	1674
1923	115	3034
2545	95	5354
2271	173	10237
21801	80	2339
2385	115	975
21300	204	8296
25294	93	4665
23021	24	4790
21944	62	522
22856	205	21868
1145	179	2098
10006	115	6328
6126	106	3230
4520	26	23166
3967	106	24844
1801	209	22216
9174	123	796
8756	183	705
23998	80	2224
2492	133	6869
24479	106	1720
3808	115	21429
755	143	7038
1027	108	8759
2324	80	2566
6824	146	23507
6184	115	426
8176	123	35
6770	173	22189
2879	143	25216
4029	131	9327
504	35	6785
8911	177	6563
24828	133	6869
9644	115	6818
273	183	2705
9735	106	847
9851	133	22621
24923	115	22788
6561	115	892
7895	115	7337
3680	209	7981
21484	183	4177
494	115	9029
7230	106	23107
2596	131	23377
1109	1	9794
10062	204	7054
22631	115	5475
22065	72	2482
5789	72	9945
1205	95	7731
23086	115	21583
3513	39	4702
1328	43	1422
22110	183	538
6318	200	22984
4349	160	23458
21033	90	9038
7705	210	2002
1259	115	7724
357	174	3571
24105	123	25497
24767	115	4264
6031	95	6697
9985	173	679
22558	166	722
7972	80	2566
9975	183	1005
312	58	4887
24430	80	22733
21396	26	8602
8962	204	8252
3776	131	7523
1528	206	1563
5370	80	89
949	205	5977
8306	115	4397
8871	1	7867
3139	174	5997
6206	115	2802
5119	180	23833
5444	177	2566
5533	209	8747
2589	58	3200
8048	173	7309
22616	62	7963
6262	115	6518
22889	205	5050
4287	66	24556
7752	108	7423
8325	204	5071
23193	123	8630
1731	76	8703
6172	206	4479
6640	143	7645
4992	103	8694
7984	38	24766
5510	62	8609
21052	123	7903
24514	130	2962
9851	80	4790
8392	133	6563
5641	209	3078
4720	115	4775
21571	133	4790
6942	115	2847
23640	106	7707
24306	1	508
6429	80	2224
9047	143	8705
5462	115	23048
23351	80	2566
4571	80	22298
24831	115	4317
648	80	24448
9180	204	24951
8186	115	9905
374	95	2303
4003	53	6785
23664	204	21189
4906	146	10163
9350	131	24891
7893	115	3008
2548	76	21450
22714	31	24971
2753	209	3078
4679	62	5305
4784	200	1967
10192	115	5724
22923	80	6869
831	130	2711
2363	39	2456
9089	62	23949
6947	131	1141
2845	1	5856
22711	62	9345
6318	183	6851
6501	187	3893
8510	205	10404
5269	115	563
1005	183	6098
22978	108	24998
21787	123	1300
6332	115	9166
5941	72	21978
3742	173	24539
7720	115	6228
400	146	3839
233	80	2728
23811	80	6376
22088	62	7568
3492	133	6563
9298	123	23476
7126	115	7027
21741	62	1069
3586	143	22209
10392	173	6967
24843	62	22314
4001	150	4688
6397	160	1458
23732	72	10420
4988	130	6275
22892	62	6998
7253	115	649
25333	95	3499
94	173	2345
9984	133	6023
3943	123	22997
22999	62	8376
803	183	24966
7564	205	5907
9561	210	5170
9834	209	24905
6602	80	89
5643	206	7676
7019	180	25206
9999	93	8454
24865	1	6147
22766	173	4050
8990	173	8293
9695	62	1595
4263	1	23407
23273	76	4790
3640	80	797
7790	131	5563
6242	173	21238
8488	115	378
4268	115	8024
8598	1	6421
7595	80	2487
21727	133	22749
7099	131	8321
7782	1	23619
10071	209	10023
8580	115	21813
7384	204	2430
22802	1	778
23988	123	1087
3036	174	24578
24171	39	7338
8707	115	24165
6277	151	6194
21666	173	25315
8830	149	9907
2068	130	24310
10154	80	7575
6615	209	2614
24577	158	23188
6738	106	7422
547	146	6930
5741	131	23547
2511	130	23257
2760	39	3757
7677	115	21895
6103	209	21537
24586	204	3567
10274	115	2760
2473	115	21504
1149	80	9044
3380	108	7632
23553	1	1070
3503	205	6344
7014	123	3606
10413	173	7288
418	39	4563
1771	80	6376
24914	143	23689
10362	1	1070
4407	177	2566
24364	206	1066
1902	143	21784
21516	123	6705
25241	133	8874
5203	123	1536
8876	26	2645
1062	151	6984
63	206	8904
87	62	21728
21991	173	5997
8510	123	5401
1189	200	22984
7694	115	5214
23913	103	10027
22924	115	3267
4030	173	2003
2602	103	24948
8823	115	8861
4256	115	7130
6043	17	6225
4499	80	6271
1873	115	9039
7044	25	8804
6989	206	8245
2649	206	10174
24882	130	8842
2470	209	747
3603	204	24958
23859	205	4136
3459	130	25298
3898	38	4130
3425	209	7577
4223	93	21400
22764	80	2566
1564	95	22886
21160	115	8879
8670	180	4127
24197	115	9592
1436	80	2630
23164	115	7803
3441	62	25111
21852	80	2587
568	72	24150
23419	133	24730
7092	209	23610
3920	194	23264
22565	215	515
5766	133	2566
2440	133	5805
8599	133	9412
21875	123	8630
1624	115	25388
3385	173	124
3575	95	3306
137	210	288
8519	215	25227
22430	62	10402
23796	173	22121
914	183	9714
4546	1	1070
6162	143	21161
22067	80	1247
6876	123	6021
3603	58	9158
22595	123	4218
5687	115	4775
6703	90	22937
23306	115	8244
4286	106	21732
1391	62	24515
2698	160	1458
6193	80	22749
9699	204	2430
723	123	5028
9833	206	1376
25435	133	1937
5702	115	1472
8782	133	24491
21781	133	24491
2690	149	23677
590	209	3529
636	206	1698
24525	115	4896
22139	1	1396
773	173	23234
4693	62	3946
25482	115	6746
10093	133	22497
8057	80	9623
8800	115	10127
9724	124	6645
8305	115	369
2504	209	23286
1297	39	1544
9687	62	4393
9579	62	6684
4721	95	6817
1783	80	9481
22489	62	3085
4088	123	5401
24849	123	912
8025	62	21865
9033	193	5582
1509	115	25369
23877	215	25227
3415	26	7357
3705	116	5472
25166	210	6789
7557	191	54
22993	177	4716
6144	80	9875
22858	115	2296
6355	80	9623
2695	205	1308
23044	13	2038
23439	62	22087
8263	205	24941
24434	115	2360
2329	80	5548
10077	108	9412
3269	115	9527
9444	115	6694
6142	133	23747
24571	131	5582
9797	108	22469
24216	108	6563
3487	209	1629
1208	108	743
21189	75	6275
25184	108	24998
7480	115	5328
22773	131	85
25102	72	3777
684	130	5909
24191	133	2566
8145	115	6126
9829	204	5869
23906	123	7723
1355	173	4056
7052	1	508
2316	1	508
7921	173	21447
23035	80	22733
3414	123	209
6419	80	5030
24216	189	7960
6770	115	4775
3575	205	8314
7282	215	8551
6776	80	7176
5208	143	9605
2935	206	4013
22925	174	1772
4899	1	23407
22577	1	23619
23438	115	5289
8347	72	22503
1526	26	23429
22051	149	7323
9685	1	5447
21807	131	2672
21524	103	5856
5860	115	9826
6554	200	2826
4461	174	5997
21754	80	10243
24	115	3450
24708	209	23339
637	152	4716
25068	115	21813
7978	115	24764
9408	80	21778
3791	80	2566
5450	210	2164
22147	95	7585
322	209	10332
6644	204	5175
7912	206	2221
9364	80	4160
7503	209	4744
546	13	21704
25069	62	6324
2415	62	5867
8463	115	23582
5646	209	23009
22920	76	5669
7302	133	21262
9131	106	7625
7059	209	24935
23734	191	6756
2557	80	6869
5764	115	7296
5279	115	22515
381	126	1793
10299	149	2566
22744	216	10453
9203	173	22121
23929	173	21447
4974	93	8743
23741	177	10018
24891	149	2587
24047	115	5026
1703	115	23403
4888	72	1092
6285	80	815
24638	115	22564
21747	62	1639
1123	160	22294
3767	123	25038
9232	115	6846
2079	106	1581
8946	62	2610
3015	173	25412
6404	183	6767
22559	123	22567
894	115	22274
4819	58	21970
1894	209	5401
8626	133	5774
8086	123	6021
4912	115	22084
9921	115	10319
23318	62	25380
24181	123	9256
3585	133	22749
298	115	6228
8504	123	1070
132	209	22584
24839	209	3735
5692	123	8207
22034	95	10108
24213	80	4790
24185	95	22225
24022	160	24239
5417	130	22984
3884	206	7060
7491	173	24241
23837	183	25434
2821	115	2393
1362	1	23619
3997	108	7783
9653	115	8063
21986	115	270
24270	173	22348
9958	204	6138
23500	115	4292
5431	115	4264
2890	115	7240
23735	80	7632
4105	205	21979
469	80	7900
1737	173	21072
7949	38	24310
2510	209	24333
6617	204	2430
5332	133	7305
8740	106	2621
24220	115	5724
2991	180	8992
22482	93	2751
22719	130	9619
25086	80	7900
3953	115	23902
4759	206	3059
6784	106	21171
3103	180	642
21266	123	9756
22741	115	24191
6718	143	8011
6095	115	7271
7582	106	21647
21240	123	7455
5215	115	821
6426	114	21892
21554	209	25339
23714	62	1075
9177	204	22529
4035	160	2382
24460	1	1070
8261	95	8002
10107	115	4976
21412	206	33
21464	106	3975
1066	206	5038
23575	173	25145
25201	173	23277
7918	206	23031
1263	80	1937
21079	115	8861
5910	1	7867
23835	204	7054
6879	160	23458
21179	108	9412
7519	115	6846
23453	133	1078
9768	95	1295
1359	209	8810
4194	108	9412
5928	62	22344
21486	95	23015
1217	133	2694
8600	133	6563
4965	115	2294
1060	115	1060
5844	215	9467
600	62	3930
5376	95	457
29	130	2920
8706	115	9565
7606	205	5968
4245	62	4723
22794	1	508
8239	72	2584
9092	115	8067
21823	133	1247
22153	115	24554
21436	209	7372
22617	209	21132
6827	1	24007
3227	133	10301
23157	115	8681
5813	95	23191
7588	115	8810
7487	190	1481
8081	123	21254
2992	80	6765
21391	123	3401
8613	115	24023
6748	80	2566
4448	80	25050
5560	130	24766
4813	209	747
10109	177	1710
9442	173	314
21443	115	8953
6556	131	21402
9528	133	2566
10102	39	1052
1241	1	6147
9033	115	4902
1722	209	7455
7353	160	24239
24615	169	6564
2296	106	8067
334	160	22294
23978	115	5365
21292	1	7867
7742	80	2630
7996	80	2566
2274	133	21395
4619	115	4712
7692	1	2618
444	209	22348
21937	1	23407
7854	115	24894
6947	76	4790
3161	143	21063
23524	123	8902
24722	210	2883
22211	115	1776
21731	133	21123
21829	95	7799
6982	115	6503
3935	115	22653
688	115	25164
22526	209	25339
86	62	23644
959	143	1600
21000	206	8204
5770	206	25463
2677	80	9623
7361	108	9412
3243	80	2566
4743	95	4144
3661	133	6023
8009	133	21123
7487	190	6079
6360	1	23407
2793	95	777
8439	68	8718
13	174	5921
6693	58	2826
1530	38	25298
9921	115	6503
9030	62	22909
4670	62	25380
21866	173	22092
22064	169	5695
4825	12	23121
1780	123	8992
1812	106	21525
4480	209	21811
24255	62	24224
4751	108	2694
9789	80	7962
3711	115	3426
7482	123	7518
9868	123	3516
22293	53	748
25280	206	24341
1521	58	8308
4496	195	6147
9308	160	1458
3351	115	23404
5913	80	24295
4440	115	6506
8966	209	5401
2311	160	9100
5200	5	6023
8968	149	23730
9201	80	3129
8676	115	9148
23044	209	24622
3518	173	511
9854	143	22244
1483	1	6147
5025	123	1566
21178	62	21952
3388	82	708
10051	133	797
5476	80	1515
23099	95	6817
7678	115	1605
23604	80	3642
10337	115	4292
24837	115	2294
6390	206	21594
6349	115	22991
8194	173	21372
1911	205	25402
7821	123	10447
24569	133	6430
1072	62	24843
10195	62	6257
23165	72	151
2936	5	9875
5809	130	25497
5725	80	1136
7293	62	24196
22234	131	21359
5917	115	25159
7674	123	9317
5238	115	8317
6042	204	21968
1440	115	2760
7067	80	6869
7117	115	1516
24482	180	3638
21211	123	6929
5267	115	10091
1973	106	3179
23439	62	5479
3678	209	23009
5160	80	743
23339	80	6869
23724	174	24766
7440	173	1750
141	174	3996
7251	1	6147
7251	115	2732
7942	106	7918
1252	115	4556
8792	115	24427
6377	67	22819
3697	115	23122
24518	183	4299
5745	115	6818
22775	123	22567
21459	173	6901
3068	19	9312
22540	200	5984
6277	160	9100
4461	123	3904
23475	80	9665
22800	205	8005
2293	115	7462
5508	106	5038
25228	80	24163
22700	1	2618
870	1	5851
22969	103	21206
3728	209	8992
21026	173	23390
21320	123	24453
9634	206	23087
21107	58	10190
7071	215	6369
214	209	24333
7247	115	4661
22331	80	8003
22495	136	25354
21438	108	8916
3179	206	10437
745	115	9010
1615	180	10435
22830	131	911
987	115	3150
1382	115	21140
581	115	8139
7835	62	4498
21562	1	1484
9314	80	5030
7422	133	23578
23849	115	6868
3625	115	657
495	173	22092
9935	206	1834
7933	146	1687
686	206	3150
8113	204	2927
3772	206	3063
21627	115	4822
3758	93	23181
5760	143	6166
6792	183	25359
24076	173	9059
23626	209	24866
21207	115	7455
23443	115	8557
745	95	4091
9667	62	6977
22884	1	6147
6372	5	6430
3828	62	23043
7293	62	7419
860	123	8858
4427	200	23167
23131	25	9325
7119	209	24905
22179	209	25443
2267	130	2711
21560	35	10455
2070	95	3306
23099	115	3664
5582	206	10129
23519	106	22756
4638	115	3661
22313	80	6869
23687	115	8175
7136	149	2217
6319	115	4213
23214	123	2193
5163	115	24949
1247	150	9481
6604	206	6252
844	209	3529
8129	133	8478
4217	133	6563
6351	123	10
24519	115	21551
1050	62	3946
21300	130	8842
6197	115	6660
1105	210	25049
8716	173	372
9915	173	9431
5581	192	5838
24213	80	1954
21213	106	8346
6180	103	3266
23585	39	6058
23246	80	9353
22856	115	5214
4225	5	4971
2686	62	656
3915	173	5620
6042	143	5182
22454	95	6625
23455	5	22296
9444	173	9015
8302	115	8024
1333	192	23538
22701	209	25086
2907	62	1203
23360	1	8694
1084	115	4882
9914	206	6992
23451	123	5986
25227	113	22495
23930	106	6298
289	115	2027
690	123	3940
23977	115	5060
145	115	4397
8638	115	24385
8852	115	9552
3608	123	9076
21659	191	3400
7621	160	23458
8075	93	3228
3111	174	2711
8341	123	55
331	204	3567
7437	133	1515
1065	62	23704
9042	80	9665
1733	102	24555
24817	204	5071
4912	1	1070
3864	115	23768
8505	80	10441
22428	133	6869
1757	115	21629
2856	108	9412
4176	204	10052
21651	209	5645
25223	115	2847
2882	1	9396
3073	209	1556
22450	115	23257
8822	115	10308
24820	80	7900
25322	160	9603
7702	108	9412
8066	173	3887
1167	108	9412
23875	108	8949
6501	108	7783
10046	115	22825
10166	58	23804
6380	173	9937
9234	115	8740
8738	115	24800
1332	82	2748
7254	80	21778
146	80	2566
9364	80	10453
5578	204	22529
6654	1	1070
6874	123	8450
8457	133	6023
10014	160	9100
7791	174	6275
23017	80	2566
22154	115	2158
22324	209	9110
5837	173	5272
762	62	9466
3613	115	4399
3982	115	6186
2387	123	3897
22796	173	25086
22594	115	23402
2357	189	5536
1577	115	2816
4013	206	5539
6140	115	8067
611	13	5875
8963	183	2723
7793	106	9725
463	174	8909
23892	115	189
5097	143	7598
23983	115	1276
4872	80	24540
21075	1	1484
818	80	4805
6027	63	23047
8441	174	24766
22863	62	3291
1368	72	1708
9191	115	21825
2590	95	3778
3817	35	6869
9629	174	5505
5473	115	24942
5362	80	6869
7636	143	7194
23746	80	4433
1151	205	7940
6182	80	6869
23764	123	6629
4752	115	3558
8766	22	3245
1406	173	2769
10173	206	7179
21148	180	22998
77	190	21153
8262	160	9100
22933	62	22892
23537	80	8949
24007	136	2566
1177	183	23957
3228	206	4223
9587	133	9849
23063	95	8912
49	26	6158
9325	38	23131
2485	115	4607
23181	133	4790
2696	115	25197
4534	72	21286
8358	115	4478
8145	205	1609
8389	123	989
953	210	1775
6590	53	23873
6964	1	2810
21645	166	3566
21525	80	3938
22304	80	6271
24557	209	7455
4204	106	23154
9930	206	8275
21992	173	3839
4140	203	7030
9150	62	23379
23867	173	22216
4616	174	2936
9873	62	21035
664	80	89
9458	80	7900
24315	95	4595
24198	194	8583
10297	95	777
4147	80	22749
7905	34	2038
22410	115	9249
24202	219	7858
22387	1	1070
22099	200	7754
1709	80	2291
10304	204	7874
3115	115	8627
2608	95	1340
1854	133	23747
3058	133	6869
9022	115	4878
5646	173	23009
773	205	24678
860	115	4304
5497	130	847
1028	115	8442
262	75	2901
8204	106	2334
8609	26	22836
9587	206	3075
1112	80	2566
944	173	7309
22129	115	1771
24166	115	24041
10177	133	2566
22304	80	9623
1523	82	22572
2473	115	25028
2521	82	6306
8159	93	8628
1910	1	508
8074	205	5781
2431	80	1437
5885	115	1102
1665	204	3567
9472	115	4385
806	115	2910
23674	1	6421
24351	115	306
2921	133	3796
3700	26	3700
23372	115	6846
7684	115	7381
21361	78	24610
21379	80	2514
5701	170	22382
8505	24	69
21690	106	9381
6960	209	5148
7586	115	24818
2752	31	9481
8145	115	3109
4553	205	2119
22126	209	4213
2952	95	3499
23649	115	3029
21219	115	22825
10228	62	6018
24783	123	25038
21928	200	10076
21325	130	6104
22544	115	5344
8507	174	22163
22378	62	1670
9580	76	2566
10128	209	9010
25147	115	22651
9630	123	21134
7888	133	6563
22804	160	23458
22523	62	21149
10119	123	23058
23858	1	1070
726	204	6138
1534	123	2467
23207	173	9577
24727	76	9875
550	130	2255
22268	115	1331
3093	160	6769
2542	123	3137
3276	177	1710
7451	108	9412
10413	115	5153
25095	115	10068
10462	206	23057
6875	115	7455
5737	133	4790
2738	177	6869
24309	39	6058
22069	115	22575
24631	204	8252
23270	209	3375
2007	72	85
8173	115	3226
23019	173	2758
4193	80	6869
177	115	23595
2740	1	1070
21942	72	22773
23784	115	9710
21052	115	1772
7477	115	5419
9348	115	5586
21281	123	24905
10351	115	22218
3532	206	1617
23193	205	5201
621	115	9059
5517	95	10108
7626	173	24960
6180	106	25075
8006	115	8063
1582	80	21123
24274	205	9394
21659	191	6541
24493	80	2566
3711	123	24286
23920	206	23087
4175	206	22835
9378	80	24491
2373	131	1432
25084	108	9846
3451	31	492
2828	115	25150
7361	62	6754
21753	62	23417
22	143	2508
9057	200	23167
22530	62	6588
4449	204	3974
21823	133	9481
8641	209	5779
998	143	506
10280	173	9016
4756	115	22797
24488	95	7731
2575	123	8957
3732	5	486
25095	115	3117
2861	115	24900
625	80	6869
24658	80	9412
329	133	24448
23877	160	2382
9993	93	22390
664	133	24448
9951	115	8044
21783	106	24190
23686	115	9024
4925	1	1070
24015	115	8044
25497	38	2266
8449	72	21674
7513	115	8139
4934	80	8088
1172	209	747
21679	143	899
25142	80	9412
9920	106	7623
6627	62	25111
7984	25	21474
8296	75	23661
9343	193	4669
23570	206	115
10461	95	7159
668	206	10465
10381	160	6214
1564	209	22659
6074	115	3618
3612	62	7315
2167	173	189
7306	115	4669
5233	115	1823
23300	133	69
22357	173	10154
4083	195	23070
22014	115	699
4410	183	22706
21053	25	3704
903	133	24110
6237	115	8195
22871	204	8252
8041	80	10441
7914	62	23116
24348	115	24345
6704	72	21239
6074	1	10075
2985	93	4137
6185	108	9412
22227	95	6817
3688	95	6625
2007	106	8650
2405	123	8630
4756	115	9095
25070	115	1776
6838	174	22942
24676	95	5354
23240	115	1092
24618	153	2313
1987	62	8236
2131	115	4417
8713	80	9028
6025	173	5272
10324	1	508
24173	206	23807
3379	173	5494
7315	62	3612
4764	66	5802
8528	123	2827
10257	180	24595
906	133	10441
21930	72	128
467	173	8045
24288	133	9228
5100	133	2630
3334	101	8559
21617	206	1758
735	123	3238
23558	149	6023
5653	209	8607
20	206	5056
21347	115	1776
6656	154	22819
24981	130	8842
22974	82	1047
3287	80	4610
23572	17	9908
9651	174	23257
8911	108	6563
6970	130	22942
2412	133	9412
4874	150	9223
2628	115	23817
22767	115	22837
22260	115	5946
21496	115	21217
1984	80	6101
4653	123	3236
6764	173	24156
25454	143	22073
1323	12	3173
9879	1	778
4783	80	8478
10076	38	2042
7891	123	1087
2411	174	9059
8355	115	2816
6400	131	25467
8629	133	2566
5526	209	21254
2459	115	21997
21598	58	21926
5870	143	6718
6008	78	882
23185	80	8631
9916	206	6111
9133	133	24448
9997	206	23701
9638	130	3349
5618	115	5000
4077	205	7460
8887	115	3348
352	209	7269
25020	62	23285
3409	108	9412
3255	123	1209
22742	72	9423
2756	204	22880
86	62	1079
25221	103	3153
23597	12	21245
6449	62	24575
6562	80	6430
24882	143	7514
5743	80	1971
1003	115	5303
25298	204	7054
866	174	22163
8344	1	23619
10119	180	22216
10282	80	4610
2029	180	24595
8536	209	24553
24984	108	9830
22856	115	21581
21022	80	24448
7599	160	1458
340	106	24156
2	115	22676
25447	115	5359
3853	133	5669
6693	38	2826
8343	106	8196
2359	39	222
935	143	22722
23330	80	9623
6521	206	3042
3354	215	9467
2457	115	22575
7167	209	22313
2820	80	24448
5325	62	24725
23595	80	9105
5917	173	4386
1022	106	21103
22086	80	7900
9341	108	9412
22801	25	24564
2828	108	24998
6041	173	23731
6807	204	7874
1477	133	24491
2583	206	2646
22384	115	5022
21958	22	22037
8958	133	9105
24914	173	3349
7781	180	22180
5765	123	10454
2124	80	7458
9728	39	6058
22727	62	4200
25019	115	875
7938	1	1070
2849	115	4771
8997	115	2022
569	196	6867
737	206	3707
7103	131	22395
23675	1	1070
10268	106	5592
7020	115	23425
4518	22	2566
8158	160	6769
2088	209	1522
6039	62	22315
21626	80	24998
8473	5	1136
1088	204	6138
998	173	22149
3669	143	24089
10454	39	6058
6413	1	508
23114	1	7867
1604	200	9785
2806	123	491
22446	204	8252
24115	173	3655
21003	62	4644
2468	58	2490
24096	146	747
22282	204	1156
10442	115	21504
7046	123	22405
9051	115	428
5466	205	21575
25044	209	8521
1575	24	5063
4743	123	6409
3510	1	1070
1845	95	7159
3537	173	7822
23047	78	4394
21864	80	2566
1395	160	22294
22777	102	22495
3128	80	23747
3234	174	6275
23492	130	647
10059	1	5447
8271	146	4303
6833	108	9412
5311	80	24163
21444	209	5919
24731	1	7867
9121	106	24028
22941	38	9619
8184	35	1825
5245	90	9061
2424	173	2446
9091	108	24998
6407	115	22748
7682	115	3389
2408	190	8934
25266	150	7201
4483	205	8239
2612	130	5921
9920	72	5614
3980	106	5009
1079	62	86
22453	80	4790
4011	80	8874
9242	173	8969
10418	115	9249
2542	173	22735
621	115	2800
7641	62	303
7063	209	3208
4973	206	6061
5850	133	22424
367	35	6869
4086	108	9412
1792	173	484
22045	80	4967
9201	80	7632
9188	150	1940
3019	80	23216
1661	103	5862
24086	204	3567
9649	123	23234
1716	133	21424
22388	106	24893
1601	180	7629
9450	191	9226
4897	130	1772
7447	205	22652
3360	93	3231
9098	103	4903
24346	80	1437
25405	123	1034
1470	12	22246
24665	204	3567
6781	133	22621
5333	108	9412
1850	115	24845
9913	62	23417
108	209	21259
22911	123	353
21170	24	743
306	39	5896
5826	103	7816
5348	80	2566
24128	209	1865
5689	206	9833
1251	204	24951
2688	204	3567
3783	106	23503
7225	80	3795
24760	108	2987
2062	131	820
7362	114	118
23263	103	2872
7094	115	975
24520	150	1075
22731	115	3792
8543	72	4179
1988	88	21560
21158	173	23065
9813	130	2238
23821	115	23004
24447	209	25038
7011	60	21522
24954	210	6042
9065	95	7731
7480	123	7241
2795	180	25040
10409	206	6921
2968	209	7343
9901	174	5997
7594	123	2577
8370	93	21886
1483	205	8187
2271	174	10237
8701	209	4375
3949	115	3293
2197	206	25472
23459	26	24380
25010	200	3349
7146	95	23015
25108	62	1237
993	102	23683
21968	75	2920
2186	62	24647
449	115	8146
2723	173	25149
25299	62	21388
10241	204	3974
21337	115	183
6860	133	6563
5904	173	71
1193	133	10441
10398	160	6214
4513	123	8621
2340	174	7
9267	108	9412
7350	131	6636
7676	206	7713
751	130	9019
1692	95	9410
523	115	7638
3135	173	5455
758	106	25479
21214	173	24830
6813	95	3690
21200	174	22984
9862	1	8694
4507	206	4880
23008	80	21123
23301	106	2096
10027	206	4018
5857	174	25497
24699	173	8359
24457	62	285
3225	80	6869
7950	115	5035
8426	1	508
5743	80	1520
5002	115	9707
8001	133	6023
24307	115	2253
22875	133	22497
24977	62	1959
57	160	9603
4891	62	5329
1245	115	8067
5425	143	8120
22595	123	5089
9219	80	1247
3564	206	8483
440	136	6869
22680	72	22536
5293	115	22375
9341	71	528
4140	72	9728
4136	191	6450
21834	63	3397
21016	62	8993
23232	93	23042
9341	53	24520
21012	115	23272
831	143	2081
2556	123	22216
9522	204	7874
4067	133	23308
6091	115	10091
4273	115	3308
4553	123	21108
7953	146	562
4149	205	5781
2878	80	7783
4361	123	9107
25499	93	2143
24015	115	23923
708	72	708
4977	114	9205
21407	102	6769
4980	209	6629
1573	206	24199
9561	174	23257
4545	115	884
1812	80	9228
10276	62	2720
25330	106	8443
537	133	1247
25234	80	23747
24331	115	22015
493	115	5741
23704	62	10329
7937	103	6816
3965	206	8751
22788	39	4717
23567	115	2126
2096	206	7887
8467	173	9580
2679	149	6023
3789	1	8583
5215	115	23600
336	210	21386
5332	206	23396
4091	204	3567
836	39	6058
22204	131	10217
23800	191	24655
7432	173	6717
5172	58	4571
22741	123	21633
3980	133	6023
25074	39	4702
21069	115	759
10206	80	269
1803	95	1112
23261	143	10479
678	160	2382
21477	173	4330
1169	205	2465
10340	130	23257
3704	58	24766
8036	204	3567
937	210	24936
21385	80	4790
5810	160	6769
2446	101	909
8954	206	2751
1877	209	24240
9400	39	1544
24327	22	7305
9793	17	3687
24343	115	24234
24153	131	7569
9596	130	2920
4945	209	3911
21527	115	2489
1716	133	31
2617	173	23805
2918	80	2566
22207	26	1701
9109	200	9840
4980	115	3300
648	206	702
2998	206	10086
193	82	6298
22359	115	2614
1452	133	8088
4115	115	1184
6796	26	157
6276	206	5336
1819	123	7861
3987	108	21395
6856	92	5834
25254	209	657
862	173	5213
10273	115	23839
6874	205	25246
22406	39	21112
22080	25	24019
22197	173	1374
4929	103	9451
330	115	913
1400	130	191
9850	131	5149
1767	80	1078
24760	108	3124
9117	123	8992
1286	133	6023
6333	206	8749
22600	146	23170
22676	39	5528
10169	123	1836
22484	115	4991
5261	123	24866
9970	123	22567
24626	106	9707
21840	173	3730
4866	72	7488
24394	115	5052
22984	204	3567
21600	115	7723
24829	115	23745
1174	115	25159
24087	115	3490
2869	209	10454
1638	26	22836
22834	72	8812
3217	213	10105
21635	76	4790
21363	80	22733
21937	173	24303
7552	106	10174
248	115	8172
21498	80	7201
9431	38	5252
6049	80	5254
23585	80	24163
3960	1	6147
21797	183	9177
1429	180	8461
4573	133	1078
21585	173	23390
2506	1	1484
8658	205	8069
7574	1	1070
3754	123	768
7154	26	23429
1897	215	8031
23663	123	8207
9911	143	23837
5067	108	2694
24706	189	5536
9621	78	1554
400	80	8906
2360	146	5128
3856	173	24592
697	206	6537
23955	1	508
4017	80	4124
451	93	8780
5604	183	794
8391	173	21259
9091	115	4383
5215	123	8858
4931	174	23257
4428	80	24734
23921	123	8057
2210	1	1484
5019	206	4271
25269	209	22216
21713	115	5213
9134	1	1070
9069	123	21533
7189	80	2566
8563	108	9412
3001	115	23402
24168	115	5303
22665	130	6011
23267	173	25149
2903	106	319
492	108	9412
23539	62	1879
4974	206	8743
2542	95	3778
7434	206	23615
22518	209	4655
7528	62	21003
7181	123	7945
22962	115	23744
3941	106	21416
8788	1	6147
3279	149	23608
357	204	3974
630	206	25056
24979	133	8874
2448	62	23259
5708	80	5548
23733	204	5071
3767	209	25038
6152	206	3493
5201	106	3760
3619	115	2030
23754	143	2547
7545	173	25092
6992	133	69
3606	80	10202
3758	48	6643
5812	115	21131
5185	24	6563
7394	206	24044
23387	115	747
1103	62	2377
7917	20	3140
22204	106	92
10057	80	4610
2379	130	24583
2051	38	6275
10113	80	6245
4639	62	21782
934	174	2711
2341	204	8252
4266	95	22910
5507	176	3822
6003	115	5766
9929	133	4610
6842	72	5841
6625	5	1448
21600	209	747
1064	80	4535
25054	115	9636
4720	123	5401
6036	53	9542
8055	58	25442
4476	1	5851
5475	106	5741
3577	130	2711
823	183	22164
3401	80	2566
5192	106	9758
23605	115	8415
25108	62	1656
23918	173	21483
8076	209	416
22390	106	8726
21794	115	8810
516	115	4426
3043	108	9412
4728	173	7696
22410	115	4067
23206	133	24163
1641	174	22921
675	115	4907
10472	123	21250
8802	173	9953
21946	115	24852
10030	209	2268
1899	160	23458
7797	160	6214
7876	123	22567
3723	80	4790
3581	115	21380
689	123	1681
3947	115	5128
2638	160	9603
1755	205	8005
25032	115	6976
2580	95	7159
8412	115	23613
556	1	508
4131	115	709
1130	123	25497
6137	115	23745
2829	205	23706
23868	206	9949
954	17	21760
1809	62	10195
7147	123	25117
21826	115	3491
6777	133	8515
23925	173	23591
812	174	6104
4281	106	24319
10401	95	4900
3114	115	4455
21210	115	4426
3554	133	6101
2002	204	3567
10011	115	199
3746	183	5168
10042	123	21533
1150	106	9133
762	108	9412
9621	78	8393
7482	205	8314
5430	35	9967
479	115	22715
21092	80	8874
22142	173	500
4214	206	7509
21183	133	9412
25348	133	23308
726	80	6869
22177	160	6769
7098	115	23424
4534	80	4433
8043	24	197
1371	1	508
3954	115	6028
9247	130	2962
4393	62	24639
24342	173	24564
21166	133	9027
25192	123	1681
21477	115	8816
30	204	22880
7677	115	9520
8042	173	21367
8997	115	439
9179	115	4067
24367	160	22294
8144	108	9412
9637	39	9715
2431	101	7517
8531	72	2529
7584	62	24363
10223	80	9045
2813	204	3567
2371	63	22776
25415	123	2675
6345	143	8460
22435	108	9412
5547	115	2327
810	1	7867
2732	131	2998
7243	1	508
24311	123	10447
858	133	6023
9142	133	24448
703	173	24960
2128	80	4971
2687	206	1583
7909	115	24583
5147	101	25236
21698	206	10376
10289	62	9745
22828	173	22216
3441	62	23895
22332	133	9481
8964	115	3205
2006	123	22163
8225	205	8475
9549	80	1247
8516	62	23714
8679	112	21245
5541	95	10444
23927	115	21813
5911	123	1681
3047	80	6869
3598	115	22813
884	80	9665
1146	209	5733
445	173	3365
2405	1	1070
24528	183	25131
3809	173	9775
6978	180	7269
3753	80	8877
23407	55	23569
22115	123	8010
24823	76	237
9293	206	10445
21996	163	22469
10339	72	8113
22185	123	3516
9516	62	22516
5966	160	23458
3642	108	24998
5322	115	24714
6930	24	6563
9206	93	1450
7364	130	21053
8802	115	10310
25285	133	24448
4613	80	23093
3535	174	847
8675	210	6539
10330	80	3795
7732	209	8992
24766	5	10453
13	143	9740
3641	205	6498
23294	115	22151
24388	53	6869
9342	170	1867
7174	115	4932
3117	80	22221
5663	123	124
10214	95	8265
8332	115	9553
2249	143	792
3771	72	21947
8678	173	24206
23638	204	8987
2407	133	9481
6888	204	7874
8672	14	5303
25222	115	6983
24921	115	2584
21525	206	5833
2970	204	3567
24715	115	9527
3745	183	24596
3672	183	6453
1792	123	23610
22963	123	874
1117	160	24239
23691	183	9330
409	80	2566
5566	115	22748
2601	24	69
4050	80	7900
2159	115	2447
5042	115	10287
987	115	22764
9090	115	2452
5811	115	24800
1288	209	7003
24010	62	9487
7606	115	9371
4623	80	6869
9991	35	9733
8683	80	7632
21573	173	25275
3452	173	10384
974	210	24050
9770	173	5412
22633	1	1070
5528	53	6869
21471	115	5239
9532	1	24262
888	115	1681
66	115	22952
21013	115	2027
22283	115	9860
7850	115	821
4900	58	5997
6396	115	9352
9350	195	24891
21656	1	1070
24368	123	21218
7424	115	3628
4015	103	24000
2838	115	23224
5507	84	23671
4186	160	6769
153	80	4025
101	206	22887
6656	154	3636
23484	205	21868
8171	115	25450
1614	115	4093
3577	22	24803
21667	206	1749
23316	131	7825
10022	1	24007
24690	115	10262
23525	131	21142
1367	147	623
9502	16	3787
21732	106	4286
3104	80	367
7227	39	7832
23549	1	7867
6391	130	21053
1020	133	2694
22260	123	8992
4407	115	7128
1179	80	3683
24407	62	6056
3808	115	67
299	93	5092
10402	108	9412
25408	209	10
9671	93	9573
9586	115	3649
7899	115	4591
21196	206	9965
7811	209	412
24731	205	5756
7491	115	7787
1768	173	21598
9763	80	1487
3678	1	508
9065	173	1947
993	160	2419
6070	133	6563
4726	115	1004
4905	108	674
9744	209	1889
3972	129	24786
7478	209	9763
3191	115	22020
8774	76	3683
2782	194	22725
7224	115	21824
22279	80	7834
23626	115	5000
7393	177	2566
23144	160	24778
22943	80	7248
24347	62	5405
21663	80	4124
4416	209	23286
23127	206	3252
163	166	4610
8274	80	9481
3938	189	9205
5153	80	2566
24107	58	1034
4440	1	1070
25186	173	25410
22250	106	23390
4897	204	10052
3312	115	5060
22678	204	22529
4549	93	21529
24419	205	5043
5123	118	8579
21107	204	8252
4726	209	7592
23949	108	9412
23960	80	367
7216	123	189
6619	209	747
572	123	1253
25364	115	21429
21084	130	24583
24701	115	6416
8571	173	24564
4853	115	25377
22802	123	8206
2007	80	6869
2071	205	10116
3561	95	6693
8997	115	25159
3620	206	23583
7112	62	9579
8341	209	55
25441	115	2393
946	1	1070
3237	204	24951
10431	115	9527
1864	173	205
22661	173	7280
10427	75	21250
5853	115	1232
23158	173	23633
24576	174	9580
8813	123	24176
24139	115	9923
9431	204	24951
1362	1	22504
6307	210	1593
2660	200	3349
5058	95	30
5649	103	1504
1622	154	9228
3431	72	9916
1051	209	747
3163	115	24668
24072	80	113
24707	200	8538
2803	106	4090
3101	206	23761
8066	209	8521
1053	207	22666
1135	95	24850
23810	80	9623
8956	115	4902
21480	133	23308
22763	204	6138
23700	62	3592
1228	12	3765
25300	133	2224
6146	115	5734
5668	209	389
6511	62	6679
9219	93	1854
4404	39	544
25026	209	6094
1084	115	23425
2716	1	1070
25098	123	22955
22675	131	7150
3851	133	9188
21516	173	1608
7366	209	8383
2609	106	24095
22756	106	23519
5402	106	2108
22086	80	24163
1839	190	6079
5765	115	23694
23636	206	22091
4069	115	3579
23452	62	21582
10181	115	22748
22335	80	24448
4947	66	1744
23123	1	508
479	173	3730
25107	115	23882
4676	123	9619
23612	115	1301
4212	115	24142
7312	115	3897
8831	133	4790
5778	210	10374
6535	183	23448
21097	80	9665
1745	85	4473
24997	76	9045
22941	58	21096
735	209	189
402	115	5174
9159	95	8012
24884	123	24012
619	173	2396
21231	206	7246
6939	1	1070
21986	1	508
23050	209	3529
24282	62	6055
2358	209	5467
3845	56	4742
2435	130	5997
2312	115	9552
21411	80	22233
7878	80	9481
21709	95	21199
2850	133	7323
1247	150	21123
3729	133	4790
4117	206	25075
21011	1	7867
22444	1	5856
4776	108	743
9460	204	24951
1926	130	24442
8193	62	25108
1276	80	3957
2673	209	24924
4840	115	5976
2584	206	25100
1110	62	7831
7588	173	1009
8239	106	25100
7429	204	7054
21635	93	381
24645	209	3206
1881	92	5495
5810	160	9100
3612	62	21657
1442	115	3527
23750	205	22377
24717	82	5626
85	103	8714
5189	177	24998
2740	115	24432
5431	115	1071
7896	116	89
10306	206	21727
1166	123	21951
1967	38	1681
9922	115	6273
25171	106	21895
24763	206	24844
23295	103	431
4301	205	23401
47	115	3649
7596	205	21906
4734	76	9875
23848	80	24730
3086	133	2566
6495	173	4405
22926	80	252
6474	115	409
7623	80	23308
8637	103	9144
7594	173	5148
3737	204	5869
7190	168	7820
24014	62	22960
25015	62	1103
8162	133	24448
6055	62	24196
2866	62	1874
751	123	9619
7715	62	5122
10092	205	5201
9082	123	2822
6778	115	23425
1388	133	8906
5108	39	22293
25266	178	2313
5527	206	3533
1171	62	6991
4123	1	1070
24861	80	23873
596	173	21208
21429	146	5128
634	204	10109
1560	38	9821
25068	115	657
21571	80	4790
21034	1	7867
3614	115	7979
5547	1	1396
1757	1	23407
6790	102	22342
2975	183	25405
22358	133	6430
21340	133	6023
1287	115	8189
2699	173	4056
743	150	9849
21884	133	748
7831	62	5570
23298	115	21131
4150	205	1635
6081	115	4426
6541	115	3777
22188	205	24162
3713	80	21450
9597	39	2456
3390	115	24813
1960	103	4849
21643	160	9100
2252	149	9846
10189	160	6214
2715	173	7280
21264	206	2007
21622	174	24578
1869	204	7874
23970	177	3523
9586	115	24758
22440	174	9754
8333	115	21445
5163	158	6163
2078	106	23823
23007	115	5640
22581	62	25324
1876	106	4436
2251	80	1940
7448	115	3777
9447	208	1052
6063	115	24232
23498	133	10453
3653	108	4971
2635	72	6925
2415	62	1935
25499	80	23730
1802	80	7783
23747	150	21123
24899	123	21218
3456	204	21189
21967	168	5246
21932	206	22065
23034	62	1072
5088	115	5288
3324	80	2566
2894	115	4317
4297	80	23677
21576	115	2802
10246	123	209
24954	130	7754
8286	95	23049
6873	149	8949
6964	115	8189
5689	133	585
9232	95	5136
1316	1	6147
2862	183	2068
9301	183	10153
9489	209	5513
6248	203	23218
10338	131	284
4272	194	22437
25274	168	1448
4340	115	8063
645	121	7632
3096	123	25473
7708	115	8398
3574	204	7874
2096	80	22749
2195	123	6503
21891	106	21322
3873	160	1458
23908	108	9228
24967	209	9110
25187	115	3647
21588	133	6869
553	62	6067
25127	115	22952
9766	160	1814
2538	62	2866
21759	80	6023
8125	206	5420
23673	160	9100
21538	123	5401
24888	115	25197
22068	160	6769
8170	115	7409
8406	115	23279
23265	22	7349
8568	1	7867
6336	173	9316
8586	209	747
1187	173	22735
7022	133	9830
9215	133	1078
21980	80	22590
22234	191	10217
1484	105	22321
24208	115	23211
2288	1	508
9365	95	777
10427	16	10427
21898	39	4702
6831	39	6058
21984	115	6017
4299	204	7874
4049	115	8366
23497	115	24189
2255	204	7054
5295	80	6687
10418	173	24156
732	206	912
4293	80	23308
7994	115	21288
6549	200	24930
2928	130	647
10107	123	8957
2391	115	25358
3881	42	24798
9085	115	5467
22990	209	6597
1529	173	10318
6491	80	8027
22326	80	24448
23291	1	23776
677	115	5264
4664	108	9412
2939	115	7749
1861	62	968
25337	123	2492
10329	62	24647
8883	80	7900
5288	80	7962
22538	62	24674
1326	115	8826
947	206	1576
8039	92	25492
2277	95	8265
21856	115	9888
4075	106	21727
911	131	24389
3744	1	5389
8353	133	4971
1806	191	9343
8000	115	6280
8528	183	4676
21651	1	23385
22893	124	22437
6711	72	21559
3688	173	5224
4351	62	5558
6449	62	528
23512	115	24092
1569	209	8974
21469	205	7333
6242	209	9110
8789	115	2124
24945	160	1458
6947	131	21571
23381	115	3785
21186	115	4775
22854	115	4426
9182	1	778
8477	105	98
24002	115	8347
1675	107	7960
23034	26	1695
22724	206	2917
6728	115	6069
4889	205	24286
1029	173	7843
22227	115	649
9706	115	4708
22050	206	9293
10187	115	7784
6074	115	9093
10367	123	632
22024	173	742
7065	108	2694
10001	80	2566
5193	95	21970
1430	1	6147
9446	115	4038
7393	123	5303
6561	115	8398
7771	115	1102
9902	173	747
23250	133	7323
3141	115	409
21764	209	2347
8254	149	22819
9679	62	2854
4544	108	2694
9471	151	4765
22252	103	23235
1627	115	7760
23863	209	7084
22036	123	6021
4407	115	5297
21984	205	8547
21360	123	5971
22326	106	9290
1391	62	2415
23452	62	204
2400	1	7867
2190	131	4244
1838	80	2566
3139	130	5997
10422	22	6869
21195	115	835
4140	206	7623
22661	123	21633
5835	80	2204
5744	72	9256
5987	1	508
4307	62	4933
4350	115	5986
8345	53	7097
4333	123	3137
5570	62	1685
21100	133	3245
4989	115	23721
6592	131	21873
3679	115	9476
23336	1	23407
22063	183	9627
4023	80	2625
7658	123	21417
25136	115	2665
4333	1	23407
8391	123	21259
8404	206	3430
9019	204	24951
5131	115	22275
4783	39	2144
10269	80	6101
495	174	3571
21925	133	743
2723	143	8963
23443	173	25145
2524	173	498
1151	115	21584
24388	129	5045
23412	115	24999
21602	93	2352
6914	80	5666
24542	173	9852
21307	174	2711
23942	106	22421
3581	209	4885
22141	205	24719
6595	1	1070
4575	133	69
24251	174	5648
6099	115	5976
7075	206	9255
24648	1	508
3141	115	6846
3576	115	3756
9239	123	22436
4684	174	24578
2137	62	23897
4666	72	21467
8177	123	912
4244	206	9398
3811	1	5457
9607	173	1098
5253	183	5951
23735	80	22761
1462	62	4492
9413	115	4317
4729	209	21067
21911	62	3677
3108	133	5299
4997	95	3583
23451	115	685
6092	174	2920
23456	133	6023
6406	174	2962
7118	183	24792
22939	80	9623
24793	209	22354
2826	58	3666
1965	115	25309
2882	115	5986
7874	108	1080
9856	174	5909
21637	123	10447
987	209	9225
976	173	24850
7140	62	6018
6920	115	4955
21651	115	358
24408	210	8050
24369	205	8239
21	115	22543
8411	103	3928
8906	150	4995
4624	80	2566
8021	160	6769
9346	123	5640
1043	137	1043
3314	115	22813
4642	114	6112
7524	93	1830
6695	133	24276
4321	62	24411
3449	206	7536
324	80	23308
7006	133	7900
5292	133	2566
3614	115	8220
4967	26	7357
21573	123	6846
22638	206	4360
4558	204	7874
10236	1	508
23054	115	4775
25488	209	8517
4570	115	5359
5151	123	8325
22653	38	24107
8803	106	1035
1990	115	6601
9679	62	22516
10219	38	7044
1419	24	5472
5564	133	6869
7641	62	21944
23743	160	6769
25394	78	24939
2313	94	6584
2801	143	10422
5616	80	21395
22476	39	9320
4432	209	22813
6928	1	22504
5085	80	3245
24254	173	7685
6348	80	22116
8436	131	22074
6938	115	3008
6782	209	23515
1845	115	8861
3233	115	9964
24559	206	3264
5897	133	5299
8288	123	21218
23354	206	2534
7531	174	9580
25238	115	369
22291	197	10062
2652	205	7940
22945	143	9392
22411	206	4128
4255	146	24275
1816	123	8450
24188	115	4034
23613	80	5030
22077	205	9394
24505	143	3569
6311	115	4623
4274	62	7032
23732	72	2989
4324	115	323
23747	129	21123
2265	115	23425
23756	95	5656
197	150	2339
3457	99	3457
21305	115	23091
10011	115	4939
8796	116	9830
21470	115	10091
8	82	7246
2544	103	2657
23860	80	2516
24660	173	4769
10392	115	6967
25395	108	24998
535	24	9228
22699	205	8122
9939	183	1189
21797	123	5743
23579	123	7279
8226	209	23515
5631	108	21522
6422	103	116
4663	160	2382
23105	209	24240
21625	39	6107
64	115	9592
8474	183	5857
8608	204	6138
22068	160	9100
7605	62	4498
24007	136	6869
8032	115	5197
21691	62	7154
8933	62	23846
6051	209	1713
24667	210	6370
24925	62	6551
22237	108	743
2797	62	22711
24922	80	2566
22827	115	1369
3340	115	8384
151	39	22708
581	95	8002
6759	80	2566
3797	115	24900
22510	76	7349
22199	123	1838
1625	133	5333
21105	173	498
7720	115	23613
24606	115	8713
417	72	4731
6316	90	7658
5526	115	23425
8126	200	23639
3854	143	1130
270	80	2566
10479	183	23261
6355	80	68
7356	205	8239
6087	123	3137
22299	112	2985
2955	1	1484
1482	62	21401
7530	166	9907
4853	115	22801
22544	173	10182
1314	206	190
9340	39	2456
9637	92	4394
6477	206	3602
7293	108	9412
852	205	532
3946	108	9412
2696	205	1609
25198	206	8642
22256	113	22256
6066	103	24308
9355	204	6599
6765	108	9907
298	209	4050
24244	115	2370
21279	1	23407
3703	115	3316
3696	95	3306
22057	24	5472
1081	146	8986
3717	1	6147
1652	1	23407
1120	95	22910
2174	205	1475
4339	103	8743
6727	205	9032
23273	114	5536
6270	115	5060
1292	160	22294
10487	80	1487
4100	202	8877
6750	80	6869
21216	115	24023
4171	123	5213
23793	95	3306
3695	215	25227
21895	203	1095
8142	95	10131
5131	115	22151
8251	115	7128
21622	204	7054
3057	206	7567
8889	1	778
8800	115	23817
23684	123	1838
10456	103	1020
9492	1	23407
3975	106	21464
194	115	24747
7855	95	3263
9026	108	5030
3158	173	24125
10281	123	10242
4611	173	7693
7008	154	8003
21348	115	409
4832	80	9849
5652	133	4790
21711	209	8607
8580	95	23917
10388	160	22294
23425	80	6869
13	183	2612
3057	206	5916
9102	206	7671
22900	173	9917
22329	95	9387
25311	24	2978
9090	123	38
25133	1	6147
23051	123	6629
25235	115	23325
1793	57	6484
210	117	85
1712	143	8434
4029	131	2287
25413	108	9412
3694	24	8679
2084	38	3571
22393	115	22385
3447	115	24733
9751	210	23696
22028	115	22998
938	206	7959
1180	115	23048
5024	80	6023
23924	115	9684
25053	62	2439
22349	115	2692
10230	170	6478
24805	115	6746
3108	133	8874
4764	66	25301
23069	133	748
4373	115	1224
22410	115	5214
585	150	1485
23016	115	24931
8716	115	3490
7804	106	6010
24812	93	8625
1958	115	4478
3178	209	22184
7105	108	9412
22643	39	2307
771	206	9414
25356	115	7686
997	62	7631
9620	115	22084
1963	133	22137
5712	115	5475
5216	204	8508
6684	62	5755
25259	205	8492
21676	205	3739
4281	117	24319
76	206	6600
24310	106	5171
203	210	24505
7135	62	376
8173	205	4045
9453	80	7522
3404	62	6557
8519	160	23458
23131	25	8154
25231	133	2566
6737	80	7900
21530	204	22256
988	106	9399
3772	106	10026
249	80	9875
9631	115	1261
9634	206	21022
6866	1	508
24204	26	23429
365	123	4574
283	115	23161
2403	80	22964
5912	165	7874
2457	14	5256
3367	93	4167
24439	115	2750
4814	146	21429
22969	206	7344
5343	160	6769
3103	115	627
4487	160	23458
3519	115	3113
6725	115	6352
21145	115	25351
22497	62	4106
25434	143	23837
23949	62	6796
23278	115	22380
23627	206	7773
24785	115	4775
3607	92	2234
23899	80	23677
22759	115	7526
25346	133	7323
8348	115	4775
515	177	1244
9843	95	23015
10460	1	508
1372	209	24850
24865	209	3356
25391	123	6811
6488	133	6101
4148	173	23065
4	166	5669
24507	123	24935
2071	173	1550
23055	1	1070
5135	62	23700
7994	115	4970
23663	123	22092
5229	115	23768
9435	149	24491
7495	1	508
5190	115	6567
7685	39	23851
5422	80	2566
4779	115	7875
15	106	21023
1743	209	22348
23017	80	6869
7153	133	25050
7946	115	9774
25146	209	8250
3543	174	2490
1602	206	2198
21935	209	1098
6787	115	5516
21512	115	9468
1887	95	21531
24645	115	21815
3798	209	7422
24416	103	24996
3174	173	5272
1607	80	5774
22675	131	6038
7120	115	9527
1265	80	7116
7605	62	7835
10499	115	835
1903	133	623
23144	215	6369
9235	149	9231
25363	72	5204
8353	206	856
2824	115	563
1598	205	5762
4686	103	23312
3689	173	22030
8570	96	22578
23516	62	24664
10236	123	9525
1727	108	5472
22382	206	22102
9051	115	25301
7127	200	2920
3767	95	10444
4700	123	9775
21827	210	1054
25323	123	5003
21381	183	9057
9361	205	23401
3210	115	10226
8318	115	3570
7178	209	1625
23380	143	5667
21654	204	8485
2025	205	5043
23181	24	4790
8966	173	22189
24599	173	5986
455	209	25339
25074	63	4072
23071	62	22467
23302	209	21629
5342	115	5422
3705	133	3566
3303	103	21912
22471	115	9566
22112	1	5625
3978	13	7393
21098	62	25306
9069	115	24764
22896	160	23458
5775	115	1129
5392	205	1609
1579	133	9412
5731	123	9721
4371	39	6768
3098	72	2398
10179	183	2612
25138	115	1387
4929	133	21881
25187	115	657
3400	115	24727
24002	205	6072
21470	1	508
4309	173	4655
10096	115	5613
3841	115	22839
8317	39	4717
7164	93	4482
5995	205	5756
8646	108	9045
7513	115	23425
3661	133	6563
1772	25	2488
1915	209	25175
8892	115	9668
4844	115	4093
4104	106	7281
8232	102	2881
4708	39	8029
22578	105	401
3385	115	22839
23561	209	1299
23397	169	3653
22603	35	7349
8759	150	23342
9323	123	4744
22455	115	23084
9700	173	25291
2234	146	21513
8821	123	7886
25441	209	4509
24075	106	21722
2263	115	9307
8375	123	4767
6943	80	10441
4870	1	24007
6495	115	4724
5407	133	24491
5868	80	23037
7464	209	24499
1320	95	3778
24153	131	916
2317	123	9852
6445	183	2321
21363	133	6869
5002	95	6625
7368	160	6769
8521	80	2191
2057	133	9887
8176	204	24951
8564	206	6010
2155	174	21220
3630	209	24333
25088	108	9412
1652	123	3137
23174	80	6023
9372	72	3986
3314	1	6147
24275	146	2598
8692	39	5145
3534	1	23407
4308	63	4357
3601	80	6869
2680	126	23941
3459	210	2164
4195	1	1070
21179	62	4639
978	115	23004
22556	35	9733
8600	133	6023
22215	174	2920
3918	92	859
23970	152	5254
21182	173	2977
2105	1	1070
1007	206	21265
24446	123	8168
8339	95	5136
9408	206	5596
3834	1	1070
9594	115	2902
8907	106	23992
21946	115	5734
9738	115	1463
6783	173	25291
9403	39	6058
9200	114	2183
2354	123	9577
4850	123	5401
22467	62	21433
5237	206	23263
912	206	5950
2766	80	9623
5098	39	9715
5807	133	22137
21096	38	9619
23869	206	5782
847	80	6869
7205	123	6758
21909	174	10190
1174	95	4701
21673	1	24007
6052	123	5401
9228	129	23677
3893	166	25167
3236	191	7867
23930	133	269
33	72	2343
3475	173	23390
4394	76	4790
1738	80	8874
2508	204	2727
2189	149	6023
23929	115	6963
7923	106	21999
8755	115	24473
21156	39	6058
22847	93	24871
6132	108	2694
7766	115	2750
6857	133	1053
25374	209	23288
4936	80	6563
8114	62	2415
21544	80	22733
1076	183	279
5343	215	22768
6137	115	8361
4900	80	7900
2299	159	9124
6454	133	2694
10468	80	23747
5570	108	9412
5964	106	21332
2496	173	10358
7788	204	6760
175	210	23794
4268	115	3760
4757	204	3567
25343	62	5124
21496	115	2986
5492	80	2224
7533	209	23177
6490	133	2566
7777	133	6023
25288	160	6769
9806	160	24778
5037	115	4775
8413	133	196
5229	209	24333
8388	62	2337
22934	103	22930
7729	63	3222
6389	1	7867
9544	206	1439
23809	200	25392
2573	62	22219
23122	80	24803
6779	1	1070
21689	115	21765
10456	106	754
8504	1	1070
1006	173	9016
5586	80	3795
6968	173	9431
5602	58	3640
7211	108	9228
3916	115	5239
8050	200	2962
9313	146	24275
21569	115	5255
23965	95	7731
6062	62	10079
8787	115	7697
6516	209	22998
6166	1	22437
4264	72	4645
1907	62	6489
6882	205	21434
2011	108	2532
24050	123	3349
3926	209	8045
9232	180	4127
24943	115	9909
4437	210	1446
1846	62	4368
8025	62	4492
7875	133	5669
9805	173	4291
4804	62	21187
8634	62	5791
23733	123	9076
3100	206	8001
6994	131	9663
9852	133	2566
784	62	6701
1405	95	2885
24451	103	4138
2816	76	2566
1885	209	22167
22165	78	4969
8586	115	5640
21018	115	9204
1175	206	5449
4570	115	23721
2669	95	8265
3707	106	5411
6229	80	8099
8575	173	2711
24485	146	5495
9679	62	7032
6351	115	21629
2340	130	7
9315	115	23004
25299	62	10380
4502	80	24397
25292	103	3049
23356	67	2978
5880	160	23458
24951	18	22076
219	205	3105
10191	146	24275
9973	173	9648
9836	62	22497
6079	196	6756
6427	115	8366
25016	215	515
24059	123	8957
9060	131	22607
25076	115	4304
4676	200	9619
5164	62	3677
2052	62	24862
1596	5	69
9171	143	23856
6277	160	22294
2723	173	9580
7439	115	1501
24019	204	24951
10072	173	25410
7528	108	9412
2000	177	6869
21489	130	2962
25380	62	147
6402	108	2694
1245	115	5724
6665	209	7084
7002	131	23630
1490	205	3804
8084	115	24159
2218	115	8195
3651	95	10164
1019	133	4967
4958	80	24730
6620	67	6563
5574	80	25053
5018	62	770
6199	130	25497
23383	106	3645
9131	133	24448
9255	206	602
6149	1	1070
23144	1	22578
6262	209	25092
5297	80	2487
4184	115	6719
9955	173	21086
6154	173	24012
23584	123	9391
8805	93	21099
516	173	1837
21150	115	4093
21160	115	183
24764	106	21789
8617	143	1205
4315	80	22819
6694	92	5256
9223	108	4874
3927	123	2329
25119	62	23763
9384	115	2750
7429	143	24223
9572	115	2027
4726	95	23015
2414	38	25392
890	62	24010
23401	80	9623
24892	80	3692
9403	146	4906
10175	80	24494
5947	80	22733
2299	31	6701
6465	62	5558
9680	115	21302
4372	115	4146
22476	80	6869
4676	200	6275
6102	133	22749
6184	1	6147
23648	76	6869
21711	115	10047
598	80	24901
6818	106	9553
23343	206	7017
8249	174	35
22884	123	25117
7258	115	7993
4272	115	6362
21569	123	8057
5756	80	3997
10263	174	22130
1115	149	23216
10013	1	778
22072	114	7960
24364	93	420
22378	62	1721
7932	215	23922
3313	115	3117
9702	115	21504
23621	133	1078
5934	62	21929
4225	80	4971
23603	115	6084
10278	183	6199
6249	58	24764
939	160	6769
2547	204	21968
22242	115	1892
3974	177	9665
2271	183	22284
23940	80	2566
21470	115	24215
4749	200	22092
6714	123	23177
24171	80	22964
4312	123	21067
71	58	10318
5505	204	3567
57	160	6214
3704	38	21053
6828	115	9093
5032	183	1383
9564	209	7975
24458	115	3348
22735	133	1482
4260	160	22294
23526	115	8195
24571	206	10129
21255	72	1523
5258	115	4067
2311	160	24778
8135	22	24998
22800	115	8879
24006	205	24658
953	174	6275
24466	108	2694
22039	115	22363
22814	209	5640
23249	115	5231
23846	62	22538
6303	62	21178
7844	183	21733
22639	115	25264
4304	106	25181
10308	80	6869
9871	123	3573
6061	72	5204
7326	1	8049
8481	95	136
22185	123	989
22847	6	5472
23009	80	10243
23672	76	2566
21505	62	2797
4191	206	2596
5351	115	3675
24885	205	1453
23928	1	6147
9995	160	23458
4784	22	24511
5479	62	9238
5161	62	7757
24609	141	1070
3747	160	6769
1594	115	10088
3531	133	7838
8427	123	2089
5937	173	3331
23555	80	2566
21139	95	2365
4632	173	23177
2086	205	24830
5324	42	23943
22854	205	24286
5498	173	2089
9224	133	9907
1014	115	22950
3479	80	7900
23894	204	7054
4801	115	6565
24902	159	7399
6854	115	6846
6966	143	22721
8514	130	25392
2291	35	22964
22719	123	9619
24807	130	4734
23557	80	22221
24289	80	6869
1112	133	2566
23035	133	2566
5989	173	4213
9049	22	6869
23398	115	9538
408	123	8858
23309	115	3272
8670	209	21299
2278	130	8842
25148	103	101
24202	133	9412
85	72	1133
1343	206	22222
25368	80	9907
3691	183	22585
5376	115	3375
23740	133	21123
25293	80	21565
21694	160	23458
6495	123	5868
4434	115	8398
23756	173	5656
22154	123	2158
2143	93	1447
2472	173	24333
2519	80	2566
7002	206	5738
22362	115	21411
3050	205	3804
7071	160	9100
2293	115	4857
25190	1	1070
4156	205	24719
6239	115	22658
3810	80	6430
8262	42	23943
1275	115	5271
9222	106	25336
455	115	10310
594	115	4005
3716	80	10202
8724	206	1401
23204	80	6430
9161	38	7363
1206	205	10404
22614	160	24239
10277	80	1710
677	1	508
5095	123	4571
23417	98	9124
4050	90	23975
8670	209	1483
22755	183	25476
5857	204	2430
22028	180	22998
7183	108	21522
21255	93	5738
4284	62	21753
6887	209	24344
25004	95	6697
9459	80	1937
5269	95	8265
21917	115	1550
4235	1	1070
22966	115	24968
2774	80	2566
2268	191	10030
24418	1	7867
10476	123	22159
24623	80	22621
22773	131	5699
24512	133	6023
24777	123	5401
23752	130	3571
23092	146	8271
24168	115	4216
3535	130	4571
23200	35	21450
10472	1	5207
7549	22	1710
1600	204	8252
21417	90	8489
22858	209	5640
9615	80	22879
6458	115	21415
7961	123	8407
4007	80	4262
5348	80	6869
22411	103	25205
22287	95	2014
22871	204	3567
22470	115	24997
3946	98	9124
2040	205	4915
21579	115	23555
6182	80	2566
2755	173	6840
25331	81	9830
7167	123	22313
22081	115	5231
22166	204	8252
2354	173	5148
420	103	24364
570	123	9107
21230	115	3252
1142	115	23721
6804	133	9045
21187	62	23905
22862	80	22221
6768	53	22137
9775	80	9240
5826	206	1124
66	1	9396
6040	131	9106
1193	80	1247
25191	106	7547
4602	115	3883
22987	72	4948
8692	5	797
21647	133	21123
9437	12	23930
4431	80	24803
3409	62	23862
23033	173	1421
21410	130	8659
23510	76	4790
24620	1	7867
1567	206	24739
8971	115	2200
6699	115	5482
22667	173	7775
8843	115	8739
5687	115	1301
8566	115	8879
2819	209	23960
744	133	2067
22757	26	22836
7291	143	2353
2739	209	3356
275	62	1987
24859	123	3640
22246	126	21350
2052	62	3677
22525	123	9107
1594	115	22584
8467	183	22647
990	115	3950
8837	133	9412
24501	80	22062
22081	95	8775
2051	58	6275
873	62	1284
9985	123	679
2111	22	7201
10365	123	3704
22516	62	7154
2646	93	23614
4575	190	4741
6569	133	2224
5690	62	3930
23255	72	22642
21870	114	3478
6603	209	25043
8870	1	23264
21642	35	22977
1080	112	22382
9226	115	9450
7745	115	7546
8698	108	9412
23922	152	21422
4981	143	24393
24842	206	24694
8792	115	24858
6193	106	25168
8008	106	10048
225	115	3032
6755	205	8239
321	204	24951
22847	6	5823
24855	39	163
6952	209	4370
8160	115	9520
8685	95	8512
368	115	1591
22794	173	9337
3744	115	24499
4528	133	6145
8218	174	267
5988	63	2254
23552	133	22621
5683	131	3539
1878	133	6023
229	173	8325
21758	34	4226
2840	108	9846
21950	115	3740
25269	205	22216
22828	180	22216
24306	115	4397
3454	115	7475
5216	25	23645
6089	80	1937
192	106	23615
8997	115	6233
7578	204	8252
24865	115	4021
24429	80	23216
6600	133	25226
8373	93	9224
9516	62	2035
3335	80	10301
6661	55	24609
722	62	22909
5667	174	22801
7092	1	1070
4585	80	10411
1168	22	2566
10233	141	23281
6115	206	4128
9980	115	9459
7498	123	2039
24491	150	24448
2700	133	2566
4118	116	5063
5508	93	1876
9373	206	23012
7424	194	8583
4458	62	4604
23723	95	21199
5347	115	5529
3870	204	3974
1772	204	10052
10479	34	23261
23278	115	2001
1144	115	4478
3988	80	4805
7443	62	2538
21999	206	22563
22346	205	8383
23260	62	10402
4359	115	8999
8975	95	4900
1358	62	762
3335	206	6857
3364	1	7867
2939	115	7540
2111	174	10318
22787	115	8361
21777	95	7718
2100	115	21813
25392	38	9158
6513	80	23169
6218	26	22836
9195	115	10238
9982	173	2396
3709	209	1752
4130	58	9019
7281	206	8765
1384	108	9412
5934	108	9412
1650	209	1149
7906	173	6293
2789	80	2566
21066	149	6023
23562	115	3715
2438	115	3450
2279	215	25227
22770	80	21395
1215	1	508
7096	133	2566
6049	108	24536
21331	51	23070
1282	76	7349
25261	180	24269
6936	173	9485
1955	115	854
24906	173	22370
2969	160	9100
2161	115	6686
2958	130	3640
4110	173	931
5073	173	5561
3357	93	5114
9745	62	6833
22565	160	23458
9588	173	5245
24051	62	25015
656	62	7967
21977	115	369
21696	108	743
21299	123	5148
6529	39	5145
8650	72	21060
23447	204	22076
1655	115	8067
9509	1	23407
22498	106	4856
572	115	1253
25026	115	21475
2880	5	24163
2762	180	7455
6200	123	3516
23341	35	748
24496	76	22621
5091	179	7349
9133	133	24491
21514	209	2876
23666	123	9059
23116	62	7914
6902	93	1584
25166	174	2711
5555	209	5401
23313	205	23195
5090	95	2284
23918	173	22704
9844	123	7845
9823	24	6563
23518	108	9412
7733	209	10339
2442	115	23911
3866	80	5777
8672	115	4812
21830	24	7783
4343	123	319
22605	173	8777
7671	133	6271
23974	215	25227
831	183	5828
3434	209	452
24721	108	5454
8535	108	743
23505	62	1237
22873	173	373
5420	206	24844
3758	103	23181
6116	205	5977
5174	5	748
5181	123	7945
9387	38	7042
7037	106	23319
8831	80	4790
2336	133	7413
1012	209	1947
3074	209	25092
8128	206	21017
5035	206	8090
5639	133	8478
2290	115	25159
10434	205	21979
8588	80	9071
885	130	24578
21034	123	8621
2832	115	22742
5032	130	35
4357	39	2761
6623	80	9481
4821	123	5950
3043	62	10378
1915	205	8914
3156	115	8699
5548	53	24163
10322	133	6869
8233	80	1247
8888	39	9715
4102	160	6769
10278	130	25497
6129	115	4039
2366	206	3294
8420	103	21078
9814	143	5184
6955	80	2566
2466	80	2566
8151	108	24536
22833	103	6722
78	115	3883
21127	206	6634
4682	115	21706
228	123	5089
7858	133	722
10351	95	312
23077	80	2566
5637	93	645
4974	206	4062
21334	80	6023
22297	115	4399
6375	174	8538
5892	62	87
7094	205	3804
7039	20	5861
7690	191	9103
5567	80	9623
7483	209	5401
4819	38	6104
5658	80	24651
1775	143	8821
1309	1	508
7944	115	22839
10245	115	7245
8516	62	24504
5065	143	3806
22467	108	9412
7524	206	24021
7602	80	23873
4226	115	21363
22721	123	24766
3253	183	5552
554	80	6023
3218	62	22863
24756	191	8997
6092	183	23754
22130	58	9019
7207	39	21915
4898	133	8874
2801	210	5170
23726	174	24578
10401	123	8621
4503	1	7867
24768	93	7620
5974	80	6430
24862	62	3677
4074	206	9725
23448	130	25497
25108	108	9412
9026	80	24998
7485	1	7867
6432	206	22915
9481	108	69
157	35	24049
23653	131	6592
22927	205	9032
4030	205	4276
9576	115	24345
4049	115	9964
21257	133	24448
2195	95	4144
25148	133	1422
2570	130	4734
21860	206	695
8482	62	25119
22438	115	5443
7025	58	2901
1109	173	9619
882	63	6008
24214	115	4236
2613	209	22334
22596	115	8024
8240	17	7872
24439	205	23401
22492	173	7455
4539	173	3349
24862	26	8184
21642	35	24163
22988	209	3917
1630	123	35
8830	80	6765
7546	80	3245
7237	205	1609
24529	62	24843
793	106	8267
7824	108	9412
22118	115	23177
2040	115	5913
24910	115	6720
8217	80	6869
9819	204	7874
10393	115	24142
22624	76	9623
23430	62	10397
10471	174	24578
5975	206	9222
6267	24	24998
1213	206	4832
5165	115	7262
4611	209	7693
22636	206	10490
5483	95	24035
21327	204	7874
1194	160	22294
21509	184	5128
5126	115	931
21092	80	3260
2158	39	5528
6149	115	6544
8938	206	4944
22041	125	4253
4042	173	9410
545	183	2081
1515	144	1515
9586	123	9399
1559	62	4408
3982	115	22224
22546	115	3120
24285	151	1566
21677	206	25296
4184	115	9153
3127	210	2883
1413	174	726
2442	205	8005
6010	103	6007
22760	72	5596
6059	130	2920
25252	209	1625
9385	174	6956
3175	123	8630
23501	80	21522
5446	205	977
5061	130	24107
5061	183	23222
5294	206	23761
24347	62	23539
5093	133	9412
22772	209	657
6947	206	3622
6526	95	6697
6449	62	3863
25474	123	21625
8460	123	3812
21298	80	1247
9144	93	8637
9688	115	5200
6890	62	5579
5009	103	1830
7321	115	3715
1074	115	25358
3148	215	22738
7782	115	1586
23220	173	6808
2275	66	25100
4133	115	23708
1572	106	2657
23160	149	5394
2787	209	9672
41	123	24814
22435	62	10195
6743	24	6563
24393	130	22163
9347	206	7959
2713	108	9412
22118	1	7867
25192	130	1681
8212	80	9228
9198	192	7444
7291	130	10318
22190	173	1912
8499	130	191
24427	133	4610
568	72	1708
7523	131	9106
880	103	3449
4047	133	4790
1401	93	10456
8255	115	22839
5985	173	2446
5997	58	5984
2096	103	25002
10490	72	9246
4434	115	24500
23998	103	3270
21291	194	21291
7232	106	5017
23941	80	4790
23002	123	7861
177	115	9364
4788	62	1689
22357	123	8992
24917	123	8957
8450	80	748
9980	123	6700
22129	115	4399
7206	24	9412
4045	80	4790
674	150	21772
3922	95	21199
7717	115	8816
24327	183	24207
6647	123	24493
1146	115	21815
6317	115	5724
21364	80	7201
8782	106	1896
7094	95	24422
8068	1	1484
23828	103	22096
24237	115	3963
22916	209	7445
25341	209	6582
1636	115	22584
22815	133	6023
6294	123	6419
6518	80	2566
21938	123	319
8186	115	21059
1060	209	3356
22497	108	9412
2197	206	9709
958	22	6869
5417	174	22984
208	1	508
22240	115	5239
3096	95	6625
7156	80	24163
21705	80	8003
24420	115	4939
21858	80	1893
21599	160	23458
8354	205	21906
7877	34	23261
4961	115	21068
6741	80	6869
21236	115	23582
7692	184	23082
9207	131	25489
21003	62	5595
21400	93	9470
9608	1	1070
7258	209	5751
6307	173	5997
6299	209	7886
6937	130	8320
6120	108	5454
2077	106	9998
21425	95	3780
3571	58	25149
7199	206	2564
4450	123	9314
4396	180	4683
3707	80	1247
24048	93	3818
23952	22	10453
5544	168	23505
10333	72	6545
73	62	21691
25140	80	6869
2926	93	7414
10354	115	6402
9436	35	9150
6266	130	4571
1029	123	7990
8344	115	9948
2996	206	6864
3677	108	9412
21944	62	8211
21430	95	4900
2458	108	236
5069	106	10417
6888	130	2711
2007	93	7602
23112	160	6769
1557	173	3839
9110	80	6023
2174	123	5971
10430	115	22274
6433	103	8523
22786	173	22503
23186	204	24951
605	204	5175
438	123	5950
7549	174	2973
8185	173	25058
5978	115	7462
23910	80	24552
9731	209	23960
23386	173	4734
6015	108	4971
5056	93	10316
1670	62	1721
21713	108	8003
8291	108	9412
1231	160	24239
24955	209	7711
22933	62	714
1819	115	3674
7764	183	596
9140	206	10396
6338	180	10359
2638	160	9100
5468	78	21356
24069	115	1379
4555	115	6655
3458	209	9672
22714	31	22554
21094	1	24262
1430	115	9592
3545	115	4139
10354	115	6703
21681	115	3963
8763	103	9587
4873	209	4568
6124	205	24658
261	108	9412
22504	136	2566
613	133	9875
2277	205	532
5601	206	3939
3951	180	9314
4674	173	6641
25106	80	3009
4512	115	9010
776	210	24908
23844	90	9601
5627	1	1070
5726	1	7867
7608	18	22076
2849	209	2909
4644	62	1924
3340	115	6362
5962	38	24107
2326	115	3777
23313	115	8182
8900	173	1799
8673	115	2902
10016	173	24145
21363	133	5669
2875	115	8044
21608	215	25227
5843	206	8468
10062	58	22291
445	115	5675
100	106	8995
6743	92	24202
8700	200	21220
24656	103	4958
6125	206	8116
4350	115	6846
7656	115	9710
21708	115	7383
7572	80	25050
7997	180	4708
1909	130	10237
21	173	4253
4733	130	5997
366	130	22149
4485	115	6719
6780	123	209
21665	183	23696
6288	209	8585
7899	95	21598
23717	133	8874
2015	173	9669
9197	204	3567
25300	72	4297
24367	215	25227
5514	115	8879
25102	80	113
2189	133	6023
9083	133	23747
4006	38	5984
8826	80	22221
2991	123	5971
2036	62	7914
10218	93	8968
7669	133	23979
23398	1	23619
22927	209	24053
23894	123	24578
9554	115	6408
21421	78	4540
2458	31	7820
7340	82	10217
2418	80	292
4607	131	24989
3657	75	10233
5890	133	5669
4850	115	7526
21355	106	7060
4750	133	6430
7506	115	22212
676	62	22344
4597	80	21136
24505	183	8342
3769	115	1771
7085	173	5686
25112	62	10397
21012	115	5675
5018	62	8655
21006	95	10452
9985	209	679
23869	206	5698
1219	1	508
1933	95	6697
9785	80	22733
23105	95	10444
826	123	5950
9817	39	4563
21851	115	22422
22316	93	21566
7569	103	24281
1726	209	24309
10306	133	6023
24241	206	4944
7312	173	3897
25434	173	8325
25270	80	23747
9243	62	9466
10060	115	21097
8772	115	25453
22743	177	2566
220	80	9846
255	133	22472
10360	173	24034
3578	106	9163
3649	80	3245
321	123	4595
6577	115	23839
8729	115	21175
21907	123	7241
23620	115	5422
10186	150	1612
8907	80	22621
23862	62	3409
7117	173	22121
159	206	602
6761	123	6705
4694	131	22405
2310	206	7084
21256	115	854
3860	160	9100
24301	80	23747
5575	108	9412
9553	39	23218
24405	209	8004
10009	146	25412
1673	209	3529
6363	115	4902
651	80	9028
8231	115	21825
21958	143	5349
21221	95	6625
21629	72	3350
25297	174	5997
2004	123	23177
5333	62	1811
23910	149	23059
8291	62	5479
1965	115	5292
10275	173	2614
23007	115	25439
2143	206	3493
6831	12	7487
10497	209	6136
23580	123	23425
24243	133	8027
8283	93	5453
21268	62	8482
21594	106	5976
7457	115	23147
7606	209	5476
7081	160	1458
4952	115	21668
24414	206	192
24375	80	6642
9049	204	6138
21258	160	24239
25440	123	1300
6462	115	23424
8731	123	6136
8389	123	3516
23257	80	1136
151	106	3282
23198	133	2594
8375	1	1070
22356	108	5823
2932	133	24448
21782	62	328
4059	209	22086
23199	106	3230
21925	133	9849
25218	80	22733
9037	115	4465
21511	123	23184
4808	133	1247
22595	183	3036
970	209	497
8591	204	6138
6672	173	22163
21821	160	6769
23421	205	1453
24019	204	2927
8581	80	21772
9616	95	1340
22602	103	25296
24147	115	9964
2890	173	212
22235	190	21153
6096	177	25498
24059	205	8239
4200	62	2907
22602	133	24448
10064	108	5063
1039	80	24511
23079	115	23694
1447	133	89
6274	206	1271
23252	115	22753
23890	206	22491
2391	123	5890
23937	22	2566
23149	1	508
24820	87	4320
5760	124	22437
4452	123	1957
2976	133	68
5522	203	10348
7152	174	2901
21846	1	1070
22448	143	5498
23112	160	23458
3384	215	515
5146	115	461
2603	106	417
21337	123	7241
3686	115	23694
1505	209	3206
5565	206	21755
8165	173	21226
4334	108	9412
6517	80	9481
6436	205	8502
21409	209	4769
3953	115	7027
24593	210	24619
24214	1	8049
5320	115	2972
8735	209	5401
2644	24	23747
10360	115	21479
10222	115	23600
22980	133	6869
5053	115	22015
10294	205	5762
1143	115	6871
6656	214	21639
3151	80	1080
147	62	23318
9764	90	25026
21539	80	2566
5878	173	10336
3777	206	23404
3608	200	9076
23003	55	7170
3257	80	6869
7524	206	9855
8048	209	7683
9124	27	9412
8497	115	753
601	160	9100
5997	38	5984
22355	209	5213
3477	115	24137
7400	131	23377
4113	115	7006
23219	115	23507
6307	143	6496
8204	206	21525
7955	115	5052
1818	173	21429
99	205	24170
21105	115	3878
10208	103	5605
7244	130	9158
2897	215	440
22648	205	24170
1662	112	3067
22091	206	7707
3686	115	2360
6556	206	23697
3396	115	6893
21113	131	7726
10046	95	6697
8627	80	6869
122	115	369
23281	55	10233
7671	206	6308
8375	95	25446
6474	205	10038
22944	80	1267
9726	133	10018
1302	80	3260
2702	115	7128
7695	154	5463
2385	115	23426
641	39	9066
459	160	24778
23427	1	5856
22095	159	9341
21345	62	25112
22130	80	22296
5317	1	23407
2248	80	7632
21946	115	854
7860	80	21280
4835	82	4185
541	115	22015
6975	183	10263
9828	1	1070
4723	62	9288
25013	53	6869
22166	183	9911
3085	62	22523
25479	93	21736
6266	173	4571
9432	123	4213
24404	133	722
3662	62	8876
3873	215	25227
24154	205	9032
650	115	23768
3893	69	5063
5621	143	6246
3974	165	21553
21582	62	23452
5523	173	9917
1106	115	8603
3666	58	2826
6905	143	6330
7044	25	5820
9167	80	3523
8387	1	24591
5602	38	267
7778	123	209
4946	115	22991
24394	95	3499
2990	115	24900
8592	168	23912
383	115	8398
22467	62	9273
2375	173	9648
9300	133	5308
1662	153	2313
10100	115	8713
9638	123	3349
6812	115	7254
3819	204	3567
6436	95	312
7202	183	5587
24428	115	6660
25173	206	25132
9242	209	25473
2938	80	8874
7637	115	24129
25036	115	7825
23370	133	22424
2622	115	1974
1714	115	1173
2751	206	7948
22960	62	24014
25362	174	4962
3501	115	24758
6531	130	8293
5541	115	10045
10399	115	8371
10106	62	23040
21730	95	777
6773	62	22901
23984	115	9249
23456	206	21213
5747	143	2164
24401	123	8687
21960	115	7784
21700	80	6430
4630	131	1096
7752	103	4122
989	80	10453
9970	1	1070
24717	80	6869
23546	203	23304
8821	123	1034
125	39	4702
23623	115	10238
23894	183	5059
6472	72	10429
1986	115	5680
23619	16	8049
430	123	6104
7200	133	7632
8909	204	5175
21517	143	331
9524	219	893
21119	177	1515
9693	82	7752
6001	62	21630
3858	204	21189
6381	173	22216
1141	106	22784
24339	1	7867
10471	173	4218
21587	173	23035
3981	206	24114
10173	76	2566
6981	80	3957
1521	80	5246
2122	1	508
2361	131	2163
2416	106	5888
3277	142	2987
1500	206	23774
530	108	2694
23054	115	9527
24631	183	24667
2364	115	22991
1117	42	1231
4203	133	22568
6261	115	6846
6743	63	8799
3258	173	23481
4232	62	8563
9762	200	5909
6575	115	9592
3549	115	8139
7625	80	24448
10083	115	2151
1026	149	6961
451	103	5588
3734	143	10094
543	209	4310
915	82	7747
22264	123	10237
8364	173	6840
8971	115	21936
21521	80	9623
762	62	22087
4238	1	23776
3949	115	23721
2925	95	23917
4143	133	1247
4128	106	21394
4249	67	23747
22470	95	8775
7767	123	1629
10229	204	7079
5588	93	451
2511	22	6869
22976	80	24536
8994	17	3011
21551	191	22158
10179	174	5921
64	115	25028
24018	173	2176
24792	204	7874
3335	80	6961
7984	58	24766
811	177	69
6001	26	23429
23425	39	2456
7990	133	6869
24319	12	7487
5739	215	515
6754	62	5124
21098	62	22489
2065	173	5997
21121	1	1484
24615	169	5299
2520	103	1473
8247	80	8809
21602	106	6921
23980	115	2563
24062	115	23122
22366	62	8429
5721	160	9100
1222	115	8438
6986	1	23407
7046	115	21142
23193	115	5443
9269	204	3974
6244	108	9412
23814	209	9937
3481	76	7783
6171	93	21054
3669	183	9306
25398	80	9990
4661	106	1817
23415	123	23476
5668	123	6021
22516	26	23429
10330	80	22964
286	39	5528
8210	204	3567
5157	115	6150
23836	123	9743
2042	58	22693
1259	1	1070
22290	136	5299
24180	58	10213
24068	115	24432
9046	80	24998
9869	115	9817
9556	95	8912
6660	39	23218
23119	173	2635
5703	39	9732
24986	80	22733
24181	115	9256
850	131	10010
24437	205	21868
23764	95	6697
2947	80	22733
5190	1	6147
22639	115	4986
2865	115	6638
2444	115	8195
3258	1	1070
5595	62	21003
23926	143	25422
2530	106	24538
5438	108	9412
7642	95	8775
7116	150	23216
8047	108	9412
9076	38	21053
21255	106	25041
4548	80	23283
5123	151	1664
5640	80	1136
5998	204	8296
5209	209	21233
24064	108	2694
3928	133	21796
25438	209	5703
2836	173	4411
25121	62	23102
6053	115	21949
9264	204	5869
7449	115	9853
2889	80	6869
23021	80	4790
5600	123	9577
22436	80	2566
9504	133	6869
5598	62	10489
9371	80	6869
8626	72	7504
2772	173	9356
21513	92	22361
7643	209	8992
24018	173	24973
22751	130	3571
21728	62	5892
22254	106	1001
1566	80	2566
346	195	6079
21710	149	9481
7466	103	6918
23819	131	911
23704	62	528
21069	115	9196
9616	95	8775
6950	205	9032
6575	173	4125
1642	206	9372
4412	108	4971
23818	80	7900
21681	115	5239
22936	115	943
23218	53	24163
267	204	3567
2	115	23993
24469	38	2414
7792	123	3137
25160	62	3404
3537	115	8361
7425	95	21276
25044	115	10045
25237	209	23177
2517	196	8650
23792	115	24968
10418	205	9394
25465	108	24998
23423	80	24926
4323	133	4790
24016	174	8414
22257	26	23429
21272	80	23169
22150	115	7780
1287	115	21668
4491	80	113
23743	215	22738
3653	110	23397
2432	80	8679
24785	209	5401
21611	115	23257
24104	106	9734
8375	205	3105
1953	146	1438
3533	106	7509
7956	5	3245
23892	209	189
1480	80	22733
10217	39	21112
5678	209	5516
22085	106	6732
7414	206	23615
9640	94	952
23522	95	120
9393	115	22834
7802	143	25010
9855	206	8540
7360	95	7731
23000	115	3287
5793	204	7054
7335	115	4019
3669	22	10453
8445	115	2022
23338	123	7003
24194	115	22676
24248	177	2566
2165	209	25145
6793	95	24035
917	115	22363
10350	95	3263
10406	39	6590
8530	209	25461
4532	106	8917
10162	106	319
2280	204	2727
8356	146	2644
4720	115	23708
5232	123	10182
7550	115	8438
7301	106	9280
9270	115	7462
6922	80	5063
8293	5	6869
24869	108	9412
9569	123	2675
22009	133	21983
401	136	3245
2849	115	4705
726	58	5648
22346	115	2909
3860	160	6769
8374	106	8600
22231	115	306
23847	131	8134
23306	209	6219
24401	95	777
4657	1	508
1082	173	9897
4958	72	21231
8315	115	3316
240	93	8924
834	93	2905
25176	130	24583
25208	115	4892
9645	204	22076
478	76	9623
6867	133	10441
5695	35	22064
24969	80	23747
10377	1	10075
2709	133	7834
9982	115	7430
22722	171	9580
9079	115	4283
7131	115	5959
5673	133	2566
24238	115	9964
9436	35	722
21547	62	23155
5473	115	5179
828	115	8361
10415	80	1247
7982	115	7260
25254	115	657
21689	209	3356
3519	1	1070
23684	1	508
22247	80	6271
7952	173	23468
537	80	1247
23890	133	21352
21971	123	6865
4756	115	3375
1203	62	503
7475	106	22265
23206	72	5889
440	51	24007
22310	205	5996
22165	133	5333
23359	1	23264
3985	180	23833
8274	206	1693
10440	173	372
1433	22	2566
4749	123	9619
7727	115	5608
678	160	1458
7909	115	23507
6448	95	4761
2458	31	327
3792	106	6611
3071	115	22998
99	115	8156
23189	106	23233
24056	115	22748
8144	62	10397
24358	115	8090
3373	80	6023
23079	173	2614
3737	130	22984
4195	209	25313
9060	80	24730
10014	42	3402
846	80	6869
21236	95	5136
25061	62	9873
24355	123	319
24669	173	24850
22731	115	1736
7329	42	6096
1907	62	211
6795	180	1357
8386	95	540
25361	206	8353
24147	115	4154
6270	115	22824
25143	133	23342
24294	115	24770
24198	1	8583
5245	133	4681
9034	160	9100
23824	115	3558
7941	149	1075
2736	123	9954
4189	209	7182
2261	38	3588
5824	1	1070
24798	177	6687
25361	80	4971
23060	209	5572
21333	26	6113
24126	115	21895
2406	108	5472
9235	106	9362
7877	184	1676
5497	173	847
25172	133	7783
4457	1	23264
22031	204	23473
6244	62	24674
3015	173	10
6427	115	6846
7584	108	9412
24607	209	5700
448	1	1070
23026	183	1054
7147	1	6147
10448	204	2727
5247	115	3661
25459	160	23458
24647	62	2448
25252	95	855
5957	204	4329
4481	133	89
10190	204	5071
8	80	9028
1137	80	2566
623	129	23283
1263	108	7012
6174	115	25301
23307	183	9506
1006	1	1070
3522	17	23277
6534	115	4932
798	131	9127
21488	115	3790
23084	80	2630
3861	95	9114
8160	1	508
655	22	2566
963	80	9412
21429	146	23507
21364	39	2761
6205	80	24163
8972	115	4986
6875	205	24941
23190	204	7874
1793	108	4790
22941	204	6138
5532	95	3904
6706	80	1136
21572	80	1515
535	133	23677
1370	133	23308
956	80	3587
22641	173	22348
2170	62	6551
7193	80	7900
22786	209	8745
23646	62	23644
6802	115	8839
9754	204	21331
10137	143	8537
7210	115	2665
23129	62	21311
23364	1	508
23151	200	23167
25269	115	7725
23877	160	21905
22016	24	6563
7393	123	22212
4328	93	2154
8040	173	511
22509	115	5645
23498	148	23218
1521	204	6593
7172	131	2732
21204	72	8116
23726	183	8652
9043	108	9412
2854	26	23429
402	173	25244
4130	38	24107
24779	123	4900
4903	106	10177
22000	173	5318
7366	115	7245
8491	115	21142
1415	123	4027
24894	80	4995
3243	72	517
6631	196	2644
25298	204	21137
6477	106	10425
9772	58	5348
1692	123	24791
1531	133	5480
1762	183	9198
6227	108	743
22383	209	7683
9070	62	371
21689	115	21294
25429	80	2694
5068	153	2313
7853	62	2415
176	80	9105
4452	173	1536
8064	193	7863
24794	123	9845
23487	160	6769
10089	115	23317
6891	95	6697
4172	173	10332
475	149	9849
22853	115	358
6417	1	1070
8284	205	5996
9860	80	2566
9210	80	8809
4204	106	1718
23148	123	23199
9893	160	23458
1996	173	21385
23213	108	21395
24902	31	2858
10251	80	1437
8065	114	22299
21356	63	4895
6894	72	3046
9471	160	23458
21620	115	4578
24558	115	1631
6946	204	8252
23956	93	1351
7342	80	1487
5954	1	1070
10229	123	24180
6742	115	24727
24788	130	23257
5533	1	1070
2907	62	22727
2097	115	18
1792	173	24960
22854	95	3690
4747	82	5930
8445	115	10045
6325	206	21942
9548	80	21775
10095	115	747
5675	206	22127
7414	80	1078
24351	115	21343
40	160	6769
5876	215	440
23461	80	7522
23107	133	6961
2480	133	5669
25447	115	6738
1876	103	5508
23895	62	21497
21294	131	22405
9555	80	4790
2715	205	7940
789	206	24001
5167	80	22733
7321	205	83
31	112	1698
2913	106	6894
2139	39	23530
2479	201	9502
22413	160	24239
2012	82	7752
24569	72	6831
22725	106	22763
24807	174	4734
4378	115	759
8595	180	24595
23948	210	24936
10281	115	3558
4105	115	5802
5940	173	1709
2927	103	22076
2872	106	7889
23386	174	4734
1123	160	24239
5135	62	9579
21752	115	24942
9596	210	3520
9241	103	1543
2336	80	10202
951	106	4714
10128	173	24303
4857	131	497
21343	80	22733
24726	133	2566
3194	106	5894
10050	133	24276
9465	106	22970
21863	173	8845
3088	80	1515
24151	205	979
23797	115	1073
104	206	7552
9311	80	6023
6185	62	21187
24131	115	88
23263	106	2503
8643	206	23319
2672	40	7156
4941	108	22819
21930	76	2566
24010	108	9412
5737	39	2616
24632	115	21581
24851	62	24347
480	173	4004
6357	80	9503
1293	123	8630
21251	80	24163
21347	115	6963
10086	72	21415
926	204	3567
2038	143	7770
22743	165	22076
1061	62	22548
8714	76	7900
4573	206	21746
1259	115	25039
8372	151	312
3962	103	2771
2388	215	9467
3607	146	24275
25107	115	4082
21171	106	6784
7707	93	25018
2103	173	23739
23837	210	24908
3723	39	5593
4269	39	799
5188	1	1070
7167	95	5494
534	115	24611
605	130	8293
3591	115	3878
8593	39	1052
3172	115	24823
171	115	3167
1525	80	2694
632	133	5669
23432	200	24578
7064	80	22468
4576	115	4656
21214	115	22371
1241	115	4599
2770	115	9826
7330	123	1280
280	115	9684
1185	93	4770
8720	183	7282
22494	1	508
21207	173	23893
9913	62	4498
8610	115	9036
64	209	4857
24017	123	3137
10215	115	1754
24875	95	3690
3855	205	21575
10033	76	7783
21433	26	22836
1178	206	22560
1929	206	25499
2476	133	2224
9446	1	1070
8776	123	2683
6288	180	642
5493	72	23328
2266	25	21208
1577	205	1663
4198	95	4735
5103	80	4160
4656	133	23554
1945	106	8653
10153	210	7862
22858	95	3263
7284	80	23747
4902	206	877
1613	95	24422
578	204	21189
3324	101	3131
2276	123	6865
6967	80	7900
22985	62	2866
21339	115	22265
4583	62	22581
3040	106	6007
6129	95	1884
7831	108	9412
8985	95	10131
3371	1	24007
21281	115	24132
9924	183	3342
6267	67	24998
23618	209	5467
6309	76	69
6272	160	24239
2806	173	3866
393	115	422
22118	173	23177
23992	93	5843
21410	123	22159
21623	115	1753
4031	123	1806
7258	205	24162
1811	62	574
57	102	22294
22853	115	23672
8864	115	8438
4569	115	1516
1415	14	4027
21829	115	9831
5589	206	5493
23168	80	24448
25210	90	7088
283	205	1609
21844	204	3567
25269	115	428
25305	115	5443
23474	174	8293
2812	123	6775
9380	115	1375
4632	209	23177
3732	5	8906
3869	80	6430
8642	103	25198
24457	62	9512
22871	80	24163
10178	103	8642
3994	80	7349
4698	174	21790
3231	206	287
23063	209	3682
21091	123	9059
1143	115	4491
1827	173	6104
4716	129	3692
6771	183	2093
5978	209	5603
10007	108	9412
25021	143	23775
22401	80	7201
22616	62	23936
3718	183	2860
23546	203	9849
4275	123	8992
3115	115	4708
25023	80	113
1791	209	8046
22467	62	1656
332	215	8031
5752	115	25164
7049	103	22411
153	80	22469
10210	80	5063
21740	174	2901
4056	108	24998
23066	123	4265
25054	173	189
2607	203	1091
6754	62	2337
21828	115	24289
24341	133	603
5072	115	3300
1449	62	10276
5334	115	6611
8916	150	21438
9588	1	7867
22936	115	7390
23742	106	4598
4446	183	21969
2759	115	22995
25333	115	23461
3979	62	5122
24847	131	4886
4776	35	9967
23498	39	4717
25274	35	25274
5565	206	5104
22575	92	4932
10396	93	7567
25474	115	9153
2426	115	4771
4028	106	10355
7270	115	8090
2397	130	8659
8937	173	21124
21510	131	5035
1735	115	23721
3828	62	2573
9343	99	9343
1288	115	5239
1074	115	897
8334	115	6254
2485	115	8999
1440	123	9256
5135	62	24256
8162	206	4108
9668	131	9326
24059	115	8814
9959	173	4213
7019	115	22839
8777	80	8829
10397	26	8184
21031	115	23238
757	115	24808
9828	95	3778
25076	115	2243
9202	115	23694
7652	115	1379
5545	108	9412
8670	173	2624
24358	95	7159
24939	24	4790
8018	183	8464
24587	115	2063
7222	58	23804
7556	115	8659
22591	160	6214
23863	115	24733
7013	209	4996
1808	123	8057
23648	131	4185
4530	123	22997
24278	108	9412
22515	80	6869
2675	80	6869
1164	115	7271
7288	106	6026
5930	80	25103
23797	1	778
8800	123	6705
4364	115	24942
22930	93	22934
3456	5	22298
7920	115	2027
6844	206	24228
8796	80	9830
1935	62	2415
21950	95	9387
3028	80	674
7768	80	21123
23217	131	24937
1816	205	8502
25364	95	8775
9638	204	1156
5746	183	7980
160	80	5777
1831	115	8024
25026	95	3690
3929	180	23255
4013	106	4222
24593	174	23257
23021	67	4790
8682	80	3566
23774	206	582
8650	72	85
9261	7	7783
1716	80	31
2838	115	23708
5206	174	22984
498	149	6869
10477	174	647
3410	205	22652
21616	173	21208
7042	25	21626
23178	108	9412
6921	106	21602
4234	80	9846
3911	80	6869
53	80	2566
23725	62	24725
337	106	3989
8872	66	7266
7065	115	3238
6795	123	1357
1719	115	21317
7872	39	23851
9080	115	4264
7776	160	6769
3871	115	22998
10302	72	7191
2175	1	1070
7870	133	9105
23691	174	191
24408	173	2089
2309	123	3904
3693	115	9923
5635	62	1103
23626	1	7867
1866	108	9228
7547	103	4685
9839	62	1841
8559	115	5432
3061	173	895
7376	115	3538
4257	133	23414
1465	115	21303
21664	206	1201
9335	80	22733
22646	115	2749
23521	106	24479
8779	160	9100
10246	115	3908
21376	24	7783
8014	95	21199
3283	115	5734
21323	205	6498
6467	173	372
21762	1	1070
2653	115	1184
8706	115	6236
8758	192	979
5592	133	22749
22695	80	4535
5107	206	5681
21600	1	1396
4998	123	4789
840	80	9515
6407	115	8063
25111	26	23118
562	133	5299
8578	209	5686
22774	80	797
3473	58	9550
9593	123	9577
6063	173	21226
1180	115	22742
8570	154	3245
9135	115	6562
1580	92	6877
21172	80	5472
4892	80	6430
24876	62	5325
3881	160	24239
4937	115	21792
6310	123	353
7808	115	24392
2804	115	1337
24718	209	5227
9834	115	1464
22005	115	23721
5996	90	7657
8923	206	6250
5693	180	22216
21972	106	8625
24754	1	508
4188	133	6430
9513	95	4358
24634	53	10202
23899	206	2751
24259	123	6021
22868	115	7612
8357	115	21813
22915	133	9623
22444	143	2845
23435	131	23591
8320	38	3349
23332	173	742
22060	1	508
10030	95	2268
6711	12	21245
4888	72	8024
2569	115	23211
23547	131	5475
767	123	6846
21015	206	33
8892	115	7784
8599	103	21566
1714	173	25086
8925	133	830
9670	209	21367
24203	106	21168
1142	123	22348
8752	123	3516
22444	115	23694
22466	62	1393
23198	149	2594
2805	209	22348
233	146	8750
680	160	9100
23815	173	3162
3797	115	635
3007	115	4907
2044	131	5223
1495	62	2337
7782	183	21901
5839	209	21417
8932	206	24828
24883	103	4164
9398	106	8100
6037	115	2158
1071	106	8740
7102	123	7455
22259	166	10371
6598	177	5030
817	204	5869
25162	72	22515
9681	80	21136
8432	173	7557
2129	123	1536
6637	115	25450
1576	82	7031
23436	206	6477
4560	62	955
2723	174	9580
2742	190	3827
6634	80	22062
3729	106	23021
5652	24	4790
9631	173	1261
23759	209	4744
5548	179	22977
25327	133	6023
21913	123	7170
8753	80	22137
3328	108	2694
7430	63	893
10220	204	6138
8183	106	21062
21375	80	22137
25025	62	6679
21027	108	9412
3955	115	3285
1644	80	6430
2672	131	9136
24004	209	24637
9981	80	6869
5682	123	24935
4170	123	5028
9522	183	6090
3285	39	4968
10286	177	6869
1274	209	389
3725	209	4744
3108	206	21092
23056	93	1334
24582	108	69
5982	115	24106
21450	129	797
384	123	10237
5184	174	8538
23297	1	508
8606	115	4358
9753	115	24297
4408	108	9412
3721	123	4426
21053	58	1681
23328	206	8751
9586	115	23150
9861	108	9412
3587	35	113
24293	1	1070
24498	62	21630
6081	209	21417
8884	80	21478
4512	123	6706
7810	133	8003
5392	173	5224
771	131	5149
4729	115	1379
9292	205	24719
3025	115	8371
8290	80	23308
1909	174	10237
516	209	2117
6933	95	8265
22477	206	8589
1187	173	22704
22575	146	358
21660	151	21531
7420	131	7579
1633	133	9481
7408	180	4096
9297	115	24495
2664	160	22294
357	130	9708
2443	106	22564
24391	209	3206
4066	62	7050
4159	115	22995
6581	123	25145
24560	95	22979
10332	80	7900
10428	115	2443
7388	115	1556
24387	80	6869
21734	95	1340
23615	206	2208
21545	115	5675
435	115	9147
2537	173	24092
8661	123	3516
21082	115	25071
3443	115	23168
10419	183	23990
23135	204	8485
22722	143	1350
24624	123	6293
21762	173	1112
1450	103	9206
22251	93	5606
4926	115	2302
10389	180	6461
2298	115	4771
2739	115	2370
22927	1	508
2312	115	25293
6047	209	24608
819	82	708
23207	115	24900
7645	174	10318
5510	62	3404
401	75	7956
2497	173	416
24971	19	9205
1989	133	2011
24415	1	1070
2020	76	7900
4711	115	183
8324	115	5744
3845	209	4742
7981	39	2087
25140	191	7849
8575	130	2711
6714	173	23177
25245	115	439
23356	24	2978
23024	82	1607
6188	131	6333
21960	115	9580
21671	106	21589
7611	80	367
494	115	4060
1517	115	5586
3611	123	3349
9466	62	9243
5329	62	4891
7733	95	8113
21933	173	511
25157	80	10371
3169	206	21277
10437	93	7919
4741	196	9206
2463	209	22998
8618	130	22163
4714	133	23216
24130	80	22733
23304	108	743
21446	205	3804
22615	130	8659
9209	123	8378
21307	130	2711
3237	22	10453
8652	183	4684
6677	115	24473
24080	204	5819
23945	209	5607
9361	173	5572
7983	131	21294
5979	106	33
21530	183	10263
24145	80	8718
9705	183	7139
3573	80	8719
3229	115	7409
3215	210	869
23685	66	7750
21389	115	787
21521	80	2630
24217	206	5049
6361	95	3690
3441	108	9412
3488	1	508
9551	123	21250
2992	103	2450
114	131	916
9670	95	312
6723	1	24007
1129	80	22137
6627	62	8801
3880	209	21521
4008	115	681
1380	204	8296
4804	62	24903
2558	106	21773
22284	123	10237
24745	80	6869
7845	106	1374
9522	143	24279
9818	205	25246
21643	160	6769
21683	123	24834
8725	95	6625
9234	115	5197
23225	93	2434
1672	170	22382
6373	106	950
7001	115	3595
6721	114	6484
24618	95	6758
4900	38	7
6076	166	24233
7690	72	1337
6755	123	6452
1132	115	24232
4953	173	21226
1003	115	9835
5088	115	5231
9749	75	25370
155	209	24513
21421	92	5610
4826	115	4067
7333	80	24998
23829	80	2566
426	72	21036
6579	95	23015
22161	123	21218
2875	209	21132
9979	62	25088
1385	95	8265
24923	115	8090
4858	204	10109
22975	108	69
4072	78	25074
21200	143	6098
8604	209	4310
21980	133	2630
23551	62	5135
4302	115	21629
6553	76	6869
9843	115	1129
23335	115	24657
6464	131	3751
1029	209	7990
8201	80	2566
23676	115	24989
100	206	5418
23959	123	5950
1872	160	6769
21735	81	2752
303	26	21638
483	205	6072
2167	209	189
2586	183	8298
8708	123	8307
9678	173	7557
10458	85	9887
23281	93	3657
21664	80	22356
1941	177	2566
7315	62	21187
3541	62	22378
5738	12	25188
8078	183	23089
25213	80	8679
8721	209	7455
2680	24	4790
9083	133	10441
23245	123	3640
22240	173	372
21917	115	8740
698	106	9425
3870	204	4329
6294	108	5030
2046	103	223
4670	62	24282
10025	149	23059
22578	154	2566
4815	133	245
25005	209	9316
8407	80	2566
2114	35	6749
3101	206	7075
25362	204	6593
25014	80	1247
9664	123	25207
3374	80	9875
10025	80	22621
933	123	1763
5599	62	2052
553	62	22882
9170	62	2858
23721	80	9044
4426	90	23454
4682	115	4465
23734	206	6193
23542	209	7686
3497	1	2090
21028	173	24145
10400	115	9764
22619	115	4397
22498	133	6688
2610	62	4837
3931	206	3831
3795	35	22964
23685	13	24399
6279	80	2566
3220	62	21187
4974	103	24001
23659	204	8252
21919	143	7986
4790	153	2313
7363	133	3345
1595	108	9412
25140	191	24194
6724	130	2827
21573	209	7685
8505	133	69
21918	204	5869
10480	173	24705
4392	206	6894
7506	115	7931
10335	115	2543
1072	26	1695
9376	103	5727
9677	115	23594
22465	180	3638
5333	62	4237
9457	108	4790
25112	62	21345
4634	35	3068
24341	106	5956
5021	205	32
7443	62	22524
6179	204	618
1339	130	2920
6373	72	24378
7676	80	23216
2946	143	5319
4664	62	2170
2580	115	4613
2239	115	24464
9776	78	22045
23542	115	4613
23639	204	8252
8521	80	4971
5720	209	3433
288	183	21114
22990	115	1510
23251	206	8196
24358	115	1586
24682	115	22643
21677	149	6023
9083	206	8275
8801	62	6627
22873	205	10116
5939	80	6023
1443	93	7250
22786	123	8745
2453	115	21824
4642	114	2183
24414	206	23615
24475	126	1793
2296	80	22137
6707	123	9110
5226	115	24106
211	62	23153
21058	80	1247
2009	53	9541
10167	115	23872
4588	115	10406
7190	144	24784
7701	95	10108
5451	108	9412
1914	123	7592
820	72	6592
9709	106	25472
23805	80	5805
21794	115	4882
4749	143	1318
25276	115	3285
9274	206	25203
8904	133	1247
22910	5	1515
22169	106	5149
6736	115	8816
9165	115	25159
2242	115	24325
9752	173	8293
24231	115	24297
9926	133	6563
1992	108	9412
345	200	23167
24598	133	830
21538	209	5401
4806	160	9100
2576	1	1070
9395	206	7625
4943	209	9391
5372	80	3584
7516	80	8718
7865	209	24705
1811	176	2228
9330	130	191
5301	115	22813
22580	205	3804
10493	204	23473
1045	62	21944
6516	115	22250
383	115	23403
25118	183	1296
2413	35	113
1115	206	23728
25080	204	8252
7644	115	24919
5989	14	25369
6155	115	6753
1274	173	5986
25172	206	3602
8549	194	8583
247	158	23481
2417	72	9350
6014	80	4778
24855	72	2521
598	108	22819
1098	80	113
21640	133	6563
207	194	3891
22854	115	8603
10479	184	1676
24826	13	24399
7040	154	3683
25386	26	8184
8516	62	7443
5121	17	25291
23898	130	9158
24559	106	21563
9043	62	6977
23284	80	23088
8275	133	1247
7161	115	6945
1843	123	319
3070	115	563
24475	133	23397
7352	173	973
4722	131	4771
3043	62	25081
21076	204	5071
6090	210	3053
7317	173	25392
2791	123	7241
10446	204	5869
21372	80	9665
6951	206	1150
24739	106	96
1890	93	6171
2054	72	6325
5797	80	1437
22661	209	23009
4941	103	8283
25225	130	22984
25238	115	23494
8380	206	3646
3227	80	10301
4530	115	25164
403	115	409
1187	95	3778
5633	115	3102
3335	133	9412
6726	115	10432
3503	95	30
8689	115	2750
23563	108	4790
25000	1	508
23299	209	23085
5576	62	718
9985	14	10406
22678	123	25410
984	26	23429
22490	173	3606
8609	62	5510
23129	108	9412
134	62	10270
4935	143	6576
6576	123	5743
24275	92	1438
9678	115	9598
3937	115	5986
8018	204	5175
23773	163	5472
2592	206	21023
25497	25	21208
10495	115	5976
9022	115	25028
22407	173	1884
25254	115	1004
7816	206	1035
25381	80	22601
9737	204	8252
7119	123	24905
435	95	23015
9230	115	5239
22614	102	24328
5587	204	3567
3947	173	23517
10092	115	8709
1995	204	8252
3689	123	7845
5252	58	24616
923	173	8810
2262	131	5967
5782	93	1504
7078	123	8810
4707	123	21218
10192	173	7693
22296	35	5772
23076	164	21166
1518	206	337
6745	209	1098
3788	115	2455
5554	106	9734
841	130	5921
9993	80	9223
8580	115	8437
23427	184	1676
23020	115	7128
22678	143	2682
860	209	23610
397	5	24998
6711	93	5577
24384	190	6079
21668	90	24983
2579	72	911
22382	93	22102
1446	200	9076
5465	206	24026
9514	115	10277
3486	123	353
7789	80	24491
6685	22	2566
10067	80	9623
2318	115	1736
5110	115	5724
4493	209	9081
9978	92	2253
23268	80	6563
8470	80	6271
5709	108	9412
1779	115	6818
6349	173	2432
6799	115	22813
25209	106	25129
8688	95	2562
6746	131	24242
8966	123	5401
9740	183	13
10048	206	9293
8359	80	2566
21158	115	3777
1780	1	508
5183	80	4790
7648	72	8774
21741	62	7235
7351	115	6618
10124	108	2694
7468	206	3610
22537	206	21487
24356	115	21479
3462	210	23663
7395	190	7554
6114	123	8630
4670	62	24573
6170	5	2566
1368	106	568
7479	95	30
2013	80	1437
204	62	8539
2206	115	23985
8098	115	9563
22988	115	1004
8670	123	10001
3872	209	21625
24571	131	4438
22895	115	9553
23087	80	23216
1065	62	10329
6536	80	22221
1505	123	319
2377	62	9466
22641	173	9485
22083	115	2783
22732	130	10237
23559	204	9698
7403	210	626
3311	123	8992
23813	143	4231
23040	62	8047
3528	115	21629
21271	72	24891
22662	158	24791
1786	103	24349
4675	115	1510
1236	206	21602
9694	115	24392
3568	206	25211
1229	183	24827
2691	115	9948
4789	39	2456
1864	123	23209
21600	115	4465
3292	123	22686
5635	62	7800
9788	106	10004
3968	63	6837
8084	115	24989
483	115	4822
1555	115	6831
21631	1	1070
22290	73	8874
7510	123	7861
21284	115	8847
7416	115	8361
22489	108	9412
24383	80	1247
7685	80	6869
8860	215	440
3126	106	234
22687	203	5896
7439	115	8371
21597	115	7383
21588	80	1487
710	80	3523
4675	209	4370
22768	161	24314
8087	183	8061
22042	210	23026
7812	115	23744
7140	62	4068
3089	22	6869
1333	1	22437
2342	173	8148
5799	80	5777
9113	9	9475
22215	130	2920
22525	115	517
1284	62	873
7752	133	3095
2423	115	5000
2300	115	5013
9139	115	21142
9011	200	2826
6548	115	23768
1206	209	5401
10103	209	6629
1895	80	23677
2981	173	9696
824	108	2694
7529	180	8992
8939	205	8547
616	103	21275
25173	133	1078
90	115	22380
3264	206	9624
24261	103	2941
5119	115	10310
5315	115	2540
3736	80	4610
1816	180	1
25254	1	24262
5811	115	24942
6867	103	1193
7802	123	3349
4100	202	3566
7570	130	3571
22996	205	10116
8011	210	3520
6666	62	21782
2089	204	7874
9534	1	1070
6179	204	6138
24590	115	4656
2559	206	24816
24815	206	8238
23949	62	9861
2933	206	23823
5518	115	10416
2970	22	6869
4676	204	6138
23144	160	6769
25438	95	5136
1516	80	2566
1805	115	7787
5311	80	7900
1418	204	22256
3810	39	7030
24829	115	23985
10170	80	3683
2323	130	2711
21585	123	5295
1268	62	770
1056	115	2800
25165	38	22653
9388	115	21302
9054	191	21885
9662	106	645
2192	206	23807
2529	131	6842
7129	206	23711
25133	115	4397
8716	115	23161
2691	1	508
24736	1	1070
5395	173	8929
1939	133	24163
8670	115	23150
6695	67	21996
21780	115	4038
2722	160	9100
4697	174	21495
8577	80	22733
2221	133	9412
22285	62	371
5796	209	5077
22853	205	5756
3196	209	7383
3640	80	21450
4178	115	24900
10290	95	7221
7137	115	7947
5491	123	22348
4988	204	21189
6688	112	7569
5882	176	5695
6003	1	1070
6030	72	1337
922	206	1616
23646	62	1079
8685	1	1070
24141	173	9619
6810	115	1799
6353	62	7561
1723	174	25298
24679	130	7754
5648	58	847
22188	1	6147
7204	123	8879
7408	123	9211
2518	115	23708
840	80	4790
5039	173	2135
7276	62	10228
9464	1	1070
983	106	608
5601	80	1487
22844	215	6369
24406	179	9309
22697	72	1108
1301	131	9527
24058	209	5733
23103	1	508
10015	80	22424
333	80	5109
7456	160	24239
480	115	21882
23969	80	21395
1558	1	6147
7403	173	25149
21814	95	3306
22293	166	22221
21555	103	7242
3734	174	23257
9620	180	3638
5303	131	1789
23815	205	6072
23917	80	25484
9843	115	23004
4210	80	9481
6510	106	6510
1761	115	9352
22789	133	23459
10196	180	23833
633	80	9412
4747	72	24846
4426	204	23070
23046	209	24637
1987	62	6253
3811	160	6769
4598	72	4220
5921	204	23473
6820	115	6976
3340	115	22687
9731	95	21366
99	115	4857
493	1	6147
23247	205	22928
7837	115	6084
3458	115	24922
6989	206	294
285	62	2866
8483	93	359
5731	209	4213
2005	80	23747
1509	115	21964
10311	204	4329
7821	115	8195
6226	115	25181
22772	123	2467
6241	62	24925
1397	80	9623
581	1	1070
9168	133	22601
21794	115	5359
6147	177	2566
2190	206	24822
5711	80	399
7278	174	24524
4340	95	25446
22429	210	4445
25091	24	22819
2415	108	9412
21306	72	6279
2323	204	7874
1999	206	8699
7114	209	7372
6478	93	5800
24250	95	3263
21329	209	21633
4920	131	6400
9441	115	25439
9820	53	22137
6212	123	21218
25036	115	8347
1319	160	6769
21023	93	21602
4933	62	8609
5671	130	9739
4626	7	6687
7789	133	24448
5321	93	7699
25160	108	9412
5407	206	21165
10440	115	22403
5329	62	6796
21976	95	10452
6970	210	23026
21041	160	22294
5520	80	1136
8638	115	23402
21353	115	25390
7579	131	7420
3224	173	9708
7647	206	21393
4406	206	21322
1203	26	23118
24463	123	2139
21311	62	23129
8676	115	3675
23415	22	2566
24577	205	8492
23423	149	2694
22143	123	4213
21582	62	7412
8428	173	10001
5421	115	23004
10399	205	21575
803	173	24019
21334	106	23558
23611	123	5679
9870	115	10310
24966	143	803
9489	173	7518
5434	62	24504
4309	173	372
24627	206	8648
24679	174	7754
21985	133	6961
7070	209	7845
9359	209	4742
7087	143	9355
21879	209	24333
21157	204	3567
1242	173	189
3670	80	25050
3327	133	4552
3378	206	21727
21039	133	21944
5039	209	2135
22974	82	5493
1616	133	24491
21260	173	25315
4756	209	4993
5624	115	22274
21327	183	8575
5807	39	2144
9216	123	2399
8190	115	6846
24066	106	7544
1450	206	5249
611	160	6769
10135	206	624
25435	80	1937
3968	133	6023
8475	80	113
1496	173	22163
8968	80	7834
24215	80	4001
24472	115	5167
6979	82	2054
25454	22	2566
10131	133	6023
21314	143	24689
3889	174	2936
9921	209	747
3306	38	23049
24574	115	21197
8155	173	21208
7600	206	7937
6141	115	21423
2505	115	7245
4318	123	7182
4918	62	8947
5209	115	835
4959	133	24448
1615	205	6498
9891	35	5805
21888	115	21487
9195	115	6925
22174	80	1492
25355	24	4790
1056	115	21142
3152	205	24162
8223	115	5382
930	133	9071
8878	62	3677
6266	174	4571
6544	80	7458
7160	115	183
4902	131	5475
1158	1	8583
2541	209	24935
4199	115	16
9424	108	9412
23435	206	22563
1330	115	293
24264	130	10237
6939	173	9356
4693	62	1519
21108	80	7900
6516	115	22998
4130	38	25392
25173	133	9846
23457	80	89
5571	115	6033
5257	183	5182
4359	123	9756
9500	1	7867
995	106	23319
900	206	25281
22283	115	23785
2245	183	5356
4258	173	10258
5356	204	9698
7239	173	679
754	206	3176
6591	206	1271
6050	123	25145
10354	115	9494
8526	123	1629
728	133	2566
4251	209	5733
22756	206	8662
2064	183	24089
10065	133	1361
2367	123	10237
25427	204	24958
4713	204	2727
3057	106	9965
7481	76	9665
6606	133	10453
24050	200	3349
25345	160	9100
5526	95	6697
4444	115	5382
22345	106	2592
704	133	7323
5665	115	5586
23686	123	6865
5276	209	92
23321	183	23635
23144	102	6769
5525	133	22116
10099	115	270
977	80	6869
6356	95	146
6187	92	4411
2952	123	5028
703	173	9356
2382	201	9502
3031	115	22274
22700	115	4928
6542	24	4790
22891	95	8265
10221	22	22296
8761	76	8809
22752	115	23993
74	115	1586
22082	206	9671
1881	146	562
334	215	25227
2366	106	10462
7102	209	7455
24906	115	786
3845	160	22294
4434	173	1608
4135	80	5299
10043	115	23839
25041	72	1523
2181	108	743
22345	133	22424
868	115	22653
4057	131	23847
24549	115	21415
6148	115	1276
3263	80	22221
21637	115	3675
24506	93	22482
2034	131	4886
5765	115	8347
4082	80	3992
2502	209	1625
5075	108	21522
910	169	10326
8553	115	6997
21885	209	23077
21990	205	5996
9945	206	5789
1616	106	6494
7930	95	5494
5260	80	7396
5871	95	4144
9712	115	418
8932	80	6869
4525	115	23147
8337	80	24448
9911	123	8325
7470	80	21565
10364	205	21434
2820	93	648
23219	123	21533
22134	38	4091
21388	62	25299
8222	114	7008
8689	115	3189
1933	173	5703
9873	108	9412
3605	62	6832
1716	170	22382
7537	209	4763
2705	123	3904
24123	205	24286
406	115	8713
1121	200	23167
7725	39	5528
7076	108	9412
3357	206	23942
7032	108	9412
23939	102	23922
1996	173	5638
9793	17	9526
765	106	23405
3490	106	22084
395	115	23238
4687	204	1156
1133	82	6979
5491	173	9485
8744	1	508
25267	39	6058
7216	115	25174
9367	123	8858
23898	204	3974
7443	62	22207
25379	82	5260
23120	39	8646
2790	80	6869
6106	115	4775
23340	183	5870
9827	39	9715
5576	62	10375
9951	115	5311
7959	149	9412
2753	95	4820
6928	115	2296
6375	143	9814
24654	115	5103
22932	183	9192
7561	62	25020
3132	115	4651
7025	38	5648
21160	115	23004
3935	115	2902
9532	115	2909
22397	115	902
542	1	1070
5290	80	4827
8248	114	21892
8044	131	5724
9902	123	9107
554	206	4222
8240	17	24622
23290	209	3606
21429	146	358
229	200	6956
24653	115	21414
79	80	9541
9857	80	1247
7672	78	21297
8369	209	189
24003	205	6498
7732	205	1475
10132	115	3091
930	170	22382
21020	173	10154
8485	18	2727
6183	115	21978
8590	215	25227
7491	173	8938
9515	108	4790
9797	35	21785
8866	108	2694
1076	130	24766
22333	115	23403
22011	115	657
9219	24	23747
23952	174	7984
6794	209	4744
2389	173	5572
7973	90	7065
5001	160	1458
3093	160	9100
22252	80	4026
6910	160	24239
21386	204	2727
7663	1	2810
9477	206	2503
22190	123	23234
5440	123	8810
4891	62	23949
781	130	22163
22780	80	3795
2262	131	8734
3301	160	22294
4653	115	732
22796	115	7875
4601	1	1070
21830	91	23773
8688	209	24240
6139	210	25126
24153	131	4244
6795	209	1357
6798	80	24901
8375	115	1232
24115	115	24427
25198	93	8642
22424	129	6101
6907	206	9779
6050	115	4857
25363	106	6061
10265	173	5077
8813	115	7000
22859	174	23257
22796	115	6562
3763	123	8325
21681	115	24385
5807	131	7151
9814	173	10219
25284	210	215
25155	209	5401
24699	115	8175
1312	180	7629
1811	108	9412
3339	115	10262
21185	123	3516
23899	133	23677
4392	131	22812
25472	106	9709
3007	115	9196
7090	80	7900
9387	80	1136
8439	155	9126
9184	108	7783
4268	1	1070
22113	115	5382
1728	160	23458
2610	62	5545
25377	204	21968
4730	143	10153
1545	24	5030
21722	106	24075
1744	133	10453
3990	209	22808
2134	115	4705
24157	80	2566
9293	80	7783
24341	80	9254
1732	115	747
1490	1	508
6512	215	22768
24853	1	508
24210	123	2018
24574	205	6379
21353	115	21142
4212	123	8699
24314	1	22768
10099	1	1070
9804	209	5858
21971	180	21786
4325	209	24895
25102	72	22265
7588	123	8810
21076	183	24621
8491	115	6903
2109	103	1394
9344	126	7064
6363	115	378
3903	62	21311
2814	160	2382
5132	53	22964
1530	80	4790
23291	115	21629
24048	106	6635
25454	204	21968
9940	115	1753
1325	126	7719
21167	115	6628
1870	115	6655
21187	108	9412
21345	108	9412
9643	149	23216
22127	206	457
24634	53	23463
9130	115	22015
24793	173	22735
24889	180	3638
3517	174	24766
25165	38	9785
264	115	2027
4723	62	21243
8262	160	6769
21736	206	4864
7316	80	6869
733	115	21411
8311	174	25298
3118	115	22676
2797	62	21505
4198	209	5213
1684	219	1155
7963	62	2539
10144	108	24998
9589	24	23747
9742	123	5028
7361	62	9839
533	93	5790
24369	123	4496
23326	123	7374
7838	62	1223
23430	62	25088
10257	115	4708
21938	173	23234
23810	146	6930
944	115	1232
22915	106	23456
7715	108	9412
9615	39	2009
21421	63	4597
862	115	1618
2286	160	6769
4343	173	5656
9126	144	69
2703	133	24448
22645	206	469
22144	174	7929
22248	206	3194
8344	115	3975
172	123	2304
23666	183	9056
3381	115	21463
8591	130	9619
73	62	1223
22737	95	22225
10357	123	8057
3755	115	943
21884	24	69
9708	38	2901
9497	115	897
24338	115	9592
8983	35	1250
21145	115	8189
1502	1	6147
9392	183	22945
7664	204	7874
23949	62	9089
161	209	8635
2381	173	8728
24326	80	9503
22722	130	9580
23789	108	9412
25424	35	4160
22841	115	4038
9233	80	8003
9340	131	2790
105	123	9580
2051	204	8252
7913	205	5977
23490	114	21892
7488	131	23121
7632	129	22761
5170	143	22400
24522	115	22462
2290	173	3324
4676	204	21189
356	62	7914
4679	62	7853
7124	173	5245
4942	80	5669
5795	115	22403
152	121	24896
7995	133	9623
6571	80	6869
1501	80	24163
22866	173	7280
21260	115	3664
747	131	2675
1938	106	23506
22379	115	4651
21254	80	6869
24889	95	855
1158	14	23818
4261	160	24239
7726	131	21113
1853	115	5103
330	115	6893
7877	1	5856
25485	115	22995
5238	115	2072
21704	193	2108
6266	204	24951
23509	206	21563
10236	209	5467
23219	115	24727
6662	115	24513
4360	72	6746
8706	115	24232
5953	160	9100
7419	62	2166
10482	173	22189
1967	204	2727
6609	115	1073
23365	123	8541
7327	209	23802
8867	1	7867
10218	80	1247
23773	163	6687
8673	205	5968
7953	92	21399
23485	116	9623
3732	80	486
1557	115	24513
23114	115	4882
5646	173	3086
6554	123	23180
659	80	2566
7063	115	2692
7950	115	22830
23103	95	6697
25058	38	21495
23382	209	21067
2858	62	8144
4649	62	24529
24617	24	6563
6729	1	1070
173	115	23426
7888	80	6023
5695	108	743
5219	115	1857
1474	106	5512
1277	115	1736
6955	80	367
21871	191	7736
24623	206	5280
8625	103	21080
21635	80	4790
10084	130	5997
3818	106	6274
6594	133	6869
22976	133	2566
7233	130	21053
9252	95	3778
3335	206	101
21016	62	4560
2529	131	6586
2734	1	23407
24951	177	2566
8749	72	10325
4203	103	6411
4284	62	1589
573	115	6327
8992	39	9571
7046	115	22405
8456	133	24491
24776	95	7627
8616	183	7939
7045	123	319
1251	204	6138
4270	22	2566
10448	80	3683
5123	115	8579
6598	177	1515
9724	17	4219
3433	191	25187
2748	82	834
1846	62	2493
8135	123	1530
21401	62	1482
5716	200	25497
6655	80	9875
5128	80	6869
24224	108	9412
9004	115	6694
6639	115	7501
22082	133	830
2486	80	2566
8208	62	6684
21822	80	23414
1765	203	6058
2913	72	1310
22287	115	1753
3517	22	10453
8524	115	4591
359	93	21168
21328	173	9756
1216	80	10202
22610	93	8723
22260	180	25206
3067	206	1141
5625	73	21522
7308	205	3804
5515	183	25186
24605	133	24448
21802	115	6868
22523	26	22309
22322	1	1070
656	62	6991
1853	115	24041
2290	115	24800
5965	173	7489
3788	115	8141
9874	123	3356
21534	115	25162
1239	62	8876
21685	123	6452
24382	92	25304
5461	206	2418
3588	133	6869
23102	62	6627
523	1	508
23559	173	2468
24634	53	5268
498	80	9481
22166	123	8325
3333	80	6869
5262	204	5869
21611	95	23257
35	197	2769
25337	115	9923
9295	80	23308
23042	206	4345
24395	106	3970
25120	1	508
22301	115	21748
5009	93	24146
4105	209	25092
22876	115	4078
6874	115	3300
9522	210	3053
2946	173	1535
24306	115	23839
3166	116	9623
8382	95	8775
1410	173	5455
23897	62	2137
6922	133	5063
3106	115	836
5989	180	1
10167	95	21970
6978	123	7861
843	204	21968
4975	1	1070
24902	108	9412
8025	62	21911
2458	108	9045
23441	80	1437
24829	1	6147
5236	146	10009
21833	206	21563
10128	115	1591
7067	80	2566
9594	209	25057
4923	123	5921
21599	160	1814
25451	174	23835
1481	185	6079
24615	169	5076
250	115	9681
482	106	6469
3434	115	4708
22445	115	24774
21296	103	9949
9851	170	21571
24280	115	23591
7212	24	8874
24702	115	747
2211	160	24239
1909	183	22732
562	146	24275
24529	108	9412
9759	115	24432
3652	115	23147
21589	80	6271
9266	108	9412
1375	106	2785
9120	131	2531
5637	149	7632
25447	115	2995
3118	123	8957
23633	133	22468
773	115	2847
9556	173	3259
7439	123	7572
8988	58	24517
7125	173	1089
639	115	22543
5221	206	4860
23457	206	3040
21949	131	473
21109	115	23860
4217	133	6023
10147	115	4775
24502	123	24125
6534	173	679
22641	123	22348
24162	80	8003
24601	149	1075
1408	115	217
3952	123	5401
2705	183	4667
22474	115	1301
21182	115	6633
6226	1	1070
8049	113	5389
364	76	7783
24851	108	9412
733	173	10154
9476	131	450
21370	205	4620
406	115	24041
6966	123	24766
4153	115	8246
23157	173	3366
9757	62	1519
22418	204	7874
404	206	24100
6063	115	5303
8997	115	24756
4819	38	24310
23496	149	1247
10367	115	22224
4697	183	5515
4495	177	2566
8614	123	7518
2356	62	1987
25168	80	22749
574	62	1811
23514	115	2296
7436	123	6021
21187	62	7315
4570	123	10447
4912	209	5750
8007	143	24169
8160	115	8826
5723	123	9821
24413	115	24773
7663	209	6094
23476	38	22801
21055	149	8874
9241	93	8494
23319	106	7037
22508	152	23358
2038	115	2924
24013	131	7143
3873	160	9100
6098	143	1005
5910	115	2749
21594	72	3895
23047	78	6027
3108	80	8874
21480	179	6430
10110	115	5675
643	164	3918
9518	115	4771
52	47	7487
6965	183	5778
1127	209	416
7922	80	1247
1647	174	22984
2006	22	2566
1672	170	22102
22894	133	6869
23406	115	22476
24243	80	5094
7072	143	24586
5637	80	1980
8807	115	9456
9368	173	10318
2394	80	8906
3013	5	24998
4626	7	4778
24621	210	8422
6556	131	2199
24386	78	4783
7943	76	3648
506	174	22149
2300	143	10290
8834	209	1865
25356	173	22877
6230	17	3897
7259	206	21602
22061	76	2694
22143	209	4213
6422	206	22067
22693	38	6826
10047	39	1052
565	53	21450
1003	123	3401
4331	173	7754
8201	131	3243
25124	115	7303
7934	115	24770
23448	123	25497
9362	80	7783
1976	115	1057
23776	51	508
7412	62	1167
1606	115	21590
8636	173	10001
3878	149	24110
5112	115	7638
8084	95	7718
22787	115	244
22161	115	9520
3337	206	5603
24604	173	23234
7404	123	5950
1590	29	22437
1519	62	4693
21053	58	9076
25153	115	3760
9268	115	5303
21757	133	22579
22931	149	22733
5496	80	1983
1323	114	7040
9994	123	3356
23884	80	89
682	108	9412
25136	115	7888
7643	180	25206
7115	206	3367
1502	95	22216
7007	82	21452
9575	1	1396
6662	180	3638
6314	115	24874
2085	204	21553
2552	115	2063
145	115	8297
507	35	21696
9000	105	24007
8968	133	23730
23927	14	6150
435	173	3011
7658	180	6316
6822	204	8252
1969	62	10211
1379	80	6869
24334	160	23458
1881	146	22038
5187	173	8940
23803	80	8161
22322	95	21655
7919	106	5975
9947	115	3375
1935	108	9412
3990	173	1278
23257	80	6869
21933	95	3499
7617	80	24163
2720	62	5635
21758	102	2176
8317	133	3795
7601	115	6472
6249	58	10283
2615	115	5212
5521	130	9019
9997	93	21130
6210	151	6194
5508	206	1876
4265	108	2694
7727	123	23077
5352	80	3944
3861	173	747
5024	93	615
25129	133	4971
6971	1	508
6898	209	6500
4202	178	9640
477	82	5577
22891	123	23657
1824	142	6563
361	123	9147
357	174	4130
23684	95	24850
6118	115	3316
8996	62	23853
8387	209	24815
8623	108	21395
3139	204	24951
6683	115	8525
7013	115	2370
7107	200	1967
21245	47	6711
7847	95	24263
25346	80	355
5104	106	21755
6262	1	508
21165	103	24273
2644	80	1247
987	205	3804
1722	115	25162
7550	115	2841
5991	103	22656
24097	1	1070
24278	62	22489
22440	204	1070
3193	210	215
22438	115	24774
6327	80	2566
9674	206	8199
6585	126	2985
3417	115	3950
24153	131	24281
7637	123	2039
21711	180	4291
7588	115	3655
4606	209	1549
10499	115	5101
21423	80	9536
4052	206	5993
21829	123	7985
3024	115	7979
23103	115	10162
3266	93	6180
1423	115	7009
5828	204	7874
7717	209	7084
21018	115	8472
3629	1	6147
10289	62	2374
5367	205	8492
8343	93	3626
23338	115	8024
1934	183	6368
24736	209	23009
4246	115	6315
5093	206	3081
24847	131	21649
7171	115	6490
183	80	5669
24770	80	6430
24257	115	1460
2091	115	25028
6529	206	23548
10391	123	10242
2410	80	9623
2762	123	7455
23201	95	21199
24409	123	10242
6676	133	8874
23952	130	7984
22847	136	7201
3979	108	9412
4071	173	4388
21937	115	24191
1536	108	2694
5989	123	8450
6980	80	7349
5061	173	5820
22079	115	8228
21985	80	8003
22106	206	24773
3910	115	5976
6488	206	7259
8513	115	25433
8861	39	21841
5530	205	21575
4035	160	22294
24010	26	6158
21337	115	10091
1457	115	24928
5234	209	1549
21351	1	1070
23788	108	9412
4474	115	4810
8210	143	5780
7815	123	120
1350	143	7788
667	80	23397
8230	206	9713
4524	115	6997
7923	80	1983
1151	180	3638
9049	173	847
1497	209	5467
5407	133	25167
8819	80	4971
6979	206	85
9779	133	22116
23979	108	2694
5464	160	23458
6268	62	218
2258	133	9254
10189	160	9603
21549	133	9188
23898	183	4070
4048	115	913
22082	80	9503
22780	80	22964
562	92	23810
24315	180	23833
22138	115	2902
2053	80	22621
5655	80	2566
9868	95	8775
4190	80	6563
4367	115	1951
5546	38	24442
22939	106	4677
7313	194	1266
6397	160	22294
25134	204	5071
8626	80	2067
2585	115	4397
3955	115	21274
22357	209	8992
8131	53	6430
24640	173	3334
23653	131	2062
5676	115	24764
25476	130	22942
4676	123	1034
6260	115	1472
24185	173	22817
25198	106	8404
2792	115	4264
21065	39	21112
3297	130	22801
3503	115	4708
724	108	2694
7950	177	9665
25314	173	3349
6922	80	23037
23014	62	8025
7223	133	22469
4720	115	9527
2499	108	8809
21681	123	24866
21604	115	4383
5319	173	3465
1793	170	21571
3605	62	4066
2401	206	4849
22597	78	25045
22751	204	4329
24991	115	1232
4390	115	24215
22609	115	5404
8922	95	8012
4258	115	9566
1634	123	4060
3150	72	686
5953	215	25227
1645	133	6023
10137	130	23257
9484	95	10108
10154	80	1448
4253	80	22298
23116	62	2708
7086	115	21290
6066	76	4790
9811	115	24336
1252	115	5744
2273	1	23619
22144	204	8252
23412	173	7743
24864	115	1031
21266	115	8999
21816	80	23308
2676	209	22774
23020	209	6383
24886	150	7215
23885	80	8703
5644	115	22403
9022	115	2760
5223	206	6823
3410	115	24345
3324	39	23851
5534	123	10020
1266	93	8118
10211	108	9412
2841	92	10009
22759	115	9178
3270	103	10008
24308	133	1954
24282	62	4670
23414	35	9309
429	115	3490
8891	180	1764
395	209	452
23471	130	2711
24229	108	9412
1320	115	25461
7838	62	23067
24085	115	23911
7701	173	23132
4898	106	24362
24997	76	7238
8892	95	6697
21933	1	23619
4644	62	7528
7753	95	9785
4743	115	2924
6905	204	3567
6605	183	7107
21683	115	3326
8188	209	5603
5213	80	1964
24964	80	7783
24197	115	21504
22660	183	2928
6939	115	21539
22974	206	1787
769	80	7238
934	143	23190
3813	123	22121
7799	80	2566
5259	160	6769
2984	133	6023
6043	184	6225
145	209	1549
2054	206	9617
6949	115	8557
2837	115	7653
2464	149	9007
3553	123	5679
795	35	1250
1196	200	9821
24054	174	6275
24178	115	5769
4196	80	23979
5900	173	2901
1147	130	21926
22741	1	23407
5867	62	24531
2845	34	22444
7190	168	4688
25175	80	6430
4452	115	1460
2643	95	8012
5306	115	306
2628	123	2902
10073	123	3995
6089	114	23543
7826	62	21998
7224	173	1952
7277	123	5971
24163	150	8479
3470	13	21704
6650	115	21629
1824	187	9045
6792	130	8842
22580	115	23902
24907	1	1484
878	115	24432
25065	39	9715
23189	80	22621
4598	133	8949
9689	150	4995
6911	209	6493
8765	106	9241
22741	209	9110
398	95	21199
25418	1	508
2051	80	6869
4970	80	2566
22480	123	3137
24277	115	8366
2320	82	708
9333	115	1823
3020	62	5635
10470	95	9387
357	174	2414
7590	133	8874
3256	205	24719
23804	25	10166
1432	131	2706
9346	205	23706
9605	204	5869
280	115	21127
6042	200	7754
4996	133	6622
1652	115	765
1818	95	6693
24812	149	4790
589	115	10045
2112	115	22403
2979	131	23171
10070	80	6023
23788	62	24498
1099	103	7218
2457	115	1073
2276	115	22258
25009	62	22901
23550	80	5063
2415	62	3635
2696	173	9356
9341	108	4790
2344	206	9221
4084	206	2938
21760	75	3419
8519	160	9100
25044	115	9148
425	123	6705
2829	115	6980
8702	103	779
8017	103	22488
690	115	4656
6323	115	24247
9641	204	24951
4144	80	22037
8204	93	21525
5674	123	3438
25243	206	5681
22124	115	10238
10498	63	1286
22484	115	3285
24905	80	6563
24069	115	22673
6996	115	5278
5557	115	24773
1441	62	9062
9048	94	4805
5223	76	5141
23568	133	6145
23297	115	22965
24224	62	2852
22619	115	24838
2200	80	24998
1662	178	2313
5951	183	23126
9206	133	9990
21579	123	7557
2404	62	23862
24482	115	9352
1501	80	7900
7789	206	7060
23990	143	10419
23321	173	2488
2263	173	24156
459	160	9100
23474	210	8273
7938	115	21653
7950	115	9676
3345	35	6869
1214	160	23458
21938	209	6540
23383	72	9663
25460	39	4563
24505	200	24442
23627	206	7999
9939	204	5869
3618	48	854
3001	209	6759
566	130	10190
4343	205	5762
6727	209	23094
6677	115	6503
24194	209	25140
24313	131	4053
10220	22	2566
7849	173	8407
2446	203	5896
2706	82	1432
2839	80	24491
3466	215	515
24495	80	9334
794	183	6090
10004	93	8743
8733	183	4616
10297	115	4067
21122	166	21424
3716	80	24118
1206	115	23708
21336	115	21319
22872	115	469
2804	123	8605
9063	62	376
24830	76	3944
8386	115	9018
3733	108	3124
3089	143	3580
6921	133	22424
2961	133	3436
8171	115	4067
4750	80	6869
3770	80	4971
6377	24	22819
22285	108	9412
6424	115	23708
10238	80	7349
1653	123	5743
2573	108	9412
2889	133	6869
1953	80	24901
9780	205	7973
21793	80	24233
1981	123	5971
4629	39	8646
21730	123	7279
23305	173	4050
5514	115	25162
7197	115	765
2724	115	9307
23700	62	23043
3383	102	515
898	115	5048
25183	115	25301
21772	108	674
23149	115	5382
21443	209	24084
21291	17	4462
22149	58	5921
8933	108	9412
5694	206	3169
10297	1	508
8922	14	21653
8718	35	23873
2597	95	24635
25426	106	9206
21683	173	24159
21549	206	8904
10197	1	508
23087	206	100
794	123	4900
22018	80	23308
24075	93	10261
24199	80	25167
23312	80	23397
8138	133	23747
10294	115	4362
3197	143	21091
9663	206	23383
5822	80	21395
22822	115	9527
21118	173	24303
4903	12	52
801	131	8855
3458	115	6720
6297	80	3436
9979	62	1879
22516	62	4334
1879	62	22136
1996	180	5638
24229	62	7135
4345	133	24901
1212	80	2566
7775	80	2566
891	123	25145
7137	205	25402
24016	130	8414
2442	108	5063
5841	206	6586
3213	123	9597
25062	62	7967
1218	106	24353
6066	24	4790
1926	143	6457
7025	80	2566
23353	5	23308
24577	1	508
10368	115	24968
6424	115	4775
7221	80	25354
21868	80	9623
22524	62	5434
22239	204	5071
6240	205	1453
6815	106	8129
1638	62	4232
756	80	4790
326	76	23554
23928	115	7442
25412	92	10009
8721	95	21970
3182	62	9238
23597	72	23597
6066	114	8853
1673	14	22120
9359	160	22294
21278	205	24719
5358	204	7079
4797	53	23463
1555	173	205
23958	115	23839
22153	115	24858
7745	209	9577
5078	115	3300
81	115	21584
5620	80	2630
7431	80	24425
4436	106	1876
7124	95	23721
5705	39	4702
22940	160	22294
5408	103	1661
9725	149	1078
71	204	3974
24229	62	6511
1359	115	5938
21738	80	3795
5480	35	1399
435	209	25092
5741	133	6869
6159	115	21581
25280	133	5299
7286	108	8906
7773	206	8346
9604	123	3460
24891	80	22137
5895	131	2062
5775	115	1506
5900	130	2901
1311	80	7900
6457	210	6404
3767	115	10045
1680	160	23458
4376	95	3778
22195	1	23264
7843	72	22830
24932	115	3326
742	80	4552
1679	80	1247
6147	75	25117
21075	95	22886
24205	108	9412
3081	133	22666
6297	93	23490
4747	82	2398
22427	13	24399
25054	123	189
2325	209	5779
4076	174	9158
2817	160	9603
976	1	508
7207	39	1052
23927	209	92
23454	123	7170
23008	203	4702
780	131	10173
3798	173	7422
511	80	2566
7364	173	3704
9116	115	22374
5530	209	2139
9596	183	23340
3524	123	21117
25475	1	7867
3607	146	8271
6670	174	5921
5503	209	7455
714	62	22892
3314	115	8879
3110	1	778
23976	177	5825
255	80	6023
23856	204	5071
5595	62	4788
4450	180	9314
25333	115	3267
2531	131	22415
7459	115	22788
23752	204	3974
73	62	7838
2708	62	3639
7665	206	2407
7261	115	9636
5276	115	22120
4458	108	9412
21675	166	3944
10472	1	5389
2807	66	22991
8970	206	4802
7515	106	8607
5603	72	24313
24181	115	21363
8663	115	1631
4657	123	124
2116	123	6021
1589	62	23417
7442	80	23554
6906	106	7389
1628	1	6661
22622	149	4790
22556	35	7962
23993	203	5896
23282	174	9580
10449	62	49
4094	80	23200
449	173	22189
10046	115	4023
3111	130	2711
5752	173	4330
3850	80	9412
23724	143	8441
4771	206	22269
23586	115	4044
3677	62	5040
866	173	3456
8474	130	25497
9811	115	6976
726	38	6275
1071	80	22733
6004	133	2566
4504	123	3640
7035	5	1487
66	95	6912
8028	103	22521
21332	133	2565
4972	115	7254
21070	206	23457
24034	80	24163
398	205	21989
2566	35	1136
3812	204	7608
24304	95	6693
23457	133	89
6205	80	7900
2759	173	2766
23634	149	8759
4806	42	23943
9530	115	7784
7180	103	4876
7743	80	2566
22068	160	22294
25252	115	23425
5274	183	566
10368	115	1173
1716	170	22102
23642	160	23458
5153	80	6869
6438	173	4996
5789	106	10086
6837	133	6563
3514	206	21322
1400	204	8296
7286	123	5028
5244	80	23979
24782	205	4045
24369	115	7923
24784	150	8088
25084	115	2027
2075	123	9338
1919	80	23216
6130	160	9100
6883	143	2283
25134	174	9076
6403	22	24163
8808	87	4563
23844	133	5669
4731	131	2106
9025	205	22928
1882	87	1052
5305	108	9412
9895	123	2158
8243	80	24448
5550	93	24429
24667	183	6364
5388	183	22967
22314	62	1072
21686	80	1422
22378	62	1061
24196	62	2166
25464	123	23004
25102	72	3333
8384	80	6869
4050	39	9732
10331	115	9900
3473	204	10109
21161	173	10318
24674	62	9512
24056	115	21217
1489	108	69
10235	75	21046
6847	115	2158
25042	115	21765
22619	115	8699
4162	215	22768
4297	131	9717
25243	80	1247
4065	115	23768
5833	149	25226
2803	80	5063
10151	115	8582
3360	149	9846
7169	151	312
2684	115	21668
3825	80	2224
1550	72	21504
22981	80	2566
1272	66	21697
4036	106	5382
8270	206	8159
3607	146	21513
3746	200	25298
7420	133	1710
1106	115	21140
23767	108	9412
4068	26	23429
21652	209	21521
7340	82	4875
21026	173	10384
22473	1	1070
7429	174	22291
7927	183	490
3890	123	10283
2545	1	508
7665	80	1247
9118	123	23806
8504	205	25161
24789	209	5572
5004	173	3334
4507	206	3081
6479	95	146
21335	1	23619
2932	206	5408
9355	174	9158
6546	76	6869
24062	205	1663
22247	80	8899
9251	206	3556
1790	1	508
21728	62	9657
2701	72	2480
5493	72	24933
5746	204	5819
1548	115	3117
3455	206	2646
24689	204	5912
980	115	9774
9389	80	23677
3755	1	1070
2181	187	22095
10002	170	10025
23615	106	4322
23556	106	1932
10257	209	22695
8791	133	3523
10214	115	2665
5858	90	24426
9486	92	498
8386	115	3682
21972	206	4420
25411	133	6023
1759	115	8327
21144	115	1631
2651	115	22224
871	160	9100
24938	133	22621
3624	115	2108
1988	26	21560
24581	58	21053
23728	106	9611
24542	1	508
2527	115	23317
24741	190	6079
6117	209	154
6986	115	4283
5299	108	8874
2934	133	21077
7593	173	372
2337	62	24531
1294	123	22436
22366	62	9687
6452	39	9066
23510	114	5536
3125	62	1825
9031	123	24206
169	160	22294
7498	1	7867
2569	209	88
25151	80	7522
8152	115	21140
3103	115	2158
645	93	4052
7185	115	6893
21911	62	5414
22314	88	722
10391	173	7427
516	95	3690
9005	130	5909
4010	133	2514
25074	63	8009
4430	206	23509
5486	130	9580
5734	80	2566
6845	80	2566
408	115	2243
4089	115	5432
9178	80	7900
6965	204	7874
24031	115	2447
658	173	24192
25397	90	7088
23234	80	22733
23839	72	9831
24081	131	24423
1991	173	1087
9209	115	8033
1081	92	23426
24902	31	10292
2341	183	22244
22529	177	6869
1902	174	2490
8047	62	8982
5658	80	9623
25308	115	5328
6616	114	22799
762	62	6998
2052	62	804
1469	115	25174
4031	17	3897
8214	123	5401
24251	143	4646
716	51	9467
4213	80	6869
6918	12	6229
430	200	6104
7127	204	21968
23579	209	7577
6230	17	1806
25434	183	3763
5958	38	5047
24146	206	1905
8351	62	21441
9569	209	747
22754	80	7900
24389	131	23819
3575	1	10286
4988	173	9619
7594	115	10001
10249	166	2728
9455	133	21785
4257	149	23414
6941	206	23995
3949	115	22274
21547	62	717
4656	76	6668
8035	95	9286
25449	205	5977
25141	1	23407
5037	123	5401
2777	115	23404
3694	67	8679
25147	115	1197
8504	209	8747
22329	115	5416
7417	206	21355
4053	131	24313
21934	80	6869
21931	80	22469
3178	1	1070
23496	80	9481
24616	204	24951
23975	1	1396
1374	106	6490
22346	115	25244
1014	115	22625
5563	72	23798
10179	204	8252
7674	115	21813
8757	206	2434
299	103	7250
336	204	2727
2115	173	1681
2424	95	24635
7050	62	23311
3252	80	6869
23654	95	6625
5968	206	6498
7320	62	25299
22546	115	22343
9200	114	9217
21138	123	5997
25308	173	9525
7237	209	21254
5137	115	5239
5866	115	21303
25222	123	24830
24152	80	23341
3207	106	23651
21811	80	196
2341	22	5308
23061	115	6924
7046	173	22843
4111	115	4139
9053	58	2711
9267	62	3700
5775	115	7784
21956	80	5268
6892	115	9923
1219	115	1232
5125	115	7004
10470	1	6147
24890	115	22645
3317	106	1610
6521	131	5683
3246	95	6817
6966	210	3546
23174	206	4222
21724	62	4693
24629	205	4045
3050	115	1092
23484	115	9454
24746	106	4074
3223	81	830
409	80	6869
9918	133	9887
4016	115	23317
4547	1	508
3093	160	24239
3325	115	3450
24722	174	5997
8841	191	7881
2669	115	4038
5261	115	6655
5778	204	7874
2534	206	7622
3729	133	7201
8304	180	642
22350	149	24901
4845	130	9619
7078	115	5422
22406	80	4610
24882	183	10419
424	205	24986
7513	115	7888
1904	133	9665
7745	115	2785
8981	183	9596
2082	80	23216
25405	204	5175
6512	160	1458
6683	209	8525
21313	106	23490
22314	62	23034
22186	108	2987
24441	174	2962
7790	206	24833
6699	115	23425
704	80	7323
23913	106	4018
8098	115	24473
21512	115	2924
3230	206	3083
23259	62	4723
23318	88	22309
9879	209	2758
4940	215	23976
21149	26	22309
21307	22	24803
434	133	1937
9725	80	1078
5032	173	2769
4069	209	22167
2777	115	4708
8679	112	6711
7721	67	6563
3362	115	4775
3518	115	24142
791	209	8517
8772	115	9971
22968	173	6606
2796	115	9764
9744	95	7841
23737	209	23132
1989	206	3752
3599	133	4971
4191	80	21442
5792	204	23070
6385	115	23404
3912	173	21716
9253	115	5382
8382	115	23403
24141	143	1406
1861	62	845
23792	209	4744
3636	108	22819
24151	123	4574
22162	115	8624
4686	206	9121
8613	115	3715
25002	80	8088
1648	62	4604
9267	26	22309
21845	80	24276
1497	173	5412
9194	204	8252
8659	80	2566
23013	115	24900
9693	82	24117
6045	115	8146
4604	62	2539
9349	108	3124
23129	62	24008
714	62	7076
2851	80	23875
3804	80	22733
2141	115	24727
21788	123	10145
291	80	8874
4368	62	1846
4257	149	9309
6080	173	373
3666	133	24110
878	173	22121
6709	115	5623
335	206	3977
21802	1	21524
24610	39	6058
21064	173	4701
79	76	7900
7363	38	70
868	123	9756
5418	133	6023
9288	108	9412
5143	133	23216
3397	39	4087
2838	123	5401
4350	115	5048
7982	123	6275
5511	173	5067
22486	115	24345
3597	174	9619
22832	115	6601
25490	115	9550
25236	115	2319
2273	205	532
7521	93	4135
22671	95	8775
1831	115	5000
2989	131	23732
1333	115	8437
10355	93	2120
24600	115	22912
21060	206	8650
10320	146	23092
23663	123	9619
2751	103	22482
520	209	23286
24337	133	24998
6827	160	2419
402	173	2909
7688	80	8899
3234	130	6275
7778	209	5733
24542	115	4039
3980	206	8008
21544	195	1396
8857	184	9577
3355	209	6340
21345	62	23430
25375	130	2711
697	103	10157
1316	205	8914
2806	1	508
23834	108	9412
5458	108	9412
5978	95	23917
2106	131	4731
21913	115	22611
5180	209	3363
2155	174	3640
21949	72	24336
23392	160	22294
22585	130	5997
6547	115	23425
23842	123	9775
6955	80	6869
2466	80	6869
22083	17	9908
6009	106	24001
22315	62	6039
22901	62	21940
8715	123	5971
638	1	4627
24876	108	9412
3872	95	21625
2804	115	9690
14	115	25210
4116	133	7632
24440	183	8542
22365	133	6869
8971	115	249
2155	123	21220
1173	80	8221
3754	1	5207
25158	115	1463
2006	200	22163
8717	106	24228
5274	143	7415
22835	206	2198
475	93	5964
24089	22	10453
10378	62	722
5958	58	8293
9351	149	22601
71	5	7632
21982	92	24655
2664	160	24239
24893	93	4714
7947	80	7900
22585	174	5997
5727	206	22318
22261	206	6678
1038	72	21313
4877	115	22004
7412	62	24752
2923	114	7960
8696	206	21392
23883	62	23905
4824	210	842
22421	80	9503
7025	58	8826
8284	115	5976
3070	1	508
21150	115	1301
591	80	23088
7989	1	1070
23145	133	5816
1017	80	2566
23852	206	2476
309	206	2626
614	80	23677
23771	115	4578
1349	131	3243
22298	35	6869
9510	131	23377
5345	183	8424
23638	58	8987
10207	80	2566
8546	205	25402
6702	209	9227
6962	123	4568
24064	177	23979
7328	160	24239
6245	177	5299
6685	204	6138
25209	103	24028
894	123	3573
3951	173	2857
5596	206	22760
8824	95	6301
1172	123	632
23801	143	5250
21216	209	22443
8495	115	22417
8863	1	23619
2272	115	9018
4277	95	4816
23774	80	2011
24616	58	5252
2999	80	1136
23534	173	8137
4618	1	9396
7611	133	24511
21384	115	9054
1840	103	9559
7253	115	23215
10199	80	2566
6425	173	21117
8925	80	23216
6936	123	9485
6502	123	3640
2800	204	5071
9411	102	23922
21045	205	1609
8652	143	23726
1393	26	10464
2563	39	21915
22842	115	5603
4257	80	9309
9301	204	3567
6777	80	25167
1870	1	1070
239	194	1243
3671	87	21073
21435	80	22733
23995	206	7793
2904	115	25094
23280	95	5081
5821	123	5909
9511	123	6500
4091	25	7035
7228	131	7668
2422	130	2711
23749	62	7293
9708	204	9708
6910	160	9100
4131	180	4127
1469	115	1058
5368	209	747
21705	206	101
4344	80	7522
23727	160	6769
5960	115	3083
23491	115	1817
2062	133	25354
7170	90	1273
9593	115	2785
7737	80	7900
2854	62	7568
23847	131	5967
8644	123	22567
10343	80	5299
9068	123	21111
1431	95	9053
1451	115	21460
21190	129	23358
3677	62	21911
9544	133	24448
4570	115	7337
5983	115	25154
8942	106	24478
25186	130	21495
9197	143	22425
5791	62	24851
1899	160	1458
24765	115	23744
23328	206	5493
23353	80	23308
9718	80	21772
7882	209	7683
4409	209	21661
2367	143	10237
23369	106	22367
9718	80	674
22781	143	23292
5681	206	3493
23703	108	22424
792	22	4160
2488	38	1772
23949	62	4891
23023	149	7349
6672	174	22163
9313	146	1687
9995	160	6769
4296	115	4362
24275	80	69
5682	115	2614
21880	115	23708
6059	183	2547
6349	115	461
24016	204	5912
137	143	6295
4100	202	23216
23496	133	1247
22293	166	23679
8416	24	4790
21598	5	2566
2452	80	748
21774	115	5734
9677	115	22653
894	209	3573
8970	206	3251
6549	22	5669
4855	115	22265
4385	106	4139
4538	173	7455
2503	206	1013
23363	1	23407
10328	209	5520
2877	200	2920
25136	1	5389
617	173	2117
23592	115	3963
24598	149	24491
21284	115	21765
22786	1	1484
21443	115	24084
7904	67	4790
8822	205	6498
5432	80	4971
22820	115	5278
6060	115	21302
1230	80	4790
9546	72	23847
904	130	1772
10079	62	9622
22873	1	508
21685	173	3866
21008	115	2579
24850	133	6869
7993	80	8906
22474	115	24138
3967	133	8478
9708	204	8252
2708	62	356
2699	209	4197
904	210	4270
25031	209	2658
6330	200	22385
21041	160	24239
24597	133	21123
21210	123	7170
1910	209	8168
5286	80	113
5316	115	2692
21652	209	2336
1446	123	9076
24670	123	8004
22230	108	24998
7432	115	22849
9156	53	748
1627	115	24668
23729	209	7170
2882	209	9775
22565	102	22768
21955	115	2158
21963	204	24951
22359	115	24852
6312	80	6869
21496	115	21813
2239	173	189
3923	123	22998
22384	115	25439
5619	206	3335
2163	131	2361
6526	115	839
4278	34	23261
6644	123	1034
24443	205	7940
21936	80	2699
23676	95	7718
23371	95	22225
9347	131	938
3942	173	3450
3969	123	3236
8031	74	22321
3671	146	7474
9113	154	1361
3697	115	627
21883	205	25161
22366	108	9412
6026	39	2456
21876	206	25014
5960	115	24184
25215	26	21560
23	115	5744
1249	143	7177
8933	62	4245
24151	115	1232
24542	123	9852
3603	58	9619
22206	115	9948
6524	103	10178
22771	213	10105
357	174	2901
9974	133	24448
2245	130	2490
1992	26	7056
9872	115	23147
8744	205	21906
6993	123	21533
21178	62	25303
8558	115	8783
10140	72	9127
6753	80	6869
23528	115	24733
501	123	24935
22525	173	747
7124	123	9050
25282	115	7004
328	62	6303
103	177	9028
3332	115	2135
9543	13	10312
2480	203	6058
5034	173	25396
21087	210	8705
21292	123	24125
3166	39	9715
23167	25	5743
9080	1	1070
1078	108	9846
9152	206	6809
22383	95	777
23456	133	6563
23961	80	4971
3927	209	2329
7397	115	8156
21832	115	23617
1101	115	3375
10482	115	9527
4168	80	9623
21677	133	6023
3430	103	8404
24952	108	9412
8952	205	24286
4012	80	10441
23411	209	4594
2718	39	5593
6220	115	6719
175	130	2920
9602	106	475
22361	146	8271
5542	62	21878
7197	115	24191
6823	72	5223
9998	106	2077
24379	80	22137
7946	209	24176
5369	183	9894
1258	173	4218
23462	115	24041
7453	133	9412
21073	166	7900
25142	206	24030
6826	80	22298
3800	106	1232
3333	80	2566
21443	123	6748
7783	112	6229
4102	102	23922
23495	146	6694
8216	115	9865
24731	115	6028
24202	80	9623
8258	115	3917
776	183	22166
24424	80	10453
23476	38	9550
3348	146	6955
24019	58	9456
7888	131	24931
21255	80	1437
616	93	1179
4353	115	1233
9117	180	25206
10385	123	8902
5899	209	3911
22541	108	6669
8103	174	2711
3255	115	6228
243	174	8659
1781	115	5835
9333	173	824
23843	206	6422
1142	173	9485
24027	205	8130
2991	205	1475
5490	115	7943
8651	133	7966
8447	115	23708
9862	1	8583
4316	173	22189
6761	205	21989
7857	115	323
8670	1	6147
2070	205	23477
24172	39	23851
21156	39	7338
22736	95	8775
23114	173	8728
3861	115	8366
5523	115	21090
21462	115	2800
8921	35	113
3459	204	8252
10451	95	2885
23181	114	8853
4815	39	2009
8886	133	22960
8701	95	24422
22063	143	366
23685	66	22898
616	114	7040
2313	94	1662
10350	115	6775
22303	80	21123
10397	62	2858
25166	143	24856
5979	80	1437
3061	205	1436
23903	115	22020
9790	106	6791
9911	210	25126
150	26	23166
408	95	6740
7843	206	2455
129	133	24491
6935	184	24622
5865	115	4599
2131	173	3324
6078	95	8512
9558	115	9610
2390	173	1420
9035	72	7743
21938	205	1609
24481	146	562
1405	115	6655
9487	62	890
20	103	4015
8026	205	1609
9361	115	2749
103	124	25242
2299	31	1959
7218	39	6058
1943	146	2841
2010	115	24774
21651	115	4661
9675	173	2973
9369	106	612
409	206	24318
7096	63	10033
6086	106	8468
2590	115	24297
2408	190	6079
9486	80	22749
21706	80	6869
9653	115	24106
5523	153	3750
7819	103	21357
1397	133	24651
25171	106	8777
4177	130	24578
10047	206	5403
23465	115	5583
25464	209	2557
100	206	2561
24801	115	8398
9051	29	22437
6670	143	21771
21681	209	24866
6352	133	9412
5564	133	2566
2028	131	2361
4555	209	25151
21312	106	21886
9727	106	6868
24351	173	22905
22655	206	3928
2155	183	23245
980	115	5341
1013	206	5104
21769	123	22159
6148	115	3814
2926	106	23354
1534	1	7867
2933	206	2078
8006	205	3105
2418	80	23342
2096	80	6023
4484	115	4036
2332	1	7867
24873	93	22707
8213	115	9853
782	209	8745
2888	39	6058
9697	123	21117
2666	48	1057
5862	80	6023
8117	115	3189
24358	123	24773
921	143	22226
4156	115	5204
22384	115	8472
227	206	7786
2547	130	2920
1630	143	2002
5052	80	24163
9628	183	7525
8469	115	9456
3616	131	21393
3761	123	23735
7534	1	1484
7247	115	22991
9986	22	22296
4260	160	6769
25015	62	24051
5649	106	4866
730	133	6271
22439	204	22256
7513	209	24866
21167	205	6498
21347	115	5608
7921	115	24513
3147	123	4315
21846	115	22789
7876	209	2658
3719	103	9200
3984	62	24350
8769	204	466
8738	209	24333
7440	209	1750
24908	200	6956
24467	180	9904
10014	160	6214
23997	80	6869
2702	115	24997
1400	173	191
9800	133	9623
21516	115	8699
25212	174	3349
21046	195	10235
10461	1	508
7942	103	22421
23762	108	6563
6747	103	9224
9882	206	22784
6998	108	9412
23434	108	7783
9603	93	6769
7557	191	4901
8232	215	3134
2775	209	23009
22991	206	21398
24597	78	2254
1308	80	21123
1639	62	9928
22806	115	469
9512	108	9412
7008	108	8003
6440	80	9801
21638	35	2448
5059	200	24578
2240	209	8992
5929	1	1070
8418	209	23409
22225	5	7900
2769	204	5912
23484	115	24773
5564	206	9784
21660	209	10117
4471	62	9345
25382	115	1301
4129	62	7235
3087	174	6104
25489	131	4332
21882	133	6023
1976	115	24215
25238	115	956
5668	205	389
24767	115	8116
21094	115	217
128	133	2566
456	1	1070
1140	209	21254
22896	160	22294
1317	115	6741
9495	180	23320
22996	115	5724
4883	80	3636
4030	209	7455
6048	39	6058
7616	177	2694
23705	174	24524
3599	206	922
4537	115	10088
2368	173	24850
6090	204	24951
9403	87	7338
22205	115	21225
6608	66	6565
24444	173	4197
21779	1	1484
4365	160	6214
4113	115	9909
6918	39	21927
16	39	9320
7791	130	6275
24903	62	1203
8240	209	24622
8066	1	508
9540	123	8992
2851	106	9777
22954	115	3601
582	206	1989
21089	115	4556
1931	115	1301
4897	174	1772
5397	39	6058
22755	22	22978
8491	115	9610
21255	12	25041
21841	166	23308
22957	115	4139
2573	62	8539
24058	115	482
4723	62	5651
24881	166	23308
6324	26	21849
7913	95	8512
24268	173	10142
13	130	5921
5573	133	24540
22120	80	23875
7185	123	5950
8584	174	24766
21366	204	3567
7368	160	9100
4508	115	3814
23905	62	7315
1780	173	10168
7194	210	23891
6191	209	25038
7344	106	4849
1906	206	2392
4179	131	2589
24934	80	7201
23475	204	3974
1858	1	1484
3465	204	24951
8584	173	9431
21360	209	25177
5493	106	8751
7660	203	8029
22016	80	6023
8948	160	23458
3137	80	2587
1344	180	7629
23264	136	6869
5185	106	21483
21998	62	1171
23214	1	1070
9698	177	6869
8954	103	5029
23842	1	9396
3099	1	5389
9492	115	22374
2462	40	4216
7872	101	8994
7319	82	23738
21186	115	4093
5187	123	6700
21466	80	6563
9712	115	24956
6331	115	24852
8953	106	24084
23205	209	5986
22371	80	1983
7264	115	3674
23393	62	23644
7386	80	1247
25342	123	8902
6276	133	6563
1287	205	24286
6684	62	6832
7098	95	1039
24209	62	1987
25044	115	25293
3379	115	24023
3302	80	6430
21474	204	8485
5753	115	2924
24678	80	2566
23139	209	2033
23163	1	7867
25251	108	21190
377	115	1301
24391	205	7484
6098	130	22984
21175	80	7900
1708	206	568
7785	115	9527
7882	115	6601
8735	115	9527
22228	115	6746
1805	115	25028
447	80	6430
9418	1	508
24413	115	9789
7514	204	10235
1580	92	4793
24940	115	3300
5309	115	5426
8488	115	9552
21419	123	9937
3283	173	1918
9677	123	4496
23772	115	8713
7532	80	24803
2657	93	2544
9622	62	5570
3056	115	2063
8593	39	9571
6374	184	4809
23816	173	24206
23344	123	3904
882	133	4001
792	143	7095
6863	115	24379
817	143	5793
5639	92	4230
25097	80	24786
2612	204	8252
21106	205	5700
22078	115	1301
3544	115	3649
24415	115	5432
8764	115	23882
7800	62	23700
1151	115	22274
22814	115	5303
2295	115	24427
2561	103	7229
6907	206	3294
5124	62	2415
7670	123	21536
4610	35	22137
7484	80	9623
9705	174	9619
24838	80	6869
2809	80	25103
1326	123	9336
6299	123	7886
1358	62	9466
24773	5	2566
9335	80	6869
25097	80	3972
283	158	742
5266	115	892
930	103	21054
6264	80	9623
22422	133	7783
24884	115	21411
3896	174	23805
6878	209	23198
9493	123	24174
1783	133	22666
2738	177	367
8998	133	5452
4008	123	6371
7778	205	5977
5629	133	8640
9680	209	6571
23778	115	21288
4707	115	1472
4641	115	24758
9731	180	22664
1742	204	3961
6343	108	4778
1199	106	4549
2849	115	24900
611	1	1396
4310	80	22296
24570	115	263
8118	75	7255
7571	80	1136
8959	92	22575
22051	149	22666
6118	115	4970
22915	133	6023
23476	38	25298
10496	160	1458
21641	12	25188
22309	35	25380
22866	115	24385
1535	58	25298
4749	123	1034
2598	92	3918
6111	131	9916
22584	90	5203
2038	34	7905
1568	95	21199
7639	160	6214
1105	183	5349
9297	180	4158
22486	123	8621
22572	72	25041
5942	209	23444
22820	173	3887
987	123	9225
3101	106	7394
168	205	8314
25167	207	24491
22685	209	4197
7282	125	8944
4476	173	24924
21705	149	8003
6795	205	1357
6714	95	23177
9554	115	5344
24115	123	23199
1044	209	6540
9003	115	23708
10386	62	1065
6434	39	2009
4187	1	7867
10302	106	5784
8731	115	6753
6350	1	7867
1274	95	10108
22410	1	1070
7675	133	8099
1781	115	5561
6685	22	9309
9136	131	21807
3066	80	22733
22154	115	10085
25456	80	2357
1234	123	23515
21960	209	6204
7588	209	8810
3484	143	5521
21872	209	23709
23220	95	7731
9070	62	24904
8597	80	2224
295	174	9987
9711	123	23661
7326	209	22695
21351	180	3638
9368	183	23689
22264	204	21968
6810	115	6207
2267	174	2711
5770	106	3913
24769	204	3567
5369	174	9550
24673	62	1495
9575	115	23238
21956	58	9598
7930	115	8577
23603	123	8902
23309	95	8012
21493	115	786
745	115	7220
2756	143	10040
1693	133	69
23393	62	1721
22129	115	902
8204	206	23511
8399	209	314
7721	72	6620
6403	173	3349
4981	204	5912
24298	48	6409
24441	123	2089
9286	80	2566
8344	115	7651
21983	108	6563
2332	173	9763
2185	173	7685
5271	24	69
3762	205	21906
6852	80	7323
6528	115	7462
10357	115	21997
992	130	10190
21365	80	23308
21943	80	2699
2415	62	5106
8495	123	24121
3349	80	7900
3820	206	25316
4835	206	22649
7812	205	1436
25000	115	4973
24039	206	22364
24468	93	21416
1099	72	7362
5409	206	21017
23484	95	9286
24724	1	508
4399	80	22137
877	72	9423
6626	80	22255
5920	76	24110
2145	108	9412
5168	123	2754
21006	209	23409
8885	95	22225
1118	93	2731
9620	95	3778
5269	115	9932
8440	115	23004
7827	174	21598
9881	80	22568
21822	39	5528
7112	62	7093
22288	204	23070
24792	173	22159
25144	180	5996
24257	115	22584
4905	73	674
3918	92	21513
2172	48	23753
10119	115	4596
23021	133	9412
23646	62	86
9630	174	21134
5405	108	9412
9163	206	1305
24186	160	2382
23586	115	7787
9400	78	23588
292	150	23342
9324	1	9396
22618	1	23407
10411	150	9481
542	173	1278
7564	123	2857
7063	115	4882
5677	200	23257
10347	174	6275
23896	115	10088
8729	123	21226
22664	80	1136
7661	80	945
10166	58	7222
6259	206	9855
7596	115	1556
3612	62	4804
21462	173	25275
4343	115	23426
24786	19	837
21147	115	8246
8104	133	24425
8644	115	6818
23066	115	2665
3363	80	23358
23413	80	23397
21384	205	6498
8846	115	2614
7738	177	4160
6241	62	2374
6862	173	9016
10327	133	2566
7528	62	1924
8655	62	5018
5490	173	23132
8290	131	4661
8568	115	8442
9409	115	10175
4042	95	23100
1320	205	25161
8730	115	22837
9723	133	9907
24932	205	1308
2195	115	2924
7368	160	23458
2337	108	9412
798	131	23179
23846	62	10450
2817	160	9100
1391	62	356
7074	205	8314
10397	62	23430
5420	106	4863
8988	38	5047
24227	205	8294
4131	115	8472
981	123	24637
25098	115	24813
3662	62	22581
889	76	7796
21020	115	3109
8944	101	1090
93	1	9925
22333	115	9592
2950	115	7780
7887	106	1524
24187	209	7972
22547	115	2200
2124	146	10009
8806	133	5669
6272	160	22294
21497	62	23096
7492	143	3435
24911	133	4790
7677	115	4661
7022	76	2532
8707	173	8938
22846	204	3567
186	76	2566
858	133	6563
5125	115	2158
7692	17	9908
22445	173	23188
23056	103	6394
21299	1	6421
6445	174	23963
4254	200	2962
5807	133	4610
2683	204	5869
2804	95	1212
5300	204	5869
22148	123	21250
5507	108	9846
1589	62	21753
21451	123	1681
22452	115	4385
23332	209	23610
21761	72	8944
24620	209	8057
8574	143	5621
3844	130	23805
6307	123	4900
8299	103	793
10007	88	22309
1531	206	22421
976	205	9032
22592	129	2853
21215	174	22149
9573	206	2330
3018	115	25171
24708	115	21059
5924	103	24082
21503	106	10165
21106	173	760
21261	173	5298
22423	115	5344
21440	95	10444
23415	130	21926
4046	80	22221
2295	95	9114
10145	80	25354
4286	206	936
22475	205	25161
23023	76	7349
24910	115	3225
10433	123	23994
4679	62	6305
5062	87	21073
22373	115	4807
24932	115	5264
4048	123	24453
24456	106	7192
8047	62	23040
6303	62	9043
22979	133	6869
6920	115	1892
24274	115	2841
838	209	8992
9570	115	21871
8673	123	7467
5261	115	3785
6889	62	134
21441	62	4368
187	1	25468
5924	93	24082
2141	95	146
893	78	7430
6631	127	4778
7697	149	367
8788	209	1608
25150	80	24803
445	115	2816
56	115	6035
3510	180	3638
2234	146	24275
4316	115	4775
23303	115	23316
9659	115	1644
24187	14	3715
599	115	3682
22597	133	69
23222	173	22653
6450	209	23709
1693	80	5041
24496	39	4702
1381	209	22354
22400	204	24951
6226	115	2455
21505	62	4351
23295	133	22666
2893	38	7044
3552	206	2247
5662	133	21123
8089	173	1608
21006	1	508
2033	133	6869
5988	39	1544
23305	115	4491
3494	123	5028
9099	160	22294
7644	209	5640
5073	115	24989
8288	115	1360
859	80	743
24139	95	5354
359	133	9254
7498	115	23161
22493	205	7333
5956	106	24341
9341	53	9412
5538	1	508
25194	95	21199
24146	106	22826
4538	209	7455
9796	115	5474
5284	173	8687
21485	123	8450
9342	133	9689
5779	108	2694
3810	12	1010
24025	80	9105
2153	114	7695
6203	149	24491
2051	38	5997
1735	115	24773
1885	205	301
700	130	7
5114	149	9503
10014	215	25227
1133	80	9105
4944	72	8938
178	206	21523
23696	143	21665
4782	115	7931
5407	80	5299
6052	115	9527
10353	115	23600
8950	111	21432
7280	80	2566
24558	1	508
9223	35	9223
186	80	24536
4180	123	6452
2042	5	22298
3828	62	2720
3072	115	2452
5687	209	5401
10252	123	9597
3195	1	1396
23214	115	4656
541	209	3401
21025	130	6275
6758	80	8070
6836	90	1084
4299	22	24803
6917	174	24578
7416	209	5640
9832	205	2465
24840	173	9356
7233	123	3704
7233	174	21053
21812	115	7192
1081	80	6869
7294	205	5263
8941	206	24985
6039	62	5735
7753	209	8045
10271	22	2566
3325	209	1625
9661	26	5350
9089	108	9412
9363	173	5476
21834	76	4790
1801	205	22216
7465	209	7455
401	161	8570
1751	115	6017
22442	1	508
22032	103	5584
8181	183	8467
23919	80	9475
9664	115	24773
2634	159	7089
22822	115	23708
8885	209	5733
1217	206	21664
7911	204	8252
24478	206	24044
781	204	3567
7909	115	6846
1062	160	22294
2283	204	1156
1670	62	22548
5187	1	508
924	108	2694
8175	82	23286
3354	160	23458
3198	204	7874
3368	210	8106
25192	204	5869
24218	173	372
9950	1	1070
4148	173	2158
619	123	3317
6755	115	4878
24316	108	24784
23897	62	4560
2343	191	5979
7868	209	24053
3918	146	8271
4903	76	2566
4513	115	23494
8137	72	9592
168	209	7003
8559	95	5354
6309	80	9481
10305	115	9185
21008	123	9338
3094	123	2488
7527	115	3300
22619	1	1941
22815	80	5943
9911	183	6295
3135	108	743
5159	131	2521
8165	115	2158
24552	54	3067
359	103	8483
23964	115	9372
25409	206	22044
21984	95	7585
4891	62	9089
3844	22	22296
8113	204	3567
23677	189	23786
4331	204	21968
21011	209	24045
2374	62	1519
6598	177	3642
8982	88	4209
1198	22	10453
9651	130	23257
3033	80	24163
6616	126	1470
2997	212	23671
3163	123	319
22869	80	2728
8798	131	7884
4199	115	8739
10248	115	5359
8353	106	1587
127	95	23100
6314	115	4991
1794	35	25017
4290	115	7774
22539	209	9791
25347	62	5569
25398	24	9412
23222	204	6138
898	180	4291
1427	115	340
4897	204	4329
21640	133	6023
23789	26	23166
4106	26	23408
2080	80	1247
1460	80	2694
9081	80	22109
7034	123	23310
23198	24	9907
6442	106	3280
8119	115	8408
24044	106	5294
25437	123	22908
23399	115	4478
23895	26	8602
6551	62	4492
10335	205	3804
24644	106	6510
22814	123	8102
23476	38	6275
3689	209	7845
23102	62	25121
6284	108	4790
7263	115	25023
5215	209	7003
1057	48	2666
1355	115	22174
2194	80	9481
23940	80	6869
689	174	1681
7462	80	23912
2953	108	5472
148	160	23458
21243	108	9412
25022	80	9623
2461	210	3271
21567	80	22424
22847	6	24321
23514	115	7470
10498	80	6023
5763	1	1070
2363	76	6961
24372	13	872
2133	133	9887
6332	115	3426
24975	80	6023
3701	130	22942
7080	95	8511
4895	133	24163
8687	80	7900
2698	160	9100
6892	1	9396
21903	160	22294
3475	1	508
21258	160	2382
7935	62	600
23744	133	6869
6577	158	7744
4072	78	24597
22255	35	5825
6384	108	9412
24413	115	1009
4379	133	5299
75	6	3124
7385	1	1396
21350	57	21639
24966	174	9456
1967	80	6869
2462	188	5786
23164	123	8307
5863	115	6737
5860	95	10131
6560	115	2847
4569	123	22030
1081	92	24416
6268	62	6663
8367	123	6452
9527	131	23708
23567	1	508
10397	62	8144
23391	35	25077
9894	173	3704
24528	200	25350
25037	160	9100
24828	80	6869
24570	115	9853
22144	204	2738
9049	183	5230
25156	160	23458
7331	72	2596
1142	115	2847
5617	123	1512
794	204	7608
1975	115	24818
24431	115	9538
6361	173	189
5834	39	1052
24843	62	1072
8347	39	9571
3306	80	6869
25366	133	6145
3609	143	3803
22703	205	8314
6224	115	6983
8909	204	5869
6631	81	1247
3145	206	1175
4597	78	21421
5486	171	9580
690	115	21629
9107	80	2566
21886	93	10204
1439	133	2566
23227	115	8879
21678	115	7271
1034	80	2566
6774	106	7894
23905	62	3220
4485	173	1947
7308	1	1070
7830	123	4438
3931	106	1154
3903	108	9412
23526	115	22651
22682	108	9045
6101	108	22424
131	123	319
9679	62	2035
24892	72	22707
21865	108	9412
25364	115	8699
1238	102	22495
24370	123	409
25349	115	6903
4583	26	2645
4560	62	1203
2782	1	5856
21692	130	25298
5741	133	2566
4969	63	22165
22292	133	22341
4481	206	23457
1552	115	2886
4166	183	4166
21923	213	21682
2512	209	1865
7424	1	8583
1103	108	9412
1195	80	1448
4844	115	4775
987	115	2466
9708	58	9735
1892	106	22030
8318	115	6766
4796	205	5756
7448	209	3777
4611	115	9592
9745	108	9412
4443	80	22733
1824	142	7783
4298	115	6686
3705	116	23747
8232	160	21905
25141	209	1865
1851	115	8352
23956	80	6023
5542	62	23518
3531	80	21983
3926	115	8396
23285	62	24647
10123	123	8168
4123	209	5750
9749	177	2204
7794	13	21704
575	114	22299
21591	115	25493
5340	123	71
4937	115	6846
21499	209	9225
21797	143	2146
23750	115	2294
3199	80	1937
1025	133	7783
5056	206	10316
8019	123	3704
25457	7	8759
22620	80	23747
7594	123	4496
22801	5	23308
22252	206	25214
10435	133	24448
554	206	4013
7839	133	6961
9874	180	3356
9085	115	5685
7359	133	23308
21813	131	563
23930	72	23930
21927	108	7783
7473	62	2887
1222	14	8438
2398	80	25103
3131	205	6498
8651	146	22875
7507	123	8917
24991	115	3670
21587	115	8449
6530	13	7393
8446	80	21565
889	80	24276
23326	204	6138
10390	108	9412
3805	133	6023
24357	80	1247
23332	1	1070
4114	95	8265
24079	80	7012
5571	115	4645
5110	115	2902
517	5	7900
25248	80	5669
3280	106	6442
4403	209	24830
2608	115	9520
22326	133	1247
25393	115	4896
8837	78	8180
22856	173	7758
24748	130	9580
23143	115	4455
23140	206	24217
7917	20	6079
4016	115	4397
21516	115	23919
9757	62	1018
580	173	24125
21339	180	4683
9179	115	1232
24581	38	21053
357	174	8320
23954	115	3715
8042	115	9932
7445	80	25484
8394	115	8438
10367	1	6147
24876	62	24725
1786	133	7116
9879	180	7629
9375	1	1484
1824	142	9045
23713	80	8874
23423	133	24926
6812	95	7159
25331	196	85
21207	123	7455
6741	80	1136
9772	80	10243
3252	80	2566
4930	209	2329
9602	206	10316
22448	204	5912
7641	26	21638
5390	209	6705
4689	62	25111
9334	150	25103
7868	1	7867
24027	123	25339
7362	80	8003
1076	173	9431
6779	115	24989
24497	80	7834
23275	174	23257
4065	173	925
22423	108	4790
25032	209	8238
10326	108	743
6081	173	21417
4119	62	6821
464	62	4471
4603	115	9764
21529	93	21727
2883	204	24951
7255	106	310
8834	123	1865
6060	115	6144
9441	123	21250
3920	184	4496
7726	206	25188
4649	62	23936
6621	1	778
9576	205	7333
9636	108	2694
969	26	8602
25153	123	7003
1692	115	2455
2807	66	2124
23965	115	9520
5080	130	9580
7147	95	1340
23258	180	24830
784	62	22523
3536	123	1232
3406	95	24035
21469	115	25210
2508	183	22
22492	115	9465
6259	106	22050
2490	204	8252
4864	103	21736
8329	35	1250
3856	115	9923
5976	106	21594
9569	173	747
22756	133	5299
4297	133	9228
8020	1	24591
8217	72	3047
25289	115	7686
2518	115	4775
23559	130	2490
23936	62	7631
148	160	22294
7466	57	2183
6166	151	8012
24508	173	4165
8701	115	24828
8440	115	25125
22353	1	508
6175	173	5703
7827	183	3658
8707	115	8336
10361	62	23395
22577	209	24247
5004	115	23613
4786	22	4610
8378	80	797
5382	106	5443
2460	149	510
22740	115	24473
4342	106	25132
1638	62	6482
1218	103	5363
1673	205	24658
9532	115	25244
25181	106	4304
1860	115	24142
242	1	23407
8197	80	7272
22932	210	1198
25134	210	23733
23172	123	9050
23170	39	6058
23262	1	7867
7849	115	23238
2808	117	6756
8056	95	5354
3752	206	9997
9721	80	23093
9424	62	24204
21126	115	7843
705	143	8756
3448	115	9067
22564	80	6869
25145	80	6869
22401	67	4790
870	205	1582
1954	108	4790
21033	90	23483
7276	26	23429
5237	149	23059
10115	209	22216
24668	106	5335
1979	206	25056
9687	62	1069
8291	62	22207
2313	94	4971
5558	108	9412
24481	146	1687
238	80	2587
8937	173	2158
22126	180	1
10279	160	22294
21796	112	24703
5844	160	9100
4888	72	6506
23063	173	8362
24907	115	8699
2211	160	6769
3763	143	25434
24856	143	6807
4350	95	5136
1825	62	3966
25026	209	9764
7295	115	8827
368	115	23124
8364	205	1475
21051	62	5118
25283	115	263
3672	204	5819
23126	174	10190
24109	62	10402
6263	204	5869
1091	53	23554
432	183	8111
4644	62	21003
234	80	830
364	39	21927
6353	108	9412
23271	115	1681
9887	35	6430
4916	35	22840
2157	72	2157
6164	131	9997
7178	115	3674
25311	12	7213
25402	206	8314
3257	72	9408
770	108	9412
7397	115	4878
6745	115	6586
2036	62	356
1569	115	22331
24921	115	9996
24342	143	9171
25466	166	23979
3561	115	7392
9216	115	7723
6838	143	4215
495	174	22092
9033	194	3891
22903	115	5108
24291	115	21479
21269	115	4628
5177	136	1244
4028	93	2120
9149	123	6419
24227	173	7685
3379	209	92
2591	115	23690
9444	115	5204
855	80	9623
3274	1	508
10208	93	10044
22380	80	6869
23306	205	24286
9756	90	21328
5643	206	23540
3454	115	2648
21585	115	4739
5515	130	21495
5427	62	24673
7446	215	3134
21792	206	8139
8750	92	2171
3195	115	7888
21400	206	3831
24350	62	3984
5570	62	7831
23443	123	25145
4764	173	4388
24693	133	24448
22102	93	7951
25413	62	23259
9343	17	3897
21227	143	5285
5576	62	7935
9104	209	747
22247	80	9849
22938	108	9412
5907	80	8703
7798	115	897
6319	115	4532
6778	209	10317
24659	205	301
23157	95	855
10002	108	4790
5413	115	836
1976	115	5264
24199	206	6732
22474	123	5401
52	190	6079
8226	1	508
10114	133	23677
2497	209	416
3903	62	5599
3433	80	21123
1849	133	25274
22219	62	23452
663	206	9683
27	80	24803
5989	205	6498
23957	143	1177
24442	204	10235
10483	66	23919
308	166	23308
9759	205	5201
2107	106	24477
5590	93	9235
23723	115	2489
7724	133	1983
656	62	2686
2720	62	21035
176	72	829
23678	13	7905
24860	115	7769
2682	183	22678
21289	184	9908
23893	131	23960
23264	75	25117
3684	206	23640
5885	1	23407
5070	205	10404
24275	92	4255
4617	183	7613
8210	123	24564
7028	93	9750
25317	133	22472
7564	115	6084
1468	204	1156
23789	62	6588
5239	80	24118
9877	130	21495
23228	62	23260
6577	123	6846
25255	160	23458
4699	30	8679
22345	80	6101
5576	62	1126
8465	114	5536
5530	115	1261
22399	206	21710
25231	80	22137
9031	115	8175
2485	115	25163
6838	204	2727
7340	82	10256
23476	38	7042
9532	173	2909
3153	80	269
4710	173	2488
2916	173	8728
8467	174	9580
5285	210	8178
4185	106	21306
21204	149	6563
23139	95	3666
4315	80	24410
22395	80	1710
1609	90	24355
22790	183	22512
8950	111	22299
3815	1	508
25047	35	25013
564	123	5950
3680	115	8879
21363	106	24318
8420	93	5016
1207	123	4165
25193	115	25439
6906	206	3040
503	62	955
7005	205	4915
4446	204	2430
24220	180	23833
9892	206	22335
5922	206	329
1043	92	25304
21440	115	9010
8837	133	722
8494	206	3424
2247	106	76
9026	80	8703
25404	95	6625
24413	173	1009
3818	93	22411
4753	123	3904
10130	123	23610
7504	39	5273
9354	206	5396
10467	209	372
5914	173	22149
112	108	24998
1841	62	9839
5440	173	1009
6404	204	10235
6067	62	553
21896	115	3285
7707	206	25018
6332	209	24286
8950	64	22299
5922	206	2820
5025	174	1566
23841	123	9845
8770	1	1070
1781	115	9563
25322	160	9100
24849	1	7867
22831	92	10102
2326	173	3777
4929	93	5143
24391	205	10023
438	115	6490
8824	13	4278
5234	115	24773
3976	108	9412
9392	66	22935
1237	62	25108
23318	62	21149
5662	133	69
1003	115	4623
1529	174	10318
7838	62	24204
3704	58	1681
24892	133	4716
5658	106	25317
10249	53	22137
3932	130	5172
23095	210	7598
23901	80	25484
8604	115	1736
24762	196	8714
21171	90	1513
7544	80	2566
23476	204	24951
8149	177	24163
23180	5	6869
25431	6	22424
24087	95	24422
2911	206	942
570	115	21303
24201	115	24727
23865	173	9619
22789	133	6869
23380	130	22801
22972	115	4932
3157	115	6741
24060	115	21036
755	174	24442
10394	143	6375
23201	209	24705
9675	130	2973
9848	143	7278
9717	133	9228
4043	206	4185
638	115	8182
4140	206	9920
9492	95	9286
1257	102	6096
9628	204	5071
3340	115	5022
936	93	24633
7907	115	5650
8158	42	1231
5462	115	6416
1307	209	25145
1254	173	25149
21288	80	2566
22580	1	1070
8320	58	25392
23266	123	2675
21409	123	21226
1661	133	23169
22974	82	21359
7672	133	6023
9618	80	6563
23795	204	7054
22993	108	21522
4586	173	7489
1122	204	8252
9590	160	23458
4050	76	24163
21660	17	4253
24029	173	484
7277	205	1475
23835	38	2827
1077	80	21778
6060	209	4411
2026	95	120
25403	209	22865
3745	204	2727
21743	80	6245
7657	115	9909
10388	215	25227
3698	93	936
281	13	8994
8817	62	8993
1488	76	7238
7396	108	24536
7802	183	10063
10467	173	9016
2306	1	508
3381	115	6818
4357	80	24706
9558	115	3375
4714	106	951
22921	204	7874
22138	123	6901
21186	115	1301
25069	62	873
22179	123	4532
21360	173	3940
7793	206	8159
23520	62	5934
4131	123	5582
6977	62	6168
23763	26	23166
7801	39	2761
3233	115	9835
3064	115	3102
2631	67	69
21268	62	150
24955	115	22584
2852	62	1237
7835	62	7605
6571	80	1136
8335	206	21304
119	130	8659
932	123	1629
1575	24	23747
25380	62	10007
3184	80	8003
432	204	1156
2408	80	7349
22407	204	7874
1519	62	2374
22271	62	6202
1531	206	23942
4168	80	5816
1965	115	3083
8310	108	9412
2401	106	4143
21688	123	6219
22460	80	22749
9792	72	24423
7079	18	21553
6151	123	7580
5867	108	9412
23417	62	6833
23025	123	5997
23010	151	6984
816	123	8917
24740	123	10282
7184	115	4939
25121	62	275
9216	115	23993
7110	160	24239
9290	106	22326
21529	133	8899
21508	115	21902
5207	136	1515
24885	173	973
7228	206	115
21517	210	8176
4517	130	22921
1663	90	5840
6044	206	24094
1597	39	7746
9053	80	8809
8568	115	747
25144	115	3330
22994	115	21479
9701	115	8141
22314	62	722
5025	173	1566
342	80	4610
22730	115	24773
23704	62	6449
5926	48	183
22202	204	7054
6979	76	6869
21359	72	6553
9363	173	23323
1192	115	23461
23836	209	9743
25419	205	8588
21745	80	9665
10063	200	3349
10441	150	9481
9359	56	4742
9755	22	24803
6408	80	4610
2272	115	7390
792	22	10453
22720	95	9286
9405	115	9764
22828	209	22216
8962	22	2566
3677	62	5414
4220	80	1612
23418	95	10131
2113	115	604
4895	78	6020
5794	38	9550
21171	108	2694
7850	1	23407
3431	72	24686
23152	123	6021
8529	114	7960
10340	174	23257
5268	150	4673
2990	115	6393
6966	174	24766
4981	123	22163
21769	204	8485
10158	206	25280
24220	115	6393
10437	206	5975
4134	115	25301
22260	115	7301
4647	206	21886
282	35	3068
627	106	6519
5584	206	25472
23297	115	2360
5541	173	5703
5813	173	2158
22394	115	23425
25007	62	10211
23883	62	21388
413	133	23397
21624	106	1553
24629	115	23872
3891	136	6869
8606	205	25246
2517	81	22819
23330	67	23773
7982	123	8699
962	174	9580
6665	1	508
23405	206	24190
9053	80	24803
2841	92	22817
23152	1	5856
2816	80	1136
6051	123	8902
1950	80	3566
4899	123	2193
5776	173	2670
10048	103	1351
9923	5	6869
23275	183	10094
7306	173	3897
3562	115	21900
8095	200	6956
5863	115	22627
22968	183	2494
4212	209	21088
21160	205	8914
6499	115	24424
5641	115	7009
9330	204	8296
23648	76	2566
22776	78	2371
2142	115	1306
22246	126	1470
5832	115	1898
8675	173	24564
6003	123	4568
9362	106	9235
8101	13	7905
23503	80	6023
7273	1	23264
1751	123	25117
22618	209	24850
24905	80	6023
21843	174	2920
7652	205	22216
25405	200	2901
5832	123	21949
496	160	6769
5149	82	3387
3244	149	2587
3565	115	21062
23795	173	5089
6526	115	8137
23116	62	25448
8334	173	6532
8705	183	9047
21823	93	2872
8900	153	24909
25019	123	22567
23494	80	22733
8965	80	22733
25371	206	1486
6843	80	10202
1569	115	3184
3936	115	21800
8669	35	1250
464	62	4351
1125	173	23177
1480	39	6058
22677	205	8005
8246	206	8548
10407	115	21127
7849	209	7685
21669	80	2566
22487	174	23963
4805	150	4041
3195	1	508
9234	123	6748
22523	62	3085
24708	115	8366
3005	129	2102
6855	95	7731
23784	123	4330
6018	62	7604
4811	80	21565
21444	115	836
21674	206	8449
2496	123	10358
2353	174	10318
5566	209	6571
8667	160	22294
8804	204	24951
5618	115	22263
1562	210	21386
6152	206	1447
3700	62	24977
10408	131	2640
25121	62	955
5533	115	22545
186	67	24536
9575	123	4919
4392	131	3046
4446	143	596
7801	80	8070
4723	62	24575
24596	143	3745
3660	210	1593
21005	173	7743
3257	80	2566
1774	173	10258
711	209	724
7476	108	22579
4570	158	7670
8295	93	3941
4512	209	6706
21218	80	3557
914	204	5071
3350	131	9476
2789	80	6869
3127	183	23025
22049	62	9836
23070	74	22321
66	115	10091
23448	174	25497
1627	205	21868
25448	62	2708
6050	115	7689
21084	143	24086
22625	90	24983
8663	115	857
328	108	9412
24551	39	9715
22685	115	24345
21227	204	7874
2959	115	23482
9340	131	7489
2944	133	797
22518	123	319
6309	80	1247
8611	209	796
4642	24	7783
25490	180	6104
10073	115	24773
3484	130	9019
3454	115	8670
25263	123	2827
10486	115	854
10100	209	7784
21526	93	6394
9130	173	4310
24630	80	8874
23227	115	5303
22300	205	25246
22793	80	1247
6823	133	10202
2642	115	8437
4064	80	9846
5293	205	7444
3041	133	23747
2581	115	3777
3368	130	2962
2273	115	21813
9918	131	24346
23101	206	6102
2573	62	3828
4282	215	8031
1257	42	6096
4706	80	6869
8792	115	2692
22294	103	9100
8022	180	10251
21769	173	22159
7175	115	24727
21939	80	2566
3020	62	21582
23262	173	747
4557	62	8097
24369	123	25117
4469	183	21991
3803	174	6104
23296	130	5997
10258	80	4552
8760	80	22733
4100	202	25195
21992	173	23390
24156	106	340
22889	209	2049
24314	42	23683
25132	133	6023
24732	80	22469
3927	173	9525
24522	115	4317
23206	12	348
23713	24	8874
9072	115	23495
21358	133	2566
1894	115	23708
8250	39	5528
10021	62	2546
7907	209	24176
23448	183	7764
23135	143	22615
21585	209	9110
873	62	6324
5582	131	24571
2788	209	24941
23448	143	6535
3297	173	24564
9657	62	24977
1788	209	3529
24183	62	600
7684	115	24668
2028	131	2163
21384	209	7990
9502	113	9502
6199	173	21208
3949	115	8175
8988	38	8930
2674	115	5986
24766	38	7984
4338	1	23264
9901	123	5997
8226	115	8861
24297	106	21283
23489	115	2648
24990	204	6599
24355	115	23425
5220	115	9909
22366	62	49
7368	160	24239
24502	173	24125
4358	80	797
5083	1	778
23197	209	23739
22638	131	24242
6260	115	3792
733	123	8630
1852	174	8538
464	62	22711
4689	26	8602
6338	115	5645
22421	206	7918
2976	206	6635
2561	93	25327
23814	205	3105
56	115	6638
6256	205	2465
5624	115	3450
21354	204	3567
1907	62	23153
657	80	6869
2120	206	5056
599	115	5443
7940	191	6311
3210	115	4317
10371	108	4778
6602	206	7060
2566	35	5669
2433	115	24900
8830	149	6765
984	62	4068
5710	209	25086
4138	206	24451
596	183	4446
9814	174	8538
6138	75	23476
2628	115	7409
22527	203	2009
4015	206	20
2568	123	9107
5547	95	8775
5587	183	3211
4876	93	7180
5942	215	25227
2768	115	7296
7319	39	1153
751	173	6275
7791	204	21189
23377	72	4191
10002	133	4790
21714	1	1070
629	204	24951
9201	93	2491
7010	115	2848
5004	123	8917
23940	80	5669
384	123	24019
2426	115	23461
5277	93	24893
4826	115	10432
24783	173	25038
7831	62	1110
25124	95	6758
754	106	10456
456	115	24965
8618	204	7874
7529	209	8992
6371	80	22733
969	62	23895
22696	173	4568
4153	115	8953
3444	174	9840
2270	115	3579
22736	115	4927
3762	173	1480
10031	115	10310
22624	80	9623
24655	146	21982
21320	205	3945
24783	115	369
23749	62	7419
3366	106	10258
4011	80	5299
5909	80	7176
21299	115	23150
21572	133	9875
24774	80	24163
3495	173	24863
9252	115	259
5336	206	22915
1130	173	21208
6488	80	6101
23156	115	24322
5891	115	24774
4065	123	7945
3417	173	6969
24371	123	5561
3026	173	4218
5513	133	9665
25260	93	6473
10372	108	9412
1119	80	24998
4933	62	3248
21118	115	8438
9879	115	5103
9070	62	22999
6888	183	5285
2753	115	3908
1658	95	24035
24279	130	5997
210	12	85
6831	190	6079
8383	80	6869
2109	177	24448
7190	108	236
3447	115	23911
7588	115	4882
6738	39	4
1107	200	926
21235	106	6852
6779	115	7744
1282	133	7349
6895	115	6236
9229	115	9462
8491	1	508
3016	80	6688
9639	35	910
25378	209	23598
23377	131	9510
3720	106	24317
24709	173	23199
24199	93	22085
24529	62	722
24746	206	8270
8939	115	21302
23619	113	5389
5808	115	4455
9589	133	23747
4130	58	8320
21687	1	24007
4866	103	4691
186	5	3523
1939	133	7900
3191	115	6402
22741	95	2365
25358	39	2456
1454	183	4414
22621	108	4790
6359	115	22431
179	115	22564
22758	115	3963
5388	204	3567
5702	115	9682
23337	103	6550
5435	1	1070
21281	115	22396
8319	115	409
5915	183	2342
9872	115	24297
22387	115	25197
4130	38	8320
75	136	22601
8366	80	5669
3190	209	24553
762	62	1358
2203	35	23730
22128	95	855
25169	80	1361
24184	133	1136
858	106	8374
5626	82	24717
9341	139	2895
22361	146	1687
8320	38	8909
916	80	6688
5323	80	6869
7867	75	482
24546	131	5303
22039	115	5236
115	72	7228
21565	35	24163
21454	115	7991
5307	133	2694
2893	204	5071
6724	174	2827
23475	38	3974
24426	1	508
7007	80	7900
8612	183	5262
10206	80	9830
7352	123	319
2666	80	196
8779	215	22508
10013	173	9756
3406	123	8917
4239	130	22080
582	93	1989
10379	210	24950
4317	39	25027
23779	123	416
1012	173	1947
9452	115	4636
7405	108	5063
7098	1	1484
22636	131	9246
22429	173	22291
4057	131	8734
24610	133	10453
23219	209	92
22864	133	6101
10232	173	9340
5182	123	7754
23921	115	21792
8590	1	3359
1984	206	21023
1386	173	22817
5375	205	5858
8079	95	6817
8400	149	9481
1927	106	6289
2958	173	3640
9876	206	22266
22653	38	23257
4572	93	6591
7815	115	3682
22909	88	722
1402	115	23317
21066	206	630
1598	173	973
4083	80	2566
24181	115	9948
1868	108	24998
4677	80	6023
10041	80	22109
22853	115	23257
6203	80	89
7469	123	22843
9306	123	7984
2066	62	23499
22268	115	3483
24447	115	1556
25415	205	5756
7625	133	24448
5493	72	2056
22861	80	2566
299	206	22303
2568	1	6147
6834	215	25227
24697	115	1799
24328	33	25227
6085	115	3670
7681	115	6893
341	1	508
8975	173	21304
6071	80	6563
10412	115	8156
9497	209	92
3614	115	9147
9	149	196
799	166	22879
2794	123	10182
22729	173	21847
4019	80	5109
8092	80	1078
861	174	5997
130	160	22294
3126	206	8884
21866	204	8252
9392	143	9543
2539	26	1695
21196	80	8478
4157	95	2178
6325	82	8650
4031	17	1806
7434	93	192
1644	80	23308
9490	1	508
5863	180	4532
2817	160	23458
9972	153	2313
6090	143	794
9596	210	9807
2306	173	25116
21890	204	5071
24801	1	1070
6526	173	24125
3218	108	9412
8299	206	5287
21232	160	9100
2460	206	10026
3510	95	8512
1113	95	10452
22624	63	23076
21889	206	7999
9242	115	1591
24311	173	342
25038	80	22733
8961	152	2728
4415	123	5467
23614	93	2850
22139	95	7585
933	115	2847
8011	130	2920
25430	205	979
24200	101	23618
21775	108	25266
23421	115	765
24593	130	23257
311	52	9810
24040	115	2261
22040	180	24830
5580	17	25038
10251	133	6869
6545	206	10333
3378	149	6023
21379	80	24998
24957	173	8312
4615	80	9623
8502	90	7837
10343	133	1053
9121	206	7281
21582	62	24752
24838	80	22733
8225	115	6515
7299	123	925
21495	204	22529
916	206	22498
6401	160	22294
22944	39	2616
1523	206	25041
1782	123	24578
22973	209	21117
4845	130	6275
23622	196	6756
23162	115	2971
9911	204	8252
7255	72	22236
23516	62	25380
5897	80	8874
22449	63	4255
6222	58	10237
22144	130	7929
381	103	21635
22208	80	8703
9615	93	1654
22157	115	563
24646	173	2827
5719	204	5869
5111	209	23177
9966	115	23405
24366	115	8826
3202	115	927
8930	58	9535
10042	115	21274
22362	209	24012
8140	62	2415
9740	130	5921
22858	115	9147
1440	173	6901
3688	1	23407
25172	106	22811
8269	115	10045
6313	80	22137
21865	62	8025
5511	115	9585
9440	24	4790
7012	108	24998
4788	62	25303
21099	133	6023
4326	209	8250
8597	206	23914
718	62	5576
1597	39	4717
8239	39	21675
9178	80	24163
305	204	8252
23995	103	23621
7656	115	25170
21021	123	5028
25333	115	21290
7729	39	7832
5101	106	9176
377	123	5401
5870	123	3904
8587	93	23052
6425	1	23407
23850	115	4999
8836	115	23557
3906	173	21429
5263	80	2625
9236	115	9185
24324	209	23515
8599	106	3059
4973	131	24750
22414	206	22318
3591	173	8687
8467	123	9580
6295	183	137
6867	190	6079
9574	80	8921
4941	12	1010
9331	136	9105
9818	95	5354
7496	123	7170
1051	173	747
24598	80	24448
7354	58	2915
23689	130	10318
8286	115	649
2936	38	25149
9269	173	3571
24910	115	23426
4506	130	9158
4563	166	7900
23905	62	7631
3084	115	9948
22142	209	500
23523	53	23554
7576	115	8361
1977	80	22116
4731	131	2825
518	204	3567
21715	93	23565
21469	115	24503
2004	209	23177
5064	115	2360
7177	174	191
5670	173	24850
8347	80	25354
9771	115	1892
3582	53	22062
21337	115	22405
25191	80	6132
9282	115	571
21496	115	1379
6691	123	8816
6575	115	1331
5504	133	8949
23311	62	7050
4738	114	21432
23861	112	8465
21768	206	602
9777	80	5094
21269	173	22485
7383	106	8347
2536	115	4462
6952	205	24745
4049	95	2014
21929	62	5934
7774	80	6869
9424	62	7838
22755	174	22942
23029	22	6869
23550	114	6112
1215	115	6611
5258	115	5563
23183	168	25050
21419	180	22180
22002	80	24536
21763	173	10282
24284	80	21881
3777	206	25102
23286	80	24163
6310	115	23817
1372	205	5977
2518	205	10404
24487	42	22290
7775	80	5669
4770	106	24601
23143	95	9387
24250	1	508
6503	106	426
3442	209	3206
10203	115	1550
9378	133	24491
590	95	1059
2946	183	7283
22266	103	21586
5330	160	6769
3707	206	4167
9093	80	945
22076	136	6869
8409	80	10371
23270	1	508
22437	105	22321
6857	80	9503
9360	106	25327
7866	209	2399
25392	58	8320
25032	1	24591
9118	115	6601
22068	160	24778
5184	123	2827
4602	205	5700
7025	38	8826
9695	108	9412
4032	215	25227
22197	205	5996
10347	204	21189
679	39	2456
6462	115	6228
7613	143	4617
22867	62	22466
6617	174	25497
8252	51	23070
22849	80	2566
1353	123	1789
8256	115	9736
3695	160	9100
59	204	8296
9804	1	23407
21911	62	21865
1353	123	4213
2450	80	5849
74	115	5311
24468	206	2478
21010	205	23477
21023	206	6921
3702	143	21981
8857	1	5856
24345	76	2699
21514	115	5744
1426	115	8442
9282	1	6421
21880	115	9527
21008	115	2455
22687	80	1515
21369	93	9219
3036	173	5089
4105	123	3011
25237	115	24643
5498	183	22448
9658	22	6869
1967	38	24578
2251	206	7521
6010	106	7804
5578	183	9877
25048	1	23407
3447	205	977
21533	39	22293
5767	205	4915
6585	80	7012
24128	123	23234
4638	209	23598
21823	206	23263
24488	158	22258
25033	115	25453
3752	103	1989
9111	115	3963
22924	115	3777
8196	106	25198
5747	204	8252
8362	80	1136
24036	179	23333
8420	133	22424
700	143	9194
727	131	21127
9812	62	23014
9219	133	23747
23020	115	9058
1299	80	22733
8056	205	24170
24490	72	8714
274	115	22742
23520	26	23429
3440	80	2833
22538	62	9512
3403	115	8347
5277	80	23216
1719	115	4706
6931	93	111
8221	168	2147
4088	115	1301
9710	80	23308
23686	115	23712
5089	58	24578
9255	206	24001
364	80	2630
8944	131	21761
9770	1	508
22161	209	2227
23686	115	6207
2832	115	25388
4331	22	2566
7204	123	4661
3190	209	24791
7730	1	508
6675	53	9875
21176	39	6058
10077	62	5892
7029	115	9835
7010	115	6518
6316	108	2694
8951	173	3640
2828	108	2694
6011	80	24730
7839	126	1099
22529	103	8508
9994	115	8627
3565	115	1184
8206	80	2630
23267	130	25149
22381	206	9965
9534	173	124
10315	115	4695
23316	80	6869
4324	209	24493
23891	123	4595
21901	115	25358
7612	48	867
24671	115	4038
10214	180	9314
4967	62	86
8339	115	24325
5375	209	22808
4654	115	10091
22013	106	1892
9646	108	21395
6413	173	3331
8391	1	7867
22595	210	23432
8529	133	6023
21813	76	7900
804	62	3677
9718	24	674
6078	1	1070
4985	207	9542
23261	34	7877
2254	39	4702
9599	115	8861
4069	115	3986
24251	204	5071
23516	88	22309
4529	115	6904
7880	42	23943
10018	108	9846
5336	133	6023
1683	42	23943
3858	130	9619
6123	206	21621
4171	209	5213
21010	115	23147
231	130	1093
5620	80	9623
22662	173	24791
22588	206	3514
751	204	21189
9847	209	24012
23885	80	24998
25330	206	1148
2754	38	25298
23197	205	5968
23483	173	824
22414	206	6123
22318	106	6123
25001	93	1230
2615	95	21134
6184	209	22216
24954	183	24264
87	108	9412
9251	80	6563
7812	115	21375
4187	115	482
5411	206	1218
271	205	21989
547	24	9412
9097	115	3426
22743	75	4571
23847	131	8734
3571	38	9158
6908	123	10182
8231	123	4960
23508	80	22356
385	115	3963
5949	19	22502
5898	205	24719
1424	1	7867
22497	62	9836
22574	115	9831
5450	183	9961
6651	62	10361
7101	209	9937
9783	173	21124
9226	123	1387
23432	123	4218
3718	143	1970
10354	115	4426
5240	177	8759
1910	123	8168
10094	130	23257
385	173	372
23680	205	6072
25298	25	5300
21909	183	992
4340	95	7221
1685	108	9412
7237	115	3165
9522	123	4900
25298	204	3567
24100	72	5932
23332	173	23780
2677	206	22915
23522	173	22376
77	190	23622
10118	93	1154
6295	123	8325
21516	95	6693
7095	200	7984
10138	95	5354
7229	206	8001
9524	219	2188
10110	115	4478
4682	95	23015
1423	209	24553
1318	204	8252
22890	80	24448
2378	123	21926
9198	177	23358
8420	133	6101
3234	173	1034
4505	209	747
25410	38	21495
10356	205	21117
22856	1	7867
7788	130	9580
6326	115	22476
539	115	8175
2214	72	942
2680	39	2616
1541	123	4883
5307	93	5244
22150	115	3794
5575	62	5690
2968	123	7343
24001	93	4974
1617	106	21719
21664	93	1201
6603	1	8049
24060	209	2977
520	123	3137
4063	174	21053
22895	115	3469
6774	93	22785
8804	38	7044
7977	173	4060
4576	115	839
2637	62	24498
8848	123	3097
7443	62	6449
23637	80	22554
3088	72	21572
24670	173	8004
4355	160	9100
23457	133	24448
3282	72	151
6070	133	6023
22389	210	23410
8035	115	3878
3265	133	2566
3848	108	743
10020	80	2566
1159	115	8816
22375	80	1437
8230	106	23469
6644	183	3307
22866	123	209
6131	1	23407
1671	62	5118
23392	160	23458
1192	205	24170
5849	169	6765
21052	1	1484
22657	115	4661
24656	126	1672
3023	173	373
23062	115	23631
2558	103	21523
21330	160	23458
21545	209	3365
22839	133	22568
23651	149	1075
24666	106	10319
21764	115	1580
7646	115	22432
453	62	8552
8328	209	21811
8137	80	2566
6090	123	4900
22552	1	6147
21093	133	23397
8052	115	4455
23346	115	1301
9987	5	3245
7152	204	8485
23419	80	24998
4804	26	23628
4558	174	21053
8738	123	5028
6433	149	24901
6975	173	22941
9376	80	22640
22183	115	2370
3084	115	2760
7740	80	8906
3494	115	7638
2615	95	9821
169	160	23458
22965	39	7746
23129	62	23014
9289	115	8182
24927	133	24998
23355	160	6769
1571	95	5494
6616	133	22819
25139	206	23693
1638	62	2264
334	160	6769
22169	206	7487
24911	39	7832
21317	133	1515
6533	133	24448
1985	209	7845
8729	115	67
24670	123	21629
24975	80	6563
1297	133	9481
3264	106	25360
4554	115	24495
393	205	10116
1955	209	6136
9827	133	6563
23501	38	8987
21643	160	24778
7328	160	23458
1539	62	10402
10306	106	4430
24605	103	648
8595	123	22695
3572	103	8465
1914	115	2898
9443	174	2962
5954	95	30
2815	204	3974
6313	133	6869
9273	62	22467
24746	206	2252
5576	62	25324
24402	173	7489
8518	183	8464
24219	200	8543
24709	115	10162
4161	39	8029
22178	206	9290
4357	78	4308
5642	115	9553
6358	80	24448
21292	115	839
3980	133	6563
1931	209	5401
21205	115	6004
10176	206	2641
23974	160	22294
2140	80	6869
7561	62	6353
23096	62	21497
5413	209	3365
25188	72	7726
7441	143	7292
22888	95	5136
871	42	6096
23036	76	3944
4057	131	2262
7352	115	2847
6335	173	2973
10236	95	7159
22435	62	676
3725	115	4021
6295	143	25434
6848	206	8626
3282	76	4794
7629	80	9028
9809	206	21621
5651	62	24674
7328	160	22294
7480	115	23004
25100	106	8239
6183	209	25313
22380	133	6869
2264	62	6482
2609	206	21392
556	115	9454
10425	93	9654
22490	115	1678
7566	160	23458
6616	24	22819
6268	62	22892
5804	95	24422
24966	173	24019
22734	115	1184
23201	115	24919
2379	204	3567
5155	115	24823
22408	206	21394
23191	204	7054
8795	133	22424
7177	143	3014
23900	160	9100
25014	80	9481
1258	123	5089
9495	115	4067
1599	106	21165
25090	123	22163
9588	209	6540
1796	115	2319
6457	183	1926
5009	206	1905
6549	173	1967
2364	123	4744
1047	80	23308
22045	63	9776
2975	204	262
1477	106	22610
10087	115	6490
25030	206	24716
3304	115	8141
2464	133	2587
3720	72	4884
7356	115	23122
4250	95	6697
3214	143	25
24307	115	10088
3542	1	1484
2845	1	8694
21842	115	5654
23761	106	7075
7278	143	1600
1241	115	4661
9946	115	2160
6223	123	8814
25165	58	21626
21571	206	3622
676	108	9412
5065	204	23070
22814	123	5640
5186	80	21778
1016	103	5207
3840	209	1837
666	130	2962
10152	123	1368
3269	115	4775
24401	115	7661
7720	115	21406
1069	62	22366
10313	123	7084
8964	95	457
7623	12	23121
9309	150	23414
128	179	6869
21991	210	1593
22325	123	23115
21062	58	4658
24919	80	5669
25072	148	5205
24824	130	6104
7609	95	10452
2017	80	7900
7356	115	378
8401	62	6489
23204	5	7900
4779	209	1549
3565	95	1838
8085	209	4050
6833	62	23417
3615	206	3646
2047	7	4805
3752	149	2532
7143	131	335
10037	209	10359
24736	115	5060
9149	115	7515
9621	80	9623
6653	1	1070
21308	95	10452
21512	180	7629
21364	114	7454
23202	80	8874
8349	149	21796
25095	115	3267
806	115	2909
21332	206	4499
7229	103	25296
9667	108	9412
7021	6	5823
3494	123	1368
5735	62	4307
513	173	6536
1049	80	4160
4030	173	8396
8388	108	9412
8339	115	6186
6454	206	1217
5279	115	21380
24579	206	23184
465	115	8879
23791	173	21487
24567	82	2320
5445	133	2566
3852	53	9875
25296	206	22602
10163	39	4717
7424	115	3287
24990	173	9619
3307	173	1034
9276	106	22399
6894	106	2913
8930	38	9535
10220	200	22653
6773	108	9412
10499	95	8012
922	133	23333
3868	160	21905
9041	131	1108
5046	1	1070
5172	204	22256
25373	80	9481
1725	205	9032
715	206	23154
8467	143	8181
2125	115	3450
23329	115	22764
23311	62	7112
9269	174	3571
3808	115	409
381	80	4790
3670	106	8839
21458	115	22417
21893	131	22046
939	160	9100
6177	143	529
3068	35	10284
24047	115	24106
23502	115	2370
25225	210	21081
7619	131	8108
24450	95	21970
24317	131	2540
8301	106	8379
673	115	23238
21031	95	23645
5687	115	23708
21959	80	23747
22938	62	22616
21694	160	22294
4350	115	24870
4943	115	22461
2680	76	2594
10308	80	2566
21986	115	24130
22570	103	3430
5492	93	3235
1220	133	22137
21149	62	147
1546	115	1880
24658	80	722
7617	80	7900
24660	205	23971
2552	173	2475
8160	209	24941
8094	123	189
8591	174	9619
7640	206	5790
1904	39	1153
6483	106	23396
23519	133	5299
671	205	24162
2701	133	2566
24071	108	2694
2578	1	508
1274	115	22127
4294	194	1266
7024	60	24536
22557	80	24110
22759	115	9527
7391	173	8293
21256	173	5734
533	133	3796
8673	115	8496
1651	62	10489
8628	133	1078
21910	131	7619
10204	206	8017
24047	115	9010
23392	160	9100
4903	133	2566
4409	115	2848
7345	173	2967
597	115	24965
1656	108	9412
21333	62	23071
2240	115	9318
21535	123	7754
1467	206	24353
675	115	378
1970	123	1530
4625	130	8172
21344	131	5291
6809	133	24448
22434	115	24191
23118	108	9412
22263	80	24857
23786	154	460
21842	1	508
7458	35	6869
6957	1	5447
22350	133	25103
24407	108	9412
7478	123	8605
3822	212	23671
2397	173	8659
5380	58	9125
8647	115	8557
1002	206	24790
8019	204	466
3679	123	450
10334	133	2224
5880	160	9100
9886	204	7874
7550	115	1161
5061	173	10219
22137	150	21077
21350	126	21044
7936	209	9756
3239	80	7201
2685	115	6601
4260	151	23015
21079	115	8999
21823	80	1247
24093	80	9891
919	80	2224
5966	42	23943
8586	115	1000
4809	80	24540
24334	151	21053
9858	75	238
7452	39	2761
25435	133	24998
6644	204	5071
5436	209	9672
24747	80	8921
8516	62	22207
5774	153	9048
1327	200	24583
22369	95	8775
8249	210	8176
6825	108	743
8598	115	5820
7969	80	9665
7908	115	23111
1062	160	24239
25359	174	8842
2426	173	25086
5665	123	8957
23928	1	8049
7520	123	5971
2411	123	9059
7430	80	2566
1717	76	24901
5889	206	23206
415	13	10312
9572	173	21201
21763	115	7638
1339	173	9456
22278	209	4468
7806	209	23286
21998	62	2166
8972	115	4896
7249	108	24998
21050	115	6766
21029	133	6563
5857	143	8474
4181	206	2721
22217	173	9852
23672	80	2566
5549	164	893
6160	115	7192
21356	80	9105
1445	133	4805
9657	62	3700
7853	62	4679
1214	215	22768
8492	80	22221
6619	123	2675
6118	95	855
21290	80	9875
21124	80	22733
23690	80	8703
7896	133	6023
3763	174	6956
22305	115	3238
5891	1	1070
9416	67	6563
409	76	25077
8758	115	418
24950	143	22684
6587	115	3419
5281	190	23622
9238	62	5479
24559	206	25360
2613	173	22334
22346	173	2909
21045	115	22380
990	115	4878
695	72	2045
22654	206	5630
9899	123	9619
9109	204	10235
9968	143	24105
7637	209	2039
10189	160	6769
5910	173	372
4661	82	8290
7471	115	649
7784	80	2566
4299	173	9053
4676	123	3567
1193	103	1854
7299	205	10116
2462	40	6530
23790	204	3567
3203	209	7972
1554	39	21953
3840	115	9067
2679	206	880
1406	174	6275
25295	123	6865
7534	173	25086
6039	26	22836
4771	131	4722
9706	115	10091
10322	80	2728
8656	1	1070
21937	115	6638
3367	106	25157
21154	95	8912
23804	204	8252
7167	115	22385
1292	1	24007
2491	80	7632
5051	106	8904
7755	108	952
24930	204	8252
25457	7	5472
23025	204	24951
23571	173	5997
10323	130	7852
1043	146	7474
6061	72	4973
21236	115	6393
7093	62	2797
1840	106	22520
21615	6	748
22022	80	8809
24865	173	4661
10073	115	24666
582	80	2011
1007	39	6058
9413	180	22664
8954	93	23899
278	67	4790
8592	144	8906
8164	173	2663
2201	62	4232
1668	115	2447
4580	115	1232
5745	180	21786
21197	106	8630
9753	95	7799
24902	31	1595
2247	149	25226
4797	53	5268
23193	115	3760
25076	1	1070
3306	38	1161
4219	39	1052
22889	115	8778
21827	204	2727
3720	206	2540
3877	209	23409
5324	160	22294
23322	115	24435
1837	108	2694
483	1	1070
3754	173	4411
8322	80	3523
1583	72	25041
1978	123	5227
23143	115	217
289	123	10282
24249	204	1156
6218	62	6039
5133	115	3446
7654	123	9107
24609	80	21438
10480	123	24705
21859	115	9520
192	103	7434
2552	115	6846
23102	62	955
5193	123	9336
495	130	22092
5971	131	5950
24476	180	23320
7834	207	830
21168	206	2976
23515	80	2291
7999	106	7773
2414	204	3974
12	95	8512
21189	18	6138
24393	204	262
21828	1	508
8652	174	24578
8152	115	9494
21448	131	10217
4682	115	9458
23719	133	8906
2581	95	7731
4632	123	23177
5793	143	6263
10482	115	23708
6962	173	3331
2582	209	6204
9224	149	9907
9981	80	2566
23268	80	6023
7033	123	5401
1074	115	3790
6209	106	7304
6097	190	6079
2080	39	21645
4376	115	3058
22229	108	9412
3021	103	23627
21699	62	9062
23222	174	22653
9476	131	3350
1375	80	2566
23279	80	8874
24697	115	21463
25471	133	4026
4654	115	23424
24996	12	1010
25392	80	9665
10209	80	22733
23300	133	21123
22374	80	1710
2858	88	22497
6698	115	9580
10420	131	23732
21662	206	1461
175	130	23881
4646	174	22092
5610	80	6023
6804	149	7238
8934	196	52
4130	58	1034
22452	115	3538
9398	72	5801
6500	80	7522
1385	115	469
690	95	24422
6421	177	6869
22609	209	10454
1268	62	24411
930	114	9265
7700	115	22611
5822	39	21073
8356	80	253
21717	124	22437
10393	115	4061
4891	26	157
24017	95	777
3503	115	23425
22094	80	4085
6889	62	10270
7520	1	508
22656	93	5991
3641	173	10435
7652	115	3975
24760	156	3124
1846	108	9412
3609	173	6104
5961	123	353
9106	131	3776
1096	40	745
24291	209	7003
21651	115	10359
22513	115	517
23502	173	7822
21907	115	22653
3331	80	7900
10093	206	23998
1309	115	10432
224	115	7723
21037	115	5020
22274	106	2750
3077	108	7783
23154	106	4204
3073	95	7799
2678	170	9224
1397	133	9623
1540	160	9100
6052	115	23708
9431	58	24766
10049	115	4651
8257	206	1354
2173	95	855
3915	1	1070
21545	115	4857
5904	173	2915
23616	206	22414
7059	115	8360
7447	115	23316
23847	131	2262
22058	115	9865
8973	202	6145
1853	205	5700
5142	177	23873
1772	5	6869
2848	206	5403
24992	149	22749
7311	160	22294
24089	204	24951
4166	173	22092
22637	130	2711
24328	51	25227
23162	115	24424
23701	80	3012
1698	93	3645
4582	103	3626
23012	72	9120
23558	106	21334
10431	115	4775
4616	204	618
3017	1	9749
9126	168	6120
3031	95	855
982	58	22092
24395	206	730
1030	204	5869
9845	58	1772
3216	80	7305
4369	115	3491
1806	191	4031
4497	180	25206
8433	133	22960
7391	174	8293
9911	143	22166
3134	74	716
6941	106	6102
5687	115	21375
6583	115	8246
4798	115	25051
1882	133	7900
21308	1	1070
7961	209	5348
8340	174	5984
914	174	4701
2961	133	22469
7178	123	7861
9972	24	2313
8522	72	6038
4186	102	9000
8060	35	2357
23750	1	1484
21455	108	743
4679	62	3635
21791	115	21504
23497	123	8189
8376	62	22999
383	115	22991
6375	210	21386
1324	80	24448
4296	115	7271
2106	131	2603
5121	151	146
3550	103	8639
21874	209	3349
4978	115	1951
5668	1	1070
298	123	4050
2518	209	5401
24509	106	2221
185	80	8759
1433	130	22163
6043	115	1276
4537	209	22584
3861	209	747
21765	80	5777
3444	130	9840
8240	125	7872
24890	115	21813
2660	183	1468
1316	209	4661
22471	205	25402
8751	72	3965
10111	80	2566
3048	1	1070
2830	80	22733
2473	115	7128
22759	209	7382
22272	183	2422
2865	115	23506
1236	133	22424
6456	80	7834
23895	62	969
4538	115	4067
5146	115	23736
25084	173	22695
3281	209	9336
2564	206	9379
24809	115	22926
9862	115	772
773	123	1763
3913	133	9623
6478	206	188
1307	95	25180
456	173	24034
7545	115	21793
22665	174	6011
4492	62	24925
22109	169	5075
21499	115	9462
21807	40	3777
8590	160	23458
6276	80	9623
8081	173	2150
21990	209	2658
2731	103	1118
1796	180	7629
24057	93	2366
9555	103	6721
9433	115	3091
9385	204	8252
9915	123	24766
6098	183	21200
23409	80	10202
9232	115	4037
8660	62	25324
2485	115	23768
1600	204	2727
4845	173	9619
2590	123	7003
5671	123	9739
4760	66	22658
7014	123	8168
6415	103	8494
23895	62	8801
24961	106	1584
8894	170	21571
6643	39	5593
4505	95	747
24563	35	25013
6239	115	21824
10216	123	9059
24700	80	1448
10450	62	23846
332	160	1458
3533	133	8874
3651	115	25170
2471	106	22426
9490	209	9110
21750	115	183
9831	206	23839
4337	80	4971
24113	115	21487
1105	173	2089
716	93	3134
6294	209	6419
7897	62	10079
21646	204	6138
144	209	3330
21918	123	3812
7752	72	2012
8369	115	9494
25443	39	1052
5049	206	24349
2286	160	22294
23334	133	7201
23381	123	25339
6638	106	8234
8114	62	3635
4419	115	6980
219	173	1912
3	133	24491
4599	80	7900
3059	206	5553
866	123	22163
23868	93	9949
3924	115	22476
8634	26	261
5855	12	1010
22211	173	6536
9306	174	7984
24856	130	2711
24419	95	9387
125	63	8009
23904	115	9527
6034	149	23608
23625	108	24998
3828	62	1449
22087	62	23439
6767	22	21522
9933	130	6011
24424	80	4160
24362	80	24896
3110	95	5136
4213	106	8450
489	204	6138
4895	78	9157
4174	115	1736
8546	115	5744
2299	97	9124
6888	173	9053
22234	72	10217
1461	206	21949
9688	209	1629
4070	204	6599
9764	90	2129
5306	115	7843
22765	80	24163
8249	173	2769
9091	115	6976
23010	160	9100
25085	115	4791
10434	115	10434
2812	115	4060
8788	173	2624
25070	95	5136
2978	150	23183
23754	123	3904
23899	103	8954
24475	39	2761
998	174	22149
1172	115	747
1163	133	9188
24599	115	8116
8573	115	21871
4126	115	24138
3637	115	4082
4839	115	10053
3211	123	926
23438	209	2758
23522	115	3682
23352	160	9100
8753	39	8029
10063	143	7802
5092	80	21123
22291	58	22291
24356	205	5201
4877	180	3638
119	123	8659
22602	106	2189
4926	115	6312
2900	204	3567
6677	115	428
9995	160	22294
2884	209	6758
3049	93	25292
10166	204	8252
7066	123	10075
7254	80	6869
6464	133	23677
2992	206	8830
21374	1	1484
21425	209	10023
1014	115	25351
25305	1	7867
2395	206	9617
2316	209	23885
8788	123	25117
3959	123	22013
10138	115	8582
1418	204	5071
6259	206	24021
381	126	8831
2091	115	21302
22335	206	23509
3029	80	6869
7325	95	5656
23580	95	6697
4776	35	8908
3799	39	6058
8568	209	747
21807	106	22187
3291	62	7691
4140	72	1576
24043	93	22656
4904	115	2692
7289	174	2962
4453	106	4080
1908	115	2908
10248	115	24727
6117	115	5204
7536	106	789
7624	209	796
2777	95	457
2185	14	6846
6888	174	2711
270	131	5204
23793	115	7255
7909	115	747
3819	80	5669
5024	206	21727
10074	115	971
5867	62	6754
4469	130	5997
8120	130	8842
25056	106	554
1533	80	2895
2259	130	22984
1614	115	4775
5389	75	8206
4740	106	9115
7331	72	3751
4004	80	9849
9839	62	7361
791	123	2399
121	115	5303
4687	58	25218
5130	206	24065
5193	115	8172
23296	210	2883
25380	108	9412
10255	115	4775
21740	173	2901
22026	131	1387
24824	183	21325
75	6	236
21830	67	7783
24634	53	22037
6588	62	150
21729	123	4462
4899	95	6625
22158	123	7981
842	204	5869
7866	173	2399
22010	115	2621
21444	115	9853
21730	115	22995
7019	14	8992
10051	203	7338
10147	173	22189
4983	115	25174
9376	93	9115
2828	115	3527
7156	80	7900
23983	115	369
3353	62	7293
7292	95	8113
9106	131	6040
357	174	9708
1497	123	24145
2839	149	24448
9386	115	956
2154	133	6961
666	183	24514
22794	173	6597
5930	206	3098
9366	22	6869
446	209	7577
10161	206	9183
9438	95	8775
2891	133	5480
22532	123	7314
3767	115	1276
4822	80	9044
6599	165	21553
21842	205	5201
9906	160	9100
25121	26	9841
22693	58	21276
4150	209	1635
72	93	665
6397	160	6769
23120	63	10349
2258	80	6564
8110	80	21565
6988	123	21852
525	123	2296
7853	62	1935
4231	204	2727
1068	129	237
1625	133	9412
3351	115	21142
9312	154	8809
10381	160	9100
22681	115	8139
9297	209	8517
22675	131	8522
5569	62	7361
657	80	22733
6556	206	8414
4461	143	794
21935	1	7874
9341	53	4790
4557	62	807
1655	205	24658
6581	95	10108
21303	106	23569
10188	115	517
10436	115	10162
5926	39	5528
4438	206	10129
4267	80	2728
929	206	3194
21509	194	1266
24455	160	6769
10400	123	4496
2576	115	4352
1200	209	6540
24679	143	4331
2555	115	7409
8291	88	6253
24710	115	476
23683	51	22768
24621	183	5940
5374	115	9279
24489	115	1880
7959	72	938
2424	1	1070
22208	80	9028
22513	123	5128
22304	133	9849
5240	115	6267
5070	123	5401
2341	204	22076
9443	210	7598
2272	115	6273
2125	180	1813
2622	115	4724
1654	80	22879
22336	205	24162
10331	209	8057
5450	174	25298
5570	62	6062
3462	174	22092
9289	115	23404
3694	39	1225
4916	108	743
24863	80	1706
9293	133	9849
22677	209	24935
5499	173	2089
23204	206	8751
777	80	1727
5637	149	1980
2866	62	24504
108	115	24956
21210	209	7170
8592	144	21395
21295	93	3341
4450	115	23036
3951	115	6084
21908	115	426
1959	108	9412
5127	1	8583
8154	204	5912
4711	115	24900
4692	200	7929
4497	115	25453
10178	133	5882
24627	206	2534
10352	206	22421
9667	62	21178
498	39	1544
4693	62	21724
21914	131	5628
22398	204	10171
22734	1	1070
25423	160	6769
5157	115	23594
3284	205	5977
5584	206	9709
4438	80	25077
2476	106	5396
6548	123	24333
7482	209	22354
25413	62	25020
3753	106	21663
21182	95	23191
22474	173	22189
3607	92	1438
2252	133	9846
2086	180	24830
22841	173	4922
4538	115	9520
2421	183	6554
1630	22	4085
7894	206	10296
8244	108	2694
6749	35	4092
7140	62	5438
23895	62	371
148	160	1458
9239	209	21254
6066	126	23181
4223	206	3831
4554	123	9606
24141	22	24540
4949	80	6563
6815	206	24844
6918	12	468
23546	203	23169
8142	123	484
8236	62	2166
8937	115	21097
8357	115	22265
4232	62	2201
2955	180	642
4726	115	3300
8794	205	5996
22021	115	21479
5065	183	21043
9884	115	23911
6494	80	22601
9174	115	8816
2312	1	7867
2904	115	9782
3235	106	1414
24329	115	3091
23110	115	5101
4525	115	5847
1107	123	926
745	115	21765
3709	209	24176
3949	209	24240
24220	123	21533
645	103	5637
3710	80	8088
6810	115	8431
23513	160	23458
8074	115	21437
3598	209	24770
1728	160	9100
7868	209	5513
25490	123	6104
24036	108	9846
15	133	22424
25022	206	8805
6237	209	22443
6199	123	25497
435	205	21979
9169	115	24828
7705	204	3567
8288	95	4358
3681	80	24998
22265	206	23404
3923	115	22998
10055	209	5052
1384	62	7935
21014	5	5030
7068	133	21565
6996	115	772
8858	90	22242
4739	80	8718
441	88	7357
24750	131	25363
25186	173	25058
25265	115	23708
8205	123	4944
4690	115	5422
9971	106	3416
1312	115	6416
8828	39	1052
10292	62	21311
22641	115	4478
10194	72	3120
1464	133	22640
9543	183	9392
3658	143	7827
5577	106	6711
6220	209	23573
8090	80	6869
24848	115	1731
8261	209	22865
24481	133	2630
9232	123	2471
21430	115	4908
527	115	1057
7420	72	7103
21170	80	9623
7561	62	4066
6099	115	25493
23794	123	3904
21441	62	8351
21561	131	10338
9885	115	24215
9156	104	9156
7520	95	136
22474	115	23224
6281	133	797
21600	115	10406
5524	106	5567
1306	133	24110
1151	209	4655
9942	103	21165
21883	95	3778
6743	133	24448
24954	173	7754
4305	106	3279
465	173	8879
5484	160	9603
498	80	1247
3374	80	5772
24803	108	8809
6402	204	23070
22989	80	6869
2258	80	8874
1226	115	5022
7867	75	23177
4700	123	6021
6125	131	7031
411	80	3795
21041	160	6769
1122	123	1034
9781	206	9478
1317	123	6865
24878	115	9598
8580	115	9459
5562	206	4204
2313	94	4790
25047	35	6869
21335	115	4264
25290	173	24935
22260	1	508
2267	183	22286
701	53	1437
8312	133	9875
3037	123	5089
8255	173	21072
21433	62	9273
644	160	6769
6084	80	24730
9357	173	4922
25359	123	21046
9535	58	8930
3725	205	977
24394	115	244
8441	173	9431
10294	115	7337
23839	72	1104
888	115	24931
3968	133	22749
9033	184	5582
9959	95	4887
24173	133	89
3453	80	6023
8964	180	1891
4244	48	22019
3355	123	6340
6543	106	2641
5618	115	3373
23327	80	22640
1391	62	10021
10324	209	10291
920	80	21442
2839	133	24448
25405	204	262
22265	131	1329
4719	72	8010
508	55	9936
22448	130	2962
4415	115	3963
23390	80	24163
22785	206	3360
917	115	21217
5846	149	25226
24253	95	540
6449	62	22985
22492	115	2294
6163	80	1053
8841	191	4312
4927	80	3817
23946	204	8296
23474	130	8293
7424	115	2209
6289	80	2587
23276	7	31
8213	115	8814
7205	173	6758
25137	80	8874
1145	80	21280
6197	115	9684
21692	183	2919
21037	95	8775
385	95	2178
22139	115	24900
4351	62	21505
2667	133	24491
4892	80	9044
4277	115	4939
7895	123	24866
2677	206	23456
6161	143	9506
1020	133	24926
24921	115	4908
6687	150	815
7422	106	6738
9649	115	7381
5070	209	5401
21707	133	24118
21074	22	22296
24764	106	6028
8575	210	10363
210	72	1133
9508	206	5893
8340	204	24951
2012	80	7423
9579	108	9412
6989	106	4665
2166	62	21998
6052	115	4775
21853	115	9020
5587	200	926
22268	123	874
6876	115	5214
2703	133	24491
8014	115	6273
4500	149	9188
429	115	9095
2430	18	23473
1585	115	3579
8772	115	5060
5544	62	9839
9506	130	9580
5068	108	4790
25179	123	2327
6671	19	23786
8552	108	9412
8169	106	23017
25441	115	24234
24639	62	1069
23955	123	8992
5414	62	3677
3100	206	25327
5516	108	2694
5993	80	3129
7633	209	6629
23984	115	2449
2123	173	10111
153	108	22469
24057	80	22116
173	115	3185
1699	206	9713
9376	206	9115
24622	131	2083
9994	115	4491
25237	123	23177
6781	80	4790
4489	160	22294
22615	123	8659
1220	80	22137
1203	62	8993
21967	144	22579
6547	123	2329
23837	123	8325
4505	115	7947
1595	62	25386
22851	115	3375
24194	115	23993
10491	191	5942
3023	115	8812
8090	106	18
10141	149	23059
3404	62	5510
7534	115	2692
8280	95	7718
22024	123	4568
1483	173	10001
6942	1	23407
5184	22	9665
3633	80	2224
169	160	6769
24132	133	6563
8243	133	89
5812	115	5426
7781	95	21943
951	206	5008
3899	123	6219
22268	115	1173
5997	204	24951
8363	200	22385
21846	115	23587
3504	173	2999
3898	58	4130
8082	183	21844
6191	95	10444
10393	173	2139
7011	60	5774
3437	133	8478
8303	209	905
5358	173	3603
4933	62	4644
10405	131	3593
3237	183	7095
5811	95	10108
23955	173	10168
24257	123	4142
4091	38	23639
668	131	8798
217	203	5896
8361	39	22253
1203	62	23897
2390	205	23401
21915	166	2566
66	115	4154
23519	80	5299
820	131	2062
4945	115	23124
6360	209	22955
1845	115	24325
5421	115	8692
5979	133	22037
4932	146	22575
10276	62	1449
8482	62	21268
5543	210	23891
734	150	1657
24963	115	24852
21513	92	1687
3330	80	21450
5131	115	10045
21887	80	3345
9535	58	24517
1305	106	2060
324	131	23525
10476	174	22653
4637	173	24622
6416	133	22108
2631	72	6287
39	143	8095
4366	115	6846
8230	103	1019
7216	115	4426
4534	133	22296
1324	133	24448
1924	62	4933
5001	160	24239
21541	205	83
3207	206	8600
7428	115	9318
22763	58	10283
947	131	3033
4508	115	10127
1407	80	3653
9159	173	24830
23921	115	9900
4521	146	1881
22392	1	1070
7921	95	2014
7330	209	6700
1352	115	943
1573	106	9892
22923	80	2566
24830	80	1983
2444	115	306
5370	206	21355
21368	174	8538
5361	143	141
3483	80	6869
4407	115	9948
21567	80	6101
4288	177	4262
5025	123	5909
2884	95	6758
9493	115	4775
4104	206	5527
22953	209	24240
2032	58	2032
4445	205	23706
22551	115	2750
2597	115	21379
374	123	5950
4418	183	5166
7286	115	24880
7446	160	23458
23638	5	21522
641	133	7272
9870	205	8502
1152	160	9100
5407	206	1599
4861	123	22695
25117	80	3817
4355	160	23458
2978	112	915
1787	191	3869
2963	209	24850
357	174	9158
21759	80	6563
425	115	3008
23261	34	4278
23757	106	754
5073	115	1085
6061	131	24750
9103	166	2566
398	115	1472
21835	76	24540
9152	80	24491
24193	133	1954
2807	13	21704
22216	39	9320
23656	204	6599
23451	123	10075
9621	78	364
24463	209	2139
137	123	8325
4382	108	743
8657	115	1880
4755	149	5299
3710	93	25002
24583	204	3567
22566	80	7349
23357	76	722
2455	72	7843
23926	173	25149
23484	209	23425
23417	62	9913
3144	173	23481
7393	177	6869
21297	39	9715
6425	115	8402
23642	160	6769
24777	115	4775
22775	95	8912
8633	115	6846
715	103	21416
22661	115	3590
22362	173	24012
22386	154	7900
8782	149	24448
23913	133	6101
184	80	6688
3030	115	897
4786	173	1681
1303	75	23444
794	173	5997
370	35	5825
22460	106	22059
9142	80	24491
23714	62	6354
21008	209	23286
22547	115	25163
473	131	21949
7537	115	7380
1700	173	22402
1042	173	8555
2276	1	508
3576	173	21171
348	72	5889
25250	204	2727
23051	95	8265
1733	42	23943
2230	115	1501
2209	80	6869
4008	209	6017
6224	209	24830
8870	115	6084
6505	206	8968
3657	152	25465
4635	115	657
4767	131	22145
8403	115	22837
1276	80	4262
8411	206	25499
8042	1	8049
9976	80	2516
5605	206	10208
1682	131	293
6574	93	9935
24930	197	1967
2328	108	4790
1332	133	1971
22954	115	6846
21999	131	23435
23269	115	2783
25011	206	22694
8949	150	5094
7313	124	22437
9818	209	22695
2279	160	6769
6479	115	18
2895	108	4790
24264	210	22073
8996	88	22497
6473	206	6747
23513	215	8031
3032	90	1273
5736	39	7832
21096	80	1136
5665	115	24503
10292	62	2858
2190	131	114
21221	115	8839
25237	115	23177
25025	108	9412
22616	62	24843
24076	123	9059
577	115	23441
865	189	3478
315	38	2014
21006	115	6182
1427	1	7867
938	133	6430
5648	58	9987
3932	210	22684
4226	34	21758
9004	1	7867
4460	123	10075
524	93	223
4965	115	10091
7587	80	1983
852	173	763
9071	108	8906
10013	209	9756
1024	209	7383
3931	93	1154
2604	190	8934
3220	62	23905
631	160	9100
22055	115	10238
8336	80	6869
1606	115	378
3278	131	10010
2512	205	3804
3819	204	2927
8375	209	9937
1977	106	2911
6333	131	6188
3598	95	4816
21478	108	6563
2398	206	3098
2420	210	23410
4499	106	2110
9914	133	21123
7283	123	2754
24523	106	8970
7383	39	9571
23895	62	3441
8441	183	23724
7763	115	8146
5863	115	9024
9094	209	3825
5398	115	7958
7351	115	4426
23987	106	5221
3441	62	4689
22786	95	5354
8377	114	5536
10494	180	4158
2598	92	22441
2069	35	9260
7942	106	6907
8958	72	829
2681	173	22163
678	1	8031
6143	82	3066
23694	80	2566
6191	115	10045
10128	173	7410
6222	38	10237
7438	209	2049
9814	210	21386
3871	115	3066
23272	48	5089
2318	205	979
24532	115	10045
21740	204	262
2448	26	21638
10084	123	4900
25223	173	24547
9901	173	5997
21170	67	743
5182	183	6042
8862	115	9204
7850	115	4283
21387	115	3670
6473	93	9723
1285	131	848
3373	80	9623
24301	24	69
22507	93	5736
361	115	9147
9038	1	4163
1548	115	5586
6197	115	9835
25417	206	1979
5750	80	4610
23536	115	7380
559	93	10157
1778	115	2158
8878	108	9412
3751	206	7331
5155	115	23150
7666	174	2920
3521	80	2566
1297	133	23747
22193	149	4673
21532	115	22181
10271	173	3996
906	190	6631
6003	115	5239
8880	131	25489
22517	209	22457
5518	115	25128
24742	115	24838
296	115	5128
3752	72	1989
5425	183	21193
5665	115	9210
23635	22	2566
4497	205	9032
23030	115	24642
4889	123	189
125	133	23747
4642	133	7783
8539	62	21035
4278	151	6301
7428	115	7653
8904	93	5051
2062	131	23653
21009	115	9729
9786	160	6769
7041	123	9720
8566	115	2294
7207	39	21073
2510	115	8739
638	209	2345
6108	205	5756
826	209	5750
654	115	22174
1639	62	3404
23825	115	22748
4360	72	24242
4796	115	4038
7052	115	8057
7994	173	205
3021	206	7999
21570	115	4932
4063	130	21053
24902	97	7399
1496	143	2681
2171	146	7709
5635	62	6257
10021	62	2493
9487	62	10378
9192	143	22932
2732	131	7172
5124	62	25343
23638	38	8987
10256	80	2566
6091	1	508
9886	143	3577
7353	160	23458
23417	62	10380
9341	142	9412
1160	111	7695
22072	80	2923
10135	206	10261
4109	183	6468
2549	173	9597
23043	62	5755
24889	115	21479
25356	123	24814
7710	115	5022
22284	174	10237
3746	204	24951
5648	58	5820
3420	166	1710
6141	115	7870
23050	115	24852
6131	95	6625
7616	115	22174
8411	206	1439
2019	173	5620
5778	143	6965
8305	125	1299
1539	62	22430
2237	123	10242
22576	133	24491
7623	72	4140
6866	115	4661
9168	103	21690
1329	80	6869
3302	131	4522
24550	115	22557
22818	13	24399
24548	206	7230
8325	204	5912
8479	53	24163
7575	150	1448
5861	81	197
25138	209	3078
25365	133	23169
4162	160	9100
21150	123	5401
997	108	9412
7635	115	3963
7033	209	5401
5037	115	23744
41	115	9964
8647	115	497
23884	149	25167
64	1	6645
7315	62	147
21161	174	10318
2613	115	9964
5517	173	5986
1894	115	3446
5958	58	22092
5357	204	3567
24076	173	8293
10413	115	2692
23840	39	5470
8559	123	8957
8245	206	24341
21100	133	1437
4373	115	24666
22942	80	3992
9361	123	23234
21301	123	25117
3517	183	9915
23577	206	1718
2122	1	1070
9798	108	8679
7032	62	984
201	39	21073
8846	209	2614
4529	115	24800
24182	149	8679
3502	194	10231
3811	102	1303
5473	209	9934
8537	183	10137
7662	115	6680
1040	115	22018
23698	80	9105
5234	115	7870
21807	72	22187
2873	115	21936
7975	39	22253
9445	115	6506
23438	158	2999
5007	115	7723
1890	12	21054
116	80	9481
6116	115	975
10197	173	24156
23258	209	24830
7881	173	8841
25131	143	24528
22945	13	10312
5732	103	22072
8885	115	4999
9734	106	5554
21155	130	7042
10123	180	4683
23764	205	10116
24516	205	21906
21494	80	24998
8400	93	22829
8638	95	9560
6593	108	4790
23181	103	24308
6696	115	4882
1825	62	2858
8864	115	3792
24223	143	22429
7978	123	4574
23392	160	24239
7609	115	22690
22620	133	69
3571	58	25392
227	80	4971
2742	190	23622
22572	72	24148
21431	62	10122
171	1	22277
9821	204	21331
23321	22	2566
5036	173	24493
21485	95	1253
2904	173	511
24241	131	8938
23155	108	9412
22199	95	22225
22433	209	21108
9836	108	9412
22357	115	3963
3734	130	23257
2007	72	21264
4141	123	6452
8203	173	7743
21211	205	24678
9047	183	7807
10113	206	9758
4242	115	24513
1342	123	6929
2837	205	22928
22258	80	5548
2725	160	9603
5230	173	6275
132	115	9039
21187	26	23472
493	115	983
5246	189	8853
1150	133	9846
1256	84	23671
9742	115	2909
10079	62	7897
1366	180	642
7289	204	7874
24022	215	7082
23672	206	24564
25018	206	1945
8714	179	24163
3639	62	1110
6804	149	9045
3899	115	6690
2408	39	9320
5597	62	22901
9926	133	68
23218	166	7900
1393	62	2137
24805	115	4060
7990	133	2566
3271	183	23801
2674	115	2021
987	95	6697
6280	106	22224
6963	80	10202
8945	80	7900
5801	80	6688
371	62	22285
2429	62	23763
23966	206	22784
8049	33	23619
21815	80	24998
9011	183	518
7941	206	8374
10160	115	1799
2537	115	24733
8243	106	22007
10135	106	961
6951	206	9133
23349	115	16
24600	115	1799
9658	200	2962
560	80	9990
5764	95	7221
2385	95	3583
9049	130	6275
4762	173	21372
24674	62	22538
2639	80	21450
3199	80	7012
23059	35	1399
6569	149	25226
22857	160	23458
2642	205	22652
23170	133	7900
6212	173	5986
7468	93	663
10491	191	24334
10347	173	6275
1513	209	21171
9863	115	5278
23349	209	7290
21146	123	25350
4766	177	9907
2374	62	9757
6886	1	2810
6624	103	22372
10044	103	10208
22134	58	4091
2719	209	6393
22790	210	10363
1133	39	9320
6508	115	21415
4598	106	23742
21064	123	4701
7860	131	22308
7470	39	5896
5058	115	7310
2071	115	1550
9775	191	9396
315	204	24951
6534	115	2209
25216	204	2430
9561	183	22612
505	72	25213
2958	174	21220
23609	95	21548
6635	206	5363
6065	173	21108
23889	115	9147
22489	62	23395
23891	143	2883
22445	205	24719
1732	209	747
6354	26	1701
24287	209	1373
21441	62	6589
4512	115	22797
9150	108	9412
7160	115	4902
9571	166	2566
5769	106	6472
5697	1	7867
7857	173	372
622	168	6430
6992	206	3663
3059	80	89
24713	184	9859
24382	92	1043
21882	80	2630
1206	115	4093
24924	133	7838
128	80	91
1645	3	5732
8097	62	3218
1249	204	8296
24656	72	23840
9236	205	24170
4332	106	9619
473	206	22782
3630	115	24823
23068	205	24170
755	204	10235
8068	115	25028
5672	76	6430
4320	166	24901
8001	206	25132
5837	1	7867
1567	106	5893
1571	115	635
23387	115	7709
8645	80	2224
24976	80	23308
4365	215	25227
5920	5	797
2786	80	24276
21648	133	1078
7762	80	10301
9183	133	7834
1383	210	2002
5119	115	10253
2911	206	7762
5042	115	24298
3264	206	23888
5011	17	21839
2981	115	897
23551	62	24256
1855	80	24784
6471	115	8338
22155	209	21417
25134	173	6104
3728	1	508
4348	115	23404
3567	51	22076
4851	115	183
5198	95	1034
9740	174	5921
1163	106	6574
740	133	6563
7319	72	3846
21319	80	2566
7460	80	21967
2137	62	6157
6420	62	23760
23054	115	23708
8655	26	8602
3454	115	21251
8822	123	24247
4498	62	7835
4936	80	9623
6438	115	649
9883	183	9132
1393	62	8817
21894	191	9674
5318	39	2009
25202	80	2728
7075	206	7332
1054	143	23026
22596	173	24012
21886	106	21312
22196	115	8053
7939	66	23402
470	1	8031
5783	62	7897
2769	38	35
5576	62	2647
3572	93	1793
2224	150	25226
6065	95	8265
22318	133	5666
25268	204	2430
3058	80	6869
22525	115	4857
25464	123	8902
23503	206	4740
6050	173	25145
6413	123	5522
23040	108	9412
24479	149	6023
2319	203	6058
3379	123	92
1184	80	1448
22344	108	9412
24722	204	24951
7836	206	2198
2305	173	21367
7785	173	22189
1061	62	23393
24673	62	8388
9657	108	9412
2474	115	25390
6735	173	24583
664	80	24448
23825	115	1631
8374	80	6023
3072	1	1070
3337	131	24313
5206	204	5869
22270	133	1247
24441	173	2089
7037	80	24540
1561	80	6869
24595	133	24448
23219	115	517
2751	106	2690
23621	206	23995
25462	204	5912
5307	80	2067
6735	174	24583
5492	133	2224
8374	149	6023
4152	209	23633
1789	131	5303
3482	173	23003
21246	205	3105
1224	133	8027
1966	173	24156
22165	78	7858
24351	209	22905
9473	106	23597
2673	95	7159
22595	173	5089
24774	80	7900
86	26	7357
3149	206	23519
25265	180	576
23990	174	8842
6449	62	7443
7428	123	5971
6703	90	21071
9383	115	24668
3227	80	6961
9380	1	6147
3001	209	5326
3151	72	5380
1282	190	6079
7500	123	25339
23238	80	9541
9164	42	22294
3400	95	22979
24586	183	7072
3294	206	21277
479	115	7931
24498	108	9412
8480	115	23923
1024	115	23317
3671	133	2566
3126	149	25167
5653	115	21415
7181	115	5128
24889	115	25023
3598	115	199
6049	12	22976
2920	197	9456
6603	173	25043
25218	38	2901
21453	183	22665
10377	115	4154
2984	80	21136
673	123	23735
7647	82	3616
9062	62	7584
2699	115	8713
25087	80	7012
4122	39	4247
22757	62	1656
5265	80	1078
5706	161	24334
1277	123	6452
4138	103	111
9150	62	24205
3607	92	21399
1385	115	10127
24209	62	10007
3674	39	5145
6520	173	24453
10401	115	24325
4457	209	22843
23726	173	5089
7746	166	3345
9057	183	1121
7970	80	4805
4790	150	7201
5954	115	8579
8732	209	867
1274	1	7867
7493	80	4790
24129	39	8029
24555	51	8031
8092	206	23615
2957	39	8029
2253	90	5839
8801	62	22285
5618	209	7577
6592	206	820
8224	206	858
6744	95	6697
6344	80	4790
1877	115	22213
23795	130	24578
6908	173	9597
5676	123	9954
421	115	1092
563	80	6869
9850	131	22169
6018	62	7140
23430	62	7135
2786	80	22469
21277	93	5283
22696	115	3375
8661	95	1681
5351	209	23515
22705	80	24448
9985	115	3558
21327	22	24803
2527	209	24608
9621	39	21927
21654	173	8659
1297	24	23747
24140	160	6769
7456	160	23458
9789	133	2566
25082	115	4973
6615	115	2614
10261	93	23615
1576	72	6125
7352	209	6540
9987	80	3245
8825	115	2898
6374	115	418
9956	130	2490
10372	62	22088
10443	115	3490
7017	80	5669
5732	12	1645
3925	131	24241
5322	123	23085
7692	115	5554
1688	80	8874
3098	72	5930
1457	115	24249
3783	206	5717
21321	133	4918
21735	196	22067
9649	95	4094
1505	115	25051
3295	115	21274
2352	206	10027
9953	80	4610
1897	160	9100
22577	115	3618
10048	106	8008
21224	35	4967
5164	62	21728
23139	115	24773
9779	206	388
1301	131	23708
3274	205	9032
21413	173	24019
4569	115	8588
7017	80	2566
22598	115	24390
10003	1	23619
9968	130	25497
23561	1	2618
1859	115	24289
23797	173	10317
24056	115	1129
8657	173	973
8821	183	1775
22892	62	7076
5769	80	9623
22612	174	23257
8672	115	9371
145	205	7460
10391	123	6865
198	115	2760
2385	115	1191
22169	131	200
4513	205	8492
5648	58	4571
7340	80	2566
7914	62	23788
24532	115	8684
7804	206	23250
129	103	2509
5517	1	7867
545	204	7874
7704	39	21915
8998	103	5826
25213	206	505
3139	210	2883
2127	39	1052
6898	115	1857
22792	180	24269
272	115	8033
24040	209	24637
9003	115	4695
5981	62	10272
1570	173	9059
25017	108	7783
3325	115	7337
9856	130	5909
1318	123	22092
1144	123	120
9765	210	24781
23476	204	24578
2601	24	23747
21692	143	23755
4434	123	10001
4150	173	25175
23843	80	1247
8650	12	23426
3349	80	24163
3407	215	25227
8416	80	492
4381	108	5454
1298	1	22504
8603	108	2694
21050	180	1813
2177	115	24432
9389	93	22688
7497	73	24998
5658	133	24651
8067	80	2566
2964	102	22342
5824	115	24965
3249	133	69
6810	1	1070
24345	106	9147
1423	1	1070
463	173	8909
4745	210	1088
22077	209	22354
5497	204	22743
7324	143	22027
8120	174	8842
22227	209	22354
467	115	8396
9050	80	9623
23650	177	6869
23406	115	1618
4186	160	9603
1718	103	2835
888	209	21342
4240	53	1983
6786	80	21280
25014	106	24349
3601	48	23184
8753	106	5933
8157	1	23619
6788	1	7867
24508	95	24422
5098	133	6023
7408	209	9211
1295	80	8906
775	130	9619
2341	200	25298
2900	204	8252
23131	204	22076
3052	1	1484
22476	80	2566
8288	209	657
22771	82	23967
7120	115	21225
4582	206	6630
5390	123	24121
24584	173	9525
7446	1	9467
740	206	4013
3857	204	5869
21984	115	9520
8153	205	3804
2723	123	9580
21341	1	508
9241	206	3424
22849	80	6869
9255	103	7075
8448	173	2683
3808	95	8775
6378	209	7182
2240	180	8992
10122	62	8773
24554	80	2566
7071	160	23458
6782	1	508
3993	190	6079
22166	143	776
4278	34	7877
2025	115	8053
596	123	25497
1151	1	1070
22323	123	24608
24435	80	1136
10071	205	10023
22984	25	2683
9064	1	1484
10442	115	4878
25166	204	7874
5566	95	8775
9952	1	23264
216	209	1865
5423	173	6881
7736	209	7683
6223	115	1731
24518	204	7874
46	133	22171
21935	95	3499
8386	115	22894
3929	123	4496
5493	72	5589
21788	115	6842
10187	1	1484
9559	133	603
23809	204	22256
22333	209	9592
7453	106	922
7983	131	22114
7734	115	6976
24068	123	8630
2843	123	7367
25417	133	6023
23587	116	9412
23827	115	5035
22548	62	2439
21918	200	10237
21221	115	9196
6268	62	3182
1104	106	22952
23495	80	22733
7218	72	9344
23144	160	9100
193	82	9437
24380	129	23459
1904	39	21675
5484	8	9000
5801	206	9398
9745	62	3946
591	80	8003
8875	115	8146
9023	133	22043
4684	173	5089
3823	115	8692
3246	1	1070
21654	130	8659
2301	1	7867
22122	183	2323
2815	173	9158
2470	115	747
2085	38	22159
1848	123	6629
6823	80	10202
24865	173	8879
463	173	8804
244	80	25484
7239	115	9371
8065	170	22382
2887	62	7473
9344	114	7008
22646	205	5762
2524	115	1503
7449	123	4919
22146	22	3245
8667	160	9100
8279	115	5913
3210	95	6441
1613	173	8818
1200	123	319
8803	206	1900
4909	174	2973
2770	1	7867
1102	80	25484
23620	1	1484
2730	108	9412
8291	62	25406
8714	80	196
877	106	22742
3103	115	21997
25292	93	6624
1353	115	4417
7710	123	23996
2101	177	5472
24915	204	8252
23882	106	10085
10180	1	508
2227	80	25484
80	95	21366
24777	115	23708
1907	62	8401
23567	123	319
21942	106	2054
3669	174	7984
21850	115	5734
25492	146	8039
21741	62	23862
7011	60	2694
9602	133	6563
9019	5	9875
6096	51	22768
9653	115	5794
3578	206	22712
1941	177	6869
1138	125	9763
10477	130	647
8364	1	508
3466	160	23458
8050	123	1884
3454	1	6147
24210	209	3573
7846	115	5913
10401	115	22018
22523	62	9267
9302	173	25315
21056	1	508
22178	206	22326
5611	115	21302
6795	115	1357
23992	206	5843
10151	115	2324
7459	173	8818
9313	146	3918
23509	133	89
2952	123	8450
4442	174	10283
2720	62	3828
6016	205	8314
4346	123	4009
21158	115	22265
21211	209	24176
25497	204	2430
22768	161	3868
6548	173	24333
344	133	5299
3014	174	191
21542	115	4021
23659	173	4193
4359	173	9756
8636	115	2624
4777	103	3123
2470	123	747
3556	133	6023
5910	209	372
24187	1	7867
21898	80	21123
3842	39	5273
9762	123	5909
8454	93	21322
2811	108	9412
24407	62	1482
7483	173	8881
22597	80	69
25018	106	4014
25368	133	22137
26	115	8739
23029	123	22801
7828	62	23989
23804	58	7222
5338	95	8265
24281	206	24822
1526	108	9412
22257	62	7140
23673	160	6769
2106	193	2924
4122	72	2157
1919	190	6079
7570	174	9158
23014	62	7565
7879	115	7843
448	123	8630
1872	42	23943
6596	173	23009
962	22	5669
21520	1	1070
5637	206	645
25025	26	6384
7309	80	7900
10262	80	6430
23970	152	24536
24282	62	1987
3321	205	9032
2339	108	197
22249	206	2079
3236	80	2566
4520	62	23789
21415	206	5789
4297	133	23677
3084	123	2902
3535	204	22743
22610	206	21722
1580	80	4610
9157	63	4895
24578	25	5089
4666	206	9938
23355	160	24239
4039	80	113
1003	209	3401
25472	103	22032
23256	95	5354
21237	80	6376
187	115	6690
7437	76	1515
10289	62	4693
6591	93	1271
9778	115	8525
23002	173	9485
761	80	7211
8116	72	6125
10452	80	22137
21480	133	6430
4036	206	3216
2263	173	21751
9575	115	6628
7557	191	8520
21009	115	9520
22139	173	21537
7331	72	7400
7720	115	21142
25488	205	8517
21953	108	9412
22261	106	5773
8080	115	3682
3159	108	69
23981	173	22457
22985	62	6449
6623	106	25316
7904	39	21948
21076	210	8422
23863	115	8711
1609	80	2067
22012	206	21624
6336	95	5354
5760	115	24657
2728	35	113
8505	39	4702
851	173	2841
6297	80	24276
22539	209	2745
6723	215	22738
1842	80	2514
22731	115	7689
5707	51	23070
7194	143	23571
5039	115	21428
9267	62	8405
23193	115	8709
24653	1	23619
1048	115	9054
3033	80	7900
24846	80	25103
22894	133	2566
9379	106	343
6295	130	6956
175	123	3904
8535	166	6227
22257	62	5438
2123	115	7803
8738	115	23768
4960	80	22733
6303	108	9412
7477	115	22385
586	173	24935
8308	58	1521
22005	123	353
23941	170	1141
2724	115	7539
262	177	6869
4527	160	2419
5519	209	4375
6721	80	4790
22859	130	23257
4761	204	7054
7035	5	24110
4929	206	5143
4134	115	23911
24878	1	508
5478	108	2694
9130	209	21447
25369	72	21964
7314	80	2566
24082	103	2434
5575	62	600
8174	39	6058
2564	93	23189
8772	95	22225
56	158	23440
23050	173	22481
3542	115	6017
9617	72	2395
1330	1	23407
8478	179	5041
25026	115	4600
10461	115	4807
24630	106	2434
2298	115	8879
8684	80	24998
4430	206	6010
6092	174	23804
23810	80	6023
21282	173	1943
21847	80	2566
8901	115	897
9973	66	7750
22001	115	25170
9612	108	7783
10445	206	8540
5598	62	1935
10132	209	747
23981	115	3950
23502	1	508
25101	95	9410
22862	133	6869
23007	123	9304
6200	115	3473
3149	80	3914
21510	206	18
8774	5	3683
1273	115	1823
4249	149	10243
9150	62	4498
7461	160	6769
21976	173	24200
4783	133	8478
4692	204	8485
21131	133	7632
1671	62	1482
23715	123	5788
9834	115	6806
8103	183	8072
10200	53	6430
5831	115	5341
6761	95	23015
103	177	8703
6732	93	25256
22119	173	25149
6998	62	22892
23611	209	189
7983	131	4694
3960	205	22216
6432	133	7783
9847	123	8630
21853	95	3778
3644	115	1243
23297	95	6693
8868	80	22733
23152	95	8325
6946	174	21053
21623	209	6706
22876	173	24815
1266	16	8694
24094	72	21452
1014	173	6493
25268	183	6535
8788	115	2624
7353	160	9100
8945	80	24163
6103	173	21537
7656	209	24870
22899	123	2135
21857	149	25226
22894	80	6869
7029	115	2902
23473	113	2430
7712	123	8858
3562	115	6741
8628	149	1078
5394	35	24625
4518	204	5912
21885	95	23015
7075	106	23761
3816	115	2563
21899	115	24733
4345	206	23998
6399	39	3852
4265	80	2694
6732	206	1271
21917	95	10108
7408	115	9211
6718	123	3904
21588	80	24110
6035	39	1052
6179	123	9019
6549	151	1967
8996	62	1992
1055	115	4317
3783	133	6563
4786	130	1681
9942	106	6181
6086	206	8129
6774	103	3865
23427	34	23261
5701	39	5470
5215	1	1070
23831	115	24773
7983	131	22405
6285	133	9412
25001	103	8416
4731	193	23736
7329	102	6096
3225	80	2566
25061	62	21035
175	174	2920
4233	125	5520
472	173	895
25464	123	6865
3210	209	1686
22691	204	10235
25238	115	10319
9929	80	24540
1035	206	4175
24389	131	22830
8357	115	3483
6991	62	4368
832	106	22416
25044	123	2033
4232	108	9412
95	173	23277
7189	133	2566
4400	115	22023
24203	149	21136
10115	180	22216
7827	143	1768
24365	209	3917
24619	200	23257
9922	115	9580
8964	115	3375
1911	209	23515
4032	160	24239
2991	209	8992
8224	80	22749
7780	80	113
3577	210	4894
25177	80	9188
9313	146	6930
21148	115	2403
22257	62	23520
2234	146	3607
2412	80	6563
10303	93	10176
24714	72	8058
8808	80	6430
3788	1	23619
5776	1	7867
4766	177	2594
21535	143	22732
539	115	9155
24198	115	7540
23438	173	2999
21899	1	1396
1879	62	5791
6949	115	22375
6505	106	9790
557	115	25228
8910	209	500
24279	174	5997
21193	130	8842
1648	26	2232
25190	115	4970
1577	209	23885
1808	115	2528
6625	5	7575
10149	108	2694
4904	205	8122
23944	115	24106
1059	80	6563
770	62	8655
9910	173	6706
1321	115	9185
21263	115	4708
3987	35	5992
23623	1	6421
23633	80	8003
4575	190	6079
7910	62	2553
4724	80	22733
3142	62	9063
23140	106	3455
2179	106	4900
3340	115	6228
54	173	7557
4933	62	9273
22006	115	23902
7192	106	24456
6991	62	7967
3960	180	22216
4215	130	22942
8846	115	1951
21799	115	6871
3565	173	22376
7794	66	21302
3672	143	10240
1769	115	7612
23066	115	166
22866	209	22086
4548	179	23283
7837	205	8502
7429	130	22291
9529	130	5997
9957	205	8069
22871	133	7900
23225	103	8757
21214	115	6144
589	115	6737
359	80	22116
7816	133	6023
9003	115	21375
4931	183	24788
24656	190	6079
761	206	8204
23934	115	2760
4807	80	9044
745	115	4607
22271	62	8660
23137	160	6769
4516	115	22422
9594	115	7875
21493	209	10
8615	206	24613
2401	149	5041
24089	143	2064
8835	80	21438
24197	95	5136
25200	149	21770
23500	115	839
841	143	21043
3174	95	24422
23579	95	855
9448	80	6023
1553	106	21624
24055	63	643
4904	115	4038
2839	149	24491
5306	115	1057
8471	1	1070
1211	123	22258
3037	123	8012
21043	143	5065
2861	115	6737
25069	62	5595
4407	124	22437
5059	183	23432
6390	206	5976
2949	80	7900
22361	146	3607
22573	115	24727
22395	76	1710
4668	80	23677
1650	173	22279
8459	80	9228
6336	1	6421
8892	115	4708
3700	62	7105
7772	115	4970
4196	133	23979
2086	209	24830
3032	108	2694
4313	133	25465
6415	106	3424
8116	72	947
21505	108	9412
22766	115	4811
10319	80	2566
22328	115	25159
4446	174	25497
4808	133	23747
23344	130	2920
2539	62	4458
9411	160	22294
6446	115	21653
2159	173	23277
21581	80	24110
3747	160	23458
1428	115	4478
7220	82	21820
6937	173	25392
22934	133	24540
3234	173	6275
22965	106	7958
1028	180	4565
2245	204	9698
22027	183	7324
24766	58	5252
9780	173	21417
8815	95	7587
1917	123	209
9921	115	747
24830	80	3944
9358	1	508
24710	209	8250
21674	80	22137
3811	209	23444
8571	130	22801
6946	130	21053
24865	95	23015
21648	206	192
4480	173	21811
22711	62	464
8672	115	5303
1133	82	8650
7464	173	24499
24149	1	7867
838	1	508
23410	123	21046
21087	174	23257
6360	115	24668
21288	133	2566
6830	1	6147
23109	115	7931
1476	80	2566
22438	173	3839
5164	62	5040
2129	115	9166
9733	85	7962
25068	115	931
22946	174	22801
5958	58	5047
21025	204	6138
5894	93	6442
6557	62	1284
6898	115	1776
9034	160	6769
2930	173	6493
930	103	9898
24266	108	22579
4074	149	1078
23464	95	2827
24561	80	24118
5809	143	24568
23592	123	5868
4707	115	5680
10278	204	2430
8898	209	6500
4008	115	7245
25438	173	5703
4731	131	2603
23963	80	2773
24737	123	24180
1745	53	6785
170	206	3463
6510	106	24644
6800	103	6171
22337	131	7179
8852	115	6104
24189	108	2694
10228	62	21691
21704	184	2432
5809	183	25216
23381	115	22991
2190	131	1930
10443	173	22121
8236	62	6055
22693	58	2042
22327	102	23683
2841	92	25412
2468	38	2490
10424	209	24608
23549	115	972
7652	209	22216
5888	106	2416
1128	203	2456
24435	80	2566
3127	174	5997
2820	106	329
5170	200	23257
25274	35	4259
21878	108	9412
24007	113	440
5160	133	2630
6538	123	9296
7570	174	3571
24568	130	25497
5971	72	10168
2568	123	2675
450	191	21629
21084	174	24583
22297	115	6017
8948	160	22294
25271	205	23401
4584	209	8621
9129	206	10268
9744	205	22705
4558	130	21053
23153	62	211
3609	130	6104
2634	177	5472
7726	131	23630
22045	133	722
5842	108	2694
9982	180	2396
9126	35	4803
5441	115	1678
9523	204	2727
505	133	8679
10474	66	24845
9765	204	8252
24842	206	7319
421	123	22030
2631	80	23747
8148	80	2566
9491	116	21996
24181	209	1750
958	123	9845
4413	95	3778
8917	106	24608
5574	103	9138
210	39	22253
23536	95	10108
21430	1	508
5140	204	466
10000	115	10015
2143	106	10218
4537	115	8244
2863	115	8024
3892	115	2749
478	80	2867
24788	204	24951
24933	39	6058
8352	80	3245
7080	115	6610
8670	209	3606
5567	80	653
5149	106	22169
3483	39	9061
8401	62	1907
7801	24	4790
1843	123	4027
4316	115	9527
7251	205	8547
9808	160	24239
7011	60	4805
5648	58	9735
24574	173	25177
5473	115	7784
23244	115	22813
21632	143	10365
9908	80	2566
8395	206	7735
6595	115	24432
24257	209	22584
21078	133	22424
2103	1	508
23361	183	1076
9198	184	6452
1477	93	5553
8553	123	24192
23181	170	21571
8542	210	22684
7839	133	8003
2368	95	22225
3934	209	8057
4942	131	10382
9777	106	2851
23276	7	2694
5611	115	6846
2203	36	1053
24799	165	7608
46	103	3770
6307	143	4733
4456	80	9412
21582	62	24952
2954	35	2008
1446	183	23733
8918	108	8874
6910	160	6769
5647	123	6046
2047	7	9907
3943	115	22151
25310	183	869
21240	115	8525
10278	173	21208
24244	1	508
6539	123	22801
85	72	6979
3201	115	6818
514	80	6023
9359	160	2479
7960	112	24120
8991	115	2319
8042	115	24727
7824	62	25347
23425	80	5669
8998	106	1124
9192	173	9431
2210	180	10145
22005	95	7731
6981	39	2009
2615	115	24956
9072	173	9525
7062	115	2746
791	115	5475
10418	115	24155
719	133	9990
861	210	10247
24671	123	1087
8685	123	22567
1539	62	6754
2218	115	6775
5251	133	1078
6489	62	4604
5018	62	969
8157	115	21217
2469	62	9238
9088	108	5472
1688	133	5299
22844	102	7620
6516	173	22998
22353	209	679
2480	80	6869
24544	209	5077
7289	123	2089
6847	173	21124
149	1	23407
1020	133	23979
9982	14	24292
24779	143	9529
3233	115	21813
2642	95	5136
9401	133	22733
4420	93	21886
1973	206	8907
22653	38	5820
7051	115	23708
24183	62	23646
10486	95	3583
6095	115	24819
7787	80	22733
23892	115	8189
23801	123	3904
5469	190	23622
21054	103	1890
1648	62	1773
25249	205	3804
9943	115	21342
23609	115	1826
24975	133	6023
25049	204	7874
23198	72	3412
24309	80	7522
7425	123	3236
24715	209	5401
7179	131	6545
2466	72	2830
23565	103	21715
6471	115	4705
9507	173	23100
22658	80	4610
6813	115	22625
4986	80	25498
25431	6	2532
357	130	9158
23932	209	4050
10424	180	23833
8490	209	10435
21724	62	9757
5552	174	267
24297	80	7962
8040	1	6147
8682	146	4255
7512	205	6379
24762	196	23930
5969	115	23708
25026	115	3426
6627	62	955
22821	115	25388
8713	106	22208
23990	130	8842
23790	58	5984
7336	158	10237
1543	206	9241
21045	123	319
22756	206	8924
71	58	4734
1853	115	21816
5442	115	306
3039	205	8475
8370	106	25030
22772	115	8290
10161	106	5681
8188	115	10262
23058	106	22216
2698	160	6769
23925	123	1472
186	24	24536
21	1	7867
4178	115	6945
5828	143	831
6385	115	22295
8878	62	21311
4882	80	22221
21621	106	24258
5793	204	5869
2041	183	5217
9287	1	23776
6404	200	24442
8782	149	24491
24695	204	5869
553	108	9412
7152	143	5900
589	205	24986
8237	53	1437
5092	133	21123
22554	108	9045
24411	108	9412
10206	190	25331
3304	95	5354
21569	115	24297
5480	108	4790
24586	174	24583
7765	20	6079
3591	115	9018
24734	108	4805
24525	209	7592
4234	179	23671
10193	115	23426
4050	76	7900
6970	174	22942
22015	72	22280
1946	115	1550
2872	80	9481
9117	209	8992
25481	115	22837
1395	160	2382
6320	80	22621
4413	115	8024
4680	80	25050
6467	115	3760
25165	38	5252
4204	206	9999
1968	106	4787
7557	191	22947
7948	103	2751
6249	58	8826
21186	115	895
7901	115	21653
4202	129	6195
2133	80	1247
22492	115	7025
22259	108	4778
1497	205	1609
23540	206	6010
6893	133	9412
24563	35	6869
4936	133	21280
7692	115	5048
23428	115	22035
8368	173	4125
1210	115	3167
6221	206	6823
3621	115	3083
165	123	23515
22126	115	6273
67	106	9932
5618	115	21131
21974	209	988
9439	204	5869
22962	115	1301
21571	80	22621
3585	206	25056
2578	180	1891
3144	173	22998
9097	95	3690
3014	143	1400
23653	131	21873
24613	106	8696
5804	115	1463
509	204	8252
9697	173	8727
7820	108	9045
22073	200	10237
2314	80	5094
9598	80	9665
6937	130	3571
21241	115	24129
3030	115	21464
21333	108	9412
22946	130	22801
8531	72	6586
24467	205	519
9982	115	2371
5097	204	7874
21931	24	22469
5357	210	8381
10483	13	24399
7315	62	23883
5980	180	25206
1765	149	9007
10118	206	3931
5851	177	9503
5140	22	9665
1330	115	22431
8986	80	9623
6663	62	8291
10421	95	22886
3269	205	10404
24158	173	10282
21664	103	6454
4518	143	4467
3984	62	5595
6433	133	24901
8560	160	22294
4648	1	8031
24802	115	23881
7098	115	21142
8881	80	7783
4270	123	1772
6519	106	627
4143	80	1247
4544	90	6013
8086	123	9775
4420	106	25030
21261	115	4264
9049	174	6275
2191	108	4971
24028	106	9121
1107	183	8460
21826	115	3760
23110	115	7660
3498	80	7458
5110	173	25339
1075	108	24520
23040	62	8982
7573	115	9932
24112	206	3865
3163	115	2749
10462	106	2366
3467	28	8714
4451	80	23169
22823	115	21290
1714	209	21254
24083	115	5060
6787	115	166
21003	62	7528
9518	95	8265
22624	133	9623
6460	115	835
3468	115	23479
4017	206	3753
22314	26	23472
9807	204	21968
24825	123	5955
1211	115	4317
4650	80	9028
10224	115	3375
22052	206	21355
22939	80	6563
5131	115	3113
3210	115	5554
25419	115	8588
2411	143	1570
23542	115	24473
21279	115	9307
5085	80	1437
22957	123	25140
2792	115	9462
7065	115	25351
3355	115	4034
3876	106	10396
7447	209	747
23870	209	6705
2454	115	24823
21287	106	8494
6117	115	24130
24084	80	1136
21098	62	3946
1877	95	146
5388	143	25486
2758	80	24998
23465	115	24727
22897	123	1536
9464	115	1197
9591	209	22998
21946	173	9852
322	95	1212
214	115	21895
1887	115	9552
21337	173	24102
23631	80	7349
4523	35	2600
1970	123	2754
2139	191	5466
7464	115	9093
3371	215	440
22471	123	319
9121	133	22489
9251	133	6023
8149	177	2566
1853	95	7731
22820	209	24608
3703	173	5224
1019	206	23469
24049	26	157
24161	1	24591
21702	35	21450
7227	93	3758
4539	143	2435
9200	133	2630
5503	115	102
7095	143	3237
5312	173	21208
6291	1	508
23812	80	8874
8001	106	25327
1768	174	21598
23669	123	22163
25408	115	3189
7109	209	9046
5318	80	25484
71	58	23257
1394	103	2109
101	106	6857
23929	115	22265
5921	204	23070
259	80	9665
24399	184	2717
5267	95	23015
24618	173	6758
371	26	8602
8672	1	1484
10123	95	8265
4347	106	6250
1967	5	6869
22448	174	2962
6281	106	25432
3103	173	2158
5930	82	4747
9190	108	9412
8633	173	2475
24070	115	7923
21476	80	797
3816	115	604
1585	115	3244
7178	173	5272
23212	106	10485
3072	95	3306
24143	206	7505
5879	215	25227
8231	115	931
3339	209	24240
24538	206	24116
1656	26	6113
2646	133	7323
211	62	23936
5347	115	6980
123	115	25202
22854	115	2253
1190	80	25484
5190	115	2324
25428	133	8478
23019	209	2758
1337	131	6093
9756	80	6869
8275	133	9481
2286	102	1303
21579	115	7130
23775	204	2430
130	160	24239
7340	133	9875
21898	80	1247
1679	67	23747
22359	95	4761
24692	80	1710
7934	1	508
8293	5	367
8831	114	23861
2556	115	8697
23214	115	5239
6888	143	934
3071	180	22998
23402	80	21778
1515	144	24163
22953	180	4683
488	115	6818
6044	82	7007
10446	174	22984
1041	160	22294
10363	204	7874
1221	160	9100
6473	103	25260
567	80	9623
7535	209	24240
1202	115	10238
24107	58	2901
24787	62	22344
22783	209	23039
23281	136	2566
9044	35	6430
7259	133	6101
6435	95	22886
3213	115	24385
7615	115	4208
2484	123	8325
6037	205	8475
8134	206	9546
25375	174	2711
10198	115	386
1491	72	10369
22841	209	4922
24844	133	8478
5240	184	4496
4994	95	855
8986	146	10191
7477	115	9462
6616	80	1247
2294	80	6869
21416	93	3941
5406	209	4285
1424	123	5858
7055	115	21197
6431	115	10068
8983	108	743
6217	115	2124
5120	209	8024
1211	115	22258
8173	209	4809
23305	123	7580
7188	80	23308
21157	204	8565
4018	133	6101
5395	115	7255
6787	115	6618
1761	173	372
1640	103	1083
3430	93	22570
3203	173	7972
2805	115	5827
9915	183	8584
5635	62	6067
21615	152	6869
21190	150	7413
1910	115	2924
9748	115	5231
7980	174	9840
3085	88	10380
21183	106	23177
23046	115	649
111	206	24451
3949	209	7343
3092	160	6769
24827	143	1229
376	62	9063
7636	130	5997
2715	115	3375
10159	166	25167
24254	115	6515
24288	114	9205
4762	123	319
1020	103	25191
25219	67	23773
24754	115	24758
8090	39	9103
7781	115	7515
1186	35	748
7200	80	7632
1177	143	25131
3562	115	2360
4215	210	2515
6603	205	32
24116	106	7494
8573	173	5788
5546	58	24442
24591	55	4078
6421	51	23264
4582	93	6630
1736	72	9676
5834	146	1081
518	123	23180
6497	206	109
10040	204	22880
21618	209	1865
3669	123	7984
8011	183	6718
5020	80	5299
5398	115	23072
24268	115	9352
23982	115	10359
5154	115	24297
10354	115	25174
21657	62	24209
7869	39	21073
3893	108	22391
3836	115	6419
6813	115	8920
8419	115	2319
3952	205	1436
9921	115	5052
6309	39	1544
25459	1	8031
7225	133	3795
24642	76	2566
2065	204	24951
5192	133	5299
22329	209	1373
7303	191	24618
9425	106	698
4337	206	8353
9499	22	2566
24349	93	1786
6535	123	25497
277	133	7349
1120	115	25162
6025	123	21536
6739	115	23647
69	150	21123
7378	133	492
22842	115	8384
24154	115	3792
9089	26	157
8656	95	855
21298	80	1727
9714	130	4701
35	204	3567
23201	115	21406
9675	143	7549
21311	62	1595
23298	115	21815
8320	204	8252
7519	209	8621
9236	115	3062
4508	115	24473
23655	204	21331
21685	115	8220
7485	115	2370
24474	204	3974
8833	1	1396
1787	72	22974
6376	35	6869
8256	123	21226
22244	200	25298
7783	211	23773
5724	206	21439
3504	1	24262
21866	130	22092
4363	95	10108
10300	1	23407
4622	204	22529
3241	209	4509
4054	95	5136
1139	115	5426
4500	80	9188
8721	205	23971
21999	131	23591
5225	95	8002
24694	12	1010
24950	123	4571
8484	174	23963
6249	38	8826
9776	80	9515
23680	1	7867
3882	160	1458
9712	143	9191
6656	198	22799
661	130	3640
2332	209	9763
22268	123	4468
8494	103	9241
8077	153	21988
2737	173	9625
2013	133	2566
1808	205	8314
26	115	23745
23395	62	9271
1852	143	25096
1778	123	2158
9929	80	196
7734	1	24591
4971	153	2313
555	173	8585
1430	123	9606
5839	95	23647
4480	115	8415
407	115	22998
3320	103	7511
24738	133	23397
6774	80	1078
23857	1	508
9871	115	24432
22345	80	22424
4368	62	25062
5376	180	4291
4441	205	1195
2056	80	23308
4110	1	22504
3212	115	4362
10119	209	22216
5016	133	6101
23007	115	9295
7953	92	3607
23954	1	5389
3799	133	7966
5839	180	6316
6064	130	22653
890	62	10272
2766	133	24448
21733	173	2769
6313	80	4610
24914	130	10318
3087	130	6104
25383	204	5175
6763	115	1173
7520	209	1936
44	173	2475
3497	115	21793
5259	160	9100
800	123	21390
22786	115	2859
5860	1	23407
5528	166	2566
6042	123	7754
24505	123	21046
1373	80	8874
3758	76	7201
270	206	6061
3577	183	9886
22701	115	22412
23329	123	238
21591	209	7334
6032	1	7867
23015	106	21504
829	206	8958
23689	123	10318
8788	115	23150
9706	123	3606
6407	115	25452
23094	106	4724
3869	39	9066
23605	123	822
187	115	22950
9381	106	21690
4778	150	10371
3234	204	6138
5417	183	24169
22333	173	9592
6400	206	8629
6466	123	9059
3838	209	23177
22596	209	24012
7521	80	8874
5061	174	22653
22128	209	5213
8363	204	3567
9333	123	7170
24434	115	3326
4007	133	6869
23976	161	4940
25046	35	9612
23480	206	2911
22937	123	6290
8509	115	2973
3448	1	25468
3607	146	7953
24003	123	7784
21606	62	2856
4724	106	23094
7603	123	25497
3706	53	113
9231	108	7783
2254	133	69
5617	115	24503
9688	1	1070
9569	115	22575
24028	133	4971
21579	115	5359
2210	115	9058
6636	131	7350
9380	95	21199
22333	123	9592
2690	133	23677
21693	143	5097
1976	123	8621
758	103	3177
8676	115	22694
9033	115	10091
2990	115	571
6498	72	5968
22954	123	7467
23411	115	24870
22683	1	508
1496	130	22163
25320	206	5790
22559	209	124
21292	115	21423
7932	160	9100
2295	115	21825
8306	123	10447
25326	204	24951
23164	209	8307
1287	115	6618
4709	173	22704
8591	123	9619
24914	173	10318
6134	35	2357
21103	93	2120
8852	1	1070
2671	133	2954
3737	210	21081
21710	80	5299
5904	130	4734
2299	31	4664
21990	173	205
10393	115	8039
8836	115	21217
4469	210	1593
7759	154	23397
7956	191	8570
10076	80	7272
23092	92	1687
3080	1	5625
8924	206	24065
6750	190	6079
22631	115	5020
3282	80	2244
25007	26	6916
7134	80	6869
4518	210	23533
25062	108	9412
22644	115	21748
6325	80	2204
25037	160	6214
7296	80	25050
6577	209	25145
9090	173	8687
5839	173	6493
4601	115	1618
3567	165	22076
24789	123	10067
21922	95	6697
22473	115	3372
211	62	7631
5709	62	9146
9398	191	22498
8633	123	2475
7646	115	5959
22423	173	5248
24511	35	2566
8217	133	5045
21602	103	21023
21232	42	23943
6950	115	8024
8163	115	7254
3182	108	9412
5902	206	7553
7085	115	9372
5553	149	25167
4079	209	6419
72	206	665
135	80	8921
25406	108	9412
4718	123	5743
10480	205	24986
4890	209	22998
6900	80	6869
5122	62	23714
9026	24	5030
21911	62	7565
10351	115	6660
24181	115	2902
22072	80	6563
23824	123	1836
7448	95	7718
21074	174	23963
8488	209	92
22932	173	9431
7165	200	10318
7865	115	4037
25173	149	1078
87	62	6055
8833	123	7445
21716	80	2566
9484	115	2966
363	174	6275
8470	133	22472
5259	160	6214
6555	115	1506
22858	123	5640
22741	205	21434
9038	115	21033
5861	196	8714
21477	123	4330
8142	209	484
1875	115	6655
1846	62	558
8602	108	9412
24793	1	1070
1902	204	9698
3601	80	2566
7904	80	5246
23318	62	9267
24415	123	6021
22628	184	24791
5500	209	5733
317	123	24174
23905	62	21388
3015	115	23721
8800	115	22952
5435	173	7280
7241	80	2566
6293	80	25484
22282	123	3349
1064	206	25132
6382	20	6079
1193	190	6079
24360	206	290
1496	183	781
2086	1	1484
22170	115	10432
22097	206	2892
7041	115	1369
22580	158	5245
10031	205	5756
2762	209	7455
8586	115	7744
9530	123	7784
5713	133	21455
8084	123	3317
5839	173	21417
9549	39	4702
10375	62	25324
3799	87	7338
6355	206	4214
4156	173	5227
21579	173	7557
5667	204	5071
92	133	2566
9323	115	24345
3724	1	6147
22660	130	647
4585	133	797
2887	62	1846
25069	26	21849
21339	209	3323
22829	80	1247
22882	108	9412
9265	112	9342
2398	131	24846
2143	80	23730
24015	123	874
22265	131	3333
25236	177	3648
1363	210	24737
25471	24	4971
3919	80	1080
1693	206	7344
23126	130	10190
25381	106	3646
9787	133	2566
22956	115	8361
23450	115	3107
6314	209	9859
3367	206	4167
4492	62	8025
4454	200	22653
5888	206	8723
6356	115	24513
3586	204	5175
366	174	22149
23046	123	10067
25276	115	23721
1793	133	4790
7734	115	1898
2531	80	5669
279	143	1076
10433	205	23538
24338	115	2774
24224	62	6819
2326	209	3777
24510	206	21789
25	204	2727
6554	143	2421
4500	80	1940
5773	106	22261
8121	115	24989
25104	123	7861
7521	106	3727
4066	62	5709
21416	206	7036
3894	204	2727
3319	95	6441
22485	80	2566
21922	115	21629
3652	1	778
23158	209	23633
22711	62	2797
4355	1	24007
8223	115	3330
3257	133	2566
21944	62	1045
7844	130	35
616	133	8906
5274	174	10190
7089	166	21373
23775	173	21208
24086	130	24583
2777	173	6293
2493	62	1846
5901	1	1070
23165	82	3282
23588	87	7338
10471	204	7054
24116	80	8899
522	62	22711
24224	26	9633
22816	151	6697
8047	88	4209
9772	38	5348
3423	93	7672
24433	115	4907
8867	115	2124
5643	80	23216
7218	39	5327
2182	103	2726
5168	143	3746
7216	123	5679
24021	106	9855
6217	115	24818
22310	173	8123
5096	209	2876
5418	106	2561
5995	1	1070
23233	206	2599
24709	209	23199
2529	131	21973
9786	160	24239
2389	115	2749
9204	106	7991
4943	115	24774
21908	115	8361
9117	205	5201
9786	160	23458
9038	95	1340
8597	149	23677
149	115	1892
9656	173	7928
338	1	8583
2633	95	24850
1746	106	6915
22220	1	2618
835	149	21190
7753	173	8045
5745	115	8999
8484	130	23963
5034	66	1744
5834	39	21073
8302	205	5781
23386	143	2570
21327	130	2711
24025	80	7349
9087	123	23009
21256	209	4769
24249	204	7054
3324	39	2456
5635	62	21035
22272	174	2711
1674	133	9481
22138	115	5303
6171	114	9265
24947	115	24554
5649	80	24110
24204	62	21929
6037	115	22813
8790	115	517
3623	209	7484
24738	80	4971
21091	174	8293
22027	143	9813
10218	133	23730
3806	130	5921
6928	123	9606
114	131	3564
23975	173	4056
8445	123	21533
6709	115	2692
4799	206	21715
527	115	6719
5703	203	9732
2938	133	5299
5493	39	9066
595	95	6625
10301	150	6961
2485	123	6500
23137	160	9100
23647	108	2694
3241	1	1070
2496	115	5456
214	123	24976
21630	62	24498
5837	205	21868
3156	205	1635
711	115	699
23756	115	5976
7955	1	22437
7869	146	1081
9969	205	25246
7767	115	3160
1794	108	7783
1377	115	9821
24760	166	7238
8911	108	9412
10274	1	1070
1857	80	4790
7125	95	30
3116	115	2489
10004	103	23632
24614	53	22137
2511	210	5677
21242	106	6864
22321	136	6869
24514	143	666
7649	133	9801
4854	115	4304
23410	183	2636
5810	1	22768
5525	106	24790
8528	123	9619
3518	209	511
1977	206	24203
25295	209	23323
1325	106	7719
7317	174	9019
8993	108	9412
1626	26	6158
4469	173	2915
8584	22	4160
10036	204	24951
5829	189	5536
3709	123	24176
382	108	8759
22079	95	22225
23924	115	4932
24727	76	23578
1109	115	21096
10180	209	7990
22318	206	10261
9577	80	6869
923	115	3950
25324	62	8660
5633	115	1173
10468	80	4001
8800	123	8541
8072	174	2711
22773	76	23308
23867	115	3348
7855	123	4919
23924	115	21290
10029	72	2589
21603	123	1763
21832	209	23617
4166	173	3571
5900	174	2901
4543	183	5612
882	80	9623
21760	55	4438
22169	131	7099
23433	80	6023
4737	115	4005
8549	151	23049
2453	209	1952
21908	115	6567
21784	174	2490
23014	108	9412
23539	62	9979
6210	160	6769
23591	131	24942
3589	123	3363
25340	130	23805
24910	115	24922
1946	209	23021
24353	206	10081
21461	114	6656
283	115	21800
8870	115	24572
25078	95	4094
24264	143	24954
3635	62	8140
5493	93	5874
24342	174	22801
3560	80	5472
24454	173	4477
23374	160	24239
3836	173	6419
2354	173	9577
151	76	7463
4545	115	6028
9540	115	10417
4376	115	8139
5241	123	5971
24426	123	5858
22628	193	5725
8072	183	22122
3714	115	1369
24226	115	23317
7622	206	25316
8050	183	8106
4694	106	8290
7315	108	9412
456	209	2336
22984	204	5869
5441	115	943
3838	1	7867
6873	133	5094
24892	52	22707
10192	1	6147
455	115	4882
23620	173	2158
9209	95	7159
4222	206	7229
2823	209	5733
2872	93	23263
6581	173	25145
1345	123	24960
25232	80	23200
2271	130	10237
225	115	10149
23185	39	1052
23796	115	1463
456	115	5176
24199	206	22085
1942	123	2754
3076	115	482
5571	1	24262
5862	103	4770
24551	63	21166
9110	80	9623
4416	173	22376
8958	80	5777
3284	1	508
21787	173	4769
6849	1	25468
346	76	7463
7316	39	9571
21093	80	9412
10102	80	2566
2241	80	21395
6241	26	1283
24396	115	24897
3922	115	23591
1594	123	4142
4710	143	904
21109	115	7128
9942	206	22712
25263	204	7054
5046	173	8984
24711	115	7638
9519	143	23707
6731	103	6442
2112	123	1838
5146	115	2924
25415	173	747
1943	92	3640
25287	205	8533
2288	115	9996
1641	130	22921
3559	204	21968
22860	206	3876
23302	115	23161
2185	209	7685
22599	76	2566
1604	123	9619
22930	103	9842
25298	204	21331
23795	123	4218
6161	210	21862
731	123	822
22983	173	2176
25395	123	6440
23863	205	10038
8314	72	25402
5498	173	1884
9341	69	4790
1356	1	508
5039	123	2135
8939	115	24989
8432	1	1070
24573	62	8405
7036	206	23154
1093	204	5071
5960	205	1609
21444	205	8712
4754	1	508
3019	106	413
8405	88	22309
24119	80	1448
4826	173	6573
23924	1	508
1771	5	6869
2545	173	22905
8763	149	24448
24103	205	1663
2864	22	2566
22492	95	21970
25015	62	5635
4841	80	7423
21333	62	4639
8328	205	24658
5398	209	8866
23886	108	24998
6125	131	3033
9344	103	8222
7017	131	21359
23821	115	21191
23315	22	9875
3501	115	6980
21066	133	22640
22571	204	23475
24529	62	23379
22684	200	5172
25111	62	23897
24439	115	3590
4772	123	4701
8454	93	21891
5011	184	21839
10210	133	24061
5209	115	6719
10412	115	7875
7023	115	6289
10185	173	8307
2930	115	3426
24857	108	24998
6933	115	22643
1555	205	5996
5848	1	508
6055	62	10077
6350	115	22380
265	80	24784
2935	80	6023
21277	206	9508
21451	173	1681
7179	72	4083
326	133	23554
25374	95	24484
958	204	5912
1176	115	4661
9975	143	8448
22207	62	7443
2328	173	10170
8216	209	23212
8133	123	353
2498	115	9020
23395	62	10361
7140	62	22257
6002	123	3825
23269	115	772
923	158	4273
22139	205	22652
3464	115	10359
24075	206	624
22392	209	3538
2928	183	22660
21938	115	3450
5479	62	8291
1570	123	9059
23525	131	324
23592	1	1070
24849	115	23128
4806	160	24778
24891	206	21271
4116	206	9662
21693	204	7874
5820	80	21778
4424	143	21084
21294	131	8290
2155	173	3640
21651	115	8879
22943	106	5531
3425	1	23407
4570	115	2393
4420	103	4714
25080	204	22743
21607	133	21123
10178	106	2460
21512	115	21142
23076	80	22749
6493	90	9582
384	200	2920
5434	108	9412
8753	39	5896
9434	115	22405
784	62	24977
21474	38	5216
4154	131	5724
9868	115	24345
9213	115	9538
6124	115	24962
3118	115	6646
8024	80	4610
9867	115	25162
24998	129	8703
5415	106	902
24671	95	7731
24910	209	9672
22714	31	2833
21951	133	6563
3292	205	5263
151	80	24913
23521	206	24468
24441	183	9443
21470	173	2475
4178	115	23424
23275	143	5211
25380	62	4670
4966	130	7929
4102	160	22294
6145	207	24491
4998	95	23015
3652	115	4034
8111	204	1156
25324	62	3662
23983	115	23416
21265	80	22879
5451	62	9288
4959	80	21136
9804	115	514
312	38	4887
22007	106	8243
6405	130	668
1634	115	3293
3030	209	1635
23986	130	9158
9783	173	2158
22971	209	5298
5198	115	8711
25188	12	7487
24275	92	2234
770	62	23879
21326	123	4142
3199	80	24998
7673	133	9849
5891	115	259
4353	115	23325
3536	115	1232
25306	108	9412
10012	80	6023
10218	80	21123
803	123	9456
22594	173	25315
2546	62	10021
156	206	3874
23096	108	9412
10246	209	7343
9587	149	9849
7466	133	7783
23043	62	6684
22830	131	24389
22114	131	22405
25376	80	7900
9134	123	9775
21069	115	18
3180	173	3604
24652	173	3365
8376	108	9412
2327	80	22137
25135	115	23004
9149	180	9314
1046	115	4362
8134	131	23847
23389	209	6136
8135	183	1970
1734	209	1635
1677	115	21798
1591	80	2566
3899	173	6219
22650	115	1476
24030	206	21722
22713	190	3827
8771	108	9475
8444	200	6956
10110	209	8938
21008	1	23407
21821	160	9603
109	133	5299
1188	39	1091
3561	115	21429
6326	123	24764
6329	80	9875
1322	115	4624
9532	205	7973
8733	174	2936
10254	174	5290
23890	206	42
1796	123	4315
5570	62	9622
43	130	2920
679	5	4610
2188	164	9524
25302	115	10238
22224	80	2566
6482	62	1638
7087	174	7374
21612	115	23124
9374	131	7350
23358	35	21190
5991	206	25075
6915	133	22749
22596	205	25161
25185	160	23458
6939	115	6506
5551	115	1188
677	173	6072
8403	173	372
1987	62	10007
5898	173	9597
25056	149	6023
8416	76	4790
10166	38	23804
23346	205	1436
22333	115	8327
7481	76	24913
6512	160	21905
25000	95	5656
8515	108	6563
3154	209	10319
24046	115	913
8288	123	657
21670	93	25105
22051	106	2646
2723	173	24180
595	173	5227
3001	115	107
25451	173	23835
9923	80	2566
1426	115	765
7569	106	24822
22141	115	3252
7317	130	9019
6777	206	24199
22574	115	23839
7842	209	3208
528	62	6449
22904	115	24289
6783	95	10108
24709	115	2466
24709	115	6955
4615	80	5063
8103	143	21227
4539	123	3349
8164	115	5052
5551	115	25163
6874	173	21718
23862	62	4393
6285	106	22890
3507	80	6245
7330	95	3499
6329	80	4433
24052	89	24052
6804	133	7238
4372	184	8335
188	106	5800
22633	209	24012
2990	123	23698
9166	90	4889
4924	115	4292
2455	106	2579
5313	177	9875
3476	204	24951
6499	123	9721
23382	115	713
21764	209	3078
8678	123	24206
10141	133	22621
6270	123	2329
1466	115	2022
360	115	4607
1069	62	134
8350	115	9372
9617	80	25484
23326	204	21189
6974	160	23458
5158	115	6680
1631	131	5416
4359	209	9756
22135	80	23747
3691	210	2883
8961	136	22221
7478	173	9763
9074	123	9399
5391	115	5554
2667	80	24448
24444	180	22180
1219	173	7489
400	146	23145
8566	115	3618
23787	108	743
1220	39	163
1520	108	1971
23558	80	25167
24017	1	3137
21377	1	7867
8540	206	2418
4208	80	2566
938	131	9347
4834	209	21417
5637	133	1980
21884	78	25270
23290	115	21581
6047	123	9859
2643	115	3117
25099	12	1010
7487	133	5669
2550	205	22928
6813	209	5067
7674	1	8049
4051	123	22163
5036	115	7000
5412	106	24145
23609	209	24866
3602	106	3485
23649	209	24608
21845	206	23369
24133	123	3735
3924	209	22086
21168	206	4214
2017	80	24163
25254	115	1360
8306	115	23317
8908	108	743
24893	103	5277
24472	95	6625
10368	115	5913
3031	209	23610
8848	209	24537
1055	1	1484
5853	205	9032
22474	209	5401
984	62	7276
10121	95	5628
10098	206	6638
414	115	7526
4648	160	21905
3596	123	3516
1391	108	9412
6523	115	22417
23688	204	3567
2893	38	5429
21622	130	24578
9097	1	25468
22315	26	22836
6189	7	3124
23813	123	1681
6479	115	24513
7752	48	23300
4501	80	24784
22341	108	5030
21607	80	1247
6833	62	23763
644	160	23458
7243	95	6817
2720	62	8539
2691	95	8775
87	62	10077
22643	80	7012
24178	123	22013
21327	143	5828
22953	115	8063
22780	58	5797
21130	103	9997
950	72	6163
6238	22	2566
21256	115	24852
22244	123	1530
22999	26	23118
8774	131	8710
21814	123	22013
23276	100	9228
318	205	24719
4125	72	9592
23225	206	24630
3283	1	778
1560	58	3812
22885	213	21682
24117	195	24111
645	121	1980
8154	58	23131
1602	106	21727
10087	209	3206
8873	1	778
24087	205	5996
7817	209	23610
9089	62	21178
8735	115	23708
22350	93	8523
24441	204	7874
21603	115	2847
8186	115	2158
23572	194	9908
7082	51	25227
10249	53	23463
23799	95	1295
22350	206	8523
1109	115	3603
22648	173	6532
6646	80	196
23132	80	24163
22832	209	7003
1370	80	25484
3765	133	4025
21121	115	5264
776	123	8325
3175	1	1070
8690	115	21900
3599	133	23397
1904	80	7463
9092	115	9153
3597	130	9619
21024	143	4667
1684	164	22776
24008	62	8025
2812	115	7689
21027	26	21224
21139	205	1453
2933	106	9800
3761	95	8775
2323	183	21083
8061	174	22159
23665	133	2204
21410	22	1437
1111	209	22503
1756	123	24176
22041	115	3330
7757	62	997
21092	206	24065
4996	133	6688
5615	146	22980
9221	106	4252
23768	106	8327
23697	106	8414
10242	80	6869
23638	204	22076
22531	123	21365
1207	209	2658
6212	123	5986
7175	173	9937
6073	1	1070
21264	131	85
5280	206	5237
1252	151	5081
22475	1	1070
3303	106	9078
5385	123	8659
8096	80	6430
9020	80	22621
4604	26	2232
22265	206	25102
22509	123	25117
25345	160	6769
3916	173	2193
8666	95	23015
147	62	25380
22244	183	9854
6391	123	3704
24056	115	7638
25289	123	10020
9757	62	23395
8910	173	500
21819	209	25057
1158	193	23818
9522	130	5997
10132	1	1070
5740	115	21437
3985	115	4082
5505	5	4160
24581	38	7222
9632	1	1070
2310	131	9040
1293	115	1197
2511	183	9651
4565	80	22062
22434	180	9904
3747	160	22294
6171	103	1890
5648	38	22163
2882	205	23195
4501	206	2096
24718	95	855
2188	78	5652
4863	106	5420
25266	112	3067
3069	115	4624
7316	133	6869
21004	115	9067
9708	80	7900
5265	80	9846
1640	206	8970
9063	26	6384
5293	115	23872
9714	123	4701
4518	130	1772
1653	143	23265
24475	24	4790
1468	123	6275
24634	53	3957
2870	75	4744
9599	209	5314
22516	62	984
24126	115	3372
1379	80	1136
10229	204	7874
2282	115	5057
21722	206	22460
6000	129	3584
1813	80	21450
8331	13	10312
3807	123	3356
6743	146	8799
7276	62	4068
9488	123	23802
976	123	1838
4528	12	6756
122	115	24292
9355	173	9158
6005	133	4790
8393	24	22819
7405	142	5472
22179	173	4532
1535	5	8703
6883	204	1156
6763	209	3735
7535	180	4683
22399	80	1247
2290	115	3120
9	80	3345
4884	206	24317
9510	206	7331
21328	115	23712
6389	115	23176
7093	108	9412
1894	180	5401
2005	80	10441
24009	160	23458
22061	63	10033
8434	210	2515
1122	183	1318
3624	115	8246
8202	106	1270
3900	123	10384
502	115	23004
22067	80	21123
232	125	3526
5116	106	21265
21087	183	10476
7056	108	9412
7070	115	25197
22271	62	23393
4336	115	22245
22017	115	21414
3624	1	6147
1043	146	24275
243	123	8659
4407	115	23604
958	200	1772
22270	76	1247
363	204	21189
6763	115	1262
1080	150	4085
1541	1	1070
25139	206	7622
6499	123	7784
8298	174	2962
3561	115	7245
7969	5	7463
21837	53	6869
24450	123	22861
495	130	25392
22800	1	508
3823	1	1070
2629	143	9769
21039	80	4681
23342	35	8759
10373	115	9610
730	106	4938
8009	116	1247
22138	95	5136
5319	123	2754
2061	143	5208
22285	62	23102
6882	209	22443
1539	62	22435
1733	160	6214
9375	115	7296
7989	115	9960
3173	52	7191
22427	66	7266
3047	206	8217
6079	196	6867
7385	115	5926
6179	143	1088
128	39	6058
9634	106	9162
8906	112	1323
1259	173	1278
21261	205	10116
9271	62	4664
8802	180	4291
9916	206	3431
5979	72	21015
6783	123	2492
670	39	2144
7283	174	25298
8222	126	7064
1422	108	8003
7033	115	9527
1026	149	8003
3831	106	6731
23314	215	3134
3139	143	10084
21973	131	6842
7175	95	25446
9693	80	7423
8086	115	8182
25093	130	191
23346	115	4775
2138	115	24828
22901	62	6773
24452	115	4426
7684	95	3583
8678	173	1278
23024	206	1325
24748	183	23948
7256	123	9059
25215	88	21560
2674	115	5623
3646	106	9567
22210	115	22352
9406	115	22651
8116	106	1576
9669	80	2566
5985	123	9721
2531	131	9373
7227	24	4790
23014	62	23129
9053	5	8809
10272	62	21606
21094	115	1776
2505	1	1396
25483	106	23874
24112	149	9846
22893	115	102
1831	115	8548
1593	123	4900
10264	115	10310
22672	123	5099
23500	1	23407
3207	149	1075
24639	26	6158
3633	80	3509
9149	1	6147
22923	206	9964
8279	115	854
9774	133	6563
5969	209	5401
571	106	5318
3340	115	1644
1168	204	3567
3910	205	5996
21845	76	24276
10470	115	2383
8848	123	6628
9714	174	4701
25007	62	9487
3424	206	8564
9629	130	5505
8143	204	2727
3286	115	23084
9570	123	5733
8323	103	2418
5026	80	5669
3916	205	5201
8298	173	2089
9331	103	716
6129	95	7731
22623	123	5522
25063	209	8992
7506	1	4627
4525	115	23404
2295	115	8366
3845	160	23458
8465	170	21571
5661	108	743
2218	115	23721
615	206	21768
3462	204	8565
8723	106	5553
5967	131	8134
6483	206	7912
4691	106	1504
7682	115	22426
21984	115	1262
8773	108	9412
25253	115	1464
4867	80	4561
783	130	21926
25461	80	22733
21396	62	8655
8436	17	587
8563	62	24255
7080	115	9729
22397	194	5207
23790	38	5984
3588	58	2261
23347	115	23347
23927	95	6912
9772	5	10243
23259	108	9412
2742	190	4741
21896	115	5101
23095	143	7289
25307	5	5669
913	80	4610
8186	123	2158
7361	62	21431
5180	1	1484
3329	80	25325
21986	173	9015
21735	196	2751
23529	115	5986
3765	133	3436
21369	80	1247
23172	115	5443
22941	58	22092
23658	133	24998
24302	160	6769
24604	95	540
21405	143	25297
1121	143	9057
7691	62	5023
22870	103	5738
24825	115	8410
7597	115	5035
1034	80	1136
9155	80	7900
21987	105	5869
6340	80	1136
25487	115	5344
24788	183	21087
8272	123	9756
3828	108	9412
7375	108	9412
8502	90	21266
25305	115	3450
24483	123	24866
23296	174	5997
1287	209	5067
23356	76	2978
1630	204	3567
24222	62	4068
8904	106	5051
23603	1	23264
3702	130	1093
8106	183	4254
4537	95	7711
23549	115	7192
24603	209	6597
23030	115	3293
23988	115	1261
24840	1	1070
4369	123	9954
6103	115	5475
21650	103	5512
8010	206	4719
6539	204	3567
24135	215	23922
9495	209	23320
5083	115	6273
10288	115	22224
8563	88	7357
4058	103	9077
10275	209	2614
23351	133	3944
8176	143	1630
6787	115	23909
130	160	9100
22845	123	8630
1872	102	9402
6527	108	9412
3135	1	6421
1588	190	6079
2667	149	24448
2639	133	9105
2708	62	2036
25201	173	22376
24068	123	124
2371	146	7430
2441	209	4568
25158	205	5977
8428	173	1608
24543	123	23310
1351	206	8008
7393	115	24500
23630	206	25188
2912	76	2974
456	115	21180
4122	106	2157
227	133	8967
4493	115	487
3056	115	306
4289	204	3567
21944	62	303
791	123	6629
2180	206	22364
8119	115	5938
1474	206	101
4141	115	10238
22992	206	21023
7559	174	7929
3578	80	8874
7464	115	25159
9137	53	22137
22365	133	2566
21078	80	22424
4487	160	6769
6669	150	23832
9275	160	1458
24341	206	96
954	115	709
10072	143	8185
3166	133	2566
6559	133	1675
7359	12	348
2828	115	6690
3612	26	3612
5619	93	1175
3072	205	7940
3053	123	5997
22270	133	9481
23072	108	2694
1029	115	4139
7783	112	6918
8700	200	3640
3313	115	4459
4261	215	25227
3570	80	6023
7992	206	7164
10367	123	2675
7542	209	4960
24380	53	6869
4508	123	353
4037	106	22023
23867	205	4922
21203	209	23199
22448	173	1884
24966	130	9456
25067	66	23817
6849	115	9494
1723	123	1530
2042	38	22693
8266	115	4623
23903	209	189
4047	39	2761
6236	80	23308
8179	58	23655
9975	173	2683
23659	130	4193
24583	80	1136
22559	1	1070
208	115	7192
25374	115	487
4260	160	24239
4682	115	6273
22006	209	2329
24862	62	458
4224	115	24297
6202	62	22271
22088	108	9412
8058	80	6869
23773	163	5063
4976	80	8161
22363	80	24540
21896	115	7383
4228	160	23458
25070	1	508
5938	80	113
21244	115	8827
7633	115	1817
2222	80	22733
1242	115	22020
204	62	23452
24385	39	21073
21969	173	21208
22814	115	21302
9967	108	743
22562	173	9485
25110	39	21953
21053	204	466
5503	95	21970
25365	80	9849
22093	115	8579
680	160	6769
3106	115	2022
6673	80	7522
2480	80	2566
22067	103	6422
7432	95	5603
25228	80	7900
9466	62	25015
9000	51	440
410	204	7054
9742	173	6532
24977	62	10361
7973	90	6081
243	22	6869
7992	206	7057
9506	171	9580
25498	144	21522
4137	103	2156
9731	115	3740
23176	82	21820
21005	115	23128
10460	209	22981
4456	206	23177
1869	174	2962
8469	115	2973
1987	62	4670
7222	197	24581
1787	76	23308
3564	80	24651
24498	62	7914
6877	80	945
23506	106	9787
8112	123	8992
2988	115	21197
22497	62	22049
9758	206	4081
25225	174	22984
21543	133	1078
22931	80	2566
10166	38	7222
5641	123	1387
9169	180	3638
8039	80	22733
22177	160	23458
3410	115	21290
22920	131	8321
4214	133	68
2758	80	9801
5688	1	23619
7124	123	5003
21246	173	925
3419	72	4438
7605	62	997
6	206	4081
21844	183	8936
9591	115	22998
3749	1	7867
40	160	24239
21826	1	1070
395	115	469
2435	204	24951
1685	62	5427
24776	123	8607
5718	133	7323
9448	133	6023
5564	80	7900
2665	80	2566
3103	123	3438
22459	115	7383
1359	123	8810
7033	115	4775
6712	115	23556
10228	62	7604
104	80	23832
4264	80	6869
1825	62	9170
6953	1	9925
6867	72	8390
7005	123	6021
4324	115	5255
8152	115	10149
7737	80	24163
7883	115	2063
10414	115	772
21585	1	7867
7126	209	7571
6658	106	2260
23426	47	8650
21480	76	9044
24023	80	24163
51	115	25224
23036	106	6944
4477	80	4610
24990	123	9619
23287	29	22437
23767	62	22901
4906	39	1052
21305	115	5475
895	80	2566
9092	173	1314
1935	62	5333
1776	80	7900
25042	209	5520
25143	106	6259
21515	177	2728
23403	80	24163
24867	174	8293
24244	115	24513
9009	179	9967
4191	131	920
7159	80	113
24000	93	4015
7131	115	22690
21381	143	4935
5223	131	2044
8619	115	23128
3594	206	7536
8199	72	6776
8948	160	9100
6518	203	5896
10009	92	5236
23630	131	7726
56	205	23477
6125	131	947
4541	161	7114
8138	63	8009
4801	1	508
1132	115	8965
3092	160	1458
5466	115	409
23560	95	8775
4617	143	10254
2540	131	4884
4375	80	5063
24861	39	6590
9449	205	24162
10443	115	5976
23291	115	24626
22441	39	21953
10072	183	2682
7087	173	7374
4349	160	2479
3758	80	7201
101	93	25148
7229	206	25327
25186	143	5515
955	62	25121
21512	1	508
25203	133	2224
6161	174	9580
6850	80	22733
3205	80	6869
10089	180	9904
23267	204	21553
30	80	21280
8134	131	5967
294	106	8245
2636	204	10235
4802	106	3251
22908	80	7900
21538	115	23708
21792	206	22865
3274	123	5971
9041	131	291
3496	209	23286
22792	1	1070
501	115	8697
9687	108	9412
4377	115	8438
328	62	6977
2586	123	2962
24918	143	5253
2548	39	5178
25418	209	23286
1159	1	23264
84	197	22500
9278	103	6800
21022	133	23216
8896	130	24442
488	115	8999
5232	1	7867
4264	80	1136
23350	133	830
5664	183	8441
7631	62	997
23367	80	9623
10458	53	6430
6154	205	5781
24100	72	404
800	115	1631
176	106	8958
3900	95	8512
21643	215	8031
7412	62	7561
2872	206	2503
928	115	6904
25338	62	9979
22456	209	23598
7322	180	24269
1970	22	8703
3679	115	21629
8808	80	23308
6927	206	6355
2946	123	1530
22361	146	21513
24769	143	8936
1624	209	24240
8307	80	7900
25005	115	8713
5312	123	25497
9049	173	5172
5214	80	22137
7493	170	10025
9274	80	23677
21586	206	22266
21486	115	3326
2245	143	4609
7487	133	6869
6689	115	835
6130	215	515
25155	115	4775
24621	173	1418
21808	180	25206
7940	191	5334
9851	114	8853
25247	1	508
5054	62	7641
25303	62	5595
22165	63	21421
2231	80	9228
1278	133	7900
22745	209	10291
4888	133	8093
24447	1	1070
21740	130	9158
25412	80	113
24584	209	23409
2724	123	319
21184	151	24035
2380	115	9093
3498	206	21371
9946	115	22611
22936	115	5236
2123	123	23234
570	180	22664
6295	174	6956
22614	160	9100
23985	39	163
332	160	9100
4054	115	6628
9805	209	4291
24742	115	787
721	108	9846
7086	209	4620
2369	114	7454
9098	80	6869
8240	125	24622
7064	114	7008
1062	160	6769
7826	62	656
24757	73	2694
21863	123	7861
3846	131	21745
6139	200	6956
21104	115	2746
537	133	9481
9517	173	5655
6703	90	4098
8852	205	6344
9742	1	6421
5918	103	5565
22850	143	24212
3825	131	2979
3971	80	2566
8278	93	10426
1512	90	21071
1507	39	6058
23915	80	5299
6242	115	25197
23453	80	653
10163	78	4906
4723	62	23846
21964	206	25369
6785	150	7272
1036	209	10
9968	123	25497
722	62	23379
6595	115	8175
186	5	24536
2002	200	35
9852	39	1091
250	205	5150
2346	115	24390
5206	130	22984
1957	108	2694
1795	206	21690
10345	206	25173
650	95	8265
9933	183	23766
22944	76	2895
7604	62	6018
21623	95	9560
5	115	9372
6894	72	4392
5915	173	8148
3253	174	267
2633	1	508
3332	123	2135
4687	38	25218
23514	95	312
9199	173	21537
21971	95	4358
7447	115	747
7072	204	3567
748	150	23093
3865	206	7894
22055	1	23264
8787	115	3285
8282	205	4045
25261	95	8912
7032	62	22516
4189	115	25244
25338	26	261
9771	1	1070
23330	24	23773
580	205	5977
7035	58	5997
21392	206	929
845	62	25338
1690	206	10008
23413	133	4971
4256	115	5986
1721	108	9412
8674	173	25291
4686	93	24028
312	80	2217
9821	38	3112
23650	177	22733
7293	62	23749
2205	95	3778
22217	1	508
24898	115	426
9890	62	1126
1187	173	372
6243	160	2382
9678	123	7557
22616	108	9412
533	80	3796
22445	115	5443
2536	115	1501
7936	123	1836
8224	133	25274
3895	131	24381
24176	80	9623
25187	209	3433
4126	209	5401
23073	190	6079
24398	115	21033
3871	115	1197
3341	103	21295
23770	80	6869
3678	115	22245
4611	95	3499
2477	115	6924
22147	115	6228
455	115	3252
4275	209	8992
8923	106	2143
3533	103	5527
25113	106	22252
4521	146	719
8057	133	2566
1926	174	24442
2051	58	9580
5676	115	24322
8001	206	4342
863	115	6730
9985	205	7973
9780	180	6316
6011	80	9801
24027	95	2014
4502	63	6100
24395	80	21455
21779	115	9552
2265	115	5000
21910	131	8108
972	80	21778
7964	206	9538
1461	72	21662
274	115	9372
1681	133	6869
8570	105	401
22838	103	10296
22800	180	4291
21008	115	3590
5278	39	9571
5982	115	2924
24571	206	3419
22942	204	2727
3762	1	7867
21497	62	23895
4130	58	25392
22032	93	25472
25234	80	10441
9377	106	7595
9605	183	5208
23823	106	2078
24888	115	2995
24336	131	5291
24317	72	4884
23577	93	23251
2553	26	6158
2414	80	1080
9132	143	9883
4526	106	5144
5727	133	8933
4032	160	1458
2929	133	6023
2598	92	1687
877	72	4591
6010	106	23509
5506	115	21662
5238	205	5996
2422	143	22272
7238	108	9045
1778	115	10448
4037	80	2566
22476	39	21915
1523	206	21255
3428	143	4718
5406	123	1522
23417	62	25119
4555	173	25151
22032	206	9709
6550	106	22364
5434	62	1874
5191	209	22086
21164	123	4315
23635	173	7903
6181	206	8017
24148	82	2687
21915	166	5669
3141	115	24764
2012	82	4122
1334	103	23056
1155	39	7832
5189	111	22299
2796	209	8866
489	143	1413
23326	204	24958
4232	26	9633
22405	131	22114
1862	209	189
2167	123	5679
465	115	8290
1301	80	6869
4481	80	24448
22276	204	3567
22475	115	3083
9751	174	8538
131	115	5913
21643	160	23458
2271	210	25454
22714	31	2481
3943	115	25164
4347	206	5221
667	80	4971
10060	209	5986
22874	206	24043
6694	80	2566
502	115	24861
10073	173	22348
25132	106	4342
21235	106	22829
25003	209	88
4529	95	7159
6439	131	21467
10099	115	24130
4427	183	4718
5488	133	6869
4359	205	8502
7672	63	24193
4909	183	6335
1348	123	5950
1947	80	22964
4271	106	7155
25043	80	21395
4979	130	23805
21389	1	23264
21867	130	9158
24592	133	6869
1425	180	3638
2674	95	6697
25037	160	6769
5368	1	1396
4153	115	1004
10226	80	6869
9484	123	24192
22895	115	7774
7062	115	1129
9490	115	1516
1007	80	2566
23597	103	6711
21606	62	2553
1508	115	25028
2956	115	9326
4504	173	3640
7150	206	8522
21187	62	6185
24492	204	21189
4755	206	2526
1139	205	24745
10415	133	23747
4338	115	23147
22489	62	24278
9186	13	4278
3955	1	1070
6020	78	21361
1259	115	8175
34	95	24422
3332	173	2135
10346	93	63
5002	1	23407
22968	174	2238
7267	183	738
8412	115	2200
617	205	24286
4898	80	8874
24232	80	2566
6744	115	9923
21083	174	2711
2050	115	1823
22115	123	4719
25360	206	22747
22783	115	972
25010	123	3349
564	173	9016
22884	123	4496
25385	66	5802
2277	173	6455
6548	209	24333
10403	206	2407
21301	95	7627
24148	82	25041
23175	205	21575
3834	1	7867
1038	114	21892
24373	133	830
7170	90	23729
21967	168	10202
23259	62	25413
3613	115	5328
558	62	7473
925	131	3265
2890	1	508
6991	62	25062
6832	108	9412
10249	71	2587
1156	177	6869
5609	115	23325
1788	115	6150
4787	206	5975
8805	206	9809
24398	115	5516
5881	177	6869
4372	177	2587
22260	205	9032
1661	93	5408
22156	123	23633
398	115	23591
22011	115	5303
23453	206	25327
21394	106	4128
3417	115	8557
6921	80	6101
3551	24	24998
6803	133	7201
21607	149	21123
23863	115	6738
25400	143	23716
7472	115	24385
7384	143	3854
678	160	23458
9003	173	22189
22922	115	4459
25007	62	10378
9842	103	8544
10475	133	6688
23267	204	6599
5504	80	5094
9187	72	7508
1695	35	2539
5552	130	267
8349	80	4971
2613	115	7546
5211	130	23257
8298	183	1105
5698	106	5782
23165	133	7463
23960	80	6869
5462	115	21759
9145	204	4329
86	62	4967
4738	24	24998
22655	80	21796
2369	67	4790
9359	160	21905
24261	206	5893
9125	38	3151
9441	115	4976
24304	123	7241
22405	131	21294
23420	80	21450
5862	93	1661
2351	108	6563
6282	115	24066
22450	123	24895
8704	80	1515
21314	183	958
1019	103	2779
1568	123	4496
24967	123	23390
3266	206	6180
22699	123	3801
23041	146	22805
5644	115	21629
10246	180	4565
7076	62	714
25065	114	7630
4395	160	9100
21485	205	6498
23834	62	1825
22727	26	9841
5016	206	4018
21730	115	22380
22946	204	3567
6221	131	5223
1228	93	21313
6937	174	9019
8040	115	1644
25239	123	24129
9333	123	6219
23986	173	9158
3648	108	8809
24681	62	21268
3677	62	804
21649	131	4886
10005	115	6660
7246	133	8703
8788	123	10001
4302	1	508
9671	106	1341
22743	18	24951
8553	115	5741
8765	206	1447
23618	95	30
7566	1	1484
859	92	3607
494	123	319
8201	206	517
8909	58	7044
1686	80	1136
2770	115	2126
4378	115	323
21692	204	24951
145	1	7867
24848	123	2857
22228	115	7296
530	133	10453
6367	108	22469
6018	62	6527
8111	130	668
3867	209	389
8074	115	7189
7319	72	24842
5649	72	8855
9995	160	9100
4682	115	8361
1763	203	21841
1886	39	9715
4047	39	7832
10156	115	4139
24426	209	5858
4250	115	24513
10417	80	6376
1967	133	6869
8681	80	2566
24079	80	24998
4747	72	3098
8672	173	22503
4368	62	6991
85	106	210
5813	173	9905
6224	123	24830
25105	206	24961
4519	206	7582
23370	133	6101
3166	80	22640
495	173	9019
24120	114	7960
9420	39	6058
9892	133	89
23079	205	5263
9205	154	460
6019	173	8938
8138	133	21123
3314	115	3530
21256	115	5734
2593	43	4829
8888	133	24163
1812	133	3938
24712	209	8940
9275	160	6769
23144	160	6214
7134	80	2566
4150	123	9954
22650	123	23994
5870	210	3271
23231	123	1629
6058	53	6430
1872	160	9100
2265	209	1625
7157	204	3567
8075	206	3228
4159	173	372
22968	143	2202
3497	115	9520
6707	1	508
21627	95	2519
22204	206	22234
21465	115	8713
1465	115	25388
7102	173	7455
1861	62	24862
8401	62	4458
3415	62	25108
23921	1	508
1932	106	23556
3309	115	729
3542	95	312
1359	115	23817
10089	209	1549
3489	173	24924
6311	205	7940
7324	130	2238
21013	1	5447
9226	1	23407
23452	62	9146
7486	72	3538
9908	39	163
24722	130	5997
6861	115	9010
6137	209	8607
7068	80	6869
416	80	6023
23165	76	4794
25156	160	9100
9809	106	8257
6723	160	23458
3807	123	8902
23357	133	23034
8112	95	23254
24984	108	2532
9854	22	492
9435	206	2932
5571	115	24473
24280	115	571
1079	62	600
2436	133	22568
10099	115	4658
8993	62	1203
8805	133	6563
24983	209	24286
23933	115	8371
10027	206	23913
2444	115	2209
10339	72	3819
8506	1	1484
7687	108	5063
4614	115	10448
4199	115	21426
6712	123	23735
22756	80	8874
23007	115	7390
10378	108	9412
553	62	5635
8156	39	21841
9186	209	6597
23181	103	3758
2379	174	24583
21757	190	3827
3074	115	5416
22400	143	23186
22075	108	9228
1860	115	5648
10392	209	4769
25476	143	22755
9056	204	5175
4640	209	88
24009	42	3830
23751	115	8156
24890	115	8293
24333	72	9743
24991	115	2001
22595	130	24578
25317	106	5658
7113	204	5071
232	108	4805
7453	206	22318
6569	76	25226
3006	115	6236
9970	115	7255
7858	146	24202
22129	115	10432
24327	22	6430
4269	80	7900
1527	108	8003
3428	183	23265
22306	133	1437
23966	80	4790
932	209	1629
5828	183	21327
23373	205	5996
4803	53	23873
1826	80	2566
22025	115	3107
23233	103	23189
6640	210	1822
23630	206	5738
2613	123	2399
23740	24	23747
24158	115	6845
23417	62	1589
23340	174	2920
8316	151	10237
2777	115	3375
1045	62	7050
812	183	3087
22532	205	5756
23954	115	7723
8053	80	2566
4891	108	9412
1154	103	10118
22512	200	2711
6341	123	7279
201	76	10453
978	115	5926
23479	80	6869
1406	123	9619
8782	133	24448
6776	131	21894
23377	131	3751
22618	173	24850
22759	115	4775
1393	62	1203
22445	115	4019
23765	80	4610
21554	115	23768
10355	103	24477
962	130	9580
8768	115	6638
4369	205	8492
25183	115	10318
21873	131	23653
4902	131	4591
6927	133	1053
6129	115	3777
7076	62	218
6165	115	22584
22409	209	4680
23374	160	9100
5942	160	2479
3284	95	855
21349	123	24121
6806	80	89
4178	173	24622
5017	179	22137
7509	206	5221
85	93	277
4500	133	1940
860	1	1070
22340	115	24828
10496	160	9100
22226	174	5997
7705	130	35
9367	115	25309
3836	115	4496
9811	209	8238
22455	115	2868
23111	80	24651
24338	1	1070
24253	95	8912
22516	108	9412
5840	115	6069
2752	108	22579
203	173	5546
1862	115	3238
8755	115	24215
9854	204	8252
24047	115	6273
6279	206	21306
2045	131	21860
1803	115	3682
8106	143	8050
21741	62	10270
3011	39	9320
4980	115	1556
2132	115	4061
7692	115	22023
23090	80	2728
9598	80	7463
5470	166	8703
24256	62	5135
9561	204	24951
6385	115	5744
25082	1	508
21971	209	23077
50	206	1749
25058	58	1418
10003	123	21218
24699	1	1070
5987	173	24960
7484	133	6023
23929	95	8265
9654	103	10425
22252	80	4971
6045	115	4093
22605	115	21999
22720	1	508
6018	108	9412
9208	115	21343
1971	112	834
7161	209	24622
10380	62	21388
5253	174	10190
21378	80	8592
99	115	7744
22452	205	4276
9902	209	747
5303	39	5528
24840	123	8630
21349	205	24170
25129	106	25209
5693	1	6421
6462	115	22687
9190	62	9667
6151	123	21390
24285	115	8292
6354	62	23714
8685	115	25197
6542	133	2954
21819	115	23985
22927	173	22348
10027	133	6101
21710	133	8874
825	184	23698
7052	173	22348
372	133	2566
2651	209	21259
557	180	23833
10499	1	1070
3602	133	9623
7034	1	508
22367	76	22469
4518	173	7903
9261	7	6687
8416	39	5593
22478	93	9144
21681	205	21868
21817	133	24014
1296	123	7903
23990	204	8296
10284	35	3068
2052	26	8184
2632	115	8361
21758	194	10231
6099	180	4565
3477	115	21290
21854	177	8479
3389	80	24998
7304	206	793
2870	74	4744
23237	95	23015
7895	1	7867
23914	93	21000
22939	80	6023
10312	184	37
4741	196	24028
4860	80	6245
1423	115	6877
3565	180	8314
4501	80	8088
4296	115	2847
3968	76	6563
7829	206	25157
93	115	3238
23536	123	8621
4487	160	9100
7317	210	23809
24854	215	9502
25337	209	5603
9972	133	5302
21210	1	2810
2853	35	7349
2599	103	23233
6886	173	824
21482	106	23701
9487	62	10272
4930	1	1070
605	210	4002
23417	62	21753
4542	115	25429
1259	209	24206
10451	1	1070
23939	160	9100
7322	173	9356
24416	80	1437
9352	80	6023
7214	173	7290
9116	1	1070
23325	106	3389
23316	39	9103
25131	123	8562
22719	143	3858
6906	206	6007
405	209	4769
3020	62	24952
6250	106	4347
915	2	25311
3773	206	24974
21963	58	5984
1282	39	9320
5897	146	562
22048	183	4287
24097	115	9520
3261	115	747
24352	115	25125
7058	190	7554
21301	115	25028
22986	206	5024
6790	42	1231
6109	115	4038
6980	80	9105
7980	22	22109
9870	115	22265
4498	62	9150
8543	72	3200
4098	1	4163
2474	1	8583
6176	62	10034
1044	115	5335
8832	115	10162
9583	183	2379
8264	206	2599
712	143	10220
5144	106	4526
24018	115	3058
25160	62	6557
6887	115	5013
260	1	23407
8340	173	4006
5191	115	21131
7771	205	24678
5648	38	9735
22724	206	1390
6491	206	3783
8936	174	22801
1701	35	4967
8695	183	23029
1628	209	8742
5391	95	6912
5181	115	4991
22017	115	24838
6858	80	25077
10196	115	4705
21020	115	2443
4137	93	2985
22866	173	22485
227	133	4971
6610	72	1591
2389	123	319
21277	149	9503
7483	115	4775
7501	80	6869
309	131	9207
1105	123	2089
9978	90	4169
3142	62	1992
25418	115	4060
8464	143	8018
482	80	1515
24802	123	4488
22969	206	4849
10076	38	9598
4542	115	25351
2086	115	22371
2200	203	5470
6262	115	7875
22695	90	9969
23706	80	2566
7482	173	7743
9405	115	6402
1698	72	636
5514	209	3866
7684	115	24735
10002	133	22621
6105	205	23706
2637	62	23116
24555	74	22321
22698	133	25050
5966	1	1396
7599	160	21905
24867	143	23474
4845	204	24958
776	204	8252
848	206	10376
21337	115	3538
461	80	23414
21614	1	23619
8524	1	1016
22823	115	10310
4982	62	1284
6225	80	1983
2759	115	4624
9078	206	8468
1106	123	7170
9252	115	22545
3622	106	10025
8792	209	2692
2125	123	4568
4437	174	9076
1135	123	5971
10256	82	10217
2607	82	1906
4785	206	6897
22566	133	1244
6932	131	6529
5252	58	24766
24097	115	21900
2293	180	9904
7937	106	10334
24462	205	21868
4268	115	8709
3361	80	1515
1860	115	4037
10390	62	1959
8416	76	2895
9180	130	23455
21917	123	2577
24495	106	8517
1787	80	5669
7383	72	22503
3616	206	21393
5683	131	6521
7713	133	23216
10066	115	2563
1606	173	9953
10010	131	3278
22187	40	2022
1694	115	4571
4903	12	23121
3506	185	6079
5864	206	3533
8258	209	25038
4834	173	21417
5204	206	25363
8784	206	7536
2826	38	5973
3358	80	23875
22841	115	4878
23395	62	21724
1595	62	23129
4079	173	6419
4650	133	9028
6305	62	5598
2725	160	9100
8224	206	8374
6311	123	92
4270	200	1772
21554	95	22979
6992	206	23711
4279	174	3413
1468	200	3349
4245	108	9412
3786	133	21123
9438	115	1129
25089	209	3606
9535	58	8988
5234	173	9525
21779	115	9147
22915	206	8278
5021	115	9210
7642	1	508
6345	123	926
8348	173	22189
1231	102	22342
516	123	2117
21537	80	8809
25371	103	22826
2614	106	5035
4159	209	1625
22782	72	473
21903	160	6769
7025	38	2901
3544	14	4744
9566	80	1487
23656	204	3974
2444	115	21824
24150	206	1368
24237	173	1943
3092	160	24239
2454	209	10359
8507	130	22163
8743	206	24468
7340	206	21448
4980	95	6697
23582	5	282
7917	20	5861
21420	115	5685
4428	133	4805
24201	1	1070
6064	174	9059
21206	80	5041
23602	80	22137
9685	173	21259
23409	133	5669
9958	174	9619
739	103	2942
6506	80	4610
9979	62	845
8645	133	2224
5837	123	8057
612	80	7190
822	80	367
4700	115	7843
24010	62	10211
3952	115	1301
23883	108	9412
24308	80	2257
22863	62	21128
337	93	24775
554	93	2935
2177	173	372
414	115	23708
24411	62	5690
4153	115	2746
1461	106	23583
22386	60	3957
332	160	6769
6610	106	1591
839	80	7900
4464	115	6084
7439	115	21789
23393	62	9890
3411	115	8189
8213	115	5212
21950	1	508
7865	115	23455
8126	204	3567
873	26	21849
864	115	21882
9594	1	8049
10058	108	6430
24573	62	4670
21047	160	1458
4502	133	4805
24327	22	25050
6577	115	7744
4043	131	23648
7732	123	5971
41	115	3483
3181	80	23308
22332	133	1247
21970	58	4819
21603	115	24297
8883	133	2566
24257	115	10088
5229	115	1586
22163	76	2566
538	143	22110
3153	80	9830
10325	131	6188
6358	206	8782
7392	80	3245
9452	115	24159
23941	39	3511
5961	95	1059
7251	123	22997
1846	62	2887
1828	80	6023
23973	173	1009
2604	190	2517
1504	93	5649
5206	210	8776
25024	130	24583
23267	174	25149
7663	115	10172
21741	108	9412
7169	115	6572
2331	190	23622
10093	80	2224
24492	143	4676
1320	123	22567
8670	173	10001
7011	108	5774
5337	115	3490
889	131	21845
23871	133	6869
4229	115	3083
8608	130	6275
9328	115	22825
935	210	25310
8954	80	2224
9483	115	9960
9731	115	21900
6053	123	21949
6113	108	9412
23333	108	9846
3411	115	1823
6257	62	8773
6736	209	8525
21842	123	5971
10009	80	5548
24444	123	4197
23426	103	8650
3620	131	21662
10132	115	22797
682	62	23767
1742	183	251
6412	183	914
6773	62	5597
2669	209	679
8192	115	7769
7816	206	8803
904	173	2488
1392	80	9228
24171	146	23588
9177	183	6576
4903	76	6869
2052	62	23430
9675	174	2973
24106	90	9955
6937	173	9158
22707	103	24873
2278	174	8842
2443	106	9280
23545	1	6147
7997	173	4708
8353	80	23397
25189	103	9741
5663	1	1070
1477	80	25167
9828	205	23401
981	209	24637
1050	108	9412
4966	183	4566
1366	209	8585
4732	123	22481
298	173	4050
672	133	21123
6073	115	3083
3238	108	2694
8925	206	3019
7450	130	7680
9658	22	22037
22284	173	10237
23982	1	22504
10112	133	5472
5169	115	8557
9496	215	22768
1051	115	2760
9885	1	23619
4952	1	25468
23476	38	2769
9092	205	23971
9540	180	25206
1004	80	7962
1297	80	9481
4788	108	9412
2260	80	6869
22622	149	23059
24415	95	30
3893	108	5472
2908	80	7900
8217	12	23121
6093	190	23622
23600	149	3817
7636	174	5997
551	204	3974
9437	133	9830
4657	115	6506
7211	189	23786
5059	204	7054
3214	210	21665
23615	93	23621
3902	204	24951
22057	24	23747
10451	173	8984
23536	1	1070
21380	133	6869
6238	22	6869
23211	108	2694
23259	62	2448
6282	205	21906
3561	115	5680
6634	133	2566
4535	207	9542
22796	95	22886
7250	206	299
2143	106	8923
24517	80	4085
9882	80	4790
398	1	6421
5642	1	508
23634	93	8540
10381	151	10381
3390	115	22998
4934	80	24784
2070	173	7571
6598	177	2514
8691	38	5984
22635	115	2294
23378	80	23747
7682	173	23035
420	93	21295
7318	177	9228
1937	108	24998
25306	62	21724
2614	82	18
6194	80	8874
2463	173	22998
22940	160	9100
5440	209	1009
8725	123	319
2084	58	9158
5149	82	7487
23806	80	9623
23179	80	3245
8472	80	22221
22512	143	22790
7942	133	9503
10245	123	4315
10471	123	4218
6051	115	8141
22415	131	21252
8651	146	21513
23566	173	2083
6622	108	6688
3234	210	1775
5930	133	25103
717	108	9412
5845	35	23873
7107	123	1967
21324	115	9821
1700	115	7271
25306	62	22489
22316	206	8599
7318	177	23677
2175	115	24823
7185	1	7867
3192	209	4197
1157	177	8679
2747	123	21951
6856	87	2009
5772	85	22296
9182	123	9908
7005	95	8012
9861	62	9089
4790	112	3067
23871	133	5669
10212	80	22137
1700	209	3083
3432	115	22280
4884	131	6022
7604	108	9412
23460	115	22004
6531	143	22692
2277	115	9538
8040	115	635
22637	173	9053
21294	131	4694
2569	173	1837
3433	191	5720
7085	115	23376
10094	210	23186
22071	82	21947
22708	208	163
7417	133	830
2819	95	21366
2902	131	4892
9062	108	9412
1294	115	7254
63	133	9481
295	204	8485
7952	205	7940
8539	62	23452
881	183	24223
9059	204	5175
21836	1	23407
2638	215	8031
10335	115	2023
6056	62	717
4638	1	5851
7508	72	1478
7345	115	3285
24779	130	5997
1565	115	23272
3152	115	1550
23262	209	747
2741	39	9732
9657	62	7105
22722	210	25310
1962	205	8502
22691	143	203
4609	174	2490
21469	209	6843
21806	53	24163
8333	123	3097
22298	35	5669
5782	72	23869
3646	103	3615
852	95	22910
10290	115	5013
21600	173	747
22581	108	9412
22119	174	25149
3475	209	9110
7025	38	9619
23439	62	22111
4250	115	2022
8960	173	25149
24346	93	5782
9714	143	914
2395	131	21942
21762	95	120
22549	133	5669
23701	106	21482
9744	115	21882
5601	76	24110
2757	80	2566
21496	115	2051
4260	160	9100
3322	146	4303
7149	173	23132
859	146	3918
6547	209	2329
22455	123	21951
5076	108	8874
25476	204	2727
25241	206	1163
1761	173	7280
3943	205	8502
21640	80	6563
24120	93	22072
24669	123	2018
22704	80	1893
7562	55	5028
5702	123	9775
9176	106	5101
22177	160	9100
4585	87	5145
2661	80	5829
7157	200	22163
6013	123	7170
2448	62	23285
3390	115	21792
1624	123	24240
9773	123	4213
25177	106	3760
4587	115	9909
6624	93	10445
10382	206	7814
6777	133	9623
23058	80	1361
2337	62	5867
21963	58	5997
23476	204	6138
626	204	6599
4928	80	25498
1616	80	23216
9105	169	1068
8815	123	314
3744	115	21415
4575	190	7554
3802	209	5314
2901	80	22733
3912	123	8630
2479	103	2382
5800	206	10457
1779	95	6697
7826	62	6991
341	115	7780
9315	115	9964
24906	115	5603
433	115	854
5331	130	7354
21743	133	603
22324	115	1579
8303	173	25315
21688	115	6690
24531	62	6754
7085	115	5103
9828	115	22274
7604	62	24204
21519	80	5825
7087	204	7054
8985	115	5271
2111	130	10318
6311	173	2947
5667	130	22801
24711	115	22653
25488	173	8517
10034	62	6176
24108	160	6769
21946	95	24035
4507	103	2096
747	5	22733
22721	130	24766
3533	206	8649
9282	123	822
10396	103	9140
4361	115	2855
22597	24	23747
7785	115	23708
9279	80	9665
10391	115	25452
6728	123	7084
8795	206	22864
23251	106	1718
862	123	5213
8119	205	8914
8188	115	22462
7906	209	5572
25274	108	2987
5226	209	9756
9994	115	5264
5595	62	3984
23623	95	22886
7708	115	22280
6852	133	22666
2527	115	7383
1490	115	21792
6148	209	2572
10374	200	2711
24970	115	4264
6732	133	25167
7499	80	2566
22533	115	9527
5224	80	22137
134	108	9412
1051	115	23694
9272	206	9351
5343	160	1458
3172	115	604
8180	24	4790
1949	206	24217
1825	88	22497
25297	130	5997
8825	209	21201
9160	123	5909
6564	35	24615
8064	1	22578
1679	80	21967
385	123	3137
25243	106	22178
1240	1	508
2312	123	2033
23201	123	5099
10343	206	23987
8948	160	24239
3056	209	24344
3598	123	7875
22839	106	22638
9469	67	6563
23500	95	6625
10270	62	1069
22821	115	7888
860	115	6506
619	115	8684
311	12	22246
22378	62	1239
22430	108	9412
21350	114	6656
7239	209	679
620	115	8366
9170	62	1825
5595	62	24350
8569	1	508
5383	115	9122
25192	204	7054
4256	115	9504
8328	115	10127
10249	187	24634
1100	115	3800
961	206	25463
6697	80	6869
3001	194	8583
8743	93	24468
588	115	21583
398	115	4417
4604	108	9412
24583	80	6869
559	206	10157
21882	133	6563
23136	160	24239
1353	115	5303
460	189	23786
8240	151	2083
23558	149	6563
7998	80	21395
9180	174	23455
25434	143	22166
2866	62	24457
7632	150	1980
5895	206	21873
801	39	6058
5202	53	21450
6938	115	24727
8037	123	24286
3893	108	6687
1206	173	22189
3140	196	6867
326	80	797
3960	173	22216
24365	115	3655
8708	173	8307
3087	183	1827
1258	200	24578
1780	115	22245
23505	108	9412
7135	62	9154
4360	72	22638
5770	80	89
5830	115	9782
7644	115	22114
4672	1	5447
8669	35	9849
21392	106	8241
23879	62	6666
22430	62	25343
25371	93	1486
2368	209	24850
4396	209	24240
3414	115	3908
872	115	244
8311	123	2754
23722	133	7048
8888	80	9623
3665	215	22738
5884	80	1247
22284	143	2271
7740	12	9898
22725	106	5128
628	204	5912
25434	130	6956
8077	125	3526
23102	62	8376
25250	174	1681
1526	62	4557
5721	160	6769
6079	81	8934
10061	115	6738
22724	133	24540
10061	115	23376
6583	115	8360
24073	115	25369
3562	115	21175
22702	95	24635
442	17	22659
22529	103	22076
947	131	6125
7581	123	8630
24202	92	4394
2064	123	7984
5386	62	2573
6075	106	10492
9679	108	9412
7967	62	6991
2254	219	5988
23384	39	6058
23516	62	24209
22203	1	5851
4730	204	3567
4034	80	10371
4897	123	2488
6755	115	4399
8558	1	8049
9384	123	8992
1577	173	23885
2429	108	9412
556	115	4060
172	115	4161
355	150	9503
23466	115	7006
3046	80	3992
24575	62	6449
7402	160	1458
21884	39	4702
22893	177	7463
21219	173	6706
5746	130	9840
47	95	8775
24094	133	7900
6692	173	71
6534	123	5099
25487	209	1635
22262	160	21905
637	73	4716
3388	82	24567
7896	80	89
6681	173	3349
3829	173	2117
3742	123	24174
1892	133	6869
10049	115	24513
3218	62	5023
3200	38	2589
5408	206	4305
1365	205	1453
22057	80	5472
22848	1	508
4987	108	8679
2581	115	4932
312	38	647
868	123	7241
24149	115	5341
2951	133	21136
9479	115	7760
8403	95	3778
23317	133	6869
2294	80	1136
23583	72	21662
7987	204	7874
22306	190	1481
9624	133	7323
7014	115	428
182	209	3682
2810	75	24071
849	115	6490
8284	115	3308
8291	62	714
24319	106	4281
6617	143	5312
10021	62	5305
6761	115	5288
21791	115	7462
870	115	21882
25001	126	23941
3890	95	3349
24864	115	3461
10111	39	163
6948	209	25473
10245	173	25396
22148	95	5136
9776	80	4790
4897	173	2488
2281	205	8314
8496	80	7413
99	123	7427
9242	115	8438
8535	179	4092
8510	115	9527
22511	80	6869
2748	82	23173
2181	166	23216
9956	173	2468
2322	173	5686
5542	26	6916
10110	173	24241
6066	76	22621
105	204	6760
25412	149	113
4057	131	8134
5434	62	2866
9926	80	4790
6635	133	9623
2126	39	9571
9633	35	24224
23519	133	3914
9923	5	2566
2416	149	25167
24365	115	8953
6358	206	1896
23508	80	5823
23398	115	2902
270	131	6694
9048	94	9907
6229	39	21927
2552	123	1209
9795	160	9100
24402	115	2455
21047	160	2382
5157	115	10310
22510	76	9105
23516	26	22309
5829	108	4790
5458	62	6684
8336	80	22733
7214	95	22979
3535	143	5095
8278	103	8257
1274	115	21097
8305	17	25038
3654	115	5108
23335	1	6147
4518	123	2488
4089	173	5986
9485	90	22641
21496	123	22686
9737	130	2711
7147	123	4496
1105	130	2962
8598	115	24107
3130	108	9412
2221	80	1247
7756	115	24928
9172	204	22743
10473	173	7743
1886	87	6058
3507	206	5192
9381	206	9683
5806	133	22749
1227	115	8141
22117	206	6823
21440	123	25038
8845	80	23308
22273	205	21989
4967	62	441
22367	72	889
2134	123	6452
7342	38	22134
1861	62	9979
954	194	21760
22579	150	8430
10430	209	7003
9019	58	4571
7866	123	6629
7667	95	22886
25399	103	25008
836	39	4320
9751	183	25096
2769	80	460
8495	95	2014
22143	115	2760
3536	1	508
3773	93	8780
22895	115	25094
4838	35	9967
2471	80	7962
25062	62	968
2025	209	9897
1189	143	9939
21295	103	420
1043	146	1687
7244	174	9158
23297	115	21429
8731	205	8187
21561	206	22054
4054	115	3618
3936	115	2449
9516	62	9679
2739	1	508
4812	206	8239
503	26	9841
7927	130	22984
8185	174	21495
9229	115	8783
23372	115	23091
21917	115	21302
7112	62	23311
1978	115	22084
3907	80	1487
3262	183	25375
2536	115	4607
203	123	5546
9872	115	21097
1273	115	3032
4760	209	24941
21333	62	21782
1795	206	9381
3069	115	21921
2358	115	24513
10483	66	7266
23904	115	4775
63	103	10346
7018	123	3349
4156	1	1070
5257	123	10237
7984	38	9821
21699	62	6819
9623	150	2630
23535	204	4329
9785	5	21778
23553	123	10384
4841	80	3095
6449	62	2145
23363	173	372
1056	115	8582
10120	80	6869
21016	26	23118
10396	206	7567
3080	123	9081
6166	209	23739
24753	200	6275
7391	174	3898
2815	174	3571
5330	102	1303
22224	80	6869
4349	160	2382
21774	173	9989
2764	209	7170
5098	133	6563
7163	115	2995
2469	62	6663
23948	174	9580
9437	80	9830
7778	115	2995
9704	173	8777
22434	173	22877
5853	95	855
23475	38	3571
4184	1	1070
8639	93	3550
25265	115	5365
6054	115	8579
8023	160	22294
8932	80	2566
6172	121	9849
23117	80	6869
6802	115	21629
102	80	7463
9998	206	24326
4439	115	3344
23263	93	1674
9841	108	9412
24395	80	6271
23725	62	8865
24832	206	6844
23356	116	2978
7890	26	10464
5447	55	7696
10196	123	21805
23517	80	5030
131	209	22184
5123	102	2176
23179	80	1437
2074	200	267
4954	174	22801
23649	205	5756
10085	106	23882
2863	1	1070
3000	103	21650
23327	133	24246
24807	173	4734
22465	115	2269
4169	115	9978
332	160	24239
5033	115	1476
23591	106	1472
5422	80	22733
7021	6	24998
2437	1	7867
23020	115	8557
6985	22	2566
2359	133	24913
8804	5	2566
7884	76	2566
8308	38	1521
1045	62	7112
2702	115	24562
2056	206	8751
7050	62	1045
23006	39	8029
9816	115	6766
990	115	836
4245	62	8933
7472	115	3293
1431	205	25246
25256	103	6732
21832	205	24286
6829	173	679
8016	133	5063
21841	53	6430
4767	206	3800
7125	115	9923
3913	93	8346
1192	95	7585
8984	80	2566
7899	123	25219
8142	115	9448
9305	173	5224
1462	62	6551
7292	115	3819
24758	39	21112
4226	115	8579
4684	173	4218
3689	1	1070
2578	95	1560
24389	131	7843
24937	40	9058
22832	95	3778
24954	123	3812
3416	106	9971
22820	205	5756
1217	80	5823
24770	106	23127
7129	133	6023
3053	123	4900
9979	62	25338
23519	133	8874
3992	35	7349
2203	35	7323
5682	115	4706
21213	80	22749
1061	108	9412
7308	115	23902
9168	80	6023
4666	131	6143
7630	154	6023
22832	173	22704
22759	115	23708
7448	123	3777
9591	1	6661
23412	123	5572
2819	123	23960
22197	1	508
10097	204	23473
22707	133	24998
7766	205	9032
1457	123	5298
24743	115	10091
5908	133	1940
7734	209	8238
22370	80	7458
23526	115	21423
22903	209	4922
5500	115	6655
5576	26	2645
8817	62	22867
10361	62	10390
8006	115	5235
5105	115	3267
3478	108	24536
7785	115	23224
7922	63	8233
21572	39	5273
7255	106	22694
1208	35	7111
21252	206	23012
10036	204	22076
5218	115	23802
8357	1	1070
2038	17	24622
5984	25	4006
9564	160	24239
8394	115	2126
3129	108	7632
1066	106	420
5243	1	508
3581	115	8063
5434	62	7443
8272	115	22898
22167	80	797
22254	206	7075
3104	80	6869
9097	209	24286
1534	115	24880
24247	80	7900
24206	80	25050
2404	108	9412
5213	106	1618
10403	133	25195
739	206	3065
21401	62	21051
7503	115	1261
9285	72	21931
4211	209	2658
2612	183	9740
8644	205	3804
3907	131	6811
1179	12	3173
1499	209	7170
7378	133	9412
751	174	9619
9477	80	9481
24570	115	21428
6641	80	9665
4980	123	6629
6973	115	23272
7381	80	2566
5726	115	2749
9146	62	7561
10083	115	22020
24007	113	22738
24115	123	3655
1104	206	23839
4931	204	24951
21640	80	9623
8525	39	5896
3037	204	5912
22379	1	778
7101	205	3105
10232	115	9964
21571	106	22044
1093	25	22239
24376	189	8853
7514	143	24835
24720	123	4213
2308	115	23817
5318	106	571
8534	115	8624
22079	115	23785
860	95	3778
76	80	2224
10191	146	4303
376	62	7135
8074	115	24602
21099	206	8257
3867	115	7931
22384	115	25128
23095	123	1884
331	123	35
8954	206	2690
8823	115	517
3155	115	7301
10410	80	2587
6098	174	22984
23062	115	3226
25020	62	7561
3545	115	23985
5013	80	24540
311	126	21044
1930	206	24822
2907	62	24903
6403	130	7
25166	130	2711
2572	80	22233
2916	115	21581
4375	80	3875
992	123	10190
25395	209	25087
3313	180	1
21797	200	23167
5567	206	8805
22941	38	21096
22542	206	9881
8966	115	4775
3552	133	3938
5972	204	3567
7362	103	1618
6116	115	4292
8112	180	25206
5336	106	8392
3575	173	24034
4113	180	5945
8047	62	4209
5360	102	22290
5680	80	22221
2947	133	2566
7796	108	22469
22158	209	7981
10233	195	3657
23476	58	21934
23240	95	855
24190	106	21783
1567	103	24261
543	115	4310
8787	115	9018
3960	115	657
21957	1	23407
3319	115	8814
21169	115	22950
23294	115	23339
284	131	21561
24063	133	9875
8894	114	8853
23329	115	23507
3617	123	22567
11	183	9529
4119	62	143
25373	80	1247
24664	108	9412
9006	133	1707
8954	80	23677
1067	115	3590
187	115	24464
5155	123	9399
7032	62	9679
8553	173	6439
7635	123	8858
7181	115	10238
6664	173	22583
8608	173	9619
2053	133	22621
22533	123	5401
22551	209	23610
5967	131	23847
5803	115	23176
6711	103	21559
2457	123	491
23474	123	2827
440	136	2566
1856	115	7638
5546	38	9840
3834	173	6293
3087	173	6104
5963	204	21189
195	183	6530
6979	80	7349
8251	115	3226
643	133	622
4805	153	21988
9815	115	9527
2176	191	21758
8919	1	23776
5118	62	21051
7559	143	7911
3406	115	6900
76	133	25226
3400	209	21659
24533	123	23996
7125	115	23587
7670	205	21868
21308	1	7867
1168	200	2826
6787	115	21475
2920	204	21968
6667	106	5905
23884	106	8884
10297	115	1232
9865	80	2566
21179	62	3415
3296	133	6563
7432	209	5603
21583	80	6869
10295	204	5071
10133	115	7515
21635	39	2616
24259	115	23404
3131	180	1
4410	143	21074
1942	143	5168
4108	80	23216
4740	206	22811
7791	173	6275
548	133	2630
9870	173	9756
3357	106	5049
1542	106	8247
8155	183	21309
6527	62	6018
23673	160	23458
4739	106	154
23789	62	150
5512	133	21280
8170	95	1566
25178	206	23263
1201	93	3554
1724	206	4696
7359	133	6430
23125	115	2452
24518	143	2422
10137	210	23186
4677	133	6023
6259	106	25143
4590	115	3473
7118	123	22159
4667	143	2705
969	62	960
2911	80	23088
2166	108	9412
9086	215	22768
23245	130	21220
6184	205	22216
7216	115	6402
23135	174	8659
2790	133	7900
9698	51	23070
8159	80	1078
6911	173	6493
6011	204	7874
6187	92	6606
3318	206	22542
22367	106	23369
1447	106	8968
21325	204	3567
23252	115	24583
1859	124	22437
2552	115	409
5770	133	24448
22897	115	9494
21021	115	21813
5898	115	2841
9561	143	2801
22345	133	6101
3589	95	22886
1011	115	3521
1325	133	5774
2387	173	1806
6627	62	23102
24673	62	2337
8519	160	1458
2837	123	8992
23936	108	9412
8685	115	1892
21028	115	3682
23511	106	21525
2390	115	3682
21275	93	616
5457	136	9650
2935	93	4013
25022	106	5524
22177	42	23943
21588	133	2566
8132	115	24666
10194	72	4417
2821	115	10091
23392	160	6769
22371	5	1983
1048	115	8371
4834	115	3756
1535	204	3567
21350	12	22246
6458	115	7128
6185	62	4804
4356	115	1379
7962	35	9733
8894	39	1052
7061	95	3263
25053	62	24363
7137	1	8583
3158	1	508
24296	204	24951
5692	130	25149
5558	62	6465
5468	63	4895
23154	103	5251
6421	74	23264
22909	62	722
9197	130	35
6723	42	23943
8821	200	6275
21836	209	10410
23175	1	1484
24766	204	21553
7421	130	191
103	108	24998
6287	80	21123
24172	131	764
293	131	1682
8196	103	23251
23351	93	3054
5149	80	6869
3591	123	8687
1694	115	25128
5427	62	6062
1413	130	726
24168	115	5278
24166	1	22437
3999	210	3053
8320	80	6869
5090	209	22354
3218	62	8097
22786	123	4932
25210	24	5774
7662	173	6136
7849	115	5153
2538	62	22524
328	62	6168
10356	1	508
10451	173	23277
5689	106	25316
23027	133	2954
1222	115	2072
37	101	1762
5072	115	931
9058	39	4717
21429	146	747
21425	180	7484
10442	1	22437
8977	115	2302
22523	62	22489
9384	1	508
7210	115	6408
7906	115	24513
1636	209	22584
168	95	3778
25464	123	10242
22407	130	2962
24450	123	23310
21773	206	9293
24743	95	10444
1443	80	21123
25293	76	2974
9446	123	23515
6906	133	24448
21481	133	23608
23763	62	4408
25175	80	23308
4210	106	2220
8741	115	2324
24262	51	24262
464	62	23155
24859	174	3640
5929	173	9356
8304	95	8265
10255	209	5401
7547	106	1020
3599	80	22640
8973	7	5472
5252	204	24951
3298	115	8141
9226	209	3078
21635	24	4790
10313	115	8290
6743	92	10498
4038	80	9105
714	108	9412
10009	146	2841
22068	160	24239
22675	206	21962
8751	72	23328
3259	80	4610
5349	204	7874
23530	53	6869
417	193	23736
25095	115	517
22976	108	24536
9043	62	328
7448	115	23404
9961	174	25298
24367	160	24239
2997	53	23671
24604	209	98
25356	209	8806
7152	130	2901
3809	123	9775
9599	115	24023
25083	1	508
8973	7	69
7390	146	21274
3189	133	2566
22459	173	25145
21089	115	22018
5651	108	9412
1562	183	336
3464	95	21199
7558	209	3208
4547	115	21463
562	92	1881
7411	115	21090
21973	131	27
10146	209	3682
4401	115	21142
801	131	23121
24361	204	23070
7450	173	3996
21709	123	4659
6320	206	7339
8519	160	6769
3547	80	7900
4581	160	23458
4413	123	8630
367	35	2566
21926	5	2566
23372	123	2577
677	205	6072
25178	106	737
7850	180	2076
9685	115	9835
1245	123	1736
7900	35	22977
23953	115	1173
24998	112	2985
6937	173	8320
21230	115	9690
2400	1	1070
9108	123	9580
21081	123	2683
4631	106	22082
7779	115	7301
21794	180	4683
4710	130	1772
6357	206	4323
2925	209	5603
23289	93	9634
5389	105	23619
2971	80	797
23324	80	4610
22429	204	7054
6913	173	191
22870	106	7487
21766	173	2711
25001	39	2761
25254	115	6900
25478	133	7632
5194	76	5268
22340	209	7367
21089	123	23994
24085	115	8627
25112	62	3966
2165	115	747
4126	173	22189
6521	76	6688
7762	149	10301
3311	1	508
3539	131	6521
23877	102	24328
21211	115	24432
23286	80	7900
1711	206	8234
4823	133	25226
21590	39	21915
9867	209	5751
420	206	21295
298	115	10091
6100	39	21675
22169	131	22920
9915	22	4160
1101	123	5868
3319	115	22462
2858	26	8184
23428	115	22630
7739	107	7630
24029	95	10131
7455	131	23960
5413	173	3365
22188	115	8347
7464	115	21895
23852	80	3509
2877	123	3812
5646	115	21460
2174	115	8883
21856	1	508
0	180	8992
538	174	21495
25093	174	191
4855	115	10127
21388	88	10380
8878	62	5599
6859	160	6769
23980	115	8336
2060	103	9163
4390	123	1857
6766	80	2566
8609	62	3248
1634	1	508
24462	1	508
937	183	24748
670	80	22233
6497	133	8874
6594	133	21778
110	205	25402
25203	106	23914
6851	204	24951
24258	103	6123
6898	115	24041
23793	173	23277
8187	80	3795
7560	27	1247
7101	115	5035
7682	205	8314
3485	206	23400
24264	174	10237
7889	80	5041
4485	123	1947
7303	191	7205
3972	112	837
24237	123	3137
10456	93	23757
22800	115	4771
23338	209	7003
7458	35	25077
571	131	2697
2767	206	21715
7958	80	2566
3418	115	10057
2905	82	1332
2390	173	7571
5005	62	2887
24893	80	23216
6707	115	6831
9961	173	1535
24124	80	9503
23558	133	6023
4255	78	10349
2836	115	22375
24322	72	22280
10076	58	2042
3533	133	5299
9762	183	9160
23271	1	6147
22145	206	1232
24363	62	86
22925	173	7903
2467	133	6869
21837	166	8161
10357	209	8057
3471	80	22233
23306	115	6690
22740	205	8502
8855	12	23121
7121	115	426
9545	62	21051
25269	209	24092
22657	95	10164
2380	115	3618
2	1	5389
4898	206	7699
21035	62	9873
631	42	23943
6829	115	10213
6894	133	3992
2281	1	1070
3561	14	21429
7345	115	22015
7001	209	484
1223	62	10228
2860	143	3718
3742	205	7940
5004	115	1789
2483	123	484
3215	204	6760
4816	80	1983
6043	115	22243
2534	206	23693
10055	123	5052
2971	80	21450
25249	209	4375
21892	154	22469
1351	93	10048
7276	62	984
7210	115	8525
8675	183	7666
6018	62	22257
10160	173	3356
379	160	9100
21707	80	3795
8172	58	24107
5669	35	2566
2085	38	9158
9980	123	7693
10217	93	3387
8994	151	25092
3622	133	22621
8140	62	7853
1378	123	9050
4685	103	23423
7376	115	4399
22961	204	5869
1160	111	21892
9962	170	25260
4324	115	23947
4769	80	7900
24334	209	3471
2682	204	22529
21058	206	22067
1920	115	1057
23603	95	6104
24760	109	3277
8438	133	2974
2050	209	5700
24183	62	1079
8792	115	6028
24226	173	24608
24433	115	4991
2427	115	3964
4346	115	4009
23699	1	7867
7197	123	5868
6957	123	23229
1935	62	4237
4964	123	10020
4559	115	22995
22147	173	4050
793	103	7304
3877	95	8265
7840	115	9520
1558	123	5028
4351	108	9412
25412	133	6869
22713	190	7554
23135	183	655
7573	1	508
10492	106	6075
23591	131	21999
23141	183	962
23025	174	5997
1267	189	8853
1236	133	6101
23391	35	6869
3941	103	8295
9451	106	2655
24127	80	8874
3227	206	25148
787	80	10453
24628	160	9100
24789	115	765
21214	1	1484
23615	106	10261
1989	80	2011
3136	133	6023
22747	206	343
23797	115	8856
7859	72	6927
2416	80	21796
2832	209	1549
4487	160	24239
24649	173	8123
4866	72	801
3239	67	4790
1047	80	6430
8869	174	21053
5980	115	1255
22636	131	846
23162	115	25059
6613	93	25097
9861	26	10464
4546	173	7743
4104	206	24065
22900	123	7743
6351	209	10
8383	80	2566
8701	115	10330
24772	123	8189
605	173	8293
3310	123	24493
5453	133	2566
2095	115	22748
24324	209	8806
4185	39	22708
23938	125	2345
8266	115	7787
5387	190	4741
3929	115	7612
21753	62	25119
8839	80	7463
4172	115	4154
480	1	5851
25422	204	22743
21542	115	5138
5672	76	8679
24175	115	8883
24726	80	24448
6412	174	4701
22624	39	9715
8650	12	25188
25030	106	4420
2672	131	22187
22271	62	1126
4156	123	7193
25082	115	270
4576	115	9923
25118	204	5912
22475	209	5750
22429	183	24223
6012	206	6250
3728	180	25206
8666	115	3530
570	95	8775
3631	80	22733
24233	35	7463
22844	215	7620
24446	115	8826
3347	72	2818
24976	39	21841
2526	103	5956
6928	173	8517
9487	62	25007
3680	173	24622
4623	133	6869
3858	173	9619
2824	115	9964
2606	133	2923
21372	48	21751
930	93	9898
23293	123	3825
2362	1	508
3932	183	24440
6543	206	2559
9959	115	5422
7557	191	5392
22683	95	22225
6141	115	25450
23266	115	6069
5163	115	1580
4237	108	9412
8814	80	23912
7144	108	8874
22427	66	22898
22000	123	571
10367	115	469
8772	123	5950
8270	103	7793
7742	24	23773
1117	160	6769
24909	94	5823
2614	5	2566
8299	206	4017
10422	22	2566
8867	123	6705
3892	115	22431
1180	173	22583
1491	72	1491
21581	106	1826
5105	115	2848
21038	173	3687
2547	123	3904
10054	115	4624
7500	115	24666
3786	133	23747
4566	204	2738
8260	1	508
25044	115	4882
6836	80	5777
3608	171	9076
6792	204	8296
6913	204	8296
21402	131	6556
24992	133	22749
24783	115	25038
23366	1	1484
8433	133	9412
7524	106	10210
23247	123	5971
1105	204	7874
23903	123	189
8571	143	23380
5139	205	24286
25243	133	1247
23910	80	4790
8761	133	8809
2080	24	23747
25268	174	25497
22416	80	1078
2819	173	23960
4402	130	8665
537	24	69
21639	208	6656
3679	1	508
22802	209	25116
24097	1	6421
4434	115	2624
6577	123	1209
5516	90	1382
2211	160	1458
24686	131	9916
24365	115	3917
23016	1	1070
21157	130	22092
5438	62	22257
25314	210	10063
24865	123	22997
21892	154	5463
22798	80	4971
2211	102	24239
10074	115	22461
8042	115	7589
24320	7	6675
5605	93	10208
25187	115	892
776	183	23837
621	209	5680
5379	95	8512
23379	108	9412
1405	115	21180
194	209	9225
1590	115	3790
2384	115	378
10158	133	5299
21246	209	6204
856	103	8353
24492	204	24958
7767	115	21090
8406	205	22928
7441	115	8113
1147	174	21926
9342	133	4995
2636	143	23410
1293	1	1070
1690	103	25399
7307	108	6563
23248	180	22664
4682	209	747
6366	123	319
9297	95	22910
8367	1	1396
5742	160	9100
1778	205	4045
6892	115	21059
21883	209	7003
24575	62	4723
984	62	24222
1992	62	23853
1490	209	25339
23060	1	508
4547	123	4574
6202	62	25324
22933	108	9412
5196	108	8679
22619	115	21793
25152	115	10127
3261	209	5467
7486	72	1039
9635	80	9503
21227	210	8178
2059	206	8723
8138	78	21884
24028	80	4971
2618	177	6869
2109	154	24448
7255	72	25011
3191	209	4426
6253	62	1987
2877	123	3904
5258	173	3327
899	123	5743
2415	62	7853
8530	115	25461
3859	115	1233
23247	173	4568
3173	114	7040
23478	115	25128
9852	133	6869
21159	108	8916
22634	80	9991
8149	177	22137
8834	173	1865
7139	204	21189
1696	173	1947
21484	130	24578
357	130	3571
21689	115	4459
9108	205	5050
24601	106	4770
860	123	23610
8408	108	2694
4185	72	6279
1101	115	24965
22180	80	24730
21066	80	6023
2792	115	23150
3340	115	23753
2734	209	7372
25245	123	24121
24782	115	2158
21016	62	23897
9067	90	9582
9313	146	1438
24711	205	8187
572	209	4213
4882	133	2566
23394	6	24857
3334	80	5268
24092	80	9044
8516	62	1874
9443	183	1869
2163	80	2566
21735	81	9088
3858	123	9619
921	183	5543
1879	62	8634
24751	115	23506
8617	115	10406
24565	205	24719
23463	129	5777
6683	115	8557
23668	123	21226
22524	98	9341
10189	160	24778
24878	115	7803
10150	80	22978
8074	1	508
7389	103	25172
22132	206	21172
23508	108	5823
22687	39	5273
6119	215	9467
5566	115	22023
22428	133	24380
9783	115	21429
10486	115	21504
5543	173	5997
24837	95	6912
2929	63	21640
8989	108	7783
8364	123	8992
24605	106	702
2509	106	6292
23115	80	24448
4423	189	8853
8524	123	8938
3360	206	9876
24780	115	4613
9490	123	9110
3959	173	24960
1459	80	10284
7976	39	6058
4233	115	8965
5222	206	25205
8286	115	10076
5795	123	25473
22442	205	21868
24497	93	7115
22047	106	739
23491	115	10359
3820	206	6623
23388	93	6454
22	173	1681
21571	80	24552
8726	106	22390
23846	62	5651
24617	133	6563
10263	173	22130
21315	205	24719
8222	80	10301
7541	160	23458
25237	173	23177
2592	80	6101
8065	190	6079
9778	115	8361
6143	82	4666
3874	93	9722
21621	206	23823
4148	123	23065
24806	115	10009
1000	80	6869
21154	115	8139
5977	80	7900
8617	115	5013
832	93	24001
10048	133	25167
1355	115	10001
1325	72	1607
23545	115	24989
2889	133	2566
8066	115	1233
9379	133	4790
25110	63	21166
5351	115	23215
22719	174	9619
6080	95	22225
8026	115	4036
9070	62	8376
4356	1	508
9758	133	8874
21497	26	8602
9014	160	6769
9108	14	9580
1557	123	23234
9106	131	7523
21790	204	3567
5444	115	3419
503	62	25121
7756	209	3604
1105	174	2962
7406	115	378
9341	108	6563
3731	131	6408
23052	103	8587
9344	80	21450
24476	209	23320
2819	115	9335
4068	62	24222
9624	106	23888
22240	209	1629
25293	5	7900
24668	80	21556
4547	205	23477
2214	80	22749
6937	130	9158
22601	108	6563
21802	1	8694
24688	193	6205
6743	116	6563
21984	115	378
5247	115	23048
9701	115	25370
4621	115	5913
22864	106	21602
22941	58	9619
23087	106	21022
1288	95	3778
9583	130	24583
22216	106	23058
3579	39	23218
7729	76	4790
5768	123	372
7139	173	21100
8722	209	333
2285	206	22563
26	115	649
4495	177	24163
23109	205	7940
21715	149	2630
6993	115	3973
10473	115	3590
3845	160	6769
8979	209	4744
6403	123	3349
8209	209	867
22093	205	10116
21531	80	2566
22434	1	7867
2360	80	1053
7570	183	23986
25392	204	24958
24104	80	367
1347	95	4144
5438	62	4068
4846	133	5669
9193	143	23663
2081	173	2711
8783	80	367
4737	123	3305
8236	108	9412
2679	133	9849
102	80	9665
8052	115	22536
23837	173	8325
2723	123	24180
1424	180	3638
24875	1	4163
23903	115	4426
474	115	8109
7591	209	6352
716	105	9467
9994	209	3356
9616	209	3538
25339	133	6869
1997	166	8921
7752	48	3290
23813	204	2727
21544	39	9320
4238	173	372
942	106	7762
22646	115	22839
407	209	23199
3015	1	508
5473	115	23111
6791	206	9935
25254	115	24546
4130	204	21189
23992	103	25389
5828	174	2711
7623	106	9920
4049	115	5422
4476	205	22705
9533	80	24110
23942	206	10081
24256	62	4351
23002	205	7940
8671	115	25369
9578	115	6028
56	115	3579
3701	174	22942
21955	115	5586
22420	133	24448
22976	80	7048
2959	123	5003
24274	115	4791
23431	1	1070
9547	115	6730
6744	123	450
2278	204	8296
4919	80	22296
24696	10	22879
22304	80	9849
22580	115	2749
1689	62	5329
7818	160	23458
182	1	1070
25221	80	2224
4187	123	482
1841	168	3043
6875	123	7455
21299	115	24989
10432	80	2587
5571	123	24262
3215	200	9580
2856	62	21606
21185	95	23115
1525	93	22948
1647	143	10446
3612	108	9412
2081	210	4894
1878	80	6563
4758	130	191
4308	24	4790
24087	173	22121
5538	115	8090
1583	72	2687
637	136	3692
3407	1	1396
6661	55	6929
22867	108	9412
7776	160	23458
24917	115	5429
4059	95	6625
2168	123	22348
1199	133	9990
25093	183	4758
2702	95	23645
8423	1	778
3386	105	22321
8779	160	23458
1271	103	6591
6055	108	9412
4508	115	10001
6316	90	6081
23893	131	7455
3289	146	859
9572	115	7744
24873	80	3692
993	215	23683
4075	133	6023
22462	206	7486
2322	205	24170
21692	204	21331
10395	1	10075
18	72	21510
23856	183	9171
4797	187	10249
23334	133	4790
9544	133	24491
4925	95	3778
7326	173	9053
25218	38	22163
1167	62	1165
7443	26	1701
25002	103	3710
8130	80	22568
2654	209	5401
8556	173	747
6080	205	23477
2851	133	5094
1064	93	25132
21145	173	189
3524	1	23407
121	1	23619
24444	115	1586
1082	115	8067
5271	80	1247
9965	206	9222
2394	80	9071
7636	210	23891
8641	173	5779
9635	206	7942
21949	72	21344
2591	1	23619
9146	62	23452
3533	93	4135
8469	123	9456
5776	209	1549
6490	133	6869
9848	204	23070
6212	115	2784
489	174	726
10484	1	23407
24720	115	24989
22794	123	319
21720	80	3987
25327	149	6023
2910	39	6058
25468	75	24071
1373	80	5299
5151	200	6956
3081	80	22666
9596	123	3904
10103	115	3601
259	80	7463
25102	80	2487
24205	26	6158
1284	26	22836
6010	133	24448
2442	209	2635
21863	209	3825
5514	115	23461
4875	82	7340
25355	133	4790
4490	115	21825
24647	108	9412
5720	29	22578
24835	204	8296
494	209	22086
1385	115	6393
8288	115	3272
7080	115	25162
3607	146	859
3396	115	22764
3751	131	9510
9955	115	9552
5601	39	21841
5605	103	683
4395	160	23458
3756	90	9780
2790	206	7690
7171	123	21117
3311	205	1475
4983	115	9067
21736	103	25479
8648	206	2079
23903	1	2810
613	72	1128
1960	206	3264
1426	115	10327
6886	209	7170
2279	160	23458
24664	62	7315
7403	204	3974
6859	215	6369
6162	183	5340
1104	206	6414
1153	53	7463
9737	143	5778
24158	95	10108
6651	108	9412
10005	115	24828
24872	133	2694
21287	206	1531
23969	39	8623
5396	80	23677
1136	35	2566
25086	101	22379
25239	180	4683
10374	204	7874
5873	106	8749
6728	115	25028
9949	103	21296
24913	85	4794
4172	209	10332
7595	80	113
6940	1	1070
8290	80	6430
10025	206	10141
5848	115	21816
23244	123	1836
6938	1	508
22267	123	6614
24506	80	23677
187	115	25429
5918	93	5104
3958	72	24081
1033	205	5445
23347	123	3847
23137	1	9467
6979	82	1133
4174	209	23409
23076	63	24975
24218	173	5245
21330	42	3830
25392	58	4130
1910	115	7638
546	183	2807
9355	204	3974
23603	115	2302
4109	123	3904
2483	115	5271
6063	115	1261
21339	115	24989
21366	204	24951
4075	133	6563
7292	209	10339
25316	106	6623
8013	63	4255
24250	115	1799
6954	1	1070
4120	1	508
23836	115	1188
22848	205	5201
25269	123	22216
24837	209	3401
122	209	24791
22533	115	23708
2152	133	1980
8243	80	89
9378	206	9142
7852	204	8565
25457	7	8916
10215	115	6720
21318	115	5419
23022	183	21063
3500	115	23525
24475	39	5593
23376	80	9105
260	115	25453
22392	115	8627
860	115	2243
4148	115	2158
23127	106	24770
6545	131	22337
22067	206	21823
24068	115	3760
7106	174	1093
5195	116	22469
9816	123	6540
22886	203	2009
4305	103	5408
1383	204	3567
8639	206	3550
23958	115	24232
8697	80	3944
3261	123	632
23476	58	9619
2468	204	9698
22465	205	7940
1183	108	4561
6385	209	4411
9754	204	8252
25208	1	2618
6724	174	9580
8229	39	6768
22614	215	515
5768	209	372
9166	108	2694
21410	130	10213
1419	133	23747
2718	133	22621
21040	115	23215
22152	131	5060
2523	160	9100
25049	123	2089
4122	80	7423
22649	80	23341
23789	62	21753
675	123	21250
6608	66	22432
22402	80	1136
9926	133	24651
21999	106	7923
1846	62	10021
9888	80	6869
1153	166	9665
21688	209	6219
23205	115	4154
24131	115	9067
22429	123	10062
52	106	3387
923	180	4683
25238	115	9295
5007	115	9462
6607	95	6625
8405	62	25380
2800	204	6138
4460	1	10075
4746	62	4237
21689	115	8246
9793	115	6893
23158	115	9233
6555	115	24727
2437	95	10108
7843	131	911
9812	62	23129
3949	151	1216
21571	133	22528
6713	115	24104
4981	130	22163
3723	24	4790
1223	26	23429
25245	123	6371
8836	123	6371
23405	206	21783
7348	62	22229
23311	168	21311
1090	183	8720
3018	115	1369
7136	206	7508
1484	74	22321
1110	62	1685
21592	174	21053
25157	106	3367
3793	204	2727
5983	123	24815
8711	80	6869
23611	115	24464
21922	209	21629
620	115	3530
25411	106	10426
1625	80	23216
5470	108	24998
6819	62	2852
23614	103	2646
2545	115	571
24377	1	1070
9691	80	4971
22210	115	24808
25469	115	9600
3022	123	22725
10267	108	24784
1698	80	3708
3443	173	6582
10224	115	5827
24460	115	9960
1654	103	9615
5988	80	9481
6899	95	21970
25380	62	1987
25441	115	23902
2562	38	22653
1494	173	21716
4604	62	22867
5833	93	2247
6987	108	1971
23546	76	23873
21821	215	6369
22010	115	6818
4779	115	931
24889	1	1070
8534	115	2370
7283	143	2946
427	115	1375
23526	95	1804
25187	115	2158
23932	95	1340
9957	115	5603
24492	123	2827
21027	62	6819
5705	80	22469
22138	115	9610
547	39	10205
23958	115	3618
7537	1	508
24461	72	21893
4291	203	21675
21006	115	8137
2599	93	9140
4395	160	6769
1317	123	10242
2815	130	3571
4554	180	4158
1180	209	22583
10143	1	508
1152	160	6769
4305	93	9129
1638	62	22315
8120	204	8296
1263	114	23543
8261	115	9598
22625	108	2694
9344	93	7362
1466	115	4878
5173	115	9054
200	72	7099
1434	80	2728
22313	149	367
6279	82	23648
7295	115	6273
25278	123	25151
5259	42	1231
3338	1	1070
24112	93	3865
394	209	24935
6948	115	25493
6520	115	24456
24759	123	209
2930	209	6493
514	80	9623
6821	88	4119
922	206	6494
2722	102	23922
3273	209	10435
22795	24	4971
22327	160	9603
23710	1	1070
25380	62	23318
22553	62	22344
3818	149	21136
3471	80	7305
8258	173	25038
6988	173	21813
5527	206	7509
1852	183	3745
3452	123	8630
1585	209	9225
7623	72	5493
23574	115	3300
187	209	189
6364	204	24951
5978	115	5603
1502	115	1502
9317	80	2217
5360	215	3134
8026	173	3259
23906	115	5265
25279	93	3016
3142	62	23853
6106	115	4695
2411	173	6275
8638	115	6658
21569	115	3244
10273	205	10116
21692	204	8252
3274	115	3963
5397	39	7338
10372	62	4334
8104	206	9790
7153	80	7305
23518	26	6158
23438	123	6371
464	62	9345
582	149	2532
23955	95	6697
6824	80	6869
7666	204	21968
4303	92	8271
10000	209	10015
22847	6	8003
5333	62	1935
25239	115	24129
7027	5	7900
9540	209	8992
23852	133	23677
2519	133	6869
24653	209	10359
21486	115	7310
4188	80	2566
4335	115	4708
6520	95	777
906	80	1247
9717	131	4297
21005	209	24045
23498	39	7338
9803	1	1070
4377	115	22638
7733	173	10339
21910	206	22771
2393	80	22733
3031	205	24719
22998	206	2403
21416	103	8295
9097	115	8603
4200	26	9841
4359	123	21250
1238	215	25227
23204	82	3965
23498	72	6048
7397	115	24852
5757	72	7924
24769	130	22801
5684	80	4026
7752	72	4871
22306	179	7349
7450	173	22159
804	62	8878
1231	160	9100
1666	42	23943
22206	115	23582
10179	130	5921
23702	115	23104
4774	115	22151
24646	204	7054
4100	202	2102
24396	115	2966
7250	133	21123
24029	209	484
6665	123	7084
24711	115	8699
22446	22	5669
1390	106	2917
24398	115	4192
1141	80	4790
8574	204	3567
5286	80	2728
7407	123	2345
2825	131	417
1721	62	3541
8774	206	7648
7550	173	2023
9567	206	5922
25088	62	6679
9842	80	24540
22532	115	7749
5719	123	22984
5768	173	372
7757	62	25299
4929	80	23216
21293	62	1018
21475	146	3349
8597	103	2476
955	62	503
1613	115	4656
21268	62	1559
3404	62	8552
4198	115	1618
1287	115	21475
7416	173	925
8694	103	5856
8181	143	23948
8065	80	8703
21538	115	4775
2474	17	2624
5054	62	21944
6781	170	5280
1533	24	4790
23355	160	1458
24672	80	23747
8699	80	3944
21163	177	9126
3747	160	2419
6978	115	25453
1725	115	10053
9555	170	10025
4953	115	3029
4728	115	927
4542	115	25174
8670	209	8788
495	130	9019
25496	35	10458
4065	115	8156
6338	115	24823
2679	106	21529
24447	123	25038
10006	173	8858
10147	173	8881
8974	133	6961
4368	62	21441
2342	174	8148
25012	95	5354
7485	95	5081
6679	62	25025
25065	3	24120
5344	80	4790
23068	173	24589
7496	209	7170
22228	115	10009
23618	173	24200
22917	123	3904
7800	62	5755
23579	173	24125
6077	206	7721
24676	115	1086
22219	62	5709
25296	93	7229
24849	115	4872
555	95	23015
7220	80	23308
6026	80	10453
3163	209	3206
5385	204	2727
1391	62	7853
435	209	24608
21031	115	5675
23258	173	24830
1948	131	6529
1526	62	5023
513	115	8169
25375	210	10374
9263	160	23458
4525	115	3333
6821	26	6156
4162	160	6769
10394	210	21386
6045	173	22189
3701	143	1712
25401	1	7867
7387	115	6506
22383	115	9010
510	108	5063
21525	133	2224
25391	115	2370
4496	80	3817
21040	115	3483
10012	133	1675
6804	108	9045
5953	160	23458
7881	123	21067
21380	133	2566
24872	133	23979
1483	209	1608
4629	114	22682
2850	106	9422
987	123	25339
8328	173	21811
8825	115	732
22934	206	7164
4641	123	9399
21650	93	3000
23417	62	23763
25298	204	24951
23597	12	9473
24517	206	3151
453	108	9412
5991	93	3266
23010	42	3830
4189	115	4317
23231	115	7769
24703	93	23616
7519	173	8621
2452	80	22221
23924	115	24041
4834	123	21417
2655	206	24341
6231	209	23610
3719	114	9217
21585	173	9110
3617	115	5167
5210	133	69
5818	149	9503
22854	209	189
6859	160	23458
8107	53	7097
10046	1	7867
21470	209	409
10316	93	22248
9288	62	4245
2938	106	109
25187	173	1017
4335	115	24247
24055	39	10205
25062	62	2493
4601	173	5213
23479	80	22733
6771	123	9059
2839	206	21257
10029	72	4179
6162	173	10318
23800	24	8874
2634	108	5472
8804	5	21778
4852	143	4095
24626	80	24163
21904	215	25227
24012	80	23463
7604	62	23520
2250	123	3904
2568	115	747
4210	206	9290
78	115	9592
23326	173	6275
10073	115	23721
4504	22	797
21569	173	5640
2259	174	22984
25212	130	3349
23936	62	4649
10140	72	798
9791	80	21280
8996	62	25386
7421	204	8296
10224	115	1337
22827	115	4920
7565	62	8878
9916	131	24686
24227	115	23403
8222	93	2363
8106	204	7874
7175	209	9937
2215	123	23209
6854	209	8621
9087	115	765
8647	115	23461
6875	209	7455
9726	93	3449
3704	58	21053
9959	180	1
8905	173	23468
5441	209	7455
8086	209	2268
2695	115	9865
2029	173	22695
23777	213	6097
7913	115	8024
8964	115	22127
24993	133	721
4088	115	4093
1626	62	5542
4252	206	5718
1172	123	9107
9420	78	6058
7713	206	21925
7996	76	23578
1888	80	91
1475	80	6869
23070	105	22321
23780	80	7900
5535	115	24727
25499	103	8411
3390	173	21605
421	115	23325
3766	108	9412
6439	131	4666
1767	206	23354
5293	115	5328
23437	19	9312
4806	160	1458
22916	115	24322
4559	209	21939
5316	209	2692
1618	106	5213
8570	154	1437
4736	146	10191
5520	131	6571
22011	115	21302
21495	25	25058
4828	143	8147
2377	108	9412
23881	76	9412
4952	115	3238
5336	206	23456
9997	206	21482
6971	209	1549
21930	72	6546
2860	204	21137
839	80	24163
21085	115	25164
7831	62	23788
7019	1	508
3822	108	9846
3296	80	6563
941	115	5766
9139	115	2584
6061	106	25363
3008	80	22733
22995	80	3009
8636	123	1608
6899	115	7923
21193	204	8296
7793	103	9725
23819	39	24881
2567	106	4000
23634	133	8759
1572	206	25105
21857	106	23914
99	173	7427
7983	80	9475
23019	108	5030
25445	160	24239
24594	108	2694
23064	115	293
9838	1	1070
7886	191	21189
3873	102	24778
7727	115	3302
8693	80	2566
3494	115	22926
6528	205	23077
3452	1	1070
3662	108	9412
6214	201	9502
23010	160	6214
10361	62	784
2031	160	23458
22509	1	23264
8913	123	21852
5215	115	3083
7726	131	7002
4308	76	4790
3685	108	24784
1497	173	24145
5293	115	24106
3680	115	3715
6922	133	23037
22918	133	23912
22727	62	25121
901	108	4790
8846	115	3267
531	80	3817
428	80	7900
22158	115	10045
1334	206	779
3889	130	2936
25405	123	2827
3425	115	21858
9667	62	21952
25438	123	5703
23302	173	8818
9856	204	23070
2080	133	21123
10374	22	24803
21795	173	8777
23719	24	8906
2815	173	3571
7094	115	24747
7719	106	1325
6065	209	21108
2105	209	25038
4845	174	6275
64	115	21824
9868	1	508
1777	209	4568
7170	90	23483
2702	1	1070
2566	35	21778
7837	115	5303
6589	62	24787
25405	143	2975
5956	80	8874
21151	115	7653
8114	62	10489
22057	24	69
8503	80	623
2146	123	5743
5340	130	10318
24443	115	1092
1251	204	21189
5117	206	8958
21715	103	4799
2415	62	2337
7092	115	2243
5921	204	2430
7669	133	2694
6109	115	21895
22868	115	3558
3256	209	2329
3439	205	4045
25137	133	5299
3126	80	25167
6257	108	9412
9488	115	21748
9325	80	21136
9806	215	22768
1253	5	1515
5395	115	5204
3428	200	23167
22454	115	839
314	39	6058
3926	1	7867
3158	115	22120
8723	80	9623
8936	204	3567
10279	215	25227
24751	123	5858
6986	115	21102
414	115	2757
24983	115	22625
5467	80	2566
3633	206	23914
23858	173	925
23064	205	22928
8090	80	1136
683	103	6731
9181	115	9249
4975	115	6845
21125	209	4594
24306	158	1480
1499	115	23909
9267	88	22309
8586	173	747
9625	80	7900
25021	204	2430
396	115	23594
2705	200	2920
6494	80	22749
6247	1	1070
25142	80	22497
24268	1	7867
10197	205	21868
24279	183	9522
3900	173	8984
2006	123	4571
22446	174	24310
4554	209	8517
25009	62	23767
1920	115	5264
6133	66	4771
7502	150	25274
24335	133	9689
10224	95	10108
22147	115	6846
22383	1	7867
2384	194	1016
9793	115	6601
6482	62	2264
1285	39	7338
1251	174	9619
21240	123	2902
24046	115	5214
23201	115	8699
1963	80	22137
5450	130	25298
3898	58	2901
6110	115	7298
24294	115	5724
2596	131	9510
9795	215	22768
25365	106	22304
4813	123	9107
21240	115	21445
9070	62	5459
9938	72	4666
1272	13	21704
25387	209	8517
2353	210	1822
4697	173	25058
3561	115	8172
23490	72	6426
8708	205	1609
9270	115	1586
5349	173	2089
6993	115	3655
8554	115	22405
606	209	22464
1649	204	5869
4872	80	196
5364	133	22568
3128	80	69
6456	206	2187
346	133	24233
264	115	21816
22672	209	24705
3189	133	6869
22809	80	21123
9399	106	988
2482	131	21932
6569	106	4823
443	108	4971
21148	115	22250
3964	80	22255
21323	115	2324
24854	160	6214
4209	108	9412
6714	1	7867
23582	106	785
1140	173	4253
22890	80	24491
3523	108	24536
10273	115	6567
21853	1	1070
7161	115	9520
21329	115	3450
21705	206	6857
2637	108	9412
3234	123	1034
8268	143	21324
2669	173	679
8094	209	24286
1372	173	24850
5114	133	9503
5308	112	22382
21681	115	3682
2354	115	7546
6802	173	8727
66	209	4466
10217	80	3821
24609	80	1247
3651	115	25452
3495	115	5563
6041	123	23731
2631	80	10441
9457	35	5829
8583	105	22321
21263	115	3530
9062	62	2439
6988	115	2692
1778	115	9905
23285	26	21638
4356	115	21900
6133	95	2862
5818	206	21277
6294	205	6419
21885	115	2327
3895	131	6390
25070	123	24819
8882	39	6058
3480	123	9619
7093	62	5458
21106	209	7592
5886	115	821
9579	62	7112
6919	62	23895
22337	131	6545
24861	80	8718
22006	1	7867
7494	103	24538
9282	115	24919
1132	173	7775
5852	93	24374
5712	180	1
22115	123	1232
5739	160	9100
8570	105	22321
7386	133	9481
22535	80	9412
5775	115	4991
21513	146	23092
1502	115	4814
8609	62	5735
5535	115	22742
10191	146	3322
21975	173	9539
24141	204	21189
24161	123	24815
23276	7	22469
7987	22	8809
22752	115	25159
2382	103	1458
7310	146	5128
3854	204	2430
4668	149	23677
23675	123	23004
2700	80	2566
10079	62	10034
3147	115	8525
9563	80	8631
5228	133	21123
2077	206	22829
82	115	9565
6392	112	22382
4653	95	5354
5337	123	8858
22197	209	7845
9437	82	193
22693	58	6826
6756	80	9623
24913	129	4794
23817	76	2566
21309	143	8155
2340	143	700
24954	173	10237
9421	76	24730
10122	62	6257
26	115	659
2244	35	22037
10102	146	1687
3497	95	21970
23842	1	508
731	95	10164
3037	204	7054
44	1	508
3045	190	4741
3958	80	22568
23230	80	2566
21532	115	22643
7017	133	91
7521	133	23730
1258	123	4218
3253	130	267
4998	115	23604
7798	95	7731
2782	17	9336
6726	205	519
606	115	4139
9793	115	6126
10270	108	9412
1964	35	24110
22574	205	10116
6087	205	1609
10466	115	4161
3327	80	8161
8960	204	3974
7471	209	8057
7805	80	8874
9220	108	8759
25431	6	9907
21652	205	24719
21110	115	2750
817	204	7054
2668	115	5820
10012	206	4013
23063	115	2889
4008	115	4385
21126	1	1070
24895	106	22279
1871	123	21226
9479	205	301
23696	200	8538
6873	206	22191
3912	1	1070
57	160	6769
6230	143	9343
4616	130	2936
5660	206	22906
23000	115	6186
5822	24	21395
9490	205	9110
23928	123	22997
3381	115	1077
3120	80	6869
9517	123	1918
21304	133	2566
3501	115	3649
2246	80	7820
5976	72	24381
8562	38	4091
10498	80	22749
23988	115	4038
9285	103	21313
6138	75	22630
840	114	8853
10465	72	7884
23765	80	22819
22219	108	9412
1217	80	22356
2649	80	23832
4183	115	4023
2012	76	9907
3154	115	8953
24138	80	7900
21967	168	24061
566	143	7415
21459	115	24956
22147	123	9859
6332	115	10088
22386	154	24163
6602	106	1929
751	130	25149
967	80	5030
6639	115	21653
10381	160	6769
2933	133	9623
154	80	22733
7109	115	2302
21266	115	2296
25216	210	5716
5282	95	23115
21089	115	5603
6976	72	25154
6052	173	22189
1099	114	118
7856	115	24727
21317	80	6869
3731	131	4722
8224	103	922
8447	115	4775
9420	63	6020
9616	115	4902
21068	106	3963
8174	24	8003
2318	95	7731
6575	123	8521
7762	133	6688
4114	115	5509
2492	133	2566
1535	204	21137
1854	103	9219
7500	95	22979
21444	115	2584
25079	143	6822
8876	62	2351
4054	209	3618
8964	115	22476
6151	173	21108
4215	204	2727
2266	204	22076
3512	115	8063
6021	24	22819
7752	133	7423
21708	115	23426
9529	210	1593
21154	209	22865
4937	209	4213
21002	115	5708
6875	123	24192
4910	173	6500
23716	123	3465
481	133	5299
25095	115	9295
3048	95	8912
8982	62	4209
4212	115	1631
5967	206	9546
5511	209	5067
23838	108	3124
6024	80	7522
25304	146	3918
6819	62	21027
21861	103	223
4512	115	22825
7062	115	5303
24718	180	3638
2024	115	6572
10055	123	6628
23231	209	1629
6619	1	1070
23692	93	23400
24344	80	9028
2932	133	24491
9322	115	24733
4168	80	2923
22892	62	22933
3239	148	5593
22812	131	4392
23606	80	23308
6002	115	22476
5522	80	2566
4234	80	2997
5596	72	9408
9271	62	10361
21503	133	9188
8265	38	4091
4235	123	7518
1906	82	2607
573	1	1941
5309	115	3243
3968	80	6563
8781	1	1396
807	108	9412
9359	160	1458
9515	144	4971
104	133	23832
908	108	2694
25218	58	2901
9820	166	23679
1166	209	484
71	38	25149
4737	173	3305
9047	200	23257
1312	173	4488
22134	38	5997
23686	123	10242
8332	173	3265
24587	173	1713
8964	115	24714
24483	115	8139
5219	123	2910
9683	103	663
25152	95	23015
23002	115	7803
7975	76	9105
6638	191	22594
21865	62	7565
21417	90	4834
1336	103	6029
21489	143	22448
23771	205	9012
25095	115	24392
23074	115	835
25329	115	6634
5682	173	22258
23062	115	2063
24787	62	4368
846	131	9246
4246	1	7867
4530	180	25040
22529	177	2566
5527	103	8924
6838	130	22942
319	80	24163
8561	95	7711
21121	115	1817
5940	143	24621
9448	80	9623
727	206	6634
1423	123	24553
25048	209	7577
4964	123	5128
8911	177	9412
8997	115	627
8481	123	21633
24931	80	6563
834	72	23173
1442	115	10127
7685	191	7849
533	80	22666
4643	173	587
8379	103	23565
7089	166	3566
23928	173	21367
4152	173	23633
4415	209	5467
3819	80	2566
7222	38	23804
21679	123	5743
5878	209	10336
9439	173	2683
1116	14	23316
10272	108	9412
6640	22	7201
24186	160	22294
3307	173	7929
3435	143	6640
9510	131	2596
9929	39	6590
8951	123	21220
23432	123	5089
8315	115	7769
2617	204	3567
2964	160	9603
3935	115	5608
24420	115	4462
21220	5	21450
7561	62	9146
6418	115	6904
21241	115	23402
25432	39	21953
4444	209	22354
9630	173	21134
1196	123	9821
7599	160	2382
8805	206	8257
21039	133	9412
3125	62	25386
5816	189	7630
1062	160	1458
10017	115	2786
441	62	3415
7127	123	3812
1238	42	23943
6711	106	5577
10378	62	3043
22845	1	1070
7219	204	5869
1236	106	21023
3862	80	2224
6679	62	23430
25216	183	2879
22158	115	21551
2117	108	2694
8389	115	2500
21303	133	6869
5826	80	24014
1511	146	3136
8838	80	23169
7747	170	22382
1664	5	2566
22645	80	5669
7011	60	8679
1014	123	21417
9219	133	10441
7959	72	9347
21020	209	7003
1257	160	23458
7205	95	6758
5901	1	23264
9755	174	2711
9370	160	9100
22509	123	4496
10046	115	9923
149	115	4283
10433	115	6567
279	22	3546
2887	108	9412
4434	209	1608
5197	72	1561
21911	62	8025
1928	183	1413
7227	80	22621
21456	204	24799
3270	80	2224
22166	173	8325
21301	1	23264
3913	206	8346
784	108	9412
23604	80	24998
24204	62	5934
8188	123	5603
7342	58	6958
9698	165	23070
7641	108	9412
4763	80	797
5905	106	6667
24175	173	5733
22	130	1681
6185	62	23153
24184	80	24163
7621	160	24239
24131	173	6493
21652	209	7003
1942	183	25298
4962	80	2566
22280	206	24322
2264	108	9412
9823	39	9715
57	160	9100
9149	173	6419
22233	35	7305
8445	115	8182
4259	150	25274
3214	183	21368
21760	75	10129
23280	209	23320
4827	35	2743
8494	206	6415
5499	204	5912
23326	173	7374
8611	173	796
6021	67	22819
2190	131	24153
4723	62	8933
2095	1	508
1103	62	25015
22628	1	8583
23263	206	1674
25020	62	1167
22962	123	5401
23264	136	2566
23120	133	2566
3991	115	10330
3014	173	191
25035	206	10316
3411	115	9764
24634	166	797
24149	173	2841
22852	204	3567
8097	62	7375
21150	205	1436
3180	115	1379
21222	206	24988
9482	206	4081
21987	74	23070
5276	95	25248
6552	108	4790
298	173	1089
1246	133	6869
23449	95	23963
4202	153	9640
8025	62	24008
24312	115	7337
5877	80	9623
2715	1	1070
9434	123	2675
24820	133	24901
1835	80	2566
3977	72	24013
6462	115	3681
22693	204	2727
22536	80	10453
1048	115	3300
1482	62	717
24831	205	24162
2409	62	1935
8607	106	7515
4221	106	21342
8270	80	1078
5456	80	2291
868	115	3618
242	205	21434
23084	133	6023
22616	62	22938
3756	90	4834
3013	38	24180
7679	38	10213
10495	173	7090
25176	204	3567
22488	103	10204
10178	133	8899
25314	130	3349
42	206	2892
4362	106	22564
21033	108	2694
10202	150	25354
24871	73	69
8838	133	9849
1527	115	1389
22202	123	2827
9896	115	23325
8184	35	22497
24543	115	8879
2708	62	23116
3778	80	24118
25013	85	22043
10143	173	3162
4328	133	2532
6168	62	6977
635	39	5896
10426	93	554
21504	131	649
7795	115	22627
24140	160	9100
22947	209	7990
2662	174	2711
3688	209	10082
6298	206	193
6505	206	1447
8417	80	1515
465	1	22504
7669	39	4831
2467	80	6869
6360	173	21372
6665	115	6845
7218	133	6961
24541	72	8201
23491	209	583
655	143	23135
7096	80	4971
117	5	25484
4339	106	24728
114	206	7569
1781	173	5561
4893	200	10237
9974	206	100
24356	95	3778
5011	115	5802
24456	80	6869
7443	62	8291
21757	190	21153
24330	133	23183
9608	173	21072
22036	123	9775
3569	123	5546
3698	206	2657
3969	205	8492
2292	80	7463
21168	106	24203
179	115	4362
5940	210	8422
21452	82	7007
6291	209	24527
578	130	9619
8211	62	2797
7145	209	6629
9967	169	5430
1096	72	4630
2531	131	9120
24089	210	3237
3731	131	4771
687	123	9538
2462	40	8582
22426	106	2471
7598	183	5097
21374	205	23812
5347	115	1951
4728	1	508
25428	103	24375
289	115	9155
200	131	22920
21168	149	21136
24207	204	3567
2105	173	25038
9851	93	8894
22729	115	9565
24154	95	22225
7567	103	10396
25192	143	3342
9535	38	3151
2946	130	25298
9551	115	9364
9346	115	5640
3596	123	989
7249	123	4488
9537	115	5362
24981	204	8296
592	130	191
2498	123	4568
1023	209	8810
4650	133	24998
4396	115	727
7884	131	668
10321	204	3567
24544	1	508
8749	72	6188
7347	204	3974
9564	160	22294
9037	123	2675
5045	53	6869
7006	80	8703
3127	204	24951
3623	1	5851
3751	131	2596
22629	108	2694
457	80	2566
2994	183	345
752	115	4708
8323	206	10026
8025	62	23129
5521	174	9019
7025	204	1156
22149	38	5921
9522	204	24951
21774	123	9989
5719	123	2683
129	93	22009
4530	95	22216
2772	1	1070
9435	80	24448
24792	123	22163
7762	133	6622
3312	1	23407
9964	72	22923
7615	115	21411
3999	183	4733
24454	115	4607
3043	168	1841
4004	80	9623
2374	62	10289
8249	130	35
24549	95	23015
8122	80	7900
24465	206	22254
23850	123	5971
8389	115	306
1406	174	22092
2	115	4236
7812	173	895
23201	115	8292
9470	106	3831
6281	39	21073
6183	115	7660
7987	130	2711
21549	149	9481
3423	148	4222
21310	115	23192
2470	173	747
1060	180	3356
24677	35	24266
5444	193	7296
23881	76	1072
23118	35	4967
2606	133	6563
6257	62	10195
5984	25	21963
8534	180	1891
25378	123	9416
2599	206	10396
10147	115	9527
21153	196	6756
21236	115	4399
23127	131	23416
23649	180	23833
23219	115	24773
6786	12	9077
22854	173	189
22083	115	23215
764	191	2038
6084	80	9801
1067	1	1070
7385	115	7875
9545	62	5054
3511	108	4790
10185	1	508
47	115	24503
1085	106	1137
7736	115	3107
21082	123	9317
24573	62	21728
9910	95	1212
24068	115	2841
7679	80	2566
22332	206	8904
10002	103	5736
7328	160	9100
21780	123	8902
8859	1	1484
1092	206	23324
7504	80	5774
7150	131	22675
21316	160	9100
22398	80	5777
3	206	1573
21947	82	5010
23645	38	5216
3087	204	3567
21561	131	284
10123	209	25087
9973	66	21756
3638	80	2587
6361	115	5516
5165	115	2022
8190	180	1
4988	204	6138
10177	106	4903
23189	93	2599
25126	183	288
25235	115	6490
3031	115	5000
627	39	5896
7448	115	8361
22268	115	5724
23396	103	5332
2550	115	482
7519	115	9155
2963	1	508
2478	206	10048
2182	206	7547
23031	206	23888
8952	115	5460
1065	62	10386
24903	62	1907
21783	72	10408
1991	95	4761
24638	205	9032
24841	115	6503
5034	66	7220
9872	209	389
4108	106	8278
1355	115	4139
23642	102	23028
4684	143	8652
3375	5	24163
3368	204	7874
7801	80	4790
4114	115	6904
21631	115	23279
22595	174	24578
8125	103	3065
5919	76	1244
5537	95	3778
24411	62	3930
21769	123	8659
24707	204	2727
8134	131	4057
24576	173	24180
525	115	2296
3292	115	2302
4141	209	6980
4591	131	5741
3802	123	8010
3128	108	69
9575	115	3950
24507	115	9964
3048	95	2885
21282	1	7867
23060	123	8206
25302	209	9763
8094	115	21140
7441	151	8113
4979	174	23805
5852	133	2224
6599	75	9158
21205	115	2027
8497	173	23633
23718	115	1233
600	62	5575
22045	80	9412
8670	209	7273
6977	62	4644
3789	194	8583
3678	205	9032
4902	72	23547
3212	115	23665
1543	206	8765
21077	35	22137
21714	115	3226
24876	62	1879
3764	133	21522
9729	80	22733
23408	35	22497
8656	123	22567
23297	115	5938
8491	209	10212
8062	209	23515
22875	146	21513
6696	173	5412
3015	115	9552
25325	35	1399
5226	205	8502
5527	93	3533
8619	123	9050
3367	133	7834
9688	205	24719
5830	123	7696
8303	115	4624
7707	206	4014
3905	80	5669
4869	206	1175
8272	1	24262
688	123	21111
2603	72	2825
1962	205	24170
23320	133	8003
23220	115	8063
22752	123	286
4728	123	7696
960	108	9412
6438	1	1070
7688	80	9623
8556	115	7314
291	206	22697
2453	115	23672
612	206	7155
2288	115	22898
9175	183	2111
4644	26	6113
2523	160	24239
23202	206	2938
3871	209	24643
22701	115	5101
2535	130	35
23593	115	5176
22784	149	23059
4122	114	24111
24590	209	22443
8072	204	7874
24199	103	3
1885	115	22396
7044	204	2727
21702	35	565
10303	206	10176
7485	123	6540
24835	183	7514
4402	143	9651
549	205	24745
10103	95	8265
5373	115	4878
7235	62	4129
2689	80	8874
21298	80	5472
21041	160	9100
5709	62	22219
9766	160	21905
751	173	9019
7847	115	24345
3882	102	25227
8556	115	24838
22359	1	7867
2868	133	6023
3093	160	1458
2104	108	5063
833	95	8511
24114	106	10113
2818	131	4332
3222	24	4790
9307	133	6869
4489	160	23458
2730	62	1075
9495	95	5081
7319	72	21745
23338	115	25461
529	173	25410
4834	115	22625
980	209	7015
3545	1	23619
9557	115	3029
22484	115	8347
1135	1	7867
6322	97	1883
963	80	722
24440	143	3932
4572	106	6459
6678	80	4790
23293	14	3825
25355	80	22621
5538	95	6697
25445	160	1458
23932	123	7580
9130	115	24473
6453	204	5819
2295	123	23085
1798	115	3267
2995	39	9103
21355	133	7783
22487	123	23963
203	183	22691
4745	174	9158
21368	204	2727
9092	1	7867
5673	133	6869
5316	115	24427
438	1	7867
10085	80	25465
23149	115	2749
8253	204	8252
1851	1	6421
497	106	4607
6690	90	3899
23646	62	9890
4200	108	9412
24428	115	7004
9182	115	22265
21818	177	22964
2839	206	2667
23236	151	6984
9275	102	6769
24512	80	6023
23560	1	23264
23469	106	8230
767	115	7875
50	93	1749
10292	88	22497
1939	80	7900
5658	206	21889
8311	210	1970
3387	12	52
5570	62	1110
5698	93	4691
21214	115	6983
3075	93	5964
7139	174	6275
2632	115	7192
22487	130	23963
3439	115	2158
22398	80	23463
23220	115	24289
21510	206	8090
24976	80	6430
4458	62	2539
4396	115	21871
24682	180	22180
8870	115	2172
25329	1	23407
3676	115	23426
10236	123	5467
2564	133	22621
4089	115	9060
6368	123	23645
620	205	9012
25082	173	9015
24822	106	7569
9558	173	24592
1050	62	9745
10251	133	3821
21013	209	24608
25190	209	24643
2588	209	1865
3953	173	22376
5165	115	22385
8924	103	240
9704	115	8999
4877	95	3778
2138	115	3107
2523	102	9100
1259	123	24206
8616	173	3327
9516	108	9412
6133	66	23595
22143	180	1
6753	80	22733
9005	174	5909
6523	123	9775
22113	123	8630
9032	80	2566
21629	72	450
1138	209	7445
21278	123	7193
5252	38	24616
1265	206	100
21622	183	22595
25193	115	23555
1150	80	6271
2380	95	23191
4905	154	674
3421	115	2784
6018	62	4068
21454	115	25164
22805	92	23041
6278	103	1621
6723	173	531
21845	80	3436
1249	183	59
1200	209	4375
7032	26	23429
7721	80	9623
3341	206	6252
809	123	7985
7880	160	9100
25240	106	6818
23799	115	2360
474	115	6192
4167	106	22408
9555	39	2761
21914	131	1420
24006	209	4708
21692	173	1535
9432	1	6147
21337	173	9756
942	149	24901
7844	174	35
128	133	6869
2280	183	3894
24642	76	6869
21270	173	3162
9547	123	912
7540	80	5669
10020	80	6869
8743	103	4974
23478	205	24941
5934	62	23520
21635	114	7454
24363	62	1721
6114	209	24012
6971	115	8557
24183	62	9890
2435	123	5997
22399	80	9481
2854	62	4334
25232	103	1551
7978	173	1112
3296	206	4222
5392	115	8090
6062	108	9412
25020	62	25413
25333	173	6700
4201	115	4317
22053	106	8017
8830	133	2594
3289	24	9412
5739	160	23458
8872	66	7750
2085	204	22743
4209	62	8047
24826	173	2717
23889	115	9084
4233	209	10126
2551	160	6769
5209	173	21233
3874	103	1945
8935	173	6416
8465	93	3572
22455	95	10131
24098	133	7215
22357	1	508
9342	39	5593
22126	173	747
3190	173	24791
6798	133	24901
4668	133	23677
24630	206	6931
23558	206	24479
5876	1	24007
5485	206	6075
114	131	24153
6831	108	9412
24832	80	22621
23268	206	4222
6055	62	7293
10350	205	23077
1624	1	7867
21148	1	6661
739	103	1473
21532	115	25439
8990	174	8293
5565	80	1053
276	149	830
3647	80	1437
9257	115	5341
6508	205	6498
25190	115	7188
22338	95	7718
2726	80	2694
22144	183	4966
22842	209	5603
7767	1	23407
1604	173	21096
3224	22	2566
955	62	1203
22919	103	8819
23632	149	9846
1048	1	1070
1809	62	1103
3255	115	23872
5598	62	6305
9572	115	8361
6982	115	6846
4113	123	22567
8831	103	1793
25353	206	22252
3591	115	2749
3713	80	797
3514	106	23154
614	133	23677
326	80	21450
7963	108	9412
6336	115	1085
24261	93	362
24934	24	4790
6716	115	24626
21322	206	936
23184	72	24579
21313	12	3765
9489	1	23407
24403	115	23482
8064	193	7296
9934	101	5169
2686	62	23749
22516	62	7032
4437	130	9076
2205	115	24130
7886	106	7
25347	62	7361
22043	35	25013
25195	108	952
3959	209	22354
5270	133	8027
3651	209	24537
22776	39	6058
24291	115	5239
23784	115	23594
6105	115	5422
4684	123	23476
3252	149	748
25	183	3214
4308	133	4790
2695	123	8902
5648	58	4193
5305	62	1846
4906	92	8808
6001	62	5438
22920	131	7099
21388	62	3983
6446	1	9396
3524	209	22354
2863	209	3940
24654	123	6629
21589	206	9587
22140	63	8138
24525	205	10116
7782	115	1233
4400	115	3029
381	133	1267
1692	95	23100
4424	174	24583
9997	80	2011
2618	177	4610
4316	123	5401
826	1	23407
7963	62	23936
4075	206	1013
22804	215	25227
23795	123	5089
8435	150	21338
21569	209	8057
21717	115	4878
10095	115	7569
2980	115	7296
4049	123	23085
1446	204	5071
4441	209	3206
2061	204	5869
9486	133	6023
6751	123	5971
7184	115	9565
1675	53	2565
21096	58	9619
600	108	9412
6636	206	4021
2819	115	4705
6447	1	1070
4121	173	3324
25359	204	8296
5784	80	9689
22684	183	24950
3820	133	1485
21593	62	1072
2555	115	9456
8166	209	5990
3625	115	6518
7878	206	23263
7355	1	8049
23897	26	23118
4653	115	604
8608	130	9619
620	173	8777
5738	103	7002
6438	115	23587
22320	205	5781
7893	115	7612
3687	80	22978
6511	26	6384
6859	160	9100
8121	123	24041
3274	115	9888
8663	115	21175
24698	115	4139
24228	133	24552
3932	173	5172
7434	80	1078
25479	106	758
24042	123	21540
22588	133	1078
258	183	1446
21279	115	3150
1751	123	4496
24545	115	5827
22051	133	7323
10191	146	21513
25380	88	22309
23920	80	23216
6213	133	24998
4768	95	10108
23769	115	5359
7721	80	9045
23973	209	7990
3867	1	7867
9014	160	23458
9299	93	3723
2268	80	1244
970	115	4607
5208	204	5869
6008	191	6008
8138	78	3560
6855	115	8847
5717	206	10425
888	115	2001
24072	80	2728
7758	80	25050
9881	206	5038
7599	160	21192
25414	115	8810
24817	200	22801
8919	123	7861
1884	206	1884
5629	80	5669
4758	174	191
5830	115	2563
1069	62	9687
6164	206	23701
982	5	1437
5629	133	2499
7354	58	10213
24560	123	24819
8556	115	747
2153	24	22469
7555	115	10175
4899	115	22651
3298	115	4932
21908	115	2692
6429	133	6961
8786	206	413
8224	93	23692
7533	123	23177
1318	183	4749
8680	173	6836
7771	173	3687
2762	95	4819
9015	80	2566
21996	163	4716
1740	115	8709
4076	130	9158
21160	1	508
5998	183	7421
336	174	8538
25484	35	22062
5356	173	2468
2722	160	22294
25246	80	21775
2	95	3499
6297	24	21996
10263	130	22130
348	106	23206
24894	67	8906
7750	80	7238
7230	206	22887
25360	106	3264
22739	133	9481
9193	200	22092
23726	130	24578
8690	115	5820
22607	131	6945
21009	115	686
2864	143	1691
5873	72	10325
23433	24	6563
21183	133	3130
1606	95	2014
21755	80	22666
24059	1	23619
3201	123	6409
1281	76	4790
5179	80	1515
24982	168	945
4197	80	8703
9581	115	6273
5721	160	24778
4501	206	23301
1869	173	1884
9239	115	4491
5429	80	4610
7817	115	22004
9472	115	8713
8399	115	6084
3770	80	4026
24885	1	23407
9111	123	22955
23496	206	6422
8695	173	24564
3254	24	674
2925	123	5603
2298	209	1635
24646	130	23835
22706	204	24951
21993	133	24491
4602	153	21988
24353	80	21136
25179	108	2694
22049	62	4106
7655	1	6147
23731	80	23459
4904	209	1314
8362	133	2566
23850	1	508
24555	93	8031
984	62	7032
5154	115	21283
1575	67	22391
23719	103	6800
7138	80	4827
23574	123	6629
3923	180	22998
6410	160	23458
21249	154	5774
275	108	9412
229	123	8325
2668	115	7958
7818	160	22294
6247	209	23610
23237	115	6236
22148	115	8431
23988	173	1087
7139	130	6275
9443	204	7874
272	115	23317
8566	115	6904
22411	206	21394
8986	146	9486
2807	66	4789
6942	115	4292
3758	114	8853
369	80	24163
2695	209	1713
10217	133	5669
9054	80	4610
7762	206	25148
1673	115	23613
4050	5	7900
1088	204	618
22321	16	401
9983	80	2566
25366	103	6756
22956	123	6452
2610	108	9412
166	108	2694
23303	95	21199
24474	183	4076
9444	173	2834
5182	143	5257
21913	1	2810
1316	115	24137
4430	106	10306
23778	205	5977
4851	95	7587
9088	108	9228
24416	12	8714
24105	204	2430
25290	115	21217
8497	115	1389
5888	80	25167
21448	72	10256
22329	115	6236
2179	80	6869
7316	133	2566
2794	1	1070
413	206	8257
22353	95	8265
6108	115	24106
2845	115	3167
5498	130	2962
6056	62	21547
24033	123	21250
21863	115	8577
6502	200	3640
4867	133	10441
2529	131	5841
24937	72	4630
21430	115	6655
9343	17	1806
8833	115	24078
5956	103	25280
2003	131	2310
22836	35	5510
4843	180	7742
4272	1	22437
6708	115	4705
7034	115	24852
4489	160	24239
1668	115	1826
24906	209	7367
23350	206	3019
1174	123	6629
9336	80	24118
9874	173	3356
1284	62	25160
3950	106	8810
8662	206	24375
5351	123	23515
22771	82	8108
472	115	4775
4089	115	8116
23696	183	24707
21779	115	7875
25271	115	22839
5783	62	10079
23079	115	1951
3246	115	7383
6969	80	6869
1431	209	22695
8031	105	22321
9270	123	1610
3038	131	9327
21958	204	10109
21049	190	3140
5668	1	9396
2603	72	4731
21564	183	8733
23903	173	189
6235	150	5304
21195	115	9592
2071	209	4708
7443	62	8516
5745	115	2327
10461	205	25402
25379	80	7396
24497	106	8622
2805	1	7867
829	203	6058
167	115	8739
24761	115	5443
9423	206	22742
23657	80	22733
2371	80	4610
23054	123	5401
1215	14	24999
4691	12	4866
1755	115	23403
21415	131	2998
3700	62	9267
8245	80	5299
3584	35	9875
8374	106	5643
6876	1	1070
23423	133	2694
21856	115	584
1801	123	22216
24883	206	23337
8563	62	1237
23626	123	24866
6437	115	1550
21900	80	3795
3741	39	7338
1530	204	21137
1418	204	10052
6721	133	4790
5042	209	8607
1518	149	5063
1207	95	3306
6077	24	6563
6319	115	1635
8208	108	9412
22900	205	24678
1335	115	9185
7339	80	23059
7953	146	24275
1341	206	2703
23032	123	7367
8268	123	9821
8960	130	25149
7315	62	24664
24068	115	22837
6197	115	23721
23217	17	24946
7662	209	6136
9196	133	2566
6193	133	653
2069	108	743
2085	80	8921
8562	58	4091
4837	62	5545
24096	146	358
23102	62	22285
6999	177	23308
24524	204	8252
5585	13	21704
25302	173	4330
2835	106	1905
21701	108	3124
9072	209	22354
5499	173	1884
2267	22	24803
1521	38	8308
24549	1	1070
9633	108	9412
8056	123	8917
7716	39	21112
1618	80	10301
8022	115	7381
1935	62	5598
6401	102	21726
7099	191	7487
6390	131	3895
672	80	21123
7051	209	5401
23857	115	9553
5088	115	22642
24674	62	5651
5674	115	4882
24080	174	5290
7772	115	8442
22693	38	8139
8286	115	4656
21326	115	9039
5044	209	333
5595	62	25303
3266	206	25075
22204	131	23343
5104	80	7834
4834	180	6316
9534	115	21197
5948	80	1247
23327	190	4741
3553	1	25468
5827	80	622
23817	39	1095
8731	123	1918
5536	154	22621
1346	80	22137
23882	80	797
3542	115	10432
4675	115	24668
2545	115	306
23524	209	931
3697	115	5675
5301	209	21067
352	115	4241
25121	62	4200
9496	160	6769
22623	115	10091
22184	133	2566
1314	106	7943
7480	115	22926
9319	115	9527
4290	115	22432
24756	80	22733
7701	205	8239
5088	115	4882
4016	209	25339
481	206	22318
3100	80	22749
331	130	35
2157	106	4122
6746	206	4360
646	115	22869
22713	190	4741
9325	204	2927
3184	133	6961
22689	115	24727
24362	106	4898
9179	173	390
3421	1	23619
3482	123	7170
2059	133	24491
1044	173	6880
25253	115	24404
21582	62	6353
2755	115	7653
1815	39	22593
7728	106	591
22799	108	22819
1393	108	9412
1825	62	3125
23653	80	9309
25342	115	6660
23379	26	9436
3481	39	21927
10025	206	5280
4558	143	7364
22637	210	6789
645	206	4052
24075	206	10261
6523	115	4991
25096	174	8538
23014	62	21865
3405	204	3567
22459	209	25145
9903	80	24730
1902	130	2490
845	26	261
21183	72	4456
23689	173	10318
5210	39	21645
4339	206	8008
7727	115	4599
1793	114	5536
8367	115	681
8613	115	4478
23898	204	6599
24567	206	819
3035	76	1448
8304	123	23515
2573	62	23043
22911	1	6421
1189	204	5869
21613	115	24774
4871	24	7423
22988	123	3917
3860	160	22294
6820	209	8238
2091	115	22104
8458	115	23708
3669	210	3237
4113	1	23407
4002	123	8293
6798	133	22819
722	62	23034
5894	206	6442
3880	205	7940
5607	80	22137
883	115	6655
4826	95	22979
4116	80	7632
23326	174	6275
3064	115	8292
7058	190	3827
23135	130	8659
6917	173	5089
5191	115	21283
598	12	22246
8545	108	22579
22057	133	5472
24394	115	6236
24115	115	24773
8429	62	22366
5015	123	25339
4343	115	5656
25290	209	24935
3832	95	24422
6287	80	10441
25216	123	25497
6727	115	22995
3833	205	10112
21465	115	497
2824	115	4902
6585	76	7012
24622	80	2566
8289	1	1070
9354	133	2224
22959	115	8067
23089	204	10052
22286	204	7874
7641	62	5054
3930	108	9412
23367	133	6023
3463	206	3507
3362	115	24138
23952	123	7984
328	62	21782
21188	123	3571
4030	95	21970
2407	206	5363
21056	115	8624
23417	88	10380
23101	103	8803
5863	173	4532
6541	115	4907
24944	205	9394
1997	53	113
5820	38	22653
9572	115	2319
6937	174	9158
23181	133	7201
3355	115	5264
9472	115	6680
6428	143	5253
5969	115	4775
10081	80	7323
2022	80	6869
281	173	7813
2455	72	911
4559	1	508
1335	115	3538
7293	62	6055
1332	82	23173
5513	133	7463
21340	80	6023
21177	80	1136
8725	115	4060
21736	93	4864
1554	80	2630
25445	160	6769
21886	103	4420
706	115	9707
3175	115	22837
7837	115	23403
23375	80	21395
25250	183	4231
21104	115	9964
7792	209	23009
639	173	4060
5603	72	4053
5828	22	24803
733	123	24012
2773	19	5260
2842	80	797
22823	209	3538
21045	173	25207
5486	210	24936
4909	143	7549
2300	115	10406
4801	115	854
4438	80	6869
9943	115	22224
8757	93	23225
24255	26	9633
1274	123	8621
7893	115	24733
3092	160	23458
22564	80	2566
5785	115	5128
8860	102	9000
21083	183	7987
391	80	6563
2125	115	23325
23329	115	1826
6798	126	1470
21597	115	786
3082	177	6961
791	180	4158
22616	168	22960
8039	146	747
863	115	7128
7155	106	4271
7994	205	5996
21233	80	6430
21035	62	8539
24949	80	9623
21038	173	9526
7366	1	5389
23503	80	9623
21085	115	9835
1830	206	2835
24728	206	21416
22678	173	25410
4221	80	7349
9848	174	24524
3629	115	7128
2598	92	6930
21353	115	6028
2920	197	2973
7046	209	22843
1845	209	24866
8051	123	1300
5589	203	9066
4876	206	7180
22006	115	6170
2967	133	6869
24349	206	9833
1921	108	21395
22159	38	7680
7965	85	25354
8585	80	6869
8079	1	778
6637	115	3185
7536	206	24043
7182	39	2456
4516	115	6386
3691	204	24951
3097	80	22733
9537	173	5362
21179	88	7357
5190	115	23557
4549	206	4430
22054	72	284
611	160	24239
9845	5	1515
6381	115	249
23105	123	24240
6487	206	21523
2920	58	25377
1061	62	1126
6831	179	24110
8863	115	2135
5553	80	25167
3216	80	25050
5912	18	7874
5671	174	9739
21421	78	22165
9677	1	6147
10074	115	765
8608	174	6275
3315	174	24524
23813	183	25192
9535	38	8988
24652	173	10238
21700	133	6430
7402	160	2382
9839	62	10034
3166	24	9623
1833	80	9481
23609	115	21887
21023	80	6101
10217	72	22358
5810	102	21726
24921	115	8063
5736	80	4790
3665	209	531
21513	92	3607
1729	80	4382
22806	115	4139
21090	80	9623
8360	131	4417
22358	39	2456
24133	95	4900
24953	115	22163
5121	115	24385
672	103	21647
23725	62	5325
21265	72	6750
23669	174	22163
2581	115	1379
3588	133	5669
9727	80	22733
442	143	1564
10497	173	6136
23412	1	1070
24683	115	1642
24933	206	5493
5279	115	1233
21777	209	24830
10188	173	747
24203	206	4323
6148	115	21290
5186	80	6869
5337	115	2972
9499	174	2800
2882	123	9775
10087	209	4370
1067	115	4624
2945	95	777
5664	174	24766
23265	200	23167
21474	204	24951
9041	206	3837
6372	58	7680
8599	93	3019
7092	115	4304
1808	95	777
8418	115	6738
21843	210	273
21952	62	25303
9435	133	5063
25469	115	2902
7100	115	2370
6911	115	9067
1477	206	8723
4130	204	6138
7222	197	4176
1221	160	6769
3017	160	2382
25300	67	2224
7207	39	6058
24000	206	22717
5264	80	4552
3595	80	9623
23141	143	6161
1498	35	7349
21204	149	21770
3229	173	25175
21780	115	23122
6807	174	2711
21753	108	9412
8356	146	7933
24337	80	24998
5247	1	5851
22681	1	7867
86	88	7357
7866	123	2399
24336	131	1461
21351	115	3375
3007	115	1476
23295	206	24114
8356	146	3607
23244	209	21067
6378	123	7182
21374	173	1000
1083	93	1640
22206	115	4491
23699	115	8577
3075	80	21796
505	103	25213
1488	80	9045
22483	215	25227
7317	204	22256
6499	115	22114
22661	1	7867
10402	62	24109
239	184	1243
9033	14	4902
22286	143	2267
3956	129	10453
4113	115	8681
6016	1	1070
9850	131	3387
23070	105	24074
25395	115	2859
2727	177	2566
111	106	8890
23050	115	7254
1123	215	22738
21902	80	6785
3325	205	3804
8261	1	1070
25119	62	21268
6417	115	24084
1583	72	24148
24958	177	2566
9504	76	367
6892	115	5264
6167	115	181
7917	27	1247
2019	209	7003
4376	1	1070
1627	115	3150
3705	133	5472
5139	209	2117
6395	183	9214
6366	115	4362
25471	133	4971
10281	123	23004
345	143	2994
24876	62	9979
3339	205	8492
6148	173	2572
2401	133	5041
23621	80	1078
24185	115	6893
5974	80	21556
22602	206	7468
2047	7	5454
23843	80	9481
3147	123	8917
226	133	23875
4596	80	22296
21618	115	6328
3068	35	3648
24282	62	10077
23430	26	8184
24500	80	6869
23556	80	6023
5348	39	2456
21168	80	6023
4967	62	21699
25353	206	25113
21409	123	4769
21269	115	4856
718	108	9412
9714	173	4701
25230	205	979
7490	102	23028
7441	115	9533
21333	62	22467
9677	115	18
1289	206	23589
4372	209	8335
59	143	1249
21727	103	21529
1166	115	21882
2894	115	23940
23462	115	563
3652	95	30
22285	62	8801
5324	160	6769
3152	123	5099
5820	58	2901
5619	103	3145
21995	80	22733
6042	123	3812
6578	173	2169
23982	115	5680
25074	133	23747
1741	204	1156
21620	115	10127
3094	204	10052
21497	108	9412
23271	115	22687
8386	209	22865
1020	149	2694
6534	1	6147
8441	22	10453
834	12	2905
22039	115	1857
1014	115	2253
25112	62	8144
23278	173	23277
4246	115	3168
21467	80	2566
3680	123	7981
21807	72	2672
5023	62	7691
1205	115	4151
751	204	6138
24222	62	7032
4470	93	3382
22074	17	587
22362	180	8630
21018	209	23860
198	115	24345
6609	95	4595
25209	93	8353
7692	194	9908
2795	173	1635
7940	191	4994
5674	205	8475
24273	206	3722
4494	115	22274
4432	115	9964
23618	115	1232
9785	204	22256
1364	1	7867
6335	143	9675
7124	115	22380
25053	108	9412
9974	80	23216
3261	173	9525
3230	106	6126
24460	209	23610
4090	206	21732
24780	115	604
2569	173	9067
5623	80	22733
230	115	24773
22205	123	5401
1499	123	7170
5785	95	7731
3778	80	10202
2522	160	6769
5374	123	4571
2034	131	21649
24579	206	3601
6429	133	8003
9125	58	3151
9661	62	8429
8440	209	23004
8546	95	6697
4099	95	30
23269	180	6648
23540	206	23509
2553	62	3027
4843	115	3595
4172	115	4920
2088	123	4285
24551	133	9849
24638	115	21068
21538	173	8881
24398	173	8866
23671	166	2997
22871	80	7900
22672	115	21251
9136	131	2672
4378	95	6625
9435	80	24491
4456	82	7298
21833	133	5041
9194	174	7
4549	80	22749
5998	173	191
5278	76	6869
23554	150	245
22067	133	1247
5710	115	24473
23145	80	9623
9134	209	9775
3366	80	6430
8009	133	23747
4982	26	21849
3282	106	151
25317	206	22052
23575	123	25145
5210	80	1247
8805	133	21478
22793	133	4001
23841	200	267
23566	13	9135
25001	93	23941
2833	108	24321
2234	146	4303
61	1	508
7818	1	25227
5735	62	21433
3390	209	22998
23217	106	4630
7776	160	6214
4855	115	3777
23220	115	23424
1030	183	25284
569	196	23121
21243	62	4245
2860	200	25298
2964	160	23458
25155	115	21225
1833	164	8071
2145	62	3863
1656	62	22467
4548	133	623
2299	31	9757
10206	133	9830
9517	115	21343
9536	53	24163
8891	95	1764
3799	39	21073
60	53	22964
8733	130	2936
23751	115	3117
3064	1	23619
5911	173	1681
8065	108	9028
6866	115	5586
2184	160	9100
23140	133	9188
10325	131	6333
2745	80	6869
8135	123	2754
22231	115	8431
3576	1	4163
8673	115	3008
22466	26	10464
23466	123	24176
24779	183	3660
8680	115	2001
5472	150	3566
2698	160	22294
2549	115	3490
459	215	8031
184	206	25279
7110	160	1458
4248	95	1340
2116	115	3782
3815	108	24998
2454	115	10359
1478	76	9309
23252	115	1476
7528	62	4644
1535	38	25298
23387	1	9396
3164	115	9981
7225	82	6492
8332	115	7501
6880	80	23216
430	204	3567
24688	193	9458
6492	133	22964
23380	204	5071
3856	115	8195
2038	184	764
1864	115	22274
8629	72	6400
25431	6	4716
24775	103	337
4981	174	22163
3641	209	10435
23147	80	367
6103	115	8596
8121	95	9387
2123	115	3160
1828	108	197
5506	115	1343
2984	170	4549
877	72	4902
21022	206	25296
3999	143	3902
21252	131	9120
3765	114	21892
9098	80	2566
4846	80	5669
10350	115	24874
9749	105	3657
21104	123	7084
6006	80	21522
22729	115	1137
6621	205	6498
6039	62	9928
1604	200	21096
24060	123	2158
3177	206	758
3809	1	9396
1515	144	9846
8035	209	5733
7509	133	6564
21513	146	3918
6104	72	5348
21632	210	6091
21731	80	23747
21801	131	5705
3934	1	7867
3755	180	21786
3900	115	8139
2526	206	24362
7610	123	21536
6960	173	1952
8746	80	6869
9584	115	6393
2281	115	22824
23983	209	25038
7619	206	22771
2971	39	5145
6308	206	3063
1385	1	508
24916	115	23091
10103	115	6775
859	80	22749
21593	26	1695
21415	131	7172
7316	131	1092
58	179	1250
1981	115	6481
2457	115	1817
7814	80	2566
7336	173	1480
22169	131	8321
3309	115	1262
22678	183	4697
24230	115	8361
22494	123	21805
9360	206	8743
24483	115	23425
24987	24	4790
5359	80	2566
9944	209	2135
21781	206	1199
5222	106	5864
5375	173	1278
10488	115	6655
7686	39	5896
1100	1	7867
7917	20	24762
5597	62	21940
3019	206	8092
23041	80	2566
22530	62	150
9884	115	4892
25324	108	9412
22825	80	2566
2900	58	2826
9443	173	2089
4638	173	22583
3811	56	23444
25098	209	22955
21876	93	24349
8986	80	6023
8225	115	4061
1072	108	9412
4628	80	2566
5650	133	9412
24342	130	22801
21832	1	2810
3131	115	7943
24719	80	9481
22169	131	7487
21419	1	508
1636	115	10088
2266	58	25497
3854	174	25497
671	115	8557
24802	209	4488
21012	173	10238
9930	80	9481
6626	80	5825
8796	80	269
4280	209	25116
22038	133	1053
7284	133	69
3497	123	9520
24728	106	4339
21483	48	5185
4635	95	23015
7099	131	22169
1924	62	3248
7142	80	3009
21185	115	22912
5800	93	10457
7001	173	484
1822	200	10318
4173	80	9481
21598	80	22221
4355	215	22738
5633	115	6719
9648	203	9732
3576	209	21171
3568	133	5472
6269	209	3206
4961	115	8681
8968	206	3707
3577	143	22637
10498	39	9715
5288	80	113
1321	115	8879
150	62	23789
21745	82	23738
24550	115	4264
