25338	61	3307
23280	216	1899
21090	177	23237
9101	33	25492
2953	108	6404
5938	42	8628
21578	18	4713
3339	40	335
3805	42	2536
21755	90	2393
7607	130	23980
2945	125	24446
21723	84	22549
6897	216	456
25039	61	3831
2286	61	8977
23542	18	22874
433	11	3926
22981	72	22710
4510	42	6389
6335	61	4606
3654	42	9501
9151	116	25025
4731	13	8410
8670	2	24548
21061	42	1897
7950	42	5574
10400	40	1097
21495	4	7374
3955	42	6919
24825	191	4345
4698	90	24392
21754	131	1327
23762	46	8364
258	40	2530
2359	18	8274
124	42	24546
441	2	201
24729	88	7128
7850	212	2791
1700	42	9501
8933	2	10495
7446	18	25271
7914	33	10044
4438	90	5019
3227	2	7869
7248	18	900
9720	18	9288
4741	108	68
9921	12	23909
1154	96	9115
5788	42	7070
22211	130	9581
6458	195	8143
744	42	4076
7107	13	7107
22472	154	25211
21154	125	3881
1235	40	6786
967	7	2734
21306	61	427
5959	18	24055
21906	130	21583
22142	18	10059
24415	33	9801
4233	7	8504
10068	41	10030
1719	2	899
1671	40	5147
3766	4	2445
4077	14	68
22761	98	868
21303	18	5582
2724	125	453
366	125	9965
6464	42	7419
8603	130	21790
98	2	21725
5544	216	7632
1940	7	793
10221	90	24006
22972	42	24098
23608	89	1490
2871	130	22040
6524	42	23171
6929	90	2645
6528	216	1899
3369	11	3034
7659	102	2489
9592	2	21646
7176	61	8240
22049	125	8851
7902	89	10135
5558	130	5349
9883	130	22235
3872	206	21835
5477	154	68
7486	41	5940
4047	130	721
9375	18	24873
21093	42	24395
4005	90	22599
1495	212	24010
24614	90	161
5036	125	5062
1192	116	2605
2863	131	3455
2301	81	23136
7612	131	3200
3689	2	5517
22443	204	24629
23948	4	7927
22493	7	4839
24775	18	1348
6039	130	1424
3224	42	4003
6564	7	1935
5844	40	3258
23903	130	25211
5326	4	9804
9757	167	6122
7563	18	8342
21944	216	22442
22287	2	21527
9271	42	5488
24040	212	8544
9412	38	4842
9170	90	21916
23367	61	4946
23714	195	6409
25459	212	3670
1114	131	2068
21645	61	2070
3601	89	8272
22480	90	3883
3912	61	2602
2226	130	721
21955	42	2986
9868	98	68
6394	42	24002
7314	2	6847
4057	33	582
3147	130	10312
5366	42	3242
7958	42	8169
6445	13	9463
23670	18	24709
23324	99	8454
9940	2	22414
21860	18	1348
2549	4	25134
1651	103	2441
7101	216	1899
5436	125	6201
4226	42	2232
21046	206	22020
24152	42	8946
5254	18	9662
24127	33	8851
4230	130	301
5117	13	9463
1429	108	4027
3843	154	25211
21826	18	1348
4263	61	22044
1933	131	6975
5999	7	8531
21629	2	4163
8443	18	6739
2030	42	10011
21925	61	3592
9702	108	23734
7602	108	9141
21278	154	7337
3374	125	8490
1244	18	24211
1261	65	2140
3103	130	9141
2559	165	111
1079	4	2556
3427	2	6532
22413	2	4024
21375	216	24629
21615	116	5300
21382	42	4307
9548	61	78
7619	33	970
25229	2	902
7504	154	24485
9528	33	8143
25089	42	1516
9316	102	23478
669	120	2146
1364	116	25025
2721	125	1570
23300	4	508
21937	40	9714
378	18	25154
5680	184	5776
10451	42	3512
10042	4	462
6560	15	8630
6930	206	5767
25440	42	24924
983	148	8308
6726	108	5637
1374	130	8654
2457	130	21210
9095	42	24284
10088	2	22512
9349	42	3817
21833	99	1856
25089	42	1619
22237	90	7037
8040	33	22809
9160	42	21149
23184	18	1057
7298	7	21048
24585	206	5463
24101	212	22176
10491	89	23792
3078	212	9759
2443	90	22031
4005	61	9924
7613	2	3103
9948	175	4091
4919	125	9804
24504	130	3685
8897	61	10158
608	42	6295
4211	18	326
22928	191	5785
21607	130	21109
21380	42	23370
25070	61	7457
24304	42	7481
569	2	7374
9282	61	1121
24290	42	8141
5143	42	8022
21202	42	23299
25034	33	9965
9251	11	431
21170	18	22839
1661	18	2174
1541	2	24275
6045	130	6255
7681	2	9334
9365	61	22974
157	40	4529
8576	18	10461
9471	2	8981
24818	94	24850
771	42	8555
902	206	9447
8240	33	1108
21121	18	9729
3094	12	860
8111	4	22304
24300	154	6047
8342	18	4835
22288	192	2470
5093	216	10269
1365	21	1153
21489	154	23140
7559	180	8489
5899	111	8807
5358	102	1263
23492	125	7370
860	195	1000
7402	4	2520
23759	130	6708
5481	96	21699
10332	18	8647
10406	66	6188
21667	42	8800
23422	102	8730
8195	2	6665
3305	7	10083
855	42	9423
21107	18	3354
9736	42	1845
384	213	22881
23578	195	23721
526	42	1785
6310	4	557
23721	130	24717
21685	216	1899
23497	130	5383
10167	42	381
6482	216	1899
2628	40	7447
6056	4	6352
23860	42	7876
3301	7	5313
23984	18	4751
1655	40	21279
22944	33	22809
23877	7	4055
9010	42	3980
21745	42	22601
3413	4	5260
21013	42	410
9606	99	23979
24553	40	24722
4420	130	8861
2176	16	8912
1321	212	3717
2008	2	2421
25033	98	1839
3886	216	1899
22272	215	23905
22074	2	8829
5430	102	22801
4579	125	23391
22350	14	24594
24714	4	25220
22860	216	25336
9622	18	23030
199	33	5262
24659	61	1196
23366	61	3010
8050	130	24286
6769	42	4958
9919	61	5837
4793	40	7424
22210	90	2271
9449	125	10044
23610	2	8851
23053	13	9463
6858	125	7073
8827	61	186
6258	4	8301
7882	4	8431
5808	116	6688
25412	61	21986
66	2	9618
1597	111	22961
9990	195	24789
9236	2	405
7844	42	23686
5596	18	7965
7461	42	9475
24405	201	7743
24304	42	23019
21808	96	7696
9138	42	22093
21037	4	24765
24834	18	4464
8503	33	5926
572	14	8630
23750	216	7767
9974	216	1899
5469	154	68
21720	42	22337
24839	125	21063
5014	125	21442
4885	7	1738
21170	18	6121
3536	199	6330
25287	56	6322
22918	42	2084
24991	18	10260
24029	42	4813
2479	130	8512
2098	140	2241
22255	42	2384
9603	40	2015
4722	108	3150
3143	4	24830
22841	14	21791
4847	108	21735
5587	213	21161
22129	216	1899
22545	216	24629
4168	33	24023
23711	41	7337
21369	4	24599
21993	216	669
8029	108	68
4908	18	23542
23216	90	9651
6026	14	25211
25002	42	3230
7973	56	5689
25459	2	3670
3294	42	8845
2372	4	22415
22377	154	23734
4822	99	21361
21876	147	6273
21230	90	23426
22553	212	24293
21652	7	3426
2624	154	23140
8174	42	4491
23726	66	8822
2955	125	9925
2795	33	309
6272	42	4904
25285	18	6528
6832	2	22613
7227	42	25199
7379	14	24554
6061	117	22951
92	61	4838
3194	131	9631
9771	2	24002
6405	125	4630
8337	216	24629
6514	212	2791
7388	42	10377
1871	130	8807
5171	30	9571
5381	212	8357
22262	172	23373
9803	148	1572
9911	42	6973
6952	130	5383
826	2	7469
7939	40	8054
8107	18	9662
6081	130	24282
775	7	25365
4117	175	5988
2214	42	1850
7098	42	6318
9373	130	2005
22957	2	8384
4312	90	5025
22554	198	22841
2341	7	1747
21074	42	1516
22159	40	2015
2186	204	22639
596	33	7288
1269	89	5619
5662	116	8100
1626	130	22785
24757	130	23309
3907	4	24599
9830	42	742
7926	7	4055
24764	98	4421
22230	61	1466
23165	4	1618
9298	130	5383
4450	42	2056
22349	12	2809
23792	216	21791
22953	7	23395
10150	61	2341
952	33	7219
7882	2	8431
9275	2	21351
4031	42	8602
4932	125	22176
23846	125	9759
4091	12	4341
24568	108	8924
3315	40	23533
6864	130	7690
21897	125	1412
6096	125	9759
706	85	23601
23950	90	23733
24869	61	5297
7322	192	2311
3164	130	1074
24735	29	22267
6834	4	22604
6355	40	1341
22652	108	25211
9688	42	8511
3502	4	21846
21565	33	582
434	195	4833
1467	42	9372
7521	2	3670
508	206	9801
2425	42	1089
23449	42	9162
4083	66	7296
25125	4	8936
21689	116	25025
2290	96	8811
23617	4	23107
9309	25	24629
6278	18	7409
23328	18	21480
8330	147	8441
24612	2	10443
5268	165	5623
7214	18	8742
4503	7	6274
2115	42	1436
5461	42	2515
2910	61	21610
7888	2	8490
4624	4	860
2658	42	2118
871	42	5779
5102	61	362
2928	151	383
21737	116	25025
24174	154	25211
22474	33	21623
24293	195	5926
9845	7	8113
129	42	798
21445	42	8652
5910	12	22374
7487	66	3403
22011	46	21286
593	42	24449
3214	42	24395
8379	42	4964
4389	90	4146
2767	125	9804
21452	195	22032
2521	7	23488
8740	179	5710
6613	42	23322
8969	90	23401
3120	206	9407
3945	125	24790
4605	18	9166
22219	2	8761
21259	4	22
25411	61	10234
2077	7	7285
4284	42	5923
8392	18	2200
5527	2	9804
22821	90	5026
4297	33	9956
2505	42	1577
9468	154	23037
24559	40	22795
22016	116	25025
7533	108	5383
9104	212	5262
21301	139	9189
9904	130	23868
2088	148	7608
22845	206	21846
22203	33	9925
8658	116	5300
1196	7	8951
497	125	7415
24388	18	6795
21092	195	22460
7943	130	7646
4905	7	2042
8436	130	6003
4245	116	7408
5647	61	7320
2235	2	22604
8036	13	9463
3551	130	2470
3386	2	520
7511	42	5368
1465	4	21744
21697	130	8037
5391	61	25423
10093	61	21008
10446	116	7408
5686	152	24975
646	90	24231
10461	18	22246
8216	42	6499
21833	99	9480
21706	140	22965
7357	108	23734
5723	33	25219
21983	42	4791
806	18	4625
10328	18	6225
1452	46	9953
3761	216	1899
10440	125	4564
1763	42	572
24856	199	1986
1752	154	7819
5913	2	5551
9695	4	5450
6892	130	22854
6442	90	21634
21440	195	2915
6175	42	24287
8506	2	8940
4056	7	5722
2800	61	7049
24352	42	2096
1429	90	5299
7591	90	4582
741	201	8212
2169	4	21473
21896	42	4637
2911	96	3618
88	216	1899
23595	33	9522
24681	108	24043
4781	130	24209
1352	18	6818
5183	90	9270
10321	4	962
23722	177	2000
23464	40	21946
21669	154	25211
21825	7	5770
7486	154	5940
22389	31	1684
8886	61	25496
22477	148	24743
22912	192	2005
21285	212	22032
8463	42	994
22104	195	21646
757	40	21415
24426	2	5926
21543	130	8807
24356	213	3018
452	42	24778
7625	99	21308
7401	116	6688
9615	154	68
6963	61	2806
24186	125	2512
7584	130	23980
23355	154	301
22073	116	6688
6419	61	2943
7036	96	3563
9654	18	7721
140	42	4693
6225	18	10352
4471	27	23793
2213	212	3717
21420	42	3514
7255	130	23309
2154	212	9965
9823	154	4421
2757	42	22337
3937	7	5670
23141	90	6743
23833	42	2982
9580	130	23998
6406	96	22671
2027	125	5377
4118	61	21451
2093	116	5300
1087	42	851
7847	50	5121
7170	42	8845
22531	42	313
21706	140	24846
22526	108	68
23089	4	2512
23640	90	1382
21807	195	7027
21307	42	2863
23064	130	5929
23513	131	1479
23223	108	5383
3799	42	5377
316	204	3150
3154	4	7927
9597	46	8720
23722	42	3561
9510	216	1899
24435	154	23734
5414	125	22613
4690	42	9954
5268	165	7160
23821	18	24433
9274	42	4975
21156	116	2605
5212	108	6404
24665	212	21623
25189	18	8181
21819	130	7538
6722	13	22735
498	116	6688
21535	33	3881
8895	40	23755
23587	161	3074
3149	212	1261
21282	148	4669
7289	177	207
37	108	68
7863	125	5248
7563	18	2923
6911	2	8761
25137	61	21910
9089	42	7067
6960	61	23798
21719	116	5300
23274	33	8232
234	154	1899
3952	102	568
823	116	8100
21155	61	22209
3199	18	7018
2799	125	7133
5893	130	21556
6698	90	603
3010	61	21982
1069	4	3535
1127	42	23000
997	56	24629
4653	130	24629
1555	125	22176
21381	125	6201
7597	99	1856
9024	42	742
971	2	25330
8107	216	1899
22693	2	829
264	173	7408
6356	7	2888
4066	117	22951
8780	85	8203
24419	42	22403
2212	206	22032
21199	130	23136
8757	108	21791
411	89	10010
6825	199	3204
21527	130	8640
21352	42	5315
3992	116	7408
1459	42	21890
64	2	2304
6131	18	257
8782	2	3670
2663	18	1348
4292	90	2635
22844	42	5153
23124	195	8544
24870	56	6955
4365	42	2798
8413	180	25378
5806	12	23909
7941	2	3109
8645	108	23309
7293	90	4200
23228	4	7540
8481	2	7853
10254	46	23519
25299	42	22289
1140	90	2405
7838	125	8851
25358	4	7455
7073	65	25462
1495	90	24301
5354	206	2378
2917	195	3648
6140	18	4980
8751	96	21275
1706	130	2682
21803	33	5377
7965	216	1899
25306	154	8807
4545	42	8623
8317	108	5383
1171	2	10039
3148	216	1899
10279	151	10037
25346	99	706
7407	2	4163
2532	42	6337
6882	40	24722
9391	81	21583
1908	7	10048
7328	89	9034
25464	7	3306
7078	130	25211
5541	116	5300
9356	2	21666
7114	130	7819
23404	154	21973
7257	42	3146
24575	4	2445
212	41	2848
7983	157	9731
2464	41	23734
6342	7	8338
21844	2	9999
7760	7	23625
2598	4	1399
4820	212	4213
22719	130	4421
4597	2	9981
24577	42	3811
21440	206	1000
24437	98	2470
4062	2	5617
8442	42	8822
24251	18	795
757	42	8623
23677	18	8714
5123	125	9522
9235	130	23978
6629	108	134
4672	7	4481
24104	42	2832
2590	18	23121
3006	61	8873
7498	61	7490
9986	61	10444
22590	40	1168
24730	195	23791
21262	116	25025
4883	4	22414
1120	180	21952
9410	13	9463
3454	130	6663
9608	90	6552
5830	89	4772
9928	2	9742
723	18	22353
25046	13	8998
4163	206	6540
21831	18	22392
25225	4	902
7057	216	1899
7585	12	23909
2179	42	4210
4852	2	4163
8442	42	22112
5924	125	9522
5606	2	2512
9764	116	25025
25174	61	25083
3035	18	24433
3066	18	4242
3765	90	4998
3499	42	9642
3849	61	23198
6430	212	1952
7705	42	7393
1714	212	23650
22318	102	9212
6060	12	22923
2181	13	2181
6521	40	23022
24253	125	9759
5978	154	4505
5171	35	9571
2452	125	6201
22793	18	6590
9610	81	24531
8094	90	6061
1781	111	24162
24353	12	22374
6038	212	22762
1042	33	6352
1746	90	1777
3329	2	24360
5816	18	21603
1652	148	24093
6416	125	6352
638	4	5055
7275	2	22032
6832	61	5999
10475	4	9061
9152	2	1499
24389	42	6841
1993	2	4934
53	90	2795
25313	204	3150
24829	42	21543
24142	33	21017
10031	40	8319
7194	7	6821
3359	204	7337
717	216	725
4571	90	9887
23973	98	8807
9819	42	6329
2131	115	5811
5950	18	25317
1390	40	21479
7959	7	5567
7746	212	9259
6903	115	4755
21152	4	25289
7789	4	7079
25275	151	7260
22056	140	997
347	130	6663
8375	65	9843
24824	18	2831
22798	18	7874
8837	18	2231
2328	108	25211
3689	42	8623
2934	33	22414
22568	90	5081
2075	42	22677
628	42	22083
23645	116	5300
24481	130	6101
21175	42	10454
9491	4	9334
3697	216	7512
10091	40	9615
23472	2	902
25071	18	8692
1978	98	23913
25026	18	8204
22617	90	5646
9148	2	8423
5171	35	3362
25096	90	23673
2182	125	3881
24398	89	3369
4120	42	21932
8826	206	6409
2734	61	23917
8521	212	10280
8864	131	8397
5657	212	9438
10455	89	9385
3074	72	9700
24619	130	721
4112	130	9581
21470	147	23761
22997	134	2114
8484	4	7026
23516	90	6962
228	213	6727
3503	61	24611
22979	147	3677
8573	42	6028
23768	125	21459
2413	90	23516
2006	102	5478
22636	195	1055
21589	125	10044
24248	61	4624
1050	125	5351
1268	151	909
24435	191	8084
22900	61	25445
3182	35	3251
24041	212	7354
3320	2	6146
1676	212	21015
22710	181	6663
7199	89	22529
6082	46	679
4186	130	23477
6510	42	24800
23282	18	8734
25249	108	24629
4365	42	9396
2855	18	4605
5649	96	8237
4658	42	7840
3929	130	22971
24134	2	7853
4118	7	5105
4530	7	1280
2002	130	721
6399	36	24629
24960	4	22762
7887	108	8807
21458	4	2024
6813	2	21488
7478	40	3835
8121	130	5349
23485	14	814
23496	90	1472
4030	33	7133
9632	90	25206
221	90	4392
10277	40	21637
9337	216	1899
24083	195	21846
4558	175	7174
2441	216	23793
338	131	4331
25484	55	21523
3322	4	8176
6043	42	4894
6333	18	1286
3700	42	23741
21628	130	5383
24533	4	2787
24248	4	24238
6917	108	68
10016	18	22338
8742	18	7710
6091	18	25027
1895	13	22735
23208	33	6446
6211	42	21795
969	7	7468
21657	42	9088
6803	130	23723
24402	7	22413
6257	98	2441
5456	33	4131
1793	4	21528
3993	212	23437
21861	31	24128
8820	40	8097
24870	56	23793
8063	42	23059
229	108	8222
1498	212	1261
8866	130	21715
8350	2	21623
9838	42	8061
1573	148	21454
9706	131	22898
3587	4	24372
5538	216	1899
7391	7	9020
21453	61	4297
8775	116	7408
4415	2	8761
24935	13	9463
9717	42	9577
4912	151	22143
6852	18	23108
4093	116	6688
4546	88	320
24023	13	3001
2964	42	8507
25412	212	6768
4805	40	1783
21542	7	4055
21474	130	5383
24112	18	1322
5064	18	1675
10371	42	3910
7233	61	10402
10158	90	8897
3585	130	23356
672	216	1899
23946	18	5526
3578	130	9581
23650	195	175
3853	216	1899
6689	42	10082
7729	61	9254
3878	42	23273
1718	130	3492
22157	45	6949
25380	18	6681
23121	18	9662
7706	40	7084
22875	18	7826
24015	4	5847
6768	130	24400
129	46	6022
3440	154	22951
21913	130	21790
4224	130	4917
23076	131	2928
6634	18	7373
8729	42	6379
24615	42	2079
24303	40	3485
701	2	8374
25480	125	9522
1808	18	9784
5116	2	7374
24325	18	23163
21739	116	25025
10054	177	7717
5566	18	24880
7623	212	22176
3348	90	8779
21399	130	7502
23956	18	4225
23906	67	8328
21974	90	9875
7202	148	7732
5689	140	7973
23660	18	5759
23637	131	6614
1155	33	9522
25176	125	7814
97	14	24930
1170	7	1866
24347	103	23092
1503	125	10044
21836	159	24177
9207	206	23386
2803	46	3349
3912	90	22243
9375	18	24834
3504	116	7408
5354	206	7916
7488	42	4688
4314	125	9447
22913	7	21985
9614	13	9463
5070	192	8807
7398	18	7549
6355	46	21114
3093	42	23169
22658	66	6214
9055	216	721
22304	206	9884
7275	7	4559
2709	61	21358
22136	2	25494
1088	18	21273
1575	18	7830
6264	102	3659
9209	89	10135
8014	61	5882
7076	13	3001
25208	130	3803
8038	99	1856
24695	33	2304
25092	18	23295
7484	40	24264
22524	90	5115
25043	212	5262
6090	195	5262
24843	18	9256
9124	116	25025
6253	40	4524
5546	40	6052
8947	154	22225
3339	42	2613
514	61	8774
7348	154	24305
3972	130	24229
7017	18	3546
24787	33	9925
8727	42	1826
9717	42	9713
22975	2	3476
5414	4	22613
21186	42	5761
3713	18	297
5056	61	4650
6084	96	24107
9871	204	7767
25094	2	4769
3474	42	8175
10047	12	10291
24483	61	6854
9704	14	68
3914	130	22630
23626	89	25109
21001	18	22839
7034	90	3999
4646	42	8061
7949	130	23004
22494	4	22843
3686	7	8637
4314	7	4353
1984	108	25211
2329	154	24554
2874	204	21210
21144	7	22772
9487	13	9463
3300	206	1000
24656	4	22032
21476	42	7936
8216	4	23927
5259	4	5708
21328	42	2392
5914	42	5524
4034	130	5940
4489	154	22017
2548	18	24824
22345	4	7853
5086	2	5830
7057	18	7428
893	140	24472
4287	177	4515
23654	130	21228
1017	40	1883
4178	33	21623
9941	42	2106
24107	130	3150
636	42	5923
22561	42	8623
2569	130	8614
25082	61	7421
9585	88	8860
3700	42	6301
9510	18	1072
4839	108	8595
4936	89	225
7659	89	24852
23787	46	9953
3529	42	194
21400	96	8887
1320	61	3274
4346	130	5702
881	108	3906
3618	66	22327
23878	89	24852
24727	204	23503
4713	18	5404
5906	38	725
2723	18	25407
23595	4	9522
2131	201	21522
23605	42	22979
739	42	4367
22972	116	10025
503	90	2870
24088	33	24023
1628	90	9529
8644	165	1146
2265	108	6404
22975	2	5617
3043	2	24548
4502	18	21849
24562	111	22885
8732	154	376
4810	42	22601
5259	46	6022
21895	42	3108
21822	42	3350
2925	98	8807
514	90	9183
8961	66	4738
6240	90	5530
1905	33	8851
21039	18	2174
903	18	6618
23546	4	24975
9264	154	68
5849	98	538
7413	61	5856
8895	2	23755
10138	42	23339
24562	111	8037
22905	120	22449
23827	13	9463
22109	41	4064
24741	18	4984
7296	68	5176
7680	4	25318
726	7	3279
22593	212	9334
23995	4	1000
25273	7	7285
3879	7	7677
5619	11	3034
4911	18	3938
10146	4	6259
4726	42	3620
21000	33	22613
5365	2	25003
22810	108	721
22242	108	5383
4493	7	25371
24960	125	22762
7496	2	24786
8111	2	22304
5393	206	24293
8930	42	8492
7145	33	2787
22054	7	4248
9638	18	8293
1938	42	7253
25056	33	23783
4553	18	8590
4099	42	4958
862	90	581
7652	33	23791
6326	4	9804
3495	130	24229
2122	72	7068
22165	4	22721
22553	2	10065
6424	130	23888
22187	216	21791
2621	7	591
4400	2	8761
5983	42	230
9281	4	24581
24899	42	6699
6394	4	3152
7550	40	435
413	108	68
23166	42	4660
499	2	22304
23607	154	25211
3822	16	2470
7457	61	23106
643	98	868
7079	195	24133
23640	7	144
1964	63	22591
7024	18	4046
130	18	5528
10328	18	6547
1793	2	6680
2916	130	5383
2447	14	68
2988	212	5236
4748	42	7412
1451	18	22440
22585	116	25025
9397	201	22658
7931	212	21015
23511	196	6772
7478	42	2646
2983	4	24652
24746	216	23793
3859	40	24998
22677	130	8924
10102	18	24618
4023	90	4649
2545	216	1899
24073	2	22304
24338	18	2160
21820	61	7145
7088	125	7073
8722	2	4076
5523	18	22110
22322	108	23734
1333	33	970
10290	99	8780
3005	42	2304
8913	130	108
22515	108	769
22351	212	9801
5497	195	23636
7432	130	25211
23444	42	8196
2702	4	6184
3845	131	21315
1220	125	1249
25465	33	4151
5519	2	3371
5064	18	9889
3002	55	8788
24470	42	22330
25437	18	3312
657	33	2378
23634	7	21404
25060	7	4880
2932	42	22450
2897	18	5211
23795	61	25034
4691	201	3246
8885	4	7630
7969	130	21790
7262	125	3670
525	42	4607
447	18	23849
3646	33	6352
4037	13	9463
22429	130	5383
3465	130	23332
8649	2	5339
1924	18	25383
10495	66	2832
3792	199	7128
2413	140	6127
25360	42	7070
22500	130	21878
9842	154	25211
10258	125	9999
4227	61	7937
21584	90	7249
2920	90	24868
10243	31	25307
1265	4	2024
3737	212	1744
742	130	8807
8786	42	2756
7054	14	8630
4312	90	10056
5794	131	8865
21035	2	1538
4499	116	5300
1889	42	2056
24016	42	3639
997	56	5403
25078	131	9182
22823	2	7012
21100	7	681
4845	42	1082
1369	7	22445
2065	42	3618
4121	216	24629
3907	4	4256
24437	195	21835
1789	143	7531
23237	175	3338
1997	90	23063
8367	154	21791
1349	2	1969
10314	18	22184
4721	4	902
639	4	6429
10493	192	22951
2426	18	9187
21661	154	21583
8259	90	118
1147	12	22374
8330	147	9192
8419	7	546
761	18	216
7771	152	22120
8810	61	6102
4912	154	23430
24156	7	24876
6553	90	6606
24880	18	23097
10260	216	1899
5601	130	21977
2472	195	6379
21347	33	9742
9432	2	860
6273	147	21869
6934	7	7623
972	96	23654
24992	42	3350
10478	2	23533
8463	42	22979
9803	147	1572
2000	130	25211
9349	2	1393
24442	216	1899
25442	195	22551
7867	72	6594
3764	90	2042
6767	134	643
2363	212	9407
5561	216	1899
9527	90	1997
8359	131	5990
5785	130	3685
24784	206	21396
21817	2	7079
21571	40	23533
21795	154	25211
24966	130	342
24948	191	3958
28	130	23734
9703	61	9824
1098	89	9034
22242	212	7918
9293	42	2613
6861	216	1899
2689	42	24238
23827	13	2523
2492	4	8744
7476	33	25494
8520	131	9994
22577	7	7267
24093	147	5889
9773	18	2960
4804	125	8374
21307	42	23397
8048	18	24384
3495	154	6101
4262	42	4080
57	18	5045
9594	42	24522
22805	18	21065
25447	195	9781
7596	201	4070
7107	206	5262
4478	56	7974
9333	4	2506
4075	42	23621
7461	2	10025
23307	216	1899
3052	18	24368
5347	61	1580
23050	18	4751
24655	130	23980
10448	125	10044
22318	41	10269
4287	42	6919
5881	130	21791
21752	61	24241
3560	89	3369
5367	40	23221
7542	42	23359
2850	216	21791
4062	61	9191
5213	108	7384
5248	13	22735
22138	61	1392
6549	154	68
24804	2	25431
10055	42	22600
3178	130	146
22132	42	10157
739	42	25072
1774	111	8037
24125	2	8431
6608	42	4689
10476	41	7767
9257	216	1899
23554	96	10476
4745	191	1514
8167	130	9112
6942	203	4121
3977	42	3551
4235	154	286
25109	11	7385
7689	40	7084
7914	7	5225
21920	130	22158
22663	7	8531
3813	130	5383
21562	194	21714
24654	18	22680
7954	46	7379
2889	42	9615
5506	130	1331
5194	2	6786
21880	42	22267
5444	2	8829
3575	42	9701
4144	42	4746
8987	18	5991
24416	40	25373
25377	90	7468
1535	99	21394
3818	42	1845
1143	42	1324
22103	2	22228
7960	134	24202
4226	42	3451
21690	7	1071
5653	13	3001
9951	41	21210
9935	2	5241
23223	61	8437
25306	130	1839
5762	195	5505
4332	18	2164
7137	154	68
24712	56	725
8109	216	1899
24506	42	3910
7730	42	22149
10130	125	8851
5677	116	6688
5069	4	24830
6737	130	8807
22305	61	7890
23679	61	23095
21451	90	4118
774	2	22304
9383	40	6704
23579	42	8610
24443	142	721
2901	42	22450
5754	42	8157
22794	154	1899
21617	201	9397
8680	206	24023
7762	18	23161
7726	42	24973
1571	206	9407
21369	2	9804
10098	195	25392
1715	90	10214
24829	42	9423
7274	56	22802
6006	7	21338
9685	125	22176
6723	154	721
9760	33	3471
24801	98	7580
8580	177	4506
24660	116	7408
3889	108	25211
9680	13	2523
23030	18	6320
10243	130	1405
1025	130	7384
2192	196	23136
21837	102	24356
23148	4	3309
9587	131	23250
959	42	6026
3095	151	21400
24212	42	5368
23013	130	9671
8914	18	10092
1634	2	3640
8481	7	2483
24188	90	7032
2939	130	23734
24714	61	21431
3141	42	585
23772	4	23781
9152	212	1499
21061	116	25025
21770	212	6201
24677	108	868
24437	206	5172
25384	2	22434
10460	204	9557
7084	154	24629
24565	133	24323
8269	42	22092
8305	42	5216
10160	2	24275
23722	42	4309
24262	96	49
4962	42	5196
21564	4	2285
6584	52	5289
8338	212	24786
6163	33	24133
22790	42	8021
5850	18	6075
4420	131	4422
6964	41	9319
3832	96	5839
5499	130	24629
21508	147	4272
22160	195	2787
7530	116	5300
6381	100	4774
24133	96	2852
4484	103	8739
4903	18	25339
23154	116	25025
5258	33	8357
412	2	22762
3375	195	944
1111	18	22920
189	154	24513
21276	12	3623
8893	42	22906
580	215	1964
21850	116	5300
22913	33	22636
1532	42	3835
1872	61	23502
23290	130	22630
21214	140	24846
10361	212	8851
22997	70	8489
3503	90	241
5190	18	1559
1250	61	3277
5591	18	5628
9998	131	1533
3244	81	68
23185	192	5383
7784	4	5592
7799	18	25177
22903	61	21567
5787	42	2613
8997	61	8522
62	154	23734
2382	116	5300
1488	89	2972
2178	212	6593
21852	125	22414
4015	89	23179
5023	204	1899
23928	130	7212
24991	18	6703
23812	40	5465
5508	212	9786
23259	216	1899
3911	18	1124
23938	90	3265
4053	89	5176
4014	90	25051
7341	61	2750
24271	68	1823
24240	90	8951
3747	42	2544
24097	213	8161
7742	18	5523
7917	125	22994
9424	130	22549
1426	42	22910
9254	33	5926
4042	130	5349
2168	212	23
5412	154	1560
23007	18	24638
2733	18	2127
4445	147	1572
21230	4	5127
2248	18	9444
23992	2	5592
2865	154	5349
24261	40	7639
6929	7	22419
3936	16	24400
1985	96	25128
21007	61	1806
5201	42	10496
6143	216	1899
8766	2	8761
9891	42	22355
1390	42	23458
24911	7	3610
3476	195	24175
5774	131	9351
5603	90	23476
1497	7	0
5508	108	721
23697	46	21291
23674	33	7073
5787	2	2339
3145	74	21624
24072	157	6702
7512	120	7138
9171	2	9742
8909	42	5700
4363	61	1090
24895	7	9081
10059	174	5824
21102	18	22392
7947	61	856
4586	18	9421
7651	130	9557
23144	154	23136
10223	212	8232
5126	130	23734
7021	116	7408
24917	216	22951
8189	7	9665
9161	42	21168
10417	89	24351
22747	108	25211
23212	42	7070
3736	66	6543
9249	18	2116
707	154	1899
8650	206	3625
4238	90	2466
1384	66	4771
4109	18	25251
4932	33	22176
8533	96	4715
9124	4	10189
9785	61	22537
7952	212	9786
5646	13	9463
822	90	6200
23611	130	24629
4237	212	337
1208	33	1570
4592	61	181
24896	131	24966
2115	42	23299
8986	40	9714
7628	40	8000
3119	18	311
9711	14	68
6522	2	4024
3189	212	5744
21559	18	7940
9395	154	6498
9874	40	7758
7724	42	23686
9288	216	1899
4295	151	3861
4537	131	817
2756	130	1075
1605	40	7639
7794	130	24642
24885	42	2399
2107	4	5868
3558	212	6157
2868	130	21238
4703	108	6255
23446	140	6313
910	7	8637
3627	102	24635
9827	96	22036
4458	100	7945
7582	4	8139
5557	40	9542
22928	213	5785
8772	108	6255
24287	201	22469
9053	4	4469
2166	216	2765
6556	42	2539
9477	18	8204
859	4	4774
646	4	6352
2052	152	2304
8008	154	8049
22740	116	5300
21762	90	21336
23386	98	5383
8041	140	4045
9890	40	7447
6523	18	4663
6926	139	8065
9989	40	4236
24488	42	7375
9836	18	723
158	130	286
4325	42	8794
10103	18	21685
1738	13	9463
21103	42	21219
24225	2	8225
5501	216	25122
2928	130	6463
3068	98	8807
7436	18	70
9065	4	9881
24974	212	6953
23465	42	21945
22404	2	7073
9571	130	721
1640	42	23190
4319	90	2494
24952	42	5613
7692	42	1843
8146	18	9849
2297	2	644
1177	125	23391
2790	61	3263
22295	90	24497
8007	18	3459
1049	175	24735
1573	148	22472
1715	2	2421
10464	33	21330
6360	131	21041
2488	33	970
7021	42	9330
22207	125	309
4832	2	23714
3130	130	25211
22813	108	5383
22384	90	5036
67	213	3018
3687	116	5300
4488	130	6705
10137	2	4089
6377	216	1899
10352	18	23129
23999	2	10418
2648	215	1964
258	42	10225
6730	2	3031
470	154	21973
24003	61	24659
8793	18	21547
24302	125	1570
25344	212	8544
843	7	4707
5112	40	22766
5406	66	149
5588	18	23328
827	2	24264
7598	7	1604
2599	7	25406
7731	125	23570
22340	42	6329
8050	154	24286
7460	9	1239
3356	42	4958
7697	18	22709
9559	61	10171
22915	165	21399
7731	33	23570
21606	18	1558
23001	130	24629
7375	130	25211
23623	131	1547
22544	42	10363
1166	154	1331
4195	14	25211
23593	125	1744
8910	41	9319
1094	18	2164
6082	42	1395
7776	42	6179
24251	18	6779
23702	125	3881
9975	111	68
1977	2	8000
5772	40	4194
21857	14	22785
22026	125	3670
21083	56	24485
8980	18	7650
4094	154	3803
22848	154	25211
9299	90	5250
9244	212	8344
712	61	3482
22523	7	3395
8696	90	7523
22842	90	546
1454	99	1856
22088	7	1820
5567	212	24133
818	61	5212
2128	18	578
522	130	7767
5592	206	22434
6542	61	22605
4038	18	8560
6689	42	9276
1656	216	25311
119	125	22460
4360	65	6387
1286	18	24147
22000	2	1875
1440	33	9965
24492	4	24975
24484	42	9423
369	4	21279
781	10	23609
23164	42	3949
21933	130	23734
8160	2	6171
24420	142	3150
21241	40	7324
7925	103	10175
22054	13	8998
24166	130	68
5530	90	22360
2057	102	22606
6018	4	1000
3357	154	721
7186	125	23068
6622	7	1998
4133	61	6485
5948	154	68
24081	12	23013
24213	2	5730
41	67	8328
904	42	8192
1669	102	24300
24893	18	10059
2456	42	7567
9875	61	21974
3891	42	7245
21674	192	24400
21620	88	22673
8489	70	22997
21333	2	5128
24776	134	7254
4164	216	21791
1974	42	8534
9987	40	470
1189	130	68
9847	2	5829
23615	18	6739
9816	182	23235
9599	195	5339
8099	7	7536
2715	18	3419
10233	125	1000
1414	130	6944
3805	4	10189
24960	90	6780
0	2	24951
9860	154	21312
21855	142	23793
5814	89	9975
3689	116	7408
6815	2	3810
8354	42	8352
3730	40	21549
7139	4	9036
9887	33	24133
5882	125	9098
2092	125	23437
6697	96	5358
5864	90	23887
9627	13	4639
9086	125	8851
9799	42	3910
5425	4	22015
4501	165	21854
3606	2	23262
7689	42	2939
8348	61	24810
24760	2	23393
7280	4	7054
7686	42	7433
25359	18	21216
24938	2	21701
1746	13	3001
6367	2	24784
5015	130	9581
24082	134	24770
2539	130	2026
3654	2	8183
5773	212	7288
24527	130	22549
23051	4	6926
6487	90	8648
3060	99	1856
6654	13	9463
6382	42	5071
2719	42	10144
6134	130	21791
5722	212	22032
25276	4	6462
24270	216	22549
9477	18	25317
23454	61	24424
23862	4	24784
21078	42	8993
858	61	3083
3010	108	3461
2136	46	6022
22711	2	21623
4979	213	22200
711	33	6207
21062	192	25211
21542	125	582
10376	18	114
9120	174	4881
6317	18	1858
24644	116	5300
6299	125	9801
22982	212	6540
22394	151	24221
7527	33	22414
10432	115	274
5238	154	1899
6055	42	6533
25274	42	22277
795	18	24251
1504	42	3169
1281	13	1185
6078	18	4956
6600	201	6824
23097	18	7786
9717	42	24522
9724	177	207
4185	4	1078
24982	90	5402
3424	42	8104
6	42	5792
6523	18	4908
23817	195	21846
5498	212	8357
9506	42	4324
8502	18	2743
23508	130	5349
7125	192	21791
7126	140	5307
8120	42	9595
82	18	5458
22524	61	23426
24088	61	3731
23902	46	21114
24784	206	21427
4161	130	1834
22620	33	3670
24736	90	8020
22631	14	3906
9340	18	23050
9635	2	8183
9503	42	22051
8875	4	5125
1926	2	21506
2	61	1583
22805	18	22695
6851	2	5127
3048	206	6146
23383	125	3881
23538	58	4483
3956	216	1899
6698	2	8761
23312	42	5894
22529	216	25122
10399	40	254
21589	90	9428
25112	7	7285
5694	216	23430
25347	18	7803
9115	130	7169
6811	130	6874
7494	142	7767
4287	12	4515
2571	42	2096
24309	130	3492
21853	42	6153
2825	18	4048
5224	18	3622
22286	42	438
7111	154	68
21886	90	1613
7764	150	7921
7032	7	25270
16	2	2024
5803	108	68
8686	125	24446
10445	4	1712
7391	33	9098
6719	42	21428
10293	46	23272
8297	90	25191
5872	212	23721
8014	125	9098
23738	42	23000
8674	42	24913
8786	42	733
9394	18	7215
24549	42	5167
3261	40	1789
7139	42	8356
2230	4	21623
21872	18	22734
3160	33	24469
807	130	8956
5142	61	7270
21622	130	5383
6195	111	6195
7110	2	9801
25028	216	24629
515	125	23391
8849	42	25072
22514	134	4616
4580	42	25441
2830	42	2025
6774	33	9925
24781	2	10418
4549	2	22228
6056	90	7051
1955	42	7375
21197	18	5448
21136	2	8761
6074	33	24730
3397	216	1899
24951	206	25033
7774	130	1899
21519	18	25251
1164	42	23947
3887	204	21791
4528	130	8622
7376	199	22724
2507	96	9373
4040	42	7432
4811	102	21161
725	120	2241
24992	42	25199
3819	18	473
10214	125	2421
24058	18	9974
4956	18	6078
1649	33	9759
4692	147	5889
2720	42	3893
4526	42	680
7148	42	3511
8546	56	22644
24221	130	1195
1531	4	9334
391	90	214
22884	212	5377
6644	4	5127
21541	90	5659
25198	42	24254
5845	90	6514
10404	33	6352
5435	215	1964
3769	42	9865
5633	18	400
2247	12	7794
9797	154	5383
24573	42	24451
7703	56	6748
3205	42	8828
22048	130	7967
8134	116	5300
23494	18	5561
3826	195	1570
5357	7	2217
3912	2	8410
5814	154	4611
9140	33	2102
6572	125	22636
22594	152	3307
23821	18	22343
22717	11	23537
3429	130	1424
9440	181	8807
24738	18	5628
8365	125	22485
7971	4	21390
3435	4	7374
4215	4	2556
5608	42	10495
1483	130	8807
25426	7	23321
4914	90	24355
2968	40	4915
9732	130	21210
5646	61	22617
533	7	2328
9142	154	5400
22511	108	25211
8953	42	23411
6687	151	8624
3878	2	9793
9746	33	1249
21126	42	6081
23450	165	2429
23386	206	9207
21380	199	7395
3856	2	23817
461	116	6752
1847	33	21744
1482	90	10250
2299	4	5063
9988	148	1572
3770	154	2470
6378	90	1738
7820	42	1204
2712	132	7087
23774	154	2997
7225	96	25240
9573	42	3115
6492	42	7945
10359	89	7531
6625	42	5092
1870	72	2785
10326	90	1730
23263	2	4271
6089	42	1887
24442	18	24169
23114	195	6768
23966	46	21286
10386	154	1831
4348	216	1899
178	61	4538
7745	40	9158
4888	108	68
2905	61	9087
915	42	4656
723	18	21685
7875	61	21378
24246	154	5383
4149	212	8143
261	40	23955
23241	90	5718
22350	151	3108
2090	61	23197
3015	4	7288
4217	18	22932
5884	216	6101
25308	216	23793
6854	61	7956
6838	89	8272
21440	130	23309
9406	96	21199
23399	90	1531
9912	18	4849
23110	4	22588
23837	4	6352
7098	42	22788
1047	212	9759
3185	2	582
10316	61	24076
4133	2	22032
7419	154	68
23988	61	23901
1469	42	2481
24138	96	707
6797	2	24145
21094	2	435
4294	90	7311
22422	130	2471
21137	4	8312
7923	154	721
6898	33	24133
24962	90	7816
6735	130	5157
1013	213	21150
6238	151	6238
2362	130	23309
23520	195	22631
23982	4	24975
10055	42	3455
25469	4	4774
2521	61	4985
978	116	25025
57	18	21295
21308	85	23601
7083	2	8851
8766	33	22176
24508	14	2441
5215	130	2786
1057	18	8835
10046	42	9701
9749	33	2421
7191	33	5620
5768	33	1000
6725	154	5955
6418	90	22779
8071	42	8999
4392	90	8484
24770	130	23734
3601	130	6101
21924	42	851
7462	130	5383
24698	90	8469
2678	18	9300
5721	42	3198
25262	130	24629
1743	18	2704
736	4	1000
3285	42	3949
6246	154	25211
3572	40	10381
25283	88	7128
2473	7	1647
4063	66	9892
5896	125	1744
5583	14	68
24466	116	6688
22533	4	3209
24394	18	23259
5848	42	2751
4123	18	21630
5838	125	21623
25329	42	3960
4415	7	10257
3133	130	1424
23672	154	1899
24701	42	7009
24416	42	25385
6766	42	23910
4038	216	1899
10051	151	2716
24175	139	5374
10196	42	7912
2104	18	1545
5365	2	22456
5000	4	2506
3899	12	2358
92	33	337
4280	90	8044
5854	18	6269
4819	18	9654
211	61	5016
23067	33	5620
4404	72	22744
22697	116	7408
10439	177	2015
22746	195	2304
4944	90	3374
4075	42	22327
24537	4	794
21806	7	8543
21316	151	25425
23465	42	8373
21710	130	7337
6114	33	9804
23796	18	8181
781	204	721
24560	125	9881
719	216	1899
7637	42	1887
3000	40	7395
1532	42	21808
4806	2	23505
352	13	22735
9129	42	8602
24624	42	23543
9761	90	246
22610	154	5383
3538	56	21878
5026	7	1210
23506	7	3078
9559	2	5551
3525	212	336
24129	2	24069
22477	130	5349
24801	130	7580
3757	42	1032
25022	212	4418
10303	7	373
9189	206	9789
22086	46	23272
22785	16	24594
8522	2	7073
24953	130	22689
24219	102	9142
4759	18	25100
602	13	9463
23014	154	5383
24263	130	24364
9745	4	22304
6655	33	9759
22065	2	21527
2801	33	8490
3291	131	22679
24245	183	2241
9198	31	2574
22978	212	3717
10441	40	25042
9969	42	8069
22641	130	8807
24407	7	4092
1925	42	21374
25059	13	9463
529	212	7316
7656	40	21511
117	2	9330
25009	90	7309
3218	72	5982
6883	4	5438
24964	42	7719
1713	42	5613
24792	12	3623
21504	42	921
9439	36	23793
21173	125	22485
330	173	5532
8316	40	7395
23347	96	2006
2934	90	24758
5212	212	9990
7583	42	8212
1551	61	2878
3724	42	4080
8757	61	10177
8351	2	21414
8368	7	1480
24322	40	2035
1869	56	5738
23831	42	1932
6671	33	23791
5038	108	5383
4706	61	1520
115	206	4181
24499	2	24469
2633	2	3048
8957	2	8225
21139	61	488
9057	97	309
23558	154	23309
3846	18	24181
3776	116	25025
7533	61	5625
7210	18	1338
4993	42	8718
9966	61	2781
23594	40	2442
21341	13	9463
22155	130	23888
5363	125	21623
3933	14	25211
2889	42	23910
6627	90	4228
7849	4	5248
6732	212	6540
4293	212	3670
3000	42	23891
9322	42	22075
149	66	837
1735	2	22613
5822	46	9953
10085	61	24199
7466	18	2359
2960	18	23131
5391	33	22762
881	108	6947
9574	40	9133
616	42	23859
6664	18	2003
4946	4	24599
22015	131	7717
24540	2	5127
24566	125	22414
9086	4	962
21659	90	8036
21499	42	22671
21449	42	2392
22591	173	5300
21721	96	22938
4605	18	2855
5406	201	7639
9772	130	756
23047	130	108
22089	4	5830
4835	216	1899
959	2	25289
23863	46	9953
24611	61	10070
24480	33	7415
8065	13	3001
4148	4	22746
4563	42	23387
23951	2	10165
9612	96	9342
1529	42	6895
5473	212	21063
25429	66	44
3067	61	8300
7546	4	24297
1896	42	10275
6845	147	7092
8819	7	820
9036	154	68
24610	130	4421
6714	111	8037
8036	90	395
3651	4	4915
7107	195	2212
25367	90	21570
1991	130	7580
24575	42	3555
22322	33	21646
4242	18	4849
2632	116	1654
2363	2	23393
2599	61	21510
5301	130	23793
3066	18	4882
12	18	25023
9287	201	22350
6087	61	1951
8910	41	1560
21181	42	492
23483	130	6404
1349	42	3980
10147	2	21471
23173	61	8026
4956	18	25135
5105	108	6663
3562	181	23980
9665	90	3789
25216	131	24179
4896	2	3670
8982	191	9883
23994	42	7070
1179	61	22114
819	33	22434
5460	195	21440
6198	4	10381
7413	2	8829
9630	18	22357
5835	61	22262
1584	40	8814
22384	33	5062
23418	40	9927
9004	2	22755
59	7	5083
21254	2	2504
23919	42	4305
2328	2	902
22646	18	8991
4654	61	8155
21374	130	8807
3089	130	23537
4169	42	8915
8662	42	9184
4909	2	24172
6727	50	286
22671	175	21499
23961	90	2473
867	99	4501
2937	125	4151
4572	2	1799
1397	4	8642
5389	18	1914
24218	130	1899
1143	216	721
4260	96	7612
4127	42	1460
22562	154	24629
6315	90	7515
22825	4	2512
2468	2	5463
24252	125	2304
7935	18	6618
25470	2	8761
21546	32	8494
2799	7	21404
8427	212	2787
24141	89	811
10348	33	23973
7515	2	9801
5205	4	750
24420	89	9303
25084	42	2132
7541	154	8337
7459	61	2909
21038	42	23192
1459	215	1964
23890	154	23734
2694	2	23714
6742	18	977
24024	42	8842
23531	154	2997
23783	206	9512
6127	56	23793
4538	125	1108
6849	202	5441
22346	90	8790
22014	125	5339
24985	175	2208
2443	2	9626
23294	4	3648
1852	33	10044
25475	96	6154
22486	90	349
1767	61	22252
21337	102	5506
19	125	1000
21280	50	8571
1285	201	7495
10278	108	24400
21993	181	120
2851	42	23486
9732	204	21210
6469	154	6003
2890	4	5604
7183	130	8807
10051	130	3063
8295	125	22762
3449	4	416
6234	199	3727
1016	42	21133
4340	154	21791
2218	40	3103
6727	99	1856
10350	40	9714
5015	96	21014
2395	4	23714
9838	116	25025
7380	131	8666
21384	147	21508
3860	42	21543
7378	108	9581
3982	42	22076
830	4	24784
23301	42	6017
5068	42	21234
9752	18	8734
873	125	2412
9928	61	2588
2673	213	3985
8095	55	5532
10160	2	10040
24125	2	860
6854	90	24483
4744	42	2400
10358	4	1431
21107	18	5448
8819	33	22460
8195	4	8483
22388	13	7006
3096	18	22185
21107	18	7981
986	131	3585
2645	33	2344
21213	4	21744
24212	12	24951
5416	42	7894
22290	7	349
21679	2	7079
7289	4	23654
758	42	9435
7378	108	68
21706	140	2146
9016	2	21015
3581	2	5517
6917	7	22779
24428	40	8421
21170	18	25251
25069	42	23458
7051	4	6352
1376	108	3803
1981	215	1302
1650	18	5565
8499	18	561
5904	42	23077
22245	101	8791
1954	130	23734
22014	7	25113
21310	131	24823
3834	212	25431
6213	42	1298
24217	33	7133
22464	18	5526
4987	18	9074
24865	96	8778
21179	131	4990
22484	42	5797
23487	7	22332
9847	42	4528
21307	42	9330
7845	2	8431
23450	165	22222
8488	116	25025
9179	42	2258
2387	199	1969
4211	18	21759
9663	4	22304
3627	130	5349
9796	4	8458
2552	25	721
21994	154	25211
10009	7	22372
3546	18	7017
25170	4	9617
5077	96	22284
1827	18	6509
7554	61	1310
990	18	2731
24543	42	22563
22208	2	6146
6668	40	23112
4238	90	8030
4677	18	1485
5633	216	1899
22268	42	23458
21389	7	1828
22619	2	6576
24414	125	25219
24589	2	3230
3273	199	9156
9679	125	9522
6963	33	24001
23061	61	23191
1989	42	8921
1586	89	6473
818	2	9990
1726	154	68
2034	42	10481
574	81	24626
6660	194	676
7450	206	6647
25049	33	2304
405	130	3150
728	42	7676
9729	18	23834
21645	2	8761
21121	18	4553
8107	18	5542
3165	61	1830
9661	7	2154
4549	4	1798
3981	18	3082
22533	40	7949
10174	130	5383
3236	7	24781
22450	130	4286
4704	98	10346
24740	125	21015
4920	89	24351
8943	7	7200
25066	154	5956
186	4	1754
5256	154	6802
7097	42	7517
6849	18	5441
21829	4	255
8793	18	7599
23987	14	6404
6175	42	25199
22951	140	24472
3102	90	1416
9584	42	9162
21191	108	8924
21759	18	8917
24567	40	8777
1159	42	7405
7642	216	1899
1087	42	313
4501	21	21214
23181	2	3223
9845	125	1744
1613	2	860
4840	131	8533
5891	42	24002
24714	33	25219
5634	116	7408
22374	130	25211
21123	130	1336
24695	61	365
24965	206	405
23615	18	24739
10170	130	1755
3481	148	7003
5933	90	8162
24718	18	5816
8764	18	9062
3170	7	22983
23961	33	9965
22818	116	23185
22034	90	24874
1354	42	6704
8605	90	100
3271	4	3970
9087	4	5926
612	102	1173
23212	42	6885
7081	33	25219
9470	42	1407
841	212	23757
23637	131	4251
8597	36	23430
21465	125	23973
3768	90	23480
313	154	8807
4531	130	23868
4004	42	2232
1986	175	6126
7259	61	420
6152	65	9026
24946	125	22231
6276	130	1917
24880	18	5566
8788	15	8807
22275	18	2862
3408	18	4554
8681	204	21791
25201	131	2006
24052	33	8851
23766	66	24405
23287	42	9701
6887	13	3001
5735	130	6663
3227	4	7869
21927	154	3370
6919	130	24629
7679	130	4421
3167	42	3318
22404	7	8522
6917	61	22579
440	42	1598
8812	12	22374
4620	18	1242
7918	206	9881
24545	42	3318
10483	90	9438
1767	90	727
8979	42	9318
9488	58	22667
2491	81	24928
1558	18	21648
21110	2	3300
22294	154	25211
8740	208	23978
429	90	685
24380	18	3853
21946	130	3461
5929	103	21334
2897	18	21397
10298	198	10153
24904	12	10082
6421	195	24437
5096	216	6748
245	125	2512
3146	130	5383
1052	130	23140
882	42	3107
4169	12	6591
9356	116	6688
804	33	9925
9873	216	1899
8771	40	5661
23170	61	6877
3468	212	5926
2267	42	5216
1316	33	8286
2712	84	10208
25288	161	21161
9946	2	23714
9705	33	8232
22839	18	2426
7827	55	1823
8150	96	23573
5687	90	8508
21638	42	7000
25002	42	22422
7547	18	2732
5943	42	21226
6044	130	23136
4432	61	3044
798	130	9581
23476	212	6068
6494	2	24790
21470	147	24093
4663	18	2657
8749	90	21717
8588	96	25265
905	90	10161
3652	108	24594
7650	18	8837
7873	90	800
1241	216	1839
21625	96	1771
9038	89	9474
10476	131	22062
25309	40	1399
23104	201	9094
4078	18	24039
4095	61	3384
1625	131	920
286	140	24846
23720	4	25330
4699	42	1850
3406	151	21166
22817	192	25211
25220	195	21265
6759	61	6939
2439	108	5383
22590	42	24851
4926	18	25251
22395	216	721
4021	130	8512
22939	42	5805
1856	165	21128
3731	2	3109
24693	42	4077
22981	102	7852
23087	18	6713
22948	40	750
479	42	1854
5235	130	7385
10400	42	9318
21711	130	68
4231	14	24364
1798	130	9671
1197	154	21569
2402	42	24748
8083	46	6397
6704	14	23140
774	212	9884
9104	2	5262
3032	42	6722
22437	4	21304
9816	99	8454
2663	216	1899
2058	99	2398
7896	4	3132
25177	18	25381
5713	130	5383
153	42	23069
2180	192	21210
9417	61	10237
531	66	23583
6362	61	5337
5950	18	9477
7634	61	2469
22130	216	23793
4106	90	3507
5545	125	25033
5047	42	2626
2593	18	23097
4524	154	23140
1304	61	24892
23807	130	5383
6543	66	3736
1308	176	1308
191	212	7918
21574	151	4345
6741	12	21763
6191	4	7324
6987	4	25268
1417	116	25025
5439	90	1227
23614	18	21047
5920	2	25193
9988	148	2088
7628	12	3830
3417	4	21771
7376	215	4374
1902	108	25211
3682	125	9759
5452	40	6184
23209	33	22485
24184	90	3598
21472	42	9364
21229	61	8890
855	42	2578
21463	90	23010
3756	33	22460
2754	4	23686
10022	99	3850
7491	125	3881
6945	33	24790
2576	40	9841
21406	130	21790
92	90	5519
1444	116	6688
3773	7	9022
8880	212	22633
24808	2	6146
9441	195	22845
3468	2	5926
21310	154	3150
5622	130	22549
7995	46	6237
9311	154	24629
22386	4	23096
109	96	6289
25253	42	7500
22915	216	24629
23389	18	5441
9744	194	25336
1316	125	8286
4348	18	23705
5057	2	22414
5923	154	68
9979	125	24730
4952	18	5650
9284	42	8577
8293	18	3986
6393	42	23322
7998	96	7155
7565	154	4267
7064	42	22137
22160	98	5947
21456	42	1274
22563	96	24079
23362	4	5071
24069	154	23140
21600	131	23364
406	2	8183
4574	18	24738
1851	154	21973
4925	90	2193
9667	125	23391
8345	125	9447
9919	2	10065
8935	18	2406
289	4	8796
25183	96	3467
8991	216	1899
7581	131	7535
6200	90	21673
2030	42	23069
22962	103	3232
4619	130	721
25384	212	5055
4342	42	2250
8412	46	21291
2413	212	2791
5698	215	4374
5297	90	24869
1926	90	2694
23844	18	1661
6460	215	8396
10221	125	9965
1387	97	21763
25304	18	4427
8039	216	1899
8237	131	23554
8156	61	21144
5263	202	331
22812	4	22472
25153	2	21440
2199	2	8423
22400	40	21199
7611	90	8467
1714	90	25044
6216	154	6101
2095	212	5926
2061	60	8853
21511	130	286
24553	42	5750
22663	90	8144
21450	42	21172
24439	4	10149
4069	42	23552
8632	7	22175
5918	216	22549
5837	61	5804
9795	96	3409
6378	212	1249
4944	4	7927
5506	151	21337
24893	18	22142
5049	42	791
22247	42	25202
4857	61	5675
4356	13	9463
4566	18	4587
23137	4	24599
24275	195	23721
1262	33	2304
2592	61	23948
23097	18	3199
3032	40	23237
7382	89	9169
4570	81	6870
6309	90	9876
22451	90	21266
1744	206	23791
24326	116	5300
5935	42	7672
4211	18	23260
7003	147	2745
4606	90	6335
24227	2	23804
7164	2	9801
7121	41	22187
1300	42	6628
5133	154	721
473	216	1899
837	100	8794
10414	18	10139
1157	130	24629
23480	2	22032
1500	90	21510
22725	130	25211
23615	18	8443
10454	89	4772
7896	2	3760
24293	195	4166
10385	42	280
5755	42	9562
9790	42	8860
9629	130	8446
4316	90	8749
6129	130	1899
5658	2	5592
25098	96	5174
8586	130	6708
6652	212	3336
1722	61	23880
23861	89	3369
3122	130	868
24469	139	22
4168	125	24023
5261	212	9965
21817	61	22687
21594	4	22762
6878	90	23502
711	125	6207
5669	2	7410
7643	2	5767
6610	33	8851
3125	42	1840
7713	4	2024
7019	116	6688
24505	46	22596
23389	18	24359
946	4	22414
10353	61	1892
25380	18	23705
8726	7	1594
189	102	23144
7915	2	22604
23402	90	7314
8804	165	6829
6913	67	8328
8062	7	8190
4968	42	22516
475	36	24629
24062	61	5888
7435	2	5351
8841	61	5857
7541	131	5054
4578	154	721
23615	18	4987
4748	42	2705
22193	99	1856
24610	130	24629
23032	18	9479
5155	42	23816
3740	130	5349
24157	4	2024
5518	33	8851
9676	13	9463
10047	42	25142
8421	154	68
5134	4	2024
7665	7	5451
9940	125	9940
9609	11	5827
4663	18	7101
21420	116	25025
395	2	1463
3669	61	278
10079	18	21759
9632	212	21744
23539	206	6157
6195	137	6195
3374	90	23950
4700	125	6847
584	177	22596
9285	18	6166
21493	116	25025
5762	13	3001
24698	108	6924
24783	7	21027
4638	130	3718
1657	96	2397
507	42	4958
694	42	6784
23085	2	24083
3050	90	10216
3890	192	25211
7524	61	5843
1674	14	3803
9761	61	22031
5941	42	1702
23841	18	24251
1559	18	21872
21979	216	21791
369	42	230
667	42	3553
5450	130	21583
24580	96	1298
1989	2	4695
10237	4	8232
24405	115	22637
5181	154	22170
9858	4	8842
6755	139	6755
193	46	2388
24339	4	1000
8283	4	3086
23817	206	5617
4283	4	9061
10387	40	7949
8036	61	21659
6062	18	24054
8295	125	9804
9343	2	23714
7	4	1510
3773	4	1686
10490	151	8084
24336	4	6069
6095	116	25025
8215	130	23356
5305	2	22871
22721	96	22090
21681	81	286
8958	4	4190
7343	2	24275
1637	90	22772
22070	18	8033
10376	216	1899
7442	13	2523
23920	130	9029
22908	2	21159
4144	216	3718
22012	131	23360
24300	130	24629
8111	61	9862
22582	125	1000
24429	42	9687
5780	42	1096
5112	4	22766
3340	7	21155
3529	116	5300
4261	108	6924
21115	216	1899
8121	41	3244
2775	116	6688
6200	140	4045
4329	2	24172
533	108	68
23692	90	24574
1382	61	23640
22648	154	25211
2123	42	742
21655	108	23734
2065	42	6699
24971	195	3960
25227	90	23415
6814	154	8630
22272	88	7559
6968	42	3514
1448	42	5140
8348	33	9965
8363	42	3910
6742	18	5588
8786	42	815
24684	125	6201
2195	154	7337
5683	61	9015
6605	21	7767
24939	2	7456
2192	43	23136
1759	2	8842
21523	119	21447
7420	42	6574
2064	36	24485
3144	4	8374
6196	42	5413
6409	96	5551
7031	216	1899
21010	42	22490
21211	189	5918
9681	154	23980
21523	151	2434
1063	108	25211
1400	42	22894
4102	61	9247
2983	4	4256
21131	216	1899
22982	108	5383
419	18	1650
706	21	24229
2384	130	23734
9636	66	24807
1196	90	24659
2160	18	24338
3193	42	22125
1532	42	4755
7506	18	4583
3447	4	8814
24525	42	21848
21962	99	5231
22458	42	6704
23234	2	6218
4003	130	68
5665	2	7107
1683	116	25025
3571	42	4328
4677	18	23922
25048	115	1151
3117	18	23246
9389	2	23714
3736	66	21660
4651	4	8217
6930	195	1978
24334	98	24177
8237	131	25369
10223	90	1482
6010	18	22709
23028	67	8328
10144	154	1839
24473	4	1799
9237	125	21623
6587	108	4917
3087	38	4816
7679	130	24629
995	151	4207
7411	9	3234
9910	46	23272
3770	130	2470
5999	33	22613
24620	7	8997
8281	42	1959
21757	130	286
3547	18	22057
10305	40	4555
8495	130	22066
9911	42	23099
22150	18	6467
8929	216	21210
4136	2	8217
1766	66	22906
21658	108	68
2719	42	22787
22622	216	22951
10171	90	9559
8205	212	25119
9948	175	21911
6998	61	4447
5863	42	8432
1723	130	24513
21135	154	431
7107	130	538
5484	10	8050
23890	191	22425
7869	154	8807
6925	18	1161
21784	60	9238
4178	4	21623
864	42	1840
5481	58	580
6751	4	22979
6488	90	8345
8522	90	8997
23521	42	15
23047	206	21846
23541	2	4163
3669	212	22176
23401	212	4110
79	96	4562
4105	42	9714
22805	18	21939
24827	33	9742
8908	18	9425
9478	130	8074
25036	18	6664
22908	42	3198
21170	216	1899
2469	108	68
21341	33	8851
21284	2	23654
23282	18	6861
23680	148	7092
7019	42	9797
5293	174	5955
23338	4	7029
21662	96	4912
4436	18	1522
5743	65	7107
2234	18	5759
1384	66	4738
21314	61	1807
7636	42	22306
21158	112	2463
4092	90	8096
21451	33	6201
25428	125	6201
22556	125	22176
5936	7	23488
8886	4	6352
5718	61	1187
21461	99	5813
1119	2	21994
24261	42	7749
23039	131	24221
7699	216	1899
2757	42	2536
5462	18	8908
22278	2	22761
9127	40	9239
5748	4	21744
25062	2	171
2793	4	10189
22428	54	22749
22901	216	7337
21189	40	6130
5672	97	4497
22270	42	998
1325	2	25373
3398	2	23817
24562	111	4727
3712	4	1078
1430	216	1899
21782	42	7432
5433	89	9169
9992	40	6308
22961	203	9700
5429	42	10454
21949	42	40
24971	206	3960
2489	89	6686
21292	125	1412
529	61	6592
4133	2	24548
2215	90	1750
3359	72	9700
1458	14	25211
22286	42	8871
481	90	9646
3816	42	1850
4053	175	1765
23982	2	24975
9950	115	8298
22954	116	7408
22260	42	3960
5705	42	24603
4610	131	1691
1805	5	6122
21382	42	324
4463	154	3803
1147	4	22588
7017	18	4211
9752	216	1899
24688	195	23391
4028	42	2676
7372	18	23129
3499	40	8366
21706	140	4045
155	61	712
4960	7	8755
21465	33	23973
3197	4	1000
24791	33	6201
5229	40	1237
8166	212	23236
24880	18	3252
3818	42	3350
2837	42	313
1580	90	5347
9636	58	22667
21081	199	8596
3547	216	1899
22908	40	21159
9689	61	9578
24198	13	3001
6391	130	2926
22633	206	9881
21027	90	22416
22826	90	1033
6865	154	68
10098	195	6480
356	125	6446
23615	216	1899
4134	108	3269
6453	90	3617
4535	206	24975
22000	7	3299
3030	40	3266
8723	130	22040
23525	42	2814
538	81	7580
7148	4	23319
7261	18	5538
23534	149	2392
4869	33	6190
5372	42	9625
5611	42	22671
25167	147	7905
14	40	5325
2601	40	6722
1514	102	1501
23506	90	4651
8393	130	721
10303	108	25211
1684	96	6165
2937	33	4151
4618	7	6775
9668	4	3133
1180	130	24715
6828	154	21791
3576	66	25422
4336	216	1899
4048	18	2825
7290	2	8493
7612	102	3880
2564	42	8843
9516	130	25211
734	18	21580
8502	18	6400
2224	154	24229
21982	212	6119
21074	40	22991
9524	40	24813
5686	90	6911
6556	2	21976
21903	216	2765
846	42	5140
9590	18	8584
21862	18	22479
24241	125	5062
8341	18	24709
22808	42	1785
25314	100	9595
8601	66	7481
10123	2	3042
8193	108	5383
8731	125	582
7093	2	23114
22366	18	9479
21506	195	9407
8112	7	24064
4244	18	23507
8398	116	25025
22443	154	4421
7323	108	8807
9936	90	24568
9257	18	22849
8477	116	7408
24141	213	6982
3707	2	10098
1224	116	7408
5363	13	9463
22799	46	275
2643	201	24002
6885	154	2470
6662	42	4077
7618	42	9615
5084	13	9463
24788	5	8093
24420	130	3150
5	18	6901
21495	61	9015
25184	42	6277
424	130	7690
4518	121	22961
1504	40	2989
4576	42	5866
8364	130	724
23423	130	2176
6844	125	22368
2722	42	65
22829	18	1665
200	40	3609
8694	130	23734
9253	18	22060
10131	42	786
3398	2	5374
3494	18	5883
8927	99	172
3243	42	5811
25166	2	22648
8927	99	22836
22939	12	2809
2408	195	9881
23771	61	2405
24980	90	23536
260	33	22762
1321	2	592
23360	154	25
1364	4	6677
24280	125	6532
21313	42	798
8479	130	5383
24108	42	21981
9450	61	3136
24296	90	5208
23600	18	24507
1060	130	22951
24544	42	23486
1323	42	10173
3111	18	23199
6833	131	2698
23176	18	21939
3123	2	21406
5852	42	10495
7569	61	3708
22107	154	24594
8378	4	962
5000	42	2362
6449	42	24354
3451	130	7385
1283	42	5301
25180	18	24873
5124	42	9109
9127	42	742
6350	90	9924
7057	18	24741
1284	90	22054
3413	42	3254
4944	2	8490
6444	61	23982
21068	130	7572
7773	216	1899
25308	14	24531
21074	42	1053
1041	41	6663
23676	90	24424
24478	206	5749
23843	56	23793
9441	206	21846
5502	116	6688
9993	7	21572
1091	33	2304
4006	4	24764
10092	18	8914
7682	18	3918
9552	61	9628
6794	42	3910
1801	18	8323
6776	40	7029
9643	103	23555
6719	42	2575
7335	130	10269
3077	42	6235
4584	42	5574
7044	18	21318
123	42	5315
10484	90	7127
9333	42	2362
21651	212	23817
5584	61	23990
1916	125	2421
2201	42	21022
21922	130	1075
5459	131	21410
4473	42	8996
1828	90	4293
74	99	8454
6503	12	3532
7341	33	8490
5980	125	453
5892	18	21146
1509	42	22390
25403	33	8851
10277	42	8069
292	61	23302
7212	16	1705
9663	7	23170
8649	212	5339
23967	13	7006
23986	2	21623
214	125	22809
8460	42	2139
2809	154	23140
25153	4	21440
21776	212	22703
22513	7	24071
3403	201	10169
22661	154	22630
7483	2	2916
2131	66	2075
22252	90	1767
3579	42	467
22373	72	5082
1585	154	24163
2558	154	9600
5987	212	5351
4110	66	21846
6716	130	4945
7229	42	25142
8807	140	24846
24050	13	22735
6161	7	0
21696	18	24713
2992	90	21404
6742	18	10414
25394	204	22543
21534	154	1960
2598	42	3168
21456	42	24751
2123	12	1932
5813	85	23601
21416	2	336
6800	14	8807
9486	4	6387
1682	125	582
7665	33	9965
22769	81	24268
4918	42	3514
6410	61	24307
22198	130	7580
8508	61	5687
2794	130	5383
2873	42	22999
7950	116	7408
9453	154	22639
7377	42	24851
161	212	6257
2569	154	7337
22143	130	2786
3875	130	24400
25287	56	725
21592	2	24951
21086	130	22885
7568	7	1895
22369	61	415
1038	42	8234
22038	42	2650
25251	18	21170
22914	199	5308
10340	154	3150
23111	11	3534
274	14	23734
23060	42	7056
21951	33	1108
22845	206	8232
21853	42	22819
1235	2	6803
24132	42	10363
23678	4	21365
2566	116	6688
5045	18	4841
21236	42	8318
3461	174	22334
1056	125	23236
22869	90	3436
24163	203	1825
5288	18	8231
4966	186	306
9735	12	10291
78	61	6666
22562	154	23980
24173	42	24309
9496	116	25025
9182	96	780
8669	7	10449
6706	130	24554
22593	2	7079
25216	96	24823
23290	96	22659
129	42	5708
8604	46	23201
2450	7	7120
2442	154	9831
7582	42	3813
21098	90	3384
8388	40	2015
23101	2	24722
21358	108	25211
2218	42	3980
4621	90	22203
23243	42	8157
9420	12	3623
4414	14	2441
8986	116	8100
24105	46	22725
4970	18	25291
9243	120	24846
883	61	5083
24010	98	5383
3879	125	9742
24128	131	7234
2124	33	1570
3709	2	2421
4875	66	8800
21104	216	1899
7768	140	947
1006	2	8761
21288	130	3150
23560	42	7451
7547	18	3666
21953	154	4421
369	42	24812
149	66	7639
7455	130	7572
21086	175	22667
2782	195	4902
7935	216	1899
8590	202	5441
7654	42	22112
6492	42	22469
23163	216	1899
2439	125	24023
3853	18	23007
4332	216	1899
7150	18	7650
21942	131	25091
21086	175	5921
388	42	2269
891	2	8423
23407	116	25025
22186	147	8511
603	33	22176
85	40	25397
6866	46	506
7440	125	1000
9341	89	10135
6266	130	8807
22408	116	25025
2626	130	23734
5775	40	22648
22795	130	1075
24695	90	3264
652	4	8131
9924	90	4005
6110	2	21063
9559	125	5551
4949	213	22350
5545	4	24765
3628	165	5218
3502	125	21627
6207	65	9447
22798	216	1899
8010	125	25033
24325	18	1844
22009	154	25122
25106	90	7042
151	18	4872
4356	2	1078
9756	43	6802
7492	4	9948
9484	201	3460
2082	33	3625
5026	125	24786
24182	130	7925
5659	90	4377
2573	4	2397
171	206	22032
2249	42	22267
22867	42	9121
1285	14	5383
4959	18	673
7896	42	23531
21427	206	2412
22467	42	576
21044	40	1097
7205	125	1570
23986	125	21623
24731	46	25466
9075	42	5779
1320	7	4981
8003	4	21026
6504	195	3186
24416	42	22745
25120	18	151
23832	108	22298
391	125	22809
25159	216	1899
6351	61	881
105	4	2512
24253	7	1860
21253	99	9480
21985	212	22636
4518	121	7337
24903	7	2078
2547	42	558
22886	72	5982
8691	66	23392
6589	4	902
4613	42	9276
6372	96	2043
3035	18	7369
21421	212	582
24479	42	4671
21741	2	7717
2248	216	1899
24304	42	1180
4984	18	25104
2184	96	24451
4072	2	6722
6949	160	22238
9339	42	9984
484	33	9100
24525	42	5791
21762	61	23066
7086	90	9527
4450	2	21527
8729	42	8789
4981	212	6201
24659	13	9463
3583	41	3244
1403	148	23522
21504	40	23683
32	40	24998
3929	89	6507
21395	42	7495
4692	130	22630
2784	81	24393
239	42	23929
2374	42	23304
761	18	6901
902	206	6207
4819	216	1899
1501	151	1514
23967	90	23475
5584	33	6201
24863	42	4009
8843	154	10030
7275	33	5241
2997	16	1405
21659	61	22242
3671	2	8761
21480	18	23328
23522	147	4303
5429	2	9435
6651	42	2613
23719	33	22032
1914	18	5389
198	42	22848
2591	40	7395
2968	116	7408
1394	4	4931
3690	130	8956
3540	11	574
22950	173	23211
21279	89	4772
23266	116	1964
9167	2	10235
9736	42	23093
8915	130	1903
24633	42	8750
21658	90	3022
4900	99	8454
24771	12	3623
2968	42	7211
21593	42	25294
24647	212	8235
24457	154	21791
4024	195	3300
7127	90	10448
1266	90	9991
909	130	9367
10106	2	5767
9268	140	24846
24526	42	7606
595	13	1185
22142	18	25071
24293	206	2102
6538	130	22158
9573	42	21710
8810	152	2304
21992	90	24217
23076	154	6236
2242	130	25
2946	108	25211
8557	89	1821
22696	115	24417
23622	2	2512
7897	42	9562
22977	2	21976
650	130	21791
21169	7	8147
3518	33	3670
7752	90	5440
10447	125	22414
7344	42	2751
7749	100	3949
4239	154	22951
22522	4	6306
2294	98	21791
224	130	22639
77	151	24953
2589	140	4090
23347	154	23734
10336	4	1798
136	18	23329
24465	4	10381
8387	2	7198
3337	40	10082
5378	2	4024
2942	96	22727
25428	4	22304
23651	18	6062
1984	2	25234
8797	90	23565
9768	61	25322
24211	18	1244
4681	125	9447
7225	41	23309
9955	42	3393
4256	206	9804
10492	2	22032
3840	201	4519
4887	42	22092
5752	131	6737
22861	174	286
3226	4	4506
5535	42	4326
3510	7	23248
6249	102	10252
21628	151	21185
5685	154	1195
6988	4	2015
2213	61	3426
10382	96	5327
4214	33	7814
31	212	21744
9987	42	5750
1456	130	5383
6560	15	25211
22872	4	2891
3821	4	4942
22119	33	6157
1069	40	3266
4753	116	24853
32	42	9810
2368	42	3949
9352	42	7833
23831	4	3152
3428	61	3235
5891	12	10291
7875	125	2378
7247	4	557
4138	40	24722
22483	130	2441
7974	140	6127
9890	42	22763
6280	18	3815
23925	42	509
22653	130	22545
1826	130	25211
24638	18	23007
23466	125	9999
10395	42	24306
21855	130	22630
10343	206	7288
25257	42	23019
24827	4	9742
3311	212	4213
2097	18	6818
9871	154	724
2433	90	2740
24893	18	4819
7501	140	4090
5930	42	9162
21764	7	8799
4251	154	21210
24638	18	4943
5435	42	25018
4350	212	9801
25405	13	9463
7667	40	534
2275	131	8381
9340	18	659
24320	2	9801
21835	98	23473
2656	130	24393
21349	2	24789
21855	154	1651
8331	130	24043
1820	212	22414
180	212	1499
22453	216	1899
3680	131	3440
4828	40	6332
2376	7	1738
5784	42	7124
5010	61	6248
3607	90	22655
23050	18	8209
10339	90	3543
8294	42	25063
1320	125	6201
1798	206	22228
24017	40	1399
10120	15	68
23182	154	25211
23003	7	249
24525	42	23022
4924	33	1108
3816	46	2048
22855	4	24722
5036	33	5062
4182	178	24850
948	18	23121
4207	151	21553
6348	33	2304
9777	4	7469
1247	2	1000
1526	116	7408
236	33	25219
2370	2	21666
515	90	23915
22915	165	24719
5613	130	7212
3987	42	7070
5115	4	24830
372	90	5378
2238	96	4453
21788	33	9742
251	125	8286
3725	130	23136
5555	116	6688
6053	99	1856
10218	206	6868
7761	4	22160
23106	33	6532
24853	55	8788
7928	2	10165
1302	157	9742
8353	130	21714
6941	154	3150
10144	130	1839
1708	130	8807
2149	2	21524
6288	4	23757
21089	116	7408
1797	33	3717
5919	13	9463
486	2	8863
5469	130	5383
7862	201	8770
22773	212	23721
1242	18	8590
3509	42	230
243	130	9274
6207	98	22785
7610	99	21394
4551	61	22026
861	99	1856
21877	154	6663
5197	149	25402
22562	102	5228
7715	42	2717
21236	4	25455
22906	66	158
7139	4	4558
25214	4	3968
5910	42	693
22081	206	8851
8837	18	1169
7599	18	257
3786	42	2515
7629	18	23746
55	33	10044
7676	14	23734
23636	139	5497
9599	195	5551
23589	4	9080
5977	216	1899
3589	61	8111
8729	42	690
9621	42	8370
7080	61	22397
3237	40	9714
5592	130	8924
8518	40	8495
3781	7	1280
8544	195	9881
8044	90	8098
4956	216	1899
2772	33	22809
8035	130	286
25040	130	5293
9504	42	25316
2709	212	5944
5737	42	949
9326	121	1899
10305	42	24973
297	216	1899
2165	90	22388
402	7	2966
9131	90	1926
665	7	24902
22963	65	22963
10438	18	523
6070	43	24485
7365	61	24291
802	18	6773
5474	2	22032
9378	130	24629
2049	116	8100
23992	2	21406
24439	42	8628
7003	147	21508
8269	40	9714
22184	18	25407
5483	18	8576
22318	131	7335
4396	42	2741
3832	89	23179
22425	130	23734
22287	40	5711
2337	72	25404
5891	116	6752
9441	206	3314
4077	130	23978
23718	42	4315
7767	140	6621
24752	154	21790
21454	130	4881
581	33	22485
22799	42	7412
10069	154	6003
21444	81	103
6251	130	339
23025	130	8768
1172	125	24295
23375	216	1899
4936	191	4979
7092	148	983
24281	42	6295
4365	42	21319
1112	7	5208
22181	15	8807
5853	18	5018
2952	61	6781
23679	33	2512
9416	7	21516
8928	130	23140
2549	42	8400
9735	42	22358
23890	102	3750
6040	90	21125
5374	195	21846
23716	4	24599
8297	61	188
7594	212	2512
22566	42	8356
8831	42	22649
2357	212	5744
3043	2	5926
22362	42	5923
2541	66	8358
1050	61	22441
2448	216	1899
24657	61	6710
1882	2	21330
9553	61	852
8818	61	872
9838	177	445
21196	131	23744
22185	18	24517
22967	7	7290
24223	42	9407
21957	216	1899
4359	40	24069
10066	130	23734
8486	102	21861
48	33	23437
9706	151	22898
8840	42	4152
23709	61	1773
5863	2	4174
7173	18	5352
3607	2	4769
24759	2	25431
654	90	23021
7359	2	5127
21315	154	6443
22073	116	25025
3824	116	8100
4999	2	8357
25080	131	6049
6748	140	7703
3172	116	7408
3314	130	7580
5054	131	23850
9905	212	5351
833	108	6513
10158	7	7872
7673	42	5630
6201	195	24605
21406	195	5393
24686	96	3056
3097	42	6104
24674	154	5349
2840	4	21864
9532	2	3401
3255	42	24436
8449	4	4942
8183	68	2605
1812	2	2272
10059	216	1899
2625	42	8377
6977	90	1790
22400	42	1857
3071	18	24970
5251	4	7288
2603	116	7408
1684	154	4421
6739	18	5060
21766	2	4163
5221	42	21976
1370	96	9230
7759	116	25025
24317	18	22532
8598	42	24056
21895	42	5797
4861	42	5140
22995	2	3222
23509	66	3755
22916	7	5831
21465	2	24951
762	2	24790
25365	61	6447
10106	212	5767
3364	130	1222
2907	154	8630
21964	42	23910
22370	89	9385
24020	61	9532
7549	18	6633
3614	14	21329
23817	195	8232
8475	18	22712
9579	90	5333
9446	61	22626
2011	42	5140
115	195	4181
8122	7	4481
4828	42	6159
23061	108	68
6426	101	2002
7772	154	22905
3513	90	220
2307	90	5908
6599	130	8807
21190	42	2536
4480	116	25025
21096	2	22414
7320	4	9626
2197	47	3887
24373	42	6379
21573	108	3803
10288	125	22631
1798	206	23437
2527	130	8807
21823	88	692
6042	18	6174
6596	4	405
7089	61	9087
3518	61	2353
2952	90	6977
2718	4	9259
23307	18	3966
9015	125	23236
23379	18	5254
24582	42	23695
71	199	25158
2770	40	1727
6125	90	7849
3260	61	23155
21084	212	24786
6607	10	6375
2404	42	10173
10209	42	8572
23037	174	21082
24201	4	8642
23129	18	3419
5057	2	21771
5052	42	4161
24972	4	7079
9765	12	23909
4494	90	3686
3470	42	8794
25262	96	23850
2027	61	4696
22053	4	592
8330	147	25475
23937	42	5445
6278	18	10463
23705	18	4348
1557	40	22573
22408	40	2936
22621	42	23550
2908	42	22536
3675	40	5690
24935	90	1849
6946	88	21199
840	40	22766
22160	206	22994
786	154	6585
10101	7	3673
23882	2	25038
540	130	23430
7492	42	21795
3470	2	6045
8381	131	4963
3912	2	3120
8410	130	22885
2316	212	4976
22740	42	4634
6633	18	7398
3051	116	5300
5942	108	5383
1519	90	2498
1675	18	5064
22277	96	22420
8647	18	10332
6590	18	22793
5971	216	22905
2700	149	5167
9365	7	4459
10288	33	22631
5964	89	6840
24477	18	7134
6500	130	21257
4738	66	4771
7372	18	1004
24434	212	453
845	42	2557
3934	42	4052
8680	154	8627
21008	33	1744
21384	147	6273
21475	2	21646
1634	4	3640
5315	154	8807
2167	42	8610
21752	7	1918
9272	18	7144
961	165	4979
1744	195	7370
5679	212	7415
2310	42	2056
7445	42	3643
5549	56	23793
2958	2	5401
5854	18	7024
4365	42	839
3863	40	21511
8337	27	3370
5542	18	8107
2328	108	8924
9709	216	1899
4365	42	24751
23467	192	25211
302	61	9101
23081	40	22378
3507	90	5825
6465	2	23124
4636	42	7756
24346	4	2512
8416	18	7436
3798	177	207
1398	4	21774
24646	18	7428
21135	154	21791
6537	206	3810
6722	195	9881
333	42	22649
9851	2	8940
2424	212	21623
1352	216	1899
25235	13	8688
3148	18	914
23416	125	5744
23762	177	7806
3853	18	7397
4255	212	4769
8727	40	335
23068	139	3086
7022	42	24975
25304	18	8355
1211	18	8685
1780	212	23135
23209	90	862
21548	154	8447
5528	18	130
25335	154	1651
10332	18	8685
23203	4	9259
24377	81	2461
4355	40	6045
8820	42	988
22665	90	3043
7475	42	2502
22041	42	24013
4804	90	5058
23048	18	24055
1176	130	5424
22369	33	9447
21051	18	3894
3319	154	9367
5745	216	1899
23253	215	4374
3567	88	9193
3371	206	24458
23810	212	21063
5253	42	24084
22161	147	24990
1784	18	22167
21532	41	24629
21483	108	68
9914	40	9981
3923	14	68
23999	2	3109
6795	216	1899
25231	2	3719
25451	90	21485
1561	61	23882
9441	195	5262
4269	42	23929
4189	90	7161
9097	89	8266
8304	130	68
7700	154	342
8394	18	3597
23093	130	22549
22150	216	1899
5882	33	9098
25435	42	8507
3896	154	22639
8740	26	23332
2500	177	2194
2383	140	947
3931	7	3789
6306	96	3207
2611	90	24318
7970	42	8479
3861	89	9034
23059	96	8361
6124	4	9711
1759	46	8720
8325	40	8230
21440	206	576
24678	177	2015
25381	18	24696
1649	33	9804
9850	33	9965
10046	42	5377
5132	180	6948
21398	154	23430
25474	100	4458
24689	96	9807
6911	61	5686
7646	60	8332
3949	100	7749
24848	130	23430
21012	42	24640
6023	58	580
850	18	22363
7270	61	2635
3738	2	2304
8510	42	24917
23621	130	25211
1127	12	25194
24085	216	3232
24989	148	4235
21117	4	25301
9473	212	10044
1101	43	3718
3436	90	6038
6871	216	1899
7024	18	5854
22813	61	6653
1458	130	21583
21305	42	3465
24099	102	7167
6324	4	5127
10170	130	24162
7228	4	8483
6859	18	1211
17	125	337
23346	204	721
25226	61	4168
7897	42	22707
9658	140	6621
21688	90	1943
2755	2	8761
5976	116	4786
8626	2	23033
1412	130	9117
3489	18	3633
4020	42	21235
2858	216	6802
4123	18	4109
6612	147	7202
1325	116	25025
6065	206	1592
24679	33	9999
5634	42	21235
24225	4	21922
6380	125	22032
3431	42	24603
554	154	7819
4595	125	1570
10210	2	8940
3672	18	22525
9491	33	9334
9066	42	23411
22109	131	22222
22954	40	22596
5809	33	6615
9981	204	721
25343	206	21846
1719	42	8022
23248	2	4163
22538	126	1334
22210	13	8998
22119	4	6157
25167	130	9117
2287	2	22020
1581	61	8467
8219	130	8807
7542	4	23972
3207	130	24862
21541	212	22631
3964	42	7607
23658	42	3389
23666	151	2993
331	18	25027
3867	125	1412
542	4	9133
4703	61	21386
24665	2	21623
9771	12	2529
24661	61	23818
21127	97	22104
23749	42	23022
22576	216	7337
2881	33	23236
4109	18	4123
645	212	22613
4085	18	9589
1505	89	1821
213	33	22762
2379	61	4684
4294	108	5383
7442	13	9463
1472	61	23496
10365	42	1116
1152	69	22735
7141	154	25211
6978	2	24993
10079	18	22831
5164	42	4186
1514	96	4745
6149	130	7578
9058	206	10292
8506	212	24789
5597	13	22735
9056	50	5747
5580	116	5300
7401	40	1399
1038	42	3620
2088	147	2745
3389	154	9831
1924	18	7284
22904	42	25179
7289	42	6104
300	154	25211
23177	2	6814
199	4	22409
24980	4	582
7490	90	7498
24724	133	21021
902	206	22414
2665	18	6166
9517	66	23933
6031	61	1155
7965	18	21957
24159	130	5383
6051	2	2442
21030	61	6181
3773	108	25211
6380	2	21406
5198	216	3803
7687	108	25211
23353	192	7287
21972	90	332
22558	90	2661
9005	2	21527
2007	61	24986
2480	42	21821
22767	125	22460
24424	4	5926
6183	154	1899
23766	66	7487
2846	154	25211
8174	42	6724
8098	108	7263
777	130	25211
1760	42	23299
8526	216	1899
2254	58	24132
24013	130	68
2117	11	6802
21401	42	4305
9729	18	6849
8900	90	955
9398	33	22434
10239	125	9801
10459	90	7711
24586	40	23247
332	7	6447
4386	2	22304
21785	204	22905
2352	42	25199
9197	4	408
3460	131	9484
6824	199	3204
3100	2	3760
22849	18	9481
26	212	3544
8188	42	1518
23212	40	397
21550	42	23387
7688	4	24830
6876	4	1919
9732	72	6027
5886	204	6101
22002	42	1840
8582	42	21133
23337	42	4593
21546	216	1899
4648	216	24629
5763	206	5236
2780	42	21497
4877	199	1396
2639	18	21480
23547	61	23733
2195	154	23980
9898	46	6237
10366	212	1978
24463	40	7639
6116	148	24093
22096	42	23019
21062	192	769
6645	40	1727
2045	4	25233
1371	212	6540
23852	108	6255
104	40	21204
1190	42	21607
6073	130	22785
4576	40	5830
22304	206	22176
1467	116	5300
24544	215	1437
7899	61	2977
23777	154	10208
21648	18	8323
8118	2	23817
22709	18	7697
9379	4	5604
1553	90	3416
7003	147	3481
23406	42	22306
5431	130	22170
9204	130	23734
2675	18	7742
10357	130	21973
2201	42	2622
24316	90	1539
21943	90	7104
3203	2	9193
7029	130	24554
4509	130	25211
21073	42	9035
25464	4	24599
23932	212	21063
592	130	4013
24055	18	5853
1091	7	23258
9741	116	25025
8030	134	24770
7665	90	9850
24971	195	10082
6069	96	4391
6221	42	3665
3320	61	9725
9716	61	892
24063	33	309
21592	4	24951
5136	151	9182
910	61	9667
24545	42	21414
4439	151	9800
5304	90	9934
21646	195	337
10063	130	3685
6107	42	22337
10087	18	6407
1186	90	973
7185	216	1899
9750	131	6275
25339	18	24718
6214	58	24132
21069	18	6140
21505	18	22341
25288	151	21161
21970	216	6101
22639	103	22017
4518	121	1899
21807	206	21846
23337	42	9093
7853	195	8357
3181	18	10356
8732	96	21353
9707	216	1899
25084	40	6685
23641	4	22304
3475	61	4809
23308	18	82
7725	4	557
21746	130	21210
2951	2	21528
1863	4	3670
7175	42	3744
23367	4	9804
10237	2	23817
1848	90	21643
24109	147	7732
21773	4	9334
8219	154	68
22608	212	22176
25171	90	5038
23860	40	9967
5822	2	2624
1244	216	1899
21608	10	3887
5855	90	2892
5460	13	9463
9413	4	1875
7167	102	21639
4161	89	24351
8006	131	1114
7680	140	6441
10477	18	21141
10297	154	6498
2932	42	22906
22633	195	22020
529	2	5926
25026	216	1899
10142	42	21457
3300	206	22032
281	116	7408
3404	40	1237
5257	2	9742
3712	7	2642
10104	42	22787
2181	206	2181
1061	2	5926
883	2	7374
8754	130	24717
21536	206	6157
4113	18	7044
5646	2	22081
8674	42	24906
3252	18	2074
23256	42	9318
1531	4	22809
8550	40	3280
2999	154	23140
6966	125	9522
23428	42	8480
7928	42	3626
6552	212	5377
21494	18	23414
24760	2	2782
21762	33	22926
25439	18	579
5927	90	24620
23929	130	24531
8209	18	5027
2426	18	21146
4242	216	1899
10150	33	21459
6736	154	23140
6376	134	25167
1254	131	4868
274	14	25211
23303	2	21656
8297	108	5383
25180	18	24471
4026	173	5532
7559	89	3369
8850	42	9100
633	195	22335
23491	130	25211
2246	4	5127
5522	130	4421
10365	42	24906
23046	2	9801
23163	18	8578
5526	18	22464
2671	18	6250
21071	90	6652
6000	18	836
21759	18	6278
23732	130	7690
24003	90	10061
7090	202	331
5608	40	21946
23169	130	23430
5739	125	6201
3481	147	5889
5422	42	25315
2015	130	23734
1733	90	7491
3750	99	1856
24478	206	2782
3767	42	5805
9510	18	8517
23015	90	9416
59	90	1187
7650	18	10119
5582	18	21303
10092	18	1022
1858	18	3459
9113	18	6681
8824	4	23096
6354	42	2773
5810	177	8932
1896	42	23382
9995	18	2675
2111	130	6663
25346	99	21394
726	108	5383
5000	40	2506
21799	66	10140
3090	18	7057
25070	33	6532
25429	58	2155
327	18	24260
21788	4	9742
24644	42	817
21117	42	6153
8026	90	23173
7885	13	3001
21488	130	9545
545	42	10068
1960	81	9600
1131	42	8803
5503	42	10036
23508	96	22973
8578	18	6459
6879	154	5421
23964	61	22322
9190	216	1899
9949	61	8515
2586	42	21929
22997	42	3309
1750	2	3476
23423	154	68
1335	130	5383
21610	2	4163
8153	18	4876
23151	41	3244
7032	2	7469
332	33	25492
24982	33	3670
22378	130	2997
21526	42	21147
25085	18	548
8836	125	7728
1639	125	24789
7852	130	6663
9382	108	22298
3221	42	4222
6219	152	2915
22950	15	68
5602	125	24786
4847	108	68
22569	195	24444
727	61	1767
1682	4	582
5344	42	6135
9227	2	5351
6357	46	10224
21539	42	4827
23500	99	1856
21998	90	22088
5131	130	8545
23470	65	2047
1484	40	9971
1731	2	2472
280	154	23140
21202	116	23185
1402	18	8973
8784	154	6498
3889	90	4750
3530	2	860
3710	154	68
1212	61	6132
1660	40	4442
7807	7	4706
23991	130	3803
9604	154	24043
24195	148	7003
9924	140	4045
3764	108	22951
8715	108	68
24457	130	21791
2284	90	1137
4222	130	6705
10013	108	23734
9494	90	7247
10221	33	9965
9441	206	3186
9707	18	2234
25100	18	4759
9285	18	4663
23222	10	6183
7265	4	3472
9676	90	5084
9126	4	6111
24993	130	24177
22513	61	7790
4770	89	22694
23437	98	9671
446	46	8226
4571	125	24133
10161	125	9522
136	18	8181
2244	33	8357
21336	61	21762
7495	130	5383
24243	116	1238
21960	125	8851
1081	42	22989
22225	216	24629
4177	99	8454
3438	4	21842
10322	13	9463
25279	42	22649
8295	61	5142
8061	154	68
4556	42	22834
1838	7	22087
3137	4	6811
6112	212	1055
23704	25	721
22299	61	6410
4643	191	3861
2015	154	1899
25425	154	1405
22692	42	9107
22505	154	25
5502	42	9615
23934	18	1005
2762	182	24321
21632	4	7814
22151	15	6404
24454	33	9804
25007	12	25194
22779	212	25492
5467	42	8842
1268	130	724
808	33	582
22830	42	8232
25118	42	5413
4054	42	1740
7608	147	7003
5110	108	22549
5293	27	22644
24707	13	9884
22618	42	9424
6807	33	22613
7094	42	2912
2377	90	6434
8449	42	8371
6770	2	8184
9872	7	25171
22841	154	1831
22660	116	7408
1314	116	7408
23016	2	5926
9512	195	23783
7514	206	9207
386	154	945
6070	43	7691
823	42	3555
2171	154	68
5883	18	21397
22845	206	5926
23051	33	6926
23993	42	21795
9146	42	8382
3477	147	22554
6298	90	3435
5541	42	23411
1429	4	9626
5860	130	1839
21660	66	4724
8322	42	22989
971	90	22044
21974	4	24975
1045	2	23650
21600	131	1625
5548	42	22327
5110	61	4082
4546	199	320
8334	18	1481
7562	61	1611
2087	212	9801
3153	206	22963
25481	216	1899
6025	88	8684
5244	108	5637
4696	125	5377
21136	108	5714
7952	108	23998
5734	212	24790
4925	61	22513
3491	90	24082
3165	212	7469
21317	4	4942
6839	33	9801
23126	42	8253
21358	61	469
1756	2	8940
9152	61	180
8102	42	9475
2261	42	23190
6673	216	1899
2609	90	5732
2315	154	68
23193	68	5532
6910	108	2470
25353	212	8357
23758	4	3469
21262	116	5300
7898	216	1560
4743	42	22705
21028	11	9601
7546	33	10044
22261	204	22905
22987	4	24965
23653	42	7242
7357	108	25211
7374	195	3649
4466	61	7792
874	13	22735
1990	18	24600
2940	151	25456
9074	18	22183
2241	56	24245
23295	18	23600
6085	116	6688
24993	41	24513
3560	14	1411
1108	65	1108
5733	4	9714
23739	42	3643
25036	216	1899
86	2	4524
23818	7	7343
4083	58	24132
2596	212	22613
7715	42	817
21313	40	6439
2243	2	21063
2190	216	1899
4560	4	21459
7305	154	21569
7997	148	2088
22113	130	2470
707	96	24138
5692	18	2260
22816	42	6026
6360	130	6709
5706	130	25211
5076	42	1106
7230	212	8455
4624	2	860
6900	108	23734
24067	84	1560
6215	216	1899
1179	2	7026
21546	6	5776
5437	14	8736
3769	42	2437
8478	2	8851
6560	30	6069
884	4	3133
233	33	23437
2771	189	3087
6192	18	216
21599	42	10424
5015	130	23978
3239	40	6218
6783	42	22068
3132	130	21790
23625	90	76
7872	61	8317
3399	130	23309
10088	40	25373
4285	42	7451
9581	81	23978
24827	7	7677
10270	18	3363
23413	33	23791
7676	130	721
6308	130	8446
7170	42	3496
6325	4	3388
1	7	9563
998	154	1899
676	111	376
5660	12	2015
7697	18	6010
1659	55	7322
2460	4	9334
3950	42	25242
23824	108	5383
24577	42	2211
25305	4	7312
2429	96	22222
1050	90	6015
7326	4	7079
4037	90	22072
8552	33	22414
1435	90	9202
22694	11	2470
22554	154	5349
4228	4	4833
9558	41	1560
512	42	4920
6741	42	192
9945	216	4842
3312	18	421
173	33	8490
3540	216	9172
9792	42	25098
24209	216	721
10157	130	22785
3158	40	6045
5829	131	25004
24176	125	21627
3999	33	25093
7323	212	6387
2635	4	22762
21382	42	9399
545	2	23033
2115	42	8234
22948	116	5300
9712	22	24500
4882	18	9102
25079	2	4163
6746	108	23734
21396	206	24784
3120	195	21627
1904	116	5300
23534	116	24853
24532	2	3670
25020	195	2638
21777	42	8547
22205	4	10418
21537	13	9463
2614	7	1231
4851	42	8507
23714	195	22414
9785	125	970
1938	42	313
8805	41	886
5084	108	5637
6689	46	8364
834	212	5241
9456	96	10424
2639	18	3117
4967	7	21731
4139	7	21242
3642	4	1110
8084	151	3750
7216	46	8754
24992	42	7876
22857	149	23117
288	14	23734
3703	90	9208
24533	7	6431
935	96	576
24871	2	9193
9430	2	9742
23630	130	301
6395	42	21149
3591	89	5176
23960	2	8851
3598	90	9258
24992	2	24057
2865	151	22143
22275	18	922
1249	13	9463
24780	212	9804
21283	2	6722
934	18	21905
9918	130	24229
22032	98	21790
24834	216	1899
9839	2	25373
25312	18	22453
4163	195	23068
4837	118	5776
3703	61	22623
532	42	10082
7413	90	9859
412	212	22762
1940	33	24023
9691	18	8590
1090	33	6352
24944	68	2573
1285	14	8807
9215	154	24629
24249	90	9452
5220	130	721
3848	18	10016
24427	61	3856
4294	108	22298
4477	175	22881
24920	42	7025
6585	20	68
9010	42	8794
21676	90	21163
5008	18	24338
1419	131	3497
4957	61	22331
9609	196	3904
9159	18	24646
23147	9	21253
3332	130	3803
25161	125	24790
498	40	10381
21482	7	10449
2840	61	5420
667	42	4454
22392	216	1899
3237	42	9714
21749	90	1280
640	42	23424
2701	154	8630
10180	130	286
22750	108	25211
5312	41	2176
23427	7	9885
9686	143	4772
3977	40	21637
23249	33	520
3137	2	6811
24798	130	23908
25491	175	21674
21981	154	68
8442	40	1783
3884	42	1139
24502	33	7133
5744	195	4001
7463	2	9788
8919	154	7767
8496	33	4001
7258	154	21109
1514	154	23734
8681	130	23980
4756	42	22301
7694	116	7408
4542	130	8807
24061	90	23855
21434	18	23318
2426	216	1899
8724	130	1831
21426	42	6461
2815	33	22414
3933	36	3150
8918	72	5982
24088	2	10418
21573	125	10044
23165	40	21501
22853	154	23980
7754	149	9984
9866	4	8676
2010	154	431
24164	4	1798
9724	40	4524
10498	215	22640
7181	42	24653
8487	2	4163
22642	81	22066
5001	18	6217
1158	42	1601
299	130	23734
8042	18	297
21470	148	8182
8288	18	24601
3543	61	10339
215	108	23734
8339	10	9519
22277	154	68
23082	130	9581
409	40	21511
3376	42	3390
8770	130	5383
7219	195	25209
24900	216	3718
23867	42	1149
10205	99	5813
21038	42	3905
3681	40	21680
8399	42	10496
3994	31	7234
1061	90	6472
1447	154	3150
21745	42	10157
359	61	8531
9647	61	539
8862	130	23868
3454	131	25078
1988	125	4001
6729	4	1798
8109	18	1603
3261	2	1789
4332	18	1094
6091	216	1899
23551	42	24460
204	173	3001
17	4	1720
24418	154	22418
23756	140	6313
5616	18	7721
4384	4	5926
21880	42	4362
3575	42	2741
4595	7	2444
7226	42	1516
8755	90	25498
580	90	4810
2389	61	1859
57	18	25085
9068	42	7497
24139	2	7079
24223	42	5829
6524	42	1517
24861	61	21640
7597	130	24177
10094	61	5440
24895	33	6352
22592	42	22503
6245	111	22066
25443	130	68
10235	195	2304
24611	212	7011
5055	14	68
25349	4	4942
4850	46	23633
78	212	453
4996	7	4114
2637	216	21735
10015	42	23712
6495	99	8454
22475	18	24034
21403	130	24629
4323	42	4964
3159	2	5653
6225	18	7261
9733	2	208
5917	125	5166
5706	13	3001
5076	88	2826
10056	7	732
21290	2	1875
3686	61	4494
2548	216	1899
21816	61	2483
4317	42	6699
23537	216	24629
782	130	23734
542	42	24603
7488	116	3182
23640	125	3780
7293	61	10161
9441	195	21846
8211	61	5568
66	116	6688
22323	212	4213
4621	61	24787
9450	125	23437
25229	61	10160
6900	7	8057
7492	42	8855
5889	147	4272
8411	130	5383
23100	216	1899
21987	2	2408
9198	154	1405
3794	90	6701
1727	130	23978
5940	81	22785
436	130	3803
7674	61	25338
2509	154	9957
7527	4	22414
21868	18	8618
9350	7	2966
25052	14	5383
6812	154	68
6715	61	3941
928	81	4917
10287	116	25025
6072	42	3665
5523	18	25304
21716	42	2844
23635	2	8163
2845	4	25447
24620	4	9626
9976	41	23309
6366	2	25032
1953	116	6752
990	18	21119
4720	125	9884
3771	61	22858
24049	18	1005
3948	212	24458
3123	61	2694
10250	2	23817
24595	90	5657
3876	58	580
21997	47	9514
7702	125	1261
24827	125	9742
424	130	9154
23328	18	24448
24542	33	25219
3164	206	24469
9514	130	22861
8427	212	24975
3326	42	22410
6457	108	1075
1087	116	5300
5350	90	9233
7368	4	5868
2621	125	3670
6344	2	22762
8440	18	473
21599	42	23695
7232	33	24786
9536	4	3957
1101	196	24349
3907	13	5300
6308	130	8807
24997	130	3330
23429	42	3741
7002	42	24913
22163	2	23505
21928	42	23512
6737	130	5383
9250	130	1195
1693	191	10490
10045	33	8357
7832	2	8829
9644	42	5196
24970	18	6225
22362	42	7561
5663	165	24667
22228	195	23437
6583	2	7859
1195	216	3150
8003	125	21442
1601	130	7384
4669	154	24629
23505	98	68
3413	42	3645
24738	18	4574
3554	40	8673
25312	216	1899
6144	212	9990
7784	108	2471
3892	154	68
22842	212	3670
3728	14	25211
22959	125	22613
7069	195	23883
3996	96	271
6703	216	1899
72	61	5560
5507	90	24779
7932	116	7408
23763	4	3469
1673	61	3752
2927	42	7735
21346	131	9637
9728	61	5340
7687	2	8374
480	33	21330
22174	41	21556
6510	42	7203
2611	61	23541
9710	212	9742
5897	4	742
1621	33	860
24341	2	4181
22749	130	21790
24782	122	1774
25483	154	10030
21495	2	7374
6193	18	4997
8990	2	23714
24466	42	2266
22858	7	1624
21638	42	3278
23109	108	2340
1658	2	24951
6295	14	721
5666	40	10382
1777	33	22460
178	4	1078
21326	116	5300
9180	7	8755
6142	42	5109
3616	130	25211
24883	7	25436
4295	91	3861
5984	130	3803
24951	195	23973
8161	72	24097
3799	2	9742
948	18	5336
5207	18	22354
23879	2	24083
24553	149	5750
1662	42	2961
639	40	23683
25033	98	21109
2121	40	6045
6534	2	8176
1544	216	1899
7723	40	24060
24676	125	9925
389	7	5226
10297	151	7651
10269	60	22507
9362	42	1695
6915	13	9463
167	125	10044
4733	42	23741
25121	164	8761
4520	216	1899
4491	130	286
7790	7	24071
5772	216	21791
2254	66	22658
2637	140	6441
501	40	5830
6496	130	5383
4410	2	23261
5897	2	742
7216	42	25473
9493	125	5744
4937	40	22010
6048	15	23734
246	2	9626
9071	154	22951
5991	18	3380
10373	7	1425
22246	18	2723
4217	18	7742
7266	42	10456
23052	42	22294
425	18	282
21390	130	10133
2957	85	23601
23802	125	21017
6772	11	3013
22535	18	8655
6465	7	4102
3520	42	21813
8975	4	3603
23734	216	721
21896	42	23531
23912	42	5413
1676	61	6717
23260	18	326
23865	212	1744
25188	90	22074
1448	140	24846
21479	130	21790
7421	90	25082
852	33	22409
6595	130	68
10218	206	21623
5843	33	8851
23728	96	6371
24387	99	1856
2439	90	5427
2153	61	5313
5504	130	8037
6296	42	465
25037	30	7456
25237	36	21257
122	18	7179
3716	125	21744
6606	33	23791
10237	7	22652
2227	212	2512
23566	42	815
22470	42	5342
2932	42	817
6426	151	5338
343	61	25273
24515	4	22032
21773	7	22593
8969	2	24275
21820	33	24975
9210	36	721
25017	2	23151
24490	42	23359
3876	96	6023
21377	154	21791
7014	2	1449
6051	40	2442
5	18	7101
2475	125	9334
21365	154	3150
7878	61	1589
3658	216	1899
4461	154	22951
23105	90	23095
5155	88	4555
5347	7	5568
5601	154	8807
1582	106	3188
22623	33	5926
960	56	7690
414	131	7700
646	33	6352
9451	42	22546
4622	33	9804
1988	2	4001
24768	40	1783
25253	42	2844
9673	201	7743
23384	125	23714
4249	212	21330
23510	90	328
3773	33	23570
1770	18	24879
8554	33	8143
10403	90	1080
4511	42	1011
2133	125	2512
6773	18	5652
5911	42	8602
3598	7	25371
21958	130	1831
9228	206	5992
25198	42	21691
22540	154	2491
25414	40	4506
22924	42	8843
4250	4	5847
25253	42	4689
24497	7	1080
303	2	4163
21039	18	5027
8456	2	5127
10272	90	5518
2274	81	4948
25229	2	24275
22814	41	4064
4477	154	9120
2288	154	4421
6998	108	25211
9211	72	6594
7361	4	5127
9743	18	22354
6446	206	9965
3425	33	4181
2170	61	25191
5342	130	68
7436	216	1899
6813	42	5717
8468	42	22637
5722	61	22342
5323	111	6294
1072	18	8075
1028	2	7447
2602	2	24784
21682	99	23601
6596	4	3247
8834	108	23734
24270	132	4140
6042	18	1620
1242	216	1899
4697	212	9804
25120	18	24718
23746	18	4956
10465	42	23333
23798	125	8143
2952	2	3120
9654	18	24893
21826	18	9479
21575	81	24531
24092	154	23140
21478	42	22612
8842	96	21543
2267	42	23251
2548	18	2593
22226	2	8981
22461	96	2982
24003	4	1078
2519	90	21805
22132	42	7405
4120	192	2471
23551	40	8673
22015	96	5063
1273	216	8682
8160	2	22032
7866	42	22105
22213	90	21910
3815	18	4683
9228	13	9463
4595	108	25211
22385	33	9447
23828	61	25113
22511	108	23734
7310	7	1123
3403	66	21327
6679	4	9968
9232	7	24440
7157	84	24485
24199	90	10085
5029	61	9834
48	4	1798
21470	154	24177
4948	203	9700
6393	42	24033
22014	4	23714
5949	18	4150
3944	42	2392
5518	90	24431
9341	89	9027
22005	41	6443
25006	154	1899
24047	40	22233
22514	88	4616
7383	90	24383
2321	90	23631
8599	4	508
54	130	24594
25035	4	508
6386	40	24914
24579	2	21159
24872	14	25211
1433	42	8263
7196	40	24914
10103	18	9285
21733	96	3054
1009	42	25142
6232	61	9794
1730	2	336
24749	130	9581
22448	154	5349
4833	13	9463
10305	2	7456
999	2	23650
1454	154	5726
4365	88	9623
5736	7	5962
5324	154	24286
2083	70	7376
5215	131	22143
22396	18	23365
7149	46	9697
5060	18	363
21620	40	22673
25155	33	582
7761	33	22994
3747	42	837
3017	125	22414
6148	116	5300
4567	40	21818
1117	15	5364
5891	42	1854
9274	4	5079
24649	2	1000
157	42	25136
5796	33	23570
6957	42	5306
3570	42	8352
2456	42	8352
4614	90	3053
24753	108	24531
2484	206	9447
8006	154	3368
792	96	93
6506	18	8024
172	165	21253
9859	61	7413
1822	42	21710
2204	42	5779
21551	42	8708
4184	18	1827
8664	61	5589
9605	2	6045
1361	33	23
24129	116	25025
1130	18	2104
8166	90	6806
2013	125	9965
24654	216	1899
22707	130	8037
4867	96	1173
9023	212	9999
10138	40	5690
9216	61	3945
955	33	5926
1213	130	2765
9329	4	22845
4802	212	5767
21194	108	8924
21939	18	23176
2664	42	1645
495	4	1919
5104	108	25211
22193	91	3865
24874	2	3670
23194	42	24906
2383	42	8352
1330	42	6026
852	4	2484
25045	212	10280
4239	130	2323
23882	90	1561
23771	90	4119
5625	125	7288
8940	206	8544
6842	130	25211
21686	61	10383
22539	89	519
21314	7	116
2748	2	23757
22128	202	4335
7807	90	7247
21262	42	5792
9926	18	2173
21202	42	6329
10402	61	23687
2815	7	25406
4706	90	21338
5884	4	21656
10379	61	6637
21510	90	2599
393	33	5351
2971	130	68
4625	18	806
25183	102	23554
971	61	102
24019	7	8464
5393	195	5055
5823	90	3259
5139	42	24412
8367	130	7441
5200	2	3086
21378	7	8265
23206	61	7507
8277	116	5300
8927	99	7235
9164	42	509
6534	42	3465
9775	33	7133
325	61	3372
378	18	3071
6620	42	24056
25437	216	1899
25400	46	22859
7404	108	5383
21193	42	9082
2236	206	944
6609	140	22217
7136	89	9385
3274	61	23641
4357	61	8587
452	42	1129
3978	212	23262
24102	18	1644
9673	115	7821
2338	125	9447
8965	33	9965
23665	90	1321
5889	148	6093
24495	2	7814
25162	125	1000
9485	61	8825
6106	111	7580
406	40	9426
9470	42	4307
4894	96	2481
47	140	22449
24358	131	7943
23698	61	2516
10001	42	8507
24639	154	10095
10026	115	9050
25153	33	21440
7293	125	9522
625	212	24175
4382	125	1570
6054	40	3760
2544	130	721
383	151	3228
2462	2	4163
22395	42	6461
8652	130	7263
9004	42	3618
24589	2	3103
22142	18	8692
4345	89	23028
21088	33	22485
7442	2	22304
1408	88	6330
5476	2	2512
21061	40	7661
4845	42	2896
1791	42	22727
25354	90	2724
5599	116	6688
3274	90	1320
2565	130	25211
23462	192	8037
9719	42	7432
270	108	68
6236	216	21791
1199	125	9804
21207	90	3160
6563	42	4906
4197	130	301
2674	42	3755
22098	90	21891
905	7	10071
24129	42	22563
22027	72	22710
24857	154	23734
4287	42	2707
22869	212	4181
6725	130	25122
5143	4	6259
7953	165	21399
7415	98	22298
7958	42	8572
5889	147	21384
22423	61	24699
24290	42	9286
9699	18	8671
21896	4	25013
35	38	4816
4127	42	572
9652	212	1108
7091	177	10238
1906	150	22716
23351	2	8851
25423	125	22762
21127	97	21646
1983	216	1899
23674	125	7073
8531	212	22613
2282	184	5776
7757	18	6314
6982	154	23793
24049	18	23934
5462	18	6861
21386	125	9447
9405	199	5132
22435	130	22785
22122	154	2778
3392	61	25044
9473	2	829
6006	125	1570
8991	18	22336
25477	116	25025
8112	125	24172
10281	116	25025
6413	42	9085
8792	42	9110
8215	31	6177
22027	102	3045
4943	18	24102
1645	130	721
8378	7	8190
4255	61	23021
3874	130	21973
3073	130	9141
5158	125	22485
2915	13	3001
9849	18	903
505	42	5109
9441	206	7316
21355	2	8940
1289	42	22706
6856	42	9984
21753	40	8319
4757	198	10298
23286	42	10068
6522	4	21390
22312	42	243
23349	180	8747
7107	195	7027
21680	154	25211
24233	192	6404
5645	90	23808
23231	42	10330
8982	154	3370
3762	154	22158
21434	18	6617
3787	4	2237
4081	4	5377
8174	42	817
4538	33	1108
5070	42	3
4176	18	22475
21923	61	143
6820	130	2682
2256	42	22429
7336	108	25211
22773	2	10040
21709	212	25219
25442	195	3810
9366	42	9360
3839	212	23236
290	42	4862
4561	40	5711
22452	4	6259
6005	2	21406
22530	96	25456
9515	154	9141
2737	212	5744
21209	164	10040
1592	139	2622
3665	96	24077
10445	42	7131
2294	65	6603
23044	195	9742
8291	61	165
9414	139	9414
3716	7	2423
6500	154	21257
21350	90	8969
6775	90	7244
1563	40	23247
23030	18	4952
4842	140	5033
22845	206	8251
10213	70	23847
7972	15	6663
4444	4	314
21400	131	21353
6777	42	722
25320	5	22887
9776	2	8851
9515	102	5431
24304	42	8845
3157	130	7767
24112	18	3802
5781	131	3877
8362	4	6069
21430	216	1899
2082	2	3625
8925	2	2782
4054	42	2373
23788	42	3350
7657	61	5790
23887	2	21528
3856	61	23684
2152	90	10447
1462	42	10481
22456	98	4027
240	90	6453
1658	4	22613
2815	125	22414
4306	42	2527
510	18	1130
289	42	3779
21847	148	21384
3253	4	4190
3990	42	2539
7922	5	22992
8589	7	6479
5744	195	8235
25061	130	5383
25381	216	1899
1804	2	5926
4845	42	8748
8935	18	490
3498	125	22335
8824	7	2099
7246	89	5619
6905	90	370
8276	42	2502
5184	212	23757
22393	131	6165
3285	116	25025
23554	96	25369
9180	33	24293
4849	18	875
6875	90	5016
23833	40	7717
5268	104	676
24854	18	8935
4987	18	22183
7004	130	24594
4163	195	6540
7110	13	9463
2246	2	5127
2156	154	721
23286	116	25025
4683	18	21119
4771	96	8961
8026	125	24001
21450	42	194
23474	33	9522
7650	216	1899
9530	195	25494
6113	216	25336
650	130	8615
25329	116	25025
8154	42	1181
24083	206	21846
8958	90	2028
1497	2	21623
25355	42	1052
22112	89	24351
2895	2	5127
6651	42	4964
8433	18	6225
9124	2	899
7293	2	9522
5069	4	5127
3907	7	24780
9441	13	9463
9481	18	5389
5553	42	9984
2195	96	248
9990	195	25032
24835	41	22971
2597	125	9801
21013	192	68
10132	42	4920
3708	7	7049
7691	140	6559
24548	206	5926
7621	96	22496
332	125	25492
4083	201	2254
184	131	3396
1141	130	24177
7478	42	3835
21100	4	5551
701	7	4741
2384	14	25211
7063	40	6168
8873	90	3006
1610	61	5718
778	2	4223
7166	7	1881
10201	90	23869
23064	130	2778
9926	216	1899
2629	116	5300
1797	4	592
5771	154	5383
4152	130	68
24887	130	23978
7261	18	3296
9208	7	5799
7815	40	21199
4424	61	7903
9556	40	1618
24171	153	3183
8257	4	1399
10340	131	10194
25293	108	7632
4814	216	1899
21601	61	21916
8811	213	2290
23361	216	1899
236	7	8011
8882	177	445
1064	61	2
2628	42	4145
3138	90	23799
21147	130	8037
6058	42	5635
22044	212	8286
21401	4	8319
6799	15	3244
24438	130	724
9203	33	2421
22816	42	1737
7613	42	798
22023	116	25025
1154	131	3996
1561	2	25038
1886	130	23734
22038	42	3146
25039	2	5847
4417	18	907
7358	90	2444
24359	18	2127
21072	42	21108
483	13	9463
6464	42	1383
3892	130	8037
4709	42	22294
7157	216	24485
9860	131	2687
23138	7	6726
21494	18	10119
1958	2	2472
5321	4	4633
23935	1	9610
9726	131	2333
1049	96	1836
23452	90	10272
21699	115	23059
10241	130	21977
9103	154	25211
9662	18	5528
22193	191	3865
22138	212	3810
25064	130	24513
23007	18	4586
6735	130	721
23855	125	453
23863	2	24145
3371	195	6068
4800	2	9742
4955	33	4360
887	40	7043
5526	216	1899
1200	88	22536
4840	154	4421
1454	130	5726
2584	115	22999
9156	130	5383
23197	212	22994
22248	61	21369
10213	70	5243
23926	42	24973
21249	125	22460
6144	108	9581
3606	212	23262
4778	4	4902
4708	130	22630
24828	116	25025
21756	50	7580
24539	130	23750
24581	130	22519
23451	108	5956
5736	33	5351
22412	2	22304
10220	216	1899
4317	42	25029
21128	99	24875
2563	42	5635
2438	42	10381
2287	2	23386
5399	33	24021
4731	4	4564
5529	125	24446
24747	18	21467
6996	154	2778
25457	42	1305
4503	4	9742
3138	13	3001
6501	90	1174
9217	157	2180
3963	90	21360
23544	125	23391
24365	130	8418
10204	4	22588
21907	2	2056
21248	42	1726
25154	216	1899
4359	42	5355
1325	46	3641
22315	4	6306
7682	18	21412
22806	18	3066
6598	201	3016
3937	4	21528
10203	215	1964
4417	216	1899
6065	195	21846
1251	18	21578
23834	18	9729
5696	154	23734
9231	96	8945
23460	116	5300
6324	4	2024
24514	206	5393
2602	2	10040
21394	85	23601
1713	40	1712
21530	14	21791
7320	61	24035
9259	195	21771
21171	42	23233
24661	4	5592
942	125	22176
5268	165	109
7671	4	1232
23233	130	8807
4922	2	25013
8370	130	8807
7039	2	5396
6529	116	7408
7956	212	22631
9956	65	9956
5801	40	21697
23539	206	21846
8604	42	5216
21533	46	9953
5390	154	8630
7404	61	24382
4017	90	7586
1793	90	22767
4324	130	8807
23260	216	1899
514	4	7026
1241	11	21109
8257	42	5059
8020	125	23
6105	61	4776
9548	90	25117
7485	40	4223
24552	81	22730
24544	42	8983
9011	90	1923
6004	4	1120
24049	18	5001
4845	42	129
4809	108	23309
501	42	6508
3870	216	6955
7523	2	7073
22875	18	21146
4299	2	25330
24165	18	23254
702	154	25211
4056	2	10065
21835	195	6002
25360	42	21543
1927	125	24446
6697	41	7337
6556	42	25204
3402	2	8761
22103	90	25073
8354	46	2838
23701	61	24149
24741	216	1899
1642	151	1752
7640	40	8301
24815	40	21204
674	216	1899
3987	4	21622
969	108	23734
2312	18	23752
6338	40	5830
25167	154	1899
8966	2	1149
22658	199	2826
24644	40	5196
24137	216	1899
22824	121	7337
1432	42	22910
5326	33	9804
25347	18	10284
25457	42	5821
2653	154	3150
5564	42	25136
5905	18	3622
2041	4	21351
6018	125	405
4040	42	1577
23781	154	68
2431	151	3412
256	2	6680
2676	96	2139
1702	130	5383
23238	2	21474
4187	154	25122
1857	101	1723
8775	42	23459
22021	7	1885
22430	130	3492
23746	18	7629
8193	7	23258
2874	130	21210
21746	36	21210
21217	4	962
21506	206	3885
8501	149	2696
21176	4	5868
1670	90	1226
6503	40	435
22104	206	21646
4992	89	23906
3743	40	4555
22270	42	24276
4287	4	4515
23357	42	25179
8875	42	10136
25129	199	9648
21604	130	3330
4929	33	4259
4508	40	21479
9384	2	23386
23493	177	7701
9968	130	24594
21415	130	23309
24897	108	6255
6076	4	25013
21290	2	10039
5685	130	3150
21777	42	21332
23131	18	5650
4561	4	6704
1704	42	9107
26	61	21218
585	130	10099
360	125	9965
8221	108	25211
1136	42	9163
9728	90	24684
6395	42	25074
6311	32	8494
5436	2	22304
679	130	21791
8606	154	68
1068	18	21759
24703	7	5825
10107	125	3719
4572	42	24449
2987	89	7751
2648	42	21865
6927	4	6352
1009	2	1854
22506	42	6792
850	18	2663
1905	61	10429
21253	64	8574
23378	61	8451
21530	47	4757
5026	90	10116
5245	12	3616
4961	130	1755
6806	2	7374
21686	7	2992
2312	216	1899
8716	131	606
1856	21	8203
23890	102	22425
8864	131	920
21069	18	3713
5022	108	21109
10401	96	4103
4635	116	7408
6569	18	4520
23624	13	9463
7698	108	68
7840	130	23140
2013	61	22916
262	130	8337
4983	90	9234
21900	42	5704
23963	125	230
22963	139	3153
2440	40	7007
25264	130	8807
6399	130	24629
24958	149	25064
7045	2	8761
24906	130	23332
21380	88	7395
22602	2	6680
677	130	23868
23946	216	1899
21736	12	22374
7563	18	4835
6900	61	23388
8211	2	7747
21782	42	9714
8670	2	21807
10464	7	23856
9677	90	73
22227	42	5963
7678	130	68
195	7	21285
24165	18	5652
2696	66	5345
10268	2	5517
5801	42	24603
2936	154	25211
23283	42	4458
6427	18	517
1171	2	1875
2020	101	3892
4592	212	22762
5672	42	7839
1609	90	2652
22805	18	8935
4308	96	2250
22328	131	25101
5884	40	21656
373	108	25211
4693	130	538
8091	116	5300
23010	33	9965
7377	40	1168
7876	154	23734
5733	116	1979
23563	165	867
5609	61	7649
21809	125	860
2273	61	21742
630	140	9539
6238	159	2176
5903	2	5767
6959	40	21479
5402	4	3670
5693	212	6352
21782	42	3020
980	130	301
23597	18	22742
24778	106	452
23931	4	5127
5257	33	22176
9973	33	1249
8080	116	25025
22949	46	22596
9407	130	6404
4134	2	9804
7850	61	8275
5444	90	7546
9203	125	2421
338	130	6287
23605	42	8432
2706	33	6190
3595	13	9463
991	90	2183
21196	131	7984
9465	18	6682
3352	216	1899
22592	42	23069
1507	42	23590
25339	216	1899
22376	2	21958
5466	61	25344
340	212	24175
24046	131	1599
4997	18	6193
2746	195	5926
21298	177	207
7878	125	8375
25192	2	9626
22409	130	21210
9556	42	23359
7541	131	1706
2906	130	24400
2674	42	10454
568	216	1153
1887	130	8630
5810	42	8718
8024	18	691
3434	165	8918
4428	12	10291
8386	100	6429
9992	46	6308
21038	42	25098
9090	31	24128
609	2	2701
364	42	21524
25409	18	1949
10097	7	8137
6968	4	10189
8467	212	5744
21586	154	4064
7262	33	3670
8278	4	24050
9907	212	9530
22064	61	8834
2252	40	24914
6373	4	2024
5725	212	9801
3692	42	22266
2275	96	10274
668	154	23136
2498	2	7354
23628	131	7426
21023	42	5059
3341	125	22176
4163	195	5944
7855	116	7408
24093	148	2088
5678	154	25211
21628	154	4917
1869	56	4500
23904	46	25466
8823	4	3970
25086	216	7690
25333	18	6285
21253	130	4421
9361	18	8707
8803	89	10135
22954	2	22766
22647	42	815
9472	18	23939
23904	12	22604
21252	40	6052
6768	130	3936
2343	129	8293
23551	116	25025
3241	130	3718
7458	18	10352
23353	199	5308
8488	40	2094
3497	96	4346
3046	51	4182
2372	177	22415
7388	42	6885
8578	18	4330
2547	46	2690
983	122	10135
23142	90	4481
2745	148	5889
4431	18	3457
10098	206	6647
1957	125	3670
21394	165	25331
22934	33	3625
6750	42	253
9731	192	21210
489	125	24790
7002	4	4469
21872	18	25228
22544	42	8708
23690	13	9463
24830	130	5947
23687	13	9463
5340	90	9728
23249	61	22868
922	18	1770
22209	212	8490
25278	90	142
23053	4	508
5196	130	7263
7044	216	1899
24419	42	6337
24501	42	851
1737	206	8235
6362	2	7026
2160	18	24112
4530	61	6067
1889	116	24853
2206	61	21515
667	215	1964
7134	18	2332
25015	42	9818
24721	2	24001
23429	42	3318
6625	42	23190
25345	130	21791
8763	2	7374
7185	18	1410
1260	130	8037
10423	42	733
4778	125	4902
3784	130	23309
6681	18	25380
4971	42	25074
1780	90	22476
21020	38	106
21833	41	6236
24628	125	24446
9564	2	6146
23738	42	7000
297	18	3713
23154	12	22923
2009	2	8851
24302	33	1570
23332	81	23978
7961	195	21536
23738	42	2447
3762	130	5349
22265	61	5902
4666	88	5830
3306	90	7356
1378	192	22951
8013	18	922
9573	42	3086
3883	7	2752
3341	61	7104
9538	40	23533
9458	40	6439
21403	154	6663
22102	2	3371
25007	42	23349
9335	206	22434
23306	154	68
618	90	4149
2438	4	10381
9469	42	6203
8286	195	25330
23819	18	24137
23529	154	68
3375	139	22551
21451	7	2334
23429	2	4664
130	18	23379
2950	212	22176
10027	90	6181
21554	115	23019
7857	2	21744
3830	206	21734
21545	2	23686
166	42	5958
21137	4	10381
8216	2	9209
4436	216	1899
21135	130	7337
24684	4	22304
7018	18	3199
5	216	1899
4106	125	23714
351	7	24149
3247	98	3150
25107	40	9714
21616	90	2519
21939	18	4332
21538	9	10296
6523	18	6192
21868	18	4956
9321	12	23909
24157	7	2734
21707	181	6404
4810	61	580
4184	216	1899
24349	95	6984
9272	216	1899
9898	4	7639
5186	81	4402
4347	42	23059
25230	130	7690
8645	4	9334
8962	100	23370
3566	42	24603
21793	4	9263
5171	30	3362
302	90	22579
7651	131	3940
25367	125	23782
24211	18	21957
24730	195	1744
22493	61	5575
3246	66	4691
2733	18	9889
9582	154	721
24146	154	23980
8268	99	706
9894	96	137
7248	216	1899
554	131	23026
4929	125	4259
9334	206	1055
24734	89	2972
2118	130	1839
2598	40	1399
21375	42	4755
116	212	309
22740	42	2373
8187	18	6872
25035	212	9801
5250	90	726
6411	116	25025
8613	108	1899
4345	191	1693
6822	40	4047
9834	61	24809
391	61	24648
21904	18	4849
5582	18	6888
4971	42	6771
23833	42	23484
5274	33	21440
1709	216	21973
25425	131	606
2248	18	3312
23686	130	3492
6172	45	25421
6307	18	2205
3771	2	21627
21111	96	21999
2700	2	7177
324	143	1241
25257	4	4529
835	18	8271
6274	2	9742
4067	42	9615
21089	42	5306
3994	31	24128
22393	130	4421
1996	130	23734
10097	90	22385
2200	216	1899
1466	61	417
23147	99	706
6776	42	3332
6090	206	22979
5320	7	21694
4806	125	7455
9606	99	1856
9428	2	10044
23470	206	1499
907	18	20
25207	4	4774
10335	40	6052
24836	58	5197
21167	42	3742
2964	42	23621
2115	42	8928
4745	96	1514
902	195	6207
21611	80	4182
23198	7	8464
24405	115	10437
6540	206	22020
22381	42	23726
4279	108	23978
22781	61	8469
7095	111	4500
1901	40	6064
3061	201	23226
8524	2	2624
2391	2	3670
8347	42	10495
1931	2	23151
4444	40	314
23614	18	4876
1447	130	21052
1705	81	7212
6889	2	21666
5805	216	7337
4137	154	25211
8432	96	288
102	2	25330
4440	18	10354
6310	90	4782
23125	33	4902
1102	90	603
9170	61	7041
475	130	8512
3123	2	171
21430	18	3444
3184	14	21791
24757	130	3150
4823	42	2896
1011	130	25211
2190	18	6143
8165	33	2568
5377	195	22176
9795	154	23309
3880	130	2495
545	216	21973
23850	131	3396
2935	130	1839
5767	206	9438
4788	2	23068
7964	90	22441
5576	116	6688
405	206	805
5760	2	9407
24281	42	6950
25261	42	8845
8154	40	4524
10390	216	24629
3717	65	10357
494	130	5383
6174	216	1899
8814	89	5586
1914	18	9481
51	125	2304
3676	21	22785
5996	42	5315
7814	195	25447
2616	2	9259
4184	18	21703
1184	99	1856
1105	149	1707
5005	2	10382
6435	7	229
24125	2	4024
25312	18	24907
8077	7	23472
24305	81	68
9017	4	5260
9875	125	22994
25350	33	22032
5952	42	212
21972	7	6447
23872	154	22298
9550	2	5617
24175	206	23047
5103	40	23654
24462	151	5270
3427	61	25070
2984	2	22032
22643	33	24975
3313	130	21791
8675	7	1416
3826	195	8235
22590	2	1168
1305	96	6329
400	18	1478
6297	42	3242
24532	4	3670
1581	90	8859
24375	130	68
9310	18	8392
9572	18	1743
6801	61	22892
754	212	5463
24875	165	24997
3750	96	5793
2092	4	1798
9859	2	10044
25177	18	7799
22554	130	6944
2889	42	21912
1890	154	724
4598	131	1479
2823	7	3225
23943	2	1969
1135	154	22951
25252	130	68
6628	130	4893
6220	4	7078
345	41	2470
8221	33	23391
8786	40	9968
23420	96	6188
3489	18	6037
9960	2	1000
23441	7	1813
1199	61	5573
4928	4	25013
21425	61	658
4169	40	23112
1628	61	9244
9862	4	22304
23023	130	23734
1975	4	25450
22321	7	23917
2270	42	8104
9261	2	21623
3341	33	22176
4030	7	9555
21352	42	2035
10474	89	1774
6274	90	25405
5180	61	3669
1957	108	6255
7553	102	8865
3540	132	6113
4522	2	6090
3524	42	7894
3143	33	9801
6856	42	21108
9965	195	23791
9800	154	3150
2137	130	9032
3236	33	24023
2525	61	24454
6186	18	24147
4752	18	22495
3983	88	25072
7376	88	22724
24301	2	8940
129	42	9100
24684	90	9862
417	90	1466
24784	195	2512
5767	98	5947
6639	206	8143
4365	42	6842
24027	154	7690
1199	7	9282
1339	2	9522
5983	42	22906
3055	134	24200
8073	42	1037
3995	42	40
9424	130	5349
3147	151	24418
23091	130	22630
3621	42	10372
23810	2	22456
9805	46	21067
8989	81	1842
6596	33	5919
25116	18	22401
21787	154	24163
8204	18	21612
5966	40	25397
23234	42	2016
4566	216	1899
2314	216	21735
1141	130	24513
3239	42	2863
2440	42	5413
2100	42	8152
7316	195	23393
9277	4	3209
9997	130	25211
1081	4	9082
8655	18	21722
607	40	6814
4773	42	23929
9181	7	6030
8292	130	1839
1599	154	7847
2819	33	24133
2114	14	25211
4376	46	2048
10411	140	24846
10348	4	24951
7766	154	24043
5297	2	3721
3282	61	8383
25067	42	25252
9311	130	4421
4014	7	3976
1796	7	9325
23312	2	10189
6216	154	1651
21751	33	7469
2076	116	25025
23739	4	5438
22001	4	1431
5021	154	8807
9988	147	7202
2851	40	1437
8828	66	23019
25192	90	24116
2479	14	8512
23892	131	21492
6359	206	6152
6918	154	25211
7117	42	1347
22357	18	4208
3219	18	3894
1892	61	681
21078	42	1401
4349	18	24299
3904	38	21791
24976	40	5477
8826	195	6409
22243	2	24784
7255	130	3150
9196	7	9761
2889	42	3391
3504	4	6103
24882	2	23151
7694	42	2756
902	206	4564
23601	165	25331
8812	42	8803
22574	18	6010
6278	216	1899
1291	18	2548
5167	89	1774
2553	90	3513
10487	130	23978
23587	102	3754
9329	90	22623
10320	154	9367
24401	125	22414
23020	212	8996
898	130	22630
8201	42	10004
7593	154	25211
8805	130	24229
24896	131	24847
4373	125	23
4612	90	23239
21081	215	4374
5454	131	21041
22123	2	4163
9135	89	6106
6146	195	3048
542	40	9133
2248	18	22183
7629	18	25135
3902	42	3109
9696	7	25459
6581	98	2470
7985	7	10469
3991	42	7056
5142	125	22762
5843	125	8851
2133	90	4539
24453	61	6886
21815	61	24134
21901	4	24159
6098	61	22729
2830	54	2060
3536	199	8596
1359	2	23505
1790	2	860
5785	213	22928
23842	154	3150
22561	4	21473
9531	90	2973
7246	122	396
4070	115	6533
2445	14	25211
9013	108	8807
5142	4	22762
21301	65	21092
1379	125	25219
1101	38	3718
6328	42	4496
23893	7	3282
5838	61	2878
1261	206	6647
23864	115	293
4238	134	24770
2867	130	9557
5404	18	403
1624	212	4564
8697	42	24449
25251	18	6121
1632	165	7301
4478	56	23793
650	154	21791
2982	96	10212
8382	130	1834
25230	131	23364
8138	7	23940
4242	18	21904
22666	216	24485
4019	61	1351
1250	212	9045
4743	40	22705
1740	130	1424
24470	2	5517
3622	18	9523
24390	154	23325
9990	206	24789
4268	42	2416
7207	2	7026
24260	18	8079
21765	61	7554
7338	216	3718
21291	154	8630
23762	42	5829
22374	206	10291
5562	2	24264
7250	4	9841
22189	13	9463
1915	116	5300
4332	18	3815
8044	61	4280
25372	61	23837
9451	40	6814
24285	90	6110
22709	216	1899
2642	212	1108
6328	42	3618
10058	116	25025
4624	7	6977
22373	154	9751
6169	42	2768
23225	42	23392
23129	18	22902
7496	33	24786
23067	125	7288
5315	130	8049
3466	40	25373
23041	18	880
24107	131	24757
21603	18	5816
2309	18	3408
95	42	2863
794	89	10135
3552	42	23891
25464	61	1614
21741	42	7000
24519	216	1899
23674	90	25087
23426	125	9801
3290	42	24640
1625	96	3480
6931	33	7469
7940	18	5217
3025	7	6567
9620	12	10291
5303	18	22646
9350	2	337
9694	18	9729
4700	2	6847
21991	116	3182
21405	125	2512
7412	89	25109
22073	40	23018
22681	42	22727
25239	18	23494
25455	130	5349
260	61	21255
6158	90	2297
1147	116	5300
3878	42	21239
5084	61	9676
24928	216	22951
2372	42	8983
4892	7	5693
1558	18	7940
7351	2	24784
8509	2	5339
4368	40	7593
3987	116	25025
6970	90	8958
22539	102	10294
5084	212	1108
2946	125	7288
23940	2	24975
7938	42	4537
6232	90	24228
23183	130	538
4679	154	23140
286	103	1075
2991	18	22709
7880	130	9154
7039	42	5495
4113	216	1899
24830	195	9801
9570	212	25038
24515	125	22032
6000	18	6250
5764	195	24469
136	18	3219
7742	18	2675
3973	2	4942
22495	18	8655
5331	42	149
7667	42	23459
25260	61	4466
3624	98	23723
3126	96	21984
25477	42	23458
23766	66	7743
5101	42	8983
22533	42	5923
8215	72	2659
1349	42	1052
24036	108	68
9144	42	22612
6281	42	192
21194	61	9651
24570	42	25142
8349	212	2304
7083	125	8851
4163	206	5926
9060	182	8078
22857	42	3122
4676	66	7020
3361	108	6282
5188	33	5351
25281	7	5987
23728	41	6663
2245	195	6540
3290	42	21757
9317	12	23909
4222	130	21556
7411	9	6995
6495	99	1856
23578	195	6480
5799	108	538
9629	154	68
4368	42	3108
6580	42	6353
5921	88	24511
25089	46	21291
5756	2	4934
3084	125	8851
529	108	25211
330	63	6867
10350	42	22819
7417	41	5955
22079	154	25211
23589	42	7567
7828	13	8998
8088	42	1877
231	116	5300
2144	90	21283
23401	2	7455
7206	116	2605
25091	96	828
3122	14	8807
2101	212	8851
4458	100	25474
6238	15	22785
5497	195	1570
9315	2	9522
24024	42	939
2917	206	3648
115	206	22762
2205	18	4486
23831	40	9968
1823	63	22645
9559	4	5551
24515	4	22382
986	130	24043
6346	130	4421
1872	90	7045
5173	125	22485
1529	2	9193
5822	42	1911
24198	90	5274
792	130	21790
16	212	1754
21581	42	25316
9767	154	68
8647	18	22363
7962	7	4319
2757	40	3266
5610	199	6244
1230	216	1899
7814	195	1000
24497	125	8851
535	33	22032
1415	216	23793
8493	206	2102
1560	16	24163
10229	116	1654
3757	42	24395
3387	98	24347
9123	13	22735
644	98	1641
6086	216	10208
3927	98	8037
5826	24	8494
6499	204	721
21146	18	4952
1927	61	23311
22899	42	10005
8133	2	6001
6712	4	3247
7047	125	21870
21901	42	8718
7808	18	24893
6822	4	22588
9089	4	7067
8888	42	4689
22107	89	9027
6082	216	21973
3007	61	22627
8568	46	6397
21914	108	68
22216	46	2554
24042	165	21128
23082	154	24531
2794	130	8807
3595	61	21242
3471	13	7006
22128	18	4335
3792	97	2358
7467	130	8807
22970	2	22104
513	2	22409
24373	42	9435
72	7	394
8089	42	23512
8457	2	24563
22446	90	1552
5482	4	7455
2877	90	7240
21928	42	22211
24761	61	9265
3433	18	4876
2417	61	9014
22265	90	4932
21325	4	2024
5680	37	5776
5735	154	6255
2573	216	10208
2309	18	4554
23003	33	10034
1803	125	7073
9824	7	1280
554	154	10269
4377	61	5659
10423	42	4755
9092	2	2111
25166	46	22859
22200	204	3370
8420	18	3262
3789	90	24720
21795	130	23734
6166	18	9285
8226	130	22017
24367	18	25026
2149	42	1766
3705	130	9154
9236	4	3247
8772	33	3670
3999	61	7034
3046	130	725
4155	42	4958
10423	42	21491
940	42	1540
7318	125	3625
23717	41	68
2172	125	8490
2039	42	22337
21177	130	7767
24784	98	8912
6769	40	9714
2940	130	24629
5406	66	837
23846	4	9759
5862	7	5457
929	154	8807
24933	14	25211
5575	7	7993
22676	61	812
9093	130	22785
183	18	23507
8357	139	7853
21841	149	9971
22921	90	7357
6648	89	2972
6866	42	8227
6025	216	22639
5191	110	5532
24081	12	23686
22922	18	23389
22230	7	854
5217	18	23663
3567	42	4791
24548	195	5926
22525	18	1963
2531	40	21005
24727	154	23503
6632	42	23348
8896	4	557
5393	195	24293
6731	42	7749
24261	42	25410
3400	151	5292
7897	42	7862
2581	4	21920
3333	42	4254
3314	206	8940
5268	165	8865
9478	130	339
3767	42	5167
4711	33	962
1751	42	4894
2459	191	4345
3398	2	3476
4320	2	7107
22823	2	24083
8071	116	5300
611	42	9318
21166	126	4475
9603	42	2726
25286	216	3150
23507	216	1899
4023	61	4700
25322	61	6835
6083	42	22154
8688	192	22951
24486	72	2142
24401	2	22414
21080	42	22478
7231	90	8679
23516	61	2413
3618	100	24135
2051	7	2966
119	4	21528
23925	46	1757
7099	122	5586
9906	130	23734
4723	216	1899
1040	130	2471
1970	7	23969
10344	216	22951
9534	4	9108
4979	72	10302
21706	140	6127
22053	13	9463
8589	33	22434
200	116	6688
5785	72	22744
3643	96	22819
7551	177	8663
2352	42	24287
24784	206	3670
7848	90	7077
8204	18	23062
731	90	7989
331	167	6660
8039	18	7709
2830	42	3198
23308	18	10262
24926	103	10390
6501	61	8211
21476	177	9566
3015	61	22880
1301	55	8788
272	13	9463
4262	42	280
9906	130	721
4639	102	2434
1030	130	7337
5027	18	21039
24922	130	7178
5326	4	24599
9114	42	817
10153	147	10298
1461	42	22745
2602	2	24548
6965	125	21440
24253	33	9759
5766	4	6381
4768	130	24513
10130	90	6720
21642	2	21237
5411	130	106
4768	154	4917
10278	61	8968
9604	130	23159
421	18	3312
4014	212	5055
24037	61	24170
6387	195	4360
6993	4	9100
22071	90	4642
21571	42	9642
2852	14	23734
25369	41	7767
4104	90	23074
3713	18	4379
1984	61	8445
5931	2	644
21738	42	3258
22199	33	21627
4371	46	8754
3143	7	6315
7239	42	21489
6002	195	5505
5309	154	7767
5653	195	22020
22505	131	1264
3885	195	6768
7454	33	6201
24059	116	7408
3283	4	22314
7605	2	23654
2071	4	5551
908	108	68
22984	130	5947
38	61	22693
8373	130	1075
21581	42	8400
21033	130	21210
7856	42	21101
21539	40	9714
1271	18	22338
21175	40	4047
10275	130	8807
23095	61	23105
1340	42	7056
21204	154	68
21879	125	8490
5493	13	1152
10008	216	1899
2057	130	21790
7895	42	9077
5486	206	1221
2834	140	947
6494	90	9878
1892	2	22414
8643	154	24043
24420	10	10198
24793	33	309
21291	130	5349
2974	108	8956
6849	18	4476
21400	131	8732
22278	2	3881
6417	2	6171
5140	96	2536
8899	130	2850
4829	90	8172
22856	14	21109
7742	18	24467
2472	130	8032
21289	140	24846
6943	90	3305
10391	130	25
3477	130	23980
6146	195	8232
10283	42	21448
2169	216	22639
119	33	22460
8858	206	1000
24899	12	5196
22803	130	4064
3752	2	4163
9444	18	2248
24392	90	4189
4493	108	5383
21568	212	2304
2688	18	1218
21116	42	1025
5684	7	7404
4838	90	92
21313	42	1082
2550	212	6768
24834	18	8991
24474	18	24065
21854	96	25101
23057	42	25294
9392	90	4066
22933	18	24120
24630	125	1000
3171	116	5300
4586	18	9817
5163	2	8761
24010	98	8807
7032	125	23135
4828	42	6179
23763	42	7245
5526	18	21559
23102	4	2936
24462	191	7272
9365	2	5926
4407	42	7162
9984	41	25211
333	12	22104
2449	175	23566
2585	2	24652
9376	131	22153
9926	18	8764
23384	4	23714
7283	125	582
1005	18	22070
2460	13	9463
3333	42	7203
1030	154	23980
22733	130	22785
3477	148	3637
4752	216	1899
1908	90	6878
21889	61	1594
7414	216	1560
8106	2	21779
6827	42	194
1679	18	21047
2338	108	5383
6940	12	22923
3906	140	24846
8098	212	25431
21307	2	8139
21646	195	520
4701	4	3103
6216	89	8272
3289	18	3092
4070	66	7596
4876	18	23259
10090	61	22990
8833	154	7337
21080	42	25179
1058	96	1518
22911	177	24621
23388	33	22994
508	154	721
8727	42	22112
6730	42	1702
9038	102	4404
614	42	7481
8817	192	23140
2319	130	9557
24384	18	6427
21723	216	4842
21036	103	21138
6018	125	1000
10156	125	5055
25403	7	6969
5991	216	1899
603	125	23068
9893	154	7337
24023	139	10418
24355	33	9801
10070	90	24611
21013	88	8262
8109	18	22956
7684	42	23273
4872	18	9205
9256	18	21430
8442	42	692
2889	40	1097
4370	154	68
7309	108	6255
2107	2	2624
2641	131	6371
24627	18	6577
3836	42	1840
3154	7	8648
101	195	7921
3808	4	6008
8697	177	22596
7038	42	2860
10444	61	5022
33	7	7792
23758	116	7163
6638	4	4194
7017	18	25271
2410	125	9759
2148	10	8985
8893	42	4755
25132	108	23734
1122	2	8312
1606	147	21384
3253	61	7878
7257	42	25172
21893	33	5926
5374	195	22845
24591	42	2578
2419	2	2024
3487	90	6114
3671	108	23734
3904	216	22644
2288	140	24846
10497	7	373
6166	18	723
10365	40	8612
24389	42	21757
25168	7	1742
8160	212	5393
23035	2	5926
4702	41	68
9730	90	7413
2862	18	22275
22055	42	1395
6521	42	23022
2607	191	4345
9297	18	23548
3231	212	22032
7783	2	5944
4086	102	2970
6061	90	5376
21636	116	6688
24163	81	709
21901	40	24159
21186	42	24174
21203	42	65
5066	212	6068
3097	42	25473
3482	90	712
22993	18	621
1837	4	6974
5650	216	1899
2287	212	22020
9057	42	8601
23965	89	10135
9816	99	1856
22372	61	22996
21695	42	5750
3120	206	21627
8	90	9081
9584	42	6990
6225	18	8433
5965	130	23980
814	74	2453
7477	130	8807
7282	152	336
23875	4	3073
4002	96	9619
2286	108	25211
22449	56	24196
23765	42	25289
4501	165	867
22751	42	24113
1729	130	4917
7927	130	1831
1172	90	10009
9337	18	24014
1441	130	1560
2750	61	23950
2808	130	7847
24002	130	5383
341	2	9259
21333	46	8226
22152	96	9892
25391	42	23251
6582	4	962
106	140	24846
8050	10	21079
1318	42	9162
5573	4	9804
1660	42	23279
1481	18	8334
8493	139	5926
5711	130	6753
199	7	3831
23475	90	29
352	212	10034
3052	18	21956
8365	7	5440
5396	130	24531
5599	4	750
3734	46	2048
9404	40	2442
6357	42	5916
22395	216	24629
7428	216	1899
8939	4	3535
21075	215	1964
2699	72	4121
23579	4	8312
22522	40	22512
5660	4	2015
1499	195	23470
4535	195	24975
22217	56	3423
10327	212	10044
8904	40	10381
22454	96	9818
9479	18	22366
4199	2	24784
22052	18	25012
7537	212	1754
8704	120	9539
9960	2	860
6840	11	4910
5965	154	4881
3956	18	5745
6687	131	8624
6753	140	4045
23144	96	22133
4058	12	22716
22259	4	10040
1277	140	6313
613	40	8045
4091	42	8668
7397	18	5778
22668	4	1078
7953	21	4421
2247	177	8932
477	212	5377
2534	89	22379
139	42	93
8553	18	21761
9304	40	1097
7739	2	860
5698	70	21081
10053	116	5300
5902	90	482
9626	206	1720
119	7	7693
25110	36	1560
6446	206	7133
23992	212	23047
1680	42	4307
5042	42	5469
9312	130	23734
21720	2	24145
6794	42	2239
23732	154	10030
2697	43	4504
8128	61	2753
21092	206	4001
3464	199	3922
803	90	2599
5763	195	9123
22508	90	21060
3108	102	22350
21816	212	8357
9647	212	3623
2665	216	1899
3557	154	5157
6117	125	9742
7254	180	973
2745	148	21470
24010	98	24531
2955	61	3530
5510	4	4024
327	18	8526
8265	90	6810
22300	7	8634
8350	90	8994
10137	4	6194
22353	18	723
23581	154	23430
23808	2	8851
7875	7	6810
7480	18	4952
2511	90	6623
6765	130	21791
23006	130	5383
24991	18	4220
5330	42	10212
9504	42	1460
8968	7	5313
23741	66	24639
9200	130	5383
22207	7	116
3934	40	22648
24737	42	1850
1140	7	595
6532	195	21899
521	212	4535
25197	130	8912
5129	131	9182
10206	42	1577
5949	18	8341
7161	2	2291
23946	18	1914
3864	66	925
4848	108	3492
22567	89	23906
752	2	24548
25467	154	68
4934	206	7107
9655	125	24446
24201	42	5031
9693	212	5377
3525	108	25211
24086	40	1582
8067	40	6218
7838	7	24892
21702	216	7337
4043	42	25074
22401	216	1899
3272	130	9112
2185	84	6753
6167	108	266
10383	33	7133
6641	4	4174
3036	154	24485
269	2	24264
732	2	24275
4605	18	10436
4360	195	6387
21007	33	6581
22205	7	24089
22178	40	24685
6750	42	3318
24583	125	6847
4877	96	2432
23139	70	6208
3817	201	7497
24900	216	721
24394	216	1899
84	212	4277
24531	16	24717
4887	40	1456
9990	206	7316
22956	18	1603
3567	215	9193
10065	206	5241
1522	18	4436
25376	42	9518
732	61	5877
502	4	2024
3618	131	21019
24894	89	24351
4924	61	25105
1988	4	1737
24936	125	9965
21072	42	7934
9541	42	8565
7316	206	9259
7349	11	25
1789	98	10030
9778	90	5384
24599	206	9804
8766	61	3402
6968	116	25025
21039	18	1661
25354	7	3323
3155	72	1209
3065	90	23257
6225	216	1899
5330	42	9276
4163	195	22032
2210	42	24314
22591	157	8788
4773	42	21931
5557	42	5504
22647	42	3152
25485	46	3349
6068	13	22735
23467	42	25081
407	90	9104
24999	154	22017
21726	130	8037
23400	42	9194
6358	40	6704
23689	61	24140
22907	42	3130
2650	100	23695
8853	102	9376
21686	90	2390
9338	42	21022
5430	89	3369
1386	116	24853
24913	154	5113
3712	125	1108
4456	7	5714
992	108	68
21892	42	8845
4881	203	1513
746	125	24790
2128	18	6739
25281	90	3888
7618	149	2773
3918	18	1244
22004	88	10165
5514	4	6843
4838	2	337
8983	96	22415
23063	212	21623
6170	42	6725
3577	2	23714
827	42	572
3573	101	1546
24140	33	8490
7190	2	8312
21952	42	8175
10226	13	9463
550	42	24254
24248	2	860
4934	206	6379
9704	130	68
4631	18	23361
9180	2	4166
23646	2	4163
23483	195	21536
25369	130	7337
7598	4	6930
9338	42	3162
25034	125	9965
5564	42	22536
4555	98	9581
6881	4	6352
9869	2	23151
2244	125	8357
4001	195	24469
9542	175	1700
4196	42	5786
25285	18	561
1236	116	6688
22680	18	23648
8764	216	1899
7346	195	9438
2234	18	9707
22112	130	7263
5224	18	9523
6856	42	3442
24613	2	1510
10065	195	5241
10429	2	8851
9652	90	4356
6145	130	4881
1367	2	4163
203	90	2963
3994	31	6316
2402	40	1954
23302	212	24975
5111	130	3803
25445	61	8128
931	70	10202
5712	13	22020
10294	102	21337
7786	18	2074
8756	199	25167
3663	125	9804
4539	33	2512
1200	88	1298
3113	63	3113
23865	61	700
10484	33	10044
3761	18	6314
21706	140	25374
23080	18	9472
21665	61	587
4163	195	2047
7965	18	8734
1529	42	23773
6783	42	3960
539	12	3623
2333	130	23356
10362	201	25331
4105	4	9714
21499	40	1996
23059	130	25211
24665	61	9616
8198	215	4374
2201	4	416
7092	147	3477
25067	42	8794
570	61	7267
511	90	21227
10421	116	5300
25218	140	6127
8836	90	6905
5120	61	24927
4751	216	1899
1786	130	22630
7816	90	10315
1300	42	22154
9942	154	22951
5263	18	7722
6065	13	3001
8891	4	21846
128	130	7394
6641	46	21286
6839	2	9801
4959	18	23490
22290	108	8807
7559	180	22272
23150	116	2605
4795	61	4032
4347	2	25362
21270	40	25450
10336	2	22228
25155	13	582
24625	108	22905
6227	40	1059
9495	130	2046
434	13	9463
25271	18	3546
566	18	9257
4839	108	21791
22628	40	10176
21683	125	24133
219	90	22913
21405	7	23472
2402	42	21795
23647	81	8037
9542	175	617
3114	154	8630
9520	42	2232
25441	96	8139
1777	125	22460
24520	121	4728
3413	116	25025
22134	40	4236
57	18	3262
9327	33	10003
7810	42	5443
3525	90	3482
23483	206	9407
7312	148	25013
10133	216	721
62	130	22549
23204	204	24629
24228	90	8523
6788	61	24806
5687	13	9463
8816	216	1899
1244	18	21957
10119	18	7650
7383	2	4024
5202	154	8630
21929	130	25211
25113	90	23828
22671	96	6406
25150	40	22960
8474	147	21508
9039	130	1411
486	42	4309
8601	130	68
2230	108	23734
23929	130	21329
23541	7	9292
6032	117	22951
23143	90	1206
25227	2	5926
6775	61	23729
10437	42	25401
5864	4	21528
21073	42	1616
5070	192	25211
7078	195	24469
24403	4	24749
1997	2	21623
8865	96	22651
9776	7	10361
22289	100	24287
24942	42	3187
23100	18	7506
3329	42	4671
480	125	21330
7636	42	2623
5077	131	9312
23164	42	22337
9916	125	7073
25217	102	3865
3380	18	23108
2368	42	25179
8793	18	6467
547	7	23170
9404	42	23910
7275	125	2212
25104	18	4615
3056	213	24686
1764	41	6663
23056	177	207
24525	149	21848
5374	130	9581
22501	4	2936
25440	42	8602
22877	154	23998
400	18	5633
24758	2	22604
2747	145	9169
24241	33	5062
10481	130	21575
7650	18	21494
22574	18	22680
8261	2	5517
4133	2	21406
3513	61	2553
3824	42	22051
3560	191	9038
6373	4	508
1	4	23096
25266	11	4349
21872	18	5209
4536	12	2809
3380	216	1899
5692	18	4048
6240	125	6352
3096	216	1899
4702	41	3244
21518	40	3031
24783	90	4622
24658	41	3244
7227	42	2232
22754	96	7869
130	18	9691
3377	2	9259
2533	2	1973
21177	130	25
25389	125	6352
22774	90	8599
3944	42	23933
218	18	2813
5731	2	22414
6936	18	672
2533	4	1973
23716	61	23959
9619	130	2786
1441	130	4881
4166	195	25363
2469	212	520
2776	41	7847
23799	212	2568
331	18	2116
9224	42	1401
4673	165	1447
1038	42	4958
21966	11	9601
4502	18	10438
8959	36	21791
1345	108	6255
2729	130	1405
7453	4	9742
10067	90	8265
22708	7	23472
23148	2	3309
1593	101	5294
6630	4	25397
22574	18	2921
1187	90	5718
23291	130	10364
21167	42	21239
6985	7	21709
1862	140	4045
2764	33	8490
5580	46	8754
5554	54	5132
2979	42	5524
9774	42	7561
6052	89	5176
3194	154	6663
3853	18	24380
22580	216	1899
8362	42	5031
24962	212	3544
391	108	25211
10394	33	9965
4502	18	7710
5115	33	9801
6929	4	5241
4584	42	7432
21047	216	1899
9943	154	21790
1492	4	2024
3918	18	21115
1614	90	25464
10304	177	2558
8589	4	7079
25146	108	5383
1128	108	5383
4864	2	10044
24707	90	774
5070	116	1964
7440	61	10233
6405	4	4630
5387	42	24751
4015	154	10030
6720	61	10130
24482	33	24786
8594	33	22020
4336	18	22401
8918	154	3685
1677	204	21791
24486	130	1667
22238	24	6949
9605	116	8100
1661	18	1244
5438	130	5383
24612	42	2140
24966	131	1263
9470	116	5300
21014	14	23734
3023	98	5383
21409	177	24571
346	125	2421
4183	2	22358
1034	216	721
23745	142	22630
2684	42	9501
9573	42	4902
5000	2	10025
9668	42	23695
4058	116	7408
22782	199	6704
2126	116	7408
4089	130	23978
6264	130	22785
7853	13	22735
2747	154	2850
1073	216	1899
5239	42	8370
5027	216	1899
4464	18	24834
23584	2	22174
5330	42	25443
21009	116	6688
8982	72	2572
21181	4	9298
23618	116	6688
10480	40	6139
8602	130	68
9708	42	22306
1005	18	2069
3387	130	24347
8239	130	8807
25023	18	24014
825	201	10410
24802	216	21791
4631	18	25071
24845	42	4734
5954	42	5635
701	108	68
9482	14	2470
4702	154	5383
3927	98	21790
4713	18	6407
3786	4	7639
10468	154	1214
3584	154	3718
6830	42	3551
5631	4	9742
23951	4	24375
6739	18	23615
22621	42	8296
24849	125	10292
5412	41	9319
23294	125	2917
3264	152	2304
22338	18	1271
8184	206	22414
21579	42	6950
8099	33	23391
10220	18	24058
10272	33	8851
2903	154	25211
3176	216	10269
8241	61	24040
21587	199	24955
7650	18	7150
5343	13	3001
9361	18	6143
22060	18	9113
9753	42	7606
7265	42	324
2150	42	22327
968	42	324
2885	46	6397
1760	42	25315
3610	212	4259
9469	40	5477
22697	42	5916
8853	130	3803
1628	212	8344
6901	18	5
24875	165	21128
10085	7	21155
8231	18	7645
6248	61	1860
10109	40	6665
1453	42	21250
6305	2	3432
9846	4	2304
9849	18	8146
9784	18	1808
25295	61	9983
23068	139	21864
2072	61	6366
4167	212	5377
23358	18	2655
9911	216	721
241	61	3503
5852	42	6841
23524	13	22735
6483	89	9975
5928	108	23332
6534	42	24214
10411	140	947
8728	116	25025
5492	116	8100
7910	130	627
7488	42	3744
24453	125	21744
5510	2	2484
24122	116	6688
25431	65	101
10431	116	7408
2172	33	8490
6530	4	4915
4570	216	22951
23770	116	5300
9233	4	5450
5415	33	6352
22045	154	3091
4276	130	23430
24283	61	23999
23128	42	23626
22347	4	62
8897	33	3023
25369	154	9367
21941	212	21846
2148	130	6857
2804	125	6526
4021	130	24629
3889	4	22414
7938	88	7043
1930	90	9667
21860	18	8837
2284	33	8490
5380	116	24853
3703	7	5799
3302	4	5604
3678	33	22176
2754	42	25306
22143	154	6944
990	18	22695
4726	116	23185
24868	33	2304
23482	130	22639
2855	18	9752
9081	90	24413
23223	2	829
22013	102	6264
23474	7	23701
8618	216	1899
9262	4	9742
3373	90	7760
5150	42	3038
24658	154	4945
8430	116	25025
1493	2	2512
1658	33	22613
6146	206	2782
23427	90	23884
24627	18	1924
3877	130	7441
6964	131	5965
8073	42	1305
4665	157	4160
6055	42	21976
9754	40	21473
2664	40	7312
21017	195	6532
25097	154	4917
8083	116	7408
21894	33	9742
7895	140	947
3216	40	25013
7712	108	6255
21880	40	4271
6369	42	9615
25337	2	7814
1483	148	743
6786	130	6663
24194	7	23078
23297	89	7751
6464	42	6624
9370	12	2111
6823	4	5127
6272	42	6803
1833	61	3783
5246	65	22762
8660	42	25352
3314	195	5926
22280	33	5926
5718	90	1610
23577	90	6933
22242	61	191
9497	42	4453
2058	99	1856
25001	116	8100
22750	13	3001
4882	18	6151
954	42	25385
8430	12	2809
22178	42	10496
24945	90	8409
6180	42	24913
7756	154	23375
9488	96	9636
3833	154	2470
9720	216	1899
3573	131	22606
24145	130	5947
21436	42	3910
22243	90	6479
21183	2	5504
9368	88	9721
3605	42	5109
3812	125	3625
24687	2	22766
23127	61	834
10400	12	4341
24867	40	6685
9767	130	5383
22524	90	10101
1938	40	22548
5585	131	23814
655	4	24951
4982	40	22375
1353	42	9364
7546	61	5444
9864	18	1070
4552	115	3458
2665	18	22945
3721	195	22988
22132	42	5963
25142	216	10269
2389	90	4088
8639	46	6397
24117	40	4116
7857	90	2423
7601	29	196
21599	40	1337
7642	18	907
23677	18	8153
24583	33	6847
3224	42	24541
24704	148	536
24223	42	5165
4177	154	23980
24027	130	23868
22201	61	7674
1233	40	23643
4825	90	5118
74	99	3850
8944	42	8046
6797	177	24621
3824	42	2373
22492	204	721
10289	42	4324
5748	33	21744
5112	42	21497
1188	212	4213
23806	216	1899
4429	216	3456
37	108	8807
25404	181	23734
24632	61	6884
7436	18	24388
8199	201	7434
3444	18	21430
10002	2	23714
9659	2	2024
6040	2	3048
2582	40	9082
5907	42	5235
8934	212	25219
4128	7	5313
25498	2	1246
21066	61	482
1674	154	3803
24032	212	9530
1351	2	24975
6043	42	2481
24044	40	4147
23087	18	8584
21113	88	2916
444	212	2181
2203	131	3454
23209	125	22485
1166	130	22905
8362	42	15
6769	42	2437
10361	2	8851
9172	60	24725
1066	212	10044
7364	61	21938
9715	18	8401
7921	98	7263
21194	7	420
21583	103	9391
4722	33	24133
21251	18	2715
21402	102	668
8122	61	24679
24583	2	6847
1655	42	2622
21285	2	6722
10057	40	24622
4212	42	24858
9434	61	23887
6903	66	4552
22167	18	6042
21940	2	3120
7305	154	24531
6869	42	6318
7659	130	24926
9106	90	4178
10268	42	23387
5892	18	4952
3494	18	21397
21520	40	24159
24345	2	3810
7772	130	22905
25270	13	9463
2149	42	22856
5686	125	22994
7809	33	7288
6209	18	447
24558	116	7408
791	130	68
1228	4	9447
5264	18	21121
6916	108	21791
1526	42	23805
1710	130	2848
5856	2	10044
10378	125	8851
22206	40	6001
21250	130	22466
9979	61	7793
23085	2	21406
2190	18	7109
7061	130	6101
6181	212	7288
7275	4	5241
7344	2	21474
343	7	7285
22958	178	23371
4636	42	23685
1378	192	2491
4977	2	22569
21461	154	21791
5539	130	2441
8087	116	25025
25159	18	4970
25168	125	1636
4465	18	23199
7186	4	21864
24422	33	8851
6182	216	1899
1208	108	25211
8028	90	24252
7496	7	8338
5180	2	8761
3243	42	25316
1363	108	721
25253	42	23279
8489	88	6244
22053	33	3717
23048	18	22831
2421	65	22414
9534	42	7749
7868	18	4225
23651	18	24627
10236	42	21947
1625	41	5955
9245	125	582
7045	125	22176
4272	148	21508
5741	212	4166
9234	33	23539
1710	195	1000
24667	130	22630
24885	42	6039
25027	18	3092
7388	42	3779
6228	18	7150
5398	33	5339
10001	42	1601
10480	42	22378
4968	40	10382
25437	18	4411
4880	212	6847
5366	12	21725
24328	130	4022
1630	2	8458
3476	195	8232
22259	4	24275
8406	90	6006
4329	212	24172
7871	100	23602
4373	108	6255
1852	61	7962
4314	4	5703
1632	165	21399
24104	42	4307
24720	61	3789
21991	42	10245
23597	18	4911
6165	131	9231
25438	18	2862
2107	116	25025
4763	42	6531
296	42	1836
7937	90	4227
8789	89	24351
22990	90	10090
23779	42	6803
276	216	5738
2787	195	22176
2620	108	23092
7830	18	1575
9917	203	9700
21718	33	10034
8918	216	5349
23620	130	8807
3829	96	4194
10039	195	5127
1808	216	1899
8901	33	6446
22496	96	7621
1574	42	2025
7660	42	8069
2039	40	25373
8315	148	4111
22517	130	24629
21328	12	5706
23374	61	23895
22459	130	5383
2199	90	6485
7428	18	7057
1535	99	8454
3791	33	23791
25453	96	6706
8486	96	10490
8457	12	23909
1254	154	10208
9652	61	2642
23040	154	2786
27	13	9463
8994	33	21623
1469	42	21147
6900	90	8254
1760	116	7408
7202	148	23522
6453	2	9626
3008	4	9841
9927	216	10269
4716	42	7481
2882	42	4619
5856	33	10044
23513	151	1479
23184	18	70
21230	7	10339
1397	42	22355
7422	61	969
3550	33	9100
9988	148	9803
23820	7	5038
1545	18	2104
5884	12	3616
22195	192	22017
8666	96	9800
3302	90	5173
25479	7	9960
22748	42	23348
966	61	4198
8636	18	10436
22150	18	10043
24022	42	1845
8101	7	24535
8757	212	7924
8958	7	21263
8729	42	5504
23638	2	592
4811	154	945
23659	2	6768
21287	2	21471
2692	216	1899
7789	7	8563
23926	42	21929
4719	2	21734
6682	18	9465
5592	206	5551
3975	2	23393
4718	42	4324
5701	61	9555
9579	7	6378
21886	2	5551
23203	108	21583
24004	130	23980
23955	130	7385
6644	61	6823
23221	154	2470
6615	98	4027
4375	2	9407
23315	42	3187
7824	154	8630
3214	42	851
4058	42	8407
24916	2	24784
1109	90	24934
4690	116	5300
22132	116	25025
9141	81	10117
9480	165	2058
2460	2	1000
23073	61	21381
21437	42	23169
24566	33	22414
187	4	1000
779	4	21842
22086	42	742
9606	154	2311
22495	18	22535
9452	61	24249
7117	42	8234
22449	56	25311
8150	100	23417
3005	40	5271
6567	90	1554
9324	130	25211
5492	42	25394
24403	42	8906
4747	154	7263
7562	108	5383
7832	108	23734
23542	216	1899
24525	42	7319
25428	7	4981
1654	173	4026
6085	40	1456
3599	40	9967
23467	215	1964
391	108	68
24225	40	9971
8981	130	24629
5604	195	22485
9948	175	25118
252	130	22025
7341	4	7927
5580	42	22707
7147	151	8127
9340	18	2260
23765	42	2447
22765	4	2024
91	42	3555
8880	2	6722
270	108	8807
1138	42	5630
21544	111	3814
10440	4	8410
1762	12	23909
859	42	6381
2651	116	25025
9436	40	3266
10377	130	23507
24035	33	7073
10236	42	2536
1015	130	23356
22400	2	7456
24857	130	23734
21643	2	2787
21331	125	23391
24739	5	6122
8575	18	2189
3177	61	23969
25244	2	24548
22377	96	1044
22900	90	1207
1849	125	8148
6102	33	2304
22972	42	5923
218	216	1899
1790	212	9925
21753	116	25025
6343	18	6888
25446	131	383
22003	130	22905
25286	42	23022
9993	90	6774
6030	2	3795
6582	33	8851
1027	61	21930
8202	154	24400
8544	195	24175
8554	4	23096
23811	125	7455
5275	7	7623
5847	195	9447
3887	154	2850
21639	151	7167
5043	89	5198
4493	152	2304
2510	18	3483
23002	98	25211
23604	96	21492
1022	18	10092
9489	216	22639
8003	33	21442
22331	61	1128
2648	42	7696
8646	4	25158
25261	42	22733
1554	2	10065
8900	125	5926
21174	42	9582
2996	108	23734
7483	42	6865
21635	216	10269
7465	42	25441
836	18	7709
2400	130	8924
5684	4	22762
23539	195	21846
649	147	22749
7238	130	24717
2330	40	5830
6923	130	22630
23559	130	8912
8633	154	21791
5114	61	24967
24186	2	2512
9823	130	7767
6877	212	6201
9395	131	3358
6632	177	7806
7200	90	372
24769	18	10043
9491	2	3247
1631	90	2893
26	13	1185
23560	116	7408
4715	131	4868
2152	61	5855
10369	2	5127
5483	18	25407
7307	42	2650
21768	2	24083
25170	116	5300
6914	130	22905
5965	131	21393
25125	4	22147
4200	7	24149
4397	7	1961
5984	154	23734
22104	195	9058
2570	125	1000
25187	102	24833
3647	108	68
6199	204	7767
22941	89	9385
3334	2	21330
9062	18	24943
21547	18	7599
1767	212	6647
7848	61	22711
3657	33	22335
975	42	5153
21338	2	1570
4490	42	8292
5880	7	4852
23421	111	7058
3457	18	4431
24774	90	5951
10486	7	1935
21578	18	5404
23896	116	25025
1529	46	9591
4819	18	7409
6360	154	3803
3658	18	1291
10200	2	4166
4801	154	68
6067	61	23118
23261	130	23332
24373	42	1645
6216	10	24508
24378	125	23
8270	154	10059
24488	40	21168
9068	2	6462
5886	14	6101
1729	41	928
24401	4	22414
8682	140	24846
24336	40	6069
24579	42	1785
24538	189	9412
21614	42	438
6271	47	6958
4879	2	9193
6968	2	201
2878	7	9616
9729	216	1899
9868	206	9447
4049	38	1667
4268	199	10359
8162	61	5933
22383	154	6255
7930	42	4920
22705	130	5421
23822	7	6567
1701	212	6847
22855	46	21114
4766	101	7996
5541	42	21428
5690	14	25211
24911	90	4929
6600	115	9560
1310	90	7554
8994	90	2516
3624	65	21846
10452	42	23013
22420	154	24400
5563	2	5159
8563	212	22335
177	7	6877
5054	154	2682
6163	4	24133
23853	61	9814
24126	154	24629
9438	195	58
22068	154	25211
22766	130	8037
22264	40	9478
5268	165	867
5743	65	2212
9696	2	3670
22474	61	9915
5434	154	8807
35	216	4816
22564	42	6391
8938	42	21414
7422	90	4864
25243	4	9259
7196	42	23447
4632	192	24554
2638	139	24365
5012	61	6793
620	42	23169
10273	90	4399
5278	130	23978
4327	212	24975
6952	96	5534
9908	216	1899
8859	2	5744
5401	130	4471
1257	90	23088
6861	18	23282
688	33	22460
4497	130	5383
9386	2	1176
7867	154	10181
2783	212	5236
5966	46	3349
9923	131	9692
4711	2	962
1600	130	3330
142	61	25278
293	130	25211
2749	42	5346
8767	154	22951
5806	177	8244
1367	7	7267
22879	90	7086
8593	2	22762
25451	33	25219
7782	61	3656
6889	116	25025
22815	2	7814
998	130	21687
7484	4	21321
5183	33	22231
4386	108	6663
7597	96	2673
8786	42	22763
8142	42	6235
23833	42	6803
24179	96	588
7381	42	6812
1743	18	23224
3339	116	7408
22590	42	24278
8198	192	25211
9138	42	8962
463	4	21680
1282	130	721
407	2	23393
23198	61	24019
5030	42	921
6070	196	9609
23368	131	9001
9115	131	4715
25208	130	24554
7111	130	21228
21678	42	8842
25487	212	22176
1403	147	4445
25194	195	2024
7148	116	7313
257	18	21016
22752	42	5513
5297	212	22988
24259	40	397
2300	18	7786
24346	61	22825
8793	18	10043
9236	7	496
7181	116	6752
7063	42	6179
25293	61	23832
2398	85	9480
8891	4	7814
6619	42	5092
23205	7	24710
7559	180	398
22499	42	23411
24112	18	2160
24218	130	4970
8878	7	8949
915	12	7979
4139	13	9463
525	42	7929
7121	182	24266
5688	18	1485
23053	212	9801
3567	42	2900
22200	8	2572
21235	130	4402
8014	108	68
5880	125	2917
9214	130	21887
6484	61	459
3267	2	4915
2952	212	9925
9393	2	21406
3403	199	42
6348	90	5644
22854	27	22644
21737	42	1516
3274	108	21973
23646	108	25211
21326	40	5196
8240	7	8529
24279	131	3440
23467	88	24922
24285	2	21063
9969	42	7015
5249	7	767
3734	4	23034
22568	33	3719
24499	212	24469
6995	99	21394
8639	42	1100
9131	2	24548
9788	195	3336
21215	130	8807
21545	4	23686
3545	40	1341
5275	4	24975
24978	212	3068
4961	98	68
8665	42	24287
6622	4	9804
22562	96	2619
24277	204	725
24880	18	7018
9313	212	6207
5807	130	8807
9773	18	6131
7659	96	5499
7503	131	23296
7932	4	2464
23072	125	1412
1971	12	7979
7293	33	9522
9138	215	4374
1295	151	3229
24767	41	2765
445	154	25211
7996	89	1490
24470	42	22370
22566	42	23830
23095	7	2227
21818	89	3369
22606	151	2057
22280	7	7093
10243	154	2997
5340	2	22304
1362	204	3370
938	42	791
22176	13	9463
21171	42	10275
9299	125	24023
24343	7	8832
21533	42	34
714	108	868
967	33	9801
23988	90	39
2735	90	22059
22176	98	868
9011	2	6480
21797	7	23775
23733	61	23950
4378	125	5926
1650	216	1899
22973	131	23604
2483	2	7853
6261	116	5300
5410	42	23299
21723	132	7087
21706	140	6313
23212	42	8843
2245	206	6540
4642	125	23570
3543	90	3673
9655	33	24446
5319	42	24098
568	99	1856
22193	191	25217
4668	18	24112
3448	18	1591
967	108	23734
9708	42	22324
22282	42	5021
8789	96	690
1246	206	8493
23083	125	2304
21883	154	2441
1443	154	4413
7086	212	21623
2668	111	3183
24517	18	21430
7699	18	3076
7071	4	6930
7027	195	7107
5803	7	8984
24479	149	4671
7397	18	3853
21522	66	2075
23453	131	23569
24651	125	9522
5493	61	21376
1196	33	1108
21164	96	7452
823	46	8226
5122	33	24975
2562	115	23117
24705	61	23702
7302	2	21807
3037	131	25456
8597	204	23430
518	125	22414
22020	130	8807
21763	206	21846
22981	89	4164
2735	13	8998
24199	61	6210
7236	216	10269
535	125	22032
24559	42	759
21917	4	337
5178	40	9841
674	18	4436
21097	42	10496
6047	216	24629
10309	42	3016
22226	40	4942
23216	4	24344
165	4	24784
21743	90	892
9813	42	5202
3069	2	21199
22878	151	8542
10155	42	23830
5273	2	23277
22506	42	5395
3283	61	25341
21545	42	5635
21670	90	8543
1804	2	392
4156	130	25211
21743	7	7278
22078	125	1867
3857	90	476
8451	7	5022
1573	154	23734
21585	18	7179
4118	90	7052
4812	72	6594
24596	115	22186
21370	2	21976
7495	96	2646
3873	46	8754
23236	65	7374
7781	42	3949
24768	42	4817
4645	125	23570
5033	56	4842
22060	18	548
25138	18	25304
5788	4	8319
8303	7	5790
21364	7	5658
2568	13	3001
2960	18	9773
115	195	6387
879	83	5119
24094	201	10381
10035	2	2024
6434	61	2377
7987	42	5779
2969	2	9512
22329	42	2792
2452	7	4981
366	7	5895
10338	42	5093
7018	216	1899
5138	33	6480
5813	165	25331
5791	14	25211
257	216	1899
8524	42	5202
2763	46	9591
23145	42	2296
21382	192	8807
5934	201	23965
2269	206	3186
9712	121	7337
23565	61	8797
7272	130	22962
5204	130	21715
9925	139	24238
23641	61	25428
21290	2	7331
3109	195	24023
9486	33	4360
1737	195	21528
3649	130	538
1820	2	5551
4582	61	7591
4054	42	9194
4487	130	721
2253	42	40
21320	18	1451
2674	177	9210
21880	42	10495
4219	42	5093
6480	154	68
1613	2	22604
9012	108	8807
23521	2	3251
21014	130	10181
1908	61	4932
1502	116	5300
3214	2	79
46	2	3251
22224	7	3468
9320	42	6595
9116	40	8936
4455	84	24528
7913	131	262
24775	216	1899
2968	42	1645
21450	42	25172
8660	42	4609
24270	38	22549
7817	42	21757
7206	42	4449
6908	2	21199
22437	2	24993
23554	41	25
1855	61	819
4447	90	6998
21235	130	5186
8595	216	21791
5907	42	7497
1709	32	3240
500	42	25269
7993	90	4839
2299	42	21906
24618	18	8980
1880	130	23332
3066	18	6151
23291	130	22905
8306	130	24400
24724	42	2118
2985	2	23891
1034	42	3458
9272	18	21585
22911	2	702
1320	108	6663
8984	90	5773
3521	42	6803
5663	21	7690
8334	18	5854
23885	4	21321
24364	216	3718
2566	42	2400
22841	145	22554
1720	195	337
7875	2	2378
23584	42	22707
9382	90	6575
7357	7	1066
22731	154	21210
22446	7	6969
9749	125	2421
1312	7	8504
10206	40	21199
23291	89	519
9920	14	2175
1077	33	582
535	4	22032
736	61	24744
694	116	5300
4370	154	25211
24211	216	1899
6256	18	3276
10259	46	24409
3986	18	8293
23397	130	24043
25060	33	6847
6683	116	6688
5233	130	10117
10142	116	25025
5326	61	6622
483	125	5919
3858	130	1075
4752	18	24317
4955	125	4360
8604	42	7025
21921	2	8761
22002	42	7467
4812	204	21791
21357	18	3706
8696	125	7073
6504	206	2181
23698	2	21623
1574	116	6786
2636	2	5944
6583	2	8410
3271	40	3970
2328	2	5551
6286	131	8730
2092	2	22228
22036	130	25211
22463	42	3677
4897	90	5820
22880	33	7288
2383	116	25025
4451	61	22386
1272	90	22509
25372	90	4612
4002	41	7337
24881	18	23358
7104	90	2755
25134	130	8807
4040	42	2002
4728	216	7337
23565	212	21646
150	46	7379
1908	90	8200
24983	42	9508
24111	4	8596
1115	42	22906
8161	151	24832
2689	42	4145
3304	212	25032
23636	195	1570
21756	124	1334
24490	2	23972
9484	96	10231
7110	212	9801
5736	90	9227
4843	7	5261
21126	42	1864
25405	61	6274
6898	90	25112
25358	125	7455
5066	13	22735
5673	42	2773
3363	18	6554
24532	90	22101
4929	61	24911
1651	103	24229
7327	116	6688
6973	89	9385
21757	66	8480
578	18	5060
9976	102	3409
2427	42	1082
5375	90	4233
3322	42	4507
7095	111	6322
4777	212	8143
9485	90	1879
4995	2	10039
22526	4	7288
1866	61	2279
3307	108	25211
22208	2	3048
9128	130	22293
23496	108	25211
24327	2	23114
2590	216	1899
5011	4	962
195	61	1473
22009	147	24464
23431	42	7561
6935	2	23261
4629	90	5200
6354	40	2442
25306	130	146
22929	140	24472
22445	90	8759
9588	147	21508
22254	61	21331
10092	18	7763
23088	2	8761
21999	89	10135
4116	14	21790
8252	216	24080
22241	18	21957
23660	216	1899
21898	18	5542
6891	41	7512
9151	42	8192
25498	2	9335
23490	18	5566
8308	130	23978
2109	42	43
7809	7	6181
25499	154	23793
22034	108	3492
3938	18	21696
23652	61	993
760	81	7287
23074	33	23782
4987	18	21251
4107	42	22671
1368	42	8843
1369	125	24446
5853	18	21685
4922	4	25013
6166	18	1617
1005	18	24049
7298	90	23553
5409	111	4917
8888	40	23914
23499	18	22110
5754	42	9162
6194	154	68
21899	195	6532
9045	130	3370
1479	131	21498
8172	90	23544
4781	206	1055
1550	18	21197
1080	212	8851
7422	2	10044
22351	7	1594
6459	18	8578
2292	38	6802
23953	154	25122
23113	125	23791
8801	2	24975
6462	130	4286
22873	89	7751
6784	154	25211
10287	42	22337
2269	195	3186
22708	90	8077
23427	33	6764
5242	130	23980
3383	89	3369
21916	90	21601
21338	212	1570
9586	42	996
24787	108	23734
9140	7	9684
6219	125	2915
23246	18	3408
3316	130	4881
22616	42	6329
9002	2	7107
21385	18	10260
9905	61	7435
10357	206	3717
9469	2	7238
3518	125	3670
4743	4	22705
25245	154	4013
7961	195	6157
4971	42	24971
1905	4	962
6956	42	1843
6139	154	2997
4483	42	128
7864	2	7969
21616	4	860
8791	99	1856
21254	42	3152
22338	18	10016
5602	4	24951
5358	96	6697
8108	4	1108
3633	18	21677
23788	40	7661
3812	61	4998
21452	98	68
4859	42	2296
23804	195	9407
22172	212	1592
22246	18	10461
7106	154	3034
25347	18	2528
331	18	9249
6347	42	5089
23440	216	3718
725	140	2241
5428	2	8940
2049	42	4307
2970	102	1788
7175	2	3835
25390	42	8843
808	7	3185
24787	90	4621
22214	85	5268
21629	7	6368
960	56	3370
6436	2	24446
3365	14	25211
21306	7	820
23471	131	3940
1804	7	987
10328	18	3071
5447	125	21440
1788	131	5317
24591	42	22894
6446	195	9965
10285	33	8851
8865	130	2786
633	130	3492
2576	2	3280
2560	125	10044
6312	4	1000
24832	72	24097
3478	116	5300
1031	18	2634
3094	42	24215
9927	106	23418
2177	12	10291
5472	42	3960
6687	130	1195
4583	18	257
22499	12	25194
23851	108	3215
186	108	23734
3185	2	24784
5363	61	24256
25124	42	492
1217	125	25219
4690	40	6843
235	2	22761
21712	33	2304
22358	130	8739
22309	154	6101
9293	4	2504
5226	108	23734
8941	2	4163
1205	204	3718
2742	2	21220
10221	7	4870
529	108	5383
5244	108	25211
22404	33	7073
25181	125	797
24701	42	742
8241	2	8544
23042	2	5926
24034	18	1271
24686	102	25265
3865	191	25217
24651	7	4452
2884	42	21726
4731	90	4973
7712	2	3120
25025	119	6688
24847	96	24966
203	33	2649
23299	130	21583
21788	7	4661
8801	90	4327
23587	161	4516
2313	4	24056
5654	147	2745
2085	7	1425
5757	89	1821
23399	61	22944
22282	177	8244
22195	192	721
1235	42	8251
1447	96	21310
23440	11	24745
5371	130	22992
21851	216	1899
5748	125	21744
2229	90	1993
6745	212	24789
22918	42	23876
8579	46	2194
913	90	25203
10111	4	7717
23484	130	9581
9137	2	9801
6698	4	9742
10205	130	21791
6048	25	721
8643	151	3585
6954	42	4315
918	2	23683
5329	7	23938
23909	154	23734
21825	125	3719
5985	125	8148
1503	61	8916
9043	18	4502
2115	42	1854
22412	33	6201
4705	195	22852
3567	42	23543
23227	130	21687
3164	195	1570
22357	18	9083
9666	7	9294
23877	33	582
7702	61	5357
502	7	3543
21175	42	1548
24808	2	2782
3638	154	68
7488	42	10228
7761	90	8138
3813	66	6408
22267	130	8807
9015	7	3112
2493	2	4163
4661	212	9742
2695	33	23782
2588	2	9742
21039	18	674
5618	154	25211
23121	18	22932
3009	2	22648
3930	199	7128
1468	125	6207
4924	90	7310
5776	55	7983
7829	154	25211
24109	148	8182
4919	33	9804
2014	33	6241
7669	2	6480
4567	42	8623
2630	212	22176
21586	41	4064
7653	108	2471
21432	42	1116
8916	33	10044
3946	18	1620
2854	90	3671
24631	40	24166
999	212	23650
9673	115	5366
6054	42	4660
25066	147	22443
21605	7	2984
1706	96	21346
10362	130	22630
8608	216	7646
6270	4	4506
25329	42	22546
6216	204	6101
5044	18	5588
3678	125	22176
3275	96	22661
7026	195	970
10107	90	21825
2691	96	4874
22852	206	1538
7222	154	25211
24454	90	2525
22052	18	7682
9582	130	21138
5133	130	5581
22252	2	25392
890	131	8332
21898	18	948
22633	195	9881
21385	18	24991
153	42	2020
7745	2	21474
6558	125	1108
4121	181	24629
6353	175	6468
6321	32	3519
3084	33	8851
10472	2	1571
1778	90	23986
23989	149	8842
24444	13	9463
4566	18	25409
24052	125	8851
9457	42	23459
25059	61	22468
7601	66	715
6157	206	23539
4108	4	23529
24820	42	6636
216	18	761
945	216	21791
7382	47	2987
1089	130	9581
454	2	22107
9767	154	25211
25069	42	23278
428	177	8366
2732	18	4574
22559	13	1185
21059	2	4163
23480	61	3768
25265	96	8588
2474	154	22785
24736	108	25211
6323	181	22639
9790	42	25072
5164	42	21149
3407	182	7460
22408	4	6690
21402	130	4917
22638	90	24431
7549	18	23789
21326	42	21576
22052	18	7248
5551	130	21790
9462	42	2266
21421	2	24784
23854	42	5153
22079	154	68
5257	90	22523
24059	40	10176
21799	66	6432
23654	96	972
21996	42	5092
6070	38	24485
2352	116	7408
21107	18	24442
6375	130	21210
5803	61	2946
10254	42	25352
1338	216	1899
6171	130	23092
9609	216	22549
6846	47	6469
21713	7	9019
21121	216	1899
8781	42	22706
23870	42	3823
9031	7	362
880	18	88
5415	4	6352
23326	61	1203
2541	96	7558
7670	2	453
2621	90	4896
1173	131	612
7585	42	5291
2337	216	721
21255	125	22762
1104	130	24554
6395	42	22337
5936	13	9463
3540	95	22691
2582	177	9082
4302	130	769
22708	108	3492
24707	2	22304
3106	18	6269
2022	130	21583
23235	9	9060
9609	84	24485
2507	89	25221
25033	65	24765
8117	89	9385
299	154	8197
532	46	8754
1229	108	23734
2102	98	7580
6546	61	22582
23884	125	6764
23154	4	21666
636	40	470
10259	4	6704
3671	7	10257
334	7	24931
22755	154	2765
2854	7	10257
1432	42	24033
24777	133	24922
823	40	4506
21229	7	9885
5883	18	3494
25195	215	8396
3841	134	643
7055	116	8100
5722	2	10065
8455	154	68
256	125	22460
5158	33	22485
6312	61	6539
24646	216	1899
24110	7	6782
7240	90	4579
24677	4	9742
3366	125	24790
8523	2	821
23993	42	21457
3929	154	22971
1113	116	3281
1322	18	1522
4966	32	306
9737	4	21204
23060	12	4341
7912	14	68
9799	2	8176
23007	18	21245
9544	42	9920
21829	40	255
4084	42	24395
4926	18	21519
21683	61	10300
23093	130	22466
21902	130	24629
4726	42	8407
4348	18	23819
7955	33	3881
22133	96	23144
2590	18	9995
23502	2	8761
1236	4	9642
8731	61	5731
7733	130	5349
6609	120	22217
21772	130	24163
5393	195	6768
23944	130	23980
24078	174	6859
2435	156	8238
3963	2	2291
24836	115	3321
2335	90	21589
9393	90	2229
1193	130	9861
24777	42	4634
25254	216	641
5688	18	4553
3874	151	9211
22504	42	3318
6039	96	4152
609	40	6462
23007	18	3853
24406	2	8905
24764	98	24629
5254	216	1899
1838	61	6720
6435	90	8611
2783	13	7900
22173	130	25211
22110	216	1899
5018	216	1899
9621	42	21543
4146	13	204
7526	99	1856
4788	2	3086
8206	42	2896
22056	140	947
185	42	10174
1627	40	7111
6219	2	2915
1652	147	21384
2591	42	747
23812	42	23910
6311	105	5776
22945	216	1899
951	61	23012
5647	90	4017
9236	2	860
24173	42	9713
8276	4	62
5350	7	7872
7574	192	7819
23586	61	3825
23283	42	23459
2962	33	5926
24156	125	2212
23065	42	24984
21738	42	2250
4967	90	25141
22664	33	4360
69	46	9308
22807	18	6143
10042	116	5300
3187	130	301
4597	42	21414
9864	18	7409
23900	90	1203
4355	42	23726
10338	216	10269
22299	2	25234
9202	134	24202
3008	42	1404
8361	96	23059
5609	108	23325
23748	154	68
3017	2	5551
24130	2	24951
587	61	3112
168	61	5728
3871	177	8244
24335	149	6699
8875	4	5830
24464	147	21508
6359	195	6152
7768	42	8371
151	18	25100
2688	216	1899
24244	2	8410
7416	2	10282
9588	148	24989
23465	42	4627
311	18	9867
25338	125	3881
24961	42	22317
9020	212	9098
4874	130	5050
5087	130	5383
5697	61	5213
1509	2	8136
6612	148	10317
2493	90	2462
24661	7	7343
5473	2	8761
3753	42	5204
8334	18	3106
22414	206	2421
9050	42	22999
6882	42	22410
5524	130	23734
7013	154	25211
23817	206	9781
3794	4	3086
5480	2	21351
2363	2	9407
8054	175	7939
8257	40	1399
6572	61	22913
25442	206	3810
847	2	23018
8331	154	725
1782	33	9804
23331	2	8940
2260	18	4751
2978	7	1747
3618	130	23734
6331	42	10417
3764	108	23734
9728	125	6201
9941	42	21172
9801	65	1754
5674	42	10041
8948	90	344
3374	33	8490
22196	154	21109
8142	4	2285
7652	125	23791
22183	216	1899
5873	96	25366
6198	4	21003
4897	212	23650
10190	4	23905
5743	65	6379
25107	42	24910
22513	90	4925
3977	4	24722
23990	7	5105
2577	46	2554
23081	2	22378
9043	18	1169
21905	18	25291
5008	18	8355
24303	42	9222
22160	195	24975
8532	46	2838
2968	2	4915
2174	216	1899
3028	42	24167
4434	61	4687
3809	206	24437
22467	42	22036
3907	2	9804
6642	42	5630
21610	61	25079
24736	61	976
24651	33	9522
8712	40	21501
1945	96	147
1556	18	5224
24562	111	21978
3820	130	24594
22729	2	3719
3976	61	21801
5501	216	6609
5686	4	24975
25305	4	6103
2885	42	23469
3518	2	3670
2014	4	7033
22273	108	10030
7683	42	5797
24746	61	25218
23745	89	25370
6582	61	10321
6576	130	2414
25076	42	8628
24654	18	8560
801	108	6404
22144	151	1729
1791	42	4080
9868	130	68
22547	96	7861
4730	42	24026
386	99	8454
9519	154	1651
21145	130	8037
143	33	6847
1080	90	6969
7555	90	2542
21259	4	7078
21390	195	3881
50	40	10381
1909	130	21790
1855	33	22434
1922	96	7487
8474	147	6273
8894	33	23791
5524	130	721
25120	216	1899
1000	195	22409
847	42	3775
10243	31	23774
2897	216	1899
7817	116	5300
5155	42	3741
6326	7	9944
3506	13	3001
23691	7	1998
5644	125	2304
5310	108	23734
10442	7	4674
21547	18	8793
5722	2	21406
7776	177	24143
24985	175	580
7730	42	7245
7288	130	5383
3726	130	8807
10001	4	3832
479	42	7672
9455	18	10311
25127	212	8232
315	116	5300
2625	42	6595
24536	7	3664
22734	18	5288
3021	58	22667
5671	89	22271
580	42	24215
24017	42	22459
22460	195	4001
170	42	3591
1884	154	1899
2720	42	3242
626	42	22563
21962	99	24185
22410	154	4421
25194	206	2024
8135	42	141
6622	90	5326
22957	42	2502
8942	2	5926
24996	154	3034
5312	41	5091
5754	42	5713
8416	216	1899
5004	2	23261
3457	216	1899
5908	90	1860
7663	130	5383
7468	212	10044
7336	90	8221
5780	42	1540
1137	61	2284
6018	2	405
123	42	2035
21191	212	24789
22352	154	68
24492	7	1416
21133	154	68
67	130	9581
7164	4	508
5957	130	24928
8755	2	6171
10168	2	9599
6369	40	9971
7645	18	5977
818	90	6144
21202	40	5271
23239	33	6352
23614	18	8570
24161	2	4898
1170	33	1055
22765	125	9801
9105	2	21994
23656	216	1899
8111	33	6201
6935	4	21646
24658	130	25213
3735	90	23687
6898	61	8715
25034	7	5094
8498	41	5702
25058	9	21682
2013	90	25083
5115	4	5127
22219	7	10048
25127	61	1750
24951	206	2304
21361	85	24875
23990	4	22304
642	42	4025
2788	47	9871
21847	148	4171
3082	18	24509
6795	18	70
21667	42	2717
22995	42	6628
1610	2	7374
5273	40	23277
1477	18	22535
6903	115	1260
22589	216	1899
9408	85	23601
3314	130	538
5411	154	106
6173	195	7921
22382	98	24400
621	18	9337
24628	33	24446
21695	42	21543
2581	42	9291
2009	61	10361
6545	2	21807
430	13	9463
8900	33	5926
1271	216	1899
1523	2	10040
1013	89	9034
7530	42	3347
3445	165	7553
22428	42	8926
22163	90	9355
9420	40	9714
22128	216	1899
8618	18	3439
7485	42	21947
22683	212	4418
6469	10	6846
23844	18	21039
4624	61	10392
5632	18	22067
23553	90	4044
755	7	1061
3711	108	23897
1011	130	68
3193	42	10011
24586	2	23247
5913	2	21771
7063	42	23025
25255	90	2511
25044	61	1714
1900	42	5583
20	18	1402
5221	42	21813
4766	130	9120
8041	42	5488
4486	18	6333
1103	61	9466
7717	98	8807
493	154	3150
6243	147	742
4137	154	68
24950	212	8375
8557	130	8197
579	18	25439
22825	61	5276
6824	66	6543
2276	4	6593
24065	216	1899
4256	195	9804
1890	154	8974
22663	125	22613
497	90	5249
4584	2	9767
3655	130	2441
6226	2	25234
7094	2	22871
1697	125	23391
752	2	24083
8914	18	7763
1664	131	4346
22646	216	1899
22444	4	5460
4498	2	21627
5275	212	22176
22392	18	21831
23049	4	21440
1014	42	348
24994	18	3249
23388	61	24533
2655	18	24881
2450	125	9522
22902	18	4997
21487	61	7835
682	33	24786
401	42	22787
7997	147	24990
23008	131	7913
7710	18	3119
8935	18	24854
4650	61	25412
7022	116	6688
4175	116	6752
10434	154	22789
22939	46	679
5190	18	3148
7386	4	21842
8002	42	7813
5082	181	9751
2682	103	21714
1211	18	358
10035	4	2024
9564	212	6146
21077	36	21036
25018	130	721
8087	42	23099
5025	4	5551
5706	13	1152
10475	61	22662
5794	151	8865
104	4	21204
22510	42	2025
5756	61	22813
8973	216	1899
4970	18	23087
9899	40	21199
2843	96	23533
6029	42	24814
4614	61	3589
8395	42	10004
21217	13	9463
21645	212	22176
24326	42	8610
24176	33	21627
3859	42	7025
4882	18	3066
602	7	1416
1884	130	1899
24617	89	25452
9537	131	6895
615	2	3727
77	130	22971
21922	154	25211
3661	7	23084
22444	90	23049
2345	33	24444
1944	24	8494
9233	125	3023
9873	18	22525
4784	33	2915
4832	4	21406
1687	61	22863
5716	4	5127
23904	42	24524
3131	96	22169
10345	116	8100
6535	2	898
3384	61	21098
3521	42	3156
25258	42	10381
21355	2	1538
24671	103	23916
9489	204	22639
9611	2	23972
6797	42	22337
24609	61	4820
3357	96	9929
8071	40	1149
21368	42	8789
3103	180	7165
6409	98	538
6144	108	7394
3995	42	23069
8205	90	3758
7755	40	23221
24341	2	22762
10422	2	3157
21642	212	3670
4121	181	4421
3402	7	2630
4238	61	24423
5946	130	10076
1523	2	24784
2465	42	21172
3408	18	23246
9805	42	22610
23768	90	2341
8916	2	8829
7271	33	23068
2672	42	9634
22873	130	21791
4187	130	23356
4188	147	7003
24147	18	6186
22473	2	7026
4909	125	24172
24639	66	23741
24387	99	8454
3048	195	6146
8489	133	7559
6563	4	7141
1828	212	3670
6668	116	5300
9763	212	6119
2073	90	8638
21530	10	21106
2816	130	22630
22956	18	8109
6029	42	21172
22024	154	24554
23603	151	7299
3298	42	9121
6174	18	3946
24310	40	21818
2257	96	22682
1180	14	68
7225	102	828
3252	18	6209
1893	95	24349
24864	212	5767
21099	130	22141
2227	90	23472
5554	42	692
9481	18	9257
2494	90	10327
4670	40	10382
5979	2	21734
2521	212	1000
1521	42	5860
708	130	22466
7370	206	1744
22260	42	22895
22470	2	416
23806	18	674
8012	18	25277
25367	4	23782
2219	116	7408
5802	116	24853
6244	14	10095
24875	165	4822
7027	195	2212
25160	7	6873
8923	4	9036
8621	4	21771
1078	13	9463
6131	18	9773
246	61	9761
21037	13	8998
333	42	24640
7708	42	3101
8609	216	1899
8274	18	24257
317	18	9464
7073	98	4027
25129	88	9648
22239	42	23509
813	213	22350
9176	2	23780
3708	33	22414
10031	116	25025
4401	4	10359
2708	61	22224
6146	195	8455
3477	154	1831
1816	125	9742
7632	103	21714
926	2	8851
21804	18	5833
2148	154	21791
6183	130	21791
9956	98	24531
3890	42	25133
7796	33	22020
6450	125	4769
8760	2	21646
5536	7	23940
5812	33	7033
24825	151	2607
8329	18	23834
312	125	7370
24906	130	23978
2889	42	22707
21210	140	22449
22227	42	25190
5576	42	9687
2847	2	8423
5632	18	4330
6566	212	6387
10294	191	21337
3798	2	22871
21951	4	1078
21562	216	7632
5718	7	569
3675	42	21243
6557	58	8971
21753	4	25467
9609	95	2712
1588	151	23983
2877	61	10033
23703	131	5054
22224	33	5926
21097	42	212
6354	42	25483
25126	2	5128
5895	90	5261
1698	204	3718
370	125	7728
5039	42	24837
8840	40	24914
25435	42	4077
21581	40	23247
24925	2	4089
22598	42	4077
1287	42	40
1271	18	22475
7250	46	3280
4108	42	2939
10127	116	7408
9426	130	8807
1934	99	163
5131	96	5478
22060	18	25154
2719	40	2989
1261	195	6647
1989	12	22716
23312	42	22079
8889	42	5291
3058	96	8364
24183	108	23734
4613	177	445
1797	2	592
10441	42	21319
1671	42	813
3169	154	68
4114	212	24001
1459	116	1964
23545	42	9984
5744	206	4001
4321	131	22604
22338	18	21256
83	212	25038
21062	42	22641
2885	116	5300
23058	18	9901
21767	42	24800
3715	131	23975
6524	12	9259
23108	216	1899
9379	33	22485
22174	41	6705
5528	18	327
5246	98	868
2921	18	6506
24884	40	23621
24232	42	9302
23518	4	3980
7328	154	5607
25075	42	5504
3306	61	9944
23017	108	10030
22303	42	2741
10433	88	21757
24	61	7205
21296	108	23734
24242	154	68
5563	2	6615
7802	42	24858
24436	154	23897
488	33	863
9292	108	25211
4987	18	23615
5937	58	22115
25178	2	8423
9810	14	25211
2436	42	21101
1084	216	6912
4742	90	9749
4794	2	23151
8729	42	8104
4928	42	7787
7591	2	9155
25228	5	7990
4059	42	1932
1935	61	21568
5212	108	68
24631	42	6359
4539	2	2512
21184	4	22613
6437	4	8458
10322	7	9294
23975	154	22861
8460	42	23695
9212	154	7819
9937	61	3386
652	40	9971
610	2	2512
2614	61	23206
1609	212	21744
8443	18	8416
23142	212	9999
666	2	6811
1694	33	22434
24019	33	5926
3609	130	23998
9304	149	8352
3709	4	22414
9725	90	3320
23531	154	1405
9220	206	23
9407	98	6404
21158	138	7510
22159	12	2015
9440	44	8558
5030	42	2002
5774	96	2430
21287	42	4009
22446	90	22617
3885	195	21506
980	191	7303
569	90	3112
344	140	24472
411	154	21791
513	125	22409
5569	90	10232
23657	14	5383
24773	42	7432
2280	18	7398
22226	116	5300
7698	2	1000
21221	130	5383
22357	18	9630
8894	90	5397
23337	199	6069
7568	4	22020
23362	42	23685
3040	96	9772
23232	42	6531
7003	147	5889
1504	42	8843
24126	154	4421
24010	139	24293
3916	61	305
24216	130	2470
4922	40	25013
3104	125	9522
7192	125	22994
21617	96	9397
3140	33	8851
24322	54	6259
5793	31	24128
4851	42	1942
1198	2	7853
5777	97	10039
5589	61	6474
5467	42	21543
9342	41	23309
4586	18	3911
8711	18	875
24144	4	23135
5859	42	7606
24183	90	393
8442	116	23185
7580	16	538
3974	42	25029
517	18	6427
1495	61	23331
419	18	5217
6261	2	1149
21285	2	24514
3846	18	21630
7937	125	22631
2209	98	5940
4775	88	25491
25141	90	8552
24003	125	1108
23	206	23
9065	33	9881
24018	90	23149
599	151	10162
21505	18	24049
2721	90	2124
21393	131	414
6976	125	2568
5376	125	6352
3736	115	3273
8856	2	23505
714	13	8998
7367	130	23734
9485	4	4781
10416	4	2024
3574	42	6784
1409	206	58
6613	42	230
2780	4	22906
4148	4	2304
23265	42	2118
3459	18	734
21364	108	8924
8072	131	22393
6956	12	5196
3241	204	3718
22668	7	423
21885	125	24764
6031	4	9522
1910	90	24839
6543	199	3204
5618	130	8807
27	130	22466
8151	201	9900
5617	98	23723
8344	13	3001
7716	154	5383
8020	108	25211
4699	42	25063
21741	42	23022
5526	18	561
946	90	5057
2424	13	9463
9019	212	6119
3426	2	592
23246	18	4554
7179	18	21585
25154	18	7372
9139	61	5980
3264	33	2304
5036	61	22384
6469	204	21791
23630	154	22951
6778	42	23000
1112	4	22762
4006	33	4902
2621	33	3670
25130	130	5383
453	139	1232
9147	40	24056
613	42	994
25453	154	24554
6353	175	23584
21522	58	2075
3708	125	1040
23787	116	25025
809	212	1978
2269	195	25497
24186	61	23622
5874	4	4529
2978	4	21459
5085	61	22030
25292	7	9410
8060	61	21338
24172	98	8074
2186	130	22639
21752	125	5062
22389	154	4421
6326	4	24599
7584	130	6944
22896	10	9492
1254	131	7584
4464	18	24873
24863	40	21471
24044	42	24033
9991	108	68
7837	96	1181
25010	216	3150
9136	154	5383
9034	11	1411
3002	192	286
24134	212	8357
22612	130	8630
23161	18	24498
2728	40	8796
5370	147	23745
4584	4	4194
7277	216	22951
520	65	22104
21439	33	9801
3477	147	7905
21804	18	4959
9823	204	7767
25213	81	8049
24730	206	23791
4008	108	5637
570	90	9292
23340	2	3230
1500	2	22604
1683	42	912
8609	18	23614
524	130	23123
3178	204	1839
803	108	7925
9244	13	3001
24397	4	534
24023	195	5767
22633	206	22020
7281	18	2862
2310	42	4076
8967	96	2643
9002	2	4166
23854	42	10174
24281	2	21527
3810	98	21791
7710	18	4502
22919	116	6688
6807	108	68
8354	2	4089
3302	125	22485
2576	116	7408
3885	206	7814
22156	40	8139
6716	154	68
8214	14	25211
21624	181	1411
6347	2	8787
450	130	7922
7836	216	1899
25434	157	22288
8489	88	2871
7267	212	23391
3979	18	21872
24234	154	4421
4925	7	24071
7788	18	22464
25093	195	1720
3092	18	1251
6177	131	7651
4911	18	7035
9317	54	25167
24619	130	868
23509	143	4772
267	130	8037
7615	41	8807
3798	40	4223
1390	149	24033
10334	61	24427
25478	4	8386
1919	154	5383
9932	2	21528
1126	18	8575
22147	130	25211
2775	40	10382
9902	18	3489
22190	7	5877
7361	212	9801
2083	42	9551
23262	139	23262
855	42	9453
9188	130	5383
23106	61	24280
3190	108	5383
3493	46	2838
10433	42	21374
24686	154	2046
554	130	10269
6688	192	23140
2620	108	7263
8686	33	24446
2409	7	22278
22070	18	9982
7256	116	25025
6633	18	1478
1306	13	4639
500	40	3129
5609	212	1412
23193	130	21790
21164	131	2080
9561	42	22612
7029	130	3803
864	40	2442
24357	216	7898
3560	213	21150
4794	42	9642
525	42	9920
21916	61	9170
22066	16	22642
3870	216	5099
9816	182	8078
303	61	4686
10169	66	21327
8466	90	1210
9976	154	24890
10238	154	8630
8224	40	28
5316	2	25013
24231	7	8
7499	115	274
10495	130	23647
9594	42	2971
8086	96	25088
4197	154	301
25246	42	5140
25327	42	6586
7114	41	10269
6808	42	3168
3630	177	23151
21590	18	836
23919	42	23933
24462	89	5619
23070	55	330
24904	2	10082
4630	65	4630
25447	98	6404
2545	18	3076
3592	212	5767
5300	15	6255
3934	42	4862
8316	42	8623
7438	199	2022
9388	4	9108
10354	18	22798
24458	206	1570
1862	134	22481
2601	116	7408
7409	18	1070
10430	171	24554
9675	216	21791
6502	212	23236
25355	42	4077
2649	130	5383
9171	4	9742
6529	177	8932
25047	154	22543
10285	125	8851
8919	131	4060
8469	61	24698
7062	116	7408
23108	18	5991
75	2	5578
9421	18	23007
2215	108	5383
7418	2	5551
6497	130	8595
24221	96	10194
6580	42	851
24662	42	6241
2150	42	733
24624	116	7408
24915	18	4956
6177	154	9557
6089	42	23859
10026	115	25284
7106	130	286
23591	33	6446
6059	90	4071
9373	154	286
7034	33	25093
2673	154	5113
9942	130	2470
2889	42	22198
2232	130	25211
7714	61	4995
8992	42	23273
3704	154	68
7596	115	21497
24316	33	24790
3274	2	22304
3206	2	860
21963	212	1754
1491	134	42
3821	42	6628
23891	96	3130
24338	18	21143
9664	90	7135
6430	61	4173
21924	40	1341
24724	88	21757
8080	42	436
5043	154	3803
5471	18	6569
4625	18	4984
24733	40	9793
5944	195	1570
94	195	5944
9148	2	23714
3276	18	7836
25324	4	21003
3657	4	22335
7521	125	3670
891	2	644
21090	116	7313
9346	212	4630
21233	7	22250
24438	96	909
24049	18	21505
22801	89	3369
1262	7	9130
5021	130	8807
7920	212	2212
22360	7	2042
3863	40	6814
27	154	1899
7292	81	21583
24563	130	5383
6668	2	21527
4460	116	7408
8310	130	5593
5208	2	4181
9571	130	23734
9932	90	8632
9930	7	1687
10024	42	2961
4809	125	1412
23514	4	6974
23760	2	9801
6979	90	4232
6285	216	1899
4465	18	802
894	2	24083
1920	63	21523
6577	18	8753
2204	42	791
5475	4	7639
23652	2	22228
21244	2	24975
5169	130	23734
10018	7	6821
2368	116	6688
5439	212	25219
6494	7	4092
9271	42	6381
2553	2	336
10064	42	5327
179	40	25373
25299	116	5300
1765	192	6404
25015	42	527
9010	42	4954
8677	215	1648
893	140	2146
940	42	9221
5065	42	24910
719	18	6189
7066	91	24462
2120	212	5944
6000	18	21590
23198	90	3027
6065	206	6409
22604	195	22414
22312	42	994
24817	130	6663
9512	206	23783
21933	130	721
4755	130	23734
23344	13	9463
6305	2	22766
5819	130	23734
21619	4	5830
25147	51	10217
4	61	1472
10334	90	23461
9339	40	254
22977	12	10291
10287	177	8863
21697	154	721
22544	215	1964
3847	102	21698
24514	195	23539
7108	216	1899
6288	212	23757
24031	33	21440
3313	147	21384
4526	116	24853
940	2	6628
10384	12	5196
109	201	2290
5556	175	9615
2467	90	377
1928	89	9385
6474	2	5617
23180	116	5300
1677	89	7751
24854	18	8053
6216	154	2441
1936	18	1858
25328	40	4047
8831	42	4755
6284	42	8061
5184	90	24699
22116	195	6157
5936	90	6971
887	42	21710
22910	154	7646
22585	42	7876
4338	108	7263
2173	216	1899
24409	130	21210
3685	103	1411
7601	66	4691
2969	4	9512
4468	18	5217
23708	42	5406
22058	41	1405
7082	61	8487
21335	40	6704
4162	42	3603
3081	212	8544
9982	18	1005
8958	33	8375
4268	192	2858
7532	2	10065
6657	125	3247
3924	18	24854
1831	216	721
7670	212	453
9806	42	2935
9562	130	21575
9749	61	4742
10317	130	7967
25277	18	10414
7952	13	9786
8248	61	21921
6728	33	1710
1800	2	22414
6432	96	10140
7760	2	2512
21607	14	25211
7019	177	22084
8928	89	6473
25485	42	5406
2740	212	22988
21503	61	4651
4342	42	2232
23205	33	9801
22597	2	21474
4624	33	9925
5998	42	3639
6839	90	8726
7626	13	22735
22760	42	24999
24587	154	68
9090	130	23734
21094	40	435
25253	42	4702
8722	42	23299
22902	216	1899
4078	18	23414
2478	42	2798
4059	12	2649
5356	61	4732
25062	2	8905
1571	195	22032
8034	42	10036
4012	2	1987
7636	199	24922
6212	131	8666
21399	99	7953
6305	4	22766
1246	206	24293
3465	89	5586
21616	61	22203
8068	212	23827
24957	175	21834
25291	18	934
804	4	902
8267	89	9034
9338	42	21497
21132	216	2589
22196	31	6316
25290	2	2291
23303	40	1393
4435	42	25395
3946	18	6174
8766	90	7119
24311	18	6317
4645	90	7823
25010	90	1862
22048	41	7967
8067	4	6218
6503	116	5300
5509	4	4886
8791	101	22245
8188	42	1058
8612	130	25211
21837	213	109
4040	42	23619
22096	42	23117
24224	40	5690
5671	130	25
1923	4	6480
7386	4	4489
1915	42	8069
9609	38	4842
2039	42	1897
23872	96	24726
1234	42	2844
9734	7	1520
5629	154	21569
22345	125	8357
3900	102	1479
2134	18	6192
22487	40	21511
1505	154	21790
8771	2	5661
5362	199	5362
22768	33	10044
9895	151	6334
22425	31	24128
24992	116	6688
4517	42	25352
346	90	24941
3336	139	9788
3912	212	22434
474	61	9624
23009	154	1899
22683	90	25022
8242	4	4529
23639	4	8898
22276	42	8479
5941	4	4555
3195	212	22762
5861	40	8097
3938	18	23597
8527	130	23004
21844	125	9999
4663	216	1899
5900	130	8571
22996	90	22372
3221	42	3058
6761	108	6513
1958	2	8431
2448	18	21141
9237	90	23363
9952	199	22766
6264	154	22785
23403	46	6397
8778	130	8768
23868	216	7690
24118	216	21210
9350	61	2051
7808	216	1899
22033	2	22853
1291	216	1899
24814	130	21790
2971	130	25211
5017	42	54
8994	13	9463
5434	206	22604
7343	61	732
24824	18	3852
24662	2	750
612	130	3803
1698	154	24364
22931	108	5383
8869	97	2358
5461	116	5300
23761	148	3453
8201	42	10408
23426	90	9137
7524	125	8851
21440	206	2304
25055	18	25408
4132	61	755
5062	130	3926
24393	103	2784
5117	125	21623
25077	116	7408
7040	18	10356
1224	4	5830
21943	125	22176
21455	192	760
7440	4	8056
3756	125	22460
8544	195	3186
3109	130	3370
22875	216	1899
1211	216	1899
24909	98	5383
3131	154	21791
10332	216	1899
6156	42	9958
6859	18	7189
7012	130	24531
9275	116	5300
825	96	23478
2096	130	10030
7938	42	594
2826	180	5076
10475	125	6207
1263	154	23980
1284	125	2568
25420	125	3471
22617	2	22081
5130	42	2842
23713	147	4710
46	42	24287
10059	18	3378
21603	18	25339
1862	90	9371
24345	33	3810
4567	4	21818
491	212	21846
4526	12	5706
5591	216	1899
25188	212	10044
5718	33	23236
21857	14	5940
2813	216	1899
21961	216	3718
411	89	9169
24873	216	1899
5441	18	22922
8138	2	24975
4668	216	1899
3782	42	2626
6042	18	1784
619	131	7877
6334	102	3353
7949	154	21141
6644	108	21791
8181	18	2207
5652	18	8271
24388	18	70
21404	212	7133
3239	2	6218
6706	154	3803
251	61	23720
1666	61	23802
5294	131	25238
1228	125	9447
22265	2	8761
3010	2	6119
4762	42	9625
24774	125	22613
25290	2	6387
7617	40	23533
8173	90	23671
4951	2	24275
987	2	392
21006	72	6027
1178	42	21448
21746	96	294
22326	212	22335
3852	18	24824
24191	2	22228
8335	154	23980
9494	61	4595
9862	125	6201
8716	154	1405
6211	42	4161
21270	42	21428
24123	35	21527
24887	154	23978
23904	42	5413
3913	18	4085
6275	130	24286
9666	13	9463
10171	61	24425
1274	130	8970
6992	42	23279
21837	213	3565
24324	61	22224
23949	140	947
23676	61	2297
21982	90	3010
22837	111	4728
21164	151	2080
2159	90	90
25138	18	5523
6844	61	3202
21844	7	23142
1039	42	5829
24623	90	2875
6356	61	17
7544	4	5604
1039	42	22840
6534	40	4497
25041	154	5955
1220	33	1249
21093	177	2000
21175	88	4497
4123	216	1899
9681	154	7337
7928	116	5300
25135	18	6078
6396	130	8037
3173	40	21474
21789	131	22095
2706	90	5728
5630	130	5383
3490	33	9759
2834	116	6688
4699	42	7000
23282	18	5596
25178	2	22032
1610	33	23236
5349	103	23980
21230	4	508
845	42	9714
7596	66	4070
10204	116	7408
22647	42	1932
21482	90	8669
3453	147	6612
22213	2	4934
3606	13	9463
21835	206	5505
5283	42	7405
4677	18	122
10011	130	538
24674	130	23980
24363	154	8293
25422	201	3576
8237	41	25
2150	42	3393
1745	96	10342
1355	216	21791
5549	56	22802
7557	4	805
24705	2	3881
10424	96	9456
23139	42	5373
7714	90	1171
10052	42	9363
8221	61	7336
8269	4	9714
730	42	25395
7258	130	266
3093	42	21111
24562	189	1781
1403	147	4111
7095	84	6322
5997	214	10113
5115	2	9801
4860	42	22612
8264	130	7767
3986	18	3547
7450	154	6947
5466	2	22032
24508	154	2441
413	4	10418
23875	116	6688
7	33	3717
6501	212	7747
21853	42	22076
9752	18	22737
9641	42	3928
23479	125	1108
6066	7	9070
3386	108	23734
2286	33	2421
4422	130	23356
9259	206	22434
1951	108	6255
6927	33	6352
2214	42	22733
23970	61	23230
22476	13	9463
2222	2	3401
4171	17	21384
24825	151	4345
24965	195	1000
24948	72	5189
21267	2	7639
2438	40	10381
8366	130	23980
22382	195	22032
21000	7	263
2346	61	8464
7229	116	24853
3487	7	9282
8354	42	7837
7388	42	5792
23083	33	2304
24256	125	21623
23882	212	25038
7086	2	21623
8572	130	8807
4912	96	21662
1925	42	4145
22718	101	21971
9090	151	1514
8265	61	10067
24005	154	68
4758	89	9474
696	13	4902
9335	195	22434
25254	42	6628
3865	191	22193
4661	2	9742
5675	212	4166
3477	148	9192
5076	42	1141
5620	98	8536
23983	151	4448
9429	42	23469
9267	204	3232
24660	12	2809
6050	61	491
3394	42	6153
8485	18	131
2808	131	9923
6370	42	21220
7649	212	1412
9461	2	23393
5578	195	10280
4120	42	5177
84	108	24554
23456	154	9831
9624	33	6374
9088	14	68
5402	90	1863
239	42	6595
21392	7	1594
5320	61	23962
3298	42	7448
3757	42	6159
7406	130	24513
10061	7	22189
24501	42	24208
1425	2	7859
21167	40	3061
22074	61	25188
8428	130	5383
21688	2	3401
3552	42	9810
3367	116	6688
7362	42	2515
4753	42	9134
9600	103	1960
2329	154	3803
1769	4	6704
22031	212	7073
2363	2	7859
2679	4	9348
23962	2	4302
9180	4	5393
805	13	9463
4750	61	3889
948	216	1899
399	4	6008
3768	4	6090
5272	130	21790
25447	195	5339
22973	154	7337
23392	41	8807
2567	90	3543
7279	125	9334
9254	90	7729
3752	125	6190
25494	195	58
6538	154	22158
5422	42	6595
3755	66	23509
7010	180	2583
7799	18	2666
2098	140	6621
3873	40	21479
10192	164	8761
23326	2	8490
8681	130	7337
7748	2	8851
7776	40	6332
6423	131	9929
10405	116	25025
1933	131	6687
5317	131	552
6074	125	24730
5658	61	25229
7551	116	25025
8372	42	10180
1469	42	2002
2883	42	8843
24120	216	1899
8200	61	1908
22624	154	8595
7280	42	267
2922	40	25179
8033	18	22070
970	13	22735
23250	130	23908
3616	130	68
7966	42	743
2033	7	2685
22967	2	392
1091	61	23083
21092	195	4001
5413	96	7934
24587	154	3244
1722	212	8490
6262	42	23928
5399	2	22923
8108	13	9463
6868	206	21623
21986	13	3001
8457	40	21215
584	42	1305
22102	90	4237
9125	61	7872
8538	99	8203
8501	116	5300
10415	11	22889
1068	18	7017
1574	40	6786
9826	90	6016
23893	33	22631
3713	18	21069
7592	11	3034
3872	206	24437
6317	18	6616
22859	130	5383
25447	195	3300
372	61	7200
9052	18	1451
25076	42	8551
21771	206	8184
615	42	4423
4102	108	5383
6394	42	837
8399	42	25019
22178	46	506
24996	89	1821
1640	116	7408
4832	2	171
2847	2	5592
6955	16	886
23596	154	3150
2193	61	4925
558	130	8807
3542	206	8148
22053	125	3717
4575	42	4768
21609	116	6688
7854	42	9296
24121	90	24253
321	151	619
22402	61	2580
23832	2	7415
21556	16	2926
9060	99	23601
10147	2	21669
6307	18	22060
7738	46	22596
21396	206	4110
4623	42	8915
23225	42	3618
4209	61	22526
1624	61	8638
22260	2	2624
1647	212	9965
23377	216	1899
24628	90	1749
7463	90	21071
2739	13	22735
24964	2	7395
21158	11	23734
8484	33	970
385	212	4001
24392	61	4698
7817	4	7054
9772	96	3040
9599	206	6768
23007	18	9421
23554	131	25183
8621	2	22414
8042	216	1899
882	42	7319
2292	196	8861
5446	143	23906
7695	2	4975
5470	18	1650
6197	101	4873
21967	14	10126
3409	96	9795
25352	154	5383
24310	42	4958
5767	139	6930
5943	42	6179
1409	195	58
422	42	5278
4713	216	1899
4102	2	8544
8917	216	1899
9824	125	1000
5431	154	5929
8280	130	23167
22562	131	23409
25425	130	1405
4037	4	1754
3842	4	23905
9969	2	7472
24355	2	2024
2570	4	1000
8786	42	8572
7690	140	4478
407	61	1937
7603	5	6122
3788	42	7737
5543	42	3514
8898	130	5383
4903	18	4713
3836	4	6099
7088	7	4434
10373	2	8905
6985	33	25219
24983	42	2386
6497	80	6896
24516	61	6222
1314	40	941
6212	154	3150
2890	125	22485
23518	42	1826
7691	140	25374
8289	4	22414
6131	18	7624
24452	7	22608
6772	216	630
8693	18	378
24189	131	23872
22552	115	6598
24700	42	3665
1971	42	4210
5901	7	5440
8147	2	1000
3758	2	25119
3619	4	22304
7380	130	1195
9057	42	8214
1313	42	9332
2078	2	21528
5719	61	22959
2467	2	336
6810	90	1568
8156	125	25219
21820	33	2787
23711	41	5050
9902	18	3148
2881	90	23241
2725	99	1856
8940	195	5926
23090	96	22062
1534	130	6101
4544	130	8545
2610	33	25494
22726	2	2925
5470	18	8868
4531	154	23868
6669	2	8384
23751	131	1219
23756	40	24998
6603	195	2294
25026	18	5072
22534	154	21714
6460	192	5383
8809	96	22079
8153	18	8516
1368	140	24472
3435	2	7374
5467	42	7013
5889	148	1606
9387	42	798
9285	18	21685
1337	130	3718
6959	42	8978
2484	206	4024
7330	42	933
24195	148	4111
22375	66	8428
10064	42	6337
24657	4	1232
3070	108	5383
6731	4	23333
2102	206	8493
23334	175	580
8888	42	7871
1992	4	21622
331	216	1899
4462	18	1545
1847	13	1185
21365	130	6753
25477	2	7198
22180	42	8407
22343	18	2233
22070	18	2069
1032	154	7337
6997	42	2132
23246	18	5462
2086	116	7408
1186	58	1530
25456	96	4143
9469	42	8061
1559	18	23375
4858	154	8807
8923	177	8421
22918	4	23264
3062	125	23791
22533	116	7408
21118	130	23734
23638	13	2180
23294	7	601
8457	42	23667
7104	61	9269
22309	130	22630
5592	195	230
4648	216	7632
22898	151	23623
22001	42	3284
5131	154	7967
23078	108	23309
23524	61	3361
596	108	8807
6668	2	24640
2951	90	688
1443	151	3400
3081	2	23124
3290	40	3031
370	90	25123
4686	2	4163
8289	125	22414
187	4	1710
2248	18	21555
9059	40	5730
24903	61	7413
7430	154	8630
2512	130	5383
3624	98	68
7159	4	6352
24321	99	21394
859	40	4774
22728	7	8060
7311	13	8998
21986	2	7859
48	4	3270
8394	216	1899
805	98	3150
1447	154	23309
6973	130	23734
21967	72	7068
6742	18	5044
10431	42	381
23507	18	4244
24743	130	23978
3614	14	769
4049	38	23793
25064	14	24177
10388	171	6498
1189	66	24580
8098	61	8044
1116	154	25211
1219	96	24833
24398	122	3369
4498	4	21623
3758	61	8205
5911	177	9082
22520	42	7862
24257	202	331
23548	18	9297
655	33	24786
8393	130	8340
5799	90	8464
5593	81	286
3688	18	8987
3698	40	252
9012	4	22613
8667	4	475
8084	130	721
7019	42	3949
21796	13	9463
10139	18	1675
9271	42	24348
24784	195	22231
5352	216	1899
21908	108	3461
21802	202	331
7269	61	2101
905	33	9522
32	216	721
8187	18	10087
23249	7	23784
2898	42	3779
5910	42	22906
22210	2	7026
5789	61	22372
6689	42	7631
2693	14	9931
6422	90	9576
1313	177	9332
21652	125	3717
1451	18	21320
6208	199	5373
21360	61	3963
417	4	9759
5723	125	25219
6622	125	9804
5041	2	9801
992	2	7288
1981	2	22762
23788	42	8391
4879	42	1395
5120	2	8357
22480	33	23791
3746	154	1831
9265	33	6526
23774	131	9766
23469	130	339
21391	57	3183
7810	42	10495
4548	18	4436
1765	35	4053
24663	130	24400
24437	98	22951
24259	42	24192
3513	212	336
8733	125	25447
24524	96	10082
5230	42	4755
4046	18	1481
6817	2	5486
23627	125	24790
23406	4	9714
9602	216	1899
9585	199	8860
25491	175	3536
5987	90	2604
63	154	23734
938	4	7312
5234	199	22174
2833	42	8623
2051	4	1720
6164	212	7728
21327	199	42
24290	42	2646
3201	116	25025
9783	108	25211
24445	61	21485
1421	42	23156
8292	130	10266
4556	42	1026
25137	90	1731
4103	131	1021
1268	130	25
21347	61	24827
24979	212	8374
5362	42	9134
21018	42	34
6982	96	24141
4601	108	7263
5305	177	445
7594	2	4024
24735	133	1049
7063	2	7862
22675	18	4759
5251	2	7288
2906	130	3936
1183	42	4034
997	56	10208
1461	42	22337
6254	130	22905
6161	4	21623
23125	4	4902
9649	40	3602
6000	216	1899
715	115	8360
2947	61	6434
22834	130	266
3897	154	1075
6353	130	8807
7436	18	6795
25174	125	9965
1505	147	983
5229	42	22848
7733	130	24362
22564	40	25199
23607	130	331
22660	46	1757
23693	42	6024
5658	2	24275
10293	42	3496
8076	33	23236
22892	2	3048
7130	42	6803
24970	216	1899
8096	90	10273
2745	148	4111
10224	130	22025
9167	7	5010
21128	213	2509
8780	165	2320
4881	216	1560
9118	130	9600
9274	40	25450
2295	151	9895
8305	42	794
23444	216	1839
7409	216	1899
6511	7	9019
23953	213	25041
21275	130	24594
25125	42	24395
21383	195	24548
166	42	5450
24688	206	23391
23598	42	943
8693	18	3071
10074	89	21490
24811	90	21642
4532	177	5690
9825	125	9759
2369	90	25045
1888	2	23714
3526	4	22304
10362	96	3939
4537	130	23734
6967	2	1463
8530	90	4114
21383	98	8807
24874	61	22034
24545	42	3643
24005	102	23082
3	89	2129
7789	2	7079
8682	120	24846
5457	2	22613
8325	2	22611
21561	2	7747
1551	13	9463
21216	216	1899
7622	130	8807
3396	131	1374
21884	2	791
10321	90	6582
10330	154	5383
3895	125	23570
4096	178	7812
8566	2	8183
5431	154	3685
3868	42	8069
22469	130	5383
1661	18	23844
24869	212	22988
24370	154	4275
3382	7	1425
9417	33	8232
4313	96	21740
24569	18	24517
2588	212	9742
4126	99	1856
8092	125	22176
25442	130	24785
22464	18	9044
22531	40	23780
1642	41	10269
9245	61	21542
1234	40	5196
24136	18	8590
2153	90	21766
2360	130	68
9475	96	7756
5875	212	24469
5780	42	3047
23921	42	4488
5299	2	7073
21354	116	5300
21769	2	5993
4970	18	25159
1110	154	6404
24635	130	5607
9923	131	7811
2024	195	9801
24815	4	21204
21740	130	24554
23400	42	4307
426	216	721
724	103	1258
2822	61	6063
762	13	22735
23663	18	24317
8826	98	4286
3351	90	2818
9411	42	6329
4998	61	3765
23524	4	4630
10451	42	1622
10194	154	1195
7175	42	8046
24202	130	24513
3334	125	21330
21705	85	6899
23880	90	1722
10321	33	8851
5293	174	5726
25458	216	1899
2223	40	22596
7616	42	3332
1398	4	8176
25349	46	3414
8502	18	5588
6402	61	629
21698	131	6249
8122	125	9999
2535	130	8807
7136	89	225
6494	33	24790
2835	42	6263
460	130	23978
4831	42	7319
9483	206	9483
22712	18	6475
23825	98	9581
22057	18	3547
6654	33	21623
9377	90	21209
24927	2	8357
21038	216	22549
7497	66	23279
851	154	8627
9751	216	725
2586	40	23914
4985	13	9463
8081	46	1757
25026	18	24367
21517	90	24956
10154	42	1843
3376	42	8967
22514	88	2792
7729	33	5926
8678	154	5383
22532	18	5217
2171	154	25211
22163	4	23505
2085	4	5393
25431	195	7921
9537	130	68
3108	130	8037
466	2	8183
1173	151	612
24428	42	23304
4066	61	9392
22329	216	24629
7057	18	22366
24290	42	5165
8143	65	6458
21343	61	6416
2680	33	4213
22100	116	3182
21548	96	9833
3396	102	23850
5295	40	25455
5418	151	3584
24728	42	8748
6529	2	5517
21117	42	6329
5915	14	25211
25386	40	22536
4225	18	403
2105	61	155
9351	96	1479
6436	125	24446
2875	61	24623
6772	87	7512
641	103	3967
23285	130	24268
23690	7	24710
2767	13	8998
24157	4	24830
1479	154	5349
3686	90	9168
22555	125	22335
9234	4	860
9160	42	23742
25303	99	24185
5227	130	21790
736	33	1000
21295	18	5565
6623	212	5339
22823	2	1246
23207	4	22850
4634	14	25211
379	130	10269
22788	130	25211
8721	125	8851
5923	89	4772
10073	130	23136
22646	18	3828
21761	18	5336
2319	130	6498
1569	42	22763
504	125	23437
6606	90	3121
9825	90	3490
1350	18	5018
6848	42	21913
5934	102	10267
6158	7	1475
7012	206	7982
24164	125	23437
8911	81	8807
23475	13	7006
22327	66	3618
5385	130	24286
2769	42	22112
5707	61	5838
7295	42	5306
23088	90	5902
1919	154	8807
24751	96	22634
564	116	6688
1073	18	8420
7785	216	1899
21708	203	6594
7476	7	24170
4899	42	1850
22008	90	6102
24194	33	24133
2036	2	3670
6506	18	2921
224	154	22017
7920	2	24909
6326	125	9804
22126	61	6164
5454	96	2687
5025	61	4312
7464	181	8571
7155	154	7337
3975	2	24548
6145	175	5634
6065	195	22020
4163	195	22460
22136	212	25494
23368	73	22344
8070	130	5383
2856	4	4147
8110	61	23968
22990	125	1108
83	90	23882
2291	195	6190
1807	7	9070
259	35	7456
4615	18	24775
25144	13	1185
2022	180	7438
1532	42	9110
21133	130	9610
8096	13	22735
7529	2	5926
10029	46	9953
4216	40	435
7705	177	7806
22628	42	9
2889	42	7862
6960	33	8143
22632	154	22418
22494	2	22843
3290	42	2896
6849	18	8735
9618	125	22176
6670	42	9704
23803	13	5300
2840	4	3086
9423	130	24531
24957	175	23737
9450	33	23437
10335	42	23310
4476	18	6849
3160	4	22
23357	46	7367
7092	154	10099
22946	42	3932
23663	18	4752
1503	108	23734
9567	42	22677
3863	42	25074
24372	130	9581
4738	199	2826
2670	130	23430
9295	2	25330
23740	33	1744
10471	90	9828
1010	66	10454
9514	10	21997
5344	42	23859
23128	42	1043
2902	18	2234
4585	61	7590
8674	42	7749
7899	33	24786
7081	7	9242
425	18	948
8101	125	23391
6346	154	4421
21028	11	24229
5956	20	68
21880	2	4271
1000	195	1710
5194	116	6786
7714	2	7331
2336	116	6688
2341	4	21459
7072	108	5940
21431	61	24414
3608	2	23972
4444	216	2997
22322	125	21646
21180	154	25211
24856	40	1986
218	18	8835
21901	42	1929
10168	2	5926
1154	154	8293
21063	65	24344
6844	4	22368
9415	125	2212
8657	42	8450
23757	98	8595
10270	18	6412
8026	61	6963
22969	90	23729
2603	42	6973
6001	89	4772
23975	131	10274
23560	40	10443
23612	99	5813
4730	40	1508
3713	216	1899
2289	131	8520
21560	133	21774
4777	61	6960
9015	61	5718
22979	148	21618
202	42	25199
23858	98	4413
154	130	7819
23046	7	10339
2500	42	2194
7374	206	3649
6904	216	1899
9873	18	22067
2039	42	788
10385	12	7979
7159	61	6881
6646	42	6624
6013	41	23980
9240	90	6422
22421	42	25461
1983	18	297
24110	2	7079
6629	33	1570
2904	7	5895
3539	90	8015
1627	42	10381
7149	40	25268
9586	42	3512
6789	116	2605
3431	42	4230
114	18	10251
8556	192	21973
6630	116	5300
23365	18	22396
7215	18	3450
6987	42	2912
117	42	9330
2636	212	5944
5573	90	1199
9874	42	5327
3636	99	9480
5075	125	582
23396	40	10382
1297	42	313
1158	2	4308
24533	125	22994
3837	18	9729
22354	18	21143
21766	90	23342
1439	130	24629
9133	130	21583
1295	131	3229
23261	187	5586
482	2	8761
21251	216	1899
6781	212	9925
25348	12	6591
7544	90	5158
6959	42	25179
21865	130	8630
4264	90	9255
3356	2	9542
24275	206	23721
7105	7	4248
1633	4	1789
21031	18	7709
4133	90	3043
23286	40	1097
10119	18	23414
10425	13	9463
5150	42	243
8173	2	21763
8713	102	8737
22174	154	5383
9741	4	25179
6597	42	21912
21867	108	5383
1414	102	10274
3235	61	7677
24793	90	6066
7061	130	24229
24320	4	2024
21792	116	25025
7909	212	2304
8130	204	6753
1340	42	288
9444	216	1899
9898	42	7837
7171	42	4076
7342	4	23339
22153	96	8853
22593	90	22593
21119	18	990
5737	42	5923
9482	204	22951
7009	130	538
21565	61	21513
537	42	5153
598	42	10456
22672	89	519
1064	33	6352
22192	181	6255
72	4	3109
5793	151	8223
23703	96	22534
9801	65	24830
496	2	860
25126	116	7408
4184	18	22839
6561	40	25373
5455	42	9686
7325	42	5583
10234	212	2294
4357	7	2588
8897	4	5450
8254	7	9882
23109	108	21583
4180	2	9981
1108	139	1078
5795	61	6788
3527	130	2470
93	130	3150
4632	159	3803
8295	4	22762
24426	212	5926
24602	131	1854
8661	89	10135
3025	33	2649
8064	201	5418
23745	130	22630
24489	212	22460
22446	61	22049
4509	130	68
22136	61	8695
9190	18	22806
10397	42	22571
4919	2	9804
918	116	6688
5052	116	25025
6855	125	5062
24649	61	21577
5872	2	21693
1080	61	10403
9900	199	6069
2172	61	23689
2211	130	25211
23021	2	22569
3329	40	24360
25075	42	10495
23661	46	3414
23968	7	7059
23289	42	5031
5143	40	22648
25321	42	4472
9099	90	7842
21296	90	22380
337	195	24446
8067	216	21973
4333	12	3616
4501	165	468
464	125	10044
4141	42	1785
4547	40	22548
1816	7	9710
10484	125	10044
415	108	5383
24951	195	9259
22359	61	8599
803	108	8512
9530	195	5744
2789	42	25441
22959	108	8807
506	154	3244
2049	42	1598
3217	61	4274
2610	2	25494
7626	108	21583
21896	42	4393
826	4	7469
566	18	23946
5197	88	25402
9925	206	21627
2622	206	1592
745	12	7791
21747	40	22648
696	13	22735
1077	125	582
377	152	336
9100	14	68
6190	98	5383
25433	90	23089
2355	4	508
21771	195	2412
21396	206	10040
22067	18	5632
7297	33	24790
1613	61	21886
21008	125	1744
8636	18	1278
8732	130	24362
4959	18	132
5223	42	25315
8448	90	5533
5240	2	2696
23714	195	8826
21217	33	962
7612	41	22549
24645	154	6101
22284	131	24767
6602	42	4052
10226	108	8595
5254	18	23379
22555	7	3838
6859	216	1899
4474	56	725
21405	90	22708
4073	18	22789
10465	42	5355
21852	4	22414
5151	130	5940
9925	206	1000
1866	212	1055
22271	216	7767
6587	7	4403
8306	154	68
8815	7	4329
4710	148	24990
7713	2	9801
24262	131	8773
9726	154	23356
2629	42	747
24184	7	25371
22114	90	1179
5687	33	1108
5392	96	21902
25456	96	22530
24547	13	22735
1001	42	1897
24514	98	6404
9479	18	23032
22687	2	2622
24047	2	22233
1230	18	4502
23061	4	9868
3575	42	10005
5276	7	23625
23496	61	6220
9371	61	1862
24944	201	2573
24255	42	22649
775	108	25211
24570	42	25454
21617	201	2254
2116	18	3430
6629	2	557
1243	42	8803
2928	131	383
23763	116	7163
21183	42	23773
22089	42	2304
8251	130	538
22836	85	9480
726	4	10418
9873	18	23600
7765	18	2688
7542	2	23972
5146	15	24364
25060	61	8405
7427	89	5619
8584	18	23087
8757	13	7900
7767	103	9367
6785	108	68
24810	125	9965
237	42	21457
738	42	1843
25157	96	22624
23893	4	7469
6289	154	286
22981	89	9169
5768	61	6546
7125	210	21791
1977	46	2196
4031	42	25474
5852	42	6499
24951	206	22613
4702	96	2515
677	154	7690
9944	212	9804
8789	89	396
2251	130	10346
9507	116	6688
1322	18	4288
4536	116	5300
10355	199	1969
22291	42	10212
24721	212	24001
24221	102	8624
610	125	2512
23896	116	6688
1126	18	2991
7768	42	9360
22580	18	4952
7797	130	22951
21434	18	5352
5375	33	582
22727	154	8630
1260	14	721
9067	33	22176
9901	18	9602
3462	151	4912
22839	216	1899
2990	56	9172
21888	125	8851
4982	42	23621
7342	61	24160
745	42	1129
7463	108	5940
8977	4	10098
6492	42	10060
182	33	9965
1634	40	3640
5529	33	24446
24152	42	21108
1543	130	3150
21531	2	7936
2482	212	582
9899	4	21199
23539	195	6157
2403	2	22333
7928	42	23509
800	108	23897
1796	125	24446
23059	96	21414
23835	2	7268
7991	2	2451
24257	216	1899
25220	206	21265
8727	42	25461
1625	130	7690
3153	98	8037
8142	42	7912
22945	18	1124
21141	18	10477
2312	18	10102
24744	2	3247
1363	212	1952
10237	125	8232
22894	154	68
23353	192	760
6518	177	5169
4806	33	7455
10106	61	4802
8618	18	4332
1092	216	376
22753	108	21791
10123	42	5513
2219	216	21973
23227	154	21791
257	18	4583
9633	130	1074
7438	96	9913
8790	61	22346
3955	4	4942
9907	2	9530
24972	7	7649
2782	130	6404
7532	212	22633
8362	40	6069
21608	89	9251
960	56	23793
1044	130	22854
22527	4	9820
23150	2	24922
22927	130	7538
4727	103	1917
3655	204	6101
2813	18	578
8304	130	25211
24483	212	22631
1118	96	2021
8434	18	8741
3991	40	21474
79	154	25211
23982	90	6444
24964	42	23099
8772	125	3670
1525	7	25384
8774	125	970
24291	61	3012
22981	89	7751
21495	90	8076
7940	18	419
5911	42	9082
256	90	21249
9978	33	9759
3274	4	22304
22283	42	3230
22674	4	1232
3026	90	9014
9893	96	6491
1328	90	3238
8528	216	21791
5861	42	860
7633	212	4630
3596	134	6690
25300	4	3109
23153	130	7263
8887	41	8465
23187	42	23285
7726	42	25441
3889	125	24975
24217	125	7133
23605	42	24002
2378	139	2378
21809	33	860
21437	42	9363
249	108	22785
21463	125	9965
387	14	23980
6340	147	24704
5584	2	22304
23148	116	5300
9728	7	21770
23384	33	24133
6158	61	22098
7326	108	68
7999	125	2304
6284	116	25025
5731	4	24784
8241	2	6171
607	42	5355
3085	108	8222
3214	40	3897
9343	61	4403
22495	18	4752
25387	2	21199
23601	165	21161
23352	7	1885
4845	54	5708
21722	18	8401
21335	2	4695
4885	90	2376
1323	42	6135
21174	42	4243
2991	216	1899
10127	42	3533
7768	216	8682
24649	13	9463
24501	116	6688
22346	33	22020
21284	149	1165
5333	7	6378
5837	90	9919
5647	125	7073
2155	199	821
836	18	2671
22861	216	1899
3608	40	1618
8102	12	23909
22356	18	2639
5688	18	7179
21178	154	23004
887	12	22374
21166	102	3406
21250	98	5383
5617	206	3476
23610	13	9463
21418	108	23734
10155	42	8249
7981	216	1899
6539	125	1000
23331	2	10065
4392	4	7026
24616	134	643
23674	4	9626
9570	108	8595
1476	33	1110
404	130	5383
9660	7	25062
7342	108	6404
4848	4	3670
22152	66	4063
23563	165	468
25479	33	21046
3938	216	1899
2752	90	318
2738	7	21982
10154	46	22596
6267	42	1204
8321	18	2715
7978	212	21846
1521	42	22403
3312	18	2248
6969	61	1080
5228	131	2619
22674	90	5137
25048	96	3736
10488	111	24928
22949	40	22596
6414	154	5349
4366	140	24846
2797	12	9742
5519	33	337
25276	177	6462
22176	65	22762
2254	199	2826
22629	154	23365
2629	42	7412
22180	40	23247
21661	130	24629
24009	42	3152
1212	90	7893
24324	90	21423
25275	102	3612
70	18	24388
3545	42	23910
21717	90	3841
6813	116	5300
2653	154	23309
21716	42	7813
6260	116	6688
21953	130	23004
7489	4	24794
25344	90	5466
24956	33	3881
4854	2	24548
24713	18	7179
2162	130	24629
7563	18	24907
5822	42	1809
22824	62	22576
6358	116	25025
24722	154	23140
7522	125	22335
762	61	7626
909	96	24438
6244	98	1075
6091	18	183
4011	4	21440
8482	61	1528
5656	42	8157
8429	206	9801
22899	40	22202
5889	148	24093
2968	42	24098
21396	195	4110
23011	41	2765
4456	125	22176
2973	61	9531
24650	102	9009
248	96	2195
5906	38	7690
9884	195	24605
9605	42	1942
6148	42	1517
2102	195	5926
23297	89	9169
5685	130	23309
2197	130	1075
151	18	25120
24801	195	23570
22231	13	22735
5227	130	8037
5557	42	1843
4397	2	8851
1956	213	3147
5528	18	8107
105	140	24472
5731	90	2071
2952	2	860
6900	4	2787
2366	90	5924
6051	116	25025
129	42	4735
9233	61	5350
1032	130	23980
2465	40	6168
5563	61	22602
7369	216	1899
2193	2	6119
3731	4	10418
9660	4	23714
23290	131	1419
22476	212	23135
10235	130	23734
25381	18	7799
23559	96	23559
22751	42	87
1237	130	721
1418	40	2504
670	7	9389
1611	108	5383
23041	18	3352
9518	96	3162
25095	125	279
6618	18	7935
2229	2	21406
5171	157	9571
6997	42	1460
6779	18	23796
7644	2	4223
23513	131	9351
6772	11	5726
22892	2	8410
9262	125	9742
8430	42	9962
6067	90	4530
10410	131	825
4722	7	23078
2218	42	1517
1293	42	25454
25392	130	538
4410	212	520
302	125	25492
1300	133	1932
1888	212	23539
9081	212	6352
3325	4	24765
10103	18	723
22314	130	23734
3582	90	4266
23206	33	453
7496	90	24945
25097	130	8807
1937	2	7107
3330	103	7819
4851	42	21050
24175	195	8544
22765	90	10035
2677	42	1517
6709	216	21791
22455	61	180
4600	125	6301
5077	131	10195
24150	2	21958
23150	42	791
23039	131	10194
421	18	25437
2419	4	2024
8930	42	21055
23206	4	1232
5721	42	7448
22636	195	22438
385	90	1389
1666	90	24142
8488	42	5355
1192	42	5867
4870	61	23439
24784	206	582
23779	42	3455
24035	61	9768
23481	42	23310
9737	40	6396
9473	2	8829
4496	130	23734
2771	95	35
533	33	22414
10096	42	1141
7122	7	5799
3526	2	22304
24247	46	2690
9200	89	23179
22805	18	4332
23787	42	9701
23521	40	1393
23599	42	23390
4744	42	7749
2091	33	2378
23828	2	5339
7380	96	2490
8646	40	21168
2059	61	1676
1120	148	5830
1450	154	25211
24130	2	3401
5638	61	318
21150	191	4404
4960	2	10065
21844	33	9999
23000	96	6737
23404	131	5267
5804	212	22633
5355	41	3150
5683	33	23236
1809	130	23430
22828	108	1641
8843	130	1705
8826	195	23714
5578	206	10280
6217	18	5001
5714	2	8761
1200	88	209
139	42	24865
25088	130	286
3345	2	5578
9228	195	5992
1347	130	68
21723	38	4842
24986	61	24476
3316	130	4725
6221	42	4702
6234	96	879
9901	18	23058
10142	42	6203
752	61	4320
7139	40	1811
23770	46	6397
8521	2	21734
22363	18	131
2585	61	7356
9334	206	22809
10347	4	23349
22994	65	2787
25051	7	3976
6968	42	3207
9144	42	6691
9933	90	3366
4012	40	22596
25110	130	1560
4590	4	4509
21384	147	10317
24379	18	2639
21710	130	23980
5914	42	6153
9873	18	2829
7915	7	25406
9451	42	22424
1603	18	3966
21846	66	22845
8673	154	68
4944	33	8490
22669	33	1000
4110	98	68
24441	14	4421
6862	42	2844
5557	42	22856
7491	7	22278
24584	154	23793
5912	18	282
6353	130	5383
5209	18	2510
23255	130	7580
2533	40	6064
10452	42	22678
1029	18	22829
367	4	24722
8489	42	158
7146	116	5300
23679	7	2227
25064	14	24513
4587	18	21085
3449	40	24200
10069	154	21791
7323	90	6566
6204	4	1798
22693	125	10044
7971	61	235
24170	90	24037
5425	149	4156
7955	4	21390
7805	42	5805
23182	154	68
1012	42	4671
7270	61	4181
4957	125	22762
10314	18	8576
7744	33	1412
25089	42	3949
22959	33	22613
21217	61	1905
21424	2	7238
3099	206	4131
22018	33	22414
1042	7	3764
9321	42	22075
21756	151	7597
10149	14	68
8318	130	8595
6254	154	2736
22272	199	7559
21512	40	1341
2305	42	8056
2922	42	8411
1570	98	25211
3186	206	22020
21652	4	592
2240	154	3967
7604	42	8652
787	96	1106
22304	195	6201
22474	13	9463
4541	130	1195
6889	42	22943
6530	2	4915
24017	4	1399
9888	7	8211
6925	216	1899
2167	2	899
3509	2	1708
6205	108	5383
7039	42	1324
7721	18	23071
1792	216	1899
876	154	7337
629	2	24975
1680	40	6595
8770	66	2863
1086	90	22537
9347	2	5926
22438	13	3001
10018	90	7194
10069	147	5889
23811	2	23505
23762	42	25061
22190	4	24275
7421	2	7346
2658	42	22649
826	125	23135
9441	130	24177
9004	177	22755
7247	61	9494
5855	7	25406
24155	94	9150
600	116	25025
5756	2	10040
5810	216	21791
22246	216	1899
23863	116	25025
9180	4	5926
25374	56	4842
7328	143	9034
21693	89	4772
22415	89	23179
7867	130	6826
3751	130	23734
1020	154	21790
23037	174	6663
10494	125	8374
7470	42	6586
21245	18	4586
22758	42	6699
24174	130	8807
24338	18	5008
25310	42	22546
23033	130	7767
22846	2	5926
22828	2	24548
21722	18	22535
260	125	4181
4967	125	22414
8079	18	21309
1905	2	8851
22045	204	1839
6356	125	337
3743	2	4555
25360	2	21543
22337	130	1903
22756	125	3023
5597	206	5159
21327	201	3403
21728	40	254
5	18	6166
23112	130	24629
4800	42	4362
23682	4	1110
6424	131	6964
7637	116	7313
21921	61	3402
4174	130	5956
9758	18	25317
1262	152	2304
7057	18	1891
5099	140	8683
977	216	1899
23095	4	2512
7324	89	6686
25086	140	24870
8106	33	2649
4178	125	21623
24772	125	1744
2158	2	23018
5035	33	2304
2651	2	21527
3407	182	9165
1190	42	5495
22664	90	5046
23954	181	7819
6007	42	5355
5042	42	2578
24833	131	25187
21603	18	24718
23556	40	9082
1869	56	7690
4128	90	3301
22569	130	22466
7153	61	23992
3466	2	201
5432	42	7308
21352	40	24722
8418	216	1560
3771	125	4564
4549	7	25073
510	18	2675
6098	2	21763
23437	139	3270
2081	216	1899
21103	4	21219
2041	42	6017
3133	96	6408
21207	33	24469
2510	18	5209
7582	140	947
1151	130	24487
1352	18	2097
9024	42	5306
24243	42	3258
2573	42	21234
6206	7	2165
322	33	309
24584	130	24229
6197	99	21394
219	125	22636
10171	4	5551
6037	18	4349
3855	18	24509
1413	154	22545
4910	216	6708
1533	41	1214
6413	42	24973
9298	130	8807
21737	42	3949
1522	18	6182
21422	42	5839
673	18	7018
3898	42	21457
4547	116	5300
24650	151	3268
24544	199	1437
21168	89	23179
5452	4	3970
2086	42	558
1283	140	6127
8585	40	21471
6126	90	7977
8153	216	1899
23644	40	22588
8363	42	9069
23075	161	21704
22809	98	23325
3902	42	2792
9597	42	22337
7790	4	24581
23306	130	286
23670	18	24510
23803	108	25211
25052	14	8807
24071	2	6119
6720	125	8851
22551	206	3375
10425	13	2523
9359	42	2961
10012	42	1404
24315	40	589
5833	18	9707
6005	2	6722
21154	7	23535
22920	216	1899
6613	42	9162
4171	130	22770
8392	18	8753
6577	18	1924
8940	195	22116
4139	125	24446
3172	42	21976
23636	98	24554
2521	212	22409
7932	42	1577
3565	102	3018
7170	42	4077
9042	182	25058
24127	61	9776
23039	154	23309
23044	130	3410
23666	102	8853
2364	125	3670
10336	125	23437
22815	33	7814
1992	42	9840
24465	40	10381
7858	18	8342
6666	61	8380
22900	33	453
8941	7	23342
5444	7	2371
21384	147	1572
625	61	340
25465	61	2937
8320	42	22787
25006	154	8293
5435	42	2032
24228	33	3719
5378	2	860
3325	7	10370
24120	18	8033
9025	4	989
3150	60	24262
25214	61	7489
1571	195	9407
6321	24	6949
21439	7	858
24095	12	25194
5557	42	3054
9407	130	2471
5436	7	4386
8988	42	7837
3683	42	5167
466	4	6052
1170	61	8415
7284	18	1936
4744	40	24563
9274	4	25450
2952	2	23386
3826	130	8630
2290	50	286
8112	7	9647
25477	4	21321
3749	38	4842
24787	125	9925
8544	195	8940
9312	131	7861
6206	61	24468
23106	125	6532
7827	30	24271
24952	40	6685
24230	181	23793
6505	40	10165
22297	102	4187
98	212	21725
24256	2	24951
3220	42	6803
21959	14	25211
24782	122	1821
21301	98	25211
9839	42	24242
25422	66	22061
23589	42	8610
9046	90	4319
7443	42	653
9295	90	4135
3424	42	9035
21507	42	25443
1523	2	5653
8973	174	5121
8345	7	8137
7782	212	4277
652	46	22859
8594	2	22020
21547	216	1899
25387	42	24449
23777	99	4673
7399	18	6849
2440	2	7007
22218	61	23740
22194	42	2296
9656	42	3512
4778	125	4705
4343	46	6397
10171	2	5551
7931	90	7345
5149	177	8000
22110	18	23103
24431	2	8851
4513	90	645
22239	42	4761
5116	4	7374
21286	106	21619
22997	134	3309
2592	33	8490
6838	130	2441
2929	90	23992
22614	130	23430
698	4	6103
5333	61	9579
4259	13	7006
24566	90	2823
3164	206	1570
5298	212	22963
1548	89	5586
22351	2	5127
10102	18	10119
3910	130	339
3666	18	7547
6152	65	6636
6658	33	2512
6162	4	21818
4034	130	22785
5362	116	1964
913	2	9804
5476	7	23625
3216	42	7419
4941	90	8549
21780	212	22176
4681	61	4398
21673	140	4045
10491	96	3064
23898	89	6913
25317	18	8987
2837	42	8370
6849	18	25408
7601	115	196
6727	96	22013
23129	18	24970
5387	4	5132
23288	33	9447
3353	154	21334
23854	12	25194
23293	130	9581
2160	18	6481
8909	42	3551
25098	130	2784
22224	61	2962
8218	131	5267
22279	61	22931
3890	42	22615
1285	130	7538
4485	42	9595
8537	42	2001
9534	177	24621
7100	42	1011
25089	2	2624
9740	154	6122
2179	42	22745
24036	90	24075
7122	212	5926
482	90	4932
1800	90	24124
653	154	23734
3018	151	3565
21856	130	23978
7163	119	7163
25024	154	23980
3686	2	4163
6505	42	2896
21203	42	3551
3946	18	6042
23732	130	23868
736	125	1000
604	130	22466
6032	33	6352
25097	89	24351
973	90	24776
600	40	22991
3745	42	2942
2549	46	8364
3366	33	4902
22952	108	6404
5797	130	9581
3511	130	6282
9546	42	8069
22848	154	68
2874	36	21210
3458	130	8037
21588	42	10457
24663	154	68
4574	18	25458
8749	134	643
8288	167	6660
10257	90	23395
4013	103	2311
6031	90	24877
6715	125	8490
4732	7	22722
9467	90	7418
4251	96	6614
6787	102	21496
7400	18	25359
5697	108	8807
22203	7	6781
9417	4	8232
2546	130	23734
23101	42	2515
787	96	1877
5175	196	3540
21990	7	8137
21577	212	1000
8799	212	3810
5336	18	23656
21347	2	9742
8489	42	6135
5460	195	405
4348	18	22046
24975	130	868
309	98	23734
7651	130	6498
5045	18	1430
9896	2	22761
7483	42	1929
4836	90	4983
21193	177	9082
3013	216	24485
22911	42	22337
7822	4	2024
4031	42	3555
6792	96	3029
1606	147	5889
7177	96	6069
6570	66	2254
8412	42	3391
7370	206	23791
24334	14	25211
1967	2	4942
23155	33	5062
4079	18	21904
23016	212	3314
7362	40	25397
8015	90	2583
5505	195	24437
24101	61	5473
874	130	21109
9197	61	4394
7678	89	7531
4730	42	23284
22933	18	22070
25087	4	25462
24391	102	154
603	33	23068
8782	90	2931
7892	61	3085
514	125	970
3753	88	24511
8387	42	3960
10360	131	25078
10005	154	5383
22304	195	22176
1019	42	10473
23600	18	3672
23486	130	25211
7200	2	5926
4508	46	9953
7390	7	10361
23239	61	4612
751	33	2304
9116	42	22848
887	42	7405
3350	154	4275
6177	151	10297
6602	40	24119
2012	61	9760
21284	40	23654
22800	130	21210
22607	195	1391
22463	42	25289
22602	212	5159
9316	89	7592
7417	130	5955
24171	38	22951
8419	125	3670
3535	154	25211
21102	18	1963
21761	18	8553
9297	18	25438
5452	42	8371
24711	216	22951
24734	154	21210
3913	18	1161
5584	90	1832
978	4	5260
2531	42	23459
23424	14	721
364	42	3156
23340	42	1458
7181	12	10291
10305	42	9218
718	90	9845
23570	98	68
8893	42	8572
7005	90	9907
2288	130	24629
5265	116	1489
1291	18	7786
1795	116	8100
5130	2	2394
9701	154	68
21087	61	25060
8321	18	23129
4082	108	22549
23157	2	3833
4603	212	23236
190	99	4501
21346	96	3180
5673	42	1089
21171	42	994
3723	90	21439
3377	7	7746
22033	212	10280
25423	4	22762
838	18	24646
4085	216	1899
6489	2	24443
891	90	9148
7537	61	9959
7378	2	2272
6475	18	22712
7708	42	7737
22711	61	24130
568	151	1454
3084	90	7083
7442	61	10425
21648	18	5217
10146	42	7894
24690	42	25449
21001	18	4723
23035	90	2984
7480	18	23100
22468	90	25059
10200	2	6722
9355	108	25211
9746	7	6378
7544	125	22485
6002	206	5172
1256	7	5828
1389	212	4001
7176	7	8529
23597	18	2855
5625	4	7288
286	140	2146
5829	96	23190
24488	116	5300
3155	154	4421
8899	89	7751
24733	42	23156
10338	42	9330
3094	42	22979
22290	33	22613
21498	154	10244
2	117	22951
3189	61	8859
21613	90	25480
23195	116	25025
7052	125	6201
9989	42	3162
5986	2	2024
3190	108	8807
8503	125	5926
315	42	5916
1049	130	25211
3108	96	5916
24787	4	6065
6198	42	10381
6865	154	25211
24993	154	8807
5138	2	3690
2977	2	24786
836	18	8039
25290	7	24392
1725	13	2523
24104	12	22374
23208	61	1065
22386	7	2099
24944	207	2573
4612	61	25372
4168	2	3109
2003	18	7466
1935	108	10095
6632	4	8787
22175	212	22460
25236	90	2199
22918	42	24287
6304	130	641
5892	18	2426
685	125	21330
9226	212	1754
6040	61	9564
23748	47	24420
8084	201	9204
5513	130	5702
2931	2	3670
3344	61	7823
7742	18	7347
7102	125	22613
8279	33	24730
1082	66	436
9331	90	24962
1458	14	68
24014	18	621
5941	2	7456
21506	195	1538
25187	41	21791
22810	2	8851
21947	154	22785
21181	42	21222
7493	115	22999
7590	90	4585
25050	154	1411
6684	42	24602
8104	130	6101
177	61	3589
263	90	22486
1275	212	22636
24325	18	3082
4696	90	2027
698	46	2048
22697	40	10176
21314	33	309
3300	195	5339
23297	204	21791
4382	90	2444
6407	18	10087
21937	42	23621
10124	61	5274
3993	2	22228
8882	116	25025
6787	130	7212
22182	61	3475
7605	116	25025
4498	7	8990
804	90	7518
10341	40	25134
5637	216	6924
24450	7	22657
833	2	23585
7091	2	25268
5737	40	6130
21144	125	25219
3256	90	4549
1181	154	25211
6617	203	6594
23627	108	8924
24104	42	288
7750	2	22569
24193	216	1899
21590	18	1029
22161	148	4235
9574	4	9133
5387	42	22634
23254	18	10295
129	42	5080
3694	108	23734
4354	42	3455
22402	90	23778
23447	130	7075
3303	42	4307
4754	18	1342
2548	18	1728
9329	2	5926
6167	108	21790
24045	4	10381
6409	130	5383
520	13	25025
1808	18	25439
8305	42	7622
2747	145	6469
23294	33	2917
24690	42	1932
5764	130	6947
3931	125	23791
10021	18	25407
5815	154	68
6831	131	1439
9470	4	25326
23524	125	4630
22940	41	6663
4184	18	7826
10288	7	3282
4375	2	22032
25257	42	1274
5740	212	7814
50	4	10381
22279	90	6653
8087	42	3258
23403	4	1919
24292	177	445
8288	18	21519
427	4	21528
8419	4	3670
6268	4	3670
4687	61	246
3312	18	5977
25374	56	4505
9443	175	25378
9205	18	4872
23148	42	8860
975	42	6389
22939	42	7242
7472	96	25352
21896	42	7797
24258	18	151
5234	115	25029
2088	147	4111
1364	42	7749
3477	148	1868
25398	40	23842
3438	42	23933
1387	42	2161
25417	4	24975
7016	42	817
21494	216	1899
5494	18	3444
24161	42	5144
23216	7	420
1422	42	722
5617	206	21846
7657	212	3471
705	42	8492
21682	182	368
9700	181	23980
21230	108	23734
3126	115	2135
5605	2	3670
4617	42	22536
9138	88	2916
6564	33	2304
21712	61	51
7057	18	8343
4678	154	7263
5331	42	274
9352	4	2891
3510	4	4163
2160	216	1899
5834	18	22022
21453	7	1071
25249	7	23488
7631	130	8807
25407	18	2723
25323	140	9539
9781	195	3314
22981	154	945
3378	18	4631
21939	18	21794
23106	2	6532
21331	2	4163
1597	216	7337
25163	40	9617
6240	7	3764
4749	116	25025
3488	42	7405
9206	204	21791
22248	4	24599
3187	66	3551
23234	42	1058
10184	90	9086
3117	216	1899
2405	7	595
9713	130	4945
8618	18	21065
8385	40	7111
7695	42	4975
7155	154	23980
4004	116	6752
4250	125	21627
25317	18	4046
3924	18	7284
6008	89	4772
1380	7	4248
3069	116	7408
2912	154	25211
597	125	3719
4961	89	9975
2869	42	6295
22345	61	10045
25414	42	4307
3593	10	3601
21696	18	1545
22468	2	8761
3106	18	5854
22474	4	21623
3137	42	6811
3136	4	1798
4648	38	24629
24871	42	6149
8395	40	24360
9400	154	3150
7134	18	1216
9601	216	22905
4645	7	6782
6943	7	10083
24233	133	5132
3527	204	22951
2205	18	3597
21581	4	23247
1468	7	9313
24251	216	1899
238	42	22490
24557	4	2936
9883	213	22200
4835	18	10313
6624	130	8807
646	61	1064
4629	2	23068
198	42	3827
6769	42	1255
23545	42	24865
21359	42	3643
5017	42	8718
7188	130	22197
3061	96	3618
24517	18	22185
2994	2	7456
5332	154	5383
23053	7	24710
22272	29	23905
24945	4	2474
657	61	7875
6220	2	4163
4160	14	2765
7119	2	8761
2119	108	8807
9866	177	8676
21372	4	24784
23466	33	9999
1505	89	396
3026	7	23258
10184	2	8851
5300	173	8788
21017	206	6532
24301	61	1495
936	192	23200
24359	18	23389
3771	4	21627
3280	130	23430
401	42	1911
8529	13	9463
9144	40	2339
1409	206	25494
3886	18	3354
3631	2	8139
3362	216	721
23926	177	1598
900	18	9062
22654	33	3881
23623	151	25108
6953	130	2926
2475	33	9334
3227	2	3432
2374	116	25025
8825	7	23142
4499	4	6259
22504	88	1396
22980	216	1899
885	154	22418
23023	96	22895
21018	116	25025
7014	2	9426
6331	42	1601
7164	4	5127
4770	130	23325
681	2	902
8470	42	4894
7219	195	2915
2243	212	21063
3672	18	23600
8519	42	10374
4000	10	23609
24519	18	1891
21408	131	25187
6130	154	25211
319	4	2512
1121	61	2857
8318	154	7337
21570	61	25367
9409	84	24629
2316	61	24068
24501	42	22895
5611	42	8152
3768	4	7288
9500	2	6722
4730	42	7841
21855	154	2441
3740	72	5982
2478	42	6235
5559	42	3379
10247	90	2966
9342	131	1447
1594	61	22955
7248	18	1575
1267	7	3738
5164	42	21108
8041	42	3308
23219	212	21646
8174	42	21076
3911	18	7397
2889	40	5477
23474	2	9522
580	42	4234
4200	33	9522
4908	18	4663
9295	4	25330
23599	42	2961
22976	154	22017
21888	61	21960
24659	33	1108
5057	4	22414
319	33	2512
8463	42	7606
2797	42	22176
1328	61	4351
7589	130	1331
8969	212	4110
3000	12	10291
9492	130	5349
3170	61	10435
2377	13	9463
4888	212	24458
6264	89	25109
23166	42	21457
7244	90	696
23785	42	6028
1913	123	5383
21759	18	1068
8611	61	6435
21423	90	25162
740	216	374
23254	18	802
6881	7	8
22995	42	3332
4224	130	1641
21979	42	22490
473	18	10414
2419	212	9801
1115	42	23891
22599	90	822
2828	130	25205
24679	7	4481
5302	13	9463
22318	154	10269
10163	42	22536
21447	15	68
8753	216	1899
4733	42	23255
3773	125	23570
7878	4	8375
6198	40	10381
2202	42	21220
998	154	4335
24765	13	8998
5292	154	5113
8708	130	2176
21331	33	23391
697	42	988
2712	196	9609
3430	18	2116
5897	42	7516
23685	130	5383
5978	130	6944
9914	2	9981
3788	4	9082
4535	195	25497
8193	212	2304
8467	90	1581
2185	84	3150
2112	212	22631
8849	42	22327
10154	40	22596
10269	103	7819
2822	33	24730
22790	140	4045
122	216	1899
10448	2	10044
1200	42	22536
7267	90	570
9284	40	23571
21034	102	8223
4508	42	8946
1235	2	4695
5533	108	24554
9491	90	2475
22302	2	2624
2097	18	1352
24178	61	22080
25417	33	22994
23060	2	6462
3110	213	3108
4676	58	7376
1388	42	10136
7981	18	2207
3085	7	4403
85	42	3169
24058	18	10220
21225	42	23891
2454	130	22854
966	90	8448
7001	154	1899
3884	42	4755
2917	13	22735
5134	4	24830
2879	4	6352
7275	108	6282
1793	7	6457
8594	125	22020
23683	96	25385
2182	7	22594
10440	7	8638
22433	2	899
5012	212	2638
1084	216	725
10129	2	9530
9128	130	721
21674	42	1601
1257	33	22176
5353	154	8447
10446	2	24914
4400	61	7638
4999	212	8357
7471	18	6936
6739	18	7785
7016	42	22450
22266	130	23734
5652	216	1899
22752	42	6796
4749	116	6688
21992	33	7133
6240	33	6352
4851	116	7408
8764	18	1661
24947	177	7701
22093	130	5383
5914	42	2844
22044	90	4263
3100	177	164
22444	13	3001
2977	7	8338
9520	40	23034
4071	58	22115
6392	90	24595
24490	116	25025
25323	120	22965
2662	4	6001
22773	2	24275
3186	195	9881
10216	108	23325
25207	42	316
10148	42	10245
901	125	8148
8806	42	4145
23598	42	8770
1737	206	5744
12	18	23821
23959	2	9804
7702	7	2217
7164	4	2024
22085	42	7238
2564	2	2624
23049	33	21440
414	130	342
23503	140	24846
22510	42	23621
24216	96	9942
6116	147	4272
4153	212	5744
22709	18	2200
7622	89	3369
7024	18	1481
22394	154	22889
795	18	8181
9653	154	23980
21539	42	23000
24263	36	3718
6446	206	9403
607	42	25379
9079	38	7512
5655	134	4174
9425	18	25012
10497	90	6220
9803	148	4171
638	4	23783
24453	4	21744
1590	116	7408
22109	154	4064
21343	4	6352
2091	2	2378
24231	61	646
2051	90	9350
1850	96	2221
21176	42	5202
2306	130	23136
6394	149	23019
9993	61	24676
4478	56	6322
8746	11	5383
22552	115	3016
2999	130	2682
21964	46	10224
6775	2	2782
5938	4	4515
23199	18	8835
1468	90	711
10233	7	2381
10383	90	21686
543	204	3370
1287	42	22979
23275	96	25090
8042	18	4470
6922	2	6722
24634	90	10483
5491	192	21791
5458	18	6215
3802	216	1899
6338	42	6598
9393	61	3800
22825	33	2512
23866	182	24321
9909	42	8691
4919	4	9804
10306	2	22304
8603	175	22757
1411	216	24485
7866	40	25373
7947	2	22304
2188	216	7337
9812	7	3737
8526	18	5528
24705	90	3804
3658	18	2300
24560	7	22605
24747	18	25458
24047	42	3897
6395	2	201
8529	90	10319
9290	42	912
9432	90	3530
5546	42	25098
3678	4	9742
3414	130	24629
9941	4	25064
9788	206	8410
10054	42	7517
7917	2	24975
4977	108	24629
4654	212	2304
4129	7	3838
666	42	5341
24024	2	10025
24193	18	3439
211	2	6755
3380	18	3688
3531	212	22020
2967	212	24023
23674	61	9196
1653	130	6101
4687	90	4434
9491	7	22593
9442	56	8956
7293	13	22735
22085	42	4894
9762	33	5062
22830	40	1999
21496	102	3921
24598	61	4062
640	42	8404
3937	2	21528
21434	18	5232
8035	154	21681
21740	151	22024
24114	42	8196
3609	36	21210
23708	2	22648
23024	42	9306
22096	40	7312
24094	154	68
1822	40	25013
6141	125	24965
23150	4	24922
5098	4	21473
553	42	23190
23206	125	453
6231	2	9463
25256	149	4195
25407	18	22184
24855	4	2989
9129	42	21086
3409	131	21310
4553	18	21121
24951	195	24786
25196	108	25211
10330	41	8807
2777	216	22418
571	130	1074
22328	131	21854
5995	2	23757
22178	116	5300
1739	154	22951
6556	42	23485
22138	90	6230
1211	18	6859
8532	4	8366
21192	102	9807
23680	130	7767
21569	81	24531
3227	40	7869
2375	18	8012
6489	42	10473
220	212	336
22345	33	8357
9224	42	9107
1349	116	7408
1245	215	1964
350	42	8606
9327	7	4249
7378	212	25032
5939	99	5268
21492	131	6371
9296	130	24629
872	2	2472
5814	41	22418
24252	7	3738
24357	84	8682
4662	90	873
21440	206	7879
9244	90	1628
9096	212	23650
22256	96	22999
4278	90	23877
4832	2	21406
703	116	25025
22601	130	1075
5223	42	24973
6107	40	22991
3411	154	6101
21252	4	6052
274	130	24025
21156	116	5300
21332	96	23726
773	42	25362
23918	90	329
22750	90	2062
23912	40	2442
2614	125	453
3141	42	3564
5456	7	2125
7573	4	7056
23763	42	3998
5677	42	22707
7948	76	24912
4963	96	2698
21221	130	8807
22420	154	3936
7485	2	24145
3792	42	8913
3750	151	22425
10248	2	25134
1746	33	22460
221	7	22114
5763	195	1952
5426	13	3001
962	154	23734
2943	2	5743
22652	2	8232
9033	154	68
9453	130	4893
21188	130	23980
21357	18	24592
25316	96	23247
9304	42	438
24687	177	777
3150	103	23309
6793	2	24365
3802	18	10354
271	96	3996
835	18	2128
23817	206	21846
24093	147	21508
5036	7	23160
5435	42	23459
6641	2	6329
23232	40	2546
8194	90	9775
9995	216	1899
7141	143	3369
5306	130	8807
24312	89	22529
6580	42	25351
24533	2	24975
6652	108	24594
23098	40	9571
7975	115	23099
2591	2	23955
21010	42	8157
7	125	3717
2724	90	6710
24644	42	5196
3384	212	6257
4190	206	8375
5913	61	1820
24631	42	9026
544	2	8490
7473	130	22854
4348	18	2157
21059	125	2917
1693	102	10490
22444	125	21440
6688	35	3073
5296	206	9100
5716	4	508
7325	42	4362
5299	33	7073
21730	18	183
21729	2	23714
4570	81	2470
5441	216	1899
621	18	22993
21735	140	6441
5850	18	24008
21262	42	8668
9460	40	22107
4247	131	4912
3216	42	5531
4853	216	24629
5179	2	1341
8873	33	22698
25326	130	8630
2653	130	3150
2500	46	2194
24655	154	7337
6361	18	6475
23788	12	1213
2675	18	1130
831	4	7374
23195	42	1877
7089	4	5926
6312	13	9463
22813	212	25497
24462	191	7066
6588	7	2381
1433	2	8136
7831	204	7767
305	90	3916
23909	130	22630
21061	42	9642
21432	42	2250
2687	131	1219
7788	18	4587
3094	42	860
21573	7	25377
7625	64	3060
22053	125	6847
7197	212	21646
412	90	7525
8171	18	23341
9622	18	6320
4262	2	23151
8980	18	7710
5397	7	3789
1073	18	4841
6348	61	25049
9791	2	7455
5842	103	9367
25409	18	548
7597	89	4798
9653	99	706
8718	130	25213
10049	35	23840
2547	42	23945
21713	33	6119
4989	116	7408
5898	89	24351
4947	130	339
8811	130	23734
6096	61	22230
21847	130	7967
22563	130	23734
6401	33	8490
716	215	25378
5986	2	5127
4306	42	2646
23714	195	21627
6370	42	5811
1782	125	9804
22156	42	217
7454	13	2523
1420	116	25025
7754	40	21479
22507	89	8266
10033	125	23391
5806	116	5300
9370	42	10275
9909	42	4931
9336	130	22951
2425	42	964
3824	42	2660
22241	18	9752
24583	90	23402
7813	130	3926
9544	40	22233
993	33	23437
22946	42	22105
4731	33	4564
23265	116	7408
23105	125	2512
22280	108	3215
8653	4	24372
7346	154	68
6349	42	585
4626	213	21927
23763	140	6313
3695	4	7717
10229	42	9505
21736	2	4898
23586	108	23734
628	40	10165
7103	212	25363
4451	90	7363
2982	130	8807
7477	130	5383
6772	179	7512
21057	18	25239
7868	18	24078
23254	18	2190
344	108	68
24193	18	7031
21897	108	25211
5087	154	25211
1400	2	9080
22361	40	21680
7950	46	7367
21997	204	1899
1819	33	1108
9876	90	8878
2335	2	8829
22404	90	1429
6852	18	5991
3412	101	5371
21503	33	9759
5925	61	10129
25132	90	5302
5074	42	10434
3870	196	8252
8514	130	7385
9988	147	3453
1356	212	4360
22303	2	23683
916	61	830
4932	61	482
25482	61	2092
2829	18	6459
2985	42	22266
6251	154	24305
24805	42	5504
7900	25	21791
22283	40	9082
389	33	9999
7884	4	62
880	216	1899
5245	2	21527
25264	130	5383
8081	42	23484
1679	18	6634
1420	42	1032
21136	7	7332
1442	90	360
2464	96	4326
4091	40	23533
235	125	3881
3059	18	4849
9930	125	1744
3434	165	3952
4854	90	6770
23930	130	22639
2763	42	8513
7907	154	68
8180	154	6255
6175	116	25025
91	40	6462
25239	18	1216
4163	195	5767
7291	33	21330
3815	18	21119
9790	116	7408
7569	125	22414
4191	2	1969
6094	58	10026
3805	42	22745
2820	130	6944
821	180	667
661	7	22028
24022	40	9714
2616	61	9104
497	33	7415
2187	4	25193
9832	130	25490
22924	42	1025
23714	206	9447
5707	2	21623
5965	154	4725
3247	130	2765
22644	103	2778
1844	18	8146
21120	7	7746
5172	98	23555
603	90	96
25428	33	6201
4406	42	9103
7445	42	25142
1803	90	6835
7897	42	7451
24899	40	5196
21784	181	10312
5731	125	22414
24470	42	2613
10294	191	1865
4880	90	3711
7324	130	25213
579	18	1661
10436	18	9464
25409	18	5641
2471	103	6404
4024	206	3300
3601	130	1651
24324	2	4024
24289	42	10041
21962	99	5813
6455	212	22176
23889	13	7900
8636	216	1899
5219	130	8911
24755	125	2304
4679	96	5182
21317	2	8981
4583	18	23100
7424	130	7974
5101	42	3923
1259	125	1108
23365	18	22131
3887	89	4844
6281	2	10025
1223	7	1210
1455	46	23633
23969	90	3177
8305	42	21646
23158	42	8800
9749	4	22414
1019	116	5300
3484	204	3803
6147	118	5776
6610	7	8190
7554	108	68
9216	7	21670
22780	42	267
7152	42	22330
9520	42	21976
5474	108	6255
24664	61	39
5806	42	22707
283	199	8176
6277	130	6404
24421	18	5834
4354	42	8794
24802	2	1393
9284	4	3472
3014	40	23533
3769	42	8652
21671	116	6688
21594	2	22762
24431	13	9463
3636	182	10128
1582	130	21790
1228	108	21583
21608	89	9169
1131	116	5300
6591	130	5956
4280	212	25431
4150	216	1899
8944	42	6999
5203	42	3207
25350	125	22032
25025	192	23140
4349	18	8293
7938	42	3393
5624	96	25430
6892	154	23980
22353	18	10103
22284	130	9557
4432	90	7041
2668	216	22951
7497	131	3817
1450	130	8768
2440	42	7410
4644	116	25025
3173	4	21474
7017	18	2066
10073	14	25211
21052	216	21791
8075	18	1072
24919	14	24364
10162	96	5418
23546	125	24975
4422	154	23356
4185	125	1108
2826	147	9714
5679	90	25293
23029	2	7354
25417	90	8675
21995	61	25164
1488	89	24118
25146	2	336
3377	125	9259
21811	130	23980
25416	2	6803
25416	116	7408
5561	18	2774
1958	2	860
5054	130	23537
21646	206	337
10013	90	229
9768	2	9626
22886	130	22170
22322	2	21623
2570	125	1710
7160	99	6899
10032	96	6787
1891	18	7057
5927	152	7073
25341	4	2746
23611	154	8512
9656	216	21210
5863	42	25204
22362	42	9797
696	2	3300
4338	212	23624
10405	42	5797
21944	132	6113
9800	130	3150
23655	212	21017
10081	2	8410
21441	42	5202
1512	204	22639
3232	120	7703
73	61	9677
3312	18	7645
5743	65	22964
2043	130	7925
7817	42	4222
4075	42	5574
7647	81	24928
4177	130	5293
1559	216	1899
25055	18	1072
5825	212	21627
3279	61	24089
10343	206	24790
23629	7	5823
7195	0	6617
6839	4	2024
7488	46	23201
22821	125	24786
10172	90	2588
6770	2	24548
4216	12	3532
1124	18	3911
9185	18	4436
1800	125	22414
6727	201	7575
10358	42	22834
8498	154	21791
22675	18	9205
22483	154	2441
1024	42	21627
3716	4	21744
4376	40	3031
9105	40	10381
24411	52	6702
8162	2	3670
7232	125	24786
9945	95	3749
2819	90	25273
24732	216	1899
24938	90	1160
6486	61	1639
3037	130	4421
7654	42	3393
21451	125	6201
23348	96	23117
24418	204	3718
8256	180	21240
3911	18	10193
9022	108	22789
4438	212	25032
4616	154	8630
9787	40	9714
24104	42	1622
2974	61	5003
9398	61	22258
464	7	4319
22966	90	2338
6692	42	3594
5641	18	4566
339	16	4945
4184	18	9187
3184	154	4335
25184	42	22745
22146	33	8066
4600	13	3001
6645	42	25315
1971	42	22092
9292	61	570
4631	18	8692
7068	213	3147
7481	130	5383
23351	7	6969
21316	102	25307
23119	40	24914
24701	42	21275
6720	7	8190
24867	54	24867
1476	2	1110
1470	42	24254
2350	96	1501
4365	42	3634
10469	2	22613
2210	42	21220
16	90	4787
3378	18	7409
22019	108	3215
5628	18	4073
5439	61	21709
23525	42	4328
1167	4	1737
5563	2	6680
24060	130	1839
9070	108	23092
6132	61	521
6187	130	8446
5158	90	21088
9891	116	25025
23528	116	5300
9207	65	7514
1372	89	396
25396	42	4755
7883	53	22887
7854	46	23201
9355	4	24293
258	42	24084
523	18	21849
5449	108	23734
3227	116	5300
229	212	8461
8458	195	6190
6121	18	23934
5671	151	24438
5772	2	4194
25268	130	25211
23429	116	7408
5731	33	22414
1207	33	453
24669	125	3670
629	61	4400
1440	90	366
8875	42	5583
9377	212	22414
9203	4	22414
22807	216	1899
21409	177	8863
24941	7	8783
6316	131	9312
25143	47	3310
7419	154	25211
25419	12	10291
562	212	3719
8908	18	5462
24686	216	4500
6494	125	24790
505	40	1097
8343	216	1899
1342	18	131
1400	4	9080
142	90	22593
603	33	23437
21587	42	8250
25012	18	22052
8429	65	1754
5126	154	68
4166	206	25363
24107	131	8773
6878	61	2044
1517	130	21681
23392	96	22327
8435	42	5153
3904	216	10208
626	42	23838
22140	42	4194
5824	50	5702
22053	2	592
9599	195	22434
10253	96	10381
21572	90	6781
9062	18	1575
2853	12	5706
9762	4	5062
7427	148	7246
5622	154	25211
10245	89	4772
1874	2	2272
25388	90	3831
678	130	7263
8253	130	2926
1079	116	5300
21362	116	24853
3313	148	22191
7815	12	2809
2126	42	23602
7437	130	2441
7741	42	1740
24416	116	25025
10049	119	1117
22514	199	320
8917	18	1068
23534	40	25301
5499	72	1209
22845	195	3476
917	42	22678
1756	2	23124
23720	61	4135
10020	196	10467
7511	42	160
3158	116	5300
1324	130	286
807	154	8956
22214	165	468
25348	2	1969
8786	42	3258
23887	61	5864
5453	130	22418
9510	18	5441
944	13	3001
4517	4	8312
4028	42	4036
2602	2	2782
7079	206	24133
7414	179	1560
5027	18	8209
21550	40	23022
1752	102	1642
22847	2	336
23653	116	5300
5784	116	7408
6788	125	7073
5108	61	624
9749	4	6576
8868	18	1430
2810	140	6313
23135	13	9463
2370	40	528
3945	61	4301
2221	130	8807
8938	42	24973
8385	40	10381
1387	215	4374
6565	4	557
7889	116	5300
21914	61	21940
22939	42	25061
9144	42	3827
24282	81	21556
25364	130	8037
10043	18	21547
5328	42	230
9397	201	2254
1398	116	6752
22241	216	1899
6482	18	23670
21723	216	5403
617	42	22876
2789	2	1393
6595	96	21275
6521	42	5504
2133	4	23714
25193	130	21790
10177	61	2324
8306	130	3936
22674	61	23855
4968	46	2690
2117	216	6802
656	212	6352
2647	2	24057
4739	13	9463
24588	130	2470
5041	152	9801
9944	61	9282
21973	103	2807
25296	4	8826
2445	130	25211
665	4	25343
9872	90	23820
21781	61	24082
664	125	9965
22161	154	3034
2290	102	67
4437	4	3086
3442	154	68
5672	215	1964
6232	125	3719
8689	42	22370
8967	130	8807
7369	18	24433
4670	177	445
24281	40	1168
22295	4	962
23238	42	4307
22616	2	9193
23350	7	10014
25032	98	9581
23952	154	3150
1279	18	24169
864	42	21457
1593	99	1856
772	42	9842
7346	206	5767
8290	212	2458
25325	42	8507
3953	24	6949
24816	2	8851
5453	151	4322
1473	125	22032
1421	42	9036
8441	130	24229
4223	130	9581
3637	147	3477
9550	61	22777
22156	42	9153
1098	14	1411
21230	4	24830
2975	38	2765
5123	90	2396
23714	206	22414
5213	90	5697
3489	18	3547
2825	18	21112
21060	7	4965
23804	206	6768
8314	43	23793
21593	40	9348
6834	33	22414
10162	102	599
2610	4	23044
3959	40	2760
6926	13	3001
4390	108	23734
4187	131	22297
4347	42	6699
24571	154	23734
24931	2	25210
21270	42	21153
9702	4	21623
6252	42	7395
7628	42	5792
23425	42	2392
4430	61	23241
22229	42	22536
8988	42	8352
3482	61	3525
21096	125	22414
9877	99	21394
8727	42	4637
3951	2	7853
4663	18	21685
7604	42	5963
24139	4	22335
21644	42	5093
25415	2	9981
25378	134	8413
3258	130	4807
23431	116	25025
9260	130	22549
3265	212	2304
25363	195	21383
9762	61	21752
4137	130	538
6632	40	8787
10480	2	6139
23573	96	8150
2872	216	1899
3488	42	8800
21342	2	7734
23028	216	721
23711	154	5050
6208	42	5373
5800	4	23996
9612	131	22938
7722	18	23789
9869	40	22991
7456	130	134
9038	130	1411
3671	61	2854
24586	42	6737
24269	18	8293
22411	89	23075
19	33	1000
3776	2	2624
23450	165	9543
9811	130	23309
21147	14	25211
22813	108	25211
25485	42	2156
2349	181	4895
23405	125	582
24437	195	5172
7259	212	21063
24613	2	592
3614	154	769
6033	151	23434
5058	61	4804
10017	2	962
4866	204	721
1302	55	9742
5208	90	2401
6813	42	5898
4266	2	9522
4515	130	3967
2629	42	25362
21298	2	22871
1155	90	6031
3612	131	3396
21453	2	9956
7487	66	7743
7218	177	4489
25107	2	9714
9549	40	4898
9982	216	1899
2593	18	1728
10336	7	22103
25487	2	8761
3303	42	1517
21689	42	1707
4457	90	24327
1234	2	5196
6521	42	21848
3417	61	8621
3474	42	3152
6862	42	21653
2943	2	8431
21557	147	7608
22653	130	24629
3400	102	1443
1645	130	23734
9830	40	9239
9842	130	7212
6409	130	8807
25174	90	10110
7330	40	4194
8841	90	4847
7180	42	24812
21342	42	5272
6281	40	9617
24161	42	527
4719	2	22853
1240	116	25025
2035	130	23980
3141	116	5300
8922	14	10095
22098	4	5926
21	130	3936
5935	42	7481
5692	18	1216
3986	18	22057
23759	154	6708
25263	7	2101
23901	125	5351
6572	33	22636
23410	7	1292
25435	116	24853
21429	116	2605
2703	61	4651
1368	116	5300
10396	130	8037
23606	212	5339
8027	42	10374
25377	212	10044
7143	12	3623
7888	61	21155
23667	130	23980
7398	18	2280
6575	212	9123
7793	125	24730
21916	212	7354
4495	42	22612
10350	42	3230
8075	18	9510
2255	40	22648
4829	7	6368
25474	100	24812
305	108	25211
23936	42	8898
21047	18	23259
7420	4	7477
21875	7	7993
1643	116	6688
2715	18	7261
23424	130	1839
3659	89	7531
561	18	8499
21136	33	22176
9031	61	6226
22972	4	8884
1067	42	10041
24338	18	23103
1294	18	24137
823	42	21414
25388	2	2484
3158	42	23485
8770	201	10380
4829	125	23391
24277	213	9604
1095	125	24790
24741	18	7057
22270	40	8384
4006	125	22409
8195	42	24033
2236	206	58
35	196	2771
21721	130	6516
4516	130	4728
7896	42	6704
6054	42	8794
22757	154	1075
3733	4	4774
9387	2	6439
2415	4	21330
7421	108	6513
24360	130	4013
1873	204	22644
9094	130	1917
5814	154	22418
24903	125	10044
6072	40	5661
2732	18	3666
22228	206	23437
23205	108	23734
8812	2	22766
3988	212	4418
6660	1	676
5201	116	25025
6173	130	68
9765	42	1401
25250	42	10073
5194	42	6786
1469	42	22612
5370	154	5383
6783	116	5300
1575	18	9062
9582	98	23734
6400	18	5044
23845	18	691
3116	204	24629
1482	212	8232
713	18	25439
8435	42	5504
21734	206	3830
8590	18	24260
7138	56	22901
21414	96	23059
2810	42	22149
8100	15	68
22647	40	9968
9950	199	2826
9108	154	25211
5599	42	24007
22151	151	22151
21348	42	9153
7030	212	4360
23557	154	7572
23557	130	8807
9301	53	22325
21188	154	68
9062	18	900
5237	4	6462
6146	206	9407
24479	12	25330
22742	18	9272
4397	4	962
24217	61	21992
24206	4	5127
24974	2	6953
9259	206	24786
7691	140	24485
21602	40	22991
7887	125	24133
24505	216	10126
9059	2	5730
23884	7	9885
10164	212	1499
3030	42	21149
7938	42	3823
7413	7	22074
9065	4	9742
9943	89	24351
8209	18	4288
8811	151	21628
729	116	7972
548	18	21295
856	61	7454
8315	148	23522
22305	4	2787
5928	61	2008
7828	108	1839
4682	2	8374
8442	42	24113
8639	42	4080
3672	18	1963
4757	154	2850
25007	116	6688
21996	42	4791
6631	2	10098
8323	18	21648
24201	42	21808
6644	7	24710
6563	42	21068
1745	130	23978
7240	33	23391
584	42	2239
8562	42	5923
823	42	22649
4291	89	7531
25339	18	4713
3933	130	3150
24744	33	1000
4239	154	2491
24040	2	8940
23943	42	5583
7144	216	1899
38	108	10030
23880	212	8490
9219	206	8235
2216	18	22440
24867	42	25072
4015	130	68
24724	42	6391
25184	42	21149
3522	130	4064
23385	2	4769
24115	15	6255
23855	61	24061
22580	18	22820
6150	18	6925
1784	18	6209
2061	103	4821
2246	4	508
22457	90	382
21674	42	24572
5194	149	6786
23526	102	30
25035	13	9463
3863	40	8495
23758	140	6313
7573	116	7408
4539	61	2133
9803	147	9988
8096	108	5383
5654	204	1560
5299	90	8696
1818	116	7408
1015	140	9539
23852	125	3670
4320	90	752
21547	18	10043
23499	18	1322
22160	206	2787
458	130	5349
9139	7	78
24879	18	1770
21981	130	8807
6465	33	8544
9415	33	2212
3608	40	23359
21333	42	21414
21925	90	5903
7181	42	4813
3523	90	1690
2627	42	3932
677	154	23868
6569	18	5471
21162	130	8682
5666	116	6688
6145	130	1560
4938	42	2079
2719	42	22910
23066	2	22569
23504	108	721
22798	18	25180
22276	4	7007
21846	66	4110
21171	42	21618
5739	33	6201
6905	7	6164
25022	2	7107
1319	42	7561
10234	108	10181
5501	216	456
138	61	24063
25226	7	23735
5472	46	8754
9639	212	1570
23817	195	5374
9215	130	24629
8570	18	2692
25055	18	23329
6040	2	23817
23726	96	6803
7704	130	2470
461	42	1942
5896	90	23593
1335	131	4007
4043	4	8483
21950	2	10381
197	125	9965
238	46	23201
8160	61	8690
2182	13	9463
22783	42	7236
5674	42	2726
1924	18	24627
790	42	1942
9549	42	21976
25131	61	4257
7558	96	2541
6704	201	7675
2606	61	24447
959	42	25314
24648	4	22809
7789	108	68
2282	118	5776
5302	108	5579
22921	61	4864
2089	212	23827
6250	18	6000
24806	90	6788
395	108	5383
119	90	9932
9741	40	8612
3733	42	6381
21685	18	5853
4663	18	6523
24279	154	2470
1764	96	2289
10161	90	7293
10233	33	1000
25408	18	9729
2633	90	24074
21102	18	22525
3294	46	9308
1122	42	7934
1459	149	6187
511	2	21528
3483	18	21812
23300	4	2024
24976	42	7137
23541	125	23391
5321	42	9363
22742	18	23597
3067	212	4213
2502	96	8384
6511	33	6119
1762	116	6688
6781	90	2952
7403	42	2536
5491	32	4534
23439	61	23133
126	42	10011
3056	102	8588
25055	18	5264
24249	212	9965
25442	130	21791
9228	98	4027
24290	42	24214
8903	130	3492
2420	42	24580
7314	90	7873
1240	42	22745
7887	108	5383
2245	98	8807
23504	108	23734
3523	61	3212
670	90	2133
2158	42	7393
9506	40	3328
8806	42	21448
21202	12	5271
21496	130	21082
22647	2	9968
22145	42	5829
6796	154	4335
8209	216	1899
4008	212	8286
2834	42	5196
117	42	6699
8398	42	2942
5754	42	4817
22204	90	25486
1889	42	6800
2738	4	5620
8497	96	3462
4548	18	4336
8300	90	3067
3331	42	8610
6311	186	8494
23879	2	5926
10038	42	23944
6788	90	5795
5393	195	6157
21968	7	3673
6483	47	25143
9327	13	3001
21179	102	7204
3928	130	24513
8978	130	23332
22516	98	3720
24967	33	1744
24061	4	1232
1194	130	25
7557	33	805
9666	4	21623
1190	2	21976
23853	212	25219
7526	99	24185
24290	42	5752
3750	31	24128
24169	18	1279
7721	18	7773
6772	189	7901
5850	18	1294
5867	130	3410
21885	4	24764
25293	2	7415
25263	2	8851
1410	18	21939
22144	41	23325
3418	18	7471
1625	96	23364
24081	42	23686
6647	13	3001
8918	102	24635
4240	42	817
10061	125	1108
2270	42	22267
9614	4	1000
5909	40	2989
22603	177	23874
8961	115	1106
24970	18	10352
25236	2	23393
5672	88	4497
25011	131	1374
6091	18	21730
4778	33	4705
412	13	9463
8435	12	3616
5117	90	1778
25342	4	3957
10012	2	7456
21674	42	1139
10115	14	21791
21798	90	7192
5882	61	23629
21371	42	6999
3383	148	23608
8853	130	8854
21049	2	1463
23743	130	8682
2034	116	2605
1997	212	21623
5422	42	25441
3184	154	1899
22695	216	1899
24637	154	68
10287	42	2536
7471	18	25458
23225	42	8691
319	90	23527
22737	18	7035
8324	216	21791
7610	99	1346
5912	18	8048
22000	90	5777
9396	130	286
2927	40	7758
21942	130	3150
3208	130	8622
5917	90	8233
6946	42	2954
3521	177	9210
25191	212	336
1503	33	10044
22616	42	7162
25357	42	3561
4947	206	6504
5293	174	1960
4765	165	22394
22385	61	10097
21685	18	4663
21091	4	416
23369	46	506
9613	18	9720
8988	4	23745
23374	90	7978
22048	96	5131
281	42	749
5183	7	7801
8342	216	1899
22882	154	24629
304	130	5383
4694	2	23393
22264	42	5972
673	18	4959
8127	151	5285
22523	108	5383
24592	18	8334
4498	2	21623
3964	46	23519
5466	2	8940
347	175	21161
2101	108	6663
3294	42	23485
21436	42	21976
2673	102	5292
9864	18	21685
4714	97	3670
7478	42	217
21029	42	25443
8592	7	9761
5018	18	1350
1223	33	24786
7654	42	8600
1891	18	24519
9801	65	508
132	18	4959
7193	130	23793
22768	125	10044
4893	216	22639
8607	33	22176
5487	125	1570
4583	216	1899
3865	99	1856
22463	42	2447
1503	2	10044
7392	2	9804
22506	42	2386
1087	40	898
10405	42	4736
8602	130	7075
3722	130	4421
251	7	24090
9792	42	2139
572	154	25211
628	12	10291
23148	42	3309
5669	42	1436
5392	131	22624
1379	90	3452
435	14	68
9052	18	21320
7339	42	1766
24582	4	22897
8294	42	1850
25249	13	9463
7793	33	24730
1741	40	22512
21440	195	1000
5941	42	24803
6366	212	25032
7519	33	8851
9605	42	25267
4503	212	22176
3584	201	5418
22023	4	5868
23679	4	2512
6519	38	3718
4639	102	7408
9421	18	9817
8925	2	8940
1964	15	6255
1190	40	6290
1247	212	1000
975	42	9560
3320	108	6404
8733	125	7814
21795	154	68
3731	90	24088
5610	149	6244
21092	195	7073
24405	66	1202
4819	18	8973
2541	66	9879
8693	18	25154
21304	130	8807
608	2	21656
6524	42	2852
5863	42	22403
21774	89	25109
22521	42	5377
8892	33	279
9328	40	23533
5542	18	5336
1276	38	4842
22168	154	5113
9245	90	4278
4265	130	3718
5747	203	1513
1715	108	25211
10436	18	23282
22444	33	21440
6889	42	7000
23568	212	24175
2005	16	22550
3407	99	1856
5288	18	21872
1035	7	8832
22359	7	3543
7579	2	4906
23973	139	24951
23718	42	24924
9358	33	7133
8409	7	21084
2820	154	23980
7585	116	6688
2789	149	25441
25067	42	509
24198	125	21440
8553	216	1899
21079	130	627
6273	147	5141
8154	177	8663
9716	33	10044
22431	4	23714
25363	206	4166
23449	46	21286
8158	90	8155
5223	42	1037
1584	12	7791
7698	61	25162
9882	2	24975
23763	42	22149
3972	154	1899
9444	18	1665
4272	148	4111
1484	2	9971
9024	42	3222
3630	40	21471
9375	18	4464
2265	108	2471
5092	130	5383
24824	18	2634
10220	18	7173
4001	139	1737
8063	40	10241
8454	21	23911
9903	14	22158
6035	2	5926
4810	116	1964
3876	66	5481
6861	18	4554
24523	116	5300
5649	41	25
21652	33	3717
2666	18	7509
22121	2	23714
10012	116	5300
3575	4	6259
4437	125	23068
9855	61	595
1713	42	2079
8409	61	24945
5852	4	435
24248	7	6977
568	99	9480
4483	199	1396
21962	99	2957
7432	130	68
6764	206	6446
10210	13	9463
5950	18	4046
8626	42	3455
8329	174	3853
50	4	21003
24764	130	24629
23365	18	2375
5803	108	8807
5865	2	24083
21891	7	6545
24589	42	8175
23925	42	1850
22332	212	6847
2517	42	24056
7792	2	6065
466	42	4507
8501	42	6187
3805	177	8863
8965	61	4843
10059	18	24503
10	42	24973
5010	212	9759
25006	130	5349
2127	18	8440
1295	131	7581
4650	2	7859
1239	182	7460
1104	154	3803
23786	212	4277
24849	7	4592
25096	2	10098
5733	42	21130
23278	130	4853
581	125	22485
9179	2	335
24712	56	6802
23098	42	22355
4646	42	4894
2447	14	25211
22337	154	5383
9573	42	9447
23087	18	25291
24547	206	3476
6085	4	6194
864	42	921
22484	42	3207
25239	18	4048
25186	130	721
10198	89	23179
1469	54	6690
597	7	10479
22361	42	851
438	154	25211
4915	66	6266
3175	90	3869
4483	42	5839
23697	42	2741
484	7	7903
979	195	22414
22401	18	9185
25235	2	7346
8765	125	9965
4097	42	8103
25488	108	23734
2942	96	8152
9694	18	23580
4486	18	1286
3074	213	3754
10209	116	8100
3117	18	2639
620	42	1601
24075	108	25211
8609	18	2692
9083	18	4208
8348	90	9661
2910	108	25211
9884	206	6201
5370	130	8807
2721	61	22123
660	18	3911
25076	42	23059
5268	104	6748
4126	130	24785
5576	40	1341
3819	18	7399
2816	154	22630
25166	42	6477
22846	2	24293
10166	108	68
6537	98	24785
6062	18	23651
828	151	7225
25249	125	1000
1240	42	25179
9022	108	68
932	46	8754
3489	18	9902
5607	103	1411
9112	103	886
22865	4	22335
23318	216	1899
6455	2	8761
10164	108	23734
1275	61	21985
9507	42	25379
4494	33	23391
9984	143	25211
6053	130	24785
21793	4	22923
9199	56	23473
23748	89	9975
7055	42	7936
5097	130	6404
25205	216	21791
8247	212	8851
729	42	1877
9087	4	6768
2304	14	5383
468	96	9798
24311	18	6616
7553	151	7188
2047	206	1499
9063	42	23348
8059	7	2642
5475	42	23512
2132	130	23734
6886	61	4119
793	90	7941
22253	42	21297
24234	131	8218
3275	154	3803
24141	151	3684
24697	42	23059
10154	2	1987
2855	18	9166
24175	195	21846
8874	42	3741
10218	195	6868
1955	42	6972
5852	42	24800
7920	61	24876
23083	108	5383
2462	61	2493
24461	40	8421
23496	2	4163
6023	199	24985
8702	66	21932
8726	2	5127
7998	154	21791
4458	130	22141
22326	90	10485
7963	42	9562
8077	61	22708
9334	195	1000
733	130	8807
7522	7	73
2738	4	24581
91	2	1843
8979	40	9971
5626	96	1771
7376	42	9551
782	148	9374
478	42	24640
6969	2	8851
21343	33	6352
22190	4	10040
9404	42	21250
7636	70	10132
8546	56	630
5654	154	4881
137	96	9894
2509	72	2349
4108	40	22548
2088	147	9988
23378	7	10444
8863	130	25211
21855	204	6101
24346	33	2512
2747	145	6846
25362	96	24250
21430	18	24569
23388	7	8057
6848	149	8843
6211	46	21054
7107	154	68
22604	195	6409
1894	42	3347
9300	18	2678
5021	154	5383
6808	116	7408
4922	42	1540
1246	195	24293
598	215	22640
4971	42	22478
7380	41	23309
983	148	24743
3381	40	10359
1403	147	7905
3872	206	3809
1175	102	24796
10385	46	870
5274	2	21440
3688	18	3380
24897	212	5241
5961	40	1059
8010	33	25033
2508	42	2015
5835	172	23373
23677	18	7210
10176	154	8204
656	90	270
4477	41	6609
5350	33	3023
8596	130	5383
2275	154	1899
10393	2	9801
1089	154	5113
4316	134	643
4724	201	21660
687	42	1436
5216	14	8807
3776	40	8495
23854	42	25172
25088	201	6727
21353	41	376
21362	42	8845
9536	2	3957
3069	40	164
345	89	1182
25272	2	902
4965	61	5734
677	130	7690
24784	206	22231
183	202	331
2732	216	1899
23060	116	7408
6706	96	25453
287	176	8956
801	108	8807
24689	131	6678
22959	4	22613
3322	2	21976
10419	154	68
213	4	22762
1079	46	3349
5980	90	9139
716	199	8413
25059	212	24975
22771	42	22546
9418	4	4781
10354	18	7874
23232	177	9210
21683	7	23078
8107	18	8526
2050	61	2138
24293	206	4166
2662	116	5300
7448	130	5195
4216	42	23226
1586	96	5191
21722	216	1899
852	33	1000
3989	42	4634
24355	7	1594
25484	25	721
7666	61	5320
7289	116	25025
10254	40	3266
21923	125	6847
2376	61	4885
23577	7	1226
923	42	5898
2	125	6352
3750	191	23890
835	18	218
3949	130	4945
2328	108	5383
9104	2	1246
6314	18	2924
7508	212	21440
23765	42	7000
2028	125	8375
23616	2	1571
4405	90	5723
7849	7	1724
8034	42	2496
6684	12	22716
7227	4	1985
21688	125	2140
24160	90	7342
22206	42	5089
9502	130	23734
3383	122	5619
24886	130	8807
5891	42	24215
6075	18	25380
6988	40	2015
247	2	23151
6151	18	4882
22411	191	3584
9414	65	9414
3561	154	5383
113	43	3080
6004	42	9134
22434	130	22785
22084	154	25211
2229	61	9393
9715	18	22535
22284	154	23734
1803	4	9626
21600	130	9154
5258	90	2244
8867	33	22460
4827	14	25211
4507	14	25211
21521	61	5638
8993	41	3244
3488	42	6860
4291	154	68
6625	4	24159
8320	177	2558
23766	66	3403
6560	30	7177
9336	135	2470
1636	130	21790
250	130	21760
24144	33	23135
6205	2	22613
6515	2	3881
24851	130	23734
23744	154	21714
24121	108	24862
9160	40	4433
7644	42	8296
24809	61	25495
10142	42	1082
23226	66	23392
175	195	23650
25084	42	22571
3292	13	9463
7553	131	22496
22117	4	6259
3706	18	21357
5863	116	6752
1385	42	1298
6154	72	23954
4295	130	1411
24792	42	1540
21010	40	21123
5792	130	23978
8998	157	8788
24815	2	21204
23585	139	23585
23540	18	6590
9347	2	8410
23992	90	7153
5289	25	22951
7261	18	6225
2253	46	2048
7024	18	8007
25408	18	5264
6646	42	3038
1339	61	4266
24660	42	8718
1634	42	3640
7282	2	336
22783	4	9927
21940	2	22032
10279	131	21178
9514	154	22861
22108	7	9325
1214	203	4121
5835	40	24166
21426	192	68
7995	42	21135
1384	66	3126
8233	33	5166
22833	66	21617
70	18	6795
6948	42	4817
23048	18	5959
4950	42	23696
21719	42	23169
7579	42	527
6360	154	24554
8006	130	2765
6964	131	6820
23679	125	2512
4269	46	9591
2221	96	1850
22728	61	6006
23098	12	10291
9183	90	1134
4191	42	3910
22604	206	7561
7051	61	6056
22542	42	21101
2332	18	7134
8810	33	2304
24474	18	4683
3537	18	2157
3200	154	865
22667	42	3997
2973	108	6255
5453	191	885
3184	130	25205
8590	18	4553
8458	130	24717
24566	4	22414
25430	154	7847
8144	90	24774
414	154	6944
25249	61	4985
3570	42	8310
2485	216	1899
9084	216	1899
24034	216	1899
6058	40	22960
5200	2	21864
275	89	21750
24068	2	22032
7560	90	22966
6630	42	6246
7008	42	21101
23485	130	23734
23780	130	721
7858	216	1899
22989	154	8630
21765	7	8085
22319	212	24023
21403	131	22393
25216	130	22298
23292	42	25202
4931	130	4945
803	33	4902
2221	130	5383
21699	66	3876
4557	42	1506
22717	194	6047
3691	2	8458
7590	33	1744
21904	18	3066
24219	130	23734
632	212	9123
10379	125	8490
1785	130	8037
21874	42	7451
23398	212	7069
6748	120	7703
4335	18	22128
22151	35	4053
6351	2	21627
21072	42	6241
648	204	6802
7780	90	2014
9932	33	22460
2212	195	6379
2700	42	24973
2328	108	68
1736	18	1558
23693	40	2936
2800	212	22414
22777	2	8423
21891	2	9225
3533	130	8446
23011	130	2765
22736	42	25461
7176	4	1078
6653	2	4934
23787	42	949
8772	7	22842
4602	4	2113
386	130	7337
2216	216	1899
6069	96	7177
4585	7	700
9883	151	4626
23412	33	9965
3734	116	5300
6297	12	5706
23424	14	23734
7170	46	8226
4237	2	337
9368	215	9721
871	42	4309
5557	42	9501
1131	40	209
6155	2	3371
3248	116	8100
520	98	8807
2812	42	5531
9171	33	9742
1046	4	24275
3925	61	5451
5865	61	7103
8669	61	21482
780	130	24286
2769	2	1783
7719	100	3115
5045	18	57
1482	2	3476
3098	90	24285
21535	61	7491
4475	151	21756
23680	154	23980
1818	42	2373
22994	65	22160
5851	125	4213
24341	4	22762
23543	89	5586
25465	7	2847
7364	90	4364
7349	11	9367
7512	103	5726
5239	42	786
4557	42	25179
23584	42	5761
24625	61	24681
3028	216	21791
23705	18	5850
1150	42	5306
21673	216	3150
5557	42	9954
4750	2	22414
9607	125	9801
3261	4	1789
6492	215	25037
25246	42	22105
5312	154	5091
7263	81	68
10116	61	5026
21368	40	22596
6853	130	25211
6409	98	7580
24061	125	453
6347	42	40
4242	18	9912
3522	41	4064
9210	204	721
24340	14	1839
22339	154	68
6737	96	23000
23185	192	8807
8458	206	24975
5238	130	24286
21506	206	9407
21706	140	6559
7104	33	22176
3500	216	1899
3420	130	721
1629	55	21783
5240	116	25025
9642	96	540
24903	33	4001
24806	7	2443
21305	42	24278
2503	4	10381
252	154	6255
8645	7	25278
23317	18	22820
7658	4	22762
3734	2	23034
3859	42	24051
22883	154	21791
25168	33	1867
9776	13	9463
2884	42	22609
2841	2	21199
8460	42	3785
9087	125	5926
6590	216	1899
9878	125	24790
23024	46	8754
5044	216	1899
3611	18	9444
8881	40	9049
10284	216	1899
5172	206	24437
10486	61	984
7420	42	24174
7825	116	3182
22165	2	255
21506	130	3936
23431	42	9107
7691	120	25374
1317	42	7813
4349	18	3986
2810	42	24158
9977	33	22335
24567	4	8777
1130	18	510
7564	2	23891
3526	33	6201
584	42	1854
7079	195	22809
24157	212	9801
3648	206	2917
23568	2	23817
5540	89	22694
4070	66	4070
22471	42	22324
8284	40	21268
24548	206	9407
9180	4	1110
24420	204	3150
3243	46	679
4279	108	68
9462	42	5196
6518	40	23769
24128	102	23564
22339	154	25211
8988	46	2838
8271	18	5652
1005	18	9982
9077	130	68
24181	18	3846
6532	206	21017
10137	42	25074
4837	32	8494
8291	125	582
24062	4	24275
628	2	9193
3563	96	7036
21076	96	8748
23313	40	7661
4642	61	22071
22175	108	25211
1272	61	6911
254	130	23734
8181	18	3894
269	12	299
1362	89	7751
10306	125	6201
21858	102	7147
365	61	4148
23097	216	1899
5392	131	25157
8359	130	22887
21458	2	9801
21716	42	2212
21199	96	5051
7272	89	1490
22386	90	4451
2868	180	7641
5905	216	1899
24866	4	2556
25028	42	8402
228	130	8807
337	206	24446
23871	61	7345
7270	4	22762
7817	42	5063
21508	147	24195
7755	42	7070
23525	88	9711
3317	81	8807
22868	90	23249
21171	42	22358
9985	89	1821
4188	147	4111
3255	46	7923
24521	42	7934
21826	18	24775
8543	212	24790
7174	4	4558
4517	40	22202
380	4	6259
4334	89	10135
23426	33	9801
4212	42	23382
22241	18	9185
1051	33	8357
10368	42	5332
24265	40	7717
4463	130	6762
7908	154	24163
22514	149	2792
2057	151	4949
6663	216	21791
4668	18	23103
22771	2	7846
4358	154	1527
1408	42	22634
8986	42	4975
23230	90	23970
23155	125	5062
21682	99	23979
22116	195	8940
825	130	22639
4543	42	10454
10449	212	9965
5544	40	24360
9343	108	4917
8413	180	7217
23737	134	24957
2564	42	7749
10075	61	24542
968	40	3233
24168	177	308
6202	13	9463
0	61	5667
21776	61	9073
22012	154	1099
24870	56	5738
21563	4	5377
500	12	22716
10408	96	2544
1839	103	3091
9992	2	6308
10117	16	9141
4186	96	7070
21157	96	1373
9479	18	21826
22108	90	1688
4841	18	8401
239	42	9865
9266	14	21790
3278	130	23332
5451	90	3925
23964	13	9463
3079	56	3232
7870	149	8842
6976	33	2568
1643	42	8287
163	85	24875
10321	61	24816
1790	61	6977
23353	90	22914
21410	154	23309
24306	130	9117
9602	18	2663
8738	2	21757
9454	130	23734
6054	42	9502
25353	90	2781
2873	2	4695
9666	90	9237
9615	154	25211
5576	42	22787
21935	7	24892
2733	216	1899
8787	130	4246
5242	80	4096
5754	42	5281
23483	206	6157
1304	212	8851
21382	42	3511
21636	4	24028
7476	90	24037
7743	66	24405
2835	42	5531
3426	212	3717
3005	4	5271
525	42	9842
8636	18	4605
4951	7	5877
8659	204	21791
22538	154	5383
1720	195	25093
6289	213	109
23600	216	1899
834	2	10065
10473	66	8751
21100	125	22414
21128	154	4895
4692	147	7003
2143	4	2212
9118	89	2129
3211	2	9742
21904	18	4079
21515	7	1163
22935	130	9581
24242	41	3244
1570	195	21646
5314	154	24229
2500	40	2194
1851	89	6714
6522	33	3881
24111	42	4813
3810	139	25442
759	154	721
932	116	6688
21518	42	23726
7568	2	3422
3098	2	21063
6018	61	6728
1184	99	8203
3599	42	23469
22002	4	304
7953	165	6829
3271	42	5093
9734	90	24302
9814	212	25219
9289	130	24229
4667	102	1201
759	130	5349
5601	154	21977
5614	2	23533
1963	18	22392
21313	42	2896
45	194	24319
25357	12	3616
2845	7	2540
3689	42	5867
6799	15	68
5405	216	21791
81	90	3558
23207	125	22850
4080	130	2926
3184	14	1899
948	18	21898
9812	61	22218
23993	46	9953
152	199	42
21886	212	22414
4169	42	4519
10065	206	2649
9211	130	10099
3161	99	1856
8420	18	4841
47	42	24167
22078	90	21875
21504	2	23683
10259	2	6704
21385	216	1899
23110	42	9625
24160	7	7343
7495	89	10135
8604	42	3347
6546	4	1710
6185	99	4501
7342	7	10160
4279	2	4934
8658	2	25450
9111	7	6775
3559	18	23307
22693	33	10044
3141	42	5339
5514	116	5300
3804	61	24705
1502	42	1487
3693	116	6688
1776	108	8807
8817	61	3464
8295	33	22762
25018	130	23734
7077	13	9463
8850	116	2605
7346	195	5767
22845	195	5926
25083	7	8703
871	40	21322
10142	40	4433
22574	18	24654
1130	18	25116
2003	216	1899
7054	130	5383
24130	212	21623
24486	154	1667
4925	33	6119
23801	7	546
6885	130	9957
8517	18	136
22852	130	8807
8633	154	6663
7042	61	25106
3258	66	1139
9937	212	520
22140	12	4565
6321	216	22905
5685	131	828
23539	206	6768
6177	154	6498
24276	154	1899
4795	134	3727
5190	18	7645
4560	33	21459
3124	154	721
1245	42	23620
10486	125	2304
3219	18	136
5617	206	5374
21971	99	1856
24493	42	24924
2526	2	23533
1422	42	10157
3435	7	21665
3474	40	9714
7119	61	21921
21993	181	669
21883	130	24229
8518	42	25352
24141	154	8473
2159	2	5926
23435	33	23
9347	212	9781
8404	130	3936
3447	42	21428
8076	61	5683
1015	89	9474
24425	90	10171
7229	40	335
24868	90	24607
4971	2	7198
9909	42	9714
900	18	21412
7365	33	2304
7706	42	8249
7288	130	8807
3050	108	538
6412	18	7108
21987	2	23393
1577	201	3420
21128	204	4895
21090	42	24984
2899	61	10019
22221	7	9856
3840	96	4007
2052	7	9130
7107	195	4934
25372	4	6352
2418	90	21299
3366	7	8543
23414	18	6228
23196	42	24395
957	131	23666
229	108	25211
7598	4	4282
4623	215	1964
6601	14	4027
24628	2	22746
2411	40	4524
6740	130	1075
8842	130	339
21832	42	9962
6139	130	2997
22031	61	2443
7641	216	22951
23362	42	5071
8066	195	22409
23762	12	22374
21932	130	25211
2753	90	8128
8835	18	23199
7223	130	7263
3436	2	4181
24682	2	644
1113	42	8273
3076	18	2545
1503	7	25188
498	4	10381
5855	4	22414
4867	154	3803
21295	18	1949
22488	42	9560
21217	2	962
24204	212	520
21065	18	8618
22079	96	8809
22941	204	721
1992	2	23654
9487	61	23698
9331	61	7576
7010	180	8015
8084	201	1595
24466	42	3242
1958	2	24784
8204	18	9572
6715	90	6210
5611	116	25025
1897	130	8037
7768	2	7717
2362	96	2506
795	18	23841
1791	40	21511
4713	18	25339
10343	98	24629
2700	42	4904
2277	96	21415
24208	154	22017
3018	102	24356
9572	18	21357
25313	154	23309
2805	42	21250
8776	130	5383
22366	18	24519
7586	125	7073
22199	61	3943
24629	140	24846
10179	97	10291
23977	33	9965
3119	18	7710
2522	40	8414
3611	18	7261
22707	14	25211
1423	216	24629
2763	116	5300
10444	108	21109
21941	2	22032
24033	154	8293
21834	134	24957
10003	98	23309
6476	125	2917
7914	2	10044
24532	61	5160
1763	42	10173
4708	154	3034
21862	216	1899
6377	18	21851
24366	143	7112
24829	2	6259
21773	33	9334
2829	18	5632
23426	4	2024
10132	199	7141
5251	108	5383
4986	154	24513
7533	4	7288
3879	90	24827
22300	90	2335
24771	42	25441
5287	154	3368
7465	216	721
23329	18	3219
9054	90	3652
4713	18	4903
22783	2	9927
23840	154	24629
7886	61	7051
4675	90	21921
4206	125	5351
4794	116	25025
7092	148	22399
6212	41	3150
5132	130	24393
2956	154	25122
21355	2	22032
24916	61	8504
2095	4	5926
9639	108	25211
2555	130	1839
745	42	22999
348	96	3639
7478	42	8565
2742	42	25190
7754	42	4702
3159	2	23714
2014	125	7033
22798	18	10354
3870	216	24080
7609	18	22793
1991	154	6255
9646	2	860
24635	72	5982
4750	7	6757
92	2	3371
1332	2	3881
21277	11	23734
8865	151	7553
2722	40	22548
176	61	3160
8646	42	8794
2772	125	22809
2010	130	8324
23614	216	1899
25043	61	2616
22326	61	1541
9180	125	24293
537	216	7337
8884	130	25211
6747	42	4975
8727	42	3101
4445	148	4111
7764	42	8723
69	177	8932
7847	216	21791
748	4	25330
2985	216	3150
21006	89	24118
3611	18	1665
6734	35	24797
21557	148	7608
9608	61	2063
6161	125	21623
3774	131	21662
23693	4	2936
23957	154	23140
23896	40	7969
4971	40	21479
23125	61	7655
6518	12	22923
2940	131	22530
9004	42	7749
2213	2	592
4651	4	9759
3315	2	23533
1376	33	1570
22611	130	3967
9917	216	7337
276	84	5738
10476	154	9367
2987	10	7382
3255	116	25025
6723	130	23734
640	42	6118
3395	90	412
9022	108	25211
25224	116	6688
7363	33	8143
5110	108	22466
5834	18	24325
24883	90	2044
5404	18	4713
2849	116	5300
3400	151	22538
8132	42	10377
25237	204	21257
24536	4	6352
24521	88	941
5934	31	3680
9884	195	6201
23141	7	2667
4185	13	9463
8801	61	1416
2583	58	5570
879	207	7939
7674	2	3881
25094	61	23385
8780	165	9212
22244	33	8286
23556	42	9082
518	4	22414
1836	98	25211
23372	18	5263
2910	108	68
9990	130	7394
24022	42	2860
24961	42	2184
22499	116	2605
5684	90	213
1744	206	7370
21926	154	68
5265	42	9562
23566	42	21219
8808	90	22884
8254	2	24975
2835	42	23387
5113	20	68
1563	42	24113
9951	131	4103
22776	7	4055
3507	61	4106
2337	182	3161
568	154	1411
23361	18	5628
1178	42	9061
21727	131	24689
1480	90	9130
6266	66	4915
185	199	25158
9538	42	23023
9911	40	4308
22425	102	3750
9757	18	1230
9638	18	3418
8965	90	5841
22932	18	2590
21864	195	23068
9530	206	7916
459	212	8996
4594	42	5281
8710	42	22301
22621	40	22333
3642	4	24784
1318	116	7972
23651	216	1899
21518	46	21286
77	130	22689
4340	131	25187
9863	2	7779
2056	130	2926
8323	216	1899
3705	151	1625
3946	18	880
4823	42	6409
22792	42	5635
2700	42	3603
23731	130	3456
21124	2	25392
3386	212	520
7544	33	22485
7301	99	9480
7627	33	25219
9064	99	5290
23529	130	68
9681	96	3932
8191	125	8490
7487	66	23766
3134	46	22596
21921	33	22176
1662	42	4061
8042	18	9288
3501	99	706
1931	116	25025
23455	4	3649
3216	42	21524
22728	4	557
6189	216	1899
8046	131	2860
25071	18	22142
9605	42	9501
23130	216	1899
22946	177	7701
23228	42	24865
22547	41	23430
24917	130	21238
8190	90	22087
7684	42	9194
6955	183	7274
523	18	10438
21332	130	24513
9145	2	7073
8918	41	1411
6533	14	68
9773	216	1899
825	130	22017
7154	40	164
5277	42	5583
10059	18	22142
1157	151	9115
25464	125	9804
9525	90	21416
9848	96	24475
23095	125	2512
704	61	7045
6856	177	22084
23303	4	1393
25064	130	24177
5436	90	3526
6204	33	23437
24992	40	21958
24117	42	4791
23256	40	1341
48	7	3993
4392	61	221
3463	130	21791
9226	7	16
22494	40	22843
5880	4	3648
7682	216	1899
1245	88	22634
8888	4	6008
8487	4	3648
8157	130	25211
23253	42	9221
4878	2	24446
24934	61	1109
169	4	21026
5321	4	22147
21282	130	7169
9317	116	5300
21835	195	5172
9629	206	3677
1643	40	8384
24985	130	23978
2409	33	3881
21856	130	9581
9926	18	6509
10138	4	5690
23762	40	9200
21193	42	6595
7302	2	2472
4706	2	557
5653	206	22020
9825	33	9759
2485	18	2233
23261	154	5383
3203	40	24443
6525	42	684
9342	154	23309
5317	102	4086
3070	125	24023
9983	33	3670
10388	11	6498
7117	42	22600
23976	42	7432
6129	154	1899
5340	125	6201
25083	61	2013
4614	33	6201
21745	42	21226
9828	33	1108
23104	96	2057
3918	18	22177
24871	42	1204
4622	125	9804
3143	4	508
1898	7	6030
2628	42	9645
4709	42	3702
24389	42	5866
3506	90	2220
6862	42	5635
24904	4	3133
24687	42	24580
23730	154	4842
6002	98	10269
705	42	1305
5862	61	6205
6424	41	1560
5404	216	1899
7228	12	7979
5667	90	0
9708	42	2139
2497	88	1987
3309	147	23359
5477	154	25211
1258	203	6291
22855	116	6688
21054	130	25211
9843	130	8037
2597	4	5127
10150	90	1747
1676	90	2059
221	33	970
8763	61	5116
6582	125	8851
23118	33	1000
4261	33	24790
8797	61	3324
22668	4	434
21004	40	22991
3022	108	23734
8695	212	25494
6446	195	23791
3184	89	10010
3483	18	6140
21497	106	8327
2979	42	8432
23733	4	7927
22090	130	8807
5220	89	23028
21152	42	21055
10352	18	24970
7525	61	412
1018	4	3670
21477	90	23856
2537	4	21622
7427	89	25221
21674	42	6798
1011	154	5383
8323	18	1801
24422	2	8851
2289	96	1764
5578	130	24717
24558	4	1954
21394	165	21161
22881	151	21857
133	116	7408
8589	125	22434
9039	130	1153
22268	4	7734
7940	18	1558
9690	42	5291
1396	130	21790
767	13	9463
1277	2	3469
1717	116	1979
23195	42	7288
25384	2	5592
7151	130	8037
4762	42	509
3865	91	22193
5817	7	21048
22937	33	24790
8658	42	24640
21956	18	24368
3290	42	9109
21295	18	8868
820	108	25211
5389	18	9257
1930	61	9168
23358	18	24881
23517	212	22434
836	18	6000
7958	2	6028
8785	42	22999
315	40	25397
23731	130	4429
2369	2	22853
4989	42	23816
22816	2	24922
1429	125	7073
8671	18	12
4088	140	9442
3259	13	9463
6813	42	25362
9175	90	10407
423	13	9463
10100	131	2518
21921	90	7119
24566	2	22604
9347	2	24083
9883	89	3369
7706	42	4702
23463	4	2828
4498	4	21627
2542	90	9575
21910	61	22213
21827	4	7238
24445	125	25219
4198	125	2568
25130	154	9931
6919	130	8512
5836	42	1517
9328	42	23944
2389	212	5782
3700	42	24984
5731	4	22414
2533	4	6064
21801	2	5055
7890	33	22994
8054	130	8807
21213	33	21744
1212	212	4535
9122	42	2084
21819	89	7531
24746	140	6621
22790	42	23558
8998	55	8788
8580	42	7912
23045	42	5341
8252	192	22802
21483	61	3657
1465	7	2423
9886	90	1253
4864	108	4421
22146	125	22409
6881	117	22951
21196	130	7632
9749	7	2008
1293	2	5517
1697	61	1367
8086	130	286
1949	216	1899
8664	2	8905
6633	18	7549
8332	130	8608
25310	177	8663
23230	212	8235
2782	195	21846
21950	4	21003
3956	18	8012
9340	18	2174
3256	2	22228
2085	125	22032
24796	154	3091
10014	61	3075
10131	46	6763
4842	140	6127
6168	14	23140
4279	108	21790
8315	148	3453
22574	18	24879
23594	4	2442
909	89	21490
1592	98	2471
3768	108	2471
8433	18	3611
6380	4	5241
2351	154	21714
7223	154	25211
8990	2	21627
2102	206	5926
7810	40	9714
7681	90	7279
22666	81	7691
3919	42	7862
22353	18	21685
512	42	21653
7307	12	8761
6553	125	23791
6717	61	24180
9115	130	4421
9192	130	7922
24002	130	8807
24645	151	25331
24651	61	5924
5265	42	527
2833	42	996
2364	33	3670
23252	134	643
21173	33	22485
23635	108	5383
22014	108	5383
5240	2	5345
1539	33	24790
21706	140	6621
1397	42	6895
21552	4	5062
21508	147	21869
5124	42	1129
4712	108	5714
7622	130	5383
1659	157	7322
21699	58	580
9026	206	6152
6996	130	5349
3597	18	4587
9568	116	25025
23206	90	2614
3205	4	23755
23314	154	5383
8662	42	1401
8684	201	10410
7986	40	397
7408	35	3790
1600	213	21128
23864	115	8809
2247	54	21834
8246	88	2826
6538	204	1899
4591	31	6964
7071	4	4282
8510	4	24588
8554	4	8302
25273	61	2819
9431	61	23760
23217	18	2300
24297	206	10044
6204	61	4101
4964	154	23734
9403	98	22951
8140	40	24166
6535	42	8263
23747	42	23838
3904	216	7337
9392	61	5415
2083	29	8400
567	192	21973
7545	7	25171
2320	99	24875
1184	191	1501
23460	42	23929
8635	212	9789
5386	33	230
7952	90	23109
21426	42	5635
23027	42	23027
2368	2	24563
3253	2	9843
24735	29	1255
3287	42	9306
7351	61	1682
9397	96	21617
10378	2	8851
23964	33	21623
6143	18	10295
5238	47	6469
5801	216	721
5981	42	6860
1342	18	8485
9122	42	23013
9928	212	9742
4908	18	22874
3633	18	7709
24260	18	8526
2228	61	161
2898	140	947
7859	206	6768
9177	40	2442
9574	42	5779
5614	42	23930
5326	2	9804
7236	106	4219
21193	40	9082
7328	143	10010
1252	131	21311
24141	154	23793
3732	2	4927
23974	33	7288
4663	18	216
9115	96	1154
10159	130	5383
5935	42	15
2423	212	21744
1374	102	25011
24552	216	1560
1832	4	22304
5086	4	5830
24497	13	9463
24900	216	21791
7830	18	9773
2993	154	8854
4811	213	22027
2901	42	1324
2172	7	1722
4278	4	24784
22726	90	9851
8325	2	9283
24006	125	9965
22161	147	6273
3088	33	9965
7720	216	24629
25303	99	9369
25341	125	5926
3961	42	21243
7624	18	9425
7789	108	25211
21737	42	21795
5162	42	5488
1998	90	24780
24836	199	2022
530	61	6583
21738	42	2277
3942	4	4469
4729	130	3330
479	42	3029
22244	61	748
1771	154	68
9909	4	9714
7583	40	1097
7992	2	10098
902	206	23721
25486	4	1078
1186	134	7254
4976	206	22020
4702	96	8603
6527	212	24293
96	61	603
10038	42	3441
8474	148	2745
21659	2	1463
5491	24	4534
4804	2	8374
2754	116	23185
8728	216	21973
2183	2	24790
4760	116	7408
5336	18	21309
22751	149	3620
21463	61	22135
698	42	2447
7264	18	216
24201	42	23417
22409	195	7219
7685	4	8842
25341	4	5926
22525	18	23600
23820	90	2377
23363	90	2878
5109	130	5940
22159	116	6688
762	33	24790
2573	42	8175
3083	212	9801
2486	121	1092
2222	61	23986
1669	151	4247
1492	4	5127
22857	42	4472
9667	7	24535
8284	42	4755
22251	108	8627
714	108	23734
4045	56	3150
8977	4	2209
121	116	7408
23296	96	619
9143	139	24297
1476	108	8924
22090	96	22721
4708	122	6473
7708	42	4904
3856	212	23817
21910	212	6379
22525	18	21102
7149	42	851
4972	40	1748
23203	2	9259
2174	18	659
24815	4	6396
24428	42	24913
71	215	4374
21893	125	5926
21354	4	2886
6836	108	24229
3983	192	3492
9	213	3108
8535	154	23734
9933	7	8543
3053	125	6201
6114	125	9804
4368	116	5300
2177	40	23034
22219	212	22176
690	96	8789
22259	125	21396
3500	18	4436
9587	96	1327
23635	90	7230
7491	33	3881
2905	33	22032
7818	7	22652
22655	212	4769
8920	149	22565
7915	125	22414
21254	116	5300
24175	195	22845
1571	206	5339
22877	130	21210
383	154	6709
4551	4	3670
826	33	7469
3861	91	4295
9416	61	23015
24744	7	1247
4490	42	4025
704	90	9067
21591	130	5956
5853	18	10079
25330	195	8286
21170	18	21519
23004	216	21791
3191	42	25379
7104	2	8761
4214	90	8733
5754	4	3016
8896	90	5487
2073	212	4564
3045	154	21973
5857	13	9463
25411	212	2294
119	2	21528
5857	90	8841
5950	216	1899
5064	216	1899
2831	18	24824
10414	18	3819
3237	4	9714
9770	7	23851
22120	195	3544
3809	195	24437
21035	2	9827
23597	18	24713
9710	90	10172
23280	18	3448
2031	154	10244
5028	33	6526
24833	96	1219
23774	131	22058
8350	125	21623
23925	42	1458
3144	90	10494
23407	42	7894
21623	98	5947
23812	2	5465
4937	2	22010
7121	182	7460
4352	2	5401
24371	42	10068
6000	18	3457
4343	40	7084
8091	42	212
7407	212	5944
2922	40	24264
25159	18	8584
3867	7	7649
22995	40	3222
852	4	22409
3712	4	434
3275	131	22024
4392	33	970
23262	98	23734
1375	33	8851
5347	90	1580
22944	7	5361
4907	7	2737
23365	18	2733
8091	42	22068
25255	61	23828
3109	206	24023
23659	90	8709
4270	46	25466
7023	40	24722
22944	108	68
10186	40	4942
24777	215	24922
24283	212	24023
24934	33	9965
24430	2	6001
1056	4	7374
847	40	23018
8282	2	8761
56	90	25079
5679	61	7311
22431	108	5383
21502	42	1864
4875	14	68
5594	18	23341
6273	147	6116
24554	216	3803
9781	195	25447
25124	2	23654
2889	42	5761
1318	116	25025
5562	42	1506
24675	42	4894
21920	130	1899
7823	7	6782
3900	96	21498
2507	41	2005
21917	33	337
5927	7	8997
23119	42	1766
118	2	4769
2476	9	21128
2454	131	8444
10152	61	2614
9297	18	2485
24659	125	1108
22186	148	8432
3530	4	860
8277	177	24143
24439	2	24443
6059	61	5107
24583	7	22332
10407	61	9175
7414	194	574
2256	42	10324
6062	18	8053
602	2	24975
8785	42	87
42	154	8074
23152	108	6663
5496	212	5919
23051	13	3001
3141	42	23117
25151	2	1510
9195	61	25480
22701	116	25025
5910	42	817
2575	130	8807
6413	4	9968
23087	18	4970
23405	108	3492
23646	7	21358
235	33	3881
22071	7	9022
21230	4	2024
23243	4	22851
21284	42	7837
8027	42	4210
3663	2	9804
5093	106	3271
22350	213	3985
4916	18	5616
7003	147	4445
9583	154	8615
5756	212	25497
8144	125	22613
22658	66	22833
21367	42	21976
4243	14	68
1142	42	9739
25030	42	5278
37	2	2782
22645	192	22951
6420	7	2279
22146	2	8066
3171	42	5791
4599	33	2304
24142	4	21017
5732	125	24023
2120	2	4163
23392	131	3618
1603	18	22956
8097	130	1560
24264	130	5032
10147	42	23805
21760	27	6753
8935	216	1899
246	212	7073
24079	96	22563
3467	154	3150
3241	36	3718
1219	41	4064
9338	42	22317
24233	42	9517
23950	7	22171
4524	130	7263
6881	90	7159
1891	18	24646
2201	42	25199
25028	116	6688
709	216	1560
24523	42	21153
3188	116	5300
22349	116	6688
2805	42	7851
5943	42	2266
187	7	1247
22930	42	7749
22855	40	24722
7055	2	9625
3963	33	6190
23184	216	1899
23794	7	2153
7041	212	7354
25325	46	9308
1580	61	21561
1075	81	7967
14	42	7862
421	216	1899
9826	33	23391
6175	2	25199
2	7	5693
4636	40	10241
7341	125	8490
22072	33	9801
21372	61	1312
6121	18	25251
24592	18	6269
4938	40	24360
25448	42	949
1681	7	5521
21470	147	21508
6866	42	10324
23745	130	24229
206	4	9082
1366	212	1261
963	116	25025
22160	195	22994
4204	46	1678
1246	98	538
1910	4	21063
446	116	6752
10446	46	2048
3187	130	2470
5660	2	2015
22753	212	7924
9796	33	8458
1012	40	10382
1639	4	9259
6409	154	6924
4065	42	4472
8266	216	10269
21523	151	4639
1502	40	23533
2178	2	919
22261	36	22905
24668	7	23865
2205	18	6333
9965	206	9403
30	130	23980
24699	212	23757
5699	2	1570
2714	2	23780
21154	4	21390
23962	90	1772
2612	42	7405
1208	4	557
4770	89	24351
21907	42	5339
24475	96	9848
5208	61	4890
25314	96	25314
22909	90	24468
7181	42	6841
1889	40	2504
6208	70	23139
8937	2	8431
5072	18	25159
6481	18	24338
24096	4	9843
24210	42	2258
6592	2	23714
5004	97	21646
576	195	22613
6880	42	2437
7755	42	7797
4404	102	21150
7081	61	22891
8692	216	1899
1200	192	24513
6228	18	23414
22654	4	21390
25447	206	9407
2763	42	25362
7269	90	8190
8521	61	5979
3344	125	23570
1768	33	5062
4015	154	68
6312	7	8147
6404	81	2471
7271	61	2840
21902	131	21315
23292	42	24254
2210	42	6990
9978	125	9759
9554	154	8807
23040	96	7188
21493	42	2626
22371	119	3002
23406	40	9714
21213	13	1185
82	18	6256
21510	4	22414
229	61	10013
4897	2	23650
21972	33	25492
8087	4	4174
1229	4	5127
852	61	6588
6476	61	7082
21877	154	3063
2938	18	24014
6002	206	24437
285	12	7794
21175	215	8396
5727	42	817
2915	195	22409
3801	42	4581
24772	61	5715
9813	42	2912
2686	130	22971
6950	131	24460
3349	154	68
24951	206	21623
9269	90	7104
896	4	24602
4714	4	3670
9851	212	2925
3870	84	6955
3442	154	25211
7464	181	106
9006	96	22212
2445	130	68
4645	4	1686
5225	90	7278
21592	125	23973
2882	42	4393
25105	125	1108
24600	18	1990
10318	90	9384
5850	216	1899
24562	111	24162
4876	18	8153
3500	18	22241
5448	202	331
22829	216	1899
5990	130	1214
10138	12	5690
3125	4	9108
126	116	5300
9305	7	2391
10371	42	1407
1855	125	22434
23331	212	24010
4040	42	6735
24787	4	860
5719	125	22613
4489	142	24629
9405	215	1964
7624	18	6131
639	42	2515
9035	130	1075
7875	33	2378
21165	42	4607
2417	90	751
6137	130	23734
10230	130	25211
24897	108	25211
9504	40	21199
23748	89	5619
24207	216	1899
2712	11	5827
21327	66	7487
8003	7	4674
4976	130	2311
23075	67	8328
21280	154	106
7063	116	6688
21884	42	23486
2714	116	7408
4822	154	10269
6565	108	3803
2300	18	1291
4716	42	3927
23709	125	6201
8422	42	2064
8441	89	25099
4641	42	2322
25137	2	2472
933	36	21791
6731	42	5792
5544	2	24360
7906	125	1744
23254	216	1899
4546	42	24250
23240	2	9742
21113	42	384
10229	215	4374
3540	216	1560
2635	90	7270
21948	147	7732
21397	18	3249
23575	33	23391
2343	129	23309
10280	206	21734
8727	40	3813
3757	40	8319
10429	125	8851
24829	40	6259
3470	42	5613
10267	191	5934
5257	4	9742
23157	40	3833
24109	148	1308
6765	154	21791
3632	177	7806
1046	33	2304
22533	46	7367
1126	18	2731
7879	98	5956
8201	42	21524
3248	40	308
6485	61	2199
22143	96	23711
3937	61	21249
2267	42	4362
7570	130	21791
2127	18	23365
22406	7	5825
827	46	25466
3394	42	24323
25332	2	3469
22073	42	7124
1442	7	1647
25093	206	337
8593	2	4181
24802	42	25441
4680	196	21664
23854	2	3432
4577	212	22845
5311	18	9007
4232	90	5975
3314	195	1246
512	42	6699
9136	130	23734
1667	60	1534
8076	7	587
24884	42	4234
1518	96	1058
9161	4	9714
1084	216	4500
23436	4	24608
5126	154	25211
662	199	821
8825	33	408
21383	195	7316
22162	130	22630
2835	42	24254
10336	90	993
6890	42	22856
5911	42	6595
2764	90	4824
8815	108	339
24693	40	1708
4196	42	3835
8838	116	5300
21536	98	25211
21778	212	24458
24243	42	4755
350	2	2442
6741	4	7717
8076	61	21495
8126	42	4827
4247	41	24629
23395	90	22608
820	2	21528
4789	61	2685
6065	206	22020
8781	177	207
22175	108	24400
5416	177	7701
21269	90	5980
10222	216	22951
1440	125	9965
21897	7	5609
291	4	5055
5842	103	25
2395	90	4283
10452	42	23686
3119	18	7650
4173	90	6430
21753	54	22174
21341	90	23960
22281	42	2251
23953	154	5955
5333	90	9746
6076	40	24443
6543	115	3273
24219	131	2518
24049	18	6217
3074	154	7337
9941	42	24564
8653	116	7408
8430	116	6688
22555	33	22335
1480	212	2304
9864	18	4663
7355	42	1843
23164	116	25025
21749	212	1000
430	108	868
21791	60	3874
1503	2	8829
7094	42	5126
6475	18	6361
4589	61	1687
9449	2	8829
5001	18	9300
4944	7	22171
10231	131	1487
9482	36	22951
7	2	592
8672	33	24789
1501	102	1514
5122	33	22032
24840	192	4027
10414	216	1899
2679	40	9348
1451	18	9052
3231	61	23321
903	18	7935
9778	4	7079
25433	2	2512
3011	204	721
24183	125	5351
23403	42	1116
23520	130	25211
6466	33	22032
10088	42	3389
22632	191	5814
3096	18	24517
23315	42	10374
6834	125	22414
2141	61	24087
9079	38	7337
21608	89	4844
1096	130	8037
916	125	582
975	42	24984
4922	40	8230
9727	81	103
24544	215	1964
6620	42	25242
5900	50	8571
22386	90	8824
22041	42	10495
23042	2	8940
9379	125	22485
7615	99	6899
10427	4	7374
24992	42	7451
5768	2	1000
2675	18	24467
8934	61	1902
2910	2	4163
23023	130	23430
10035	33	9801
3614	14	9581
22665	2	21406
22564	42	1877
10356	18	5471
7879	130	25213
21756	96	5292
21941	2	337
4780	4	2024
21834	199	24957
9335	130	24400
25016	130	2765
22977	4	22147
9812	90	718
8137	90	24410
2091	7	10067
9040	12	7791
1079	42	2941
4700	13	3001
23943	40	3103
241	90	7795
3001	173	2434
8859	90	3189
21299	33	8493
21458	7	6315
8066	206	22409
6886	90	24453
3570	42	7749
21440	98	23309
9040	42	2232
6218	130	23868
9593	42	5639
3528	61	5361
1375	2	8851
25047	130	22543
401	116	25025
8697	42	4779
8858	206	7219
23170	212	6201
7332	2	8761
2311	216	21791
2328	108	23978
23806	18	21039
6084	130	7847
860	206	22434
726	125	24023
9156	96	24800
1904	4	7630
9025	125	4131
7409	18	3378
1368	2	4898
739	42	6149
24768	2	8183
4575	40	1456
6365	66	4070
8509	2	9335
1804	125	5926
8964	4	5127
8698	89	4164
2909	90	7459
4742	61	1916
7055	42	24002
508	98	23734
1666	125	21017
7076	90	1380
10226	90	767
7064	42	733
7669	212	6480
6841	130	68
21925	212	5767
5449	2	4181
9299	7	24089
8204	18	3459
1481	18	4046
21309	18	9908
7013	130	8807
9474	11	1411
4539	7	23625
21839	130	5405
3138	212	2568
21999	130	5383
3372	212	23470
5372	116	7408
21263	212	8375
3958	8	5189
23522	147	4111
5065	40	9714
7149	177	22233
7954	42	25202
23596	154	23309
25195	116	1654
8291	108	3492
2568	98	3803
5228	151	22562
4916	18	22789
8581	40	22596
1769	40	6704
10235	195	7419
23993	4	4469
4569	195	1744
4718	2	293
3208	154	25211
2224	130	6663
270	61	656
6431	2	24975
1131	42	7252
2634	5	9301
9508	130	721
151	18	25248
1870	89	7112
5352	18	5232
7017	18	7273
24507	18	6536
22579	90	6917
10132	88	7141
2193	4	24581
6612	148	21847
6253	42	8287
25499	154	22630
22603	116	5300
23144	102	6787
25232	11	23734
4228	4	1078
8406	33	1570
22695	18	3815
9995	18	7742
7055	40	23755
9546	40	22010
9356	42	9345
21266	33	24001
3165	108	8471
22061	66	25422
8364	96	3058
3548	108	23734
2849	40	5830
2126	40	22236
5316	116	23185
9146	42	4755
21425	212	3544
7216	42	8061
23591	125	6446
9322	2	24563
6532	206	21899
5064	18	10139
24188	2	7469
23863	177	207
7281	18	25438
4566	18	21085
8779	33	24444
1031	18	1291
25020	206	2638
9658	133	23694
22734	18	5209
23177	40	6814
5659	61	21541
5224	18	1556
7065	108	4413
23040	130	24629
5536	2	24975
7950	42	23805
6641	42	4734
2230	61	9487
9380	11	22158
24760	90	6907
1177	33	23391
3041	212	336
5545	7	10370
9857	103	5600
21379	46	2554
4874	154	5349
6803	96	23726
6823	90	8456
3283	90	9087
4282	195	7346
21873	130	22905
22990	61	1259
21756	154	5113
94	130	3269
23333	130	286
3996	131	23569
2671	18	8039
5270	102	24462
10397	42	3677
2775	42	759
3493	116	6688
3756	2	21528
1631	61	951
23426	2	9801
688	4	21528
21815	2	7853
2823	2	22604
4091	2	23533
21868	216	1899
7523	7	8522
25386	42	21195
9072	116	5300
3715	131	24333
1010	143	7531
25077	42	3618
6826	216	21791
8690	2	21406
1943	61	7459
6805	90	10097
8320	4	25467
5408	116	25025
25087	125	7073
9311	131	23409
9119	212	9407
2555	130	3091
1947	42	2447
22714	2	8761
22857	42	8426
24046	131	9923
4714	212	3670
9366	42	3242
24050	206	7728
24295	139	24295
1024	42	2211
3447	40	8814
7780	61	5812
8949	61	2604
4663	18	5818
3915	212	1754
9351	154	7337
21248	40	22673
5389	18	9481
23797	213	22027
6503	4	435
5566	18	3252
1720	206	25093
4760	2	4915
9828	125	1108
7042	90	7590
23990	33	6201
9723	42	527
9337	18	4846
2766	18	9590
1924	18	7968
21583	16	4471
9988	147	6273
24521	2	4616
1145	154	7572
7316	195	9259
22669	7	2381
7897	42	5413
5948	96	8511
24039	18	4029
6212	130	23309
9066	4	435
6661	42	8511
9503	116	25025
5491	45	8494
5079	216	1839
21822	4	7635
7709	18	8039
21782	42	4898
2	90	1583
24831	154	68
191	13	9463
6652	2	9788
4265	14	24745
6903	115	25029
4440	216	1899
24600	216	1899
658	61	24672
4480	42	25410
7638	61	25059
5061	108	5383
7405	96	21576
4750	90	7527
6334	151	6983
6356	33	337
5244	108	6924
2142	181	1612
23854	42	7410
4033	7	5825
8538	130	68
24678	40	2015
22878	131	6760
287	130	4304
23015	33	24469
10468	154	24629
10280	65	22853
4797	130	3370
25245	204	21791
3951	212	8357
6144	2	2272
4160	110	4665
4830	130	6857
8659	154	2850
23989	42	571
6474	2	23817
2879	125	6352
344	108	25211
7589	89	519
21473	130	4893
9579	125	1249
9822	58	2075
3268	154	24859
22321	212	9801
4146	61	4389
883	212	23236
8554	125	8143
1774	11	21790
2671	18	25347
21453	90	21690
21106	10	6941
25475	130	3330
22341	18	21505
10077	154	68
6607	145	8899
2719	12	23909
7390	2	8851
24943	18	8764
5651	18	24878
948	18	5542
9858	2	8842
22920	18	8758
6848	42	8866
22752	2	3042
7357	61	22921
4502	18	1230
3566	42	2226
24467	216	1899
22619	125	2421
8216	42	1843
5008	216	1899
3778	7	2346
10246	130	68
3015	33	7288
6086	216	22549
7570	154	2311
8364	130	1258
22736	4	23755
1239	99	8454
25277	18	10139
231	4	22147
8830	108	1839
1700	116	5300
4686	61	689
843	90	25160
8732	130	5349
9785	4	7026
7349	84	7767
22886	154	22644
8353	131	7984
1051	4	7853
7576	212	3544
25077	42	141
7127	7	25377
5175	84	1560
8592	4	9626
4850	2	8212
7154	42	23928
6631	90	3225
8976	4	6259
6281	4	5830
24641	61	10316
3974	40	21199
5384	61	9778
6960	7	22657
2703	7	3078
8773	96	24757
413	33	24023
9802	2	25397
1260	130	21790
25091	154	23309
24945	125	24786
23187	42	5786
5320	2	4302
24379	18	23246
7715	42	7606
3096	18	2234
2427	116	5300
1020	130	8037
24311	174	2528
4359	2	24069
6987	2	25268
9249	216	1899
9431	212	9801
22169	91	1653
25076	46	24409
4672	125	9999
8578	18	22022
4610	130	24629
3063	192	21791
3941	4	7927
6437	7	9157
8731	90	22221
7483	12	6591
7262	4	3670
3295	2	8905
3915	2	1754
5643	42	1897
5712	212	22020
7135	61	9664
24732	18	6617
4985	90	25249
5460	206	405
7763	18	1022
4065	215	7128
22606	201	3573
3468	90	10168
1576	131	780
6062	216	1899
4310	154	8630
24948	130	1411
4618	2	2782
7235	165	6829
8400	130	8807
3253	7	3529
8879	42	5202
21590	18	6547
935	130	7263
3777	131	586
1382	33	3780
9764	42	8610
5650	18	7506
4247	96	10468
7901	43	22644
6900	4	24975
6319	18	9249
3472	130	23734
24391	151	7114
1661	18	2173
6449	40	22795
4424	212	9100
263	61	359
25369	131	22062
5415	90	9392
9995	18	1130
8378	2	8851
8772	61	23852
8352	154	25211
22471	42	1260
3624	65	22845
8436	151	23508
23026	154	7819
23558	130	3150
23936	42	8652
23935	132	23935
21827	42	7238
1678	130	5383
8539	18	3059
22945	18	6166
21132	84	2589
9033	154	25211
21376	33	1412
5461	46	23519
23128	42	7495
253	130	21790
22985	42	324
10373	125	22032
10207	42	22563
6731	2	201
4378	90	21975
9991	7	2321
21800	130	23978
7825	54	3727
593	42	5369
4487	130	23734
6117	4	9742
6616	18	1858
2295	130	6802
907	18	4916
8714	18	7210
23700	90	10045
9550	212	5374
9985	130	21790
22546	130	4281
7309	108	5383
4969	2	9971
22617	61	22446
23138	2	22304
10272	7	2009
24902	2	23714
24560	2	6722
954	46	2554
8190	212	8851
23050	18	6133
21163	2	8357
3605	40	21511
6135	130	10199
2247	42	21220
25340	2	9259
1274	154	8807
22740	40	9200
5376	90	6032
21053	130	2579
5142	33	22762
6742	18	25277
6306	130	21109
25168	2	24172
21107	18	21197
24186	7	24694
21306	4	21528
23698	7	22711
8711	216	1899
9927	106	22783
23157	4	3833
22524	4	5127
3599	42	4607
4836	108	22905
2627	42	2986
24997	151	25475
6883	40	5438
24012	131	5624
224	130	22017
7788	216	1899
983	89	2129
4396	46	8754
5170	38	4816
4435	40	21322
5510	2	4024
5563	212	5159
4531	154	7690
21354	42	3561
4033	33	21627
23257	212	23391
23268	125	5351
10023	212	9512
3520	4	24987
23219	108	5383
4719	90	2369
24864	90	5994
21669	130	21790
23870	42	7696
4855	130	24629
1400	40	9080
5074	2	23151
24280	33	6532
688	61	2951
10015	42	4222
24826	99	1856
9166	18	9752
5617	195	21846
5230	42	23512
9692	130	7847
24534	72	2349
9718	130	6944
7520	42	110
272	61	1552
5046	4	6387
24425	125	5551
2172	4	7927
8406	7	21338
88	18	5303
9828	4	4833
5723	61	4405
22583	4	22015
5419	90	469
741	130	721
6729	90	25222
10353	90	21886
1342	18	1348
3481	154	945
9881	139	3186
7804	98	5627
5400	216	21791
4618	4	2782
21038	42	8157
7123	130	21575
5969	212	1592
5547	125	23791
9265	90	24761
6385	90	2919
23243	42	1540
707	131	6676
10461	18	10079
8781	116	6688
21971	101	22718
3754	154	23980
6456	42	6628
4498	61	24070
22875	18	9187
7901	38	7512
22042	42	7639
24903	61	22273
2725	41	21791
3167	46	7379
2932	40	7043
22807	18	9844
5674	177	2015
21018	42	8152
8926	14	25211
2599	4	22414
23300	4	24830
23603	154	22225
8046	130	68
8333	2	21123
17	61	402
24067	216	1560
23308	18	6989
24925	42	2536
24356	151	3018
7253	130	8807
6659	42	22895
1307	90	22008
9491	2	9334
5412	131	6424
8305	42	6691
4270	42	572
24089	212	24023
23741	130	25211
2723	18	5853
21186	2	24057
218	18	2128
2540	90	3295
2862	18	8013
7876	130	23734
1226	2	6387
10277	46	25466
4395	116	7408
21170	18	24601
3383	130	2414
4093	40	254
9899	116	6752
25181	33	797
7248	18	6131
5776	157	7983
8293	18	1294
9359	42	24848
7311	90	5679
2780	42	8565
24279	130	22951
2220	33	2568
21298	40	23683
22377	131	3200
3374	4	7927
23681	61	752
24219	131	23569
4525	2	7595
4883	2	22414
3057	125	22231
6316	151	9312
21645	90	7332
7186	7	382
10196	4	5271
1385	42	25362
5779	14	5210
1287	42	9330
23124	206	8544
23196	2	577
2500	2	2194
3005	42	23000
4272	148	6273
657	2	2378
6479	2	7079
22987	4	22613
10355	199	3103
23193	110	5532
978	42	467
9102	18	5311
6270	42	4689
8009	130	8807
21941	2	21846
23726	96	21332
9411	42	24135
22546	154	25211
24756	99	9480
23707	204	3150
2456	116	7408
2368	42	25379
2667	90	8085
1119	42	10381
25006	131	1254
9276	131	2578
24496	42	22787
6227	42	8770
9289	130	6101
6776	4	7029
22014	108	8807
3439	18	22920
25317	216	1899
8566	116	2605
22206	2	8787
852	7	2381
5828	2	24446
9119	2	2782
4073	216	1899
10137	4	6544
1915	2	25397
9594	42	3728
21281	42	678
9871	130	22630
1775	18	3082
24833	154	21210
6938	42	8356
21342	12	7734
9086	7	10361
24892	2	8851
23729	90	6775
4829	108	25211
24551	130	8614
2578	201	9276
2577	40	8673
6423	154	721
6358	4	6704
4775	97	8596
22794	131	2808
5217	18	4468
3427	90	21140
5617	195	23817
9569	4	25397
4124	130	68
23691	90	23959
24466	42	5390
4637	96	24056
3802	18	2160
948	18	9662
6166	18	7101
7175	42	9972
24168	140	24629
771	40	22871
7144	18	8636
9943	154	8037
3380	18	3806
21261	42	8069
8481	33	8357
4487	204	721
8396	192	8630
7329	42	6999
7380	131	9800
8880	2	5653
9714	201	22570
1096	130	21790
25312	18	2923
10256	18	8321
7570	99	21308
8487	108	68
3813	66	3133
24544	149	8983
21787	130	709
6971	2	1000
10335	42	54
23822	33	2649
9397	66	7296
9269	125	22176
21436	42	24323
1381	212	309
4662	61	21765
6169	2	21414
6141	2	405
576	195	21440
25104	216	1899
2934	125	22414
25104	18	4754
5476	125	2512
4613	54	22621
21447	15	25211
21643	4	24975
10124	33	21440
22008	61	1307
4207	102	21553
22798	18	3802
411	130	23750
23301	42	1516
24460	201	6950
7347	18	25304
21438	42	23310
10078	42	3949
21963	13	9463
486	42	4671
5112	2	22766
2720	42	3399
3779	100	24901
8066	206	2782
3622	216	1899
4747	130	284
5348	40	10176
9877	99	21308
6596	2	5919
3267	42	1204
8916	125	10044
25184	177	8863
8464	212	5926
10046	42	8855
2775	2	10382
3572	4	10381
5179	4	6259
7866	2	25373
2864	42	5301
21644	46	8125
21392	2	5127
1696	7	25270
2821	40	335
6683	40	750
24891	125	3670
22253	42	22417
5247	2	8139
10454	89	24351
1020	89	6714
23121	18	948
4007	201	4519
3698	42	3108
1638	42	24314
2080	131	3563
23256	12	23909
21909	61	23735
3173	42	7056
6739	18	8443
7396	42	8610
21820	7	8427
25499	130	22630
3095	131	8887
1849	33	8148
9366	4	4633
23238	42	8336
24414	61	10075
5768	7	21749
6681	18	9113
1672	4	1176
10200	2	24909
21475	90	10219
22793	216	1899
504	2	22228
3767	40	6069
5768	125	1000
25287	56	4500
1137	7	7888
23317	216	1899
1778	4	21623
10123	42	24901
6310	125	1570
23119	42	1460
21430	18	9465
22240	4	23346
1108	13	3001
6413	42	2756
9803	148	1578
23289	42	1598
1797	2	1510
6319	18	1211
7646	103	8608
7749	130	8768
3568	154	6498
1810	154	721
9961	42	3168
9626	206	3881
37	90	2847
10286	42	2002
5874	2	4529
9180	61	4960
428	46	3349
24669	2	3670
4685	2	1875
862	4	5604
22037	90	7072
24774	61	8144
3631	42	6153
6253	42	5202
268	81	286
5160	2	3670
7800	96	22113
1199	13	8998
4410	7	23784
6220	7	5875
2047	13	22735
24139	33	22335
21472	42	7308
24880	216	1899
21510	61	1500
21287	40	21471
21689	42	9560
3748	61	3334
4135	125	8286
24816	13	9463
22458	116	5300
4417	18	8973
3457	18	6000
10381	96	10253
478	116	6752
10197	147	21508
9113	18	6333
22978	2	1510
7559	180	24735
9583	154	7767
21087	33	6847
5358	96	8335
23232	4	2546
7305	89	6106
2364	61	6268
5909	12	4341
237	149	23497
23095	33	2512
22220	21	21500
2951	4	21528
21550	42	791
6636	206	6152
6293	115	8866
1000	206	405
5085	7	21404
22934	7	8877
21531	177	9566
24667	96	3495
736	2	1000
8071	42	1149
5070	199	3922
7671	61	21797
22765	2	5127
22455	90	21260
25261	215	3213
22717	11	1214
9063	12	3616
3310	10	25143
3653	33	4360
23978	16	9581
7398	18	10463
1514	89	7112
21954	116	6688
10487	130	23332
10400	42	1745
10325	42	21294
5357	33	1261
22143	102	4912
10128	9	9060
7454	125	6201
23038	42	9276
24761	125	6526
6775	212	4902
22594	212	3881
2959	90	2120
25063	131	4894
3912	2	3300
7732	148	24109
21273	18	6617
3316	131	6820
6675	42	3405
1235	42	22601
9547	61	2899
3286	96	8458
603	125	23437
23854	40	7410
3510	125	6540
8566	42	8507
9196	2	7073
21685	18	23048
553	42	22051
5081	7	25231
2133	61	670
4733	42	9324
6651	2	9085
2371	90	25188
4971	42	3960
6611	40	6814
6440	61	4206
5073	125	25219
4828	116	6688
8592	61	5795
23124	13	3001
22625	13	22625
5249	33	7415
22461	96	9427
23693	2	2936
8395	2	24360
735	46	6237
8492	96	4637
23079	96	3128
6613	42	9714
9558	154	1560
22744	216	23886
21115	18	7682
22155	131	6964
24195	148	21508
22854	27	23793
10272	13	9463
7614	125	23391
10425	90	7442
3110	99	1856
59	2	7374
9625	96	23755
25284	42	3278
22871	154	8630
5854	18	3106
2735	212	7069
624	125	7073
173	125	8490
6901	18	7101
4317	42	25052
7403	42	7467
22553	2	1246
23125	7	6775
5863	216	721
1388	216	721
8331	130	725
6149	130	22141
2128	18	7785
24000	100	2565
21701	206	24446
2124	4	557
23564	131	24128
10256	216	1899
1286	18	6186
23714	195	5847
7427	130	8049
24598	90	7184
7273	18	4205
3674	108	6513
24948	130	3685
22515	4	1412
5319	116	5300
24964	4	21774
7486	130	22785
24325	18	5834
5490	116	5300
5875	2	4163
92	125	337
4321	89	3369
6115	216	721
409	2	4089
1832	7	5105
9995	18	3250
24375	175	8313
0	2	21623
9214	130	22905
3930	215	7128
2381	2	1000
22650	138	7577
25468	130	23978
7799	216	1899
138	33	309
3119	18	8742
23239	117	22951
2771	216	6955
158	89	5176
21636	46	9697
667	215	821
9325	212	24446
21526	2	4089
4412	125	3670
2230	7	7848
1660	12	22374
8832	2	3881
1287	42	9372
21604	99	24875
22561	42	4018
198	46	2690
10132	215	25037
22200	72	10302
7585	42	7013
5722	2	24514
8084	96	24435
1813	2	24801
187	33	1710
21193	42	5369
2271	61	22210
22902	18	23129
24221	154	1195
7102	61	9013
4319	108	23734
10272	125	8851
2938	18	9337
7092	154	21791
4637	130	286
25372	117	22951
4580	2	3251
23223	108	23734
2292	38	725
21109	216	1839
60	90	21246
22899	42	2999
10255	154	21714
10464	125	21330
21132	216	2997
7601	66	3246
4972	42	8069
3014	42	23910
8807	16	5383
10139	18	2375
25189	18	6779
7836	18	9007
8155	61	8158
25117	61	9548
1119	4	10381
8204	18	25026
9565	33	9100
3105	42	8352
8168	130	10181
8220	130	3456
21077	204	21036
4283	4	7004
10248	4	25134
7978	90	491
8241	212	8544
5065	4	9714
7987	40	24443
10338	42	21635
3653	125	4360
22383	101	23193
9124	40	24619
21484	4	22231
23444	116	24853
7370	195	9965
23024	116	25025
8088	116	7408
5168	130	8725
22845	195	3624
6280	18	24065
1558	18	561
2088	147	5889
670	61	1493
3480	131	4930
22765	4	5127
25199	130	8630
24768	4	5132
4141	40	589
127	130	24717
1849	4	3542
7586	2	9626
4204	2	2624
5254	18	5528
9205	18	151
9694	216	1899
9852	96	22236
21519	18	24601
9355	108	68
7955	2	22761
8012	18	6742
23970	212	8235
4140	1	24319
6073	195	25492
25173	33	6593
4930	130	5955
10252	131	6249
6027	181	23998
22916	90	2013
941	130	7212
6852	18	24716
25027	18	331
24195	148	23522
7351	4	582
21723	196	3904
9129	42	10408
24023	13	394
1916	2	2421
575	212	4181
23323	46	21501
1060	131	4068
5612	125	5926
1668	61	5161
3804	125	3881
9883	191	8982
9742	195	9884
6518	116	6688
22488	12	21304
4770	130	22885
8342	18	4926
1836	130	25211
3933	204	3150
22430	154	3492
8826	206	23714
9605	42	509
3571	40	300
10387	42	8847
22383	130	8037
22048	131	2006
9652	13	9463
8340	216	721
1378	119	1185
1294	216	1899
21127	97	24131
10461	18	21759
8145	2	4163
6998	108	5956
10069	147	24093
23862	125	582
9727	216	1560
23694	173	22181
6445	4	5377
21125	2	6146
785	42	7837
6457	90	5670
8964	7	6315
8002	42	6461
1362	47	21839
1793	33	22460
4580	149	25441
4081	90	21803
10151	42	25441
24528	120	2146
21453	4	9956
3463	14	21791
25368	96	4449
9832	130	22549
21362	4	25042
1186	61	6428
4930	41	5955
21438	42	21627
1359	4	7455
1473	4	22032
21657	42	2824
3199	18	2593
23851	2	1538
7648	61	6558
23919	46	25466
6173	130	7263
2002	130	23734
8059	33	1108
2901	4	7054
5875	90	24499
4001	139	21092
9320	4	5128
1217	33	25219
8944	2	9478
5697	108	8924
5784	42	8356
7446	18	23260
22647	4	9968
5362	42	9954
2299	216	1839
3731	33	24023
9680	61	7442
22123	7	8060
2396	90	3104
2689	42	9865
8355	216	1899
25072	130	8807
5153	14	5383
5051	96	21199
10476	130	5050
5999	4	22613
22560	130	721
9043	18	10438
291	61	23441
581	61	862
23671	33	3719
22119	2	4024
8867	7	7693
8546	170	4179
6778	177	5271
3575	46	8754
688	2	21528
6760	102	22878
8533	102	9115
4336	18	9185
23129	18	7372
9443	175	23814
6521	42	3198
183	216	1899
21136	125	22176
9817	5	7990
21825	61	10107
4587	18	3597
4970	18	934
263	212	22613
7610	154	21791
7327	42	6233
10347	12	25194
8376	7	24434
9969	4	24722
23511	38	630
3462	96	8497
9563	212	8143
25336	140	24846
1436	66	9107
5753	42	23621
5509	40	4886
6090	130	8807
8546	56	24245
710	140	22965
8879	40	6814
5904	116	7408
22309	89	25370
25391	116	5300
291	2	902
9769	130	23793
24550	125	24446
4460	40	6452
22513	33	6119
4039	42	22301
2828	195	7415
911	130	22549
3062	33	23791
2274	74	9700
8295	33	9804
6984	38	3718
7339	116	7408
21785	14	6748
5153	14	8807
1590	40	23686
3142	33	337
761	18	3853
24961	88	1396
6085	2	21994
3307	61	2182
24794	130	5383
2173	18	1827
21400	130	5349
24028	148	3670
6239	130	268
9275	40	4524
21664	11	5421
5865	2	21807
1032	154	22901
21631	40	3266
8879	42	22337
2648	116	1964
23220	194	3534
7643	61	5994
9869	42	5202
4891	42	25172
5869	36	3803
3875	154	8807
9864	18	23048
25274	42	3073
608	42	10457
24083	195	22964
25024	154	7337
1749	90	6436
2139	89	25221
7020	199	22724
5614	46	8754
23449	116	7408
4930	41	25122
6110	108	23734
8195	2	8384
1192	42	110
102	212	8286
9122	4	23686
23986	61	1778
53	125	309
2148	154	431
171	206	9407
8416	18	23615
1625	130	23868
9800	102	4439
4452	90	7120
5301	130	6101
7691	120	9539
3360	90	5989
5116	7	21665
22419	2	7814
23680	148	23745
3901	125	2421
22263	125	24001
22751	42	194
2250	96	4308
5546	42	3905
5232	18	7753
5889	148	3481
9354	154	23793
22069	90	21364
22021	61	4044
21648	216	1899
10460	130	6498
9729	18	21121
23126	42	21319
4729	151	9212
5994	108	25211
23351	13	9463
8850	42	24113
91	4	158
24578	4	21842
10476	96	23554
21928	42	1577
22287	42	24973
6296	42	7934
8889	42	25379
7506	18	257
5826	105	5776
5526	18	21814
3503	212	7011
21846	130	23723
23002	13	22735
3155	130	4421
2551	42	2536
22841	130	23980
9016	61	23586
2359	18	24257
7645	216	1899
3546	18	4205
25369	130	5050
8478	125	8851
24114	4	21488
4285	42	6292
7034	2	25093
3212	134	643
1914	18	566
9919	90	7532
2688	18	7765
176	7	22722
3325	33	25033
7714	2	10039
6297	42	7375
10471	33	1108
4934	206	5743
2186	89	7592
7710	18	8742
21761	18	3450
2203	154	23980
3197	61	19
10480	4	6139
3418	216	1899
4262	42	2536
21212	216	24485
6676	130	8725
9106	33	21623
903	18	6046
24424	33	5926
8249	130	21556
4984	216	1899
23501	115	7639
5159	65	5597
10343	195	24790
9511	131	23008
9771	42	6860
5258	2	7853
3359	154	23980
21437	42	21153
4597	40	9981
3009	42	7894
3859	42	24404
5589	212	23817
23061	90	484
22292	81	7967
8441	47	6958
4819	18	1402
3328	130	21790
22018	125	22414
23178	40	1996
9403	98	2470
21495	125	23236
10	42	21653
1447	154	1195
6477	154	8807
21667	42	2844
25408	18	1072
23615	18	8416
9815	42	21068
4915	130	2471
3984	42	2226
23996	130	22951
21943	61	9269
1326	42	21428
4874	131	9893
21674	192	68
10196	46	5271
2009	212	8851
22316	7	6873
22065	42	8404
683	2	3109
1143	42	4875
22918	116	6688
1560	140	2146
2362	154	23734
9374	147	7136
10039	195	9228
1108	139	434
2256	4	25047
10	42	22943
3780	65	25210
22802	140	6127
616	116	6752
5455	42	2982
6914	154	22905
22767	61	1793
4116	130	8037
5884	42	2020
8440	216	1899
8002	40	1799
5297	61	2740
2905	4	22032
7845	108	6404
2446	13	4639
771	42	22546
651	33	22460
21817	2	2272
9457	42	815
24506	4	475
1432	2	23193
22936	33	5926
2110	154	2441
5742	25	22951
21146	18	2426
22475	18	24732
7381	4	7639
7099	89	1821
25343	195	24909
9561	116	6688
1344	42	1577
6133	18	24112
6667	7	10247
7711	108	7263
9776	61	9086
23857	4	24830
9477	18	24592
23451	90	2446
22647	42	10426
5484	14	2850
7206	2	10025
23572	177	5271
8204	18	2766
10475	7	9313
7480	216	1899
8034	2	7472
24124	2	22414
21582	7	6977
3504	42	22327
7777	7	7536
21266	61	22451
5511	42	5278
23292	42	2032
3466	40	8366
24170	212	25494
25341	7	2346
4859	88	24511
3872	195	5505
22080	108	22951
1162	7	2101
6748	103	5096
3146	148	25289
1421	40	2360
469	212	5944
6721	42	22306
5555	40	6704
8470	42	4607
5676	116	25025
6828	130	21791
10030	81	68
24417	130	22025
1879	33	9999
4067	42	6179
10330	130	1842
8683	56	7690
24489	61	24932
5715	33	1744
23892	130	3063
5844	42	3258
4510	88	4655
1243	42	217
430	90	23702
5225	2	10044
23600	18	23295
7916	195	9530
6654	4	21623
25154	18	378
3632	42	8803
8759	61	22445
2763	42	2132
7093	61	10168
24828	4	5125
678	130	68
24227	2	8905
2450	61	24651
7949	154	21939
38	33	10044
23413	7	24720
22422	130	6404
3890	88	21199
7573	42	7056
22371	55	8788
21147	175	8228
9611	46	21501
9810	130	23136
22957	116	6688
6338	42	21243
6890	42	4018
3849	7	8464
21341	2	8851
21410	96	10340
2406	18	6317
7036	102	2080
8531	61	6335
21202	177	5271
24140	7	23880
10089	130	1415
7954	42	25136
10258	33	9999
25032	98	23978
3030	42	22337
5653	206	6207
4021	154	2859
3424	42	21627
3361	33	4630
24331	2	21501
24230	181	2441
9046	61	1066
21710	142	21791
7366	40	24264
7248	18	25012
5715	61	5114
7217	42	1139
9585	42	8860
24450	4	8302
10465	40	22991
21484	7	4879
8567	42	5272
1661	18	579
3373	33	2512
23530	4	7374
8064	130	24364
21033	204	21210
24553	140	6127
440	42	23509
5833	18	21804
23045	42	8377
2568	98	24554
22531	116	7408
6590	18	7609
24138	154	6003
8976	116	25025
4549	125	23437
24093	148	21470
8908	18	7624
22146	4	22409
2115	42	23928
21493	2	21666
23525	90	816
4643	130	3685
2411	116	5300
3160	125	24469
3206	2	3300
9030	131	3200
2411	42	25074
1903	81	22785
21230	125	9801
5547	33	23791
1810	154	814
5034	130	24594
6823	7	24710
1666	33	21017
24047	4	1973
10111	42	747
5203	40	8495
21988	42	21428
7370	206	9965
6954	116	7408
2632	215	4374
1984	212	23
21739	42	1707
8566	42	24287
10149	14	25211
4579	61	7240
1986	175	24856
793	2	10418
1037	130	21973
3136	61	96
22049	33	8851
8658	42	21297
5991	18	8987
466	40	6052
5514	42	274
1756	90	10210
21506	130	24400
23634	90	8194
3655	154	3370
4228	125	1108
21504	42	7862
5941	40	4555
5035	61	5329
21250	154	68
6073	130	5940
8826	206	6768
23194	40	2360
21739	42	7834
9503	42	23310
24702	7	8147
226	154	23734
9365	125	5926
4235	147	22161
1190	42	22943
8815	33	24172
22199	90	24176
4579	33	23391
9388	40	8421
2305	4	25064
4064	216	21791
23990	61	7052
8673	154	25211
2718	90	21938
32	42	8789
21742	90	2273
2691	131	10279
6649	108	68
7413	2	10044
6463	216	21791
7445	42	1887
21750	11	7538
6702	192	22951
997	56	21791
9306	154	23140
4163	195	5926
7740	212	2791
1349	42	8400
5542	18	948
2371	212	10044
1669	130	24629
8544	98	8807
23439	212	9965
23598	116	5300
2143	4	7107
2197	89	7751
9929	130	7974
23441	4	5055
10409	130	8807
6055	12	2809
22250	90	3935
24615	199	320
5444	33	10044
8474	154	3150
2603	42	2373
4185	33	1108
21075	42	5080
855	42	4137
22957	40	8384
9075	40	24914
2956	130	25122
2343	127	22158
21767	42	8789
96	90	3136
2011	4	8131
9801	13	9463
3769	116	5300
1242	18	4620
9558	41	4881
8973	18	20
1086	7	7207
24138	96	1753
6465	4	23124
7973	56	6802
5953	130	4893
21843	18	2359
22821	33	24786
850	18	131
6466	4	22032
24906	154	23140
1369	61	7224
6839	61	10101
5534	96	6952
8221	90	6785
4226	4	23034
7851	154	25211
23465	42	3910
24843	18	9472
21154	2	3881
23817	195	9781
9168	90	1930
1450	154	68
3917	40	6814
9576	61	6422
8561	4	2746
24216	154	2470
4793	42	8022
22791	108	23309
3095	131	21400
24037	212	25494
24475	131	1599
2805	4	7639
5881	99	8454
1716	7	23395
7063	42	7862
24742	154	22630
3263	212	23721
21835	206	5762
22796	42	22516
7170	2	4116
25014	42	22490
3733	2	4774
2579	216	721
22302	42	23025
3239	42	9625
9028	130	6709
7720	4	475
723	18	9285
4205	18	7446
6754	33	24001
5042	4	6134
1064	61	646
9604	130	23356
7213	151	228
7363	90	23798
21519	18	9784
22715	2	2024
2273	90	7358
4781	195	9999
23889	90	2324
1463	154	8807
269	40	24264
4984	18	4625
1185	192	22951
8330	130	8608
5250	108	5383
24213	42	8253
4340	130	4064
24958	40	25064
21031	18	21590
22627	125	4360
9705	7	25127
23622	125	2512
9576	2	22613
864	149	22164
5360	130	8807
21948	147	6273
39	61	23988
1387	42	23712
9627	4	5127
6365	201	4070
1169	18	523
21685	18	9285
1239	99	23979
23073	90	24791
4732	4	22
23241	61	2881
6368	108	68
22216	40	23972
21058	154	2470
5419	2	5944
25497	206	6379
2044	125	22176
24093	148	3313
669	103	120
3084	2	8851
22626	2	5617
2782	206	5339
2528	216	1899
5646	125	22081
24515	7	21285
9513	90	1829
8868	18	21722
7234	131	10195
6504	206	4947
9395	130	6498
267	130	21790
9373	130	22550
169	125	21442
1116	130	8630
5206	2	22032
24093	147	6273
1279	18	3354
1352	18	2040
1696	33	23135
21590	18	21031
7381	149	5898
25068	40	7639
1035	4	21390
21847	147	3453
3761	18	838
24433	18	12
21510	61	24566
6675	216	21791
845	40	9714
5530	7	2042
5390	130	8912
2134	18	4908
358	18	8685
9017	116	25025
4048	18	1216
8314	38	23793
3140	13	9463
7320	90	5647
24622	130	23723
5297	108	721
6579	192	5383
8548	2	3580
728	116	1489
22792	4	21818
7801	212	22231
9040	42	21243
7643	90	22952
23964	7	7077
5292	102	3400
1442	61	2473
25224	42	8212
3671	212	22176
7151	41	21790
7291	125	21330
2131	68	1856
1958	2	5592
24716	18	23108
21983	116	25025
733	130	5383
22376	116	1489
7118	111	21500
1055	14	23734
8593	125	22762
4624	90	24248
10480	216	2997
21163	61	21676
4977	212	24444
4739	61	1961
7142	4	5055
3293	58	22152
7449	42	23773
21357	216	1899
10262	18	9974
9866	40	8676
4048	18	25239
24450	125	8143
5381	97	7853
24076	90	10316
9285	18	7101
6905	61	8836
1563	177	7806
24951	130	8807
5459	130	23309
21478	2	4886
8419	90	23801
23808	33	8851
8925	90	25337
5154	33	9804
8477	42	3162
2457	204	21210
834	61	4559
21469	33	9965
4352	116	25025
7858	18	3846
7001	130	24229
6442	2	3371
3785	96	23022
6479	212	22434
7045	61	6934
9111	125	4902
3277	90	1250
7763	216	1899
1729	102	22144
24303	216	24629
6555	2	23151
21927	72	10302
23434	131	24126
4023	4	6847
22504	42	10174
5594	18	24384
10152	33	453
303	7	23342
23755	96	9625
3812	125	7924
156	18	3076
22244	125	8286
7699	18	5991
6909	61	8783
5004	4	21646
21146	18	9187
260	125	22762
22958	156	2765
3991	4	21474
1861	42	4791
7290	2	1246
6577	18	7968
22917	216	1899
22667	42	21086
4801	130	8807
9528	108	1839
7224	90	1369
9423	154	23140
21047	18	23614
23584	40	7007
21377	151	8218
5471	18	10356
234	130	7337
21923	90	4700
9708	88	3031
3309	147	299
7047	4	21870
3958	130	21334
8680	195	6533
8909	42	2935
21983	4	3129
2242	130	7767
983	148	3108
3787	108	6753
122	18	9662
6146	206	3336
7680	216	21735
25434	192	2470
3908	18	958
25282	13	4639
6407	18	25339
10318	2	9207
9824	2	1000
23134	61	1179
24953	89	6507
4207	73	2765
4365	88	5185
6023	96	3876
3367	42	2278
7515	108	5947
8273	130	24594
2635	125	22762
6714	11	1336
10461	18	8576
21506	195	25447
8655	18	22532
4788	2	4163
7867	89	4844
22664	61	9486
6805	7	8137
6485	108	5383
7736	42	25142
1730	61	10326
22030	33	7133
23527	4	2512
6517	4	557
3297	216	1899
4632	192	3803
3796	177	2015
8973	18	907
3887	130	10181
7517	130	21790
5483	18	10314
9636	201	3021
8166	4	7374
9346	2	9346
6890	42	9501
501	42	2139
105	2	2512
22899	177	7701
24345	4	25442
7443	149	21457
3367	42	7451
6904	18	24269
4365	88	4537
23030	18	9622
6910	2	22853
1048	13	7900
6642	40	9981
3840	201	1335
1928	47	8617
9993	33	9925
7254	89	25221
6146	206	8455
23287	42	4992
21717	61	8749
24544	192	5956
25258	40	10381
4244	216	1899
23040	131	5392
5510	212	24133
9041	204	3150
21107	18	8181
3517	131	23569
7944	216	22951
22193	216	1839
1430	18	8401
22500	201	24764
3486	42	692
6212	131	9800
2580	90	22402
3174	42	2304
6561	42	22546
9237	108	23734
24391	130	7819
22557	33	23135
24703	33	21627
5448	18	21107
1472	90	4
5960	154	22543
24312	213	23953
7925	120	24846
10009	125	24295
7605	2	23151
7247	108	25211
7276	4	6544
22312	116	5300
2004	130	22025
5559	40	3379
9567	192	7385
6631	61	2800
5160	61	9696
7153	2	5551
6255	81	68
22302	4	8319
5808	42	8227
21840	212	21063
143	90	21923
285	12	6722
8101	33	23391
8658	42	24404
9982	18	23934
5234	115	2650
21405	61	23679
21957	18	22241
2407	131	25101
5175	216	1560
9068	42	3465
24078	18	403
3431	42	23933
21192	131	5990
2932	12	22374
950	42	23447
8705	212	5339
9806	116	5300
5635	14	25211
24094	130	8049
21286	106	6641
21300	42	10228
9087	2	6171
6332	130	25200
7707	74	2453
3992	42	5700
6524	42	3866
24150	12	22923
1406	40	2442
1956	130	22418
25499	154	24229
3050	108	7580
21384	147	8474
5316	40	5271
3532	130	5050
9233	108	5383
5366	4	9711
1784	216	1899
22947	42	23830
8173	125	3719
6584	133	23942
6565	212	1570
4084	2	24264
8169	130	9274
5969	2	1592
21518	42	10409
24412	130	5383
1643	2	8384
374	16	740
22527	42	1181
3736	66	6600
21787	154	709
24668	90	24967
23210	89	5198
8907	42	8157
21106	89	4844
25396	42	8718
6155	7	22102
612	154	3803
10328	216	1899
7564	2	3555
6643	42	9266
779	42	7876
22342	90	5722
1704	46	2048
6177	96	24234
8398	2	7969
3613	2	520
8623	130	266
3387	154	8924
21935	33	8851
5848	116	5300
21432	40	6069
9754	46	23201
3050	2	3649
5887	42	10275
23196	42	7561
2525	33	9804
2243	90	420
2030	42	24449
25311	140	22449
24239	42	8668
486	42	4528
212	130	3034
9805	116	5300
965	2	10039
8576	18	21759
2508	2	2015
22882	130	4421
22242	90	21659
801	108	5383
25039	2	22746
1361	7	976
6785	108	25211
7465	42	15
1884	130	331
5788	2	2624
6636	195	6152
2241	56	5689
3733	42	3399
23135	13	3001
8625	154	23309
10356	18	7040
4129	2	7079
10392	90	4624
215	61	4037
2767	61	23137
9273	212	1108
7874	18	21057
9848	130	21714
21228	81	22785
7828	61	10370
5316	2	5271
23571	130	21790
6210	4	7927
9549	2	4898
3283	2	392
4120	133	21488
1512	36	22639
2192	196	8740
2721	108	25211
2755	7	21645
430	2	3881
24222	130	5383
22074	212	10044
6254	36	22905
7107	206	4934
4065	2	7128
7576	90	9331
2514	216	1899
3445	165	24847
3979	18	5190
2741	96	8319
23289	42	6461
930	116	8100
9654	18	20
23404	130	5349
21545	42	25493
5996	42	8212
10267	130	2470
3904	216	6802
8187	18	6407
10293	116	25025
23248	212	6540
25195	199	4497
8487	90	7082
3320	90	9564
8181	18	21107
2480	42	24655
3841	90	5090
686	216	22689
1619	201	21865
5796	125	23570
24654	18	2233
2548	18	1291
6682	18	9970
21016	216	1899
21526	40	21625
6392	108	25211
227	40	9542
9744	38	1560
4218	130	9675
7436	18	3192
2419	2	5127
24606	105	5776
7702	33	1261
23919	42	6353
9397	66	10299
2405	61	1140
23131	216	1899
25341	90	3283
7889	42	22390
23277	154	23140
3220	149	6803
772	42	558
5984	41	23734
21058	89	22694
24133	130	10030
22176	206	5246
23102	2	24222
9100	14	25211
21478	40	4886
25383	18	24627
21493	42	4657
2627	4	22035
10270	18	7108
2026	203	1209
25085	18	1004
5511	12	10291
8156	90	22891
4000	47	781
2517	42	9360
10101	4	2024
25108	151	1547
758	40	22596
22499	46	21286
10397	46	2196
6912	103	3926
22639	60	23478
10248	42	8794
1981	42	5377
23973	206	2140
23907	212	24023
24544	88	21527
22016	4	9820
24872	130	5383
24340	14	266
9231	131	414
5671	72	3004
5182	130	5383
7056	130	3492
7279	33	9334
242	173	4026
6018	125	1710
2617	125	3649
7170	42	4222
2211	130	68
7132	2	9512
2967	61	24283
24326	40	21511
5142	2	4181
2009	90	10403
3953	192	4421
6922	2	7107
7327	40	8319
8246	149	9686
10389	4	5551
508	206	5127
23214	61	6655
7874	18	24477
22272	199	23905
1959	130	23978
7846	175	22771
23340	42	3230
3293	201	22152
4802	2	5767
25447	130	5032
21267	116	25025
1471	130	3803
3433	18	1338
21039	18	1244
5881	99	21394
21627	96	2296
24687	42	24013
3759	42	6329
24645	204	6101
9211	161	3874
9315	90	6966
4798	11	24513
22151	209	21707
3157	154	23734
24334	154	25211
3542	195	8148
2627	4	6259
8995	212	10280
6209	18	7762
7814	195	22414
2720	42	316
5710	81	21500
7923	216	721
9915	2	21623
1147	46	8364
6411	40	5711
6252	215	6252
2525	90	9759
22310	130	7263
1958	2	2272
24620	90	1803
4653	154	24629
22942	130	6236
2476	216	9957
2861	116	25025
3522	154	4064
1937	90	407
23679	90	21405
3849	212	5926
1073	18	6193
24255	46	8125
25295	2	3670
7241	42	23945
4050	42	1877
22169	130	6101
4183	42	6318
4644	42	1911
8316	12	3616
23126	4	23927
22966	61	7560
5409	111	24177
23584	4	22174
2222	4	21623
45	11	24319
10115	130	21791
7782	90	21224
8692	18	3378
23893	125	22631
25246	4	9201
6580	2	23683
2603	4	4116
1962	154	68
535	7	10308
9838	2	4524
25397	130	7263
6535	116	5300
5917	33	5166
10490	31	24128
9985	154	21790
24866	2	21351
8936	130	24305
5071	201	25301
9794	61	6232
4819	18	24893
6778	4	5271
198	42	22093
10351	18	8204
24585	206	22081
7181	42	23447
8038	99	1365
2460	125	5339
24508	14	6101
6273	147	4272
6485	90	4133
5470	18	2380
9811	41	3150
727	212	6647
9145	90	8522
8933	42	10495
749	89	25109
5997	120	551
23060	42	6800
5425	42	23069
21831	216	1899
9875	4	2787
24141	102	909
3657	108	23309
23202	125	9742
3497	154	22630
6369	42	10225
6182	18	674
4625	18	22363
5303	18	88
2678	18	6217
23738	42	25289
7802	42	1942
3044	90	4432
2167	46	8720
3341	90	3402
24934	7	3925
23518	42	7606
4792	61	23223
21427	195	2412
5487	4	23153
1876	212	336
5636	61	22498
9955	42	4324
22362	42	25473
23232	42	23447
2943	212	25032
5580	40	4524
23655	61	21596
1687	90	4589
5598	18	3450
8547	130	23734
24637	130	538
24096	4	4190
7355	42	2322
2588	61	10172
3186	13	9463
3540	216	21289
6489	2	9648
9253	18	9113
8646	42	21976
5076	42	8298
1682	7	2482
3487	33	9804
24480	108	21791
24010	98	68
5669	42	24524
9773	18	23131
10463	18	6278
6895	14	23140
7601	66	7493
4119	33	21744
7613	42	410
23188	42	5279
7656	4	6259
24618	18	10102
4352	42	788
7653	7	21095
6385	7	5825
8347	116	8100
9304	42	4992
1915	42	22707
5655	88	4308
22106	90	3647
25196	61	21897
8345	61	6488
8063	42	9809
7019	40	24563
21122	40	4116
5190	18	5288
10380	131	8770
23602	130	8807
3964	4	8936
8466	212	24786
8955	147	3677
9674	2	21920
4754	18	4984
23956	18	23358
23350	125	24790
23394	131	7861
2522	46	9308
7524	90	5011
900	18	1575
1521	42	8600
6569	216	1899
6244	130	3034
6493	40	6814
615	42	23573
21431	33	25219
23649	4	9714
21452	130	68
10427	7	883
23959	125	9804
23836	2	23759
681	2	22604
24899	42	5196
7721	18	20
5488	130	23309
24784	195	21427
9745	125	6201
4026	119	6867
10446	42	381
3376	42	22906
23002	139	1887
406	42	6533
5205	42	8794
6646	42	2447
21267	40	7639
22123	61	22728
9418	2	9999
3700	42	8170
4021	154	24629
8158	61	24861
8354	42	9984
1980	90	21894
6495	99	24185
24645	154	2441
4557	42	8871
4599	125	2304
3812	33	3625
1703	216	6870
8405	33	6847
23680	204	7337
4895	60	24534
2921	18	23845
8874	192	23978
2657	18	4417
2049	42	4978
4209	90	22880
3247	130	6498
7640	42	4637
9290	116	5300
1009	2	1987
6513	81	68
22188	130	8807
22589	18	8685
7507	61	7671
8116	154	68
21190	4	7540
2252	42	24287
8194	61	23634
5378	61	372
23264	148	7312
22357	18	937
5422	42	250
5426	90	22750
2604	212	5351
2212	195	22964
2501	42	4593
23266	42	22641
3413	40	4524
23238	42	23171
21096	90	21100
4365	42	4537
10349	40	9841
1244	18	1661
9446	212	3476
7095	216	725
22514	42	2792
9973	125	1249
5103	42	22516
3005	42	1845
1625	154	25122
5379	130	21790
3267	4	4915
5746	61	8613
148	40	25397
23444	4	5993
23891	14	25211
4969	42	5678
8254	4	24975
3880	131	4260
25240	154	23309
6875	212	6755
8523	33	2155
25457	42	3603
22253	140	6313
25472	111	6195
1932	130	25211
25056	125	23783
5889	147	2745
1670	212	4360
23285	175	23253
24605	195	6201
24354	130	7075
7433	96	9687
3942	2	5465
4282	206	7346
10413	33	7853
23546	90	21244
9354	154	2441
8868	216	1899
5673	116	6688
7083	61	3084
24982	61	21389
1167	33	4001
22597	42	8336
1835	2	2844
3261	42	2900
25125	42	8843
23702	33	3881
6168	130	9581
7827	157	7983
2013	33	9965
730	46	8364
10417	130	7620
22788	130	68
23071	18	4916
5682	192	5383
23480	2	7288
6962	212	2791
1539	90	803
23702	4	21390
6813	42	21932
6759	90	1257
2753	125	453
9041	130	3150
2740	108	21791
24833	151	25187
665	4	4564
24470	116	8100
8339	154	24229
23375	18	9902
6077	125	337
8209	18	674
6349	116	5300
24695	152	2304
21866	42	7787
6328	42	8603
6910	212	10280
1223	90	107
8782	4	3670
8677	199	1648
1394	40	4236
24493	42	8723
9785	33	970
6520	11	627
23271	4	5620
9898	42	2515
24958	177	25064
4604	125	1412
235	2	3881
9503	42	2707
2065	12	3616
8084	154	721
22693	7	9046
2351	131	9923
4962	42	24572
7069	98	22951
10357	195	3717
8134	42	23930
7870	116	5300
9028	154	21210
10455	89	1241
6573	101	25483
23760	164	24830
1605	42	3665
25141	7	21731
1269	130	1560
24865	154	25211
25227	212	3314
8389	2	9971
9087	125	6768
1682	61	23862
22813	2	25497
5639	89	25221
3079	56	21036
23918	61	1435
9775	125	7133
9147	42	24056
7931	108	68
7066	213	24462
4333	2	1712
22441	125	5351
24618	18	2231
7465	4	1393
8722	116	7408
22861	174	7221
10396	130	21790
5958	130	1075
9341	130	5383
22121	4	5847
6610	13	9463
8641	90	6416
22159	2	2015
10340	96	21410
2779	175	4756
24431	125	8851
22811	108	23734
25460	42	5406
5753	4	7410
24810	33	9965
129	42	1449
24264	175	3298
24237	2	9193
2958	40	2442
23753	154	10030
25168	33	24172
2710	154	25211
5250	125	24023
9070	212	309
5062	13	3001
4740	40	7969
4725	103	4881
3338	2	8139
9162	130	23978
7438	66	24836
9092	33	24021
9191	90	4062
4118	2	22304
7152	40	3309
2395	2	23714
6903	115	8623
22712	18	4956
21352	4	24722
5470	216	1899
22566	42	7862
3064	72	6594
5274	90	10124
452	40	6168
23298	42	3284
1112	2	22762
7961	98	68
8083	42	9502
21637	130	7580
5813	165	21161
12	18	24433
2600	13	8688
6216	130	22630
7471	18	3418
1251	216	1899
2883	42	1011
4538	90	178
8795	116	5300
6133	18	8209
6057	215	8396
6922	2	3186
4856	42	4243
9696	33	3670
9541	2	4116
25111	58	4483
5220	130	23734
5533	33	2568
1272	2	24975
5572	125	797
22325	5	9301
1014	40	22202
5302	2	1108
23574	125	21744
2318	108	25211
24542	125	25219
4465	18	23254
4364	61	7364
24106	61	7302
25284	42	7451
5788	116	25025
4183	42	4734
1588	131	23637
5215	131	23711
8138	4	24975
1480	61	8349
24758	33	22414
9183	125	970
2219	42	5097
24939	40	21199
4992	96	22107
5536	4	24975
25102	25	68
22180	4	4529
5681	33	22176
2134	18	6523
7565	131	3358
5988	4	4117
6307	18	6333
7041	90	9170
9690	46	9697
21502	4	5132
10148	54	6758
24574	61	23692
6075	18	5850
2158	42	2939
5479	42	4958
10323	42	6329
22243	2	9599
22070	18	24120
6394	40	9968
4991	61	1270
4314	4	9447
21892	42	24098
7613	42	9407
21976	96	8628
8699	216	721
8059	4	434
3700	2	8139
8938	42	9997
24417	14	25211
905	61	6966
7184	90	23895
5325	130	23356
2564	116	25025
37	2	8423
9293	42	742
8438	66	25422
5664	61	9174
22077	130	2441
24035	4	9626
24764	130	4421
9366	42	7451
7835	125	22414
7818	90	10237
23828	212	5339
22181	119	10120
4523	111	4917
5057	125	22414
4959	18	7018
8773	154	3150
7742	18	4217
2026	216	24629
2204	2	2701
3959	140	24846
1016	177	207
8412	116	25025
23355	154	5579
7691	120	997
1986	130	6101
23955	130	22785
21879	2	8490
10083	212	24001
778	177	8663
7330	116	8100
2353	7	1828
21936	4	10381
5691	116	7408
8232	154	6947
576	130	8807
5880	108	68
21635	106	4219
10069	147	7003
3501	99	21394
2519	125	9925
23532	33	24975
4969	149	9971
21025	130	301
9703	90	25444
21326	2	21199
3395	61	6038
3803	103	24554
4109	18	21630
2792	89	7531
24691	18	358
5024	130	6236
664	33	9965
5616	18	907
25087	61	23674
22322	90	23964
5423	42	3101
2065	42	690
21080	42	24084
5334	212	1978
46	12	10291
9829	61	2147
3195	13	9463
7789	4	22335
2117	38	24485
1366	61	23673
166	4	8814
8398	42	8152
23045	149	7162
8012	216	1899
25337	2	23393
6248	90	5010
2877	33	23391
21427	206	21396
10062	212	4001
6400	18	8502
10090	4	1078
22034	125	3670
5843	7	22087
24903	2	10044
4120	42	3135
21188	130	7337
7225	151	3409
6848	42	747
23532	2	8761
3898	42	21947
23394	131	22547
24707	212	9884
9077	154	6255
5783	131	828
10304	42	23838
6049	131	3355
22818	42	7497
22255	42	23059
22916	125	9965
4	33	24469
6048	211	721
6473	111	23978
8906	154	25211
24456	42	9188
3213	55	7395
21955	4	4558
2966	212	337
5469	41	68
2314	140	6441
22057	18	7709
9452	90	2154
4546	42	2794
1563	12	25194
7067	154	23309
7595	130	21887
601	2	4163
8896	61	24302
21346	130	9601
7044	18	24709
5922	130	5383
21866	42	89
1847	61	21213
25031	42	5630
23673	212	1261
7530	42	23019
5191	96	1586
25276	42	25276
5093	96	3970
8038	182	9165
9332	154	68
3166	116	5300
21355	212	6768
10413	4	7853
8805	154	886
3881	98	23734
3894	18	3219
387	89	22529
216	216	1899
24744	13	9463
22515	61	25196
21360	2	2291
5997	140	960
3005	177	5271
8995	2	22853
6230	61	22138
2836	130	8974
1733	7	22047
9062	216	1899
9934	13	9463
7438	58	5197
1635	42	7851
24208	130	5383
22230	125	9759
22162	154	2441
2931	7	1828
442	131	21398
1230	18	7214
21839	89	24954
1455	2	23533
9237	61	9666
7594	61	76
25164	4	5551
21554	83	23556
3730	42	2761
2368	42	2669
1116	154	68
7300	42	4195
23984	18	23050
21340	42	23314
4784	2	2915
9010	42	7405
24657	7	23775
8885	2	21527
6696	2	10065
3701	108	23734
1071	2	9956
25494	13	7900
1457	4	1798
9560	130	9671
5138	7	7669
21258	4	557
2266	41	25211
1749	61	24628
25322	4	9626
8277	4	7410
8835	18	5060
21531	40	7936
25419	40	9981
8332	96	7943
2271	90	8774
9245	4	24784
8961	66	1384
7170	42	2139
7991	4	2451
2485	18	9297
22018	7	1820
10121	40	1097
9067	90	1102
23791	206	1744
430	61	9896
22162	89	8272
1273	216	1560
5410	42	8046
3569	154	22905
650	99	1856
7418	33	5551
23110	42	1601
3837	18	6849
22881	130	6282
3576	115	3135
24682	2	5926
24084	154	25211
6080	40	9904
3829	130	22785
24330	62	21702
22155	130	4725
7458	18	23129
3310	47	9943
21062	2	9981
2179	42	23381
2918	213	24725
4313	154	24554
8463	42	4688
7156	130	25
24944	199	2397
4138	2	7472
21858	102	1201
6932	4	25454
21501	106	24331
24951	195	4902
22685	216	1899
2827	130	3150
7752	212	22485
7065	108	68
388	4	7243
3752	2	2291
3600	40	4524
3824	42	4487
8496	108	68
21899	206	6532
24764	14	21583
8124	40	3957
7116	33	3670
5685	154	3150
21108	154	68
4934	195	5743
23990	2	22304
2946	90	5803
24124	61	1800
8987	216	1899
21674	42	5821
23063	61	1997
2171	130	5383
23622	4	2512
21811	154	25211
6839	61	5115
572	98	5383
22638	2	8851
3898	116	25025
1972	61	21416
21738	216	21791
916	33	582
24527	154	22466
5576	2	1341
2187	42	1840
23143	108	24554
8717	212	5744
21495	33	23236
7494	89	21490
1585	130	1560
772	42	9920
6394	42	7308
9430	90	9710
3886	18	1279
4255	90	9099
8977	108	25211
22080	90	24178
6375	154	21210
6064	130	8037
6177	130	6498
676	38	1899
2673	154	68
9736	40	7717
5699	212	1570
22165	40	255
5835	42	5296
22619	61	9203
361	4	8414
22715	7	1594
6773	216	1899
5616	18	20
5862	108	23734
24389	42	21234
21249	90	3937
21672	42	25267
24678	42	10041
21781	134	24770
7574	192	4881
5649	154	9367
23396	4	10382
946	61	2892
5283	2	22596
23638	61	8425
7651	131	3358
8795	42	23447
25105	4	4833
7346	206	9438
5397	125	23791
24284	130	23734
7689	42	24561
24728	2	21666
3219	18	8517
5260	130	721
5225	61	8634
7525	2	22762
9976	130	1195
25152	61	21655
4764	147	4272
1776	61	4672
21522	66	9822
6956	2	7456
1580	125	7747
6099	130	1075
21110	2	7814
23199	18	3111
25233	130	8956
10009	2	24295
8784	204	2765
9621	42	3897
7996	41	9120
10192	2	8761
9092	125	10082
21281	46	6763
22865	33	7879
7615	99	3445
4274	33	22613
3171	4	3751
24289	40	2015
3335	61	4929
8578	18	2829
3843	143	1490
2839	96	24522
8124	4	3957
6856	2	24563
21198	4	2194
21737	40	21479
165	2	24784
4083	66	22833
5020	4	304
25278	2	9334
9507	2	4089
25107	4	24910
23539	206	8905
5450	130	8924
3025	4	2649
24413	61	9081
6963	90	8026
2255	116	6688
21223	42	921
1235	42	23299
9946	2	5926
21241	116	7408
8182	147	24109
8163	206	4195
22439	61	3245
3000	42	6137
703	42	7451
22484	2	4089
9667	13	9463
10102	18	23752
2164	18	1094
3494	216	1899
8427	2	24975
7644	40	4223
3857	61	7850
3004	181	9367
4243	130	68
3742	96	21232
7583	42	63
22168	41	6585
24121	7	1860
162	108	68
3064	96	10491
3443	2	6146
464	108	10030
3075	61	9268
22134	42	7528
24437	206	6002
328	108	2579
1053	154	23167
5835	42	9100
21393	41	6944
6752	35	21199
21369	7	9944
21150	130	5293
3217	61	2071
10204	140	6127
5129	154	23980
5003	212	770
5168	131	2698
25343	195	21846
23948	2	8490
1324	130	1075
21960	7	7269
7943	96	8332
21485	90	24445
7217	4	8413
24630	13	9463
5201	40	2094
23070	15	6255
24491	46	506
22489	18	8753
24368	18	21956
761	216	1899
8195	42	943
23205	125	9801
22876	130	868
21634	7	21908
7329	216	22543
24678	42	2726
2742	42	10417
9018	42	4702
24680	4	8439
21963	2	1754
3891	40	3602
10055	42	9035
6369	42	2961
23173	7	4707
23600	18	9873
1463	195	7918
4722	90	10300
3379	130	4246
5841	125	9965
2665	18	5
10411	12	25194
21434	18	7173
6344	2	4181
24325	18	6046
9148	61	891
7363	4	6458
8497	154	23734
875	18	9912
9910	42	24098
22139	4	21204
25196	7	5609
3553	130	1839
23639	42	23447
9093	14	25211
5372	42	2221
9677	61	8563
8269	42	3207
22964	130	8807
430	212	3881
3170	125	24023
24761	7	24636
23705	18	25380
6311	184	5776
9263	154	68
9883	89	5619
6182	18	1322
10028	13	9463
23628	154	23980
5310	90	4897
23857	125	9801
9657	40	24159
4922	116	23185
4343	42	4660
21975	61	4378
9178	154	1405
9288	18	8042
3388	130	1903
8643	154	23356
22441	61	7964
24939	2	21199
24570	42	22422
24881	18	2655
6921	206	9925
3922	89	23179
22760	40	4236
8114	42	7860
6682	18	8048
24005	154	25211
22523	2	4181
24521	42	460
7291	2	21330
22340	42	9701
7123	195	4213
3484	36	3803
1364	40	5465
3726	154	7572
1953	40	10165
1465	90	3716
4593	14	23140
1268	96	5671
785	40	22648
23545	116	5300
3657	7	9677
6013	96	30
5728	2	8458
4471	27	3718
8389	40	9971
5694	99	4673
23618	42	9276
5657	61	24595
888	130	23734
1378	63	8688
22633	195	4166
8059	90	3712
551	56	10113
9627	212	9801
4415	61	4390
8298	130	6705
2767	4	9804
7166	4	3387
22680	18	8560
4185	90	1819
1086	125	970
3619	90	9663
23119	42	23279
25055	18	8517
8918	191	24635
25478	40	3266
22283	42	22979
5812	125	7033
24994	18	2157
6002	195	21835
1117	25	24629
23199	18	4465
25495	2	4769
7712	108	25211
3426	2	1510
2926	81	21556
7303	89	1182
24442	18	1550
5626	154	25211
2560	90	9428
6377	18	24555
1307	125	2304
10177	13	7900
1500	61	6834
21682	182	24266
23982	125	22994
8533	154	4421
6697	154	23980
9248	212	7208
9487	4	21623
3290	42	1843
22354	18	5008
23202	2	9742
4457	61	696
9511	151	23008
3534	174	10181
21817	2	9599
9008	41	22785
6568	154	1899
9113	216	1899
2164	18	1792
22688	212	24469
7587	123	4484
22629	131	21410
10268	42	8706
3225	212	22414
5264	18	3219
10496	154	25211
5887	42	24789
22756	61	7249
6568	89	4164
1944	86	4534
21310	96	1447
22784	61	4329
270	108	22951
23887	7	22175
22303	2	9984
6587	4	3120
21443	90	21893
3547	18	3986
9417	4	22604
6955	183	6127
8744	154	8630
25499	130	24229
1564	2	5551
4538	61	23479
7616	192	24554
2336	42	21222
8323	18	719
21072	177	207
9880	42	25362
3048	130	68
7815	116	5300
5356	125	24469
2098	40	1445
1966	116	6688
9511	130	1542
4239	36	23793
8641	7	516
21738	2	4898
7553	130	2786
23923	42	23928
23745	142	6101
3771	7	1624
1443	154	3492
5994	90	7643
2703	108	7646
21050	154	22639
22535	216	1899
3024	42	3242
22100	42	2394
21399	64	22915
2249	42	2852
6032	4	6352
5280	33	9742
9040	40	7869
21828	4	3061
21636	42	1516
8015	58	5570
24127	13	9463
24415	90	23426
21980	2	24951
21353	41	8465
7308	130	68
25458	18	24747
8824	125	8143
1953	4	21774
22687	2	2272
24759	108	7263
6325	116	8100
3096	18	22022
9195	125	9522
1785	175	3315
22800	154	23998
22304	195	9742
22712	18	21065
22477	154	8807
6460	97	7794
6399	154	24629
3775	154	68
4979	216	3370
6733	212	24293
5044	18	6400
349	212	22613
24510	18	23670
9606	182	23235
7760	61	3373
4116	106	9541
24036	33	9098
7103	2	4166
492	101	7424
10221	61	23412
5257	7	499
991	61	4261
2715	18	7350
6398	216	22951
1626	89	7531
23037	216	2303
24510	216	1899
21470	147	5889
7822	2	5127
6600	115	3273
4332	18	21939
7309	212	8996
1915	46	8754
6810	212	2378
6640	42	10381
853	148	3222
6914	154	21887
4897	61	5310
5062	130	6912
6186	216	1899
25073	61	22103
23022	96	3785
6790	42	9194
7981	18	21107
10340	130	3150
8563	61	3838
6831	96	857
5299	7	8522
318	212	23791
8943	33	22020
3051	42	1401
590	40	22202
332	61	21972
7860	154	8630
23340	42	8239
25401	130	721
3250	18	2104
22988	139	3721
6205	90	5862
22360	90	4905
6068	98	8807
1003	42	4958
10306	4	22304
4213	65	3968
24452	212	22176
24936	7	3925
7891	2	23393
52	102	22492
1980	33	9742
22352	130	23325
3284	130	5956
7018	18	24880
5112	42	1436
4567	42	21153
7050	90	23311
8781	40	3379
6683	42	4964
2985	216	721
23767	155	10420
9948	175	22835
21311	102	1252
22260	42	23910
24540	212	9801
9098	13	9463
3221	42	747
1171	2	7331
21781	90	24423
7742	18	9995
22635	7	24665
21814	18	21559
1312	33	582
1312	90	21372
222	2	7846
23530	90	5116
22808	42	3827
6489	42	22327
8824	7	8830
4539	125	2512
10074	14	7767
1068	18	7398
9270	7	7801
1382	125	3780
6659	46	7367
22033	2	21734
1200	42	5165
1895	2	23386
6584	133	24298
6867	15	6255
7776	42	2860
7940	18	5526
1579	42	7056
3179	42	1129
21915	140	947
2199	61	25236
23817	13	9463
21213	125	21744
4059	116	2605
23013	89	7112
24653	96	3347
22844	42	22906
3678	90	22523
7429	4	557
6028	14	68
4873	130	24286
2436	42	24851
23525	42	22125
10110	125	9965
25322	2	9626
9811	130	3150
1977	4	8000
24507	18	5759
235	7	23535
9167	61	3490
7210	216	1899
1717	42	25345
22399	130	23430
6262	4	4051
22176	195	5246
23542	18	4417
22089	149	23000
10293	40	4391
5760	2	8410
6949	197	22238
24836	66	22232
24686	99	961
10206	42	5504
2737	61	3189
5645	2	8851
4330	18	2829
5145	33	25219
23502	7	7623
21582	2	860
5919	206	22434
5480	4	25397
21129	151	9807
5541	12	2809
7608	148	21557
3636	99	23979
9222	154	21973
25096	2	25392
2930	154	8807
3071	18	4431
25492	14	68
7954	42	24254
778	42	4080
6895	130	8807
1512	36	21791
7886	33	6352
4053	96	8770
3925	212	9965
3433	216	1899
997	56	3370
8543	61	21670
597	2	21763
21429	4	8642
491	90	6050
4174	130	68
2712	194	5827
23131	18	7830
6608	42	1887
22565	154	25211
24360	106	4938
21368	42	1950
21942	131	828
10191	18	7629
23972	154	25211
25278	13	3001
2166	40	7661
7827	157	1823
2983	13	5300
23081	4	6139
3195	7	181
10422	42	8842
3750	72	2453
24595	212	9438
8268	130	21791
3211	212	9884
23205	108	721
5095	40	3957
7984	154	21714
9386	149	7245
1762	46	9697
2841	42	9267
2102	195	3314
612	151	321
4001	195	22460
1105	42	10457
7396	40	2442
24454	61	4622
3170	90	413
1575	18	24943
3540	95	5175
23375	18	21872
8442	4	5132
24540	7	1594
23006	154	8630
508	206	1754
22946	40	7084
22570	131	9714
1565	90	24180
3574	42	2515
9988	130	22158
23036	154	21791
1829	2	5926
4809	61	4604
3172	2	5830
7372	18	8693
3334	90	3748
3497	130	22630
712	90	155
1895	90	23380
9122	42	7451
10169	199	42
22696	58	4483
5843	4	8851
3756	90	8819
8288	216	1899
2641	96	25430
5244	108	23734
24757	130	1195
7258	191	25217
6679	40	9968
22685	18	6467
22186	147	623
9847	116	6688
24329	36	721
21386	7	21095
22477	148	7092
24327	212	4902
4065	199	7128
221	125	970
24945	7	21084
7674	125	3881
25214	33	4213
25376	42	23370
2728	42	9222
21880	2	21549
1923	2	6480
6426	72	622
24472	56	22951
5527	125	9804
23241	4	7374
7986	42	9808
8624	102	6687
4573	2	3670
8836	7	6164
8540	33	10419
10333	2	21459
9947	40	252
10478	4	6259
1124	18	10193
24437	195	3872
2160	18	3802
5688	216	1899
7255	154	23309
24170	61	22136
23655	2	10065
23831	42	815
25393	130	7819
22521	177	8319
21265	206	25219
4159	40	24608
22582	2	1000
7919	40	255
101	130	284
22518	40	21204
1939	2	25219
21597	2	23393
4759	202	331
22161	148	1868
7174	42	9642
21910	90	25137
1918	2	5062
2456	42	5678
1880	41	25211
2937	7	2847
5117	7	24665
1965	42	8356
9585	42	23019
6936	216	1899
3339	42	3258
508	195	1754
5052	42	23815
489	33	24790
632	90	22118
8275	90	7850
22667	88	24511
5331	42	5860
284	81	24531
3596	90	503
2426	18	22580
8020	108	6255
10355	88	3230
5447	61	10124
25425	102	21316
6298	2	7374
21040	130	68
21309	18	8107
8593	33	22762
2910	7	21766
6180	42	6251
1570	206	8235
9149	96	22393
23599	42	2015
23894	131	7651
7561	130	21329
326	18	23260
9977	7	3838
5724	42	6179
3444	18	5207
2331	7	8634
1801	18	5217
10084	46	23272
25357	2	4271
7718	42	5866
3781	90	9824
7576	61	21425
22886	102	3218
5444	4	24297
1948	4	24478
3980	130	284
10467	95	10020
1668	2	23714
24532	108	3492
189	96	1197
8293	18	9638
23668	40	25382
24403	42	7467
10091	2	9615
6702	119	24072
2186	154	22017
6922	212	3186
3984	42	24033
23244	42	23726
6016	125	23391
21663	90	5298
3704	154	25211
1065	33	6446
2785	181	22418
4880	61	22332
23119	42	23891
23622	61	8077
902	206	4110
21302	148	25013
99	42	1516
5663	165	111
2072	212	25032
602	125	22994
21445	177	6591
21705	21	23978
4199	125	582
2232	130	68
4641	42	5898
24093	147	6116
5653	206	230
23961	125	9965
10281	40	8796
22829	18	21031
21232	130	9117
6095	40	24145
24247	42	7934
6385	125	21627
8172	7	7536
6794	42	23279
8503	90	3778
6788	4	9626
5949	18	23163
8129	154	22158
24724	42	10426
2283	89	8272
2247	42	2096
24379	18	21480
22432	154	2441
3933	130	23309
23995	7	8147
8655	18	22535
23796	18	25189
6729	2	22228
622	60	6426
23021	2	4769
1433	42	21457
24275	98	25213
8031	40	4223
4059	40	6045
952	4	2915
22034	61	22620
21387	42	24334
5489	18	4566
8875	42	25252
3527	89	24711
1904	42	1846
8699	2	9841
2919	33	23714
515	33	23391
10037	130	23004
5780	42	1204
5861	42	23233
1336	111	8037
6336	108	68
2497	2	4689
22123	4	3826
7047	33	21870
6117	33	9742
3108	151	4475
9161	42	1836
24800	130	5383
5612	90	22280
24714	125	25219
7265	42	7834
24167	130	21708
4993	4	7128
7486	154	22785
363	216	1899
1541	90	22326
6492	42	9810
24281	116	5300
24508	130	2441
4755	96	23099
3076	18	3380
22739	130	5383
5023	154	8293
8248	125	22176
5072	18	24367
3741	130	21790
168	2	8458
23140	81	68
9543	99	22214
21200	130	7632
5007	130	21791
4678	130	21790
8848	4	23349
4046	18	9477
24615	42	22840
24350	2	7477
7021	42	8718
24362	193	9700
9598	42	25352
22482	130	7847
969	108	4421
5292	213	21756
8560	18	23648
21938	90	7364
7343	2	8410
21698	102	10252
215	33	9801
4345	102	23669
755	125	5926
1565	212	21015
3187	96	22105
6997	116	2605
22893	61	2919
6901	18	4663
8980	18	9043
9335	206	9407
7428	18	24646
22331	125	22762
5763	206	1952
621	18	4846
4077	96	1854
8066	130	21583
8673	130	24337
9232	125	3719
7740	2	2791
3643	96	3603
8427	90	4923
22093	201	2527
1019	42	9109
6413	116	8100
2960	18	5650
10257	212	22176
21847	148	205
568	191	8918
22239	46	1757
21436	12	22374
5157	216	721
3683	40	23683
4553	18	23834
6460	116	1964
9001	73	3718
1420	40	9793
25346	130	1667
24414	90	21431
9572	216	1899
9333	2	2506
10169	115	10437
4476	18	3819
3421	90	3629
24408	154	23793
3438	4	4633
23733	90	23547
24607	108	6255
8737	131	7877
6642	42	6864
23044	195	520
23483	206	1538
2333	130	24043
816	42	2814
3607	212	4769
9552	212	4213
23161	18	24432
992	108	8807
5337	2	7026
7919	42	1204
4115	33	23791
3295	61	2540
25175	88	25145
3153	98	21790
6956	2	5196
885	96	3147
9119	2	8410
3681	116	6688
23193	41	3244
21416	90	1972
9364	130	7690
21406	206	5393
4299	61	22244
23523	40	254
23118	125	1000
3726	89	25221
21684	89	396
4026	63	24115
1781	1	6705
1408	199	8596
5358	154	23980
3783	61	3889
4256	130	134
2704	18	3459
21728	2	5556
9047	13	4639
2367	46	506
24221	154	23309
3257	61	24979
8639	42	2536
21160	103	9861
9988	148	21384
9358	7	5701
21066	90	1908
24477	18	10354
3476	206	21846
4914	7	1594
4113	18	114
23252	90	10019
2681	89	10135
21068	130	6282
9702	125	21623
5257	4	24975
755	2	5926
4421	216	24629
9650	7	8635
924	215	1964
8190	61	7269
4749	42	23025
4160	130	2499
6720	13	9463
8763	4	7374
4422	102	4420
23102	116	7408
9728	2	22304
3631	40	1168
24008	18	3457
24559	116	1489
5283	42	6937
21074	42	7749
9657	42	10060
1655	4	21279
1868	130	721
6034	4	8235
2629	2	6045
22136	90	24170
6773	18	23254
7597	213	3985
6915	61	6345
8838	42	23550
6041	90	3402
8607	2	22304
9316	14	3034
772	42	5792
1505	122	1821
2892	90	946
4317	4	6595
2207	18	21107
9934	125	8851
567	32	3240
21445	2	2916
25481	18	10270
3257	212	8374
24763	13	9463
8896	7	1520
22805	18	2406
3949	154	23140
8607	33	6201
3516	90	22826
4544	131	7299
9838	42	8152
6578	86	21462
22883	130	21791
3444	216	1899
717	216	6322
4600	7	24625
2602	2	8431
25176	61	22099
2773	154	5940
7588	192	21481
2475	7	22593
10193	18	22945
23904	42	2846
10045	125	8357
24256	61	6161
23354	99	1856
23761	148	9988
25085	18	25154
4552	66	6903
946	4	21771
24852	11	4421
5364	216	24629
21995	4	5551
3952	154	3685
25429	199	821
2681	130	24513
23619	201	6809
21251	18	4987
8401	18	9715
6186	18	1286
5594	216	1899
22864	130	21790
3839	4	7374
8944	42	2539
3022	61	21658
10433	42	5241
23224	216	1899
2030	4	9835
8722	42	4076
25449	130	1839
5565	216	1899
23523	46	6763
2991	18	24474
22384	4	5062
1839	60	6426
22062	130	6663
21106	10	8441
8825	2	9999
9889	18	2733
9762	125	5062
6627	125	1108
1605	42	3442
465	130	5383
6831	131	3033
1160	212	21701
1368	4	25382
4186	154	23140
10196	2	5271
9947	2	22107
21507	42	8382
2687	41	21973
1211	18	6319
23697	116	6688
10039	206	5127
5253	42	9502
24134	61	21816
4167	2	5377
9796	125	8458
9923	130	7847
9330	216	10269
601	212	2917
639	46	8720
5760	2	23393
24095	42	6920
9839	42	4296
1277	42	7245
10026	115	21550
126	2	21527
2124	61	2721
6508	14	25211
6436	13	9463
10290	216	9957
403	216	1899
2557	130	5383
6213	40	25199
8403	32	3240
9904	130	7690
7192	2	24975
22161	148	7608
8621	125	22414
22868	2	23261
22016	42	2496
2922	2	7198
286	140	24766
181	212	22762
24924	130	6947
6819	212	3580
23404	130	10244
8160	2	8905
5411	89	7112
5968	42	9625
10051	130	6663
22604	130	21790
23925	40	2339
1561	90	9570
9875	7	6431
23376	66	9892
10064	2	23721
6222	125	9786
9644	40	792
8090	4	21046
4070	115	6624
23130	18	2514
9342	102	9976
6706	154	24554
24685	130	5383
22965	56	22549
3203	42	22036
8988	40	470
6604	42	7245
8204	216	1899
23064	130	3685
4530	33	1000
8895	42	7936
21031	18	3633
25143	10	1372
6655	61	23846
78	90	9548
2459	89	3369
21872	18	23375
23055	165	111
3757	46	21291
1907	148	9803
6676	131	2698
6789	42	8230
228	151	2930
24702	2	1000
23176	216	1899
21440	195	2304
5529	90	5569
5212	108	25211
21202	42	23000
4373	7	976
4849	216	1899
22901	203	3562
25272	13	3001
1323	42	9809
1380	90	3506
4385	14	21791
3484	130	3803
23715	2	3881
3783	2	22414
8689	215	25037
5544	140	7632
22656	42	7862
7704	130	22951
4936	102	22200
7539	212	9801
4845	42	798
9505	130	1839
24052	7	7269
6167	212	23419
21499	4	1996
10047	42	1887
1280	90	1247
9513	2	24083
22541	42	10457
22554	130	23980
1344	116	25025
25418	18	5190
21190	40	1456
5175	216	21289
22796	42	5613
8255	14	120
7163	25	3718
1762	2	899
6420	33	1055
8740	11	21082
10143	151	22682
24178	33	6352
3307	90	25338
5458	216	1899
9323	154	3718
22855	42	1401
2169	2	23874
6690	180	3696
8421	130	68
6408	96	3133
21883	131	3497
10161	4	9522
5234	96	4552
2708	4	24548
3939	96	10362
6090	195	22979
5668	61	9791
6260	40	7223
1302	55	5377
23919	42	23858
8231	216	1899
3105	12	23909
730	116	5300
9258	61	3598
25378	42	8724
895	42	5359
9389	2	3120
8639	2	23151
8047	40	3157
21492	154	6003
5012	108	8627
3772	130	756
2944	50	7883
8315	148	21384
4625	18	131
7158	116	6752
21906	96	8507
23560	42	22490
7097	88	335
8867	4	21528
23716	33	9804
25277	18	2375
25154	18	1004
5527	108	3269
10245	130	25211
2576	116	1489
23471	130	7441
6329	14	25211
2851	2	1437
6754	125	24001
8865	131	4521
2439	4	10418
2851	42	6036
24402	125	6157
22839	18	22875
521	13	5300
21819	130	23136
5538	18	3611
5742	15	2470
21486	61	24217
9977	125	22335
23409	96	1533
24826	99	1365
7409	18	9864
22135	90	21463
6739	18	578
3575	116	25025
9318	154	25211
7461	40	23654
7475	42	540
8961	66	3126
6426	102	5338
9658	140	24846
4211	216	1899
22787	154	7409
2071	7	1820
22744	60	22928
5138	2	6480
4682	212	8374
2187	42	3897
8369	108	23793
231	42	680
5436	61	24791
5696	204	721
2083	199	22724
25460	40	22548
21216	18	7214
21806	2	24790
10000	130	6924
6116	148	4111
2199	2	24548
896	61	1311
23386	206	2212
9234	4	22809
8579	177	2194
8231	18	22734
7549	216	1899
6882	42	3187
25250	40	2504
5462	216	1899
24002	131	8967
6158	4	644
10264	116	2605
8160	2	5393
25356	7	24149
2231	18	21860
84	108	3803
29	61	23475
21877	131	1263
3589	2	22304
7057	18	806
22738	40	5196
5238	204	21791
3914	147	22399
23855	90	22674
5388	130	10266
8819	108	23140
21006	89	24205
7684	42	23512
22933	18	2069
8930	116	24853
989	195	4131
5026	33	24786
3691	212	8458
5903	90	4802
23121	216	1899
22572	18	10260
4670	2	10382
6688	35	1399
5430	154	2175
7066	72	24085
22737	18	9185
7914	90	2560
22646	18	5303
1216	18	21057
8451	4	23096
24396	2	7395
600	42	5291
6608	42	2832
10080	13	3001
23251	130	23632
23347	41	23734
4673	21	21214
6572	4	22438
9678	212	23973
3290	116	5300
24239	12	6591
23454	4	5926
22208	61	3443
8894	125	23791
22251	212	7747
4541	130	3150
5882	108	25211
4365	42	8513
625	2	5617
21445	42	21524
1578	89	25099
24276	154	4335
1957	33	3670
53	7	10145
23184	18	4379
4701	2	8428
3915	2	2024
23320	130	3718
24421	18	1844
130	18	23922
6789	216	641
8643	130	23356
8223	102	5793
4482	90	5252
22123	90	2721
5519	61	92
3694	2	7747
7852	72	22710
4663	18	7264
25103	7	854
3436	13	9463
4852	2	3648
9789	98	8037
5115	4	508
23866	130	4948
8185	12	10291
10460	216	9557
1949	18	548
8999	130	5383
841	13	2523
5064	18	10414
1211	18	2116
7323	61	1253
25245	130	6663
22939	4	9332
2782	206	6146
4835	18	8342
6954	42	9595
4854	2	7243
2777	84	22418
5918	38	22549
22785	140	24846
6738	216	1899
8710	42	8551
21115	18	3918
10215	2	1097
1536	42	8492
23953	204	25122
6435	33	8461
280	96	23107
23650	13	2523
5716	212	9801
24069	130	21790
22499	42	9625
24443	154	68
4631	216	1899
6147	24	25421
24659	4	1078
1215	130	23734
4069	42	2118
4260	154	8293
24884	4	4051
8277	42	853
22861	18	23217
24905	131	1041
23833	12	22923
5293	81	5293
90	2	1246
10316	212	336
23884	61	23427
24710	108	23734
9402	42	3827
1669	130	1214
2768	130	22639
1390	42	24033
1081	42	4077
22068	130	286
5740	90	1881
5836	42	3980
1779	42	9687
4048	18	21112
7527	61	4750
22946	42	22754
23591	90	22237
3652	33	6207
1910	2	24344
2607	89	1490
21037	33	25033
22831	216	1899
2577	116	6688
23047	195	21846
3979	216	1899
7690	140	8683
22230	90	6096
4185	61	25292
3642	7	24916
6392	2	7346
9599	195	9447
6424	96	8910
1923	125	6480
612	96	5485
21191	108	68
10187	212	25038
9300	216	1899
21393	41	23980
9096	2	23650
6062	18	22249
21128	41	4895
5878	130	7140
5684	125	22762
8528	179	21791
3542	130	23734
10303	2	24469
6416	61	8641
24892	212	8851
9611	42	23359
21186	42	2002
5117	33	21623
8658	42	288
976	212	23
24259	42	9107
22604	206	22414
2121	42	6329
5351	13	3001
4949	213	3108
829	195	10044
23296	154	627
24175	206	21846
24877	90	9315
9336	135	25211
5532	159	25211
7174	177	22233
7392	61	2585
22264	42	24287
3146	130	8807
21678	4	22472
8295	90	1128
685	33	21330
24152	2	7198
23030	18	23131
2724	7	3323
8355	18	25304
23116	125	3881
9274	42	8628
21205	116	5300
22981	213	21161
24722	130	5349
7099	147	983
92	7	22102
8952	212	9801
1388	116	7408
173	4	8490
22797	130	22951
1556	18	9699
9064	154	21791
7848	13	9463
25392	130	7580
660	18	22945
1322	18	4668
3723	4	2024
23276	99	21394
7994	40	4942
25019	130	68
4355	42	23117
8153	18	23677
6205	33	22613
2735	2	7069
7016	42	6461
23010	125	9965
4596	42	1932
8638	212	4564
4965	212	24790
24071	212	6119
21090	42	24597
21463	33	9965
4891	42	5342
24435	31	24128
24093	147	1606
2552	173	5289
22246	18	10079
8277	12	25194
25256	40	3103
5166	96	3553
984	61	9846
1297	42	23930
3868	2	9971
5424	216	22418
9520	116	25025
8927	99	9480
20	18	8973
7685	42	8842
5491	86	4534
9714	100	7432
22011	42	6461
6793	90	5012
22579	61	302
3831	2	22409
4570	81	1703
23539	195	24133
24408	154	8473
9495	154	24043
9865	154	25211
6271	142	21791
492	154	8630
8743	61	21084
2856	42	5948
21456	4	534
4626	191	8982
2404	42	22613
1447	41	23309
10120	173	22181
1029	18	6225
1929	130	721
8019	12	3364
24265	42	24812
8126	42	24329
24073	7	1427
22234	61	1604
1485	18	4677
24544	116	1964
9935	125	5241
25445	33	453
9400	204	3150
3734	40	23034
24940	42	9107
2985	12	10080
4884	33	1108
23975	131	2275
2754	42	274
8831	42	7813
10397	40	5284
21835	195	3809
1385	42	10136
7014	42	1449
5327	96	10382
771	42	5355
23752	18	2312
23201	204	22639
3419	18	7458
21859	116	5300
8734	18	7965
6865	130	3720
8498	130	9902
3664	90	3764
6790	42	22154
5245	42	3677
23388	90	6900
24732	18	24034
4863	18	3312
24904	42	10082
7077	61	7848
25419	2	9193
25215	42	8928
4427	18	5523
5060	18	578
8837	18	21860
6580	40	23683
2201	42	23279
25293	212	7415
9498	131	21157
23776	2	7198
5910	42	7606
7997	147	7003
7129	42	6137
6812	130	24762
10467	196	6300
8277	42	7749
21471	130	4286
23642	196	2975
21026	206	21442
5974	47	24617
10413	61	23700
22316	125	24001
2088	147	7003
1562	212	4213
2985	42	22984
328	212	22988
52	89	7592
5479	40	3031
3765	108	25211
4227	33	22631
23101	4	9948
8350	4	21623
24503	18	7808
22718	99	1856
4981	2	22304
135	125	7133
8980	18	10119
1289	42	7631
10435	61	5732
24717	81	24531
24465	2	21994
7784	7	5658
7480	18	7506
4478	56	725
24095	40	8045
4201	175	9164
24157	4	508
22953	212	22176
23351	90	25403
23528	42	2832
9261	90	24130
24027	204	7690
6225	18	24970
5879	4	24784
23425	42	9518
1194	154	23140
5175	216	106
8477	2	7395
21898	18	8107
21309	18	327
24579	42	3198
21805	7	6977
23428	42	21929
6744	130	9957
5289	157	23211
9806	42	22787
21072	42	23933
5002	216	1899
6389	96	9235
8052	116	2434
23045	42	5278
772	40	23018
4266	125	9522
5160	33	3670
6626	38	23793
6880	46	1757
24951	206	24786
4969	42	24395
6105	7	23853
22985	2	1854
2574	151	23774
2103	142	5349
292	2	24975
25195	42	994
6364	56	5099
4114	61	8530
22078	33	1867
25185	42	22461
21281	42	9615
2043	130	10175
927	42	8770
22987	125	24965
8031	116	25025
24682	212	8251
5418	96	10162
23055	165	25331
4060	102	24683
4347	42	10073
4148	61	8368
4806	7	25008
4355	42	815
9138	42	5092
6140	216	1899
9515	130	1411
22122	130	2778
932	4	22614
4056	2	22032
23438	97	23909
5403	120	997
24001	98	22951
8975	42	23459
934	18	4970
5914	42	6920
3031	130	8807
23625	212	2512
3621	42	6595
460	130	9581
23396	140	24846
6300	216	21791
9441	206	5262
21996	42	23626
4988	125	21459
9733	116	25025
6712	4	405
491	61	7978
3752	4	8458
9971	66	7716
9822	66	24091
1191	102	22012
9781	130	23325
5920	42	24092
3024	4	21842
25151	212	3717
22976	130	22639
1372	47	25143
588	130	22298
7013	154	68
9341	89	5619
5177	130	868
9075	2	24914
23726	130	8037
4988	4	21459
5276	125	2512
4191	116	2605
9286	66	8676
10329	2	5829
22322	4	21646
5206	212	22032
23284	96	4370
8329	18	9272
23715	90	7955
1776	90	24679
5170	38	24080
473	18	8735
3650	42	8492
5878	154	25211
5086	42	23695
8036	212	7918
966	125	2568
5376	61	6061
298	125	5744
8458	195	24975
5848	42	23171
6650	2	22716
10440	2	8410
9803	147	1907
25066	14	4421
2100	4	6111
23499	18	1522
22348	2	3209
9484	154	4267
4208	18	25481
24116	90	2443
3248	2	308
4349	18	3547
24961	42	3634
1349	4	1969
6310	61	7247
6780	7	181
5100	46	25466
1556	18	3622
8039	18	836
24700	40	8391
8165	125	2568
5479	42	9984
4405	33	25219
182	61	24936
32	42	21524
22700	125	23520
6744	151	24997
9248	61	5192
5842	103	1612
8507	96	21906
23226	66	22327
6125	13	9463
25332	42	4231
7722	18	5263
1859	90	2389
6198	116	25025
5732	4	10418
7389	90	7633
7648	4	1078
7954	42	6895
6442	7	21908
21755	61	5081
1195	192	23309
5192	61	22759
9932	7	3294
10470	33	337
9533	7	9763
6146	195	21846
9609	216	4505
2456	42	3702
5755	42	2565
4724	201	6543
3600	42	21947
22921	108	25211
25482	2	22228
2678	216	1899
1617	18	6166
22173	130	68
9807	131	3355
24791	90	5436
22200	191	4626
21935	4	8851
22134	4	4236
22274	98	22785
24035	7	25192
9742	206	22176
7723	4	1393
5137	33	453
23709	90	8424
4556	42	3578
24594	81	22785
1975	40	25450
745	177	777
1876	2	9219
21578	216	1899
762	90	2739
1217	90	236
2482	2	582
7967	103	23734
23149	2	22032
10482	130	2765
25258	2	10381
10040	130	21082
927	40	4898
23170	2	22304
1691	151	9115
100	90	7569
8977	125	2421
8322	199	1049
6724	130	5383
386	154	21791
6836	212	944
1742	108	24531
6449	46	2690
6837	216	1899
21445	4	6290
24095	2	8045
24455	14	8807
1896	42	23695
10058	42	3665
4939	40	794
22492	102	9128
4943	18	761
22259	2	24275
2909	7	8719
24810	7	9452
9504	42	684
4210	201	9739
6495	99	23601
22009	147	21508
2214	116	7408
10347	40	23349
894	2	21846
7173	18	23318
8886	125	6352
22498	7	25424
1343	130	7075
10422	42	7319
8599	4	24830
7476	125	25494
9000	42	2114
4616	130	23723
6745	90	8506
4399	61	10273
2771	216	22802
21191	108	6404
9847	177	777
7954	216	3150
5769	42	1341
22493	125	1867
7229	42	3242
7504	72	4258
21510	2	22604
5528	18	8526
10326	2	336
23974	125	7288
8556	32	3240
7403	42	6353
5767	195	9438
9327	2	21330
8664	2	23817
2366	33	9522
24692	42	8610
23380	2	8940
7158	40	9714
4390	4	9742
22707	154	68
6042	18	22167
4680	38	22905
7021	42	7834
4431	18	3071
758	42	8623
22968	2	4769
9119	2	1571
22558	33	9925
2236	130	8739
24690	2	22015
7850	90	3857
23442	42	23099
9448	61	6933
24273	61	4149
3296	18	7261
4375	2	21627
2802	2	8384
965	125	5992
7526	99	21394
21344	42	6028
24186	4	2512
1981	134	9742
1252	41	23734
934	18	25333
7547	216	1899
24310	42	24580
10171	125	5551
6043	42	9842
4113	18	23752
6869	177	445
21810	130	22785
21761	216	1899
3778	4	2746
4119	90	6886
23494	18	21131
6631	212	22414
25104	18	3090
24114	42	6009
4336	18	25116
8114	116	6688
844	4	1754
6764	195	9965
1763	42	3198
9217	55	2180
6464	42	4243
5042	40	6134
22446	61	23808
7700	131	3040
21256	18	10016
1383	130	8807
6991	40	22991
22952	61	7643
8504	212	582
10107	2	3719
3050	61	9669
24828	42	23573
8646	42	1288
24895	125	6352
9789	65	9189
9401	125	5926
3374	7	22171
10065	206	5926
22135	33	9965
7927	206	8490
1028	42	23876
9233	7	7872
3323	212	453
6243	147	4236
5299	4	9626
23048	18	9864
10169	66	7487
4623	192	23140
4269	116	7408
23201	130	22017
5548	42	23310
987	2	644
4596	42	25461
1683	42	22079
7271	108	5383
23132	96	22024
25074	130	23978
24588	154	21238
278	108	23734
6803	14	6947
8969	2	22032
3409	131	1447
3521	42	8600
23203	7	6524
1321	61	23665
23683	130	22325
3502	33	21846
8740	11	4286
6961	90	23288
25374	56	24485
5076	116	1964
21796	212	21
21546	24	4534
2684	4	21473
5298	61	21663
2392	154	25211
5758	42	89
24483	90	5048
4560	7	7885
21216	18	9757
23189	18	8443
24075	13	3001
23295	18	2234
9653	130	7337
2276	33	6593
23193	14	6255
6325	42	10212
704	2	8761
25331	204	960
23992	61	2929
25310	2	23151
3185	212	582
21132	189	6635
22302	42	3665
7351	4	24784
24220	212	9801
25198	4	6595
21507	42	2135
9659	212	9801
24835	102	3929
6183	130	21201
21904	18	4882
2488	61	9785
3687	40	2064
5171	55	3362
4805	4	1783
1107	33	23570
3638	154	25211
6299	4	508
2677	116	8100
1804	7	7290
22217	56	6609
22409	206	7219
3528	212	22809
8385	42	24084
3529	42	8180
24863	42	24587
22284	131	9395
864	42	5126
10033	33	23391
23820	125	23391
804	7	1790
23370	130	7572
25118	42	1619
3373	7	23625
22090	130	5383
447	18	7762
4262	42	22546
2716	131	21748
23648	18	8560
701	90	7687
9418	125	9999
22307	42	7631
22074	90	8634
9320	42	2751
1131	12	7791
9026	98	5383
177	125	6201
21795	142	721
22949	116	5300
8179	40	23686
22820	18	22580
981	2	5578
7172	42	21976
21386	90	4703
24757	154	3803
1452	4	3535
24514	206	23539
4295	191	3861
21857	102	22881
1001	42	8843
5046	125	4360
2560	7	5225
7776	4	22147
7077	90	8798
22974	125	5926
561	18	25285
21242	212	24446
21342	116	25025
4176	18	22980
10373	90	3382
2775	42	465
3218	151	22886
6652	90	21881
7227	40	1985
22073	42	5923
7134	18	24477
24856	97	860
2157	216	1899
4953	130	1839
1931	42	9424
7228	40	3266
4512	42	3115
8224	42	22906
1017	216	6912
1403	147	4171
7302	90	24106
23372	167	6660
23223	33	10044
24317	18	23663
581	90	2890
2041	116	5300
8774	33	970
25254	216	106
8449	42	23000
2939	130	23430
9659	4	2024
5673	42	5750
7599	18	24769
22063	116	7408
3120	195	23714
9810	130	7538
7993	212	1867
8297	2	336
8393	154	721
157	42	24653
5510	7	7285
6776	140	9539
8177	131	3095
3633	18	22057
5507	33	8461
6079	130	23734
21957	18	3918
3510	33	6540
21282	147	4111
24755	90	6564
23847	42	23397
24200	180	3449
25411	108	6663
6339	154	68
699	90	24808
1981	134	24975
2088	147	24990
23764	90	2637
5970	4	171
4313	130	3150
8028	61	1267
24437	195	3809
21250	130	2495
21590	216	1899
3357	131	3275
8960	125	3670
23516	2	2791
7835	4	22414
21756	213	3985
4063	66	3293
9729	18	9694
9515	154	10117
2983	90	5527
7548	42	2373
22116	98	24400
25136	142	721
8330	147	7003
22416	212	9804
3753	42	24000
24227	2	1571
22142	216	1899
1589	7	24950
9098	98	25211
22964	206	22032
3817	66	23279
8895	4	23755
6605	21	23793
24895	61	7886
21023	40	1399
21222	130	721
7730	149	7245
4997	18	22902
8066	206	860
3416	108	2579
8405	108	23897
8715	33	24133
21437	12	3616
24539	99	706
24992	42	6895
2694	61	1926
22917	18	10021
2045	216	8956
2084	130	4027
23144	130	23136
22522	2	22512
4837	6	5776
122	18	5254
3415	61	7045
24927	212	8357
5124	116	5300
7193	154	2441
7944	134	2868
1319	42	23933
1228	7	23727
21324	4	24830
5348	42	5916
22683	2	7107
3192	18	4470
5628	18	5591
9684	2	8410
1965	42	3207
24854	18	3924
8973	18	4417
1797	4	1510
2189	18	8575
24929	2	22604
5757	130	8807
10107	61	9232
24450	33	8143
6933	4	6387
2106	130	3244
7044	18	10102
1663	2	585
2036	61	25295
8041	42	9400
6226	7	362
1778	13	9463
24336	2	7177
8983	14	25211
210	90	22007
6562	42	4915
2212	13	3001
9094	89	10135
24433	18	7369
3143	4	2024
3339	42	4458
7863	61	24883
5663	21	6870
1769	2	4695
7335	130	7819
25215	2	24914
21074	2	5401
5525	212	22176
9781	206	3314
5162	40	7286
9081	61	8
24792	4	25013
8640	81	24531
380	42	10036
3605	42	1840
5175	38	21289
6941	47	21106
22678	130	3461
2830	42	572
10428	130	5293
7227	42	9615
10363	130	68
23809	61	7207
10017	90	1292
4760	42	4906
9515	131	1044
1289	42	21055
2492	2	23193
5812	108	23325
6588	4	1000
6541	131	5412
5960	154	23734
121	4	25042
5725	4	2024
8661	130	5383
10003	98	3150
25154	18	25085
8436	131	23508
824	154	2441
21189	12	2809
1363	61	23174
25256	42	21757
8172	125	23391
9743	216	1899
5847	206	22414
4324	130	5383
22763	89	25109
23977	90	4843
5586	11	23332
8297	108	23734
4808	61	5067
316	130	23309
5258	125	8357
21506	206	7814
23845	18	6506
22216	2	23972
9483	65	23578
406	42	22422
8607	4	310
24210	116	8100
7437	102	23422
4601	2	9530
1214	216	24629
2406	216	1899
4157	2	4223
8336	130	6404
230	14	25211
2075	42	7696
25244	61	2363
6009	130	2471
1870	204	3718
9551	130	721
25114	13	3001
3681	42	4080
6893	81	709
1807	61	6066
24977	41	7512
1203	125	8490
2674	116	5300
4668	18	6481
23438	42	3702
1082	154	7292
4573	7	23120
9875	4	24975
1418	42	6999
5848	2	21474
6523	18	2134
7502	203	4121
1386	42	23512
9813	42	1474
6006	4	557
2235	4	22414
6385	61	24708
6195	216	7632
8730	102	6286
25163	42	9276
4297	90	21453
22380	61	21296
23935	111	8807
7889	42	23838
21759	18	10079
957	130	3803
21924	2	1341
1420	4	24749
22792	177	777
10134	96	3355
25271	18	7017
21023	4	1399
3614	175	769
23017	33	10044
5462	18	4554
9418	33	9999
8089	42	3897
7261	18	8433
6553	7	4232
613	42	22612
21042	2	9241
820	61	5670
3485	130	721
7641	90	7944
5542	18	21898
1576	41	23004
21719	42	3496
931	2	9193
25131	125	24023
21896	42	5092
1060	154	2470
5076	149	8983
22045	89	1241
3734	42	21414
23820	61	9872
7748	13	9463
22096	4	7312
22914	192	760
2979	42	6337
22230	4	8217
6603	130	10181
9530	206	5744
21730	18	23956
3798	42	2536
1779	40	7424
4570	216	10269
1308	148	22477
2063	2	5377
22523	2	8761
22661	131	4346
23546	7	8801
6874	216	9857
22316	61	25160
3718	103	21989
10084	42	25345
24428	116	5300
24620	33	7073
21376	4	1412
5657	90	6761
1629	192	721
4311	216	3718
4269	2	5128
23180	42	7813
21450	42	10212
21804	18	9707
23469	154	8630
2962	61	9770
22235	216	3370
23022	130	10346
2403	2	5401
2218	42	4655
21179	151	23554
8191	90	2764
21850	42	24803
24308	108	8924
24158	130	3718
4063	115	10396
922	216	1899
22134	2	4236
1621	125	860
3192	18	23615
2570	33	1000
7655	33	4902
21339	154	22630
23295	18	22578
1238	157	2434
4552	199	22174
6530	40	4915
22469	131	24287
2004	206	6953
9765	42	2773
5814	213	22632
8831	40	7043
22088	125	22414
6778	42	5306
5560	108	5383
3764	212	6352
854	212	9759
4757	204	21791
22611	130	641
21931	154	23325
4042	154	7337
10334	212	23817
24743	201	8308
5935	40	5271
8387	4	22035
25499	204	23793
23658	116	25025
2959	2	4163
7039	42	1740
5791	14	68
804	4	9925
6783	42	24033
6898	125	24133
9204	131	24435
3474	42	733
10047	42	3643
9449	2	10044
7300	42	692
8560	18	24654
6422	2	22613
21751	125	7469
23420	199	6704
4030	90	24502
5707	90	22635
5666	4	10382
22691	216	1560
24238	195	9925
3943	125	21627
25408	18	6849
6121	18	21505
2191	90	1351
1836	96	1049
10029	42	5870
24995	181	1560
24462	72	24085
8644	21	21791
24206	7	10339
21688	2	24951
8230	96	6304
4974	195	8148
8767	154	8447
21116	42	8946
283	199	4497
2806	33	24001
22713	42	21912
24267	131	6891
8487	7	4852
24660	42	4953
4620	18	7340
24719	154	22639
1698	36	3718
3348	125	24444
3801	40	21040
21344	4	7029
2964	42	10157
9961	116	5300
8977	33	2421
5676	42	2942
23328	216	1899
2549	42	8794
480	13	8998
5672	42	22788
7617	2	23910
8531	90	359
7398	18	7722
9723	2	4906
1098	102	4643
22257	125	25219
9147	42	25072
21251	18	7350
21638	2	9133
23757	13	2523
22568	125	3719
2971	14	3936
25187	151	1373
25161	33	24790
9637	154	10390
7792	90	4466
21769	42	6842
6247	61	5831
7461	116	10025
24988	42	5750
21501	106	8228
4812	8	22710
7889	40	252
21279	130	339
4485	40	750
24956	2	3881
1818	2	21199
25036	18	5263
6143	18	22807
2873	42	23000
23561	7	2818
9315	7	10071
3080	196	113
21375	4	4515
25164	61	9559
698	42	509
4762	42	7308
2212	98	21790
24705	4	21390
4001	65	22716
5214	47	5484
6971	33	5339
22580	18	5892
22902	18	10256
9724	116	25025
9298	154	8807
8727	42	3923
9185	18	3500
8923	42	4276
24538	38	23793
10143	131	2257
23503	120	24846
22291	42	22649
24628	61	1688
23449	42	40
24005	213	6727
4381	12	7979
7741	40	6276
21983	116	6688
24111	42	7813
6881	33	6352
21612	18	5072
8786	42	22649
4357	2	22304
6070	196	7691
5994	61	24864
4485	4	750
25173	125	6593
10471	61	22990
9819	40	24987
5985	33	8148
9544	116	25025
7975	115	24135
4502	18	8742
2452	61	3274
4601	61	24032
6038	2	22762
6339	96	2530
25225	4	9868
6366	108	25211
22162	204	6101
22138	108	23555
2487	90	107
22444	61	5447
23536	90	3163
7748	7	8247
6035	33	8493
8835	18	1057
1728	18	23660
25325	42	3393
5794	102	468
8916	90	1503
24102	216	1899
2008	108	68
1208	61	7429
899	130	9367
542	42	6081
22533	4	8319
10378	13	9463
24684	33	6201
2968	2	3031
21028	67	21966
3544	13	1185
7207	90	23809
5303	18	3352
4573	4	3670
6649	108	23309
2395	33	6207
22311	116	7408
4133	2	23714
24164	7	4264
1825	181	9357
9053	42	3350
2632	215	8396
633	206	22335
1583	4	6352
1514	191	1501
462	130	23734
9087	4	22032
22534	154	7632
2631	42	5630
2149	40	23955
6556	42	8602
155	90	2105
1454	154	3685
860	206	22809
1224	40	23247
7721	18	24893
21746	89	24205
7396	42	8606
2943	90	6419
8607	2	8761
10161	61	905
5892	18	22580
1552	7	6969
22914	61	23353
2164	18	6062
22183	18	9444
3019	4	21842
5677	40	750
9792	42	6028
3120	195	9407
1713	42	8492
10307	4	24021
843	33	24001
9124	2	23151
586	154	21791
828	131	7225
25344	61	3081
21592	4	3401
6723	154	23734
6144	108	5383
22326	2	10040
22818	4	5132
9770	108	3215
23158	42	21653
3828	18	8991
24584	154	24229
4548	18	9185
3218	204	7512
8734	18	9752
21539	42	10212
23855	7	1231
1531	33	9334
2946	7	8984
1346	165	21970
3455	131	7862
22064	7	3177
7158	42	9595
556	130	5627
8848	40	6974
5260	130	3410
8198	192	68
1068	216	1899
1292	140	24846
10119	18	24618
3132	130	8037
8030	61	4238
5608	2	3031
8353	151	23744
23706	195	21623
7097	42	9894
5371	101	2431
9988	147	21847
5879	125	582
2830	4	24722
5002	18	3986
24763	4	962
24690	40	22015
24585	13	1185
7515	108	4027
2875	90	2243
7911	42	23743
7924	98	21791
24649	4	1000
24356	213	3565
7391	108	68
3844	2	805
4578	130	23430
8171	18	3450
10298	154	2850
6827	42	8603
892	7	7278
5366	42	6972
3694	212	7747
4460	42	9035
7914	2	8829
8070	130	8807
8807	103	5899
9075	42	5504
8086	201	24005
6931	2	7469
2438	2	21994
2857	212	9804
1461	42	1897
4644	42	5202
2080	131	7036
395	61	8036
9398	90	1694
9676	108	5637
10383	7	2992
2324	108	21791
1958	2	902
1176	154	24364
482	108	23734
5393	206	5055
23257	2	4163
2821	42	6803
2064	204	24485
6852	18	7699
10130	4	962
4456	33	22456
5993	175	8430
6984	1	24349
8963	7	10017
7844	116	7408
9599	206	9447
25419	42	1180
6018	7	1247
3799	42	9742
69	42	23192
9288	18	7645
1623	2	6930
3942	40	5465
24712	56	22549
24784	195	3670
6901	216	1899
22692	40	24722
6371	131	810
837	130	8630
21440	195	576
6788	2	9626
8101	13	9463
22830	4	192
6571	56	5738
1730	90	24076
7241	42	24033
8470	116	25025
3583	130	24715
7651	96	21408
5078	33	24446
8204	18	10351
22326	2	22335
6945	33	9447
7302	2	1246
6451	7	23084
503	134	6690
10457	130	5157
7844	42	22678
6225	18	10328
1161	18	10332
3542	98	23734
5690	14	68
25346	99	1856
9702	2	21623
2164	18	21794
23598	40	22991
23983	96	23637
1940	4	3109
9471	40	4942
22441	33	5351
1148	12	22923
5587	72	22710
23924	58	8756
8295	61	1649
4522	212	6722
4206	90	6440
320	175	22514
5328	42	25199
21743	125	10044
4177	99	1856
6250	18	24008
23294	2	2917
9258	33	2304
21630	18	24120
4828	42	788
10469	212	21646
24981	61	25420
5123	7	7120
21806	33	24790
6291	181	9367
22203	90	21616
2571	2	9193
24478	130	5091
6173	195	25431
4801	154	25211
5309	99	21394
5442	42	8842
8325	4	22611
9583	151	522
22978	13	9463
8822	96	692
6121	18	21170
2719	42	23667
21924	42	5109
5573	4	24599
9805	4	24246
21258	33	1570
1287	116	5300
3541	116	7408
21156	42	25128
22925	130	23734
25195	42	783
698	42	6999
8909	42	3108
7130	46	23272
2537	116	25025
21089	42	8407
8149	130	5383
804	125	9925
1591	18	4130
3807	7	2630
21385	18	4220
3133	130	68
6822	42	9194
61	102	4963
5222	212	2304
24334	98	24513
1494	90	24616
24372	180	8653
177	90	3053
21845	116	5300
9180	125	5926
10191	18	23746
5554	42	3390
985	130	1075
9558	130	6294
6450	13	3001
1776	33	9999
22972	116	6688
23668	42	22706
23308	18	9974
1732	140	24472
3873	42	3960
9800	41	23309
9752	18	4605
9699	216	1899
2870	134	6690
3813	130	8807
24548	195	22032
21884	42	10004
22555	90	4129
1185	159	22951
5090	134	643
9794	7	5770
6105	33	25219
2961	154	10477
23751	41	22298
9335	206	9061
23700	61	8481
2237	195	23650
1203	2	8490
23480	4	7288
9870	2	6665
24117	116	25025
7123	206	4213
25355	42	594
7145	90	21820
24038	40	4555
3270	195	23437
220	2	336
5250	2	24023
1202	115	5366
4163	195	5055
1290	125	7288
501	42	8547
21469	90	25034
4489	142	22639
4170	212	1391
2899	134	643
21935	61	7838
1448	2	7472
3786	42	2939
70	18	7436
1679	18	23408
8063	4	10241
22629	131	10340
6097	154	23140
14	12	25194
23330	4	5450
5304	33	8851
22409	206	2915
1000	195	24965
23229	4	7374
22555	108	23309
5961	42	5360
21045	4	1110
7505	212	22762
2282	45	4534
6138	4	24670
22124	177	8663
1015	154	1153
1841	1	23111
9122	40	23686
21074	42	22910
22947	46	1678
2948	90	5969
1844	18	6046
9386	42	7245
8733	33	25447
4083	66	22658
25028	42	5196
3507	7	4403
9545	5	6122
24343	33	3881
7618	42	2773
24199	2	8490
5988	2	4117
540	96	9642
4155	42	1942
23326	7	7888
23905	98	7287
5634	4	6145
9419	130	8807
9935	33	5241
25455	154	23140
5852	12	3532
379	154	10269
2345	7	4977
22172	90	2948
5337	61	8482
4439	102	7380
4944	108	23734
7974	120	960
3466	42	22895
23478	72	6323
233	125	23437
4437	90	3794
658	90	21425
7086	61	22879
23636	98	3803
9237	13	9463
3321	96	25402
6402	2	4535
4525	33	7595
5871	154	286
21403	130	4421
25225	2	902
22619	7	10125
1719	42	2502
546	61	22842
9079	196	22644
9256	216	1899
22854	27	6802
2993	131	21740
3804	2	3881
8353	154	2682
5467	4	8842
923	40	8495
21471	130	21978
7759	42	21457
21184	108	9581
878	2	3795
2050	212	6257
2951	33	22460
2938	18	3622
3203	42	747
9672	95	24673
24821	42	23685
6708	60	5964
7050	33	24446
1550	216	1899
25160	125	24001
4566	18	3597
22547	154	23430
25448	46	3557
802	18	4465
5795	4	9626
24106	2	4418
5758	42	5174
21081	215	23070
9909	116	6688
5048	61	24483
5348	42	21147
2398	165	6829
5437	123	22639
9528	4	23096
23913	216	721
7479	112	21595
1350	18	5853
4168	7	23735
23523	42	9615
10104	42	3379
1102	33	22176
708	154	22549
10154	42	2056
10494	33	8374
22134	42	22733
9598	116	25025
23581	130	4027
2237	195	175
2595	125	22032
4391	89	10135
9130	90	21568
5050	111	9917
10289	116	1979
7543	61	2606
4845	54	1449
21871	42	5504
22291	42	22609
22674	7	1231
25060	90	21087
23368	151	9001
23545	4	7540
4321	130	25211
8942	90	8891
8457	42	851
6605	21	1667
9880	42	8382
22350	102	23104
1721	147	4111
4427	216	1899
969	125	10044
5145	61	25451
22537	125	970
546	2	3670
9948	175	23101
3974	42	8898
8108	61	7310
8985	154	9675
967	125	9801
24754	99	23979
24225	42	23107
5910	42	22450
7888	212	8490
9815	42	23929
21911	42	24395
6910	2	5578
22762	130	868
24772	33	1744
1606	148	7997
21505	18	21170
240	125	7073
6211	116	25025
3909	181	1560
6717	108	21973
21505	216	1899
9236	33	860
22025	81	68
8198	42	3997
9744	1	1560
9050	4	6103
23061	33	9100
871	116	5300
5938	46	3414
9863	2	23124
5901	4	5604
354	4	9626
23406	42	8623
3333	42	1436
3878	12	22604
553	42	24973
6433	130	6498
4447	61	6336
2721	33	1570
394	108	5383
22665	2	22032
25426	125	22032
4740	42	2941
21100	33	22414
9359	4	8131
2270	42	21618
25151	13	9463
1298	130	5940
322	90	24063
6815	61	6230
206	42	25454
4653	131	21164
10494	2	8374
5871	130	1075
24615	215	320
25218	90	24746
6785	7	6368
1997	61	9527
1328	7	8155
23350	33	24790
6457	212	22460
9013	108	5383
4680	38	21791
23605	12	10291
718	33	1744
23441	33	5055
1911	130	23734
2913	42	10454
3082	18	24325
1966	40	22164
4990	154	23309
22922	216	1899
23712	130	8807
6140	18	3483
7683	40	1399
22097	61	22804
1814	42	6329
23791	195	7370
22647	4	1932
6522	7	3226
6788	7	2443
5772	42	6353
21233	4	9742
21511	154	25211
8528	196	10020
7082	90	6476
21598	90	24160
3863	40	21625
610	61	5606
3985	96	3659
3336	195	1592
3651	2	4915
22098	125	5926
1590	42	6329
21560	42	9537
9802	40	25397
1422	42	2392
8476	108	23309
22381	4	1799
4501	165	190
3062	61	23113
844	212	9801
25131	108	5383
1537	2	6532
6689	40	10082
21480	216	1899
6833	131	4963
3721	98	2579
7639	201	837
5203	12	7979
6916	212	9123
9290	4	7639
24648	108	25211
22998	216	1899
4966	24	3240
23673	90	1366
8065	195	6926
21571	4	2843
582	130	2414
10203	42	8915
5772	216	721
10296	130	2997
1823	30	24271
23596	130	3150
9197	33	22335
23073	4	22304
24224	4	5690
3141	42	3923
6833	154	21791
23210	148	22841
1533	154	1214
21173	4	5604
23030	216	1899
8168	154	7632
8023	189	23662
36	2	3790
559	212	7354
2857	61	4697
10394	61	8765
10179	2	21199
3017	61	533
1849	2	175
21155	90	7888
1280	212	1000
1977	42	8843
565	154	6255
1149	130	4246
21112	18	2825
4713	18	8187
8245	42	3309
22158	216	1899
1613	2	22414
3794	108	286
21605	61	6035
5821	14	23325
8206	88	6009
7659	72	1209
4438	2	8431
182	90	9853
10048	2	8761
3263	2	902
6260	40	10381
3345	212	10280
3526	90	22412
5410	2	4300
22052	18	21412
3055	116	4786
5084	90	2642
5081	33	3719
2736	193	22003
4765	21	3803
9505	130	266
22868	90	6935
9443	130	23734
21623	195	6868
7209	33	9965
8095	173	10261
8517	18	25055
7487	66	10169
3470	42	3823
4639	102	21523
7145	7	8427
2291	154	23325
23222	154	6663
6339	96	1973
24505	42	1843
21270	42	5550
4132	90	3849
24477	18	3802
23094	2	2024
512	42	3905
2629	42	8628
6172	32	25421
9446	2	2272
23367	33	9804
3793	196	23111
7571	2	23033
4510	149	4655
25415	116	1979
9784	18	4835
3546	216	1899
24280	90	23106
7295	42	25474
23102	42	23945
21505	18	23377
7457	7	1537
8668	130	24717
21317	42	7500
9843	195	8375
900	18	22052
6650	212	4001
6703	18	4220
8406	4	557
6055	40	9981
3866	14	22292
3722	204	24629
8740	95	457
2564	42	5202
23561	33	22809
23773	130	9581
21777	4	21488
5699	7	2273
4425	2	21646
5564	4	5396
21851	18	24555
7081	125	25219
5980	4	1232
5853	18	723
5876	130	23734
8755	2	1246
21258	125	1570
8333	42	9221
25222	33	23437
1158	42	24640
23276	130	8615
8541	90	5066
22985	42	783
3707	61	21731
6141	4	24965
25393	47	458
23165	42	3187
360	33	9965
6304	96	8230
21205	177	8244
2293	42	1053
22467	40	23293
21233	125	5377
529	2	23124
943	130	23734
1824	90	4011
257	18	7506
1989	42	6724
23754	61	7291
24128	151	7234
8352	130	4917
21619	149	6598
24827	90	21347
22823	212	4418
2034	42	23001
3954	42	749
25002	12	10291
21939	18	21141
5037	42	1180
9220	206	8235
3509	40	22596
607	116	25025
22392	18	23280
946	125	22414
2706	108	5383
21284	42	5167
3894	18	8181
24349	84	3718
21298	116	25025
23539	195	23804
7984	96	23744
22476	61	1780
22522	2	7829
6220	90	23496
6345	13	9463
8303	33	3471
2396	125	9522
9679	61	351
5329	108	25211
7104	7	21645
24438	102	5671
6635	196	21132
24549	40	5690
1145	130	6404
8719	90	37
3123	2	8940
3663	61	1782
23050	18	23984
9462	42	817
2364	4	3670
4361	212	8251
3207	201	7432
9314	2	23393
21259	125	24469
21953	131	24966
4777	7	22657
22395	42	1695
8747	4	23349
7862	66	2863
24538	95	22436
24967	61	24668
2983	33	9804
22742	18	21585
22248	125	9804
10155	42	23390
6907	212	3336
22741	4	8787
23624	206	4704
10009	61	1172
6286	130	2441
9826	7	9292
3301	108	3936
5316	42	22083
10306	61	8607
24277	154	725
3961	42	7056
9090	72	2453
23658	42	6771
6515	125	3881
21494	18	7650
52	102	2459
6281	140	6621
22331	33	22762
3754	130	23980
1329	40	4116
6345	90	6915
3656	61	23786
23120	61	8162
1533	131	5990
22632	72	7068
1771	130	24162
23995	13	9463
8850	40	6266
9095	42	21332
1399	130	21978
8889	42	25352
24813	14	23998
24428	4	8319
7187	212	21725
6644	108	22298
1201	151	4667
10404	4	6352
4833	206	1108
6169	42	6499
6977	2	23783
3865	102	22193
21798	212	22994
9206	10	23297
6908	42	4761
3833	130	21238
22661	151	3497
5276	33	2512
23414	18	21494
3668	125	6809
23736	4	4781
4712	13	9463
6592	2	8940
5515	140	24846
9337	18	22993
7540	154	25211
1243	42	8551
8795	42	5613
3963	7	7431
4511	42	4702
1977	40	8000
1717	42	8922
8060	2	4163
23132	154	3803
9384	61	10318
3308	131	4774
21969	216	22951
24896	96	4521
4638	14	8807
4435	42	6699
22639	140	24846
22704	2	2782
2655	18	5471
8168	130	21791
4921	108	21790
5592	195	582
23953	96	24312
1514	154	23430
10202	88	9193
3925	90	2685
5930	42	9810
3112	61	569
9180	125	2102
2903	154	68
3589	4	22304
7377	116	5300
4675	33	22176
5547	61	7053
21828	42	24894
9622	18	9187
4859	199	9721
8137	212	9447
3857	212	2791
995	131	4207
21699	96	5481
1169	18	9043
21769	149	8404
4492	115	7606
848	62	22576
24448	18	5588
376	60	3095
448	33	24023
1373	102	25187
3173	42	3152
16	2	5127
25177	18	3966
8819	4	21528
8257	116	6688
7826	18	9596
1609	61	2423
4988	33	21459
24104	2	9193
21091	42	160
4596	42	6691
25317	18	9477
10300	4	7079
6948	42	9110
8041	40	4774
8306	89	1774
2930	102	228
8624	151	24221
59	125	23236
3185	2	22032
24809	2	4769
22875	18	4184
8532	40	8366
2187	40	25193
25441	96	1393
1882	125	21330
1446	125	5062
4431	216	1899
2886	130	5383
5015	154	68
2715	18	21251
8170	96	4315
2076	40	23769
9870	42	5167
22608	212	8761
25393	130	10269
23920	154	9029
6454	2	8761
21394	165	21970
24326	4	21351
21861	96	1693
7705	42	10173
5375	61	21372
8689	42	9396
7565	130	6498
5282	61	3121
23162	61	4373
25371	90	23938
732	2	10040
4868	96	7584
4378	7	25498
9133	89	6106
6773	18	2081
1947	42	5092
5358	131	3845
3504	40	21199
8368	152	2304
311	18	3119
4959	18	24517
1556	216	1899
2180	159	21210
684	130	68
2031	41	10244
22859	154	25211
21270	4	25450
9649	140	6313
3481	148	4111
23956	18	7040
3334	4	21330
681	212	22414
5223	4	23319
23341	216	1899
1520	2	557
1041	130	4421
2075	97	8202
5930	149	9810
2453	181	2579
22599	140	4045
6742	18	3956
22386	4	6458
21983	42	2079
9946	2	24548
3693	42	1483
21752	90	9762
1078	206	1108
8096	61	4092
5409	111	21500
22550	81	2005
8397	130	22630
10111	42	4875
188	61	849
21382	192	5383
133	42	7393
23115	42	22076
8117	154	721
24754	99	23601
3144	33	8374
275	89	10135
9939	85	8780
8293	216	1899
3390	130	24513
3479	42	10159
6771	154	25211
8453	42	7912
5340	33	6201
8488	42	436
8049	103	25213
24904	4	6408
8235	195	5767
9771	42	5866
8715	125	24133
7898	196	24357
8709	2	6171
2865	131	9619
8114	42	9701
25444	125	1000
1364	2	3209
5997	120	960
2692	18	8570
24143	130	68
22571	96	939
7062	42	25454
1048	2	22407
1248	61	5173
25154	18	548
24865	130	6705
8118	2	3476
8800	66	4875
23129	18	8693
6458	98	1839
4931	96	24637
24151	42	22634
5385	8	22710
8134	42	2515
23044	206	9742
3872	206	5505
22113	96	7800
6643	40	2054
22397	212	23650
4908	18	6523
2031	154	5349
82	18	6215
1218	18	7765
9079	38	10208
1538	195	23483
632	2	9123
6959	116	25025
21340	116	7408
1100	130	5383
8995	90	981
9533	33	6119
4864	90	22921
23097	18	2593
5008	18	22354
4797	130	4514
22245	130	21791
616	42	3980
6801	2	860
8245	199	3309
24694	212	2512
25302	42	23910
22587	18	3855
21110	2	2272
6834	2	22604
22610	154	8807
8976	42	25385
24376	90	6345
5345	66	2696
8735	18	6849
9322	177	24143
2126	4	9852
6732	90	22982
24636	108	2470
24655	130	7337
21302	130	21790
25469	42	3399
1921	7	5226
6063	7	3586
23834	18	4553
3039	42	5550
24067	111	6294
5511	42	6737
7744	7	5609
21820	2	2787
7082	125	2917
24630	61	21169
10333	125	21459
2848	81	23136
25244	2	392
10001	116	24853
8861	216	725
3185	90	21421
5070	192	68
21682	41	7195
5233	130	9141
2867	89	21903
3569	154	5971
6914	102	21337
3418	18	9638
25333	18	8631
2064	130	5293
8118	2	5617
21013	42	3146
4207	102	995
21180	130	9141
1019	42	10417
402	33	337
22958	156	23159
10004	96	24007
10037	102	10279
9102	18	7836
4135	2	25330
3495	154	1651
159	33	3375
8590	18	1485
2300	18	2074
1759	40	8842
3358	102	7651
6310	33	1570
6920	41	7287
3340	2	8490
4939	12	6722
24030	42	9502
1308	147	4111
6925	18	22363
22972	40	2339
7003	147	1572
22692	46	21114
1490	161	5781
3701	90	4388
441	12	7198
21192	151	6678
3673	2	9801
3695	40	4898
4624	125	9925
8185	42	3643
21086	130	7384
2002	66	6426
10403	212	8851
9216	33	24790
7775	42	8915
5979	2	22853
1209	181	24629
3821	2	8981
2257	102	10143
21081	42	21460
9253	216	1899
25200	81	9600
5587	130	22630
31	2	21744
6604	42	3241
4916	18	23071
8302	13	9463
24579	42	4147
4532	4	5690
4740	4	7969
24066	212	9801
7032	33	23135
3190	90	3386
7192	33	22994
22729	125	3719
23435	125	23
1045	90	9096
23976	42	9808
9811	96	25288
7708	42	994
21128	102	2509
24790	14	24629
21225	42	24254
2616	2	3422
24764	14	8924
10299	58	24132
2894	13	9463
2161	130	1075
3213	15	23140
7742	216	1899
6890	42	24214
2596	2	22613
24233	215	5132
1948	7	2263
2747	145	225
3275	41	24229
10400	42	4581
22436	43	23793
23806	18	4436
1621	108	25211
6836	90	2713
8446	81	8807
950	42	23348
2422	2	23151
6119	13	3001
8607	61	5739
6898	108	10030
22959	2	24951
6105	108	23734
25159	18	9590
8892	90	25095
22473	61	23809
1788	151	5317
6595	130	134
24493	42	8602
21797	90	7671
10414	18	1675
9235	96	6389
8658	42	9435
7067	130	3150
21849	18	10438
978	40	22871
7491	4	21390
4015	213	3985
375	116	7408
21814	18	22464
24178	90	6927
2642	61	5084
21418	4	9742
9941	40	25064
5943	42	22503
23974	4	7288
1468	4	9061
6784	96	4609
7435	90	9905
132	18	5833
8877	212	3625
24488	42	3458
6380	4	22032
22835	42	10082
2562	199	3922
3502	7	23374
2849	42	747
23295	18	5759
6948	199	5132
23082	130	23978
24771	42	3152
23747	116	6688
5901	61	8365
21199	14	25211
21720	42	788
23843	56	24080
6450	33	4769
10105	4	21744
1040	130	6404
8138	33	22994
4166	206	2925
1129	130	5956
32	2	4308
22800	154	21210
21899	130	23734
3732	61	1428
2423	13	1185
5549	56	5099
911	154	22549
1165	154	25211
4301	33	24790
2390	33	7133
6398	153	3183
4951	4	10040
5489	18	548
7289	40	23654
5755	4	10241
21991	42	25454
22997	199	3309
2516	90	23698
4864	108	23734
7980	2	5551
752	2	22032
22127	40	5271
992	108	25211
4996	125	24001
6060	116	1489
1428	108	4027
5889	148	1652
23751	96	8218
9485	90	21844
3812	2	8650
8855	154	10295
5879	33	582
8026	7	4707
23920	130	21791
8966	40	3328
21017	130	23734
1792	18	1410
830	61	3642
22838	90	7942
5442	42	6159
4521	130	2786
25449	130	146
23817	195	24175
25364	154	21790
7474	42	2392
3802	18	4440
24206	4	24830
22692	42	2941
9413	97	1875
8425	2	592
4960	4	5926
6388	12	23909
10183	42	4487
971	212	8286
121	42	22358
24017	42	5059
21348	42	24973
23455	33	9535
6128	130	8807
7786	18	23097
10025	96	6100
9870	42	3639
8634	90	5225
7722	18	7398
23927	130	24594
24050	130	25211
21032	42	8318
481	2	8431
8924	81	21583
5098	42	1929
4436	18	3500
23016	2	10065
7107	206	7027
8632	61	9932
24005	99	1856
22223	2	7079
938	42	7451
2841	40	9478
22097	4	5604
4760	40	4915
6645	42	4920
6297	40	8428
21241	42	1657
22662	125	6207
5029	2	4769
23271	7	23366
7232	4	9259
7761	61	8254
6953	195	2181
7141	130	8037
3411	154	24229
25144	125	21744
202	4	24246
6952	154	5383
3145	81	7691
2092	7	25073
5587	154	945
8732	131	24146
24675	42	10036
22806	18	4242
23700	125	8357
5970	7	25384
7835	33	22414
3825	61	23871
8283	33	23068
21593	42	4025
4288	18	8209
10084	42	2982
1700	2	9542
10063	14	25211
2339	154	10095
3999	125	25093
8666	130	24554
2927	42	21111
8108	90	6558
24557	42	80
4814	18	3489
24080	183	6127
630	140	21083
4272	148	24093
25162	33	1000
6450	4	4769
1976	61	2790
24970	18	23129
508	195	5127
2088	147	24093
7209	90	23961
22320	154	3803
22475	216	1899
4460	12	7794
9765	116	5300
4268	88	10359
4672	108	8807
8058	196	7778
3991	2	21474
23881	116	25025
21828	40	3061
1824	125	21440
8290	108	725
1430	18	21722
24536	90	1042
775	33	25492
24739	155	7603
1742	212	1636
961	165	22200
1259	61	7648
8671	18	23648
23737	88	24957
8858	195	1000
23014	154	8807
1004	18	25085
24729	192	8037
591	90	22842
3384	90	4095
24649	7	23488
1297	42	24752
3310	89	3369
2442	154	68
8511	96	5948
3556	61	8569
22035	130	21790
7189	18	4244
2377	33	23391
4163	195	1570
6915	90	3292
6080	2	9904
9557	103	6498
22470	12	3616
1439	96	3033
1728	18	6536
7034	108	23734
25143	89	396
22350	50	22785
6721	42	324
1453	40	3557
4609	130	24862
3373	125	2512
24055	18	23048
5588	18	977
2716	151	5136
23044	206	520
7159	90	25496
3551	66	3187
9850	7	5451
10213	42	6292
24491	42	2515
9360	130	7337
23889	212	7924
3663	4	24599
25089	40	21479
22480	7	2752
22331	108	5383
24205	216	21210
5233	154	9141
634	33	23391
22514	97	2358
22139	40	21204
3666	18	4574
9524	42	21319
25054	2	592
8902	2	4419
10329	42	23279
24383	2	10040
860	206	5055
6632	2	8787
24348	100	4774
22264	42	3047
121	40	25042
10074	204	7767
2593	18	23660
21523	173	1920
24290	42	250
5945	42	7238
23583	58	10203
8670	2	24083
24527	140	997
23450	165	7225
3046	80	24818
4483	42	7211
23816	14	68
23804	206	22032
21633	140	8546
24493	42	722
4423	131	23876
7777	33	23391
21936	40	10381
5668	212	7455
2355	4	5127
2437	130	8807
24329	204	721
8981	204	24629
22264	42	1766
21384	148	24093
5302	61	25132
1495	2	7779
5722	2	6722
4564	98	2471
474	125	6374
8752	216	725
10182	42	684
7413	125	10044
931	215	9193
5573	13	8998
24953	213	3929
1583	33	6352
4909	4	1499
1135	130	22951
9473	90	2494
8548	90	23592
1613	2	7814
3371	130	7263
22448	131	3900
23770	42	2515
9396	130	1075
1642	130	10269
8909	116	5300
1583	117	22951
23674	7	9761
5061	61	7197
10320	130	9367
5769	40	24722
3792	42	10412
1132	42	8299
23812	42	65
2282	86	8494
21005	130	8807
4999	61	21815
3717	13	9463
21736	4	22588
23371	216	2765
5625	33	7288
21218	90	26
5423	42	22125
23324	154	1411
21035	61	5056
22237	33	6446
8474	148	21847
4972	2	1748
24293	195	5849
3767	42	21220
1375	90	4397
25258	4	21003
7080	90	1045
1299	42	1864
1711	4	2828
4994	90	22508
7129	2	6218
1257	61	2755
2700	4	22588
24723	116	7408
6093	130	10208
24047	42	7862
24236	4	4774
23421	216	7337
449	4	4282
5493	33	1412
25438	18	7281
7971	7	23535
23580	18	9272
3834	2	25431
1232	206	453
6916	61	22118
21462	23	8403
25295	33	3670
9651	2	21063
25378	88	8413
4587	216	1899
4668	18	23499
7451	130	721
3658	18	1031
23073	13	2523
7729	125	5926
1962	130	22040
2166	42	6433
21743	61	9428
8750	130	21109
8544	195	24886
7386	42	817
21654	89	23179
1685	4	10381
4383	46	25466
2488	125	970
5396	130	24487
2977	125	24786
21705	21	24177
4948	216	7337
25387	42	24254
1931	46	870
7	4	10357
24136	18	9691
4016	7	8147
22422	147	5878
23022	100	22403
24694	61	23472
8027	40	8495
3396	151	25011
24374	42	25352
5930	42	3634
3378	216	1899
630	140	22965
8210	7	1594
357	130	266
6178	116	4089
494	130	8807
1016	116	25025
858	90	9175
21294	154	2759
24220	13	9463
23593	7	4589
23212	42	4305
21872	18	24299
9919	2	4166
5343	4	21440
5005	177	445
4273	40	24215
7133	195	6446
2180	192	23998
7442	90	9680
22605	2	6090
8812	4	22766
7258	102	22193
8487	125	2917
21379	116	25025
22835	46	8754
3676	165	22144
1088	18	5352
8833	154	23980
22792	116	24853
24387	154	2850
24678	4	2015
21874	42	22999
90	2	3120
23965	151	5934
1738	212	1249
7039	42	21101
23542	18	24102
8385	116	25025
699	212	6146
24280	2	6532
7985	125	21646
7756	41	23375
8484	61	4392
747	130	25211
7856	42	6028
4741	90	3257
21769	2	10165
24952	42	8046
24029	116	5300
10394	7	5831
1414	96	3454
6088	40	2442
2315	41	68
9420	42	4367
1140	125	21744
4613	12	22923
24500	22	24520
6927	125	6352
259	15	68
21564	42	4243
6488	7	8137
8343	18	24691
2116	202	331
7716	130	8807
9485	125	9999
9965	206	6764
1341	154	8807
5340	4	22304
5402	2	3670
7585	2	24563
4026	119	242
9609	189	21758
6189	18	8323
6018	2	1000
10357	13	22735
885	201	21967
8520	131	25078
6649	2	1000
1432	40	21215
3010	90	23366
2782	195	5339
10017	108	6663
975	42	7419
734	18	1858
7501	116	7408
4352	40	8495
9083	18	937
775	125	25492
24782	89	5586
9742	206	9884
21617	58	24132
22294	96	3702
1244	18	21412
9059	4	5730
25057	4	24275
7614	90	7336
7227	116	1964
7803	18	2671
22615	130	1424
86	116	25025
22822	130	3150
6582	90	22295
3891	116	5300
9	216	22639
6488	61	22385
716	42	10408
5355	130	3150
2905	125	22032
4379	18	21069
4019	212	24975
24587	130	9600
23936	42	21050
6330	130	25211
9913	96	7438
23715	33	3881
24926	103	4421
23539	195	8905
8140	42	5296
2543	18	8187
24889	42	23695
1588	130	21210
8256	180	25218
2476	99	8780
3731	125	24023
22922	18	8075
9891	42	1189
5631	212	9742
6592	2	24548
23121	18	3250
6657	90	21325
982	66	9109
6160	125	5744
7798	2	6722
23010	7	9452
1697	90	21331
1280	61	21749
8844	125	5055
24108	42	23581
5111	204	3803
6620	40	4515
8469	212	8143
455	42	5342
8152	96	2942
2844	89	7531
6016	2	4163
3935	61	22250
10466	131	24189
2403	40	22333
8786	42	1932
6238	15	24594
5185	130	7580
23618	40	9617
24256	13	9463
3904	11	5581
1921	90	389
1516	154	8807
25222	2	22228
24700	42	9903
21543	96	8842
9726	130	23356
23951	46	23201
7327	42	5291
2070	61	2630
5983	42	23484
6482	18	24509
10490	191	8084
21509	21	6944
9754	42	7462
23431	2	8136
8596	14	25211
3565	41	4917
1461	42	9318
9475	154	10030
21843	18	8274
9212	130	7819
22364	42	9810
3766	42	23310
7344	42	9713
8237	130	7767
6546	33	1000
25091	131	25101
25005	4	2194
25417	2	24975
9952	42	7528
21165	42	8855
7397	216	1899
9911	42	21710
5861	42	21618
5962	90	5987
8295	7	181
22663	108	23734
24373	42	3980
2708	33	5926
5681	4	9742
3960	130	4413
22620	90	22034
21938	4	7814
3901	61	2286
6646	42	1645
24407	108	8924
9445	42	8260
7572	81	6282
21300	42	23233
22155	154	4725
5137	4	1232
23455	125	9535
22573	130	5824
6395	42	4210
5547	7	2752
4334	130	8074
25214	108	25211
7994	42	6919
9730	108	23734
1709	192	21973
23198	33	5926
9092	125	24021
22167	216	1899
25325	42	22490
5058	7	1163
3091	216	1839
9024	42	2385
22758	42	24973
9159	18	838
4481	212	9999
9599	195	6768
24700	42	22787
8689	42	23876
9696	61	4848
8676	130	1839
2700	4	4497
2883	4	8843
6731	42	3949
5482	125	7455
21270	42	3058
24505	42	23417
681	2	21771
4552	115	23019
7624	18	22685
8208	42	8373
9441	195	5926
7532	61	9919
640	42	6391
10450	33	22460
9389	212	2512
6625	42	509
6605	21	22689
22753	2	7924
22585	42	3551
7276	42	5140
25072	143	5176
23960	4	962
24997	102	6744
23629	90	5882
3119	18	7150
4546	215	320
4289	96	22109
22757	154	286
9460	42	5406
1926	2	5653
4216	2	435
334	2	25210
2608	4	5703
2080	154	2858
9230	96	1370
9525	61	377
7944	140	24472
331	18	3430
21509	165	1414
3569	204	22905
3497	102	22661
24530	115	8628
3739	42	7945
527	68	24161
22098	7	987
7205	7	21742
7237	31	24128
2100	42	23910
5498	61	5120
24474	18	2991
24402	4	4024
9000	199	3309
21709	90	5439
2057	50	8807
3599	42	2079
403	18	24078
2423	90	1609
1585	130	24163
25313	89	9303
3985	99	8203
4969	42	5315
6088	42	7862
2714	42	313
7294	42	7162
9342	151	1447
23338	42	5860
6380	61	1345
7564	42	3555
2341	125	21459
23577	61	25290
7176	125	1108
4991	7	3531
22951	60	3680
5130	177	21162
9066	12	3623
9048	99	961
22922	18	9510
25303	99	1856
5660	42	9903
22253	116	7163
8657	42	25202
22007	90	8300
23120	90	2391
6162	46	8226
1626	41	10030
3113	15	24364
2202	42	7672
10466	96	5267
24684	61	9728
23921	40	9971
3188	4	1582
24496	46	8720
23560	216	4505
7856	42	8577
2054	144	24115
6269	18	1743
723	18	6166
22400	42	21226
6744	154	10269
22328	154	21714
329	61	23918
2595	33	22032
10322	125	21623
10098	195	1261
9172	120	24846
10038	42	21786
1501	91	1514
21100	2	22414
24454	125	9804
2004	206	21536
1733	125	3881
22835	4	9948
8836	108	25211
24292	42	10374
3051	42	7561
2115	42	4367
6037	18	9902
3759	42	6391
6595	101	1598
21187	7	2112
3087	216	4816
5871	130	286
2753	61	8376
703	42	3932
22343	18	24654
5025	2	5551
3231	2	21406
22303	40	23683
6421	206	3809
4809	90	3475
7237	130	721
5856	90	7413
2474	195	24786
4179	216	630
9768	4	9626
8105	42	23370
24105	116	7408
7816	61	24962
21367	4	2504
1296	212	3719
25266	11	6904
22854	27	4842
23822	4	10065
501	42	7606
24631	172	23373
2085	125	5393
21208	116	5300
21410	131	4313
6048	211	21791
23513	154	23980
5023	130	3611
1526	42	5574
4217	18	7347
4102	90	2326
73	212	22335
22991	130	8807
7515	61	6315
24008	216	1899
9635	42	7162
24511	201	5500
22592	42	4472
3825	2	21015
3326	42	813
3346	42	24858
6320	18	7830
3736	66	6824
7721	216	1899
3844	13	805
9888	33	7747
4655	130	68
6061	4	6352
1346	165	21962
1093	40	2060
490	216	1899
22231	195	6374
5518	4	962
21011	90	8834
4479	7	25139
21816	90	24134
23653	42	1460
2446	13	3001
4905	125	6352
22491	212	2791
4591	154	1560
23367	125	9804
23724	130	21978
23529	130	7263
7333	2	1969
21644	116	8100
4449	96	25368
25120	18	25339
1095	90	1699
926	125	8851
23320	130	22344
1615	175	5532
1060	154	22951
10337	42	9714
1102	2	8761
8688	119	1185
21490	11	9367
21645	13	2523
4278	2	24784
9584	42	22649
22377	130	6857
24705	2	22761
2077	108	6404
7152	42	3258
23665	2	592
8897	125	3023
7302	2	7012
6072	42	24077
4690	42	9194
21379	42	23359
3335	33	4259
5369	175	22598
24386	212	23650
24076	152	336
24570	42	3643
1187	2	7374
21381	2	22304
2864	140	6127
6800	14	5383
9733	177	445
25333	18	934
10349	4	9841
9038	213	21150
2866	42	2001
4011	61	1824
23291	36	22905
4567	42	217
5594	18	9970
1405	216	2997
23950	33	8490
6393	4	23264
700	212	1744
3488	42	8928
2303	60	9854
6862	2	6439
7754	46	21291
4521	96	24896
9965	206	1744
2722	4	6470
45	196	24270
21432	12	3616
9073	2	22703
9672	216	23793
7655	61	4778
6296	116	25025
4573	61	8960
8584	18	4970
4279	108	9581
22562	130	24629
24268	60	22881
7842	90	25115
23358	18	23956
7642	18	22789
8670	2	23393
3309	147	1483
22437	13	1152
7235	85	9480
23091	154	2441
1386	42	7934
8967	154	8807
3919	116	6688
7488	40	24159
8587	61	23240
8284	4	21268
9661	125	9965
2536	96	5140
25486	90	23479
728	4	24957
22938	154	24554
6092	216	1899
7682	18	22177
24028	148	4051
24157	4	5127
7116	125	3670
720	42	23876
24563	154	68
5094	90	23133
8074	81	339
2000	154	25211
25463	130	21791
8808	61	4167
9469	42	7238
1400	42	2315
1069	42	25074
10116	125	24786
3130	96	23891
2693	130	68
24317	18	8655
3110	213	3985
1963	18	3672
23609	47	4000
269	42	8855
25147	80	10217
4473	42	7495
6207	98	24594
9962	130	24594
3302	33	22485
6310	4	23153
2808	96	6136
7522	33	22335
3636	99	1856
5011	4	8851
9744	194	1560
8100	173	21523
22605	212	9881
7697	18	8575
24388	216	1899
1772	90	7666
2445	14	68
2949	148	4111
7387	89	24205
7310	4	1078
4862	130	9581
23115	42	2139
1673	33	6190
24251	18	23841
23049	125	21440
9504	42	3892
22759	212	7208
23250	102	24798
1334	14	8807
8405	2	6847
7296	66	6570
7072	90	8417
10042	42	4496
7189	216	1899
22284	96	5077
4283	61	2395
8040	125	22809
1457	7	3993
1811	130	25211
22618	42	3207
25078	131	780
4649	13	3001
578	18	2813
10213	116	1964
2594	33	4564
1817	215	1964
23466	61	9418
24233	215	1964
5839	96	3832
10078	116	25025
7438	115	25402
3690	195	21440
8163	195	4195
24961	42	9894
6993	33	9100
7135	33	9965
4447	108	5956
133	42	1607
24095	42	23320
9225	206	21046
7973	56	24485
1852	7	9473
6602	4	25397
1293	116	7408
3689	42	7162
6951	33	24786
1146	99	1856
8493	98	7580
22092	154	25211
5526	18	566
21244	61	23546
22038	42	10417
8787	154	5383
744	40	8642
24840	134	2496
6420	90	8452
23460	42	4817
9315	33	9522
24158	14	3718
23461	61	10334
22778	42	3318
3000	42	1395
25129	149	8055
2751	130	7292
21319	130	5383
2128	18	218
10276	199	25013
4142	131	2038
7188	102	7553
21871	4	9835
576	195	22414
4079	18	4849
1172	7	22372
24822	192	68
3531	2	5653
3552	42	22856
3204	143	1774
5367	12	2809
10086	40	2942
24720	212	23791
7286	154	2765
9796	2	8458
23375	18	1559
1345	7	3231
465	130	8807
7257	42	5807
3125	42	9642
4787	212	1754
22030	61	21486
9649	42	24919
4181	201	25020
25226	2	3109
25447	206	3300
2985	42	24287
1762	4	6429
4407	42	22403
6892	131	8444
24415	108	23734
5640	13	9463
7380	151	4439
5968	116	7408
9858	12	9858
7066	130	3232
5582	18	23372
2983	4	24599
6496	96	2824
6340	147	21869
10071	61	7120
22180	2	21976
2115	42	571
6712	7	5496
3031	89	4772
24656	4	24975
3361	90	23524
5316	42	10212
23058	18	6925
1112	125	22762
7352	154	9601
5671	96	1268
3581	2	21757
9207	98	5383
5914	42	527
1178	116	24853
4260	131	21408
5212	108	23978
24641	212	336
2625	42	89
5921	88	3922
2427	177	7806
380	2	8136
6342	33	24786
2943	2	7107
38	2	829
7866	2	24145
3553	96	5166
523	216	1899
10450	2	21528
5221	4	6290
8132	42	1401
7362	116	5300
3588	2	2546
1580	61	5347
3734	42	23459
2242	154	9367
5883	18	25381
3608	42	23359
7326	108	23309
2840	90	7271
4687	212	7073
10285	7	24892
4404	130	3685
3682	7	1860
25447	206	5339
8968	90	10278
5847	206	21627
7132	212	9512
21484	33	22231
21469	125	9965
9018	116	5300
22499	4	25013
4501	165	9976
2950	7	22028
8659	154	21973
1528	2	7026
6451	33	6926
544	33	8490
2577	42	5639
7052	7	5105
8697	46	22596
21315	131	22062
21598	7	7343
3075	13	22735
934	216	1899
7645	18	25418
9349	42	6301
24959	33	3023
439	154	25211
812	212	24458
4584	12	4565
24548	195	24010
3576	66	8438
3103	180	25256
2411	42	3198
24530	96	7975
1492	212	9801
5068	42	23146
23574	33	21744
6713	18	2766
2547	116	7408
24375	130	25211
8874	192	9581
5785	151	22928
8758	18	22920
522	130	25
1265	125	9801
23427	125	6764
3556	90	477
21282	154	4421
22632	154	5424
8189	125	23791
23525	42	1288
654	212	4769
4359	116	25025
484	4	9100
22526	33	7288
9011	33	6480
22612	131	2015
6496	131	24287
21087	7	3711
23394	41	22889
6557	115	22076
8293	18	4348
9663	125	6201
10127	42	25362
9609	216	10208
7300	42	6586
5154	125	9804
674	18	21039
7106	154	286
9897	42	3286
23300	4	1754
21342	40	7734
7280	42	9235
23015	125	24469
3396	154	8512
8410	206	4564
6502	4	7374
22254	33	23391
5243	12	10291
4030	125	7133
8716	154	2997
1804	33	5926
8103	98	5383
5274	4	21440
2580	7	1830
8145	212	2917
6053	99	21394
22360	33	6352
10491	72	6594
8430	40	5993
23	139	9220
10393	7	24313
23318	18	21434
1853	42	747
8772	4	3670
1543	14	3150
4310	96	3073
4814	18	9902
8418	81	6294
10262	18	24058
3845	131	2940
25458	18	7471
21892	42	23573
1879	90	21844
8489	88	7559
21670	212	24790
10095	81	68
22659	131	8624
5935	42	3054
10054	42	23146
1072	18	9510
5775	46	22859
24558	116	1489
6518	42	7451
1484	42	6477
6019	42	3843
6375	47	6607
1555	90	6934
22844	42	5306
4785	61	55
23367	7	3306
3902	4	7141
3675	42	25063
9985	154	8037
8910	96	6424
4317	40	6595
9332	130	21556
1100	154	68
7446	18	4205
21300	4	4300
7786	18	2548
23412	7	5094
9402	116	5300
9851	61	22726
6267	42	7813
4959	18	5833
4412	7	24811
4905	61	22360
9628	90	9552
7270	7	181
3234	182	368
8005	2	5062
22858	90	3771
9526	42	9577
23670	18	6482
22679	154	24229
8489	42	6244
24140	2	8490
25274	4	3073
22494	42	25314
6274	2	5377
6823	125	9801
3613	212	520
3070	4	3109
23481	42	10481
9745	90	1773
1388	42	357
2241	56	22549
24328	131	707
1847	125	21744
6899	165	5939
10081	61	9119
23208	90	356
24494	42	313
21487	33	22414
21542	4	24784
23380	61	1895
22425	102	23890
1408	61	9586
2782	206	4902
21529	42	9642
21309	216	1899
1473	2	22032
8430	2	21199
929	14	8807
24520	62	22837
9208	90	755
4035	42	24174
6516	192	24554
1076	201	2394
256	7	6457
2615	42	1255
1893	216	3718
2879	117	22951
23705	18	23819
1148	42	2626
24462	151	7272
21629	108	25211
6760	151	8542
22474	7	7848
7008	40	6843
24325	18	8146
1175	154	3091
763	88	1871
902	195	4077
10132	42	6292
8954	203	22744
5320	108	4413
25024	72	3562
5044	18	3819
24943	18	9926
9680	212	6201
10395	42	10310
8179	42	23686
21407	130	25211
4178	61	9106
3455	130	5383
5510	4	24133
3668	4	1794
4900	99	21394
4530	90	3781
4637	130	1075
24784	195	22434
24461	42	232
24332	125	8286
5250	4	3109
21453	125	9956
7659	31	1691
4709	40	8495
10272	2	8851
22572	18	21271
4252	12	24786
5938	116	5300
24239	177	6591
9147	42	9110
21133	130	24531
5468	216	23793
1773	2	22304
22778	42	25461
23398	90	2735
806	18	8685
4309	130	25211
23526	131	1118
22540	154	22951
5938	40	4515
7554	108	3150
1228	108	8924
3560	130	3685
4319	61	9046
6006	33	1570
3769	42	24973
6186	18	2205
23507	18	331
21961	2	4638
23578	206	9483
24459	42	21250
2398	165	24719
1957	2	3670
22652	90	10223
23417	100	8150
24146	131	4963
6723	130	721
21741	40	23022
21626	154	24629
25475	102	24997
24146	154	7337
5037	42	22699
8289	33	22414
7135	125	9965
365	7	1480
21830	42	8623
8062	61	6610
9355	2	5926
5250	7	3279
23241	2	7374
6953	206	2181
22912	192	8807
7640	42	5915
24353	4	6103
2885	42	5750
5647	4	9626
23564	131	3877
7335	131	154
1005	18	23934
23282	18	10436
7318	61	22934
9778	7	24385
1329	42	3058
7172	116	5300
22433	46	8720
4858	130	9610
23888	216	1560
22346	125	22020
4850	42	8212
10156	2	5055
9168	125	23391
1522	18	23499
7332	90	22028
3986	18	5002
9961	40	8776
3404	4	23346
22565	130	3492
23558	106	25469
3708	90	7569
1184	216	721
1454	130	5349
8138	90	7192
2091	61	2378
23172	61	24071
6839	125	9801
8358	115	3997
7303	31	3680
2967	2	10418
8341	18	24325
6774	125	9925
1982	42	8169
9960	212	21046
6672	7	249
6983	102	6334
9923	151	9692
23185	157	2605
21255	4	22762
3478	42	787
2147	2	21623
21484	125	22231
1481	18	7024
5680	118	5776
23065	42	2844
23988	125	5351
6971	125	1000
91	4	1843
3079	56	3718
22712	216	1899
1806	90	21007
23999	90	24283
24457	154	2807
24054	216	1899
24466	177	207
21190	42	2400
861	182	24266
4453	130	22951
22924	177	207
24897	108	5383
23644	12	22374
23595	125	9522
21222	154	721
6798	130	25211
5118	61	4825
1904	42	6841
9292	2	4163
4483	42	9508
3075	90	10014
7663	154	25211
6395	116	25025
3848	18	22475
1050	33	5351
25102	173	5532
23365	18	2127
4472	130	8074
22095	151	2163
9946	2	23393
9175	2	5127
925	201	5464
1421	46	25466
22656	40	2442
9087	33	22032
2888	2	337
9161	42	10495
23451	61	9991
21857	96	22606
2770	42	1204
1248	90	9379
5263	18	23789
6144	108	8807
6204	125	23437
6450	2	4769
21131	18	23494
21771	195	22414
6589	7	3263
5863	4	4174
22047	13	9463
22690	177	2644
10361	61	8247
23701	212	9522
1732	52	7277
7559	130	10095
2609	4	10418
8626	40	21033
5287	131	21662
24317	216	1899
5655	192	23734
5293	174	2778
7971	90	21154
3746	99	1856
24866	40	252
3723	33	9801
6274	2	24975
8375	98	25211
8529	2	1078
2923	216	1899
23241	7	883
8823	42	6990
23466	90	7334
10256	18	3262
21206	7	8695
8479	89	1821
6737	201	5752
1330	42	6533
8857	61	7418
68	103	1424
8212	130	21082
23990	125	6201
3256	125	23437
1648	130	24513
7700	131	9772
21677	18	21031
10398	66	24530
22118	2	9123
6217	216	1899
10451	42	2304
2745	148	1578
25342	40	3957
8146	216	1899
23148	40	3309
4497	14	25211
21238	216	22951
5794	131	22651
8997	2	9626
761	18	4943
24609	212	4213
23145	42	4637
9044	216	1899
10365	4	21351
3096	18	24421
2570	7	8147
22668	61	1819
10345	42	4875
21145	89	7531
7941	61	793
1205	154	24745
21577	13	9463
5138	13	22735
7891	2	6171
8076	125	23236
5007	99	8454
2136	2	5517
23651	18	8053
853	147	9714
7345	212	21015
23835	88	10007
3724	40	22991
22692	42	3198
3612	151	25275
9753	116	2605
3582	33	9522
8743	212	24786
8580	2	4506
6741	42	2982
4773	42	541
1853	42	21813
480	4	21330
24245	140	2241
399	42	7203
25106	125	1744
9688	42	7393
7463	212	3336
2116	18	6859
23144	130	23576
836	216	1899
24259	42	4305
8648	61	6487
8058	38	6802
56	61	23794
1013	130	1411
2993	102	23666
750	154	23734
25475	154	7819
2253	42	6153
7337	103	23980
9284	149	8577
3526	61	5436
22526	7	5773
23099	96	4755
21451	108	6663
23991	96	3784
8583	40	1727
4104	61	21570
23042	2	7814
3668	33	6809
10080	98	23309
7600	40	4640
8182	147	21508
6046	18	8146
7485	116	25025
676	216	376
5835	42	21099
24728	12	3623
3689	40	4416
24176	90	3502
1542	216	24629
7845	125	4564
9588	147	23713
22756	13	8998
2200	18	8392
5975	212	23791
9898	116	6688
22548	130	5349
23949	140	24846
24463	42	5898
4443	216	22442
22601	130	286
2702	4	3970
21506	195	7316
1003	42	10212
8978	154	23140
21255	33	22762
3297	192	331
22717	216	24629
24412	154	25211
3287	116	25025
4510	215	4374
6210	125	8490
7233	90	5817
2223	216	721
4617	2	22536
6753	120	4045
24112	18	8209
6651	2	2339
7062	42	24933
744	42	22600
1218	216	1899
507	42	21275
388	12	2269
24592	216	1899
9371	216	3150
7062	42	3980
6080	4	9904
1923	33	6480
22639	183	24846
22160	13	9463
24929	125	22414
4970	18	8584
2929	2	23393
6705	81	24629
3467	96	25183
4914	33	9801
1183	40	4047
8850	2	6439
25182	39	4420
9970	18	6682
9701	130	2176
8578	18	10376
6191	42	8104
5415	125	6352
4134	33	9804
9496	40	22420
8221	108	68
9432	4	860
9689	13	1152
7881	2	5062
1255	175	24735
3642	125	582
21420	42	1483
7606	89	6473
7356	212	9804
4091	4	9948
25481	18	21862
3927	130	8037
9042	99	23979
7870	42	8306
21797	33	453
24734	89	23028
6551	130	21790
22397	61	999
4637	96	8492
6818	216	1899
24206	2	9801
6782	90	25139
25270	212	23135
405	206	24965
8089	42	24033
24589	42	747
4385	154	1355
1488	72	6027
7953	165	21626
117	4	8139
21043	42	1707
4845	42	4735
5388	154	10030
2570	33	1710
4081	61	23335
1062	110	5532
24562	11	7384
107	90	6951
21381	61	10306
1875	195	25431
5932	18	25381
24844	88	24511
832	212	3670
24216	130	22951
7718	40	335
24215	130	8807
3200	96	8525
171	195	9447
23815	154	25211
8737	154	869
1206	61	23143
8646	42	25252
5203	116	25025
23528	42	8718
3125	40	23277
3425	2	4181
2496	154	25211
6062	18	2164
3155	204	24629
23249	90	24204
7167	131	24099
2831	18	2548
6210	7	8648
5249	61	497
22026	2	3670
9527	61	7086
3835	130	8640
25087	7	9761
8881	42	24561
24008	18	6250
21585	18	22742
10210	2	3186
5963	130	7580
1270	90	4991
5550	130	8807
5748	2	21744
789	89	6714
7391	61	11
3262	18	57
1111	216	1899
10195	154	23734
2842	96	2394
3140	7	1080
2368	40	24563
6612	148	3453
2878	4	21623
22850	130	2414
681	2	2421
295	154	22905
818	108	6255
6355	42	438
6917	90	9689
8410	195	9407
25485	2	6470
9197	125	22335
5350	125	3023
1556	18	1092
72	108	5383
24564	130	8630
2806	90	6963
8179	42	22678
23453	131	2518
25104	18	24741
6780	212	22762
10356	18	23956
8344	98	6753
1768	90	6855
22965	56	7512
22652	212	8232
4824	33	8490
24712	56	5689
9268	108	21289
1064	90	2
1792	18	2164
983	147	4708
5942	33	6190
7975	201	10398
6370	42	23183
185	215	1964
21706	140	997
1107	61	24529
10378	61	24148
3651	42	733
8607	33	1221
22850	130	8049
25105	7	9676
5514	42	994
2771	132	3087
364	42	1106
19	2	21440
9584	42	3962
10280	98	5383
9411	4	6290
5067	13	9463
7422	108	23734
4659	42	24910
24873	18	25180
8550	42	7876
4618	125	4902
23246	18	3117
571	89	1774
9114	42	8883
9413	61	4685
6538	36	1899
6012	18	9455
1679	18	24394
23966	42	24640
9269	61	7119
5884	2	21656
21914	108	6255
5673	42	25130
24676	33	9925
5236	13	7900
23456	130	23734
21868	18	21939
9785	2	7026
23905	130	9172
4115	90	8894
6968	46	9953
3273	97	7794
9450	90	24191
5308	130	928
3352	18	5303
23472	90	24694
8236	42	3176
2214	4	7869
22106	108	5956
4056	125	22032
24352	215	4374
8269	42	6391
9612	130	24554
9038	72	4258
23446	42	4231
24388	18	3713
9331	212	3544
291	7	1813
4685	7	3299
22495	18	22532
24303	42	1518
9584	116	8100
8066	195	2782
21762	125	22926
23278	130	7169
44	66	25429
9945	95	24538
4708	122	3369
6108	42	6798
9679	4	9522
345	130	2470
2933	61	6542
22843	98	8037
1380	125	2568
5188	90	2727
9315	125	9522
4956	18	3439
21748	96	5136
852	4	1000
3558	61	81
23056	2	7198
22964	195	9259
9013	125	22613
8141	130	5940
3573	89	25109
1627	46	2554
1049	154	68
183	18	4244
3904	11	24968
691	18	8024
4403	212	23714
5758	116	3182
24752	154	8037
2082	61	3812
6698	33	22176
4598	130	23421
24939	42	23099
25274	116	6688
21384	147	9803
1204	130	8911
22682	151	2257
10265	154	6101
4756	40	2779
9193	98	7580
22847	212	336
23000	130	24629
21096	33	22414
5086	42	23069
23822	61	3025
10158	33	3023
23837	117	22951
3104	61	2396
2677	42	23387
21990	108	6404
3590	2	3086
3206	61	1874
21652	61	25054
23881	40	5325
7707	216	721
21001	216	1899
6625	42	23484
4213	65	24794
744	2	8642
23213	116	3182
22056	140	2146
1752	130	7819
5838	4	21623
72	33	24023
5580	42	9306
3043	2	7243
2071	33	22414
24907	216	1899
5885	61	8417
5164	46	9953
3053	2	22304
397	130	3492
1155	125	9522
6269	18	3106
1606	154	24554
6804	4	22845
4066	125	6352
8581	177	22596
1526	42	65
6697	131	24126
23879	2	24548
6033	154	4421
3528	2	7079
6427	18	425
418	130	2175
23827	98	956
25188	61	2371
22814	96	25187
1227	61	5439
24831	41	8807
22462	98	7580
23702	90	24705
22279	2	4934
1159	42	1043
2034	42	21848
2045	140	21435
603	7	5714
10166	212	9098
25180	216	1899
1207	125	453
24515	4	9058
8660	42	23930
4456	108	25211
21260	108	23092
10279	131	1576
23093	96	110
10214	33	2421
8625	154	3150
9895	102	2295
9599	195	23783
7347	216	1899
7432	131	6306
1591	18	23280
8853	131	1933
24618	18	8837
6324	33	9801
6142	42	23284
22860	84	8682
24226	42	24603
8794	14	25211
7570	99	1856
21613	33	9522
577	154	68
7859	206	9407
21461	99	21394
1944	192	1899
8489	42	1517
2570	4	860
6881	125	6352
5806	40	23533
3427	7	1537
7180	42	6800
6181	2	8431
4526	4	4051
10399	42	3442
1563	42	2032
25324	40	10381
23488	61	8147
7614	2	4163
9620	4	4497
3478	42	2646
4365	42	2623
1390	116	25025
4376	42	5369
6924	103	5637
4368	46	23633
10235	195	5407
4220	216	1899
4567	42	9809
5847	98	9117
9398	125	22434
23266	42	6508
22467	42	9419
7066	216	3232
3584	154	21989
23312	40	6695
6478	125	5767
3242	130	3150
915	40	300
8963	61	4711
24801	206	6073
7768	216	24629
2154	61	9452
4083	201	10299
4849	18	3059
4126	130	21791
6128	41	24531
987	61	7290
1469	42	1785
8998	55	5300
25163	116	6688
22865	108	23309
5235	143	25109
9193	98	538
9648	98	769
9990	206	25032
24477	18	24112
3141	42	7696
213	7	7404
23606	2	9599
8987	18	25317
10063	130	10076
10000	130	5637
1367	125	23391
9491	125	9334
24034	18	24732
7123	195	3023
5246	65	9742
619	131	8713
916	7	24916
10253	130	8807
4614	2	22304
1717	42	54
21770	2	22304
25377	61	7278
21264	40	25455
24029	42	8928
1466	4	9759
5872	2	10040
1773	90	23709
9689	7	7060
24543	4	5622
6393	42	24778
2083	215	4374
3748	4	21330
2113	89	7112
23035	2	1246
23395	2	8761
1233	46	6237
6162	40	21818
6192	18	2134
21653	130	266
23119	2	23891
21113	42	7719
1621	4	860
8553	18	3450
5537	201	8255
1964	173	5300
5680	216	1899
4262	42	9306
5588	216	1899
23407	40	6814
3508	131	1625
6651	42	8694
8105	42	7268
21516	90	373
3055	40	24200
922	18	2862
23772	42	9423
24110	33	23570
21697	154	23734
8148	98	23734
2817	154	8911
4142	154	2786
8105	42	24192
5069	4	2024
9420	116	6752
9864	18	4819
7064	42	1887
23128	42	23279
6756	42	5958
5425	42	1180
4101	90	6204
23556	116	25025
22660	40	22596
749	130	22785
4371	42	10082
10188	154	24629
6757	2	22604
23984	18	7134
5035	90	21148
6598	201	21076
6096	7	854
21358	2	4163
25145	130	5383
2202	42	4195
24001	65	24001
7420	42	4660
639	42	8263
24111	42	10004
21971	130	627
22701	2	6814
5171	15	23734
10079	18	5853
5771	130	22905
8252	77	3870
25400	12	23909
2320	99	163
21573	33	10044
5891	42	22979
5083	90	883
22917	18	25407
4623	192	6255
8223	151	21034
22245	99	1856
6559	56	24485
21181	42	5779
8	212	6352
2365	125	6581
6859	18	2116
4555	14	23978
3972	154	8293
9436	42	23910
2672	42	8212
23811	4	23505
2597	7	858
25305	40	9981
3319	14	10208
867	99	5268
23683	154	68
22002	42	5413
25140	130	22141
539	40	435
24570	42	2232
131	18	4984
6927	7	516
1029	18	21031
6398	179	9683
6813	42	21243
6905	33	7728
485	42	23387
6386	42	23279
3164	206	1737
3828	18	3352
22919	42	23621
6651	116	8100
24903	7	25377
9877	99	8454
2127	18	5441
2573	40	2397
4730	42	7676
7917	4	24975
9399	89	24351
24488	4	21168
1700	40	9542
7357	33	10044
8378	125	8851
4998	90	8025
23070	55	5532
8358	201	24807
884	42	3442
24664	90	25281
5846	131	5990
23065	42	22327
1266	7	2321
7717	14	68
2473	90	1442
2817	204	5349
9078	130	24400
23413	61	3062
4200	90	25356
315	4	8483
9222	154	6663
23835	192	8807
923	42	1911
22180	42	3618
23044	195	58
22175	2	21528
147	96	1945
21384	148	21470
25305	12	10291
1989	149	6699
524	14	23136
25145	130	8807
21362	42	5635
4492	115	3054
8237	151	23554
22243	61	3912
4344	15	8912
3862	140	21210
4309	130	68
10073	130	23123
6342	2	24786
4971	42	21108
23428	12	21763
5528	216	1899
23615	18	22183
8952	2	5127
22539	130	5971
7781	46	23519
21172	66	8370
1993	90	5665
23155	90	3260
6114	4	4256
24031	13	3001
8700	7	696
22356	18	22150
3300	98	6947
3185	2	24275
10099	216	21791
5681	108	24364
5851	7	22323
2954	130	22885
4979	154	3370
23113	33	23791
3769	42	23334
3615	42	3665
5402	61	21389
21660	66	3736
25112	125	24133
2224	131	25101
23186	14	1899
3295	2	3476
406	4	5708
9368	199	9721
3621	42	23305
21753	42	5388
7741	42	9069
24723	2	7456
7962	61	464
22052	18	900
8018	212	3780
3015	125	7288
4779	14	68
10274	154	6195
6092	18	9444
1239	99	1856
1229	212	9801
23671	61	8173
7038	46	9591
2655	18	23358
3154	33	8490
6238	159	8912
24713	216	1899
22151	173	8788
23548	18	7281
9110	100	25306
9645	130	23734
6388	116	6688
21763	195	3719
6944	103	23980
21551	42	4904
25402	96	3321
386	99	706
5104	108	68
21064	133	24955
10098	195	6647
21758	38	10208
25105	90	4924
7930	42	21332
2718	7	4010
5022	108	1839
23641	33	6201
23552	130	24531
6303	90	22870
8443	18	363
6779	18	25189
5047	42	8993
1792	18	21794
6422	61	9240
1982	42	6153
8229	42	2394
2328	2	21771
1773	125	6201
4583	18	7506
2611	33	23391
6157	206	21846
8133	42	10173
158	130	22040
21405	33	2512
3792	88	7128
784	2	2181
965	33	5992
9715	216	1899
23341	18	24384
22559	212	3544
21771	195	8184
21265	195	25219
5060	18	2813
1207	7	3323
25040	130	3685
2168	90	8445
23525	42	23306
9109	66	982
5232	18	5352
24531	140	947
2066	216	1899
6789	42	6304
907	18	4417
22063	42	4324
23308	216	1899
21236	42	8633
8882	42	21457
23281	212	8235
8775	12	3616
24549	116	24853
720	42	21407
4749	42	7393
9060	182	24266
1259	90	22990
7170	4	5125
682	7	21084
972	154	10030
23143	212	23636
22467	2	9266
3650	116	6752
7849	125	5248
21801	212	5055
6570	199	2826
613	42	2544
7470	4	24323
10210	2	24548
8491	13	7006
611	116	25025
6890	42	1929
1000	195	9061
9754	116	5300
24352	42	2998
23137	33	9804
22014	2	23714
2433	61	25432
4033	61	24703
9425	18	5462
6887	4	7859
24744	4	3247
5466	2	23124
4263	108	23734
5663	21	22630
880	18	21558
21367	116	24853
10163	42	9276
2661	33	9925
1346	21	8473
21249	61	256
7800	130	22951
327	216	1899
24570	42	1887
6021	2	4555
3193	42	7865
22720	130	6874
519	216	22905
2949	147	24195
21367	42	6800
8568	42	7862
23158	40	24443
4559	2	21406
22646	18	3352
7202	148	8474
9631	154	6663
2825	216	1899
22818	42	410
5315	96	1880
2550	2	1538
8376	33	453
22855	2	24722
24479	42	1298
3246	115	3286
4770	89	3369
2365	90	22498
23640	33	3780
3292	7	24590
3417	90	24401
82	18	23308
3954	42	4077
3007	90	25290
9745	7	23170
7202	147	4272
5009	96	5148
206	40	9082
8409	2	24786
772	42	24354
5311	18	6151
7374	195	7331
8704	103	1411
8235	206	5767
1376	7	7358
319	7	24694
23848	13	3001
1981	2	24975
8675	90	602
21869	148	24704
215	4	1754
4276	154	9931
7551	42	5355
22719	151	5499
1864	130	4246
7899	125	24786
6485	2	22032
932	42	4122
1915	42	7929
4837	86	4534
23264	130	23734
1095	61	9878
3501	99	1856
24057	130	1075
3633	216	1899
23866	99	1856
9272	18	8329
4101	7	4264
7244	212	4902
7273	18	7017
273	130	725
7818	125	8232
4253	130	22951
377	61	2467
22765	33	9801
1042	90	6240
667	192	8924
7052	2	22304
23602	36	721
23292	42	6586
25237	130	21257
4809	33	1412
25319	116	7408
22846	90	6733
6270	40	4506
8377	130	6705
22389	154	24629
9924	61	6350
9691	18	130
22038	42	357
6956	116	5300
23667	130	5349
6438	42	3101
2541	58	22667
3088	125	9965
5302	212	1108
167	2	10044
24371	42	23009
21560	42	8870
8918	151	5431
24490	40	7223
25462	195	7073
3159	61	3531
6338	42	21813
6722	13	9463
8424	7	6726
1815	42	5550
10113	120	551
550	42	25202
21850	42	23190
228	102	7213
22703	98	23734
23724	213	1729
21406	195	2212
23925	116	24853
25232	216	721
6512	90	22791
24068	90	2316
7939	42	3744
580	199	24985
23122	61	4361
21551	42	6865
22094	212	4213
6086	189	21211
3380	18	3076
2917	98	3244
9064	99	8454
9444	18	9074
6007	42	1945
3246	96	7493
45	1	24319
920	102	1625
22505	131	8629
10428	89	4179
4681	33	9447
7616	140	4045
10289	116	23185
5915	130	8807
9471	4	4942
23996	106	5800
24692	4	21351
22540	154	24928
22149	130	24364
5980	33	453
8562	116	6688
9571	89	225
5984	131	2329
23442	42	8724
2853	4	23800
363	18	70
5199	95	1101
9534	42	6736
24850	216	725
537	42	21076
109	41	286
7072	108	6404
4856	42	1864
24517	18	21804
7107	206	6379
24872	130	8807
9233	61	2271
7783	2	4163
5546	42	2250
8154	4	21842
4337	33	970
24064	212	24172
1540	130	8807
23078	108	10030
628	42	6803
8117	89	24351
21420	4	10381
3831	61	25388
5748	13	1185
3782	42	3365
10362	154	22630
4914	4	2024
8117	154	23734
6261	42	1846
1532	42	10454
24011	61	9270
7587	130	8037
6466	2	22032
25043	2	8423
7118	196	8740
5859	42	7719
2284	61	2592
25370	216	23793
25051	61	4014
25388	2	805
23901	90	23988
6467	216	1899
22469	66	6496
3536	88	6330
8341	18	5949
21507	216	1899
1187	7	883
4478	56	4500
6424	130	4725
10283	42	3511
10284	18	2528
7994	4	4942
5345	130	22785
789	130	8037
2495	103	22466
5022	90	10444
22034	2	3670
21438	42	21808
4883	33	22414
6990	130	23477
7660	2	5465
6038	90	3395
24935	125	8148
21970	154	6101
5812	90	7780
9728	13	3001
3257	61	4741
10183	42	22112
2075	42	2535
8086	131	5871
24346	7	76
2128	18	835
23085	2	2782
25223	89	396
3294	42	23099
23231	40	22739
5910	42	6461
6894	116	25025
6908	40	4497
23818	4	902
24311	18	490
331	18	7189
22818	42	1702
74	99	8780
8051	18	23806
37	61	8719
22651	131	23526
1419	154	1651
343	108	8807
1313	4	5690
25251	18	4109
1045	212	23650
22651	131	7700
23709	33	6201
21000	61	5951
3489	18	4814
10342	130	25211
25139	212	23570
6272	216	21791
5765	90	23810
3630	2	23151
9400	130	3150
21814	18	7788
25243	4	21846
22140	116	25025
9669	212	9535
1094	18	1792
1390	42	7837
9845	61	9812
4580	42	10149
8151	115	21607
10039	206	9228
9267	106	8236
2150	42	7719
24940	42	21795
24561	41	25211
8942	4	5926
5381	2	7853
1549	40	6665
5347	33	7747
6900	33	22994
5919	98	3150
9836	18	1350
8855	154	1899
21264	42	22866
8101	61	1177
2758	125	9789
21727	96	6656
5631	2	9742
6717	90	1676
2624	130	23332
23125	125	4902
4510	42	4655
5108	4	9626
22503	130	6255
2356	116	1964
9635	116	7408
24196	140	2990
1134	90	7619
2932	42	2717
22411	89	9169
23190	96	5829
6280	216	1899
21225	12	10291
21363	212	309
7989	33	9447
2337	102	23445
93	154	3150
22056	140	22449
9316	130	22639
24711	111	22622
2963	13	3001
8875	2	5830
5275	4	5377
2889	42	786
22290	4	22613
1487	96	6500
10065	195	5926
10035	90	3723
21424	4	2936
3003	42	24287
7711	61	10459
3806	18	3380
6271	154	21708
9659	7	1594
24620	2	9626
5221	116	25025
6625	42	8996
22262	42	21099
10113	140	960
2658	42	1407
23878	130	24629
6373	7	3543
3852	216	1899
5212	108	5383
23815	130	22017
7464	216	106
23760	164	5127
9566	130	7580
6812	154	25211
9063	40	22766
3354	18	21107
457	111	21715
3404	42	23069
21954	2	2015
557	195	1570
373	61	21516
7023	2	24722
789	98	8037
8592	90	9196
6613	12	10291
21142	130	8807
647	42	9184
2420	4	4529
25497	195	4535
24976	42	4124
893	140	24766
1848	2	24975
4613	2	10025
6322	120	1869
2356	215	4116
2889	42	7467
7886	4	6352
5257	2	5377
8094	61	4066
3932	154	68
24154	212	9786
22400	42	6999
4635	42	25454
163	165	1934
7692	42	1877
5042	4	21842
210	212	4213
22738	42	3858
2514	18	8079
8062	13	9463
21597	61	24153
7542	42	5815
317	18	2281
856	33	6201
2103	47	23222
4971	40	589
21064	42	23620
7412	98	24594
751	125	2304
8426	130	8807
24132	42	9324
9504	42	6885
1744	195	9965
23821	18	12
3039	116	7408
6790	140	947
1700	4	9542
25476	33	22176
8873	125	22698
1127	2	8981
2860	201	8046
21254	42	10212
10034	13	22735
6040	2	6146
8508	7	5084
7231	134	643
10141	216	1899
3026	61	1091
21564	42	8718
101	195	25431
1328	125	2304
9956	98	9610
5720	90	7992
3197	125	1000
7407	4	94
627	216	21791
3218	154	5726
10126	16	6224
3304	61	2072
3470	40	6045
1613	2	22032
974	42	4906
7926	61	22776
8680	195	5744
24879	18	6010
7524	33	8851
23845	18	8024
8839	42	3626
358	18	1211
8118	212	5374
7079	206	22809
4335	216	1899
5366	42	6100
7859	98	24400
600	42	3949
2212	206	9259
4752	18	719
24958	42	24334
10123	42	6796
23584	116	5300
9584	42	815
7449	42	25199
1570	139	23153
1890	89	7751
10024	42	2015
3455	201	2863
7032	61	24188
10253	154	8630
4308	89	9385
22863	90	1687
22440	18	1451
2272	98	3269
103	216	1560
23287	42	3897
22372	2	24295
2519	33	9925
25336	140	2990
23965	130	7647
21120	2	9259
10002	2	5926
8684	96	825
22042	42	2681
21587	42	5227
22188	154	22550
25319	42	25461
22363	18	6925
586	130	5702
25244	2	9407
23182	130	5383
4337	125	970
2978	33	21459
205	147	21847
7175	4	3835
23110	42	509
1795	42	8800
1034	42	2251
24529	125	23570
6630	40	25397
9170	108	23734
24876	2	22032
22095	96	3037
9379	61	1248
9541	4	4174
22359	125	9801
5245	4	21656
23163	18	24325
2788	130	25
22222	96	2429
3653	90	4955
2174	18	9340
2120	90	7783
7085	216	21791
10267	191	7303
6933	125	4360
1346	85	23601
4856	2	23022
3017	7	2328
8715	4	7079
22681	116	5300
6887	33	6768
22383	151	23193
4049	38	22689
4520	18	6569
4292	2	22762
10413	33	8357
6640	2	21994
10132	42	10063
23065	42	24597
3298	42	25179
22273	90	24903
6220	4	5764
10200	2	24548
7589	102	6914
24605	195	9884
5707	125	21623
7302	2	24083
4969	42	21250
25135	18	4956
24536	61	21343
275	130	21201
20	18	5616
1940	125	24023
99	42	21250
10043	18	8793
10451	42	22090
6930	206	1978
23874	130	22017
8537	42	9306
1161	18	3913
6755	65	6755
7838	33	8851
85	42	10036
893	140	2241
131	18	4625
24175	206	8232
23047	195	6768
22385	7	8137
22309	130	1527
4997	18	2715
3629	212	1463
2082	125	3625
6434	125	23391
1514	31	6316
5902	61	23088
251	90	24332
10087	18	8187
23294	2	4163
24633	42	3152
22002	42	2941
23854	42	3533
5461	40	22548
8378	90	21341
6046	216	1899
10165	130	25211
25176	125	1000
21084	61	8338
4596	42	21757
3627	72	5982
9465	18	21430
24635	102	22886
9351	131	6891
4178	90	9702
2755	125	22176
8587	90	4357
21288	31	24262
5556	154	6255
5133	130	5349
9383	4	6704
25088	130	1075
25022	2	22032
7139	42	9036
7798	33	9881
8488	42	2653
5303	18	24873
24197	40	9927
2651	42	6039
1047	2	8217
4785	90	464
8598	42	1141
2537	42	3391
23475	7	22388
8583	42	24056
3425	4	4181
4862	96	1100
8897	7	7872
4502	216	1899
3637	130	9141
4303	148	4692
10496	66	7015
24520	121	7337
25093	195	337
10393	108	23734
550	42	8926
6227	12	22923
21358	212	5944
1362	154	3370
6524	42	3634
23442	42	8628
7510	11	5947
4365	192	25211
3530	33	9925
24578	2	1919
4037	33	9801
9716	90	9730
3490	7	5010
5164	42	4161
7283	61	7065
5000	2	2506
2440	42	7412
25115	212	4769
1724	212	5248
7718	42	23348
24529	7	25139
25019	154	10030
6661	42	23512
5367	42	8603
3888	33	5351
24721	90	4707
5197	192	68
22208	212	6146
5995	4	23757
6766	40	254
9242	90	9814
22974	33	5926
12	18	8671
4374	15	6255
21412	18	1244
9206	130	627
7180	42	8628
7399	18	4476
3382	4	22032
756	216	21791
10261	192	24364
9967	89	3369
6971	125	5339
7219	206	2915
4305	154	23140
507	116	5300
3468	2	6171
4525	125	2155
23981	116	5300
7823	125	23570
21038	42	9163
6674	130	3370
7738	40	22596
4136	33	9759
23941	4	3535
7754	42	34
8100	20	21523
7831	130	2441
4926	18	4123
4864	7	7468
2502	130	24364
3217	33	22613
5402	33	3670
48	90	603
2372	42	22415
22399	130	23734
23334	14	25211
3488	42	839
25327	42	23459
8341	18	114
6691	130	538
5718	61	23241
3252	18	5566
3954	116	6752
22617	125	22081
6910	90	6384
8320	42	9107
25235	108	6513
24707	61	3211
2260	18	2332
25216	131	588
3095	102	8177
5017	42	1449
7355	40	21199
1615	130	21082
2641	130	6663
24445	33	25219
24977	131	22651
24697	42	4367
1384	66	8961
23388	125	22994
2657	18	9864
24341	90	1128
5744	195	24023
25408	216	1899
4570	216	6870
10202	215	9193
25397	154	68
10440	4	4564
24600	18	23080
24724	192	5383
6328	40	5960
2774	216	21791
25080	154	24554
4241	199	6690
21642	2	3670
4163	206	8143
6131	18	2960
23833	42	10136
9040	116	5300
3681	2	22107
10344	188	4717
8714	18	8516
22000	4	6173
22445	2	24446
2315	154	25211
6820	154	21714
4951	61	24062
8159	18	6189
4536	42	25063
3940	131	22050
6423	131	3357
21503	90	23846
7997	147	1606
24863	4	21471
4513	2	22613
10480	2	314
24583	61	23487
3228	130	6463
7725	2	557
25070	61	21140
4955	7	1226
22640	192	25211
7814	206	6768
4284	42	2481
8704	140	9539
1233	2	21795
334	33	3780
1746	2	4163
5129	131	780
3977	42	851
10310	41	3244
8047	42	3618
2662	40	164
6112	61	1866
1595	101	9204
10435	2	10418
740	81	740
10435	4	10418
2225	61	1257
9821	99	23563
24956	61	21517
190	99	3628
1467	54	7630
4189	2	2291
7754	42	9984
24773	40	9714
3904	216	4842
21324	7	24313
4838	7	22102
22068	130	3034
3532	130	7337
24353	42	8628
7283	33	582
6539	33	1000
23979	165	25288
1399	154	68
22692	4	24722
9599	195	3885
25367	33	23782
1321	2	1510
10229	88	21226
23758	40	3469
8747	40	23349
23804	195	5339
5466	212	8544
2563	42	1932
109	154	5593
7271	2	23068
22691	84	1560
9745	61	547
7612	131	8525
24147	216	1899
22165	42	23447
6302	42	22684
21224	212	4277
4788	212	23068
8489	42	21726
7919	42	3905
5133	154	23734
501	42	6798
7669	108	6663
318	90	5638
4520	18	5471
1614	7	3306
7677	2	9742
7201	125	22335
24688	13	3001
7342	108	23734
10105	33	21744
3343	130	23793
2434	119	22039
8106	7	9922
4759	216	1899
22606	130	22785
9583	131	522
4398	108	7221
1573	148	4190
1413	154	24629
21476	4	9566
21383	206	9441
21990	212	9447
7296	96	10299
22169	96	3131
1804	90	21443
5656	2	25199
927	42	7662
169	125	21026
21554	199	9082
9388	2	899
6165	154	7182
21520	42	9447
7356	61	3306
4924	4	1078
7913	130	22225
5034	14	25211
7184	61	24598
2103	142	1899
7848	212	21623
5273	4	23277
3931	90	23113
2981	13	1185
24431	7	10403
10161	7	10071
1126	216	1899
7313	30	8139
5356	7	9279
4350	2	9801
21384	148	1308
97	130	725
7645	18	9720
3102	2	8761
4003	130	7263
6364	56	24080
3021	66	7558
21205	40	7639
6611	42	24752
9449	61	7546
24461	42	9318
3351	212	22809
10405	42	8606
6528	18	1736
7623	61	10257
9132	42	24894
2385	130	7263
1848	125	24975
22605	90	6542
22322	61	22474
7798	7	2933
1138	42	8507
5152	33	279
8464	61	5799
10087	18	21603
25225	125	4110
21485	33	25219
22060	18	5489
24096	33	8375
6104	154	5383
638	2	23783
8689	42	6850
9350	33	337
676	111	21210
4988	7	7885
7118	208	21500
2407	131	21854
10284	18	8293
6254	204	22905
3413	46	9953
24022	42	8898
936	157	24072
24801	206	5055
374	103	740
21343	90	24536
21933	154	23980
21823	42	692
1635	4	6194
9663	2	22304
3245	90	22439
10089	89	25370
435	14	5383
24289	4	2015
4676	199	2779
2550	2	6171
23400	42	4875
2745	147	24195
2043	213	6372
819	125	22434
4543	42	23602
2873	42	5235
1413	131	1154
9467	125	5551
2179	42	22337
4914	125	9801
9646	2	5592
21314	125	309
10314	18	5483
2369	212	10280
25403	90	22049
8485	18	850
23739	42	8304
6778	42	25013
23699	4	9108
625	2	23817
2823	61	24566
24624	42	9069
21964	40	24722
9776	33	8851
4792	108	10030
7614	108	25211
4461	130	22951
6229	42	23447
1357	216	1995
23641	2	22304
10446	42	1601
22628	46	22725
2158	4	25467
6411	42	24455
5527	4	9804
24973	14	25211
1311	4	5055
4546	88	22503
6424	130	4881
8958	61	6970
21197	216	1899
1823	192	24928
21674	42	2239
22813	108	9581
6431	61	2090
2487	7	21084
9561	4	8884
5332	96	300
23067	4	5620
2756	89	24351
2585	212	9804
21439	125	9801
5785	191	22928
23412	90	10221
23312	42	3960
1009	12	3616
4841	18	8420
4400	212	24975
738	2	1987
22442	140	24846
5295	2	23033
23932	90	24623
2857	90	1121
21393	154	6944
25239	216	1899
9060	99	23979
4799	12	10291
22431	4	8826
21458	4	508
21552	125	5062
23506	33	9759
8950	42	8750
2256	116	5300
24030	4	5618
7736	40	335
22924	40	21479
9894	130	8037
3872	206	5762
3148	18	1559
10107	33	3719
8261	177	9210
9271	40	4774
7454	4	22304
2044	90	8200
813	213	21756
22073	42	9842
7231	61	8459
9954	130	10266
6173	206	25431
4767	116	6688
24149	212	9522
8965	7	5261
25292	90	4185
8697	42	21733
2781	90	9966
1653	213	22169
22042	42	23491
21832	42	1850
23434	96	21532
9253	18	25380
21764	125	3810
2335	33	10044
5408	42	4581
8674	4	3209
7481	130	8807
1633	40	1789
889	42	2015
9273	90	24240
4658	40	21268
2291	206	6190
5666	2	10382
8295	2	4181
692	96	8822
10085	2	8490
547	2	22304
7131	130	25211
21953	41	24629
5310	2	23650
21564	2	2285
1891	18	22366
2750	4	7927
3314	195	8940
23054	61	2259
23302	61	4019
7020	199	2779
7279	4	9334
1816	33	9742
24546	130	760
2733	18	23365
5374	206	22845
22005	131	9637
10396	89	6714
1155	2	9522
8293	18	24269
3196	116	25025
23709	4	22304
24497	2	8851
8399	40	7007
21339	130	22630
7668	130	1899
5887	42	6798
22810	108	10208
22335	98	9581
2431	101	3412
3708	61	100
1334	96	3400
9624	2	22231
2337	130	21989
3788	42	9218
942	2	8761
2137	154	24629
2225	33	22176
22195	192	23734
3692	42	8577
10442	33	21442
25243	125	21846
10364	216	22905
9063	42	1204
8832	212	3881
21880	42	2002
9302	154	5383
21905	18	934
22714	125	22176
21267	4	7639
3180	96	23814
444	2	1571
3852	18	2634
7645	18	3312
4662	7	8085
3376	2	22596
25198	40	6462
2623	130	5383
8620	130	7767
24971	154	8807
21835	195	5762
23202	33	9742
4896	7	591
5450	195	3023
8811	96	2290
23118	7	21749
46	42	5613
7215	18	5598
7233	7	21048
9764	2	201
1711	13	9463
21461	130	7767
844	108	721
9159	18	24519
3870	189	5170
21367	42	7912
6062	18	24854
22133	154	8446
6209	18	3252
21048	90	22775
23543	130	68
605	130	5955
185	42	1950
615	42	8572
206	116	2605
25447	206	9781
2510	216	1899
21116	116	25025
7551	40	4087
22990	4	1078
7575	154	286
6653	90	22813
4163	206	5767
8585	46	3641
1497	61	2222
21886	61	10353
902	195	9447
7403	42	438
8140	42	9704
7318	2	3625
22275	18	5615
10215	116	6688
8773	131	9142
6144	108	21715
8309	4	22414
2862	18	922
2826	130	1842
9599	98	1074
10119	18	8980
3615	42	6737
4475	102	3108
4039	42	23117
21678	4	7758
22721	130	286
3595	2	22746
9998	96	1413
3672	216	1899
21433	90	21263
904	42	24084
9392	117	22951
24959	4	5450
2727	125	5351
7071	212	5767
23921	2	9971
22939	40	3609
21194	2	21063
4769	130	3534
21651	2	23817
7044	18	21860
5517	96	23226
7604	42	8602
10084	116	5300
3768	7	10027
1121	212	9804
2902	216	1899
22329	42	9701
876	31	1414
21427	195	21396
3119	18	9867
4787	61	16
21353	154	8465
23771	13	1185
3758	212	25119
23103	18	24338
897	4	21818
4738	66	8961
10285	4	8851
36	116	7408
24433	216	1899
2689	140	6127
22204	125	1108
5030	40	6814
6196	42	25179
4338	90	5832
22470	42	4958
7898	216	8682
21805	33	9925
7564	40	2445
4758	14	1411
9621	40	7424
22052	216	1899
940	216	22639
22353	216	1899
23419	13	9463
3695	42	25199
9653	130	23980
22599	134	23588
8262	175	21013
876	130	23980
7667	12	22716
21991	42	4688
22517	154	6942
18	130	6101
7810	42	24894
1248	7	10094
2715	18	4997
7975	199	3965
7237	130	23734
22604	195	7561
7687	108	68
21446	2	25397
22579	125	25492
7676	130	4807
10203	42	23741
4642	7	9022
21345	42	6693
22395	42	4734
24340	216	1839
4001	206	5944
6672	61	21718
22110	18	23499
8818	90	7302
25277	18	8012
25284	42	23019
22782	66	23420
24355	4	5127
5934	130	301
23818	2	902
22511	61	22768
3150	120	4045
7720	42	4507
21516	212	24469
10297	41	2765
6247	90	8703
21243	130	7538
10357	130	4022
24313	2	9801
8617	154	22235
4517	42	24288
1373	151	22109
2169	2	21473
6209	18	2074
21722	18	1430
1251	18	3092
2382	42	1052
10088	4	22512
6407	18	8187
8818	212	7982
5357	125	1261
10445	116	5300
22804	33	22485
23695	130	8807
24702	4	1000
5341	130	1075
3484	175	6906
22320	130	3803
22938	130	23734
2522	42	7162
22815	33	22414
5071	130	8807
8047	42	21243
3014	12	4341
2659	216	2765
6256	18	23308
6799	173	4026
10487	154	68
10216	2	3649
3863	116	25025
3036	130	1411
1497	2	24951
7826	18	24943
9606	130	21791
23080	18	23939
3630	2	21471
3264	90	4815
5575	90	22493
139	116	5300
1487	131	24887
1238	55	2434
9929	96	3357
2711	40	1097
22381	40	1799
21206	2	25494
22116	206	8940
2625	4	6595
21599	42	1139
6585	81	68
3281	30	3760
902	195	4564
21134	2	4497
23724	154	21978
9334	206	1000
7561	154	25211
7217	42	8623
22395	216	21791
10169	96	24405
3235	212	9742
10431	42	5630
21223	42	2536
277	90	24447
9777	61	6931
778	42	2536
2562	83	8246
22210	125	970
8063	42	7871
2195	130	21791
3413	2	22871
6284	42	8152
66	216	721
8770	131	7862
5755	40	10241
9206	154	4013
10479	90	24440
2023	33	4902
3371	195	10044
24930	216	21791
22349	42	7451
5014	33	21442
3338	40	23237
8354	4	6259
9614	7	23488
2118	130	3091
3354	216	1899
3850	85	1856
23152	212	21701
10303	33	24469
9054	33	6207
8349	61	9186
7272	72	24085
2212	206	22964
10267	14	22951
22695	18	21065
22662	90	10475
4914	2	5127
5516	116	6688
8953	46	9591
2452	108	6663
7723	2	3251
21170	18	4723
9119	90	10081
8127	102	7147
3647	108	5956
2889	46	25466
7438	201	9913
21555	216	1899
800	33	6847
24152	4	8483
21018	42	9121
2780	40	22906
7224	7	22445
4732	2	24469
6254	154	22905
21867	2	2237
4876	18	23614
4093	42	9615
1035	2	3881
24632	2	4163
2460	7	22593
21879	7	21155
3171	42	8706
23465	40	8596
8290	108	24043
3645	154	25211
8365	4	5604
7938	88	4537
2183	33	24790
9073	212	22703
371	216	21791
4272	148	5889
7850	140	24472
23717	154	68
10350	42	2557
190	106	8473
24648	33	22809
3279	2	24023
22753	61	1994
2117	196	3904
7859	98	3936
4934	98	9581
647	42	25199
2609	108	5383
25296	7	21668
6418	61	25365
24358	131	8332
23416	33	5744
9142	131	24219
9738	2	23827
8944	42	8628
1742	90	277
7644	42	22337
23210	154	24554
10293	2	5830
22388	61	2165
1162	61	25263
9546	42	8370
4789	90	1647
7147	131	8127
7581	96	3229
21577	90	24649
10067	212	2378
2397	96	1657
1189	154	8630
5953	154	22017
5445	130	23734
23668	4	25382
22588	66	25326
4797	154	4500
3270	130	9671
21003	154	8630
25292	61	7176
3249	216	1899
10494	61	3144
957	130	24554
8401	216	1899
1018	125	3670
7184	212	21846
8624	131	10194
5716	7	2567
2119	33	7288
7596	199	24372
23300	212	9801
2820	154	5349
22227	54	5690
8956	140	21435
21506	195	3885
23754	7	23856
25215	42	4372
3070	7	22319
9415	7	9393
4261	90	991
7642	18	4073
2749	215	23070
6935	61	22868
6331	42	3038
3577	90	23659
23434	154	4421
253	14	8640
23442	42	2139
4382	108	25211
2750	33	8490
6590	18	2666
8051	216	1899
8309	2	22414
23561	61	2772
8891	2	7814
8875	40	5830
885	41	22418
6078	216	1899
1280	2	1000
22396	18	2733
4776	61	6985
9312	131	22547
23778	2	7469
1213	154	2765
24662	42	141
2797	12	22762
22218	33	1744
1583	61	2
6078	18	25135
22510	4	7010
23719	125	22032
5590	42	25385
3024	42	5327
23551	4	3535
21178	102	10037
3233	130	7580
2523	173	3001
22577	125	23391
10496	66	5797
9106	61	9829
5830	106	2330
8440	18	5441
24486	154	1612
7283	4	24784
23223	7	9046
684	130	25211
7585	40	3157
7070	154	23140
5477	130	21790
7458	216	1899
2258	130	23734
24873	18	24471
21062	2	24443
3809	98	24377
24492	2	24975
2077	108	6947
867	99	6899
2720	4	4774
738	116	5300
3662	41	928
9935	4	5241
21172	130	5383
3709	7	2008
129	42	2896
6289	96	109
24476	108	23998
1308	89	4164
9621	42	5109
8136	154	25211
24464	148	22009
23130	18	9908
2393	33	3719
22454	130	9600
3126	199	2826
8540	33	24334
1587	119	22950
7696	130	7620
379	131	23026
3652	4	9447
2325	4	21473
9148	2	24083
6580	42	7756
5247	42	7432
2105	90	2553
6401	125	8490
6263	96	24812
21574	72	2453
502	2	9801
6010	18	7697
297	18	1983
317	216	1899
8641	4	6352
7351	2	582
1796	61	8686
3247	13	3247
4137	89	1821
5277	12	5706
24435	151	5793
5454	41	21973
5916	154	5113
7384	81	22885
25001	42	3156
24398	130	5383
4461	131	9006
3415	33	22176
23931	33	9801
22606	130	764
1949	18	5565
22848	130	21978
7421	212	9438
8179	42	7000
7317	42	23945
5715	125	1744
9213	90	21366
9142	154	21973
22955	2	9801
9796	7	3691
23190	14	8807
21035	2	23114
24219	96	7534
7911	42	23947
7059	2	633
6331	46	24409
23061	108	25211
4626	102	9883
6265	157	6752
2881	7	5083
338	154	24859
2214	2	7869
23431	42	24306
242	192	68
406	2	5708
6671	61	10114
9723	116	24853
10340	154	23309
6656	96	21727
6396	130	21790
9002	2	7012
23252	61	1690
7426	96	7535
25456	131	7541
584	42	21733
4828	42	8511
6487	61	1722
9821	154	1542
9718	154	5349
4494	7	8637
21957	18	21115
23662	38	23793
23243	42	23826
2279	90	1866
21375	4	4628
9909	42	24910
1394	42	24999
8165	90	7105
4686	90	303
24191	4	1798
8882	42	9687
3196	177	207
936	55	24072
1432	42	4660
5536	90	25417
7903	90	4424
2674	42	21865
5809	125	6615
7100	42	7070
7659	191	2489
5086	42	2447
10199	81	8049
6941	89	7751
23285	175	23187
21868	18	1792
687	4	1929
5928	212	2421
8574	19	21161
2078	2	1737
9185	216	1899
8996	130	24717
3574	116	5300
24634	212	9438
22392	18	21102
3267	42	25441
3939	201	25331
8204	18	24367
2046	216	4500
6178	4	2843
10311	18	9455
22036	89	7531
2708	4	6768
23963	61	4441
2158	40	23018
9910	2	9193
3154	61	2801
6453	61	240
8973	18	1402
7064	116	7408
1832	2	22304
2700	42	5306
7680	140	24472
525	42	3949
6837	18	23675
5920	40	25193
2348	130	22764
8850	42	5713
9362	40	4515
6894	2	23151
24970	18	10328
24027	130	7690
9724	42	8610
23036	47	6469
9092	33	10082
24241	2	5062
7202	148	9988
9047	4	508
21110	2	5592
8979	42	2961
24600	18	9472
2632	42	9235
22776	33	582
23431	42	23495
6815	212	3810
5599	42	6044
5683	61	1610
10154	42	22358
10072	108	5383
9119	2	9407
4239	144	22694
7207	61	23134
10134	131	8497
9916	7	8997
2076	42	6885
8770	130	8807
24378	33	23
5335	125	6581
5188	7	2604
24114	4	1783
1200	42	3755
5474	4	22032
4067	40	2442
6239	154	5383
23082	213	6727
10384	2	5196
3200	131	24475
3171	42	22403
10248	42	24858
2085	4	22032
10485	212	22335
4521	96	7444
22743	196	3904
22023	42	5202
6790	4	22154
24985	130	9581
889	4	2015
1694	7	23517
2993	96	6360
3290	46	2048
2727	4	5351
922	18	8013
8367	131	1114
5731	61	24124
6711	212	25247
6858	90	22404
24401	7	1820
7093	2	5926
7347	18	4217
576	206	6379
3337	42	9972
5137	7	8380
23342	61	21766
9815	42	22979
2098	42	9345
1413	131	9115
2548	18	2831
1085	42	8628
21380	215	3213
23675	18	6837
24668	125	1744
6837	18	23317
23774	154	1405
24014	18	2938
5540	191	5934
7686	42	5574
5247	4	8139
24638	18	3853
4925	125	6119
1595	101	8084
9743	18	21143
25456	131	22005
6161	33	21623
3298	40	25179
6547	18	3457
8583	4	21123
23400	42	2982
10386	204	721
5518	125	8851
2376	125	1249
22964	13	9463
2489	130	1214
23415	61	25227
21402	96	5695
21709	61	22772
917	42	7000
7204	151	21179
7514	195	23386
5411	72	7464
628	42	7451
23638	212	3717
9398	7	9437
23973	65	3401
1781	194	6705
9871	89	21490
22814	130	23734
3855	18	22587
5816	18	24718
72	125	24023
6343	18	21303
1869	56	6322
1875	130	25211
8277	42	9406
3422	206	22020
23897	216	24629
9217	102	7408
5902	90	22265
22058	130	2997
5205	40	750
8951	90	9676
1326	46	7156
8636	18	7144
7012	195	7982
6301	98	266
4225	18	23956
7899	2	24786
5871	50	286
4792	125	10044
7382	89	2188
24987	130	22235
7144	18	23597
1272	125	22994
22967	4	5926
21134	42	5729
5838	13	9463
501	42	24278
25317	18	3380
8167	14	2441
5638	212	23791
21118	47	24617
3830	130	21790
5215	154	6944
24884	42	571
7258	191	3865
22403	100	6045
8803	130	25211
2584	115	87
629	90	6402
2277	130	23309
1486	116	7408
21384	147	9988
24418	41	22418
7946	130	286
5993	130	7385
6178	42	9642
21271	216	1899
2943	61	7378
25024	130	10208
21460	130	23123
1992	116	25025
6192	18	6523
9902	216	1899
4658	42	1942
2391	212	3670
24648	108	68
6264	151	3659
6232	7	5770
3636	182	368
3820	130	22785
8902	42	8511
25453	131	2993
9477	18	5950
5277	42	6391
6384	212	10280
22082	33	5241
6540	195	22020
10498	2	24443
4547	42	65
2117	216	24485
6359	13	1152
7067	204	3150
21877	131	8762
9054	7	5187
24235	130	9117
3155	31	1691
2057	201	9094
8738	40	7054
25241	212	1744
21927	191	4979
4694	212	7316
9246	212	8232
3604	42	21294
3974	4	4506
3423	120	22217
893	140	9199
24591	12	23909
446	42	22601
6670	42	5296
23098	42	24449
6560	15	68
24625	108	725
23562	42	24309
10350	42	6499
6415	42	1512
22357	18	21320
21273	216	1899
6369	42	22068
25374	56	10208
4175	42	22076
6472	212	8232
1125	125	1744
8881	2	8312
1661	18	9062
24726	96	23872
22417	130	22418
3139	42	25352
10250	212	8232
24618	18	7650
21162	36	8682
10223	2	8232
7690	140	960
2293	40	1097
21839	10	1362
3792	42	3741
5703	130	10266
4039	42	24449
3659	213	3985
8051	18	21039
23043	38	8956
5705	42	6318
4586	216	1899
24247	42	558
22054	13	3001
1939	90	21144
22062	154	7337
1633	177	1789
4289	131	780
4610	102	23327
21455	88	1950
5068	42	8928
22415	96	8983
9768	125	7073
6568	130	21791
22992	53	2018
10432	66	6825
8092	4	9742
6608	42	935
504	7	9255
22743	216	10208
3706	216	1899
10108	81	24531
23986	4	21623
24966	130	23980
5529	61	1256
24015	4	9259
24502	90	135
24132	88	2826
976	108	6255
3745	116	5300
773	42	23019
9742	195	22176
5853	18	24055
5004	212	520
684	154	23140
3372	13	1524
8367	130	2765
983	148	8084
402	125	337
6959	4	21321
9403	206	9965
21626	154	4421
8806	42	787
23046	212	9801
4623	192	68
7089	7	2346
9490	18	5001
9592	212	21646
6396	154	5113
4182	156	725
5138	125	6480
6683	42	141
8944	40	9478
81	2	7961
1856	165	21161
23288	125	9447
5682	192	25211
1753	131	6833
25432	90	2433
6802	103	2858
5260	154	23140
1238	55	22039
22194	216	24629
6941	154	23309
8742	18	7214
22051	130	23734
21112	216	1899
413	125	24023
1636	130	8037
4089	96	7837
2353	2	3670
22014	61	5398
5398	2	8410
22244	4	25330
4017	7	24116
1989	42	7462
2380	18	4468
9777	33	7469
334	125	3780
1320	4	22304
3464	61	5921
3652	108	5383
23155	61	21552
21468	125	1592
4971	42	25179
21522	115	2575
21333	42	23626
6274	212	22176
9528	125	8143
2582	4	9082
3371	195	337
22361	42	9103
7548	42	6079
5884	42	5805
22861	18	2300
23071	18	24503
21905	18	25333
22201	90	23116
5882	7	5823
24139	61	3498
21278	131	22882
2023	7	696
6652	108	6404
3300	206	5551
1833	33	22414
9322	42	8287
1497	90	6161
3033	131	25157
9466	61	5428
3291	154	1651
4001	206	5744
203	2	4163
6726	2	22304
8133	42	9003
8555	204	3150
23896	42	22410
21820	125	2787
6201	13	2523
1388	12	22374
4400	13	9463
9965	195	7370
22077	130	22630
9270	33	22231
25088	201	24005
9184	154	8807
2919	33	2304
1294	18	23819
4157	40	4223
725	16	24043
24161	40	8884
10405	42	21981
25475	72	23954
21519	18	21170
21191	2	9599
4409	42	22310
2742	42	22137
7969	154	25211
1895	2	3422
24672	212	3544
23713	147	6273
1194	130	5349
24726	102	2031
2943	2	860
24642	216	21791
6736	154	68
23896	42	24026
5625	2	7288
24858	130	8049
21033	154	22158
4403	2	3120
22626	61	22975
23791	195	24730
5296	13	1152
9030	131	8525
1376	4	557
10084	2	3362
94	206	5944
21177	213	24438
9468	154	2303
21115	18	21957
23490	216	1899
24732	18	22980
1269	14	10269
4154	61	1912
25266	11	8293
24942	116	6688
5807	130	5383
7328	142	5607
6979	212	23791
4252	42	8175
6764	195	6446
25119	130	6404
6869	42	23696
731	125	9447
8277	42	7410
21952	4	1120
9115	102	1691
321	131	619
5088	2	21623
7144	18	9272
4869	2	2291
2140	14	25211
5590	40	8495
8788	63	22151
4177	99	21394
1897	154	2759
3197	33	1000
4840	130	4421
2818	2	7079
23015	4	7078
8587	2	9742
1256	125	24446
2771	11	886
2595	4	3594
6154	130	3330
25433	2	4024
4720	2	9742
7019	42	5923
8241	2	23124
9388	116	6688
5851	108	3150
8025	212	3625
22150	18	2639
9734	4	557
21456	42	4243
21561	7	5568
7440	4	1000
1422	42	25098
866	138	2347
22006	42	1929
21851	18	6377
3366	90	10112
24381	130	23978
24494	42	24208
7273	18	2066
21196	130	21714
24049	216	1899
7906	61	24772
23376	96	4063
9549	42	4315
5198	11	24554
21342	42	10374
7709	18	21590
7247	125	1570
25226	2	10418
2074	18	2300
23120	212	3670
4453	216	22951
21965	130	5940
7680	40	25318
9275	42	22727
9672	11	2323
23658	42	212
206	177	9082
2616	2	5262
25197	154	68
7859	195	6768
175	206	23650
9000	134	3309
3657	4	7079
3253	7	21433
9084	18	5633
4237	90	10247
6750	42	3553
5774	131	1479
24442	18	3354
4673	165	21586
6500	96	1487
24983	42	3785
23630	130	2470
24974	61	8082
8339	10	10089
5453	102	4322
21335	42	9330
22504	215	4374
9888	125	7747
3448	18	23280
3163	125	582
6897	11	9037
8012	18	2375
23847	4	8139
7474	116	25025
4471	27	8682
1139	66	3258
5025	90	25057
10283	42	7719
2542	2	8423
21684	96	22881
9263	130	8807
2672	42	7015
548	18	5489
9870	42	4326
5840	116	5300
9189	130	21790
4883	2	4024
10399	42	24033
10239	90	2597
4099	42	22125
1199	4	9804
7314	61	23402
10033	61	24318
8734	216	1899
9090	102	23890
1594	90	21889
4597	42	10173
5901	125	22485
24869	2	3721
2922	42	34
3190	212	520
23410	2	962
24224	42	5306
9120	174	10117
3114	98	25211
21179	96	7910
24258	216	1899
24240	61	9273
9869	42	5355
4411	18	25418
22055	46	679
9835	130	9117
298	4	5354
10251	18	10376
25407	18	2688
135	61	24502
4397	125	8851
24585	195	22081
24308	2	21528
2640	154	25211
8277	54	7149
7119	108	23734
6278	174	5702
290	40	3266
2235	90	5855
8064	154	3718
24596	115	3620
9463	55	3001
21140	33	6532
5596	18	23282
8076	90	1056
1549	4	25047
2015	154	23361
3701	212	279
2170	212	336
24773	116	5300
10290	99	24875
7880	41	1899
8027	177	207
23547	125	8490
5573	7	9282
23906	111	23136
10021	216	1899
8406	125	1570
7997	147	8474
0	212	21623
4841	18	5045
3046	130	24043
9869	116	25025
7190	42	8212
670	4	2512
4381	42	23742
22620	125	3670
22986	42	7000
9480	165	24719
25176	33	1000
5790	108	23325
3225	61	6631
3066	18	21904
23459	130	23978
2793	42	5534
2550	2	23114
9757	18	21216
2745	130	23998
3621	42	7252
4574	18	7547
768	181	6498
3167	4	1120
24256	4	21623
6549	41	68
7363	61	4451
8201	42	22613
6470	154	22639
537	42	6533
22322	7	10469
24646	18	1891
3382	125	22032
25088	96	8086
22340	140	24846
888	175	8313
25441	130	6101
9597	40	3266
2698	154	721
261	42	4619
8128	125	453
22715	4	2024
298	61	4907
6381	130	2470
4622	4	9804
1606	147	8474
5884	140	6127
5289	55	23211
2140	130	7580
22212	96	9006
7867	89	9251
7019	2	24563
6804	61	2297
3475	13	7006
4311	1	22418
6086	196	9609
3739	12	7794
8040	4	7079
1654	15	6255
2427	42	21243
8161	130	7632
24937	4	21204
4659	42	9714
2457	154	21210
10104	40	792
21059	90	23294
24680	42	8577
7391	108	25211
1600	204	4895
269	42	3639
23784	2	23261
3139	116	25025
904	42	1483
23377	18	4723
7567	154	25211
568	213	8918
5852	40	435
2030	42	4920
1754	206	8429
2795	90	322
1959	130	9581
5358	130	23980
329	134	24202
4097	42	22355
6296	116	6688
4084	40	24264
10020	38	21791
22690	42	3702
8937	2	1246
7838	90	21935
23886	60	5785
331	18	23507
21269	33	453
22198	130	538
10349	4	24246
21403	96	1041
6485	2	5653
22067	18	1591
23616	2	9407
25066	130	24629
22423	13	6688
22386	125	8143
6838	130	6101
2937	108	24531
5982	60	5982
24699	90	22423
3593	130	22630
1623	61	3548
9808	89	1774
2055	40	9927
375	2	23533
1941	130	8807
5752	130	7385
24591	42	6812
24605	13	2523
6368	2	4163
3164	130	373
25337	2	8940
21686	125	7133
24757	154	24554
3894	18	8517
9516	130	68
21406	206	2212
8785	42	21172
21792	42	921
1733	2	3881
8195	116	6688
5991	18	23108
8481	90	23700
23024	40	23654
7385	81	22785
2474	130	24531
9057	88	9193
6491	130	6944
8394	18	9044
5880	33	2917
10074	14	9367
24709	18	23670
10045	61	23700
1350	18	9836
2895	212	9801
4986	130	24513
24506	42	5450
22255	42	4688
2605	35	8183
156	18	7699
9945	11	8473
3290	42	23019
7536	2	4163
7495	66	8803
23810	90	5365
22713	116	5300
7325	42	23251
23547	7	23880
21861	151	8486
10006	42	5923
3566	42	5792
9651	4	24344
3798	42	9840
7105	90	7076
840	12	22374
7521	4	3670
7032	33	7469
2415	7	21477
10084	2	9571
4810	215	1964
3739	42	357
3619	33	6201
9079	196	22743
6783	54	24028
3455	66	8770
8064	96	3584
2825	18	21131
8767	204	22951
7321	90	5187
3300	195	9447
8224	42	1645
23950	2	8490
9007	18	5311
1157	41	4421
23670	18	6925
24736	7	976
3140	125	8851
6411	42	3347
132	18	21804
21365	204	3150
23428	42	9163
23026	131	7335
23547	33	8490
21316	130	1405
9046	212	10044
9233	90	8897
24006	33	9965
9653	99	1856
2482	108	3492
8350	13	9463
7091	40	25268
24203	2	2622
8638	90	1624
2125	108	7384
8712	42	23838
6611	42	851
1450	130	7212
392	98	7580
23151	96	9634
1899	120	947
24449	14	7385
5561	18	22336
325	212	23470
10248	12	10291
8656	12	6591
793	2	3109
21799	199	23079
23575	125	23391
1872	7	7623
1117	35	23840
22791	212	3375
1784	18	6042
3367	12	22923
6458	206	8143
2802	42	540
8878	90	23268
1386	2	25289
9069	130	764
8651	216	1560
6260	42	10381
22269	40	23022
3433	18	23259
737	130	6753
7176	90	25292
7715	42	6461
5565	18	25409
3653	61	23577
25323	103	5293
9445	42	4009
7687	61	701
1201	151	21858
4863	216	1899
8022	96	898
10375	42	2437
10345	42	5097
8084	191	23890
8667	40	475
1219	41	21791
1559	18	3979
5265	42	9962
4160	14	6498
9489	154	22639
8285	116	23185
23863	42	2362
9146	42	7056
10202	42	23726
21229	33	6764
9596	18	6320
25162	90	7698
3438	42	2232
3406	126	3108
3834	90	24759
21135	41	376
6241	130	23140
25053	154	4948
6574	154	68
25399	33	24021
189	154	24177
3716	90	5748
22538	96	1334
9766	96	22058
21914	108	8807
24577	42	2135
1088	18	10220
23758	42	21297
21911	4	9948
21367	42	8603
5626	130	8807
23809	90	22473
8992	40	3061
22635	2	21623
8517	18	1072
24268	103	22769
9323	154	24745
6344	13	9463
21658	108	25211
3419	18	2715
23791	206	24730
6229	42	21414
23305	130	68
557	195	23636
5263	216	1899
24171	84	22951
21617	201	6214
25263	61	9934
1949	18	25409
5037	4	5079
10119	18	21494
8388	4	2015
9805	2	23533
8225	66	899
4286	81	21978
10140	96	6432
2770	2	1204
23110	2	4664
2697	196	22951
24621	130	24282
22231	206	6374
7558	115	3997
6203	130	8807
21379	2	23972
1049	98	25211
9678	2	24951
5949	216	1899
4319	108	10030
2207	216	1899
22033	108	23555
2266	89	10135
24965	130	3150
2811	151	6249
7846	96	565
5180	108	23734
8889	46	8720
6392	212	9438
24548	195	9407
7339	4	23859
614	116	7408
4700	90	4023
9887	90	1951
24297	195	10044
24274	61	22722
2090	2	24975
1174	61	6501
24988	42	22727
5796	4	1686
1466	90	22230
3754	161	3074
8055	130	21790
25321	42	9163
179	42	24913
3015	7	5773
7528	130	8807
2501	42	1149
6590	18	7509
24495	2	8410
4536	42	9501
3314	195	5262
8762	130	21791
4455	216	24528
3480	41	5955
23005	216	24629
24054	18	24065
24702	212	22409
4818	125	25219
5430	130	2175
9781	206	23817
22740	42	2132
2217	61	3149
8105	40	5595
21847	154	7967
799	130	6282
22441	7	9905
23109	13	9463
9599	206	5262
6125	33	5248
5733	116	6752
3422	195	22020
24816	33	8851
22824	121	4728
2815	4	22414
24542	7	1227
4208	18	21862
771	116	25025
22648	154	68
3191	42	22337
10265	140	6127
9793	130	5956
22726	212	2925
22527	116	25025
5189	181	2778
8425	2	1510
5648	212	22176
48	61	4549
22870	61	6303
8185	42	25454
2798	130	8807
8888	2	5063
353	42	23382
22980	18	4176
24898	61	23342
10088	42	24306
8424	61	23709
7228	4	8386
6712	33	5919
23241	4	5486
5165	130	8807
24503	18	3378
688	125	22460
8493	195	3314
23544	7	7536
7658	13	9463
2159	2	1246
1170	108	23734
1774	11	23647
7595	130	22905
8872	42	23000
4748	116	6688
5448	216	1899
1786	131	25446
24568	2	944
23372	216	1899
3319	130	5349
9874	42	8535
24508	154	6101
22869	61	2401
9295	7	24090
8459	134	643
1969	89	7531
24875	165	25475
4808	108	8595
1560	103	9357
25237	131	10231
2925	13	22735
23098	2	3362
24015	61	23288
9741	42	25179
8387	46	8754
23817	206	22845
2541	115	3553
23862	7	2482
4196	215	4374
2725	99	21394
2308	154	22785
6647	195	1261
4622	4	24599
6053	99	21308
21685	18	22353
4743	2	22705
2187	4	25466
10497	125	24469
8132	116	5300
6877	90	23170
933	14	25211
21716	42	7025
697	42	9954
4872	18	151
22161	147	9803
3743	4	4555
24469	65	3164
9422	154	8682
2323	216	23793
3201	177	164
21130	96	8565
9634	154	68
22412	4	22304
6868	65	23706
5907	192	24400
7940	18	21814
3493	116	25025
3331	42	22105
24350	177	207
9841	96	226
1867	98	2807
25215	42	6044
5843	61	7519
7961	130	25211
3730	2	21549
4696	61	21233
25024	130	5349
2939	154	68
1325	42	25385
22260	46	9953
7015	130	9581
4116	130	21790
23352	61	22021
22193	72	622
5239	40	2442
10338	42	7236
25138	216	1899
22841	148	2747
22204	4	4833
5503	42	5109
7350	216	1899
1273	38	1560
24644	42	23626
471	116	6688
6711	2	25247
4884	61	10061
21380	42	8962
23204	154	4421
2864	42	1002
913	212	9804
3161	9	2337
8456	90	23205
24275	98	8049
772	42	5071
21173	90	8365
6676	154	8807
2945	61	9655
7484	2	24264
4624	4	21771
10188	89	24852
5505	98	5579
6080	140	24870
23354	99	9480
5366	42	7821
24829	46	2838
1196	4	434
4163	206	22460
4245	40	5284
22060	216	1899
4742	33	2421
368	99	23979
25333	18	21905
22460	195	22613
22322	2	22613
6764	195	1744
23780	154	23734
6603	13	8998
23663	18	8323
4257	125	24023
7333	42	10454
7777	90	634
7006	173	3001
8062	2	8851
8352	41	4917
2254	66	7296
23852	2	3670
10490	102	1693
3722	130	24629
21072	40	1886
24033	89	9385
1159	40	5438
7863	7	25436
9831	81	68
25092	18	22578
4289	131	9182
6437	212	6190
23195	42	8373
6278	18	22831
6777	42	3511
3622	18	5224
7691	120	22965
2152	7	25406
533	2	22414
23539	195	6768
25457	4	24323
7379	14	3803
22866	130	9581
566	216	1899
2348	130	6101
4960	4	10065
2044	2	8761
3417	2	24784
6114	2	9804
35	216	6955
6982	8	3004
8831	42	8157
1529	116	6688
8215	154	6498
1608	204	21210
4365	192	5383
5416	42	467
22096	42	23696
9187	18	22875
1150	42	817
4138	4	24722
1680	42	6595
1190	42	1129
23948	7	21155
21153	130	7212
7521	61	4412
2305	40	25064
9098	98	68
3418	18	6936
5695	89	4798
6515	7	22278
23411	100	2860
21321	154	5383
8960	108	3492
21515	90	2206
22231	206	23721
6860	130	68
21563	212	22176
8689	42	9454
569	212	23236
4889	2	21406
2492	40	8744
639	116	6688
10325	42	23322
6321	192	22905
7694	46	9308
8834	7	23969
5455	2	9209
23083	7	23258
230	130	8807
10370	108	21109
1251	18	403
3468	61	2346
4069	42	8382
21566	42	8152
18	204	5738
2769	42	8822
24100	108	25211
21066	61	22265
23841	18	795
1301	157	8788
1317	46	2048
23976	4	7717
23401	2	902
7374	206	23236
5067	108	8595
22474	2	21623
23343	2	22116
23860	2	9967
23436	42	1076
6431	90	8057
23720	7	24090
24607	33	2304
22667	42	3553
25102	20	4026
23700	2	7853
7078	98	24162
24916	212	582
4259	65	25361
8011	61	8559
8749	61	4316
7305	89	396
7886	125	6352
3796	42	22367
1157	131	9115
3827	96	23432
23105	33	2512
23702	2	22761
1008	130	8807
2267	40	255
7440	33	1000
24511	154	25211
1692	131	3396
24903	33	10044
24204	97	21646
3377	4	9259
23302	90	292
3839	2	7374
24335	116	6752
5374	195	8232
6467	18	22150
21894	125	9742
4199	7	2482
7105	13	3001
23567	154	1560
4940	18	1007
4215	42	8212
21147	175	24844
25192	212	7073
447	18	6209
22728	125	1570
24834	18	9375
10260	18	21271
22067	18	22525
4665	156	2765
8117	130	6705
4247	154	6047
4960	4	5703
9990	206	22032
5502	40	2442
71	42	10174
2240	130	8682
5263	18	25036
3433	18	23677
21299	2	5926
23154	42	23458
1830	2	7469
25282	7	23631
9603	42	2015
9342	154	1195
5304	2	8851
25317	18	9758
3756	7	820
3768	2	7288
7897	40	3280
8385	4	10381
638	61	10156
25012	18	7248
2473	33	9965
21855	154	6101
3698	4	6470
4261	2	24790
9877	99	1346
341	125	9827
90	212	8251
6143	18	7109
21711	130	25211
24740	7	3825
25008	212	7455
1967	4	4942
3976	212	5055
10350	42	21653
21028	11	1331
24120	18	21630
3470	42	1436
25072	130	5383
30	96	6013
3714	42	1274
22146	4	8066
2746	130	1842
8448	33	2568
5632	18	2829
9063	42	6699
7617	42	7467
21668	2	23124
188	2	336
21217	7	1304
9356	42	24984
773	2	25362
21264	42	8610
22777	61	8118
820	212	22460
2033	90	7209
1802	212	24175
21550	177	8932
22162	130	23793
10100	41	5702
4832	4	171
2549	2	25134
8628	130	7572
2833	42	23382
22995	42	6864
8773	130	6857
5754	42	6586
6744	151	25475
5705	2	9475
24989	154	6663
1554	212	2649
23520	98	6282
3723	2	2024
9255	61	4264
2969	33	9512
23075	216	3718
9773	18	7830
7063	42	5360
25341	61	3778
25027	18	1251
6018	90	6539
7723	2	1393
8398	4	7969
21357	18	8204
22447	116	7408
10286	2	7472
22930	40	7007
181	90	4592
6431	212	22994
5255	40	1794
9782	108	21109
22257	61	5145
2347	11	23734
24671	16	23916
7219	98	22905
22691	216	21289
6644	33	9801
1100	130	8807
24561	130	10208
21950	116	6688
136	216	1899
22553	61	6527
1056	7	587
5472	4	10381
9791	212	7455
7520	42	21407
1330	42	9518
4229	116	7408
8119	96	6687
3985	102	21756
1612	81	1667
929	130	24717
24971	13	6688
4757	130	756
331	18	4244
6119	139	24581
4040	42	8273
22983	61	683
1492	2	9801
21758	43	4505
4361	13	22735
23237	175	3032
6971	4	22409
3750	191	8084
22276	42	9984
23271	33	6119
21137	42	7862
4457	212	4902
1255	130	68
24448	18	6742
7658	4	4181
23265	40	21473
21244	7	8801
23102	42	1181
22794	154	25407
25476	7	21645
10473	89	5586
2861	42	2278
4099	2	2339
4320	2	5743
23521	12	1737
24939	42	5174
10356	216	1899
718	125	1744
9646	2	23393
5533	13	3001
2294	98	10181
21080	2	7198
24744	90	736
21326	42	7946
3457	18	3071
2246	13	9463
9275	42	22168
8700	4	10409
25439	18	1808
3684	102	24141
24878	18	6989
24242	130	23734
2230	13	9463
4345	72	2453
3487	13	8998
24311	18	21580
21368	42	21906
23707	130	3150
24141	96	6982
4974	206	8148
3494	18	25381
4549	61	3256
22943	130	23734
4322	130	3718
21534	130	25200
22222	131	3268
23487	90	24583
22176	65	24975
23137	4	24652
2131	96	9822
22707	154	25211
22812	42	21947
9824	90	9703
21606	18	8499
2089	2	23827
8437	61	22511
21499	42	8352
9344	42	8304
1522	18	510
6493	2	23151
21292	61	22182
2781	61	25353
9964	2	9335
10051	131	2716
4744	177	24143
3609	204	21210
10491	204	21791
6419	212	25032
5041	90	22955
1166	130	1331
7762	18	6209
10236	116	25025
4824	61	2764
3300	195	22631
22825	2	2512
22868	33	520
1369	33	24446
21395	42	3512
238	42	1305
22844	40	22906
3405	130	1899
4579	108	25211
22397	90	7080
5848	42	8336
23676	125	5926
3593	154	2441
24053	7	21338
10418	195	24023
7731	61	3895
581	4	5604
6579	42	25269
23775	61	3323
5562	42	24395
23688	2	10418
21369	33	9804
1704	42	54
7037	61	22237
3099	98	5940
697	42	10456
1306	2	22963
23229	7	883
7008	116	5300
22731	154	23998
5909	42	4607
2264	2	9463
340	61	22179
7535	96	7426
9443	175	3338
5724	42	24033
3355	96	10134
5655	42	24135
21385	18	22572
21518	4	25382
48	125	23437
6517	4	23153
10038	42	3928
23905	14	7385
3625	98	23734
746	90	7297
997	56	22549
9741	42	7448
61	131	5965
2338	33	9447
6636	13	22735
21072	42	23858
22036	96	9827
9294	212	21623
9319	216	1560
3657	2	7079
24964	116	7408
24304	42	2322
143	61	21087
23823	42	5126
4471	81	21583
7489	125	4213
3487	4	9804
9467	4	5551
21147	154	23140
3919	40	577
10167	116	7408
23898	130	472
22491	2	2791
6133	18	23984
7046	212	24790
7934	96	5413
7457	33	6532
23596	204	3150
5431	72	5982
2082	7	8025
7073	13	22735
2489	102	7659
2452	90	5340
3172	40	5830
8524	116	25025
206	116	25025
9321	40	1723
22826	13	5300
22582	90	6546
10353	212	22414
61	96	4963
1218	18	2723
8390	106	5800
5064	18	22396
24374	177	445
24592	18	21357
1056	61	8076
7757	216	1899
2576	4	9841
9719	4	9714
5145	90	22257
7344	116	5300
21149	154	23140
24418	154	10312
406	42	5708
434	195	1108
24605	206	6201
9927	106	21644
1470	42	2277
8710	116	3182
24794	130	8807
24398	122	396
6552	13	3001
9074	216	1899
860	195	22434
665	108	5383
170	116	2605
7192	90	5536
21097	116	25025
4252	4	22724
7180	42	24287
7378	108	25211
3808	42	21906
2348	204	23793
2403	40	22164
10432	199	3204
6890	116	5300
9223	2	22490
5956	81	68
6540	98	8807
22402	2	7469
21974	4	2787
3560	89	9385
24269	174	1352
1746	125	22460
3621	42	7933
4233	125	582
3804	4	21390
9314	2	22032
6006	4	23153
2792	130	7580
7691	120	6559
8958	125	8375
8992	42	21019
8341	216	1899
21115	18	7965
6772	189	23511
4845	42	21076
5518	13	9463
9079	43	7337
7442	212	6201
4756	42	9276
4759	18	5582
22220	21	8049
2749	215	4374
383	102	2928
4697	90	2857
9376	131	8853
4871	96	2203
2145	111	8807
24102	18	4943
6104	154	8807
22772	61	1637
4311	194	22418
9953	130	24229
22098	2	5926
4919	90	21369
21110	2	171
460	154	8807
23243	40	22851
6157	98	23332
4896	61	2621
9890	42	23773
22057	18	3986
2193	33	6119
24787	4	24238
1474	154	68
4144	42	22417
3530	4	24238
24698	13	22735
4790	42	9296
22941	130	1831
23276	99	9369
24158	204	3718
7996	154	21481
5935	42	23482
2496	130	68
22745	96	22337
9596	216	1899
22605	108	8807
3730	12	2809
22328	154	2682
2574	130	286
4109	18	24120
23724	50	21978
23409	154	24629
4187	154	5955
25057	7	732
5231	21	9369
3385	42	22595
986	130	23356
21429	42	4076
4040	42	6179
2452	4	22304
3853	18	6901
3797	4	6551
7891	2	902
5566	18	7762
5208	212	4181
893	140	6313
22161	147	21508
25494	139	23044
6548	61	22970
7845	108	9581
22982	108	8807
7092	147	9803
2599	4	4902
21506	206	1538
6209	18	1784
10084	42	6009
2793	42	4210
6859	18	183
21779	206	2649
21482	61	7135
2157	18	24994
4345	151	1693
23026	154	10269
6440	125	5351
6383	108	6404
565	96	7846
24947	42	23458
24311	18	1936
22907	42	5805
25155	2	24784
6646	116	9217
7681	4	9334
4884	4	1078
6688	35	4310
6968	42	8192
2510	18	22734
24	90	1376
6166	18	22945
23311	125	24446
1690	61	3523
5266	154	5383
21876	148	23713
6230	2	3810
24346	125	2512
8627	81	2175
25494	65	1409
7454	61	22412
2749	192	5383
24153	2	23393
24151	46	24409
4292	108	23734
5504	130	21790
21311	130	23734
2731	18	21119
22028	2	8761
25376	42	3603
21344	40	7029
1852	125	10044
3487	125	9804
6867	173	4026
9780	130	8807
5434	98	6705
24679	90	8122
9219	98	25211
961	165	8982
3570	40	3061
7237	154	1839
20	18	907
23657	14	8807
8526	18	21309
7381	40	7639
24676	4	860
21718	7	249
7368	42	9615
24227	212	23804
21650	42	7495
23817	206	8232
4871	154	7337
24962	2	22120
25261	42	8513
24224	42	3455
6333	216	1899
7643	212	5767
5090	61	3841
24838	15	68
8031	42	23910
7971	2	22761
6004	42	9035
3490	61	9825
6776	42	23192
240	2	9626
6424	151	6964
23583	115	10077
21986	90	25412
21817	212	21046
757	42	22536
2027	33	5377
24022	4	9714
3024	42	5779
9855	212	21744
25298	130	68
22069	7	25229
25440	42	5080
24038	12	22374
545	40	7949
6589	33	23721
10384	2	7395
24550	61	4139
3918	216	1899
3441	130	23723
5231	165	21161
9867	18	311
2168	61	4550
1860	90	6248
7818	4	8232
9459	130	8446
8080	42	22337
2679	12	22716
5471	216	1899
25195	42	9645
3531	90	3159
3424	40	25301
3933	14	68
439	130	5383
1828	61	832
1074	81	24162
3815	18	4332
5571	96	21789
1688	61	22108
5410	40	4300
25358	61	6696
9429	42	2942
23527	125	2512
3314	206	7814
8755	2	24548
5698	192	25211
695	2	7243
184	131	25275
23407	42	3949
2584	115	21419
2708	108	3215
4169	42	6187
3042	154	1899
2769	116	23185
3934	2	22648
697	40	21221
3396	130	8654
9741	42	2496
7959	90	6163
9550	2	23817
21124	90	22252
8084	102	10490
25483	101	6573
5493	90	4604
6002	195	24437
9308	130	1839
209	130	9141
965	61	4685
9408	21	24229
21078	42	8061
5773	61	8984
23209	61	5901
5435	192	5383
8837	18	523
2796	42	1517
24091	96	2075
6556	42	21976
1000	206	22409
24802	116	7972
901	4	8148
2586	42	2447
3863	42	4161
2739	90	24407
22515	108	23325
23504	140	24472
24632	2	6722
25028	4	5196
6071	165	8865
3196	42	21947
25387	42	6699
10374	130	22630
932	4	62
218	18	835
168	125	6190
3079	56	22951
22626	90	9446
21554	115	1540
6093	130	5349
3726	41	7572
5145	125	25219
9379	7	10094
21675	40	24722
25110	204	1560
22645	30	6363
3460	131	10231
22999	130	8037
5532	15	6255
4426	2	9209
3151	195	7026
4543	42	5306
24289	42	2015
6890	42	8565
8079	18	9908
24136	18	130
9145	108	4027
23480	108	5383
7112	11	24209
22940	131	5136
23243	42	6391
539	42	23348
3593	10	9918
24744	61	187
24090	212	8286
10289	149	4324
3460	130	4267
23038	4	5830
7117	42	23117
5532	159	68
25152	108	23734
25349	2	8981
24470	42	5524
23270	33	7133
3404	42	5216
2336	2	3061
1595	151	24435
3573	130	5940
1795	4	7220
23415	90	7529
24899	42	996
1389	2	21092
8510	40	24588
22259	2	10040
440	42	9035
10488	216	22951
8392	216	1899
7648	7	9273
1201	151	7147
2976	154	3150
25381	18	25177
3447	116	7408
1729	89	4523
2487	61	8409
10135	11	5383
8425	13	2180
9672	11	1415
22063	42	943
3817	98	2471
9378	130	4421
23691	4	24599
642	177	9210
2511	108	6404
106	140	2990
23781	130	8807
8599	7	10339
10352	18	7458
7645	18	8231
21181	116	5300
10480	2	22378
6018	33	1710
10065	195	2649
9618	61	603
3424	116	7408
21191	108	25211
7239	192	8807
24931	212	3780
25274	2	3073
21515	61	10453
1649	125	9804
4220	18	24991
23701	13	3001
6354	2	2442
24399	35	21783
22827	42	7375
3926	216	6912
6056	61	8886
1514	130	23430
7145	125	2787
6705	81	21556
6077	2	337
1198	90	3951
21968	212	9801
24322	40	702
7744	90	21897
22077	154	6101
3662	154	24400
4209	7	5773
24093	148	10069
4786	15	23734
9968	89	25109
7992	61	5720
6753	140	9442
23329	216	1899
8231	18	9613
2947	33	23391
5583	14	25211
22283	42	9082
9293	40	2504
8727	42	21195
6951	61	107
6116	148	2745
938	42	22358
21339	154	24229
9983	2	3670
24491	40	7639
1294	18	8293
5802	42	9426
23199	18	218
4351	125	2304
24940	42	24026
21057	18	22798
1974	42	23484
21996	42	22786
9224	42	3665
1912	90	4154
4086	102	1788
6618	18	903
4198	7	3138
4434	212	7073
458	14	21791
603	61	1102
22621	2	22333
5695	96	3921
5122	125	24975
297	18	7436
21009	4	8936
9603	42	252
537	42	4537
2031	41	7337
7413	108	23734
8940	130	23140
2044	61	4932
9389	90	23625
25390	4	649
4607	154	8807
23758	2	3469
1953	42	8157
7730	216	3718
21115	18	6861
9655	90	2945
3194	131	2038
25066	89	24351
7892	4	3120
21110	2	902
25394	36	22543
22460	195	21301
22671	154	25211
3262	18	4841
21018	42	24026
23393	130	8807
7914	61	9428
10375	42	837
8904	2	21994
2143	2	7107
520	65	24131
2072	90	3304
1299	42	23482
2332	18	1216
21049	212	1463
24656	90	5122
5835	90	6670
979	98	7212
2328	108	1641
9358	125	7133
23857	33	9801
8573	42	2056
21565	125	582
6364	56	6955
10082	96	24524
23747	4	6259
21187	125	22631
6160	4	5744
5575	61	21875
21363	61	560
3365	130	3150
6457	2	6680
9090	191	1514
22812	42	3207
21260	61	22455
24379	18	3117
23664	40	7007
6559	56	4505
23578	206	6480
2710	130	25211
21945	130	24400
22195	192	22639
3948	90	4888
24937	40	21204
10299	66	22658
21558	18	6174
7300	42	8652
1951	33	24133
23209	4	5604
5017	42	1707
10279	130	23004
3210	165	10460
21175	215	1964
5261	61	5895
2984	2	5926
24702	2	22409
22634	96	24751
4493	125	2304
90	90	4361
4394	125	22335
23561	125	22809
7966	42	1040
3540	38	106
5256	154	2858
23742	154	68
1955	42	5805
489	61	23350
23384	33	23714
24760	2	9788
23480	33	7288
24992	42	5779
7127	61	10484
7393	154	23140
1981	42	22762
9786	98	2340
21008	7	25241
2797	12	5377
419	174	7603
23048	18	10079
2868	147	21302
6028	100	23299
21788	61	8701
23596	130	23309
9597	42	4210
6921	130	23576
1081	42	6595
23244	42	21414
22453	18	25312
7784	108	6404
21122	42	23773
4949	151	1443
23820	61	8101
22516	89	1774
9258	125	2304
23858	14	7212
3966	18	23307
4087	96	9136
23339	154	7384
4775	199	8596
21184	90	5999
6402	2	24975
9259	195	24786
2305	42	5450
23779	42	23299
8780	165	23355
8185	42	5092
7333	4	25454
4499	177	8244
6812	130	21500
25291	216	1899
22249	18	6280
8288	18	21703
7281	18	5615
6177	130	9557
21998	4	22414
24598	2	21
2119	108	68
4738	68	5176
23500	99	3210
21139	125	863
372	2	22020
9357	216	1560
8967	201	24002
5139	4	24749
21505	18	6121
459	90	6484
21689	40	6130
24607	61	24868
6329	14	68
602	4	24975
5757	89	3369
25469	42	3893
6012	18	10311
24505	42	7308
10154	116	5300
10245	130	68
6399	204	24629
24370	147	21384
9196	90	354
10404	125	6352
9098	13	3001
4046	18	8007
21419	130	3936
21144	61	1939
7109	18	10295
3627	154	7512
10098	130	538
23463	33	7415
23074	108	25211
7153	13	23047
6651	42	8724
3692	42	2646
8658	42	8577
22216	42	22105
22311	4	23859
25105	4	434
9219	195	336
7784	61	21364
2780	42	22906
231	42	8565
21335	42	3817
5803	108	25211
24505	116	5300
21907	42	21576
1998	61	22416
5117	2	21623
5847	195	23714
3430	18	331
8919	151	24683
3695	42	25169
25062	2	21406
6258	40	8045
24640	130	68
9688	46	6237
7893	2	4535
23399	125	22809
21303	18	6888
3194	130	6663
4330	18	4130
6215	18	5458
23186	89	4844
6701	7	5102
8372	88	3114
8656	4	9209
3499	2	8384
8065	206	6926
22169	89	8272
3249	18	24994
4330	18	5632
22123	33	1570
21615	46	7379
3783	2	22604
8645	13	1152
22662	33	6207
634	61	7777
7698	90	9614
2036	90	9305
3548	61	22952
2913	40	821
23967	61	8491
24895	90	1090
21761	18	23656
21792	42	2001
3141	42	24803
24835	89	6507
21602	42	3897
10324	41	3244
651	4	21528
22861	167	676
21486	33	7133
8235	130	5947
4337	7	1179
4718	42	2982
5342	130	7263
1773	33	6201
24773	42	22075
9050	12	3616
25343	206	22414
24359	216	1899
840	42	8175
6855	7	7881
25100	18	22675
10075	7	1227
3941	7	8648
23238	116	5300
10454	89	10135
413	7	22983
4580	40	1393
46	42	23876
6286	151	8730
21646	130	8807
23338	42	1324
844	108	23734
22245	99	21394
21602	46	25466
21548	154	22951
390	61	1881
1258	216	7767
360	90	664
10131	42	949
25041	102	23953
3577	2	21406
23011	130	7441
23610	61	10378
8077	125	2512
9115	151	8533
23753	130	23123
6645	42	21653
9833	14	8447
5859	4	21774
1444	40	4112
4317	42	89
22350	213	21756
802	216	1899
7097	192	21790
6769	4	9714
23052	42	9615
25460	42	5750
1738	61	6378
7262	7	2391
8138	61	7761
22132	42	22601
2790	90	1976
1787	7	23784
5985	13	8998
6820	96	22328
23802	7	21596
9579	33	1249
24023	98	8807
10112	33	24790
5623	130	24229
1650	18	2380
9544	42	21795
6213	42	25098
21376	90	5493
8347	42	2118
9891	42	1845
7454	7	2334
23721	154	23140
8646	46	21286
22547	131	23569
21432	42	21220
366	61	1440
5948	154	25211
7652	90	6553
22978	2	592
22135	7	24249
8621	7	5913
10057	116	7408
24132	199	2826
7378	2	8431
8548	212	3580
21646	195	1570
3480	41	25122
24155	156	1099
21260	108	4027
5945	42	25473
2801	7	6487
5675	90	4857
7780	125	7033
7957	61	5664
6421	206	3872
23195	42	8382
8031	42	1897
6587	2	23714
23703	131	1706
1921	33	9999
21586	131	25216
21119	216	1899
6827	42	8180
23178	4	1996
24538	216	4842
22750	61	5426
3982	2	5517
6966	90	905
1036	18	2692
22954	46	22596
6155	2	337
25075	42	5495
25374	56	22549
182	125	9965
7450	195	6647
1152	78	3001
9703	2	1000
693	130	266
2037	125	279
21949	4	22414
375	12	4341
23943	4	3230
984	90	10486
5942	4	8458
23256	177	25208
3486	42	7821
22986	42	3677
3183	103	9683
3924	18	23651
1136	42	8513
5121	216	21791
21207	4	7078
4284	116	6688
4126	99	9369
23790	7	3935
1318	42	5177
6822	42	1298
2830	116	6688
3954	42	3031
25187	131	21157
6312	33	1000
7172	42	6586
7338	140	6313
9983	7	23120
22264	42	4688
24361	130	25211
9480	165	21399
22460	206	22613
4031	116	6752
21010	42	5866
10365	42	2942
4405	61	6105
8339	154	22630
6159	154	25211
3838	61	10485
2375	18	25277
5718	2	7374
22783	42	21635
24190	196	9756
4211	18	7017
1309	4	9133
9640	130	23356
8742	18	1230
2511	2	5339
7989	108	5383
6601	130	1651
7282	212	336
22967	4	392
6140	18	2510
5769	42	9687
23483	195	1538
23837	90	25372
6729	125	23437
24044	42	8393
22656	46	8720
21934	130	8807
25495	90	24809
23378	125	8143
2113	130	23734
4921	108	9581
22789	18	23361
8946	154	25211
10003	13	3001
22567	130	21500
4275	216	7337
9350	90	3142
24022	42	23279
9745	33	6201
23857	61	9607
5580	2	4524
2115	42	3286
23896	4	7969
3733	116	25025
6707	102	23250
9662	18	948
139	4	7540
3506	33	2568
5700	41	7212
22902	18	8420
6314	18	7757
6234	115	3851
2070	2	8761
1719	42	23838
23926	46	1598
701	125	8374
5933	212	3670
7187	90	98
4111	154	7115
5768	4	1710
6288	2	23757
4452	212	9522
262	154	1214
7452	96	21164
4716	42	749
7698	125	21846
5107	90	6059
5854	18	8007
21481	216	6609
532	12	21321
21747	42	788
24519	18	23032
3247	195	5919
4981	108	6663
4960	33	5926
5669	42	541
23228	42	949
2462	7	24898
5249	125	7415
23960	33	8851
22439	108	7292
24548	206	24010
22103	212	23437
8681	204	7337
4191	42	21906
24569	18	9256
1423	11	1542
25236	2	23714
23058	18	24709
21555	18	23615
895	116	25025
2212	195	7107
14	4	5325
22534	96	23703
21118	89	9385
23018	154	25211
22794	130	22905
6479	2	24784
1325	2	24145
23142	2	9999
22264	2	9478
22272	88	23905
2379	7	22296
23150	42	7203
9821	99	6071
21630	18	24181
8253	130	24594
6150	18	850
9105	4	10381
8632	2	21528
7001	204	22630
8587	33	9742
25077	42	3473
4219	2	9927
9711	14	25211
5901	90	23209
22318	130	7819
848	121	7337
23797	130	21687
1007	216	1899
323	154	21973
8080	40	21680
10283	42	5958
8687	42	8794
7268	96	2998
22658	66	6570
8918	99	1856
5058	33	8374
1	4	6639
3908	18	903
9015	2	7374
3904	216	4505
6779	18	24251
24340	130	1839
25106	33	1744
22262	40	24166
5787	40	8884
1750	2	22845
2122	130	22418
5727	42	8770
8406	61	24053
25357	116	7408
23080	18	24600
1514	102	9090
24337	216	5403
7998	41	21791
22418	103	10271
4691	115	217
22826	61	3516
25154	18	22060
7461	42	7756
22881	14	21790
23151	154	8630
5277	42	8603
5168	130	21791
24026	130	23734
24017	177	1399
8919	130	7767
9578	13	1152
1337	130	21989
835	18	5652
5515	140	2990
8523	61	9794
1993	2	7107
4811	130	5349
22852	206	6768
21978	16	4286
1778	61	5117
9671	216	721
24244	2	5617
23747	42	8022
8755	2	10065
801	90	22069
23443	125	1055
8879	42	5797
2637	134	21231
3358	41	2765
9256	18	9465
2870	61	503
6656	131	4041
1262	125	2304
4914	61	6839
1839	60	24128
6779	216	1899
22693	61	4792
6259	154	5383
21512	116	6688
2783	2	5236
7691	103	5581
8309	2	21771
21675	116	6688
23921	2	8225
5304	13	9463
4066	4	6352
5613	130	23316
8953	12	2111
355	13	2523
22042	215	6471
24832	102	8161
1236	42	8843
7025	130	24209
4845	42	5080
4700	7	1701
8766	125	22176
2230	125	21623
480	2	21330
24780	61	1998
9418	90	23466
4614	4	22304
24031	4	21440
5372	42	24580
5849	98	7580
22336	18	8991
9438	13	3001
7242	14	25211
3797	40	24069
23850	102	25262
5313	90	2153
24201	42	25474
4206	33	5351
1000	206	24965
553	40	21946
22712	18	6361
8108	33	1108
3193	42	5196
21198	177	2194
2351	131	1599
5472	40	24069
8621	4	22414
10127	2	7395
7022	42	5377
9716	2	10044
1073	18	4987
7175	40	3835
4003	154	68
6911	4	2787
21492	131	23728
8060	212	1570
23993	42	25473
9826	61	22254
23482	175	1299
9387	42	1082
6838	14	2441
4984	18	131
23501	115	3258
241	212	7011
5371	130	22197
7488	42	3851
22156	42	8492
7566	130	24629
7678	66	9447
10264	42	24287
9641	40	1341
22080	33	6352
3107	130	22158
5060	18	8835
3259	212	9098
5214	154	21569
10401	154	24930
2823	90	2934
22801	151	23082
3257	90	1163
8401	18	5045
7760	4	2512
22206	4	8787
10075	33	25219
33	4	6065
1768	2	5062
8765	61	664
3286	131	3391
10386	147	9021
23163	18	22022
23483	206	21536
23437	139	1798
9367	216	7767
8540	125	24334
5322	116	1238
7455	14	68
1115	2	21199
23819	18	8293
6514	61	5845
21019	201	3618
22792	42	5791
3348	7	4977
21619	42	23459
23935	111	24531
8782	33	3670
2447	130	68
4235	130	23136
3220	40	21824
6309	4	5351
6143	18	2190
3950	42	8547
1938	116	5300
8701	90	21788
23186	130	1899
24996	130	1667
8921	96	935
25487	7	23395
23479	61	25486
4849	18	21904
9718	131	6491
9354	130	6101
8733	7	390
3199	18	24880
23991	154	3803
8230	130	22040
8742	216	1899
8193	4	2304
6096	33	9759
24827	61	3879
5376	7	656
21283	13	3001
3876	115	23334
23715	7	9896
877	42	2613
7814	206	5926
9880	116	7408
6617	216	21791
21847	148	9988
3788	40	9082
22120	206	3544
2619	130	23980
4508	4	21321
4479	33	23570
4846	18	9337
9837	212	22032
6770	2	8423
9638	18	672
25497	206	5743
21741	42	3458
1133	4	23293
5559	116	5300
7023	42	22429
6283	42	23773
23270	125	7133
24779	61	5507
8270	147	5314
8337	27	6802
7039	40	5396
21889	212	9801
4363	125	6352
5757	130	5383
25093	13	9463
7397	18	3911
5611	42	2002
21415	130	3150
3079	49	24766
2734	90	6315
5155	42	3020
6478	33	5767
4623	42	3578
3113	35	7245
21688	33	2140
670	2	2512
4666	42	23712
22849	216	1899
1878	61	2597
2889	42	6353
3550	125	9100
23027	40	24166
10329	42	23459
22854	27	24485
3669	90	5180
24371	42	8610
9854	96	9468
952	125	2915
7129	40	6218
7915	90	2235
513	90	3366
22785	103	7385
22193	102	3865
3077	4	24608
7093	2	10065
824	154	6101
8146	18	24569
24989	130	7967
2008	212	2421
1841	87	23913
22534	131	9637
4566	18	2205
2573	42	1657
5557	42	22876
24741	18	806
9303	216	3150
21423	61	24324
22829	18	1029
21189	4	2891
10168	2	1246
5883	18	5211
23939	18	24600
7909	90	9186
10214	61	1715
535	4	21406
22636	206	1055
5497	206	1570
23333	130	5593
24754	182	25058
6797	42	2941
1435	134	24202
7686	42	2935
8033	18	24120
9696	90	5160
5431	130	5349
23828	2	23539
2728	42	7070
5118	2	7853
6930	130	5947
1968	125	6352
23935	194	9610
25342	42	3496
7034	125	25093
2480	2	3042
1779	42	24906
3314	206	5926
2624	130	23978
3759	40	6045
3609	130	21210
6925	18	9589
21632	33	2344
21366	7	2153
23916	216	24671
22088	61	21998
22488	42	5704
8174	42	23685
23800	180	2796
3460	130	21257
25283	215	7128
8727	42	3741
10196	177	5271
7419	130	6404
4670	42	2308
2969	125	9512
22232	201	24836
22969	2	21506
677	204	7690
3879	4	9742
1819	61	4185
1569	42	8883
5689	140	2241
3830	195	5578
6783	40	22991
22841	130	5349
4165	147	6116
9250	102	25183
8321	18	25085
484	90	6993
3955	40	4942
25364	130	21790
23089	7	7594
1259	4	1078
3749	196	9945
25464	33	9804
296	46	9308
23196	40	577
24348	130	3150
5560	33	24023
21087	90	143
8223	96	23890
9630	18	9083
9186	61	7909
5606	4	2512
5240	42	5345
23920	98	9029
9168	7	8637
24234	131	23751
7828	212	25033
21157	130	7115
600	2	201
25415	42	10457
409	42	6736
10436	216	1899
22125	130	24162
8774	90	514
8560	18	4038
24201	116	1238
7750	33	24444
9651	7	420
22041	42	3665
8455	130	8807
4140	11	24319
9011	4	6480
7302	61	8818
6296	4	10382
354	33	7073
8380	212	453
22106	61	8616
9540	212	10044
5919	206	9259
248	130	7337
23046	108	23734
6186	18	3597
21276	40	435
23115	42	9435
10137	4	6259
23350	61	7297
8740	111	21978
6994	33	3670
22379	11	3986
6414	130	6944
21104	18	22249
8496	4	1737
9842	154	68
2270	42	24546
685	4	21330
5851	33	4213
21756	130	8912
24415	7	10339
25491	175	4775
2066	18	7017
172	165	7301
6146	195	9407
24256	90	5363
25034	61	21469
24716	216	1899
10315	90	22559
23939	18	7935
5175	216	9172
23375	18	914
23793	120	6127
1720	195	24446
21961	42	2998
10280	65	5578
5494	216	1899
4838	61	6155
7399	18	6400
6914	130	21887
8743	90	8466
6637	90	10379
5268	165	9543
1152	35	22383
1907	148	21384
22738	2	5196
7248	18	22052
22018	4	22414
409	46	23519
1678	130	8807
104	2	21204
3636	182	8078
5081	125	3719
6146	13	6146
8102	42	6725
24708	108	8222
9748	33	7288
25433	4	2512
9757	216	1899
1907	147	21847
918	42	9107
8351	116	7408
5545	61	3325
575	2	4181
23188	116	7408
2668	153	3183
22738	42	7348
23315	2	2624
7815	42	8400
7308	130	25211
8456	108	23734
4852	212	2917
10047	42	5092
1690	90	23252
5037	42	9035
1102	108	23734
9329	4	5926
3738	212	2304
25074	130	23332
6403	40	23582
9205	174	3483
8190	108	10059
1460	130	4286
9555	61	21404
9165	9	3234
7633	108	25211
5291	96	2556
4217	18	2590
3631	4	1168
3619	7	6877
8665	42	23069
2877	7	3065
9290	42	467
23512	14	21583
22082	61	7275
23076	96	23404
7872	90	9125
22915	165	2058
10260	18	21385
5095	42	22093
24218	127	6498
8151	115	22083
3788	42	6329
2761	154	10095
8734	18	23282
23356	103	8861
2497	42	1887
24799	2	9742
25420	33	3471
23312	42	22546
3724	2	4089
25484	30	5517
21244	33	24975
8440	18	9889
4862	154	24594
3784	130	3150
7248	18	7830
833	61	3674
3518	90	21389
23645	42	3146
23355	72	2349
3911	18	660
10149	89	396
22561	42	1929
7017	18	1068
121	42	6153
3404	2	10443
197	7	4870
10496	154	68
4884	125	1108
2087	4	2024
23083	108	8807
8898	14	68
25010	140	4045
6140	18	21812
713	18	555
3515	90	7752
6545	2	7859
10406	83	9383
21534	154	9600
3270	206	23437
130	18	4677
8087	42	2707
25123	7	22126
24996	89	9975
9736	42	9291
5981	42	4290
4671	130	5383
7105	125	2568
4312	108	25211
10368	42	7894
4625	216	1899
5626	154	68
5039	216	10208
6644	90	3549
10078	4	23333
822	140	4045
728	2	24957
22613	130	23734
8579	40	2194
1006	4	5377
23444	40	5993
6835	4	9626
6181	61	10027
8872	42	3058
7539	7	1594
2571	40	24443
1265	2	9801
2661	125	9925
4813	14	24400
24462	216	3232
7482	40	23874
1858	18	6317
21411	18	1352
21644	40	9927
10341	42	1052
24518	175	3567
7569	7	7049
5140	96	25074
24773	42	1622
7140	81	24531
8555	130	24554
2157	18	4348
9787	42	9153
6872	18	5404
8872	2	7447
5853	18	1350
9599	195	4564
6695	130	1075
22655	2	4769
6175	42	5866
2480	42	5513
8372	199	3114
21950	40	10381
9667	33	23391
22709	18	8575
7911	42	22819
23791	206	9965
2713	61	6836
22935	154	23140
21543	41	68
8554	7	22657
21720	116	25025
4332	18	6062
22118	61	632
830	90	916
25129	42	8055
4332	18	22695
5813	21	1651
6111	89	6106
5314	148	8270
4050	40	23247
24808	212	6146
24257	18	8274
25273	108	68
6728	125	1000
1009	42	24602
22668	125	1108
22891	7	9242
24597	130	23136
5917	4	5166
9409	216	24629
228	154	8807
9542	130	472
9790	42	8723
676	216	7337
3274	33	6201
23438	97	4341
22458	40	21656
9649	116	3113
9093	14	68
6229	42	1139
0	13	9463
23675	216	1899
23710	131	7188
9076	90	10308
7304	212	8357
22701	42	2536
4099	42	22819
24432	18	24498
1221	130	6705
1489	192	721
6087	4	7079
1228	33	9447
23131	18	2960
7604	42	4156
22243	2	3120
22826	212	5744
21514	130	9857
5355	130	23309
24435	99	1856
3521	42	24851
23532	4	24975
8129	89	22998
24976	42	2681
7854	2	21473
8647	18	806
6582	7	1080
3333	42	22536
22350	89	24351
10337	4	9714
9833	154	22951
7777	2	4163
4436	18	9185
21141	216	1899
1889	42	9713
5663	104	22689
24526	42	787
360	7	1647
2459	151	52
6476	4	3648
22821	7	21084
24456	42	2676
9279	212	24469
5677	42	23512
7921	98	68
2500	140	24472
4070	201	7596
9232	90	10107
25259	171	7922
24874	4	3670
10299	199	2826
5560	125	24023
7023	42	23469
21339	130	24229
8566	42	24803
21434	216	1899
8990	2	21623
24431	90	24816
9829	4	10218
398	199	7559
2331	2	10044
5937	90	5107
790	42	3910
21835	206	3809
24928	103	2491
1731	212	6379
10113	140	551
9035	130	286
22241	18	7965
8487	61	5880
21773	61	2460
10463	18	2280
21546	192	1899
4950	42	3451
3359	154	7337
21022	130	68
9720	18	7645
6049	96	4463
1103	2	7107
2281	216	1899
5862	108	5383
8955	130	6404
24210	4	1120
9151	42	3514
5473	7	10257
2023	125	4902
1659	192	8571
9347	2	2782
2203	154	7337
5554	116	23185
2422	116	25025
247	116	25025
22607	206	9804
6971	4	5339
8890	90	21229
22946	42	24306
21465	4	24951
23232	42	22324
1725	13	9463
6031	125	9522
6637	125	8490
9655	61	1796
24681	108	725
23489	42	24436
21730	18	6091
4119	13	1185
3334	33	21330
10382	175	5005
4610	131	2319
25254	116	8100
5732	7	23688
2423	61	7857
8243	112	2347
1039	42	3391
1916	33	2421
4757	14	6287
5527	90	3907
6735	154	23734
23611	154	24629
3111	18	6773
8838	40	22548
9908	18	23130
8758	18	3439
25452	11	4027
5719	33	22613
7402	13	22735
7648	2	1108
9420	2	7456
22458	42	783
24010	98	9610
7234	151	6316
1116	143	9975
24615	192	68
8206	42	9516
9086	13	9463
1041	154	6663
22945	18	3911
24810	90	8348
2475	4	4902
7038	149	23621
21308	21	6101
23103	216	1899
4510	2	4655
2176	103	5091
10416	2	2024
1528	212	970
8424	125	6201
22368	98	23734
24713	18	22742
9403	206	7370
7958	40	6028
6626	38	6870
23368	73	3718
8937	90	7769
25017	2	3790
4002	154	9917
1981	42	24975
9419	130	5383
21392	2	2024
1735	125	22613
5393	195	22032
5475	42	7451
21411	216	1899
22238	32	6949
3703	33	5926
4245	46	2196
9087	33	5926
9788	195	9781
24390	89	4844
23101	42	9687
2310	42	5819
24296	61	25148
6602	42	2515
1706	154	21714
8886	33	6352
8541	2	6068
23696	154	8807
22781	2	23096
5397	61	8894
25095	61	8892
21426	42	25052
3837	18	9694
22979	147	9714
3074	213	23587
6619	116	1654
3629	2	1463
7582	42	8450
2928	102	23076
7165	2	21414
6925	18	2663
1677	130	21791
5078	90	4139
6976	7	4248
7746	2	9259
1118	130	7337
1167	125	4001
21360	33	8458
5619	111	286
7311	61	4294
8645	61	1531
2877	125	23391
852	125	1000
1000	195	5703
6809	131	23619
1590	42	21524
23576	81	23136
5203	46	870
5368	130	5709
2282	24	4534
24055	216	1899
5295	4	25455
9927	106	4219
3260	90	22384
7065	108	25211
4776	90	6105
2428	154	22017
23761	148	4111
24877	7	10071
6817	4	5486
21668	61	3159
9243	140	24846
22394	131	4313
23115	116	7408
1733	4	21390
7637	4	23914
7266	42	7308
6143	18	9361
22409	195	8066
10122	154	7058
25414	42	5306
6932	2	1969
8311	42	8391
21940	2	860
5286	42	22327
669	140	2146
2265	212	24688
463	42	7662
3230	89	7531
21900	42	4507
6261	42	1149
5476	4	2512
618	61	22781
9860	154	21791
7902	130	5383
6845	122	23179
7893	13	5300
8115	2	337
24218	127	7394
2852	36	721
5190	18	3979
8727	42	722
4530	125	1000
7051	90	7886
785	2	22648
22391	4	6768
2281	18	317
7753	216	1899
8556	3	21973
4437	33	23068
1691	131	1413
23894	96	9422
7247	90	6629
23457	4	9080
24492	61	602
6444	2	24975
8593	4	22762
6961	7	4353
3913	216	1899
8892	61	2037
10323	215	9648
3041	61	2170
548	18	22060
5818	18	2657
21939	18	10311
1853	42	22076
3372	2	2047
2068	131	10100
24171	216	22951
1822	42	24640
5330	42	1843
9252	40	2936
24149	61	10071
21558	18	23041
2093	42	5613
22498	61	2365
7583	42	8842
5073	7	8011
5734	90	4965
3597	18	2205
6756	42	2626
2331	61	9859
891	61	3398
4832	4	5847
1922	199	42
4058	4	534
23613	33	6207
21063	65	25003
1576	96	21178
5648	108	23734
3403	66	152
9179	42	21195
5056	2	8410
1411	74	21624
3484	130	24554
24601	216	1899
5975	61	4232
2182	33	3881
9024	4	742
10405	42	921
21458	4	5127
8500	2	8410
22892	212	6146
21837	130	24177
4454	130	25211
22847	90	7282
24662	40	750
10101	4	508
21611	130	432
8420	18	6193
10219	212	21646
23927	106	25195
21950	42	10381
8951	13	9463
23762	42	1129
24028	180	9507
2687	96	5454
1070	18	6278
2458	130	21973
22945	18	660
9676	61	8951
22513	125	6119
2212	13	21406
21815	212	8357
22034	33	3670
22161	147	10317
22591	15	6255
22453	18	5692
3812	33	7924
23656	18	5336
9705	125	8232
22062	154	5050
9541	46	21286
8819	108	68
23959	4	24599
1071	212	9956
9739	96	7662
24278	142	721
5447	7	21980
24555	216	1899
2346	90	3468
24339	4	7814
4219	42	1281
22945	18	723
7243	96	6409
5353	154	22951
23770	42	22429
23214	125	9759
9521	7	5567
24825	72	2453
2	33	6352
3522	41	21791
22281	4	8301
8146	18	24600
8805	131	22050
1090	90	4363
10069	147	21384
9434	125	22460
1745	130	9581
4754	18	25104
2876	42	8391
3950	42	24214
9240	212	22613
3844	125	805
5526	18	23946
10254	2	4089
9573	42	5635
21544	216	7337
24016	42	9363
7216	116	25025
1017	116	7313
22873	47	22896
9237	7	9616
8538	154	286
355	212	6201
25253	4	2339
21424	42	5388
4020	140	2146
3160	4	3164
2052	125	2304
8727	42	5080
22211	100	24264
23227	89	4164
22331	4	22762
23278	154	4421
7970	42	5315
4626	191	4979
22320	204	3803
22509	61	1272
4548	18	25116
6869	42	2650
5381	158	7853
23583	115	9093
23180	42	24800
4803	4	5166
21671	42	5395
24162	103	1074
21402	213	5695
8817	42	24886
8435	2	6001
21046	195	6090
6123	40	5465
24335	42	21976
21771	195	21846
4471	27	24268
11	61	9682
21459	13	3001
22581	2	24786
22026	90	4551
5645	125	8851
24576	11	2441
9204	66	1595
8538	130	7263
8904	4	10381
21492	41	6663
24581	206	6119
4499	42	540
24062	7	5877
4703	7	21095
4694	61	529
5745	18	22356
6136	96	2808
2103	154	1899
22839	18	8288
4540	130	23309
21327	115	10437
2256	40	1456
9458	4	6439
9327	33	21330
6017	96	22337
9503	42	2539
5583	130	4727
25114	90	9244
9638	216	1899
5104	7	21766
6651	42	5531
24261	116	6688
1541	212	22335
5535	4	2464
22133	50	23136
21836	192	21210
21555	18	9288
3017	4	5551
1271	18	3848
9813	2	9049
488	125	863
2990	56	641
4979	154	22235
24130	2	21623
9450	4	1798
1477	18	1805
22423	2	23757
4009	154	25211
3101	130	3720
9682	90	11
8007	18	5854
21996	42	733
24676	2	860
8850	116	23185
8441	130	22630
23925	42	24287
22758	116	25025
7445	90	10047
24468	90	6206
21997	130	22861
21206	212	25494
4646	2	10189
23228	42	5750
8059	4	4833
9038	130	1153
6497	130	21791
6021	4	4555
7249	61	21584
5294	131	1593
23720	33	8286
5943	42	23512
3079	56	2589
2103	204	7337
22916	61	10394
24435	130	23734
6579	42	7719
22670	42	24561
22977	42	8407
21372	108	4413
6893	216	1560
4823	42	7211
1460	14	25211
405	195	5919
22535	18	21722
2460	33	5339
2276	4	919
23796	18	6779
1629	157	21783
4852	90	8145
1786	41	24229
21697	130	21790
23534	42	2392
7960	61	9202
9859	2	8829
3072	33	5926
7961	98	25211
9029	216	21791
4842	120	5033
4885	125	1249
10307	61	25399
21034	96	22425
4570	81	4895
5263	18	23372
25103	61	6096
24288	130	8049
9273	61	1123
7692	42	4875
21857	151	23104
23045	42	4813
22817	97	979
21397	18	5883
10029	42	1487
22868	125	520
4346	96	3497
5448	18	2003
1573	130	23734
24801	195	5055
5888	90	24062
4143	96	25456
718	61	9812
3644	41	1560
21665	2	7374
9219	206	336
9846	90	984
7832	90	8916
1782	90	3663
25304	18	25138
24356	89	396
24089	61	22319
24112	18	6133
350	4	9108
22674	33	453
1316	7	25065
3450	18	8171
2332	18	5692
23715	125	3881
4538	13	9463
24801	195	5393
298	4	5744
23749	42	3785
671	2	5639
3527	154	22951
23279	66	7497
8659	14	21791
4363	4	6352
10180	154	25211
9242	212	25219
24504	14	68
762	125	24790
8203	85	1856
21779	195	2649
8963	2	962
7516	130	4413
2501	40	5271
6405	33	4630
8210	2	5127
24442	18	1279
25014	42	25306
2025	130	7767
63	96	23169
1968	61	3646
7296	115	10363
24821	40	217
2541	66	24807
5005	42	5327
171	195	22032
7978	61	23374
3124	154	23734
5754	42	9501
22732	2	2442
2457	102	9580
8079	18	2514
3403	115	5366
5677	42	2156
2469	108	7263
1416	2	24975
22445	212	24446
23684	90	3856
24063	90	138
6816	89	8272
10348	4	3401
3669	2	8761
1698	130	3718
3079	56	2997
23699	2	25455
4874	130	6944
8005	212	5062
8035	154	286
9259	206	21846
22045	130	1839
4157	46	23519
3863	42	5898
23006	130	8807
9403	206	6446
25008	2	23505
1456	130	8807
5606	7	76
5187	61	7321
21823	42	3594
24547	195	3476
7326	108	3150
9429	4	2556
5402	125	3670
1683	42	5135
641	140	24846
1359	7	5668
24473	4	24056
4762	40	10456
21551	42	722
21205	4	7639
9882	212	24975
8192	130	8807
24800	130	8807
3524	4	6111
3403	201	7487
24335	42	8800
24115	63	6799
24117	42	6724
4792	33	10044
24969	4	24722
3248	42	21524
3092	18	25027
2603	2	4116
3237	42	2539
1932	130	68
23817	206	5374
7328	130	8704
23214	33	9759
21952	42	9194
3713	18	24388
25201	130	7967
6913	216	1839
1059	154	8807
25497	206	25032
9717	2	5517
5183	125	22231
8771	46	23519
10032	213	22133
1664	130	22630
9232	33	3719
3200	102	3880
9806	40	21680
22759	90	9248
10124	90	5447
9503	46	3414
8245	88	2114
9404	42	22707
10259	42	10474
3161	216	721
2	61	1064
6917	33	25492
21396	206	21427
9631	131	5571
22460	139	21528
9881	139	6722
3459	18	23224
9118	154	9600
21172	130	8807
22890	130	21714
8746	192	8807
22055	116	7972
25007	4	23349
9457	42	7934
8616	108	7263
12	18	9699
7493	201	715
22245	154	5824
9066	42	93
5935	42	8307
5581	81	7691
1000	206	1710
2366	125	9522
41	216	1839
655	61	2141
1691	96	2319
2979	116	7408
25009	13	3001
22312	42	274
89	130	1834
23111	11	22293
9355	4	23505
6141	2	24965
2183	90	22937
5668	90	25008
9131	2	5653
6459	216	1899
3407	182	368
24257	18	2359
22178	42	7561
6383	125	22434
25370	11	24229
745	4	7717
21245	216	1899
1592	98	6404
7985	2	22613
21233	33	5377
21044	42	9840
24289	42	22367
23205	61	8456
9518	130	6255
21908	13	22735
21094	42	4634
675	40	6168
2189	216	1899
10248	42	5281
21452	130	25211
24061	61	10152
5973	61	10227
2584	83	24187
21624	216	24485
5054	130	8545
8086	130	1075
732	2	5551
4312	7	732
25047	154	23734
23684	212	23817
24237	42	3393
9728	4	22304
5344	42	7009
8841	212	5640
22004	116	1964
24349	216	3718
443	108	5637
3324	90	8797
675	42	7749
25378	199	8413
22045	14	1839
1081	42	230
6250	18	5850
5286	42	23573
7873	2	6847
25322	90	9768
9310	18	7968
3592	90	21925
4950	42	3286
4934	195	6379
1425	2	22032
5787	42	7419
1945	154	68
4845	40	6439
5715	90	24772
22963	98	1075
4936	191	4626
5679	108	21791
9946	2	2782
114	18	8341
668	102	9373
5508	13	9463
23633	130	23734
24849	33	10292
2999	41	1560
21293	90	8205
24054	18	21104
4163	206	2047
10112	125	24790
4916	216	1899
24450	90	8554
979	206	22414
6299	61	8599
2439	33	24023
5754	42	3016
2590	18	4217
24355	125	9801
1317	40	7717
23088	125	22176
3151	195	25494
2255	2	4310
21114	130	25211
21619	42	8492
2235	125	22414
4844	216	21791
22491	90	8275
24265	42	1843
21872	18	3979
7880	154	22158
7240	7	3065
10078	42	7749
21759	216	1899
3371	195	24458
4308	130	3534
3804	90	235
23739	42	3618
6851	2	2024
24198	33	21440
6486	33	24789
2816	154	24229
937	18	4520
4997	216	1899
2242	154	7767
22839	18	4184
926	13	9463
10132	116	1964
1105	42	2852
6128	154	25211
2921	216	1899
25407	18	10314
23588	148	22481
7656	42	5140
801	108	2471
4960	125	5926
7494	130	4842
1284	7	4248
859	216	3150
3899	42	8600
10304	42	2079
23270	90	10383
24173	4	6462
4673	165	7553
2077	108	6255
862	61	23209
4791	130	23647
4405	7	8559
4943	216	1899
25332	116	8095
2730	2	9441
7925	60	2043
8957	116	5300
23162	108	6255
10071	2	9522
2526	40	23533
6665	130	23734
2148	130	21791
4759	18	23372
3808	40	5063
9166	18	2855
7554	108	23309
6032	61	5376
5245	40	21656
24134	13	9463
7757	18	3761
2465	116	5300
1536	4	462
6080	42	6080
7837	89	1774
4339	212	2102
22239	42	8623
5874	42	10228
24799	90	1427
4626	89	3369
24239	116	5300
2959	61	2636
9976	131	9612
21518	42	8407
1173	131	5485
3767	42	25063
399	42	24287
10365	42	23314
24454	4	24599
3883	125	23791
1895	212	22020
9046	108	10030
4124	154	5383
3687	42	6329
7861	96	22547
279	98	6753
6201	98	5947
25232	67	21277
6109	4	1919
10093	33	1744
4263	2	25330
6828	99	1856
5806	42	9797
23961	61	7209
9987	42	2942
24274	212	24469
23267	7	2630
967	4	508
4163	195	2917
24961	199	1396
4038	18	23648
21348	2	21527
21045	125	1110
5119	134	3727
2355	2	5127
9983	108	3492
2143	33	2212
21614	2	8136
23977	125	9965
9672	11	22764
23885	116	5300
5194	216	21973
21554	115	22989
23505	139	7455
9180	4	4166
24478	195	22809
24968	216	21791
3102	61	23940
4876	216	1899
7549	18	7398
24614	61	2050
5259	42	5708
9366	40	4291
1165	130	6705
608	40	9981
23056	42	3875
22590	2	21527
3381	42	5805
4193	42	22327
24189	151	23872
4673	165	8353
4934	195	7107
21280	154	8571
1672	116	7163
7366	42	8061
4228	33	1108
4409	42	5407
9154	103	23868
24334	154	68
4852	61	601
24197	42	3176
24878	18	10262
7955	90	23702
7253	154	68
22403	100	23022
8660	42	8212
9513	2	3422
4168	2	10418
5604	98	3720
24224	42	23411
24328	96	23892
8451	125	8143
6504	130	5383
1789	130	68
22776	90	7926
21602	4	24749
24308	108	23140
6394	42	6841
9719	42	541
4533	165	21399
2661	61	22558
2586	4	25454
24824	216	1899
25027	18	23507
10333	4	21459
8377	130	21556
3163	61	23536
9418	7	7334
9432	33	9925
22974	7	4459
10079	18	24055
6213	42	25401
9365	33	5926
10268	116	7408
5302	108	22951
10006	116	7408
9683	50	3183
24231	33	6352
3204	130	24531
4838	2	3371
22985	42	2447
23858	130	5383
10223	61	22652
21283	61	2144
3008	40	9841
8438	58	4120
23989	40	4236
7849	33	5248
21704	130	24745
2198	201	1114
25325	42	5630
25415	42	10228
23762	116	5300
973	134	7254
21354	40	4236
25077	42	8565
24131	206	520
21528	206	22613
983	154	68
2481	96	4894
7196	12	25194
5893	154	8807
9732	14	21210
8765	33	9965
6229	42	23190
5564	42	22906
4380	42	22560
24710	2	5127
6622	108	3269
23181	4	21779
22311	42	21808
341	33	9827
7318	4	8650
3134	42	23190
1244	18	3918
25434	173	22288
832	90	1828
24967	125	1744
1014	42	2536
8532	177	8366
2175	103	8627
8173	4	21763
531	58	10203
185	42	6598
23939	18	9472
9028	130	3288
6643	12	5706
4228	7	9652
8450	130	21973
858	212	9801
2416	130	721
3553	89	1241
22363	18	8647
8062	90	8378
25364	41	21790
1823	55	7827
21205	42	5797
24456	42	8239
9412	38	23793
25439	18	2173
4105	42	5051
7518	125	9925
7626	7	4092
9196	125	7073
10358	42	3284
3141	42	23447
162	4	5847
2287	90	5712
4980	18	6140
25081	130	25211
21643	33	22994
7710	18	8980
24633	42	24002
10434	154	1899
290	40	24069
24441	130	24629
22623	125	5926
21872	18	5288
238	42	3603
7186	33	23068
10184	33	8851
21883	130	22630
4299	4	25330
3360	61	2988
9219	195	8235
22255	42	7912
24914	154	5383
5378	90	5712
3987	46	9953
7987	42	4077
4928	42	5306
4000	89	7112
3895	90	7731
23739	40	5438
7482	42	21053
5490	40	22548
7060	61	9164
21313	42	5080
10029	42	23458
4010	2	7814
1006	61	4456
22841	145	9206
3714	42	24706
396	111	24531
1711	61	5249
5944	206	1570
21952	42	6798
3757	4	4469
9950	58	5076
24579	40	21159
9522	13	3001
23583	66	531
4117	130	7384
23117	96	23348
1720	206	24446
6183	204	21791
5233	154	10117
177	33	6201
583	61	3177
8228	12	23909
2421	139	6576
654	2	4769
1216	18	5692
22623	7	5799
8780	165	25475
129	40	21313
3549	4	2024
10080	98	3150
7471	18	9638
3160	7	22722
22680	216	1899
5553	40	23533
22251	61	22497
1977	42	23491
8714	18	23677
24592	18	8204
1779	42	8610
2145	190	23935
1814	42	25315
7145	2	24975
6072	46	21114
5919	65	405
4077	14	25211
5069	2	9801
6883	42	4975
9709	18	22933
23807	14	23978
7105	33	2568
2098	2	1445
5028	7	24636
6645	42	3905
4134	4	9804
3297	192	1899
9870	4	6665
21343	125	6352
23432	96	3827
10137	46	25466
23958	90	9682
8558	192	68
9492	154	5383
885	154	4611
444	61	24406
4943	18	1644
8185	42	8046
524	89	6106
23475	61	23967
1665	18	22829
24956	90	24343
21128	130	3330
7004	130	22785
3810	65	7804
5447	33	21440
9271	116	3281
2958	42	9615
22405	212	25431
21206	4	1409
21811	96	4660
2380	216	1899
23246	216	1899
25063	130	8630
23749	42	7025
4563	42	817
5635	14	68
2561	130	5424
21194	4	22456
9892	66	23376
25460	46	23519
8524	42	1506
9187	216	1899
4850	42	22092
5102	90	6303
23471	154	22630
22396	18	5064
10033	2	4163
8240	90	7176
2102	195	24293
3631	42	2622
10278	108	3936
10102	18	2312
926	7	8247
3365	96	8511
3401	206	23973
8029	61	2082
22257	7	1227
4035	42	9615
22892	90	6801
25348	42	24933
22863	212	1744
10035	125	9801
8028	7	3738
6917	125	25492
2075	42	21808
386	99	1856
5276	61	5476
5492	42	3258
24552	203	1825
5675	2	4166
5913	2	22414
9137	90	10101
4552	115	9701
5192	212	7208
289	40	8796
1062	14	68
22502	2	10044
23692	13	9463
21106	10	6271
452	42	9687
762	7	4092
4494	125	23391
539	4	435
10378	90	23610
2657	216	1899
9538	42	2156
3552	40	556
9734	33	1570
1174	212	7747
9719	40	9714
23823	61	22042
6122	53	7603
8613	212	3375
9748	7	21030
67	154	23978
4107	46	7923
7955	125	3881
24031	4	5460
22570	130	5383
4188	148	22191
7444	96	4521
2770	42	8600
9278	213	5006
1849	125	175
9277	2	2624
7316	130	8807
25396	116	7408
2220	13	3001
4273	42	5531
24121	125	9759
23026	130	10269
476	2	2791
24224	42	9184
2212	195	9259
5795	90	8592
704	2	24951
2274	74	3562
1327	96	9587
2048	130	21791
263	2	22613
2190	18	10295
23993	40	8319
23797	89	7085
4159	2	24608
21313	42	7787
336	130	24513
184	151	3396
21449	40	3280
9520	12	10291
22401	18	7035
23402	125	6847
2829	18	8578
5076	192	5383
2736	216	22905
9771	42	23233
7487	66	152
9351	154	3814
2420	42	23695
22291	116	7408
8874	192	21790
21753	42	3665
21660	66	6824
3212	61	6767
25254	140	2990
9152	90	180
23754	125	21330
2644	98	25211
6510	116	5300
22347	42	5534
1907	148	4171
1194	89	22271
21016	18	24769
2572	181	3370
2116	18	1211
1781	11	2926
7912	14	2005
8302	206	8143
3708	125	22414
1621	4	22881
23202	7	7677
6996	102	8918
24405	199	42
25192	61	8997
8711	18	21956
7052	90	23990
8891	61	8942
3756	4	21528
7230	90	6545
10256	18	25085
22857	42	3
5488	154	3150
24297	195	9143
7059	2	7079
21420	46	3641
22477	130	4842
861	182	8078
8779	90	2345
5832	2	23624
23152	2	21701
4247	154	24629
6067	125	1000
4257	4	10418
7586	7	2443
10399	42	2626
8731	33	582
22356	18	5745
2543	216	1899
24419	42	2118
8629	96	1264
23872	131	21398
23460	42	21931
21377	130	756
21311	131	21398
1783	130	7538
21105	7	8380
6858	33	7073
10471	4	434
21020	196	3540
3738	61	3265
2019	212	4418
6012	216	1899
4423	130	23734
451	116	5300
2212	206	5743
23671	7	25231
9438	206	58
21087	2	6847
6517	2	1570
22185	18	25092
5085	90	23634
5164	40	6396
10297	96	9030
22672	204	22905
7279	7	5861
6419	2	25032
2580	2	7469
7060	13	1152
3479	42	6009
24066	2	2024
6195	92	6195
2183	61	991
24248	125	9925
21845	42	9615
2525	4	24599
23745	154	8807
5378	2	22032
23097	18	24880
3524	2	8136
21794	18	1410
21285	108	21285
2367	40	7007
10100	130	23734
2742	42	3603
736	90	6728
4932	90	2044
7845	13	8410
21381	7	9680
5106	42	21147
23381	130	68
1087	2	898
1550	18	24169
4492	115	10073
1303	33	5926
4828	4	24143
2426	18	21001
9305	61	2036
6746	61	6548
2625	42	25394
9662	18	122
4012	42	21414
1737	195	6847
6957	42	6865
9899	2	21199
4363	7	9081
3148	18	25418
22241	18	22737
4559	2	22032
6414	131	1414
4594	2	23891
9448	4	6387
5439	108	23734
7130	149	6803
7581	154	5050
22295	61	6582
9457	2	23459
9233	33	3023
23996	154	2470
22929	140	947
24473	42	24056
22597	42	2751
21523	119	7408
1520	212	1570
25439	216	1899
21169	13	9463
21737	2	2624
7107	206	7779
4023	7	1701
4436	18	674
23295	216	1899
2844	89	4772
8738	116	2605
9626	195	6615
8838	42	4100
2983	2	9804
2612	42	24098
2326	90	3081
7241	4	23769
5990	96	6678
10478	42	2362
2269	13	3001
8687	40	7007
23131	18	23030
8899	154	9675
6182	18	8209
6740	96	4488
1454	102	568
6604	216	3718
5013	2	4089
4083	96	2254
7783	212	5944
9656	140	22449
4646	116	25025
24514	195	6157
3454	131	9994
4059	42	21710
22086	42	1151
6673	18	317
6138	12	4565
2620	108	24347
7152	42	2613
6147	86	25421
24350	42	7393
25327	42	7912
1230	18	8742
8963	13	9463
9996	212	22762
6574	130	23734
4048	216	1899
5602	33	24786
3547	18	4349
7467	154	8807
7567	130	8807
21309	18	5336
25069	216	24629
24756	99	23979
8073	42	43
8346	131	338
3692	42	6137
6558	13	9463
2120	2	5944
8419	33	3670
3478	42	4689
1264	96	8629
7941	212	24023
4935	46	10224
4685	90	965
21297	14	24364
4889	4	21627
4089	154	68
5592	130	21583
23648	216	1899
10057	42	8847
3844	61	21325
6199	154	9367
23883	206	7069
266	216	1839
24929	33	22414
573	40	23018
5906	38	5738
22729	90	6098
24781	13	3001
21862	18	6618
10438	216	1899
9760	90	2012
7710	216	1899
21759	18	22831
8500	2	5926
2299	116	5300
9157	61	7431
23658	42	23945
1185	55	1378
24855	40	2989
8594	7	7200
9856	212	582
6509	18	9926
6021	12	22374
5206	2	24548
24784	195	582
21413	42	7462
5796	4	6157
10426	36	3718
5269	42	2016
5247	42	22613
3073	154	8630
8592	33	7073
1486	42	3146
6242	212	24786
5992	139	1875
7392	212	9804
5683	125	23236
3920	7	22826
23718	215	4374
24947	40	22202
1936	18	490
22680	18	2921
23399	33	22809
417	61	23846
23044	206	24975
21974	125	22994
24303	54	6690
10097	61	6805
4176	18	21273
511	61	24308
3516	61	4153
5903	212	5767
9503	42	1877
4272	148	6116
22909	13	7006
23194	2	2624
4191	42	5972
9341	47	3383
3767	116	7408
9279	2	24469
24964	42	22999
10182	2	25193
10134	131	3462
23438	192	68
23845	216	1899
21023	42	4768
1567	121	21791
24479	40	21168
9916	90	5927
6750	42	4593
5732	2	10418
2525	7	21027
8918	191	22886
23698	108	23734
5479	42	8843
7454	2	22304
21559	216	1899
1427	13	9463
8090	125	21046
10168	2	23124
9647	2	3623
9670	2	23714
7298	61	5817
5836	2	3230
8472	38	21791
4626	72	10302
5856	61	1503
24849	61	260
7299	154	8337
10146	42	22068
296	116	7408
446	42	2587
22799	42	5278
6049	130	23734
22405	90	24804
1940	90	3731
3687	42	7238
25322	125	7073
23426	61	8599
6679	42	3152
2697	196	9643
21934	154	68
9270	4	22231
7350	18	21251
23109	108	4917
1619	130	25211
23224	18	8204
9785	7	23809
7979	175	7228
7537	2	5127
1698	154	3718
7618	42	1840
4395	40	8787
24103	2	7177
8649	2	23393
21373	116	24853
22038	116	5300
8904	42	24094
2787	195	22994
3909	216	1560
9858	40	8842
23487	2	6847
24374	42	25074
856	2	22304
5616	216	1899
21805	2	860
159	125	3375
6517	61	7725
24646	18	838
23388	2	24975
3504	42	3258
2835	42	585
4897	13	2523
9344	42	6153
21675	42	3198
1102	90	25470
24211	18	21039
2616	2	3120
4508	116	25025
307	98	23734
5552	2	1097
9989	2	4236
4915	14	5383
24570	12	10291
9043	216	1899
24127	7	2009
2461	192	4570
9249	18	6319
4270	42	1785
7805	42	24973
8533	154	7169
23937	42	6800
1152	173	5532
24929	90	518
9042	99	1856
6965	90	25153
452	116	25025
24147	18	8394
9696	125	3670
9450	2	22228
2580	33	7469
22179	212	24175
21652	7	25151
22446	61	272
10116	33	24786
23322	154	5383
2854	212	22176
8968	61	3301
21906	130	8924
5617	195	8251
24551	130	7337
305	212	4259
6309	7	8949
24853	192	68
8587	4	22304
6035	90	21605
8327	88	24372
4707	212	24001
6209	18	22167
23066	90	21762
5323	1	24067
21249	2	21528
4229	2	5517
22812	42	21466
24604	130	2274
5209	18	21872
973	61	1186
185	88	25158
9320	42	230
4856	4	23022
8233	90	4803
25002	42	21414
6016	61	9826
1863	125	3670
8544	206	22020
21146	18	5892
21396	195	24784
6407	18	4713
1046	125	2304
3559	216	1899
21772	72	1513
3870	38	24080
7305	130	2848
4822	99	9939
7790	125	6119
2984	2	1246
3662	99	3676
21869	148	21508
9043	18	523
10268	42	1298
25432	61	3416
21888	2	8851
9257	18	5389
7466	18	21802
24146	131	2698
8581	42	680
2355	13	9463
23733	33	8490
6777	40	2397
7371	4	9286
5197	42	6792
983	148	6845
7089	33	5926
9208	33	5926
3587	42	6026
4396	40	1748
8761	206	24975
2994	42	22649
8721	33	8851
4854	2	22032
23450	85	4501
4414	102	25335
23811	7	5668
23639	42	23512
1159	4	5438
3110	50	7212
2658	42	2139
4745	31	7234
21542	2	24784
21775	2	8423
837	66	5406
6687	131	9750
24765	195	25033
906	130	5349
8759	212	24446
5420	33	23068
23942	55	23211
22574	18	922
1044	102	9515
3235	90	3428
7997	147	24093
6883	42	23928
23048	216	1899
1493	90	670
21859	42	23695
22448	131	21498
22634	14	25211
10024	40	2015
24724	42	22699
23858	89	7531
23810	61	5765
22683	2	24083
3316	131	5965
427	33	22460
23369	116	5300
5184	61	2748
6060	42	7607
23036	89	9169
23073	125	6201
1813	2	902
4574	18	5628
1493	7	9389
23836	216	6708
1472	125	24469
23658	2	7198
3167	42	22370
2845	33	25447
5420	90	2840
1443	102	4949
3983	192	22148
9585	42	10275
23499	18	4668
3952	99	3434
9124	40	22420
6889	42	9810
1785	130	21790
4140	196	24270
21562	1	21714
6787	213	10032
69	42	3258
24861	212	2304
23463	125	7415
4985	125	1000
21867	2	6603
23791	206	7370
4108	42	912
21862	18	7935
23720	125	8286
1971	116	25025
21687	50	24286
21535	2	22761
2804	61	5028
4762	2	9625
22041	12	25194
21085	18	7788
4099	40	8884
23951	42	3511
1849	90	5985
6286	154	2441
1538	206	21506
5860	130	266
4932	2	8761
25137	212	6379
4516	130	5349
8858	195	7219
1990	18	9472
4006	33	24764
22987	2	24965
9853	90	2033
7951	40	5196
161	90	2228
7910	131	7503
7473	96	8444
1093	4	2060
2412	96	23721
22412	125	6201
8063	2	23755
25460	4	6470
23446	42	3998
9464	18	10436
9202	58	10026
9871	130	9367
2978	61	7885
980	31	3680
6629	61	7247
5634	40	6145
22416	2	9804
21674	192	25211
10315	2	22120
6351	212	6921
3636	99	23601
4612	33	6352
7780	108	25211
9930	61	7906
675	42	8603
1376	125	1570
3920	33	5744
22111	2	5926
9373	96	2507
2913	4	821
23275	131	1370
23572	42	24098
10016	18	21256
8255	131	5537
614	42	10212
2956	99	961
5964	130	6708
6970	7	21433
1797	4	3717
959	42	25289
1730	212	336
9590	216	1899
3528	108	68
7381	42	786
22164	130	23332
6116	148	21508
9463	157	3001
21807	195	21846
109	102	3565
9099	2	4769
2428	72	6323
5736	4	5351
6486	4	24789
5849	139	5926
6872	18	8187
6616	216	1899
21565	90	7065
3903	154	25211
1719	4	6429
5200	90	3590
9380	75	22158
21889	2	2024
2123	116	7408
4643	14	24485
5854	216	1899
9836	216	1899
1011	96	2989
21552	33	5062
2804	33	6526
9739	154	25211
21803	90	21233
3692	42	3785
5309	99	1856
24773	42	5583
25022	2	7779
5970	33	5055
24960	2	4181
7814	195	5926
4667	151	8127
4254	130	25211
5369	130	23978
2055	42	5342
2677	42	4791
8267	130	1411
3616	154	68
25075	42	9266
25021	42	4655
10097	125	9447
5780	2	21055
6468	42	5196
22447	2	5517
21266	90	22702
23912	42	2773
388	40	7243
7770	212	24175
22880	125	7288
21110	2	4024
24087	125	24786
21536	206	7961
8805	131	22679
5821	130	1075
290	116	25025
23341	18	9394
22239	40	6052
2052	90	7999
2201	42	9266
6058	42	2258
1770	216	1899
22477	148	8308
1847	7	2423
796	89	2129
3339	116	25025
8697	116	5300
8474	147	7202
7116	7	5933
22954	42	54
21067	130	5383
5557	4	9542
21411	18	6818
2822	7	3586
7093	2	4163
24868	108	6255
7028	2	21527
5259	4	1449
455	42	2587
25260	2	23386
1006	212	22176
849	61	25146
5872	2	24275
9047	4	5127
683	61	23688
22624	96	25157
23308	18	6256
24291	125	2304
6126	199	1986
6270	116	5300
3118	61	6658
2929	212	23047
23672	131	23471
8042	18	3192
4824	4	8490
23480	4	22032
24708	33	21627
1672	42	7245
21489	130	8807
6964	96	3644
7247	2	557
24971	13	25025
4287	4	4628
5017	4	5079
5293	216	630
7174	40	25268
23735	61	22983
6424	154	24342
23688	90	683
5229	42	22154
2382	4	2886
25331	154	1651
5829	142	24025
23149	61	24018
4841	18	4940
21695	4	4469
24014	216	1899
24406	90	444
477	90	4167
7246	130	5899
7530	40	6045
23003	125	10034
370	108	25211
22831	18	21759
3173	42	24002
112	165	21399
910	90	21621
453	98	2470
6934	90	7045
2612	42	7871
5041	212	9801
1558	18	1736
723	18	1617
1751	42	2002
9742	206	5246
4975	130	9274
22428	54	23864
23247	130	24717
7023	42	3198
21987	13	3001
24641	90	22847
3312	18	25437
23008	151	7913
3126	201	21984
3508	130	23868
4684	90	2379
2205	18	6307
5020	2	304
8046	100	7927
8859	61	1581
22425	96	21034
23915	33	23391
3201	116	1238
1455	42	5916
5449	2	22762
24586	42	3122
24781	61	2967
1361	125	23
24093	147	4272
9014	33	2304
1974	40	21818
4409	42	10456
7338	42	21297
5758	42	8706
8930	42	9713
3478	42	7162
22844	42	2386
21806	90	9933
8	108	8807
2934	2	22604
9160	42	24381
22249	18	24054
444	2	7961
10382	175	4968
7951	2	5196
8252	216	22802
21928	42	572
4466	90	25260
22452	42	4894
7370	195	1744
8990	212	21623
2401	2	4181
21227	212	4001
2215	2	8232
23370	130	6282
9890	42	5805
23327	130	4421
8987	18	3380
8867	61	1777
25060	108	23897
3322	42	25474
940	42	5866
6884	2	6722
21122	42	1929
21467	18	24747
6109	42	7862
8480	66	21757
473	18	9889
10320	154	7767
8821	130	3803
561	18	1736
3812	108	68
9371	140	4045
7351	7	2482
4583	18	21016
25334	18	24739
9801	65	5127
716	133	8413
1756	2	3422
1024	4	25158
25070	7	1537
3872	195	5172
21999	130	8807
4660	130	5349
5095	4	3957
22318	154	7819
7484	42	4931
3218	213	8918
22237	125	6446
24079	154	1899
22661	131	3497
4177	154	7337
8741	18	8434
8037	16	21790
25203	108	3492
9732	130	23998
1569	42	2132
6605	21	4842
666	42	3318
5141	148	6116
3014	42	23304
8149	148	24398
3362	89	225
5656	40	25199
24370	154	7337
6820	130	21714
8760	61	23565
2504	130	68
1371	2	6540
21950	40	21003
9646	2	22032
22419	2	21406
23067	2	5620
6228	18	7650
2956	213	25041
21705	21	4608
2390	61	21686
5501	84	25122
4620	18	8590
6511	125	6119
22487	4	6259
3982	42	324
10466	130	22298
6860	130	5956
7310	13	9463
1575	18	900
8735	18	5441
5823	212	9098
1002	154	23793
21154	61	7971
5745	18	23328
23461	212	23817
7181	42	3258
1039	40	22596
25406	2	22604
25307	130	1405
607	42	3207
21732	18	3713
4177	130	630
504	4	1798
9781	130	22885
2497	2	1887
25021	116	24853
5545	33	25033
3417	33	22414
10172	61	9710
676	216	21210
3435	212	23236
9214	204	22905
6025	192	22017
4273	42	21906
21227	61	511
22452	42	7238
3428	2	9742
725	168	725
1558	18	8499
8220	154	5096
5221	12	6591
21001	18	2426
6873	2	24001
9884	206	22176
7645	18	5288
21320	18	22440
3342	2	23891
1191	96	23360
10207	2	6814
2811	151	21698
7548	42	5174
7721	18	9654
25323	140	22965
899	130	22630
4952	18	7480
21667	42	10457
8257	42	25156
21326	42	5174
21729	90	25270
22049	4	962
516	108	22951
10324	154	68
4367	130	8807
354	7	9761
7051	7	8
6504	206	24886
9014	125	2304
23708	42	7894
1286	18	4486
2898	42	8008
1878	7	858
7351	125	582
22101	4	3670
7197	90	5061
7862	154	68
1027	90	23794
23618	42	5196
24175	139	23817
5919	98	23309
1377	90	23385
10061	4	434
8941	61	303
23709	2	22304
1965	42	21149
3921	151	21496
4315	96	8170
3452	7	8011
21489	130	5383
7284	18	490
2764	7	6487
8184	154	25211
3747	40	22864
9965	206	6446
2365	7	25424
22144	50	22885
3127	45	8130
9369	85	23601
7579	42	7252
4737	4	9626
10421	42	3379
22929	140	24766
99	42	5700
24356	154	24513
885	102	3147
7108	18	6554
25310	42	5797
3856	90	24427
21610	7	21766
9774	42	22410
7694	42	5642
10290	213	21128
2745	147	24464
5847	98	22785
4351	7	8158
9485	7	23142
6166	18	2665
24967	90	5114
3256	33	23437
7372	216	1899
4671	154	23140
7564	42	25133
6693	130	10117
10367	14	25211
9395	130	9557
1573	148	794
4358	130	1527
5162	42	604
1763	177	445
7471	18	3537
7316	130	3317
3573	101	4949
23926	42	1598
22086	42	25052
9515	151	1044
24228	90	6232
24407	90	6494
22124	40	25455
6413	42	22649
7297	125	24790
24488	2	21168
2279	212	1055
24519	18	24646
910	108	25211
22752	40	3042
4518	62	1597
1576	130	6663
8753	18	9310
6093	147	1606
4709	42	5923
5212	90	818
9620	2	24914
7051	117	22951
25150	42	5630
4135	33	8286
21241	4	7324
5653	206	5551
3947	61	22870
22373	130	725
8342	18	2872
22905	140	22449
10427	212	23236
1507	42	9518
2353	4	3670
6133	18	23050
3470	42	5216
21888	90	6610
21780	2	8761
2298	33	6581
4907	90	298
5352	18	21434
3571	116	7408
24805	42	2032
6597	116	25025
25457	116	7408
206	42	7606
4626	151	4979
23518	42	3728
9970	18	24384
7718	42	24002
2177	4	22897
7932	42	5126
7081	2	25219
21263	61	21433
22350	213	3108
24709	18	21318
3932	96	9681
2840	125	23068
6349	216	21791
3358	130	3803
2339	154	68
3007	33	4360
25280	61	2410
8569	13	9463
2454	131	7473
24801	206	6768
4354	12	4360
25309	42	22459
7326	7	21679
1627	42	2986
2067	2	6045
9614	90	2460
22230	33	9759
5366	42	2079
10384	40	5196
9261	13	9463
4427	18	25304
21596	212	21017
5669	42	24098
2286	125	2421
2985	116	7408
5879	2	24784
7793	61	8279
8833	130	23980
1365	104	1153
8365	33	22485
3346	42	23928
3570	42	25169
121	42	787
3195	2	4181
4357	2	9742
25017	116	7408
2947	90	4494
8825	4	4781
23066	7	8876
7768	140	24846
9937	2	520
22301	130	25211
6389	130	8807
3603	96	3643
9071	89	22694
23044	195	24975
7920	2	21406
5835	42	9704
10313	216	1899
3237	42	23233
22283	42	8602
5070	215	3922
6542	212	9881
348	130	21973
3660	4	4236
3441	154	5383
6007	40	7424
21531	2	9566
21822	12	22923
10361	90	2009
7977	42	217
24240	212	1108
4201	175	9051
3804	2	22761
227	4	9542
7213	102	4369
23831	4	9968
2099	61	24273
7666	108	4413
3781	125	1000
25296	33	22020
7494	154	7767
7249	125	3023
5683	108	23734
21238	81	22622
2746	98	1075
1626	89	25109
25113	2	23393
5425	40	22015
6810	108	23734
25481	18	6412
4093	2	5556
6264	213	6727
4506	96	3555
8700	108	25211
9730	33	10044
23977	7	5261
456	103	9037
7470	42	4315
579	18	713
7736	116	24853
21809	33	230
21825	90	24228
8092	33	22176
24269	216	1899
4398	90	4681
3567	42	24518
22857	42	8928
23422	154	2441
8164	130	266
24312	130	5955
8657	149	3242
5512	4	23643
212	154	23632
21019	201	8691
1303	2	23114
2909	33	4151
24842	18	4849
6960	90	24450
6092	18	9074
5651	18	7173
7150	18	6228
21039	18	659
24012	130	3288
24343	61	24956
516	212	6352
5264	216	1899
404	130	8807
21059	7	601
21895	42	280
5176	11	8989
8058	43	6802
7334	2	9999
8521	2	22853
24039	18	8609
4767	4	5967
24532	7	25459
25295	7	23120
24262	130	3150
1210	61	8466
2714	40	23780
23465	42	357
7260	102	25275
10331	177	7806
23689	33	8490
9374	147	782
6802	140	24712
6090	13	7243
6283	2	7395
9852	130	721
3147	146	21967
7297	90	23350
1952	13	22735
22553	13	24293
23422	151	7437
21728	116	5300
23532	13	9463
10105	125	21744
9355	61	22019
6629	108	68
3783	90	1833
2803	40	1456
5053	42	9713
22204	13	9463
24144	125	23135
486	42	3561
6072	42	8842
7597	102	21756
21737	149	3949
22973	130	6003
8138	125	22994
24032	2	9530
23314	130	5383
2325	42	8551
10392	2	860
7935	18	22479
24708	125	21627
2259	90	23054
24179	154	21791
25305	116	7408
9554	130	1075
4568	42	9163
3626	130	3906
7002	42	9687
24110	61	5796
1167	7	10062
7451	96	4326
23663	18	22532
5391	7	22869
25230	154	23734
25045	61	2369
24515	33	22032
22842	2	3670
22308	7	22296
3314	206	1246
8564	125	7469
4053	130	23136
4782	61	6310
9229	42	1850
21869	148	6273
10219	61	21475
2713	108	8924
1020	89	1821
22767	90	256
7966	42	935
353	42	4423
7719	130	5383
23050	216	1899
4125	154	25211
5838	90	5707
3983	42	5153
21540	2	6722
1003	42	6028
7424	130	22630
24285	61	3098
23361	18	22789
10319	212	1108
23699	42	21981
4777	4	6639
24794	206	4213
25361	154	5383
5253	42	10374
9779	130	9581
22786	130	3720
24826	99	23601
5471	18	4520
10360	131	9994
8352	96	4370
8306	41	68
4495	140	24629
6809	131	1794
6619	149	837
21589	33	10044
9593	42	1577
3821	42	9378
912	130	5383
25038	13	9463
6890	4	21473
23548	18	5615
5248	13	9463
22420	96	22277
5565	18	5470
5411	89	1490
8769	46	2554
4590	116	7408
2472	206	7982
4901	147	6612
4384	212	22845
936	192	721
22827	4	5079
8419	108	3492
7019	42	3350
2785	216	22418
22272	29	1347
103	81	22730
1463	13	9463
10334	2	23817
1203	4	7927
6195	11	25472
24190	196	725
5167	154	23140
9548	212	453
9471	42	23000
21689	42	24254
24053	4	23153
7764	149	8723
8210	2	2024
7108	18	10270
25071	216	1899
7736	42	21635
24452	2	8761
21652	4	10357
24523	4	7869
9321	116	6688
22099	90	25176
22822	131	10340
1549	4	8391
9053	116	7972
22891	125	25219
24415	4	2024
2003	18	2359
22556	33	22176
7964	61	6440
7750	61	2345
25414	2	4506
4346	154	24229
9823	36	7767
6514	90	476
5357	90	7702
22207	61	21314
4623	116	1964
10450	90	651
5909	4	2989
10287	2	4089
38	7	9046
25150	216	1839
21372	7	8504
22957	177	24571
21443	33	5926
4124	130	25211
5019	90	7378
3125	177	22084
2427	42	93
23425	42	3128
9500	13	9463
23378	90	22386
7533	125	7288
5590	42	22727
22944	125	22809
23575	2	4163
1265	33	9801
5275	4	9742
948	18	425
4464	18	8991
21939	18	1858
4829	108	68
4608	16	5709
8293	18	6904
5316	177	5271
23108	18	3380
25442	206	22551
3593	142	6101
2908	42	7308
21810	154	25211
24142	7	21596
25129	215	9648
7321	212	6207
9634	96	23151
2857	108	7263
21328	42	4305
9223	42	1548
6696	7	25008
1689	42	25074
10131	42	9615
24562	11	24715
8516	18	8153
21894	61	1980
23883	195	7069
23801	108	3492
21950	177	10381
259	157	7456
7002	46	8754
4039	42	1601
21957	18	24211
25011	130	8545
2346	212	5926
6339	130	5383
4084	42	8871
1599	96	9923
7224	125	24446
22488	2	335
2105	212	336
23256	4	21842
2206	33	8374
25348	42	23348
22105	154	21583
23697	42	6233
21051	216	1899
1128	125	22762
907	18	7642
8009	96	9239
24867	42	10060
25057	61	10056
6738	18	22874
5019	61	4438
9753	42	3980
3077	42	4372
23464	2	5517
23173	125	24001
21042	40	9241
22713	40	3129
24406	2	9407
2288	154	24629
7793	90	9979
21468	2	2622
21574	151	24825
24951	206	9259
200	42	24918
1871	96	9780
10256	18	57
4845	42	8996
21399	99	22836
9433	7	6112
24363	96	9976
731	108	5383
5531	130	8340
24823	102	21586
6713	18	23087
21280	204	106
6299	7	24313
4741	2	8374
4127	42	141
6936	18	3418
6578	24	21002
21128	99	21361
3931	33	23791
7314	7	22332
8756	115	10004
24847	130	23004
1795	2	7220
23741	130	68
7317	42	9903
21962	99	21394
23351	4	962
5858	130	1651
9750	131	9498
361	42	4537
9896	90	430
6855	4	5062
21987	2	24083
21780	61	25405
6426	89	1241
22542	42	8862
7762	18	447
1392	90	22138
8476	13	22735
3864	96	5464
22558	7	7739
7744	108	23325
8107	18	21898
9714	96	24910
21506	195	5262
4511	40	21479
21177	72	6291
208	130	5383
5045	18	21295
21743	33	10044
8309	4	21771
1894	40	8428
23661	42	6950
3422	130	8807
6774	90	9432
7174	2	7472
2902	18	24517
8562	4	6259
648	130	2858
140	42	1204
21559	18	21814
422	42	22906
3352	18	22646
24823	96	25216
22911	42	7430
7648	33	1108
1030	154	7337
4598	154	7058
4240	42	10063
5474	125	22032
22524	2	9801
10395	2	24057
7046	2	24790
25249	33	6768
96	33	23437
8985	89	9251
3651	42	21428
25211	81	68
23667	154	8630
2023	4	3885
5938	12	4515
9688	42	24033
21734	195	10280
1157	41	24629
25050	154	1153
3672	18	21831
8262	130	339
9014	7	23258
21203	42	313
6466	33	6768
8732	41	8465
6222	33	9786
350	40	2442
22664	125	4360
2019	61	3988
7352	154	22905
21443	7	987
96	4	1798
24196	140	24846
21464	61	6821
21792	40	4433
25257	42	1929
3249	18	21397
21689	4	7312
22669	61	7440
21585	18	24713
4334	89	23906
23804	195	6768
6723	36	721
22267	96	5281
8701	125	9742
22129	18	8042
5270	72	24085
8545	103	10390
22342	2	22032
8125	106	4219
8179	42	23013
22240	177	22596
5770	61	24440
22886	130	5349
9013	90	7102
3807	61	23267
3535	130	5383
728	40	2644
563	212	1000
8394	18	6186
5967	130	25211
2055	42	4755
23895	90	23374
24343	90	1035
3331	40	7084
7926	4	24784
10398	199	3965
21867	212	6603
25090	96	23275
3437	4	8787
25471	40	5147
21633	216	3685
25123	4	24050
9498	96	6275
1600	154	5383
23241	108	23734
21105	33	453
7436	18	1983
2724	90	24888
1427	61	24799
5726	216	7512
23322	154	8807
25328	42	5174
2422	42	22546
23207	2	22414
23902	42	8770
3889	125	22414
10314	18	10461
23941	42	5574
23546	2	24975
21932	89	23179
5149	4	8000
7974	140	4478
23580	18	8329
3889	33	22414
4899	42	10481
21526	46	6237
21119	18	2731
7133	98	22951
2531	42	8400
7582	42	2437
6610	125	8851
4602	116	22181
5317	102	1788
7806	130	8807
6822	42	6595
24751	130	68
23556	4	9082
1429	61	22404
8614	111	4948
6016	7	9292
6338	12	21763
21369	61	4919
7353	42	1011
21876	147	21508
1644	18	24102
6285	18	8631
8765	7	1647
2017	2	9542
4278	125	582
7470	42	8170
6975	131	22803
4606	212	22613
7779	206	4418
8321	216	1899
24068	2	4976
21867	108	10181
3906	16	6947
21191	108	21583
22936	125	5926
9464	18	317
23939	216	1899
8636	18	9464
22715	212	9801
8340	74	2453
3991	42	10157
1012	42	5413
1521	116	5300
24668	33	1744
3493	42	7837
22210	4	7026
22687	90	21817
3840	130	5383
1150	42	8407
5116	33	23236
24430	40	6001
9012	33	22613
8997	212	7073
2689	42	2161
10494	7	4682
22259	108	9581
7120	212	9522
10091	12	23909
23493	42	4894
6209	216	1899
4148	125	2304
5366	42	1395
9057	150	2795
25220	206	25219
25187	130	4064
21293	108	266
5482	7	5668
3177	90	583
4823	2	21527
23595	7	23701
22951	103	2470
6373	212	9801
10208	140	25374
2957	21	6101
1120	130	721
7007	130	23356
4578	130	23734
1856	165	25331
9739	130	68
2469	2	520
2818	212	22809
5864	7	22175
23086	103	7423
10235	206	2304
24903	90	21573
9754	42	21053
1036	18	8609
3498	90	24139
24502	7	5701
1927	33	24446
25463	72	6594
9186	90	8349
9337	18	2938
270	212	6352
8478	4	962
21126	40	25064
5044	18	6742
156	216	1899
4693	130	7580
2805	40	8842
24477	18	6133
2678	18	5001
5656	4	23346
24620	61	5927
5458	18	6989
4818	33	25219
1763	116	7408
22203	125	9925
22647	42	733
24650	130	22298
2687	131	24833
4699	12	2809
4771	58	5076
3775	130	4413
22774	4	508
24272	7	21464
354	125	7073
23885	42	7756
7695	4	23319
7357	90	22768
5162	216	2765
25280	125	9759
22379	216	1899
2581	2	21920
7189	18	2116
3853	18	5778
6929	4	2344
4969	40	9971
4364	7	4010
24780	90	6980
23066	125	22926
8690	212	5393
7283	90	24980
9428	125	10044
3598	33	2304
3476	195	21846
6789	40	22611
4420	151	4422
8453	54	5937
2748	212	23757
6491	131	5129
6767	90	3212
1521	42	23447
5304	125	8851
11	33	9098
827	4	5967
6496	130	8807
5025	7	732
3444	18	5494
22315	42	684
23357	40	7949
21703	216	1899
22712	18	3439
2033	61	9853
6846	89	4844
3221	4	4116
10436	18	8636
363	18	7436
5106	116	7408
24038	42	5630
5916	130	5195
3724	42	280
24	7	2273
5733	42	1877
3678	2	8761
7401	42	3168
21726	130	21790
7842	61	9099
1801	18	719
735	42	22075
8456	61	23931
2049	42	24933
21134	4	4497
1558	18	5217
8700	108	68
9180	33	5926
3920	4	8680
24530	199	3965
24988	116	5300
24759	212	25431
6032	90	22080
8509	2	24548
24438	72	6291
8508	125	1108
244	40	23914
1898	108	68
2059	212	21015
9792	42	9577
9653	99	21394
23464	42	2232
8000	154	23734
9000	199	2114
10306	33	6201
5269	42	8603
2732	18	7547
4384	4	21846
22921	125	10044
24088	4	10418
6780	2	22762
7968	18	9310
8940	206	5926
6485	2	8423
21072	42	9687
24426	2	392
3617	4	9626
22866	96	2171
5027	18	674
9053	42	2084
24531	140	6621
573	42	8352
9370	177	9082
2969	7	10023
6997	42	8382
2477	103	9367
1717	2	1393
25354	33	453
24469	98	1074
5733	42	4734
24322	42	24587
21455	2	1950
22301	130	68
5617	206	23817
2821	116	7408
2488	7	23809
613	2	8045
22354	18	8355
681	2	22414
6466	125	6768
4116	98	8037
2100	4	6099
23771	125	21744
7371	40	8676
2800	90	6631
22972	2	10025
10368	42	5406
5454	130	3288
24236	42	6381
10473	130	1641
3756	61	3937
2819	125	24133
9493	90	23416
22350	14	22785
1046	90	51
3695	42	5792
23297	47	9206
5783	154	23309
6947	81	3906
4163	206	5944
8482	212	970
1642	154	10269
362	61	583
4379	18	24388
7200	2	8940
21009	42	24354
21763	195	5620
2739	125	24790
8880	90	7555
9749	2	2421
5765	2	25003
21042	4	9241
21030	212	7288
21947	41	5940
810	96	4868
23130	18	8079
5285	151	6011
9441	206	8544
21475	61	4425
24676	61	2661
170	42	23022
7754	149	4702
24008	18	6075
7980	90	1564
23072	33	1412
4803	61	8233
2586	12	22374
25304	18	5008
2583	61	8015
5070	215	1964
7799	18	24696
1961	2	8851
21247	99	1856
21798	2	24975
10237	33	21846
7173	18	10220
10084	42	6674
917	199	23013
7130	42	24056
2721	2	4163
4516	130	7337
3581	54	21231
5645	61	7083
3318	130	8807
25272	2	5847
5276	90	22825
24396	2	10245
23578	130	9581
23457	116	6688
10050	125	1952
1005	18	6217
9060	182	10128
1579	116	7408
3873	2	7198
22	206	6953
5499	102	22719
3606	90	3978
3537	18	24994
2129	11	10108
24657	33	453
1353	4	4555
9821	99	22214
1059	130	23978
6689	42	21055
23152	108	23734
3759	42	6318
7358	2	1570
21163	2	7853
2108	41	25211
5178	2	3280
9619	131	23711
6217	18	1005
2325	42	10457
3937	125	22460
23616	212	9407
9977	90	22555
3546	18	7446
9869	42	5797
6773	18	24165
5542	216	1899
2975	38	5689
22354	18	9743
8730	154	2441
6250	18	8293
9668	4	6408
4600	33	6301
25405	2	8761
7036	154	5400
23740	90	22218
2140	201	9516
22532	18	24317
21531	4	9566
853	148	1969
458	47	8659
215	90	8827
6256	18	9974
22281	42	1436
596	125	7288
8939	46	9953
4500	60	25265
8985	47	2148
4311	87	3718
2629	42	9582
6372	130	7925
23986	33	21623
2410	7	1047
24183	2	5351
24495	2	9225
5554	42	8822
9356	12	8217
3167	42	2844
24658	130	8049
22399	154	8037
24604	161	4811
10331	40	23247
25286	162	7379
22499	42	1845
1467	2	21527
3477	148	1372
22574	18	5615
2472	130	24393
25273	90	343
5375	4	24784
7844	42	7000
9480	165	8927
6578	45	21002
6147	192	4267
1953	42	3923
7014	42	8708
21159	154	68
25035	2	5127
5868	154	10030
2788	130	7767
7670	61	23775
3320	2	3048
23958	125	9098
1731	108	5383
21902	102	23434
23119	4	25158
8975	42	2416
9616	90	24665
9685	61	23088
591	2	3670
5783	154	1195
23362	40	5071
6005	2	1246
7340	18	3219
21506	206	25447
7930	40	1789
8637	108	25211
2838	154	25211
5386	125	230
5472	42	10381
24705	7	9896
3209	130	5383
24834	18	22336
4856	42	25204
7082	7	4852
23716	2	9804
3854	130	3145
1352	18	21411
3617	61	6453
1354	42	4906
10130	2	8851
9395	154	9557
25069	40	7593
4758	14	24485
24895	117	22951
9988	147	205
1937	212	5262
4065	42	4491
9166	18	4605
9754	12	7794
7982	139	2472
22581	33	24786
7101	18	9285
4028	88	335
8185	42	25142
24672	90	658
25468	154	5383
5115	90	6839
10085	125	8490
7155	41	21791
8523	125	2155
10419	98	21790
8817	133	1437
5425	46	1757
21468	4	2622
185	88	24922
21129	131	9807
23593	33	1744
2107	40	4125
3313	154	5383
186	7	23917
2170	90	3041
25224	2	7472
6943	33	24001
25048	66	6825
8451	4	6458
6421	195	5505
1301	102	22591
24873	18	22646
22121	33	21627
9428	90	7914
2102	206	3314
24474	18	6280
22592	42	6599
1088	18	4176
23427	61	21229
3810	65	1392
4229	42	749
23555	81	9643
1133	149	6921
9980	154	24926
898	96	8022
735	116	6688
1946	90	3889
1854	201	24602
7792	13	22735
22026	61	2364
10350	42	6990
5766	42	5635
24314	130	23316
22936	108	538
5019	2	25032
1758	154	25182
22967	212	5926
1819	125	1108
22911	116	25025
3574	42	2108
24547	195	21846
7405	130	24400
3812	108	25211
821	180	2155
2661	2	860
24010	98	23723
25329	40	6695
6850	130	3803
6076	12	10291
1341	130	5349
6053	154	21791
5049	4	8139
7848	2	21623
24835	154	1651
22254	2	23391
4669	130	24629
24285	212	21063
10047	42	8492
25339	18	6407
3872	195	5762
9568	42	24033
8170	130	68
1675	18	10414
2436	42	3242
112	85	9480
2371	2	8829
4562	130	25211
1882	7	23856
2699	89	6686
8954	216	23886
779	116	25025
6	42	2226
7026	206	970
6399	130	4421
21229	90	23427
1105	42	692
7210	18	8714
9216	90	25161
550	42	4537
100	7	7049
5139	2	7869
23715	4	21390
22303	42	9984
6327	40	21637
21840	2	21063
9484	175	6500
1499	206	23470
7422	125	10044
23493	42	7934
2035	130	5349
8802	116	25025
6119	98	8536
3249	18	3537
3784	131	21410
1136	199	23927
2652	61	1609
9012	125	22613
23071	216	1899
5973	90	2914
1208	2	557
21997	14	1899
21625	130	5349
23984	216	1899
6797	116	25025
24368	216	1899
5182	96	4679
8631	18	25333
10298	147	4757
24083	206	22964
5043	154	24554
1452	4	6259
7296	66	2254
520	65	21646
23593	61	5896
3527	154	21238
5212	108	9581
2537	42	9121
24556	206	8461
1913	130	23978
4972	42	2941
25438	216	1899
24942	40	23533
2615	2	742
7382	145	22554
5570	199	7010
2001	130	868
4490	2	4025
981	61	8995
1317	4	9835
4208	18	937
6023	115	692
3799	42	2386
3381	4	5830
4527	130	21791
24514	206	23804
23672	131	1419
6296	177	445
23443	33	1055
5614	42	3187
3250	18	23121
7427	130	2414
6157	195	22116
4365	42	1548
25215	116	25025
10053	42	492
9790	40	23034
21907	42	24278
24485	103	1411
406	42	5500
2306	89	3369
8567	42	5750
21399	99	9480
23333	154	286
5319	149	3031
7551	2	23151
1964	157	8788
9334	206	4902
982	130	24531
1680	42	6318
1077	7	24916
21648	18	1558
6041	7	2630
21761	18	5598
9060	99	1856
4008	90	102
9074	18	21251
22564	46	21286
23067	125	5620
4399	90	7046
21448	14	6255
8769	116	25025
9116	42	9842
7533	33	7288
24605	65	22304
5614	4	2843
10435	108	5383
353	42	9194
5221	42	23022
24854	216	1899
23260	18	4211
4652	96	6414
695	212	22116
10139	18	5064
25060	2	6847
21638	42	6841
1835	12	2529
4251	131	9028
3019	2	23683
24	33	1570
8127	102	4667
23281	13	22735
22704	2	7859
6710	33	453
302	7	6418
4749	42	4607
22224	90	2708
21604	99	21361
8209	18	6182
23902	40	2530
23080	216	1899
1966	42	5233
9774	116	25025
1518	96	24608
6901	18	2665
2826	130	8989
23361	18	5591
9739	154	68
6138	40	4194
1594	2	5127
7031	18	22712
7108	18	3363
1637	2	25219
328	2	22988
23162	90	8020
23856	2	21330
1893	189	5199
171	195	9407
1981	134	22762
8439	180	24680
484	125	9100
8966	116	5300
7116	2	3670
24091	115	22677
4597	42	24098
1583	90	10404
1309	40	21199
6962	2	2791
5314	130	2441
3400	96	1334
25375	204	22639
21955	42	8069
21249	4	21528
2407	154	21714
23536	125	582
10309	2	8787
5664	90	7957
8774	4	7026
3960	96	21479
2855	18	23597
7901	196	6772
21725	98	68
21739	12	3623
36	42	5815
66	42	22560
24040	2	23124
9150	216	7767
21951	61	22668
6819	61	22380
21572	61	7739
2260	18	22453
5058	125	8374
23508	102	8436
8575	18	22709
24178	125	6352
10280	206	22853
2468	4	24585
1507	42	3755
23265	42	1407
1329	42	23695
3767	42	21068
25309	42	5059
2827	130	1195
23854	177	24143
5376	117	22951
21337	151	6914
3326	42	23193
9493	61	2744
1350	18	723
23174	212	1952
24213	4	5730
23782	130	721
3057	2	22231
7974	140	960
3955	2	8981
10169	115	5366
22586	42	6508
1128	4	4181
6292	14	25211
24895	4	6352
1090	125	6352
3140	61	24816
1661	18	6509
4519	14	23140
7829	130	5349
5727	2	7869
10375	12	6308
3705	131	1625
2141	90	655
4124	154	8807
25340	2	2746
1709	24	3240
7574	192	8630
21956	216	1899
24054	18	24627
273	154	24043
3956	18	22356
8607	7	7442
23385	61	1377
9631	154	3063
6765	99	5813
6970	61	3253
845	4	9714
3736	66	4724
5364	74	1209
9071	154	21238
406	42	5080
24105	42	2935
4603	90	1187
22606	213	21857
7261	18	10352
3033	96	1439
7745	116	5300
916	108	4413
22382	206	22032
8669	33	9965
24197	4	9927
25386	42	4307
25042	130	7580
1155	7	10071
23919	116	6688
22140	4	4194
24236	40	4774
3577	2	23393
435	14	24930
8351	4	3643
23721	96	2412
9714	100	23621
24358	130	7646
7644	42	10230
25475	102	6744
10343	98	4421
6603	206	2294
1717	116	7972
22243	2	5592
21690	125	9956
341	125	9259
3421	2	25497
3042	130	23980
3475	125	1412
21594	108	23734
8659	89	7085
21275	96	8751
7398	18	8917
23007	18	4943
4774	130	3150
482	125	22176
21528	195	4001
4099	4	8884
2277	130	3150
3860	42	8843
2707	14	4421
22366	18	3090
22209	61	8648
5091	81	2176
24633	46	23201
7027	206	22032
22728	90	22123
6491	41	23980
25188	108	23734
7995	42	8855
4470	18	23615
6649	61	24125
23610	125	8851
24071	90	23172
1152	78	22735
21748	41	6663
7098	42	23432
23043	38	6753
23203	33	9259
23744	130	21714
21860	18	7090
4508	12	21321
8765	90	10394
22527	42	8152
755	125	8232
7051	125	6352
4165	148	21508
3117	18	22150
9225	98	22141
2849	116	7972
4448	131	8381
8869	199	9648
5541	42	1149
8689	42	1616
21384	147	21847
9007	216	1899
22535	18	1477
3426	90	2213
2595	7	21285
23363	33	21623
3864	58	2632
10372	130	21790
3941	125	8490
4768	96	1456
5897	2	7516
5543	40	25268
969	33	10044
3310	89	1821
2603	42	8361
1158	42	2250
8812	2	3432
7173	18	5651
3053	4	22304
21950	4	10381
2424	90	22879
4450	4	23319
23564	130	23734
1811	154	8630
23060	42	4324
2482	2	24784
21029	40	7606
3020	130	25211
2657	18	5818
22808	2	23018
417	125	9759
1880	130	23978
3287	40	3266
9420	42	9714
7780	108	5383
21951	90	22990
10235	206	5407
23217	18	22861
7538	81	23136
8078	9	6995
3973	40	24795
21463	7	24249
24777	215	1964
24711	11	21238
5456	13	5300
5868	154	68
7117	42	4254
4778	4	4705
21314	13	9463
24131	195	520
22968	61	5029
4166	130	538
4603	108	5383
442	154	23734
9746	61	5333
2647	42	24135
1043	130	7384
23931	7	858
818	108	24393
22038	42	8336
2239	130	21556
9264	130	8807
7269	2	8851
6334	131	6983
129	40	4845
5164	116	25025
23887	125	22460
24453	33	21744
21873	131	6541
22226	4	4942
100	33	22414
2534	175	22379
5912	18	6427
10298	89	4844
6951	13	1152
8206	215	4374
1652	147	5889
1930	108	25211
24106	2	1246
5	18	2665
10130	33	8851
6813	42	25267
22399	122	24750
24817	204	21791
1919	130	21790
24544	90	2851
22130	194	2323
23239	125	6352
24508	154	1651
1619	130	68
7035	18	22401
21490	216	7767
8525	96	3200
239	42	21275
3943	7	22686
1610	7	3112
8132	4	23018
24694	2	2512
1467	42	6841
24152	116	25025
21469	61	10110
21612	18	8204
7079	130	3150
8824	4	6639
22395	42	3755
3845	154	21544
5429	116	4695
22012	151	1191
3314	195	8493
9121	130	24594
4163	206	5055
20	18	7721
21746	204	21210
5252	125	279
23951	42	9088
23344	7	22028
24691	216	1899
24920	42	6737
9530	195	7916
8467	61	7611
561	18	1558
7835	61	8289
8584	18	6713
6120	42	7894
2641	154	21973
7	61	22053
24532	33	3670
2802	4	62
21501	130	3269
4677	216	1899
6267	42	5278
7457	90	25070
4413	16	3492
24000	89	25109
3885	130	9391
9159	18	23032
7884	40	8384
8837	18	8980
1872	108	23734
22253	2	1176
21020	216	106
9996	2	22762
3155	154	24629
4615	18	1348
25110	142	1560
21371	40	3031
7016	12	22374
22532	216	1899
738	40	22596
7436	18	23189
4670	42	5327
24241	61	1446
10464	2	21330
7843	90	8283
6435	61	24779
4503	2	8761
10045	2	7853
2492	42	1626
25359	18	7400
4486	18	2205
9401	7	2346
24951	195	25033
24523	40	7869
22289	154	5383
2058	99	7235
25176	4	3300
8313	199	24375
3003	2	255
23472	61	2227
7466	18	24257
698	40	3031
510	18	23499
24317	18	4752
2123	42	24933
8308	130	23332
9529	13	3001
10131	42	23910
8315	148	9803
3336	13	9788
10498	216	21791
3039	42	8706
4784	4	2915
7990	53	25228
3651	42	9954
4533	165	6829
6183	154	21141
2451	130	21878
24156	4	2212
10447	61	518
5285	130	24485
1231	212	453
4879	40	24443
1206	108	3803
543	204	2477
2862	18	7281
23081	2	6139
3108	124	22350
23829	32	3240
9074	18	6092
3723	125	9801
22907	42	25297
24525	42	8565
4284	46	23519
9000	42	3309
23779	42	6039
4656	96	21159
25497	139	4934
23120	2	3670
7857	61	31
21685	18	10103
10283	42	25000
3018	213	3565
25031	42	21497
9359	42	22910
4819	18	2657
9053	42	4305
7002	40	25427
24374	40	8495
7518	7	1790
3019	40	23683
3356	42	10173
8768	81	7212
2890	61	581
1164	42	4321
4076	66	1598
9403	195	9965
22704	2	8410
21383	206	24548
7107	195	5262
9726	96	7766
1521	2	6329
603	125	22176
7939	46	3414
10050	7	1363
3313	147	24093
8650	130	22519
6564	61	24755
24216	154	22951
3343	154	2441
5633	18	1478
6666	90	78
8882	42	25379
21261	42	23838
3039	42	5805
3219	18	23329
22376	12	22923
6902	4	8787
8605	7	3707
5013	42	25352
23032	216	1899
8383	90	3282
22054	125	2568
9047	4	2024
485	42	4324
5918	84	10208
9753	42	4321
7057	18	25104
24951	195	22613
21373	42	24449
4055	2	582
22210	33	970
21674	42	6990
23142	13	3001
23055	85	5663
9308	130	21109
6620	4	4515
7171	4	2504
1837	40	6974
24861	90	8158
25457	40	24323
21089	2	742
21853	42	8862
2576	4	3280
22499	42	8307
7228	116	25025
21700	42	2640
3201	42	9239
22188	154	2005
5068	61	1164
25281	61	24664
9310	18	22489
22556	61	2755
5197	42	5958
24331	42	21795
22259	33	21396
5047	42	25142
2335	61	22300
10370	212	25033
7715	42	22906
21043	4	23686
2444	212	1570
22475	18	3848
3402	90	21921
9876	33	5351
23902	42	25199
21820	90	1848
244	116	8100
24526	42	288
428	2	8366
25342	2	3957
24194	90	4722
24789	130	7385
7030	90	9886
7356	2	9804
25410	154	3534
7570	154	21791
24743	50	22785
7228	42	25074
9964	2	9259
2530	96	6339
6310	7	4706
10366	61	5334
2699	204	24629
21183	42	5504
4205	18	7017
23691	4	9804
21444	81	22730
7	4	592
5073	90	1379
3989	42	23876
23793	140	6127
5042	42	21145
25195	88	22724
5098	116	5300
8341	18	23670
3554	40	23423
23294	90	5880
4815	33	2304
9617	130	5383
8485	216	1899
7874	18	10354
9023	2	4781
21012	42	509
22245	154	21791
10431	42	24858
7409	18	7808
3828	18	22646
8384	96	2502
9769	154	2997
6169	42	24214
22773	2	2412
24432	216	1899
3731	7	7941
2406	18	24311
22584	42	21846
21747	42	5355
10289	42	8292
6859	18	22589
23652	90	2092
3237	42	7936
6765	99	21394
7114	154	7819
713	18	1808
7574	192	6874
2234	18	23295
23810	2	24344
1536	12	310
23724	89	4523
21807	195	5262
9395	96	24767
22704	2	7814
5230	42	8770
5016	212	6755
2047	195	23470
2395	7	7321
7398	18	1068
832	2	3670
365	33	2304
5061	2	21646
1550	18	6343
1143	42	22786
3489	18	22057
9618	61	25470
24875	165	2320
8587	2	22304
10445	2	3251
22220	21	23136
10041	154	68
24637	89	6106
3476	206	3624
4932	61	22265
2529	143	23309
3118	125	2512
1137	4	7927
630	103	5293
676	216	1899
8245	88	3309
22022	216	1899
7927	195	8490
5442	46	6237
5562	4	8483
6319	216	1899
9146	116	5300
4384	212	8251
4320	61	23824
21789	151	22095
4134	90	1782
7581	131	7426
22741	40	8787
9513	2	3120
4325	42	10173
5754	116	2605
393	61	24183
117	42	10136
10392	125	9925
10239	61	3723
9350	125	337
8931	115	7517
24645	130	22630
9828	90	10090
25223	89	5176
5011	2	8851
23327	131	4610
21193	4	9082
3602	130	24364
1691	131	9998
2427	42	21800
5584	4	22304
578	18	6739
1582	130	8037
2928	96	21041
3347	96	24653
5188	125	5351
10418	206	24023
3300	195	5551
2122	213	3147
6954	46	9591
2344	130	9055
1506	96	3639
22603	4	23874
24266	9	23354
25002	42	22609
8509	212	5339
7470	40	24323
9858	149	8842
21454	130	1560
9386	40	1176
1874	2	860
5211	18	2897
5720	212	2421
23441	108	25211
23263	12	1962
1788	130	24485
8972	116	25025
3186	195	22020
55	90	4785
25393	14	10269
10281	42	3779
8741	18	8204
23057	42	7252
5687	7	5084
7146	40	22864
4654	90	23258
9364	130	23868
2067	42	22266
22461	130	8807
2933	2	6722
21044	42	10036
24338	18	6481
4255	2	4769
5213	61	3758
5765	2	24344
23009	154	8293
9183	4	7026
9687	154	8630
3802	18	24112
7675	130	25211
7443	40	4524
24124	33	22414
21502	40	1783
7312	180	938
3565	154	4917
22277	96	22871
2760	130	24629
25291	18	23087
3424	42	9162
7794	130	21791
6411	42	10481
8641	33	6352
6169	40	24813
8887	154	1899
377	212	336
24020	212	23973
21350	2	22032
5416	42	23899
22195	192	7263
7513	61	23795
826	33	23135
1475	2	644
9349	116	2605
21277	161	5781
2278	41	22017
2466	90	8030
22903	2	24175
5691	42	23459
8508	13	9463
24082	90	21781
96	7	3993
10286	40	22991
7339	2	1969
8814	130	5383
6144	108	68
4150	18	5949
24217	7	2992
5632	216	1899
23778	7	1830
3679	212	22460
21225	40	7395
4247	131	21662
5423	42	1540
1496	108	68
4908	174	5121
21701	195	24446
21320	216	1899
8558	192	25211
977	18	5044
6769	42	7432
3093	116	7408
4428	42	25461
862	33	22485
24792	46	25013
24046	41	2495
9533	125	6119
22709	18	6010
2475	61	9491
1376	4	23153
5897	42	10458
8053	18	6062
10301	42	4305
3234	99	23979
358	18	8343
23494	18	22336
21120	125	9259
5211	18	25381
22833	66	9397
25238	154	426
1717	116	25025
22575	212	8235
24415	61	1265
2388	130	721
23474	61	1339
7128	89	6473
22708	125	2512
9225	195	21046
21940	2	24548
21960	33	8851
25065	108	23734
8821	131	1173
4830	99	1856
21567	90	22903
7275	108	7572
2636	90	2120
21883	154	22630
24493	42	4655
6424	131	3644
2537	42	21457
22040	81	286
8153	18	8570
21949	116	5300
21429	40	8642
96	108	25211
22210	7	1528
2190	18	23254
7511	42	22788
4436	18	23806
4841	18	3262
4127	42	4491
2915	206	22409
1875	206	5992
22953	2	8761
23894	130	6498
22273	125	10044
10255	131	1706
1270	2	5653
24369	130	7646
1322	18	6182
6606	61	6553
23627	33	24790
21093	40	7141
25122	103	5955
4115	7	9665
691	216	1899
3611	18	5538
25195	215	4374
25112	108	68
6951	2	24786
5269	40	21322
1183	116	8100
3704	206	4213
3792	42	25061
357	66	693
8722	2	21757
4762	2	10456
6728	61	736
23560	42	25394
2155	42	3728
4284	4	5015
5861	140	2146
25087	61	354
21299	7	23035
21433	61	24950
7097	42	10149
1751	116	6688
7371	42	9286
24667	204	6101
4885	61	1220
5448	18	21802
5420	4	21864
427	2	21528
1638	42	7405
8574	9	22027
3865	130	266
7521	33	3670
7489	90	25214
1036	18	23614
2446	90	25282
9950	66	4738
7154	116	5300
3028	4	556
21369	125	9804
9722	130	9301
24567	42	5504
22952	212	5767
4135	7	24090
1995	103	1357
3652	125	6207
24343	125	3881
6533	14	25211
9726	154	8861
21486	90	22030
22586	42	21959
859	116	3281
23039	130	3150
1535	99	1856
8432	130	23734
24140	61	23547
10466	154	10244
5983	42	22306
1323	2	22596
24777	88	24922
21593	4	9348
23726	130	21790
9065	125	9881
1950	130	8197
8919	41	7767
3094	12	10291
4666	42	465
22372	90	5789
6505	42	8845
1311	125	5055
4006	4	22409
6237	154	721
9694	18	23834
6639	195	8143
23740	125	1744
5134	4	508
22024	130	21052
9766	154	1405
10052	116	5300
21390	206	3881
6968	40	4223
873	33	2412
22309	14	6101
6797	40	8495
22839	18	24601
10497	61	10303
6808	42	24092
23705	18	6681
21391	38	22951
2894	2	23124
22043	116	5300
3313	148	1721
6380	4	21406
71	42	7406
8677	42	21407
8191	7	6487
2590	18	22932
23914	130	7922
7279	2	9334
9514	14	1899
22333	130	24162
3247	195	405
1257	2	8761
25302	116	25025
3841	61	21717
1789	130	25211
2806	125	24001
23729	212	4902
2711	4	9036
21470	147	4111
24213	42	787
22499	42	6235
5614	42	8199
855	42	2903
7253	154	25211
23875	2	3073
9670	4	23714
1391	13	1524
25068	42	10377
21712	125	2304
24280	4	6532
25431	206	7921
5250	61	9299
6820	154	2682
24405	201	23766
8825	33	9999
9036	130	5383
3033	151	25157
8869	42	24653
23114	130	8807
8311	2	8391
4685	2	7331
23185	55	2605
24948	130	24485
9435	130	8630
2671	216	1899
8996	14	23140
9648	154	769
10204	140	947
183	18	6859
21202	42	192
10445	46	679
6866	177	25208
4318	154	25211
6196	42	8263
9513	2	23714
24178	7	516
2566	42	3875
3009	40	22648
24883	90	7863
24053	4	557
991	2	24790
4356	90	8529
1398	40	10165
3765	212	3625
22613	201	6452
22578	216	1899
23926	4	1598
7947	4	22304
9929	130	22630
3008	177	9841
7251	40	1168
23187	70	1387
2102	206	24293
22401	18	25116
6777	42	9082
3658	18	23217
23149	2	21406
4001	195	5944
25163	4	9617
21103	42	5504
8271	18	10141
3877	96	24128
24441	36	24629
4598	96	10122
6162	42	6595
2485	18	22343
24457	64	3060
3795	130	23477
7408	119	264
7569	33	22414
4359	42	2536
4780	7	3543
25492	98	22785
7718	42	1598
2302	81	22730
3486	42	25362
5847	206	9447
4763	42	6725
22350	130	286
9177	42	25379
6422	212	22613
24180	61	1565
4716	42	21976
6428	134	7254
3219	18	7340
2519	7	6977
8764	18	24943
9774	42	1487
21671	42	21906
23663	18	6189
21956	18	875
21641	42	1129
7588	192	6609
10024	116	6688
294	131	6614
3798	42	21457
1555	33	22176
24562	95	8740
6128	154	68
23396	42	2392
1065	125	6446
3778	33	5926
7063	42	24354
22763	130	23332
6627	4	1078
2744	2	5744
25240	96	7225
23292	42	6809
8053	216	1899
3312	18	9444
21661	131	1154
7651	151	3358
528	130	21973
23189	18	7436
7864	46	23519
796	154	1917
812	108	7263
8316	2	7395
5425	42	6081
3241	130	24364
21893	61	21443
7349	216	7767
25398	4	23842
5942	61	1673
5927	4	9626
4966	45	3240
24713	18	21696
1126	18	21119
23605	42	3555
261	42	690
24913	154	68
24607	125	2304
10265	130	22630
3179	116	25025
22371	119	23462
3342	90	10179
5538	18	7261
2057	213	22881
1511	2	21440
2292	196	9756
22931	2	7107
1625	41	25122
8760	212	21646
6542	2	6722
9698	42	3393
25480	33	9522
22807	18	8707
674	18	1522
9912	18	875
7014	4	5708
8502	18	2281
24163	216	1560
9229	116	7408
4356	212	1108
1307	33	2304
5753	2	7410
9314	2	3422
23344	2	8761
22455	212	1499
1858	18	1936
4846	18	22993
2417	33	2304
25323	120	21083
7346	206	23002
10127	42	8298
21427	139	2412
23925	2	2339
6679	4	3152
22656	42	8370
7815	42	1052
24352	42	2676
2322	130	538
22568	7	25231
8181	216	1899
6197	154	1899
2130	56	376
10460	31	6177
4414	154	6101
1377	2	4769
25132	212	1108
25107	42	9714
23101	42	7756
10369	61	3549
4623	42	5009
4348	18	6681
6772	11	1411
6121	216	1899
440	42	24361
7613	40	25149
3649	130	7580
22549	103	22466
8220	102	23731
9447	14	68
6884	212	9881
25484	15	23734
21320	18	9630
1065	61	7037
9458	42	10004
2295	41	2858
1085	42	21428
24406	61	22111
446	42	2386
23915	61	515
24440	212	3719
25141	33	22414
9142	151	23453
5934	151	7303
7413	108	769
21748	154	6663
820	108	23140
755	33	5926
2962	7	3468
22991	154	25211
10264	4	8439
1770	18	922
959	116	24853
21438	42	6461
10096	116	1964
5816	18	1279
22152	66	3293
8106	108	3244
5527	7	24780
21083	56	23886
1990	18	24569
3475	90	22182
22772	90	21709
23096	13	9463
8526	18	327
3375	206	944
9717	42	3533
7892	90	3085
2292	43	6802
896	125	5055
23383	33	3881
22640	192	721
3145	216	24485
7908	204	1560
23898	89	23028
4957	4	22762
1290	33	7288
4387	212	24458
24507	216	1899
7715	42	22450
270	140	24472
840	2	22766
24302	7	1520
21909	108	8807
24589	2	9435
25008	2	10065
2874	154	23998
23864	199	22749
9910	42	9194
24339	61	25249
7510	112	21158
4873	101	6197
22449	56	22905
10114	33	23791
4943	18	6192
24308	90	511
8767	154	24928
1247	90	8147
3886	18	7340
1711	7	767
1930	7	8637
3604	42	8724
4052	130	5383
7687	125	8374
22179	2	23817
22273	108	8807
4826	46	2554
1245	215	4374
4709	116	25025
930	2	4638
3150	140	4045
9000	134	2114
25128	96	1985
1561	212	25038
8500	212	8455
23271	61	2738
4132	7	8464
2878	108	23734
3311	90	210
9300	18	9490
9552	90	1188
3804	33	3881
9167	125	9759
5244	212	4769
8581	42	23146
3128	130	25211
23984	18	6133
22688	108	1074
290	12	23909
8204	18	9477
24491	4	7639
2203	96	4871
22212	130	22951
7686	2	21351
24692	116	5300
9951	154	21210
23966	42	3242
2088	148	8330
23114	206	6768
24880	18	3199
1418	42	25000
2923	18	8342
7234	102	24128
23956	18	183
23132	154	6762
1620	18	3946
148	42	7894
5003	90	2974
4389	13	204
25469	140	4045
4024	195	22414
1709	45	3240
23483	195	6157
7810	42	1601
8075	18	8517
21763	206	3719
3555	130	8037
1631	7	8207
2595	2	22032
1483	148	3309
2374	40	21625
7779	195	7779
6040	212	6146
2079	130	68
4175	42	25461
8335	131	7998
24138	154	21973
25203	2	9804
21205	42	4702
5629	130	3718
21367	40	2504
22708	33	2512
33	33	6065
5672	215	8396
10223	13	8232
25095	7	4388
6504	206	9259
6327	42	3551
4985	33	1000
7290	2	392
4298	42	2756
24504	14	25211
6688	35	2015
1069	4	8483
8452	7	2279
4149	90	24273
4982	42	3020
9844	18	8707
23310	130	24400
5954	40	2397
1422	42	22422
2558	154	25200
4724	115	3273
4738	58	5076
25326	130	68
5978	154	6944
24842	18	4079
2085	33	22032
21087	125	6847
25173	4	919
5558	154	7767
23219	2	21646
23584	2	7007
1798	195	22228
2566	42	24077
5254	18	122
5562	12	310
172	165	6829
977	18	6742
5455	40	10007
2788	154	7767
4002	154	5349
9915	90	22474
6175	42	8299
8568	42	3551
4083	199	2826
3887	47	21608
755	4	5926
22117	42	436
8478	7	22087
4463	130	3803
579	216	1899
4987	18	1073
22321	4	1754
24029	2	4813
1511	212	21440
4150	18	10376
24543	42	23458
1906	42	9188
7738	2	6069
6793	212	2638
2361	42	3741
47	42	1843
22509	7	2090
6737	96	10458
7213	130	21556
5378	212	22020
1213	154	6498
22890	130	7632
23644	116	7408
10497	4	7078
5241	130	7538
4016	2	22409
2210	42	1043
4287	140	24629
2553	61	2105
606	154	1405
6834	90	1500
22283	177	9082
7869	130	8807
5608	42	837
2861	42	22079
4251	102	24860
2469	108	22785
22714	61	7119
5347	2	7747
24719	99	2398
23575	7	9292
10348	125	23973
22986	42	2447
10496	130	9581
21340	42	5140
151	18	9205
8089	40	2644
407	2	7107
22283	42	6595
10322	4	21623
6343	18	24169
24273	13	9463
370	4	24050
3875	154	5383
5363	33	21623
9333	40	2506
23527	61	319
3085	33	23714
25124	116	25025
9255	13	9463
22009	148	2745
1438	38	24629
23931	61	2597
10209	42	23387
1419	131	4346
2003	18	6664
22281	42	985
5414	2	22613
2299	2	23891
52	151	22492
5207	18	3444
10311	18	1410
4009	154	68
8014	33	9098
8187	18	4713
9139	125	453
8477	42	9518
24430	42	2184
1625	151	920
6269	216	1899
4414	154	2441
25087	33	7073
6575	108	22298
9481	216	1899
8528	87	21791
4874	96	2691
4937	42	22277
21693	130	8807
25457	42	8299
23710	96	4142
3476	195	3624
22307	42	23695
6621	56	7767
24300	131	1669
4095	90	2138
23713	147	3089
2681	130	24177
9669	108	23734
21597	2	24548
6994	61	9305
251	2	25330
7554	7	8085
7962	125	10044
6791	40	21199
6828	99	21394
2901	42	5866
22	206	24469
22727	96	2942
9661	33	9965
2835	42	23192
162	33	23714
215	108	721
855	42	1487
425	216	1899
10469	90	7197
9287	96	1546
9883	130	3370
1944	216	1899
25242	204	3150
22300	2	10044
7733	154	5383
8268	130	21201
7058	216	7337
1980	7	3428
5106	42	5272
4525	108	266
2282	37	5776
23892	154	21791
4640	130	24043
2040	18	1352
8281	42	9615
25450	130	21109
2605	63	23185
4946	2	9804
3652	61	9054
23443	7	2279
24624	42	24056
4935	42	23550
21879	33	8490
4261	108	8924
6274	2	22762
21404	90	9555
1751	40	6130
21172	66	23531
25195	192	6282
5892	216	1899
3560	130	1411
9849	18	6046
21148	108	8807
6554	18	3363
8403	186	21462
5059	66	25156
24263	68	10261
5907	42	6853
23706	206	21623
776	42	25019
10470	7	2888
22526	2	7288
936	55	23704
24124	90	5731
6326	2	9804
896	4	5055
5292	130	21790
9781	206	8410
22247	2	9711
10441	4	25042
22335	98	23978
7684	42	10136
1351	61	2191
23829	45	21002
21979	216	3370
24845	42	5583
23153	195	24458
23619	96	22923
22248	4	9804
24153	90	21597
2465	42	22641
5138	4	6480
9210	130	9671
8068	90	2089
1910	2	22456
8142	42	2385
4365	42	4222
7984	131	8335
9193	14	25211
22117	42	4080
8819	108	25211
21023	177	1399
24398	122	9385
7147	102	1201
483	33	5919
5114	33	1744
3283	4	5926
23604	154	6003
4864	125	10044
8331	51	4182
4227	90	1646
2199	2	22032
2490	41	23309
21388	42	7451
4649	4	6847
24801	206	5393
5214	89	3369
3406	130	8807
23886	140	22965
25014	42	7203
25356	33	9522
8950	42	24933
6547	216	1899
4899	42	21491
6818	18	1352
7880	130	23868
7778	196	24485
10404	90	4892
1543	89	24949
4370	41	4917
21749	2	1000
1364	4	3209
23129	18	1004
6190	65	8458
10484	108	3803
25344	2	8940
24307	90	6410
3742	154	22466
10468	41	24629
8216	40	9981
22691	38	21289
9844	18	4221
701	33	8374
3012	33	2304
23587	72	3562
23322	130	5383
22245	99	1346
21126	4	25064
3929	130	22689
8950	116	5300
10091	116	6688
9582	14	23734
22477	154	5383
4239	204	23793
3950	2	5517
7133	98	2470
8282	61	4661
5428	61	1315
6750	42	6508
24897	108	8807
5934	89	225
2124	4	23153
753	203	5189
5081	90	21755
23570	139	1686
23127	90	24897
6348	125	2304
7325	40	255
24820	42	6359
9626	130	4027
8881	42	5315
9740	154	1805
3388	180	6325
21436	42	1854
4430	4	7374
10029	42	212
7545	108	8807
24270	196	2712
10411	216	21973
24184	108	6255
21341	125	8851
24548	130	7140
24826	99	5290
24256	7	0
23348	130	8807
1122	42	7467
23587	130	5349
25409	18	4566
9744	216	25336
2509	102	21128
826	125	7469
4794	42	9634
3874	89	10010
24911	33	4259
1827	18	4184
1472	108	25211
978	2	23151
1891	216	1899
3501	154	22298
9758	216	1899
24304	42	9396
21014	154	23734
9556	4	23972
2953	108	24594
25176	33	7814
9819	42	6811
22949	42	22358
21010	2	21414
22075	130	22769
362	90	5102
7089	2	5926
5708	130	5383
9146	42	1601
23245	42	8803
6646	42	8565
1385	42	8492
10286	42	2362
6412	216	1899
21014	41	23140
2664	4	7312
21998	61	2071
7683	42	4310
23365	216	1899
24064	61	22784
4794	40	22871
23614	18	23259
24523	42	7865
21778	2	24458
3166	42	3933
21862	18	4208
23714	206	8826
24310	42	733
66	42	7451
23355	102	21128
22181	15	5383
4822	99	8780
6570	66	4083
25430	130	10181
10299	96	7296
24575	42	1324
351	90	9679
22674	125	453
24816	90	3140
25050	130	1411
10416	2	5127
8937	2	2782
23959	90	23716
970	65	7026
6600	201	6543
21741	42	8565
5047	42	24000
1986	130	2441
6129	130	8293
10409	130	5383
4418	98	7580
8267	31	1044
142	212	9334
25277	18	3956
6606	7	4232
8980	18	1169
22105	96	3187
3831	2	5847
6866	116	5300
2602	2	9827
21876	147	4710
800	61	7873
24346	2	2512
7018	18	5566
9549	42	5342
4012	116	5300
6157	98	23978
22530	154	24629
22777	90	9550
1905	4	8851
24565	42	1343
3642	90	830
10427	2	7374
5768	4	1000
5668	2	23505
6765	130	24930
23718	42	9972
22671	89	24351
6541	96	21129
23077	96	813
22053	2	1510
6888	18	23372
21253	154	4421
22201	4	21390
1695	130	24629
23263	116	6688
23615	18	8042
3778	125	5926
21461	99	1856
22492	151	52
25393	89	8266
5829	130	10108
1677	154	21791
698	42	24640
5069	108	23734
3639	154	5383
1899	103	331
2619	131	25006
4802	108	21583
23722	42	5144
24484	42	24752
21759	18	10461
9663	90	547
6989	216	1899
6772	1	1411
3385	42	1707
23396	42	24973
8846	42	1945
22675	18	21303
2580	125	7469
25153	4	5520
3944	42	4305
22043	42	4231
25295	125	3670
25308	188	4717
22285	40	23769
10008	18	9613
22575	90	23230
9387	42	3962
22904	46	9697
1322	18	24112
23687	61	3735
25444	4	1000
21721	154	24554
85	42	9842
4827	14	68
598	42	7945
2406	18	8935
10410	130	22017
1220	90	4885
9129	4	9082
8980	216	1899
22185	216	1899
10205	99	21394
4006	125	4902
22981	161	21161
5311	216	1899
23034	130	24177
5748	90	23574
1939	125	25219
2231	216	1899
2667	61	24385
25089	116	25025
10227	108	25211
2383	42	23945
2162	130	4421
6886	33	21744
3281	15	6404
3118	33	2512
21825	90	9794
22731	130	23998
21632	90	22723
23756	140	4045
4204	42	2912
5330	40	4506
6349	42	1139
22840	130	6705
4969	42	6693
22196	31	9312
8726	2	2024
6509	18	2173
24156	33	2212
25363	130	286
1464	204	21791
22665	61	4133
7655	2	2782
3585	102	8643
2965	149	2965
6500	102	4446
1741	42	313
7586	90	24806
7326	61	22865
21276	42	24653
7587	14	21790
297	18	8042
24537	42	6329
9955	116	24853
1130	216	1899
10496	130	23978
3096	18	2902
4488	96	6740
21119	18	4683
22433	42	2502
23995	212	1000
2700	42	6595
2436	116	7408
10062	61	1389
915	42	22079
6195	103	25472
3148	18	5190
21005	154	8807
22940	131	21748
2088	148	7997
9420	42	1025
7961	206	21536
22825	90	24346
4776	33	25219
1148	42	7348
8798	90	2424
10419	154	25211
10289	42	1129
21171	42	860
6540	98	5383
8107	18	21309
22945	18	2665
600	42	2741
2603	42	9267
23599	40	2015
23694	15	8807
5201	42	7015
9895	102	552
7362	4	25397
993	90	23652
160	130	9141
1226	212	4360
6267	42	23022
2224	151	2407
1981	116	24853
21504	4	7639
22275	18	7281
6978	4	24993
21675	2	24722
7429	2	557
1858	18	21580
21661	131	9115
9640	130	2765
22386	33	8143
2014	125	6241
7342	90	801
8020	33	23
3232	140	7703
1136	215	23070
8771	42	788
3062	90	23413
24950	90	21433
23105	7	2227
387	102	5957
1263	130	23980
5480	42	23469
4482	7	3701
351	61	25356
24700	216	721
1702	66	5089
24331	40	21501
9805	116	25025
9411	42	25136
22515	125	1412
7760	33	2512
7107	154	25211
505	42	8212
23718	42	541
25063	131	2481
22928	72	22744
5101	42	22415
4388	212	279
5653	195	4077
7473	41	22854
9125	108	5383
5858	89	25370
5966	42	5388
5641	18	419
22488	42	23279
2172	90	8191
304	154	25211
6220	61	10497
24407	13	22735
22728	4	3826
8147	90	23488
5611	42	22079
561	18	6528
22908	42	23304
1595	101	24435
68	16	25211
23882	61	83
2665	18	6901
1433	40	1456
23706	206	6868
24221	130	23309
9005	216	721
22038	42	24933
2241	56	630
24626	216	1560
25009	212	8996
510	216	1899
4890	2	22762
7600	4	4640
714	108	8595
9534	42	23381
8312	130	6404
21667	42	1657
2350	31	7234
21432	177	6069
4441	125	230
213	2	22762
5650	18	2960
22869	2	22762
9074	18	5538
21714	216	7632
23795	33	9965
22496	154	2786
3984	42	6381
5683	90	8076
25349	42	9378
21163	90	631
4753	42	9163
6168	154	68
21779	206	3223
1908	2	8761
21706	140	24472
23483	195	9407
2139	96	2676
2058	99	7953
10187	90	83
1299	42	23573
25246	4	1618
24965	206	1000
21830	42	6628
24840	42	9560
9773	18	7248
1259	33	1108
24429	46	6237
3232	140	9199
3523	134	643
25389	4	6352
1892	212	22414
1664	154	1899
24341	33	22762
3478	42	4920
24737	42	87
21251	18	4997
20	216	1899
9086	33	8851
7413	90	24903
7245	36	3718
205	148	9988
24718	216	1899
2704	18	23224
24020	90	9678
8593	90	1112
4649	7	1701
2509	130	3330
9269	2	8761
24347	60	24128
21115	18	22052
8371	130	24629
300	96	5332
21843	18	7466
7789	125	22335
25179	154	23140
24334	130	24513
2418	33	8493
1696	125	23135
24342	5	22887
2556	130	5383
5447	4	5460
21740	131	22024
4832	7	25062
22412	61	3526
22145	42	6081
24469	65	7078
9258	152	2304
2612	116	24853
21822	42	5126
7230	2	6722
24834	18	23494
21380	42	22415
4450	116	5300
4384	4	22845
5856	125	10044
24176	61	22199
10166	108	25211
5145	7	1227
7159	125	6352
3961	40	24580
9924	216	3150
2892	4	22414
8030	61	2466
8209	18	6133
5431	191	8918
197	90	3088
9122	42	3820
9464	18	8636
8073	42	24908
5030	46	3641
3365	130	23309
8114	4	22174
21111	154	25211
24681	90	24625
9325	2	24446
4590	40	21199
6626	38	22802
8890	125	6764
2077	108	25211
1737	206	22460
2734	212	9801
7402	125	2520
21069	18	4379
191	2	1463
8885	42	24973
1918	212	5062
9804	139	24652
24148	125	8851
5243	42	24098
10046	42	7639
6175	40	25199
8211	90	6501
3974	42	23891
21331	90	22254
6774	7	21572
7854	42	1695
26	2	22120
24716	18	6852
5193	61	7784
8795	42	4637
5374	195	24175
5682	35	24797
9026	195	6152
22281	116	6752
5760	61	10081
6738	18	4417
7152	42	3309
5102	2	25234
21937	4	9714
22523	2	22762
21964	116	5300
4473	42	3230
25341	33	5926
24068	212	4976
24615	2	320
6588	4	7288
9510	18	22922
6483	130	134
5584	125	6201
10371	42	22721
5075	4	582
10395	40	22233
2585	90	7392
7985	4	21646
4206	4	5351
4483	215	4374
6751	42	22979
1654	15	68
2405	33	21744
3493	2	4089
9129	42	6595
7432	131	3207
6481	216	1899
22364	42	4975
578	216	1899
7256	42	5446
2674	46	7379
10254	116	25025
4629	212	23068
5409	11	7178
937	18	22587
4752	18	6189
9859	7	22074
4878	212	24446
6170	42	10082
5286	42	10481
9850	125	9965
9747	40	22211
2661	90	24676
9915	7	7848
8102	42	3932
6020	40	7029
22685	18	3117
22688	90	21516
6864	204	7690
24458	206	5944
1465	61	1847
10276	83	9567
1081	177	9082
24856	88	1986
1286	18	6333
6167	61	23419
24946	33	22231
24544	215	24123
3042	154	23821
3427	4	6532
5257	2	24975
4032	90	4795
8266	11	7819
10188	96	22500
24175	195	23047
3002	157	8788
5506	130	22905
4441	33	230
10146	40	1341
21970	130	22630
5691	42	24287
7284	18	1924
1901	42	9107
4626	191	9883
5648	7	7623
2618	61	6110
25070	90	3427
24709	216	1899
6902	42	5504
5441	18	2127
3119	216	1899
22354	216	1899
7345	90	23871
24764	131	22500
23736	7	7334
21815	90	4999
216	18	4943
23173	90	843
8240	61	178
5046	7	1226
5737	42	7467
2775	4	10382
25080	154	3803
25440	42	8723
8536	216	721
21502	116	23185
24691	18	8343
1928	204	721
6274	61	499
6785	90	4829
21306	125	22460
5924	61	2366
24265	42	8845
25453	154	3803
24746	140	25374
21309	18	24260
2177	42	1298
1334	151	21756
8080	42	5355
22421	40	556
2552	15	23734
4605	18	8636
9723	42	4906
7632	120	2146
2684	116	5300
5441	18	24359
7574	192	22158
8990	2	3120
8730	151	23422
9450	108	25211
21145	41	8037
4075	42	8603
9441	195	8544
7748	4	962
21115	18	23282
24074	2	6146
56	4	22032
22465	90	7453
25471	40	1456
1120	130	23734
4765	85	3850
8845	201	3643
890	131	7943
23194	46	3349
23450	21	7767
3908	18	1775
9369	21	6101
22253	42	7245
5800	42	8390
6782	212	23570
1553	108	2579
24325	18	5949
5423	40	1708
9965	195	6764
4657	154	5113
7650	18	24618
215	7	23917
21375	40	4515
6296	42	23009
2878	61	23986
23872	102	24189
7759	40	4524
10454	89	23179
695	2	22116
8362	42	5630
7370	206	9403
2407	96	61
24018	61	10472
3559	18	3966
24549	12	5690
21184	2	22613
1272	4	24975
9860	151	2687
22295	125	8851
23434	102	6033
435	14	25211
22552	199	25158
2965	42	6036
5943	42	1274
3896	154	4893
1090	7	9081
6090	195	9881
1881	90	390
21526	4	6259
412	2	4181
8508	90	8059
4990	102	9250
23700	7	21816
10405	42	9984
5815	130	266
4183	42	22358
23442	2	21527
21606	216	1899
2215	212	8232
23005	4	4886
10383	61	23270
21841	40	9971
5276	2	2512
24280	7	1537
6204	90	233
4773	2	8787
21585	216	1899
4070	96	7596
21517	4	21390
5934	102	23965
2980	154	4421
5979	212	10280
6077	61	6667
21994	130	23793
3430	202	331
10069	154	21973
7711	108	5956
25144	7	595
2934	7	3225
5897	4	7516
3924	216	1899
5011	7	24892
6309	33	5351
9375	216	1899
10410	130	22639
9862	2	22304
5792	154	25211
22623	90	3703
4159	4	9722
1908	108	23734
7602	61	8844
9735	40	9981
21935	125	8851
2028	61	8958
25302	42	7749
9686	130	9141
255	130	21790
2669	154	7580
10458	96	6737
1494	134	643
6690	180	4241
4669	204	24629
9578	7	7060
6655	90	23214
22708	4	2512
5778	18	2665
7612	130	865
24536	33	6352
2315	130	6282
3344	33	23570
9897	42	196
435	130	21973
1348	18	1342
7087	216	7767
4567	46	8226
3175	212	6540
4703	90	7560
22819	96	3643
3043	2	2472
8663	154	68
2906	154	3936
10037	151	21178
21690	33	9956
2421	98	2414
22104	195	520
6200	216	3150
3591	175	170
22260	42	22079
24884	42	23928
983	148	8661
23928	89	4772
1353	40	4555
809	61	10366
22112	130	68
10188	154	4421
9420	4	9714
9498	131	1373
3251	154	25211
3051	40	24685
6085	42	492
363	18	23189
498	42	10381
968	42	1458
1158	42	4954
8343	18	806
6954	42	6895
604	36	997
23622	90	24186
1971	149	4210
10207	40	4433
9002	61	9500
2712	216	10208
4663	18	6192
7092	147	24109
9775	90	2799
21970	99	23601
1980	125	9742
4170	2	1391
23904	12	9263
9062	18	1661
23361	18	4073
9949	212	7415
2643	96	8967
23716	125	9804
7523	125	7073
10493	30	10493
999	61	5820
6145	175	25030
7455	14	25211
23034	130	24513
23160	90	8005
4503	4	24975
21897	90	25196
25156	130	2848
5803	4	7288
3581	42	1657
24339	7	23488
4266	7	23701
165	90	8291
5949	18	10376
23119	116	7408
6436	33	24446
4710	148	23713
4460	42	22266
7724	42	7000
6433	96	7661
1659	192	106
22303	116	6688
2777	216	3718
4899	42	2232
2191	61	7498
22837	216	1899
3211	90	24707
7667	42	5642
22351	2	2024
21804	18	132
21543	154	8807
1983	18	7436
9265	125	6526
1993	61	2229
3283	33	5926
8666	131	2329
6855	2	5062
7205	61	21258
10485	61	22326
111	154	22017
4160	14	23734
24009	42	4655
1894	42	2304
10072	125	7033
24808	61	699
24187	40	21199
931	70	3567
9044	18	22464
22784	90	24064
21892	2	9193
9444	18	22183
8959	14	21791
2642	90	9652
22586	116	5300
4596	42	2232
24936	61	24934
4718	40	293
24888	90	2724
4155	42	2660
2411	42	7862
6092	18	22183
513	4	22409
24402	108	8807
3108	154	68
320	175	24615
4090	56	2589
23652	4	1798
4814	18	3633
9606	130	2311
5552	42	1911
6742	18	5745
22061	66	8438
3394	42	6704
21537	4	1078
10301	116	25025
1279	18	5816
4750	4	22414
4317	42	1598
6177	41	2765
4625	18	8647
21371	149	24077
22268	42	23304
1219	154	21210
8504	90	24916
25111	115	128
22142	18	22789
2327	42	23069
8369	212	6257
21088	61	5158
4225	18	7868
24630	7	8147
22845	98	23723
5762	195	24437
1487	130	9581
22140	42	3829
3984	40	23769
1638	12	22104
7363	4	23096
9005	42	2251
5275	2	8761
8369	140	6127
3357	130	24229
3072	7	8464
8190	2	8851
3096	18	5834
1772	2	4302
22726	2	9207
5100	42	23495
24544	88	1437
8976	2	22648
22867	46	9953
23862	90	1682
22521	42	21926
4061	130	721
2342	108	23734
21300	40	4300
7179	216	1899
2381	61	23488
6360	131	2928
9568	42	2705
5966	42	21250
7999	7	9130
22930	42	3949
1069	2	201
2983	7	24780
4162	42	23543
5116	61	1056
8421	154	5956
22000	7	8098
21763	195	24581
22111	212	2181
9685	33	22176
5301	130	2441
21672	40	7717
1697	33	23391
5862	2	22613
10081	90	5760
3110	216	1899
2744	125	5744
448	90	2439
9074	18	4987
9932	4	21528
1543	130	23309
7739	90	21572
9631	96	2038
1956	216	22418
24134	90	21815
979	195	21725
494	154	25211
10139	18	25277
8545	103	8337
1225	130	21989
7027	195	4418
3839	7	587
24122	42	7756
902	195	23721
7443	177	445
7299	130	10390
156	18	8434
24058	18	10262
8195	40	6665
9678	2	3401
7512	140	7138
5237	40	6462
10240	72	6323
10490	96	8486
1546	201	22350
24984	130	21210
384	89	23179
8771	42	22516
5311	18	7836
24403	116	6688
6150	216	1899
24320	212	9801
7490	212	24975
23175	93	8558
1018	90	24874
1167	90	1988
6388	42	9797
22758	42	1180
23330	125	3023
1130	18	2675
21597	90	9314
1579	40	21199
9429	40	21511
643	130	868
24596	115	25204
7608	147	2745
8422	42	2717
21725	139	979
3565	89	4523
3608	4	23359
632	108	25211
3198	154	25211
6977	61	2952
22706	130	7578
24484	42	1840
21813	130	23734
330	192	8807
22932	18	23121
2222	125	21623
23018	154	68
1103	2	24548
3862	4	623
5125	130	5383
3360	108	8807
9543	68	2477
410	130	68
21413	46	23201
2962	90	22224
24891	2	3670
3593	154	6101
24550	2	24446
6153	130	24717
4089	130	23332
9420	42	690
5143	46	22859
21548	14	22951
1821	111	8037
24502	61	135
2532	42	25306
9739	131	4210
10012	42	5791
24835	154	6101
21798	4	24975
24191	33	23437
24302	4	557
3861	130	3685
2152	212	22414
1521	42	22819
24112	18	4668
9761	2	7073
6421	195	3809
21292	33	1412
9742	195	21926
614	42	6499
399	40	5063
10397	42	5574
8821	154	24554
1402	18	4819
23692	61	7194
7854	4	21473
7960	58	10026
3385	42	2416
4921	212	5551
21883	131	4346
1895	2	5653
8311	40	8391
358	18	806
2680	90	5851
23061	125	9100
2914	212	7011
10210	61	1756
7048	2	3670
5172	195	24437
23674	2	7073
3071	18	3457
22914	42	24522
7582	42	2761
1390	2	2624
1638	42	8361
772	116	25025
5584	7	5105
5236	98	6753
22501	42	5272
8320	116	6688
637	7	10145
6570	68	9975
3696	115	24748
1244	18	9062
1987	154	10030
22280	4	5926
1944	6	5776
8081	40	6052
21896	12	6722
8591	90	5318
10244	193	9700
25150	42	3827
642	4	5621
5271	89	25109
4399	212	24790
5328	40	21415
7500	130	2859
24338	18	4668
22195	40	556
3213	35	7395
1321	90	8425
3141	42	996
7237	216	721
25323	120	9539
8485	18	2663
1909	89	6473
23309	216	3150
22269	42	9396
4209	125	7288
22468	212	24975
22322	125	21623
24361	130	68
8194	125	7133
8792	116	2605
4993	42	1843
7279	61	7681
5617	195	22845
5763	206	9123
5638	90	21521
2609	61	24088
1737	130	23576
4166	130	1075
1296	61	25231
8052	40	335
2887	154	21791
9705	61	23274
9785	90	22210
5288	18	5190
23535	2	3881
10178	131	7535
6219	33	2915
442	41	23734
2053	42	2741
8445	2	25234
2	4	6352
24461	42	21981
9047	7	2567
9957	103	7819
39	90	24664
165	125	582
4313	154	8854
24885	42	1129
3261	42	839
5080	130	24177
1051	125	8357
9272	18	23580
5381	7	1198
5616	18	23071
8564	33	7469
7583	46	3557
22844	42	6137
24231	125	6352
25178	2	24548
1679	18	23259
24729	192	21790
751	4	2304
3416	212	22988
22273	108	5383
2409	125	3881
1728	18	2593
283	215	1964
24809	90	9834
1150	42	23069
25283	42	4195
8623	89	41
1162	90	24148
2042	212	6352
6982	89	811
3977	2	7472
23479	13	9463
21807	98	1641
24482	125	24786
9466	2	21406
366	33	9965
8165	61	22054
2510	18	9613
24820	172	23373
1877	96	787
3969	130	764
8191	33	8490
7415	13	22735
6601	204	721
21276	42	22641
21072	116	5300
8050	204	21791
6658	4	2512
2347	112	866
6228	216	1899
7446	174	3066
24301	2	21406
9176	116	7408
2460	4	5339
5802	42	8845
8200	90	23502
1760	42	5958
22777	2	5617
7958	4	6028
4414	130	22630
6154	96	25475
8249	130	6705
8587	7	2588
1620	18	23849
1747	212	21459
7869	96	22754
2030	40	255
4287	2	4515
25399	125	24021
7766	154	23356
1629	119	24399
2429	130	4064
4257	7	22319
4062	212	21846
6445	212	22176
3940	130	22630
10227	90	5973
5371	101	3412
4406	116	5300
3877	130	9557
8224	42	23397
1110	154	2471
9139	33	453
997	56	6802
8722	4	8642
10416	4	5127
6495	99	5231
1824	33	21440
1130	18	22401
22110	18	4668
9871	154	9367
869	216	3803
2895	13	9463
2226	130	23734
21100	61	21096
23761	148	2745
1596	12	2809
2639	216	1899
8439	180	9524
9828	13	9463
3872	195	24437
23336	130	7263
21803	61	4081
1567	62	22576
22511	33	10044
24237	46	23272
23095	90	23679
2632	199	4497
6658	2	2512
23186	154	22158
21167	116	6688
21111	41	68
10031	2	2624
1084	38	6912
2709	2	5944
7179	18	9272
275	130	21973
22544	116	1964
21905	18	8631
24420	89	10010
1669	131	10468
11	125	9098
4140	216	22549
5585	131	3180
8127	102	21858
2715	18	22902
10313	18	9784
25222	7	9255
9832	131	8525
9214	154	21887
4922	4	5271
72	4	10418
7908	154	1560
21862	18	25481
1227	212	25219
6655	7	443
3937	33	22460
64	42	21101
22955	61	5041
10236	42	9423
22143	131	24896
22004	42	22310
10182	2	9615
5798	111	24177
24482	7	1210
22813	108	6255
9940	33	9940
25078	130	6663
21706	140	21435
1531	90	8645
22522	2	8225
3072	125	5926
23471	96	1419
24348	130	23309
10432	115	3273
24102	18	2134
2381	212	1000
4830	182	24321
8928	96	5156
5330	4	4506
5355	41	23309
7961	206	6157
1882	90	10464
7008	12	22716
8346	151	9009
9363	96	23169
4330	18	8578
10131	40	2442
1109	125	9965
25430	102	24012
24327	61	4457
23924	90	6376
3216	46	5271
6109	42	8610
24586	42	6699
24938	212	21701
10486	90	1310
8004	154	4881
22155	131	3644
7018	18	4959
9891	42	2437
23337	42	2794
9223	42	22490
2505	42	25401
25300	33	24023
2037	7	3701
8295	61	9759
21156	4	1985
25229	2	21406
2737	90	2357
4869	90	3752
5691	42	509
10002	2	23124
9227	7	5962
1197	41	21569
21152	116	24853
24066	4	2024
23689	2	8490
21445	12	6591
7814	195	21846
6529	42	749
3126	58	5076
129	40	9426
9402	42	3820
21745	2	7405
21191	2	24789
24431	61	5518
3711	212	6847
3723	61	10035
1535	99	24185
22821	61	682
213	125	22762
2202	4	255
8014	90	23958
24675	4	3209
652	2	9971
24951	195	2304
23747	4	6544
4261	7	10273
22481	154	23309
726	90	4257
1704	42	5779
23399	7	5361
1221	130	21556
2119	108	25211
9995	18	2590
7814	206	1000
2020	14	68
8440	18	8735
5540	130	22951
7335	154	10269
10037	131	21178
5428	2	3186
22620	61	6994
21713	108	21790
5159	13	9463
24107	96	6084
21039	18	24211
2953	2	2782
2067	42	21945
6181	2	23714
696	61	7244
7088	90	4737
2660	130	1839
10462	85	8780
1863	90	4412
21230	2	9801
6453	4	9626
24175	195	8232
5571	131	25157
3462	102	21192
7985	33	21646
8203	104	1839
9491	61	21773
24980	125	582
23218	4	9843
8715	61	343
24504	130	5293
2490	154	3150
5321	42	7410
8799	108	21791
21539	42	25461
9685	2	8761
22052	18	21115
5761	130	23978
7579	46	24409
1809	130	23734
3285	40	3266
24758	125	22414
2601	2	8230
21035	212	6768
1053	130	25211
1912	7	5521
3921	130	2471
7219	206	22409
3696	199	6690
6548	108	25211
6804	4	21846
2883	42	3699
21752	33	5062
4499	42	5233
3142	125	337
21079	154	6003
8785	42	9194
23169	96	63
22281	42	3458
23624	13	3001
22722	212	24469
4069	116	5300
4367	89	4772
22844	4	22906
745	42	5779
23732	131	920
5246	65	24975
6161	13	9463
3337	4	10082
67	151	2290
25014	42	23226
22915	165	6829
2710	130	68
5440	61	7752
22556	90	23088
5596	216	1899
5544	4	24360
5007	99	21394
24365	130	1560
5728	125	6190
10455	14	721
9254	7	7093
4480	42	7876
9536	42	527
1342	216	1899
5019	212	25032
3476	206	22845
569	61	883
21793	33	3875
23772	40	252
7831	89	1490
25004	201	5829
25260	2	6065
5168	154	331
21638	42	24653
6555	46	8720
10389	125	4564
3127	192	1839
3296	18	21251
908	108	6255
8877	2	3625
25223	154	10108
24307	61	6701
7950	42	8199
24718	18	25339
3220	42	23512
3743	42	24973
200	46	679
3826	206	1570
23418	42	7236
9198	216	2997
9746	125	1249
24017	4	21471
24466	42	22075
8448	125	2568
7561	96	7432
423	212	1108
7885	90	1747
3986	18	4349
4515	130	641
21187	33	22631
3713	18	21732
4355	42	9459
4851	4	8787
6054	42	22671
4567	42	23000
7275	33	2212
24019	90	23198
6569	18	10356
4686	7	23342
4296	130	5349
1123	13	9463
23886	60	22928
3877	131	7565
22276	42	912
8599	90	23426
2334	2	22304
23103	18	22110
24170	2	25494
22501	42	9107
606	151	2729
8410	195	6146
10311	216	1899
21532	154	24629
22067	18	21102
21909	108	5383
212	96	8116
8006	41	5702
609	42	6624
9334	195	5339
7901	38	22644
22439	212	944
7789	90	3498
5996	40	21680
5772	42	3122
23379	18	23922
23922	18	23379
25062	61	21285
25348	40	24002
22659	154	3150
24313	90	10339
6993	90	3550
25004	130	24025
1515	4	4469
24995	181	9357
6749	33	2304
5907	42	24803
21368	42	23279
2684	42	1929
4741	212	8374
5238	130	21791
657	125	2378
21930	7	2153
7726	40	8139
21141	18	2448
7342	108	7580
3800	90	9393
61	154	21714
25214	4	24794
3744	130	4471
22938	96	21721
2278	130	22017
3501	99	24185
9890	4	7630
4753	42	230
5253	42	6104
1776	7	4481
10470	61	21917
24976	42	1401
4653	41	4421
9951	130	24930
22625	130	24347
923	2	2624
8441	14	22630
22899	42	3699
8189	33	23791
1992	149	1607
10439	42	10041
8125	106	10338
3272	130	886
6031	33	9522
21542	33	582
7110	7	3673
1113	4	8814
5282	125	23791
5629	204	721
2071	61	5731
23391	98	68
1981	216	721
3659	102	5292
5592	195	4151
2869	4	25233
6381	14	68
4503	4	5377
969	90	7422
3314	206	5262
2138	61	4095
9573	42	25140
6319	18	2116
6647	65	7450
22880	2	7288
873	61	4662
23039	154	3150
5437	130	8736
1383	130	5383
10205	99	8454
24424	125	5926
2642	13	9463
3912	2	860
5756	2	25497
7094	40	6814
419	18	21814
10178	96	2865
7237	99	1856
23078	212	24133
530	90	2540
8454	104	23911
9021	198	10386
4514	216	3370
2954	130	23325
21769	42	2296
9911	42	3258
21789	96	5571
9801	98	23734
4543	4	5306
7158	42	9714
2556	154	7263
9874	2	23193
9832	130	865
9798	130	6944
635	177	5071
2666	216	1899
6993	7	7903
22921	33	10044
847	42	7907
8285	216	24629
21269	125	453
4244	18	6859
3045	154	24930
21643	61	1848
7453	7	23395
21410	130	24554
1594	2	2024
2938	216	1899
23809	212	970
25408	18	21121
6568	154	24207
25244	212	9407
6605	85	5663
8688	192	2491
6293	66	1434
4519	131	3840
8478	61	1838
22949	42	23190
24964	2	8176
4431	18	378
4690	42	2258
25020	130	8807
562	61	5770
23588	130	23309
7626	125	24790
9136	96	4087
272	7	3446
23980	216	7337
8291	7	2482
21232	130	22785
8053	18	24854
3635	42	5923
4417	18	6738
25096	212	1261
3990	116	7408
3987	42	2626
7714	212	5992
24894	130	68
9507	4	21511
1360	154	25211
1136	42	6674
10103	18	22353
3158	42	6329
7786	18	1291
4390	2	8761
5029	90	22968
2890	7	10094
24729	42	23807
4909	33	24172
7776	4	7410
8728	4	6974
9840	130	23136
9596	18	7830
711	4	9061
10119	18	10102
9916	61	7523
23076	131	21041
7371	216	1839
6744	154	7819
3681	40	22107
8316	42	25098
9177	42	7749
9862	33	6201
6940	2	21666
5143	2	22648
21370	4	6290
2739	33	24790
2401	2	22762
9898	42	4660
24966	96	24847
25109	111	22785
21245	18	3911
9436	4	6259
24105	42	3897
5760	2	1571
713	216	1899
8112	4	3623
9639	2	1570
24273	90	2099
22078	7	7993
24039	18	23408
2747	148	21855
3714	116	7408
22195	192	21735
21601	212	7354
9994	96	25078
9348	130	2579
6214	66	9397
10470	2	337
9533	2	6119
4028	42	5811
9635	42	1139
9043	18	8980
3014	116	7408
25459	90	832
23539	206	23804
22411	130	22344
6697	154	7337
8237	154	5842
6816	154	2441
8277	54	25397
23089	61	25433
4297	4	9956
9071	147	23861
21000	4	22613
4474	56	6802
22574	18	7697
21867	108	24531
21174	40	9200
24953	102	77
1483	130	5383
6558	33	1108
23038	4	22147
5801	42	10180
2333	131	9640
23625	61	9389
108	81	23136
22190	2	24275
23183	130	7580
8698	154	868
23380	2	5653
6996	154	3685
6076	2	9193
4065	97	2358
2356	134	24955
23114	130	5383
3883	61	22480
10148	42	8800
9142	131	7534
3493	42	8069
8327	199	24372
9290	40	470
22457	212	23068
4465	216	1899
9822	66	2075
22133	41	23576
4225	18	24078
9814	2	25219
7735	130	21715
2164	216	1899
7575	89	5176
4155	42	6039
1806	125	6581
7679	154	23140
5237	42	87
1470	42	6999
21807	206	5262
2212	206	5241
23026	151	7335
22362	42	6179
2044	90	6878
1131	42	6990
8024	18	23845
24055	18	5959
4935	42	23957
21117	116	24853
24303	216	721
2433	212	22988
3181	216	1899
7727	61	908
1665	216	1899
2837	116	6688
23134	90	7207
25497	195	6379
262	102	7913
2236	195	58
7805	42	693
24473	40	1799
22948	2	750
2851	42	8983
23985	130	24229
24168	42	6628
23959	61	23691
21865	96	22422
8670	2	1246
8207	90	24385
23343	61	22215
1428	212	4927
4917	140	7967
5921	199	3922
8881	4	8312
9025	13	5300
2779	130	22642
908	61	4279
7343	2	902
543	130	2477
6406	130	266
1301	15	68
936	157	23704
7245	130	21989
2958	42	25483
10023	2	9512
6216	89	23028
23620	130	5383
1674	154	24554
24482	90	1223
702	130	25200
21814	18	7940
6421	195	5172
4665	59	4160
6403	216	22951
2518	96	23569
8335	96	5358
8505	116	25025
2306	50	23136
4063	66	22152
23326	125	8490
5087	154	68
8390	154	24928
563	90	563
4463	96	6049
25174	7	8703
446	42	25362
7245	204	3718
22396	18	2375
22501	40	2936
9662	216	1899
4382	4	557
5485	96	612
7373	18	24394
25184	116	25025
22300	61	167
7359	4	2024
9126	42	4992
7687	7	4741
23842	36	3150
23211	119	5289
6325	42	24580
7346	154	25211
21070	130	23734
23949	42	1139
5199	216	3718
272	125	8851
21930	61	21366
3553	131	22193
1038	2	3957
25235	212	9438
2488	2	7026
6959	46	21291
8090	7	9960
23464	42	8150
25167	154	21939
1872	33	22176
3994	154	23037
8687	42	2481
3308	130	3150
592	206	3717
1780	13	9463
5040	96	23538
23363	13	9463
1664	154	4335
21377	131	23751
23240	2	22304
414	154	23980
7724	42	1657
3815	18	990
3818	42	3618
3550	90	9565
1016	42	3169
2045	2	25233
2519	4	1000
4473	42	2232
4576	42	6803
25126	46	9591
2206	7	1163
9869	177	8863
24866	42	7860
3699	154	25211
8589	108	23309
8975	40	3603
7188	151	3033
2354	116	25025
1244	18	23844
6824	66	21660
24604	154	7337
5765	2	22456
22250	212	5377
9160	116	25025
7418	90	8857
1781	11	1755
7923	130	721
1885	61	22775
8116	130	21583
8438	66	3576
7254	180	6428
2566	42	3665
23241	33	23236
7951	42	10495
2066	18	1068
7992	212	2421
10156	90	638
8506	90	21349
375	42	9107
3574	40	22548
4180	116	5300
4125	130	23734
7609	216	1899
2370	42	25294
21881	2	9788
4343	116	5300
1270	33	22020
3693	4	2936
4533	21	24629
5252	33	279
23048	18	5853
4902	130	21583
23096	195	8143
23977	61	366
1525	7	6479
165	33	582
1246	206	5849
25030	40	6145
23260	18	25407
8844	90	5970
2609	7	23688
21955	40	6396
8359	131	6678
10404	61	1583
21401	2	8319
5523	18	24467
3764	108	2470
22874	5	7990
875	18	21956
2965	215	24123
2813	18	5060
1551	7	9616
8899	10	6469
4314	33	9447
169	61	5014
23479	90	4538
5361	2	7079
9397	58	24132
5169	154	8630
9794	90	6232
21844	61	1879
238	42	2258
2480	42	6796
4604	33	1412
9166	216	1899
3271	42	4958
7821	130	4286
7799	18	23540
4365	199	5185
10166	13	9463
6202	212	22762
23500	99	23979
5366	42	23306
2796	42	25000
531	115	8915
9988	148	21470
9054	108	24594
23242	130	23978
1223	125	24786
4614	125	6201
7003	147	4303
10374	130	24229
7453	2	8761
5747	216	1560
7076	125	2568
4615	18	21826
5234	115	3555
9762	7	1918
4540	130	3150
9750	96	8624
21975	125	5926
7117	40	24166
7904	42	6841
23956	18	10356
24830	206	9801
8566	42	7203
3737	90	8113
25049	125	2304
4579	2	4163
23478	151	9316
338	131	21311
3826	206	8235
8414	130	25122
4228	61	6627
24045	177	10381
6375	154	23998
5359	96	8847
9963	7	3737
24237	4	9082
3227	42	9363
6160	7	4153
6429	100	8386
6823	90	6644
1839	16	21109
8856	7	22111
22717	1	6047
24422	125	8851
25372	33	6352
10189	130	9581
5473	108	25211
8261	116	7408
7143	42	2139
24224	12	5690
6237	130	721
24271	68	7827
24338	216	1899
22229	42	5281
276	189	5906
23547	90	24140
24760	212	3336
8316	42	747
6733	2	24293
2656	154	24393
9258	90	5329
441	40	6814
21763	195	21846
6136	154	22905
4610	151	1691
1479	96	9351
1255	130	25211
4056	33	22032
2147	90	9829
4869	125	6190
23005	40	4886
8769	42	3949
3487	61	2767
24981	33	3471
22303	42	22068
1502	2	23533
24332	90	1316
24422	7	2009
441	116	25025
1300	42	24284
5533	125	2568
10423	42	3350
3982	116	1238
8813	7	24535
7158	42	4978
24094	154	25211
21176	42	1718
25292	33	1108
9824	33	1000
24169	18	24442
7845	33	4564
4023	13	3001
5292	151	2673
9638	18	7471
9168	61	3686
25060	125	6847
1071	108	6255
23528	12	2809
1828	2	3670
8700	125	4902
21106	145	21530
10029	116	25025
3872	195	3809
21195	130	25211
7279	7	25278
7544	7	3515
2875	2	21063
9180	33	2102
5314	154	22630
22581	7	8338
22317	130	8807
6604	42	4449
2428	130	22639
1990	18	8146
8265	2	2378
3745	42	24913
7501	42	22289
24467	18	22110
4818	7	1637
4861	42	684
6877	2	22304
22829	18	8433
10472	2	8423
1615	154	25211
9234	125	22809
9310	18	8753
1245	42	5346
22300	33	10044
536	147	6340
9523	18	5224
372	212	22020
9472	18	24600
3081	2	8940
7235	21	24629
9175	61	858
2418	125	8493
8236	40	9241
2994	42	8623
21701	195	22613
9139	4	1232
9878	33	24790
5610	215	6244
24941	61	346
22422	96	21865
6651	42	9085
4260	131	7651
7672	130	8446
21391	153	3183
21641	40	2339
22662	61	711
856	7	2334
3477	148	9740
24254	201	8926
9272	18	7179
23244	116	5300
22229	42	9218
9656	42	23515
6771	130	8032
22207	7	727
22732	42	4210
9808	154	68
23527	2	2512
7853	13	1152
862	7	5440
1691	102	4610
22663	4	22613
2749	61	1136
23797	213	21161
5707	4	21623
631	90	24927
662	58	2155
230	96	10409
6385	33	21627
5049	42	25443
2831	18	1291
932	2	8384
7428	18	8343
9422	96	23894
7487	115	10437
4595	61	2444
22008	125	2304
21384	148	4111
24229	216	23793
4879	12	2111
8594	61	8943
21051	18	7340
2548	18	23097
7173	216	1899
22374	195	21725
23523	42	21147
6235	201	24013
9132	40	4194
6343	216	1899
4844	11	2807
1713	42	7912
21297	66	4449
22444	7	21980
9589	18	24510
9009	154	24859
7955	2	3881
22980	18	6617
1746	4	21528
22107	96	4992
271	131	9353
7830	18	23131
21532	131	7155
6563	42	4230
23245	40	4308
8761	195	24975
5228	41	24629
6623	61	2511
25030	42	3933
5814	201	885
8626	42	3350
7718	116	7408
4922	42	24973
1464	89	24954
8204	18	21357
8339	204	23793
6340	148	23522
2901	40	7054
25053	204	7337
2803	116	5300
821	180	5907
23975	96	24333
3366	61	9933
9276	130	68
8060	108	25211
2256	42	7433
7799	18	6590
24633	2	6001
23388	4	24975
499	2	8761
893	140	6127
6060	4	23264
8033	18	4109
9502	130	23430
2503	42	10381
8231	18	9720
21306	90	1746
7527	125	22414
24778	154	23140
893	140	6621
24345	125	3810
22980	18	21273
3571	4	300
21630	18	3846
9282	212	9804
25402	130	2784
8252	77	2771
21825	33	3719
22912	141	22550
7417	151	4930
22425	151	23890
21457	154	8630
7830	18	7248
21206	4	23044
7153	2	23047
7608	147	24990
8849	116	7408
7506	216	1899
21934	130	5383
21786	154	68
22399	204	721
23181	125	3223
4124	41	8807
22561	42	8565
8378	61	8062
25295	4	3670
9599	98	24162
795	18	6779
6058	42	8572
23537	203	4121
2247	12	10291
22909	7	2165
21619	46	21286
2578	154	25211
9040	42	5360
2484	195	4024
25028	140	947
452	116	6688
9245	33	582
25463	154	24930
6915	7	5521
24712	56	24485
6851	212	9801
4731	7	2073
8529	212	1108
8758	18	6078
24660	42	4755
8960	90	4573
4628	130	24629
4872	216	1899
5526	18	7940
3239	42	7528
9067	125	22176
8007	18	4046
2364	7	8162
23779	42	7252
24691	18	9249
21805	125	9925
9613	18	3483
5588	18	6400
1133	40	23293
7637	42	6841
8634	2	8829
23796	18	795
7932	4	6690
7986	42	5167
23856	90	4249
4025	130	9675
6874	81	6874
21638	42	791
1278	216	1899
4603	4	7374
22839	18	9187
6217	18	24049
21997	154	22861
285	42	787
8172	33	23391
2358	130	68
8687	4	23264
240	108	23734
6956	40	5196
22646	18	4464
24377	216	22951
8923	40	1456
117	12	25093
8295	2	9804
8703	212	9965
25198	42	5504
4949	201	21857
2873	4	6704
22543	216	721
4720	2	22304
7226	42	22068
1394	42	1274
1882	4	21330
1860	61	5908
3345	61	6384
21628	102	8811
992	7	5773
3953	192	24629
90	61	2159
4563	116	8100
22331	4	4181
24357	216	8682
8368	90	4148
616	42	6243
24257	18	7466
806	18	8343
23997	61	8213
4373	108	25211
23599	2	2015
8517	18	9510
4980	18	21812
6747	42	9810
23416	4	5744
24733	42	21981
7968	18	22489
1617	216	1899
23439	90	4870
1897	130	21790
4291	130	9581
1036	216	1899
7350	18	4997
24937	4	6396
22005	96	7541
22070	216	1899
8583	42	1204
1283	42	9289
24908	14	23734
1879	125	9999
8939	40	941
8059	4	1078
23719	4	22032
4750	33	22414
24898	90	23803
3584	96	8064
9362	42	2539
23139	199	5373
22058	96	9766
2525	4	9804
7514	130	8807
7157	38	22549
22975	90	22626
23299	100	6028
6791	42	6841
4783	2	23714
2676	130	23734
2655	216	1899
9008	154	5113
6387	206	4360
4567	42	4827
10405	46	9953
25247	98	23734
21032	4	25455
2939	154	25211
6130	154	68
25250	42	7308
7237	154	21109
6634	216	1899
8586	80	6840
24644	42	2392
5484	154	2850
25420	7	5790
9680	2	22304
4600	33	2458
23540	18	7799
8856	4	2181
3631	42	24851
7895	116	25025
608	42	4025
21774	130	22639
7374	206	7331
8556	216	21973
933	14	68
10186	2	8981
22748	116	25025
21494	18	6228
123	40	8673
5257	2	22762
9833	154	8447
21041	96	2928
7776	2	7410
558	143	8807
7533	7	6181
9007	18	7836
7644	116	25025
475	130	24629
544	7	8648
21426	42	24449
5938	116	23185
369	42	4076
2152	2	22604
4163	206	22032
1741	42	9502
22272	29	7419
7948	76	22639
8492	130	23734
22110	18	5523
10019	90	2899
9506	12	22374
22194	42	722
24658	41	68
21696	18	4462
4403	2	23714
1144	7	6335
4091	42	24033
8218	96	23751
1056	33	23236
21447	140	2146
10295	18	4465
2425	4	6974
5007	99	24185
4122	154	23734
22215	2	7243
21761	18	9908
21640	61	5222
10319	61	8529
5414	33	22613
22359	2	9801
10263	46	22725
8779	7	4977
24447	61	277
21536	195	7961
3619	125	6201
7407	97	94
2744	61	298
23994	4	6259
25094	212	4769
4805	42	8196
23424	130	21109
4297	7	1071
21951	7	423
23489	46	6237
22009	154	5955
21844	90	8825
8832	2	21440
7506	18	5650
23134	212	970
1000	13	8998
8510	42	6885
3787	33	175
23265	42	21053
5528	18	9662
22929	140	6127
2218	2	1969
1779	4	5015
24874	90	4848
24893	18	7773
9449	108	23734
232	41	3244
25062	2	5847
24310	140	24472
2029	108	68
61	151	6820
7249	7	9125
6318	130	8807
8727	42	23484
10027	212	7288
6900	125	22994
23624	195	4704
4983	108	23734
9718	154	5293
24639	96	6233
9577	130	8807
6015	61	1050
24941	33	2421
23934	18	9982
23020	2	8996
5201	2	23151
1693	31	24128
5628	216	1899
3227	42	8400
7802	42	8983
720	42	1407
5834	18	23163
3705	130	23868
4019	90	23302
8346	131	9009
25100	216	1899
23599	116	6688
24740	125	1055
8042	18	10008
5124	42	9163
4615	216	1899
8294	42	23013
22598	40	1708
22723	7	22419
7436	18	8416
21829	2	255
2963	7	6567
2815	90	24929
22853	130	23980
6184	106	2702
2709	90	2636
8013	18	2862
2963	61	203
24253	61	24121
968	2	1969
5705	42	7756
4598	130	5349
23922	18	130
8733	61	4214
6300	95	10467
9790	4	23034
673	18	132
6613	4	8054
584	46	22596
23260	18	7446
1767	2	25392
8376	125	453
21847	147	8474
23155	7	23160
22845	195	8232
6299	90	23426
25451	125	25219
227	42	6798
9467	33	5551
4464	216	1899
24704	147	21869
6474	90	5589
2010	130	21791
87	66	4076
22363	216	1899
22791	61	6512
25183	151	9250
24175	206	8251
3003	4	4529
5788	42	2400
6866	40	22548
24340	130	266
22599	61	4005
5335	61	2298
2218	4	3230
5483	18	22184
5943	116	5300
3944	116	6688
8424	2	22304
5163	212	22176
601	2	2917
9182	41	6663
6805	61	23719
7546	7	2371
9285	216	1899
5919	65	3247
4720	33	9884
9822	96	2131
7166	4	5551
5903	61	21925
1294	18	6250
8475	18	7031
247	42	5355
6388	42	22294
10468	131	1684
5513	154	7337
7845	4	5339
5560	4	3109
5197	42	25402
1523	2	5592
9714	98	8807
1711	125	7415
8389	42	79
23885	40	22991
23462	192	21790
5005	4	10382
24712	56	24245
37	108	23978
21330	130	3150
2841	42	21635
22729	33	3719
5319	40	3031
3059	18	8539
3274	125	6201
23764	61	2314
4292	2	4181
21335	42	192
3474	42	1601
22419	212	2344
8246	42	9686
6791	2	21199
22818	40	1783
22121	90	4250
6136	130	22905
9461	2	21807
2103	154	4335
21900	42	6950
3908	18	24325
177	2	22304
7810	42	6691
23602	204	721
454	42	9502
2984	212	8493
3416	2	22988
21325	33	805
4926	18	9784
1282	154	490
6643	40	8777
3558	2	23539
2298	61	21007
24750	111	4917
3454	96	1414
4913	212	309
3373	4	2512
23823	215	6471
23106	4	6532
23232	42	23602
21140	90	25070
22772	212	25219
7770	61	22903
926	33	8851
2223	4	10330
22464	18	21814
2893	90	9778
1671	42	1116
8126	46	7379
9799	42	23233
22252	61	21124
8518	116	25025
6906	192	3803
1731	61	25137
7284	18	3459
24625	212	2458
22192	205	23373
7737	130	8924
9908	18	21309
3986	18	2671
24630	4	1000
24593	147	3383
417	33	9759
131	18	8485
6211	4	10381
24077	96	3665
5889	147	9988
3313	147	21869
8271	216	1899
4385	89	9169
8366	130	5349
8972	40	1708
1892	90	10353
6434	13	9463
6661	2	24057
6550	90	2342
1946	61	3783
6730	42	25072
21439	90	2597
22808	42	9842
24126	96	21902
8599	4	5127
7347	18	25138
22846	212	24293
22070	18	1005
25035	4	5127
4307	130	6705
4289	41	4064
4281	81	286
24350	42	5779
2062	108	25211
22295	7	1080
10354	216	1899
24157	108	23734
5955	216	25122
7490	2	24975
24236	42	23531
8370	130	5383
22880	90	3015
3294	42	3643
2517	12	10291
1085	42	243
2126	2	5517
2549	42	9107
25085	18	23129
21107	18	2207
5610	82	21447
22009	148	21470
4016	2	1000
10079	18	23048
5464	66	925
22737	18	22241
25118	4	9948
10203	42	9093
24631	42	1040
10215	4	6259
21947	130	23430
705	42	3620
8604	42	1156
875	18	4849
21063	65	22456
6675	216	1899
24881	18	10356
6903	115	8287
1955	42	5761
23385	212	4769
4721	125	6207
3353	102	2295
4731	2	2782
22509	4	24975
5609	108	25211
21045	2	1110
5193	108	68
1650	18	5470
4940	216	1899
6993	125	9100
23502	125	22176
9064	130	21791
1731	2	4934
541	130	21790
23071	18	24893
3095	130	4335
22426	99	1856
21397	18	2897
1733	2	22761
7814	130	21556
3456	16	4429
4483	88	24375
8339	130	22630
7176	13	9463
109	216	21210
3796	42	2015
5982	60	8918
21347	125	9742
4483	42	2623
5075	7	8504
5397	90	3931
665	33	25343
23338	42	4875
5480	40	25373
671	40	23277
3830	130	8037
23499	18	510
23496	7	5875
10358	42	1026
1169	18	8837
4448	154	1899
6872	216	1899
1554	2	4163
4158	130	814
23648	18	2921
2171	130	8807
10226	61	4808
24958	42	494
4928	42	1845
5365	212	21063
23570	98	25211
9441	206	5926
22661	96	3275
10388	216	2765
2320	99	8780
23289	2	24640
25371	108	5383
23268	90	4206
8389	42	22895
9523	216	1899
5454	131	2928
9690	42	9318
1699	61	1095
22950	157	1587
21171	42	6337
24276	130	21791
25245	130	21791
3871	42	6081
9983	125	3670
4987	18	6193
9500	2	6171
22355	130	7580
24277	154	24043
7360	11	10271
2101	61	3446
24407	61	2739
7567	154	68
5437	14	22639
2068	131	586
8518	42	9306
1815	42	9809
8124	42	7393
1059	130	9581
6554	18	7108
7524	7	22087
598	88	24443
154	151	24391
22304	206	9742
8895	4	7936
2047	130	9751
25388	61	9646
7893	61	1212
8994	2	21623
77	89	6507
23764	140	6441
8842	154	68
24589	42	9218
8612	154	9831
9127	42	22398
9523	18	1556
22392	18	1963
6131	216	1899
9094	131	23104
8588	204	4500
828	154	23309
10114	90	6671
9426	130	5383
1066	61	7468
6577	216	1899
5866	130	21790
4573	90	7048
8322	40	1049
22651	130	342
21867	108	25211
1908	125	22176
1184	191	1514
7634	2	520
7416	33	10282
5634	2	6145
319	125	2512
5845	140	24472
25393	154	10269
9116	42	949
406	2	1449
8740	111	21500
5488	154	23309
9212	102	4729
3740	130	22170
22226	42	9296
2450	33	9522
1896	42	6153
2355	7	24710
2280	216	1899
8264	130	9367
4294	108	25211
21846	66	23817
6496	66	22469
22331	125	4181
3140	2	8851
9644	116	7408
3103	180	23943
8637	2	4163
3514	66	1483
5885	212	1952
8276	40	8384
7637	116	24853
651	7	7693
3571	42	9077
6741	116	7408
2287	61	5378
25048	66	10432
25382	130	7580
6350	216	3150
22015	130	5383
7351	33	582
24963	131	522
22700	33	23520
3274	90	2452
25043	2	1246
2917	139	3648
7695	42	22112
9492	47	22896
22379	113	2534
156	18	2545
24663	154	25211
2041	40	4524
446	42	24287
5065	42	9714
23451	13	4639
7506	18	2960
143	2	6847
8343	18	7057
9803	147	3453
1928	89	9169
7066	89	7592
10476	154	7767
10404	7	5693
9056	14	5747
6363	204	22951
1783	154	68
21966	171	2736
9900	66	7499
10416	7	1594
9616	13	9463
3530	7	21572
21919	40	21199
23671	90	22568
7803	216	1899
6476	7	8145
1325	42	684
4039	42	2751
8044	212	25431
3084	61	21217
22886	204	22644
7552	61	292
5830	130	8807
6178	42	9984
24548	206	22032
23711	96	22143
969	61	10448
10211	130	2441
23730	130	1560
10076	203	5189
7916	206	336
21115	18	5462
24052	2	8851
22736	40	23755
10461	18	10314
4758	204	24485
2896	130	25211
1285	201	8803
23822	2	10065
10197	147	6273
9646	2	3885
10465	116	25025
21079	89	10010
3659	130	3906
21762	7	8876
21954	4	2015
6599	96	6009
21847	147	21508
9925	98	25211
21290	212	5992
10250	2	22845
1128	4	22762
24705	33	3881
278	7	10257
5007	99	5813
23594	116	7408
23539	206	24133
6412	18	25481
22073	140	24846
9293	42	839
1938	42	2935
813	96	23077
558	98	5383
10168	2	23505
21736	116	5300
8944	42	23417
4332	18	6280
8121	41	68
5453	154	22418
3464	88	24511
9649	42	7245
21719	42	3379
795	216	1899
5197	42	3321
2924	18	6314
3763	209	1587
10469	108	23734
22219	4	9742
1341	154	5383
9132	42	2250
21590	18	7709
3568	154	2765
6033	154	24629
25238	66	23564
9687	96	7433
1975	42	8628
2863	66	7862
4094	130	6762
24191	90	1457
6820	96	5965
4859	88	9721
7530	42	9459
10123	42	24655
3129	130	21790
25062	2	9259
21301	98	68
6902	42	23626
1063	90	24978
327	18	8590
22900	125	453
24533	33	22994
1817	116	1964
24233	116	1964
6051	42	23322
5617	195	8232
22291	42	4933
5957	151	387
21329	81	24531
6346	72	4121
5299	61	1429
1625	154	5955
4243	130	7263
24729	199	7128
22511	108	5383
6661	42	9107
21803	4	5377
21268	100	4755
71	42	8962
24755	33	2304
121	42	6595
9574	42	9962
22443	130	24629
692	100	5278
145	42	21929
1384	58	5076
8240	125	1108
8889	40	23683
25497	195	25032
3605	42	9423
1620	18	447
369	42	8845
4841	18	1073
1639	4	24789
4712	212	22176
7446	216	1899
7673	40	3129
24667	154	6101
3776	42	5202
7963	40	7639
21577	7	23488
4412	4	3670
2768	89	24351
4196	42	1010
8567	46	22725
7866	42	4862
22590	4	1168
8564	2	7469
9848	131	61
5881	99	1856
10252	151	6249
2603	42	5635
8873	4	22698
588	96	24179
10152	90	24061
22095	102	21789
1184	31	7234
9335	206	9447
10000	154	6924
1236	42	5059
3985	154	8807
1211	18	22589
2608	4	1000
22818	42	692
10332	18	22589
21262	42	8855
4131	98	24594
10222	103	24377
21116	42	8263
5968	42	8828
6015	125	5351
8563	90	9677
1234	116	5300
5641	216	1899
138	90	8144
9329	7	5799
22871	96	22277
9374	147	1868
6417	2	5926
22792	12	3616
22080	108	2470
9879	58	22667
22536	130	8640
5463	65	24585
5264	18	8590
4127	42	759
7589	154	1331
24634	2	7346
2931	90	2353
1736	216	1899
4757	10	21530
5149	42	3286
983	122	1821
5521	90	24590
660	18	7397
7016	40	7043
6307	18	5489
1539	2	24790
7999	61	2052
7284	216	1899
4918	116	25025
4597	116	25025
22942	131	8821
9801	65	2024
9432	7	21572
4987	216	1899
25168	125	1867
22327	66	3061
21451	2	22304
8839	116	1964
9649	2	7245
21388	42	22763
4266	61	3582
9466	2	6722
6060	40	8702
1125	33	1744
24310	42	6461
23539	98	22885
23349	180	10347
22128	18	24555
21648	18	1801
4907	4	5744
751	2	2304
997	56	4842
136	18	8517
3298	177	445
24175	206	22845
1511	61	21980
6336	108	5956
24045	2	21994
8031	42	5797
6301	130	1839
24238	206	9925
23327	130	24629
24876	2	7107
23244	4	25013
21303	18	4759
10105	13	1185
1459	42	6187
2859	216	24629
24260	216	1899
23038	42	22358
24516	125	9786
9846	125	2304
7107	195	6379
24933	96	1969
1479	154	23421
3473	154	8630
23589	40	9080
9902	18	23375
9740	147	1868
4068	154	2470
22252	212	6647
5797	154	68
22172	2	24275
23479	7	4356
8375	206	8375
22463	116	6752
2719	42	23945
1018	61	22034
6353	154	5383
8148	13	3001
4516	72	9700
3637	147	9803
4917	16	8222
24769	18	7599
8075	216	1899
21960	61	24052
1252	151	21311
2762	99	21394
21561	125	7747
22395	42	933
21661	154	8924
23993	116	25025
21088	4	5604
3724	42	5797
7437	131	2110
5432	116	5300
22796	40	2339
892	90	9716
3248	42	24580
576	206	22414
2922	42	25179
4200	125	9522
2513	42	1740
6525	116	25025
8735	18	4476
25433	7	7594
3298	42	7561
9040	42	6179
21545	42	6329
24374	4	8386
21038	42	585
22639	120	24846
1088	18	5232
21155	2	8490
24656	125	22032
6425	42	24250
5946	154	2778
22199	7	22686
6113	216	8682
22716	206	4001
1173	96	4867
6863	130	21289
473	18	5064
8474	147	24989
691	18	6506
25339	18	21603
22465	2	8761
3539	58	5570
22937	125	24790
1975	2	25450
22817	42	8307
3277	13	9463
8035	151	9554
8220	130	4429
2671	18	836
167	7	8634
2224	131	21854
24292	42	6574
8265	212	2378
1900	42	4813
6504	206	21536
23702	7	9896
22460	206	209
907	18	6738
24439	2	9981
5338	31	24128
7422	7	7468
1216	18	2332
2997	60	2574
9757	18	25359
24244	212	24175
22139	4	6396
2047	206	23470
7877	96	8713
2569	154	23980
22620	2	3670
9897	4	9133
22250	61	21647
720	116	1238
5229	4	9332
21001	18	22580
6528	18	25285
23171	130	538
24027	154	22158
7327	42	2741
22067	18	9873
7420	42	22563
4237	2	3371
260	7	5208
1128	33	22762
10383	125	7133
3133	89	9975
21581	177	7806
1393	96	25441
7700	130	23980
3333	40	4308
2177	4	23034
10191	216	1899
2740	2	3721
21625	154	7337
3854	130	1153
23492	90	23839
3480	96	1625
9724	42	23945
10418	13	3001
4649	125	6847
1026	130	8807
9004	40	22755
9437	90	23517
10180	130	1075
4746	36	3718
10314	18	22246
22949	42	2056
24523	42	4290
7778	38	24485
857	96	6831
1029	18	8433
6879	131	6136
1276	38	4505
24959	90	23330
22807	18	9361
24519	18	9159
9494	125	1570
22239	116	2605
25011	102	3396
22514	199	4616
6720	2	8851
4462	18	21696
24491	116	5300
10448	33	10044
7686	40	252
3431	42	21958
9535	65	3649
5724	4	7410
858	2	5127
23046	4	2024
25030	116	25025
2288	204	24629
25111	66	2432
261	42	1324
612	131	321
634	2	4163
6849	18	2743
8599	108	23734
7654	2	9435
3126	66	4738
398	2	8723
10118	130	23647
23659	61	3577
9681	130	5050
3816	42	23022
231	42	22461
1875	130	68
7795	61	241
9614	61	7698
8187	18	2543
1833	125	22414
1662	40	5477
4567	42	9088
6197	99	1856
216	18	6192
4058	40	6843
2151	2	23817
4784	4	22434
3735	7	8213
23776	40	21479
21866	42	5342
1580	33	7747
9137	7	3673
3235	2	9742
7700	96	23526
7416	125	10282
7716	130	5383
8721	2	8851
24979	90	3257
4949	130	8807
24839	4	21063
5340	7	21770
9365	90	8942
23311	61	7050
5565	18	21295
6503	42	9456
896	33	5055
9613	216	1899
24187	4	4529
7053	7	2752
10169	201	23766
23258	212	2304
24301	212	24010
25486	13	9463
24602	131	4077
604	204	997
124	46	679
8613	108	4335
21251	18	3296
100	125	22414
25262	154	8654
7499	199	6069
22928	130	3685
6672	125	10034
8056	96	5407
1373	131	22222
7640	4	8301
1622	130	21082
1115	42	23190
21893	90	22098
9694	18	3837
10445	40	1712
3452	61	1379
22972	4	2339
10480	40	22378
3604	40	6168
3403	115	10437
5565	18	8868
9803	147	10317
21554	83	22283
24959	7	9125
3290	42	6598
5666	42	8511
5983	42	10173
4464	18	9375
22584	42	8601
107	33	24786
24492	125	22994
6876	2	1919
24060	130	266
4444	42	22378
5007	130	22298
9386	116	7163
22693	90	38
24961	70	4483
23915	90	23541
3653	7	1356
21321	130	5383
7232	4	24951
68	140	24766
21895	40	8495
3857	2	2791
887	42	3851
22824	121	21791
7664	216	22905
4277	65	4277
8945	130	24629
22812	116	25025
5143	42	25379
24766	56	3232
24586	42	23891
1109	7	3925
4685	125	5992
6267	42	3785
10164	61	21260
4670	4	10382
8330	147	6273
7424	154	68
9335	195	9407
22875	18	22839
7629	18	24915
9988	147	23761
947	56	1899
22894	41	8049
25380	18	378
2262	2	9193
4106	2	23714
559	61	21601
23824	2	24083
4163	206	23068
9196	4	9626
8641	125	6352
4016	4	22409
6821	90	21464
3924	18	1924
23886	103	8954
7905	154	24229
4137	130	7580
21029	116	7408
2632	42	5717
7251	42	7606
4355	42	6329
476	61	3857
8054	89	9385
21305	88	2445
21995	90	9467
6021	42	22301
24784	98	3492
7275	4	2212
2110	130	2441
4811	213	24604
7466	216	1899
25355	42	10157
24731	40	24722
23343	212	22116
23430	103	23734
23433	154	2301
21134	4	23927
6583	212	25447
21871	42	2555
1734	7	1780
24727	130	23503
9580	130	21210
4391	96	6069
10039	195	5992
2716	41	6663
2637	61	23764
21384	148	1606
25217	154	266
3878	42	10068
25271	216	1899
5656	42	10173
2004	130	68
10055	42	7840
6245	196	24562
872	212	7982
6938	42	8306
2210	42	9399
6747	40	335
10484	7	25377
6610	2	8851
3620	130	8807
4148	33	2304
613	42	6864
5792	96	2226
25333	216	1899
10148	42	3851
7195	216	21791
22157	32	6949
9218	130	25211
21896	46	21286
22437	4	24993
22907	42	2020
24532	2	9827
9026	98	8807
10341	4	25134
4860	116	25025
6824	66	3736
9009	102	8346
22244	90	4299
6633	18	3397
1466	33	9759
2721	4	3826
21356	42	8432
6622	4	24599
21249	7	5670
2382	2	2886
4860	42	6725
2459	72	2453
6108	42	9997
3476	195	22845
24849	2	22762
6170	42	5126
10398	204	23430
2839	130	24594
9756	38	2765
236	61	1217
4805	116	24853
7653	33	9447
7127	33	10044
24138	131	23728
6995	99	1856
2847	61	37
24265	42	192
8824	4	6458
7695	4	9156
21372	125	582
23586	212	21015
10179	42	21319
5103	42	5700
21065	18	22695
8040	61	214
5289	119	23942
25334	216	1899
24917	130	22951
5316	46	5271
9664	7	2154
2174	18	21039
6555	40	4524
9585	192	8807
5929	103	2778
24648	7	5361
5433	89	23792
7826	18	9926
564	42	23448
235	4	21390
4024	206	22414
21857	201	3573
3715	151	23975
22111	2	23505
24969	42	9687
24539	99	8454
2088	147	1606
10089	47	8339
22947	40	8612
6313	56	3718
8489	42	8336
23986	90	2222
7950	42	7168
6713	18	9590
7700	41	23980
860	195	22809
21337	102	1865
24408	72	3004
3941	90	6715
2075	42	2575
25248	18	151
21777	42	23626
3331	42	6159
6386	2	24914
2889	42	4137
9421	216	1899
8047	42	3350
7656	12	8978
2778	216	22644
21202	42	23305
107	90	682
4615	18	4754
2127	18	24359
1091	90	3026
23145	42	7009
5602	90	7232
25074	96	5140
8508	4	434
7560	33	9447
23515	130	21210
21674	42	2527
5866	130	8037
24265	2	5829
24754	99	1856
1209	216	24629
6161	61	1497
5354	195	5744
24421	216	1899
3254	130	23430
23020	61	6484
9049	130	1527
4864	33	10044
1673	4	8458
21953	131	24847
9737	4	6396
8391	130	23734
21842	154	25211
3593	89	8272
5410	42	25029
2230	33	21623
22441	90	1050
1915	42	21999
9674	40	21920
24005	89	24750
8264	154	23004
3236	4	10418
22248	7	9944
9735	42	5829
24529	90	1107
7326	108	25211
2831	18	1031
9331	2	22120
10314	18	25407
23363	4	21623
22417	130	5424
6375	204	21210
6568	89	9169
3838	90	8563
22771	40	7846
3121	61	6606
3263	90	2790
688	7	24489
23776	116	25025
10068	130	1667
6534	2	21774
6395	177	8663
23764	216	21735
24038	42	733
2205	18	4566
22950	15	5956
23123	81	23136
8994	4	10218
23353	42	7839
21095	212	9447
24450	61	6960
8732	154	8465
21356	40	3103
22860	84	22442
8445	61	2168
10056	90	25057
5001	216	1899
23601	165	8918
23283	42	787
1495	2	1246
344	212	23883
5650	18	7480
363	18	1057
24296	212	4181
5520	13	9463
23731	154	4429
3759	46	275
23197	61	4923
21444	216	1560
8238	79	2435
9373	102	2930
6517	125	1570
23450	165	9976
5193	108	6255
8281	40	1456
8976	42	21149
22386	7	9782
21729	212	23135
9871	130	2477
6932	42	25454
24506	40	475
2570	13	9463
8464	2	5926
8896	125	1570
22127	42	6704
4375	2	1571
21285	2	23393
4041	102	6656
6262	40	21168
2521	13	9463
9641	4	6259
25073	2	22228
4602	52	23694
6918	130	1153
22917	18	326
9742	154	25211
8853	151	23666
8439	180	10264
21171	42	24933
25409	18	5489
8573	42	22536
635	42	6128
23075	11	21989
21966	171	3368
22030	125	7133
21560	42	2555
2133	7	9389
9201	154	25211
7482	42	6800
3969	130	22785
6341	4	508
23129	18	25085
3645	154	68
1079	42	8610
3295	212	25447
3286	130	23140
24349	189	1101
4673	165	24847
1163	61	3257
4412	125	21237
2370	42	2139
7669	108	6255
2877	2	4163
21369	4	9804
6543	66	6824
24029	42	23512
9868	195	9447
8658	216	1839
22273	33	10044
5653	206	4077
4165	148	6273
8178	2	6218
5317	102	2970
5639	96	2961
9053	42	7607
7436	18	3713
3300	206	5339
975	46	23272
2802	116	6688
8525	154	2495
4217	18	25304
5243	42	8507
10430	11	24554
23360	130	7512
22756	33	3023
23363	125	21623
24558	216	721
227	42	22876
5999	90	6832
2646	130	8037
23466	4	4781
21389	125	3670
19	90	3197
9339	42	22787
3618	201	23226
10147	4	5618
10268	42	8803
919	206	6593
23462	173	22371
6268	33	3670
24127	90	24422
1591	18	22067
9881	65	6090
9927	106	24197
4624	4	1110
2775	42	22787
22109	96	4289
3545	42	23685
23900	125	8490
21817	2	860
21328	116	5300
4347	116	7408
4287	46	3414
7789	33	22335
3459	18	1858
8613	108	23309
8761	206	22176
3952	72	5982
9157	2	2291
5762	206	24437
5876	154	721
1417	42	22337
7358	61	2273
25148	61	575
5924	33	9522
3799	12	9742
24783	125	9804
2300	216	1899
22372	212	24295
4836	108	68
6091	18	23507
9983	4	3670
10446	42	2308
25399	90	10307
6200	61	822
2799	33	7133
10280	195	21734
767	61	10226
2986	154	8630
2303	103	23037
7882	7	481
1802	61	23568
24612	40	10098
21888	33	8851
2410	33	9759
6619	42	1040
6368	212	23391
4300	89	10135
10026	115	23019
25256	2	3230
10086	42	9615
7532	2	21807
2214	42	24287
24748	130	23734
52	191	1693
22169	130	1651
23999	212	24023
9106	7	9527
24674	154	23980
24782	122	5586
4837	37	5776
3805	2	23151
8604	4	4555
21640	212	2304
21533	4	3535
24325	18	3908
6398	111	3183
25125	42	5792
3369	111	286
10104	42	22925
22255	2	23059
21470	147	21384
24199	33	8490
1784	18	447
21254	42	21524
1318	12	2809
2835	12	10291
9224	42	25179
24325	216	1899
5478	154	23734
2167	4	24722
365	90	24695
23150	42	6595
10069	130	21791
22046	18	2157
24617	154	1831
24820	42	9026
24315	116	25025
25101	154	6663
21412	18	7682
7368	42	1129
603	2	8761
4517	2	8312
7856	42	1052
713	18	579
5627	216	21791
3709	33	2421
10420	5	22887
4971	42	2496
6455	90	25152
5890	131	7811
7314	33	6847
7166	4	7814
2744	33	5744
7916	195	336
24726	131	3268
1376	108	24554
7414	87	1560
25079	90	21610
2940	96	21315
587	90	21665
4915	98	8807
2967	90	24781
1087	42	8069
22742	216	1899
6588	90	852
22243	2	860
10391	96	5649
23443	61	8452
8576	18	4211
1131	42	3910
5789	212	24295
504	61	25222
8631	18	6285
6425	42	5958
4793	2	7424
9487	7	22711
3382	33	22032
3205	40	23755
1345	90	6380
9657	42	25072
24024	42	63
7240	2	4163
4172	212	58
24787	2	860
7520	42	10228
5606	125	2512
487	61	24974
1443	213	4475
10348	2	3401
4298	4	9156
9516	131	2140
10193	216	1899
4570	81	7819
1112	33	22762
9647	13	4639
10150	7	1747
8134	46	10224
8294	42	7000
23406	42	2646
7739	212	9925
23742	130	8807
22328	96	6820
5970	4	5339
10448	61	7127
4333	116	5300
2560	2	8829
3529	42	24814
8544	206	24175
9215	130	4421
4738	66	1384
8094	125	6352
706	21	1651
4548	216	1899
761	18	24638
772	42	4607
9234	33	22809
636	42	4660
23568	90	1802
23357	116	7408
3354	18	3886
21493	12	22923
21967	14	6224
5388	130	1839
25423	7	22869
3838	212	22335
1640	42	23273
5847	206	23714
2561	14	5424
24356	99	6899
6487	212	8490
22416	90	1998
4382	61	1376
2057	96	23104
3844	33	805
2745	148	7608
6570	66	10299
4738	66	9950
24562	111	4413
9343	108	8222
23628	154	5349
9599	195	22809
4993	42	6595
208	154	23140
23688	212	24023
21073	46	3414
1596	42	6014
25319	4	9711
24843	216	1899
23383	7	23971
7627	125	25219
9940	4	22414
5543	42	8192
2722	42	3551
9698	42	527
23900	33	8490
9203	90	22619
5951	61	24774
3234	99	23601
22968	13	5300
8402	154	2765
5343	4	5460
1896	2	4695
4031	42	8046
8293	18	10284
9733	40	5477
24168	2	308
22657	212	8143
7816	108	5637
23735	2	10418
8427	2	2787
24699	2	23757
3245	212	944
8963	13	22735
21470	147	9988
10306	7	9680
1332	2	22761
22479	18	7935
7718	42	9419
3481	148	4445
4383	42	22787
3158	42	4496
7961	195	23804
21994	130	22630
6128	130	5383
6623	2	23393
2615	42	25172
1286	216	1899
3832	130	8912
8576	18	22917
23229	2	7374
642	116	2605
1022	18	7763
3961	4	24580
1975	42	24640
22661	130	22630
8449	42	7500
21324	108	23734
22843	130	21790
22287	42	7672
285	42	3390
23454	33	5926
3680	102	22113
5398	125	5339
22073	42	9318
7339	46	3414
1064	7	5693
24269	18	10284
25215	2	24057
6623	2	902
911	154	22466
22743	216	7512
3627	154	5726
23567	131	23604
7475	116	6688
8937	61	9781
23949	42	5642
3957	154	68
8550	4	7876
1402	18	9654
194	130	25211
530	212	25447
9215	154	23897
9985	213	21756
21890	130	769
9057	42	8724
4843	61	23977
6298	4	7374
22528	4	21302
22179	2	5617
6584	116	5289
24679	61	1776
933	204	21791
25080	130	24554
23656	18	21761
917	199	7000
8570	18	8516
10025	154	23140
6582	61	3140
23729	2	2782
25408	18	25055
5465	154	68
7445	215	6265
9708	42	149
21849	18	8742
9099	61	4255
2058	64	22915
4476	18	8735
1821	11	21790
7327	42	2578
9554	89	24351
21568	90	1935
6102	125	2304
10055	40	5438
3614	14	8970
4573	2	23714
25300	4	10418
2328	2	24275
22218	7	3737
7190	46	6097
21180	154	68
4050	116	7408
3537	18	8293
9565	125	9100
23735	2	3109
6116	147	5141
5070	42	3122
4428	116	7408
8951	212	1108
9623	106	4365
10147	40	21471
24881	216	1899
828	96	25091
6566	61	7323
7229	42	24987
22832	96	9353
24259	42	10173
24786	13	1152
3040	131	5358
10140	115	3128
1933	154	3803
21245	18	23007
6875	108	3150
8221	2	4163
25270	61	21729
10086	2	22107
5139	42	23933
9573	4	9835
4847	108	6255
7807	4	557
2658	12	794
1457	125	23437
5687	61	22990
7257	42	2696
419	18	4468
24515	4	1110
21301	13	9463
8588	151	3056
8242	2	2701
1564	212	5551
2663	18	9901
6003	216	21791
8475	18	6361
6565	4	23153
9116	42	9687
7366	4	21321
9009	131	24650
5951	2	115
6988	42	22367
113	38	22885
25170	4	10359
3924	18	8053
151	216	1899
142	2	9334
4819	18	9864
24126	131	3845
4065	42	5219
24073	125	9742
21487	90	21852
6562	40	4915
7807	61	5487
4705	206	22852
6692	42	10454
23819	18	23705
24491	42	5406
24121	33	9759
1884	204	1899
3027	33	5926
6343	18	1550
6484	212	8996
22131	18	24359
25417	61	5536
3338	42	2416
22363	18	4625
10130	61	23960
2639	18	24379
8753	18	22489
22146	2	22409
24341	7	4592
2743	18	6849
7482	46	8226
7961	13	3001
1221	98	6705
3060	34	8574
1426	116	5300
1726	130	10030
21213	61	10105
3069	116	6752
9252	42	21111
1348	216	1899
22813	90	5756
4101	125	23437
8562	42	2481
6221	40	397
22310	130	68
21146	216	1899
24765	206	25033
4710	147	6273
25445	7	24434
6921	195	2412
23702	2	3881
889	40	2015
1315	2	6722
25164	33	5551
22780	42	24706
4283	33	6207
576	206	23068
8106	108	23325
21094	42	54
10291	130	21973
4918	42	8192
25378	42	4507
23676	33	5926
10471	13	9463
5441	18	8440
6109	40	1919
2021	96	1118
62	130	5349
5034	14	68
23076	154	4013
24903	90	23017
22500	142	21878
8066	195	5241
719	18	8323
10490	191	1693
10295	18	6143
382	61	22457
6619	42	24135
10410	131	8684
8378	13	9463
8907	42	8492
9121	154	25211
4268	42	9508
5561	18	23494
8652	147	815
6957	42	4254
1768	61	22384
7287	16	760
10483	61	24634
4634	14	68
8783	212	2421
8401	18	21722
23489	12	23909
6633	18	400
140	42	3278
2944	155	7182
21360	90	4869
7890	2	2787
193	4	2388
2979	2	5517
9641	12	23909
6561	2	25373
232	130	24715
9185	18	22401
23311	2	24446
21745	42	7405
21230	33	9801
227	12	5706
21868	18	9455
10210	2	5262
8726	4	2024
24910	96	9714
2215	108	25211
8417	61	7072
9884	13	9884
24075	125	9098
7779	98	538
8685	18	10332
23253	192	25211
8685	18	1211
3489	216	1899
187	2	1000
9222	36	21791
5199	38	3718
5735	175	5532
6012	18	21939
6864	36	7690
21830	42	21414
5501	11	9037
25433	61	610
7738	177	22596
8582	42	9739
21505	18	5001
9537	130	25211
23158	42	192
23301	42	3725
4470	18	8042
23359	154	8630
6878	125	22176
5459	154	23897
4027	216	721
3439	18	8618
10337	42	22403
7109	18	22807
1906	97	22716
8927	99	8804
5566	18	23161
1501	31	24128
5754	42	6009
7170	40	4116
21905	216	1899
22402	33	7469
22881	50	8037
25020	130	5383
9492	130	2778
6400	216	1899
21531	42	7936
7075	81	68
1818	116	6752
6756	116	7408
21480	18	2639
8672	7	6745
4722	108	10030
22966	125	9447
4576	42	3393
2101	108	10059
6361	18	22712
2299	42	3910
1655	42	9809
7125	216	21791
21848	89	9385
8879	116	25025
24883	125	5248
7838	61	5011
1483	154	25211
10280	98	8807
5326	125	9804
23178	42	7841
9589	18	1161
1788	102	6011
7775	2	10165
9959	212	1754
23205	90	6823
9262	2	9742
7729	90	1303
6608	4	10495
25391	12	2809
513	33	4902
25319	42	8361
23879	2	22032
2382	42	5829
8051	18	24211
8286	206	25330
2525	125	9804
21217	90	4711
24885	42	23382
23864	115	22461
22397	2	23650
8792	42	43
8559	90	8011
2343	127	22789
23659	2	24548
8618	18	22712
2254	201	10299
4498	33	21623
24	125	1570
6903	115	5534
9650	61	2758
9541	42	24640
2958	116	25025
5277	42	8883
4597	42	7787
9128	204	721
21376	125	1412
6020	42	3332
1291	18	3658
21355	2	9599
754	61	766
21383	130	8807
24114	42	23726
7250	42	3639
6460	215	3751
24834	18	25239
2576	42	2741
6265	55	6752
1018	33	3670
1608	130	21210
435	14	23734
8882	42	8610
3250	18	9662
3799	42	7631
9921	2	5465
9915	61	2230
1229	2	9801
2731	18	990
21756	151	3985
405	206	5919
2107	42	7749
4384	212	5926
22929	140	2146
22471	42	817
22440	18	2216
6567	2	10065
23181	33	3223
9902	18	4814
6049	154	24554
3008	42	4496
6607	89	4164
7784	90	5193
580	116	1964
2081	18	6773
6902	42	3962
8940	206	22116
10007	130	5383
9299	4	3109
8314	196	9945
21695	46	23519
22369	108	8807
9202	90	7960
3801	116	5300
4512	42	21710
7619	4	7026
1086	4	7026
4164	11	9675
21907	42	6389
6353	154	8807
21255	61	5391
24108	40	5015
21452	13	22735
7919	42	4307
5459	131	10340
21827	2	7238
6602	42	2108
2834	12	25194
3132	154	5956
8522	212	7073
9127	116	7408
24649	212	1000
1743	216	1899
23091	130	2441
22736	42	8360
21240	90	25218
5992	206	9228
1285	130	23136
7088	33	7073
3806	18	3076
9679	33	9522
21727	131	9807
8761	195	22176
548	18	1949
23055	21	6870
8392	18	9310
25380	216	1899
6535	42	21250
5007	99	1856
5208	212	22762
779	42	4964
8529	61	4356
3752	108	5383
8562	140	947
21949	4	9135
8501	42	25081
2657	18	8973
5467	40	8842
1281	98	2470
9952	42	6292
1463	154	5383
2598	42	921
24311	18	8935
3298	2	7198
5044	18	10414
9195	90	23595
4665	94	23371
24104	42	6263
8691	131	21019
23137	61	1199
3071	18	378
6591	130	68
22882	130	24629
3860	12	3198
22019	2	5926
6335	212	22613
3702	154	10030
7116	4	3670
2449	130	22905
4525	125	7595
1606	147	21508
1830	90	3165
22990	13	9463
10165	130	68
6592	2	23393
4509	154	68
251	4	25330
9658	140	947
2062	13	3001
617	2	9542
7352	130	9601
5965	41	24163
1765	192	7212
9745	2	22304
21963	2	5127
23178	42	25351
21580	18	1858
7796	7	3531
23069	89	5619
8431	98	9581
490	18	8935
1497	33	21623
21388	42	7462
289	4	25167
1160	61	24938
6388	42	9615
21610	108	68
1562	90	9628
23282	18	4605
21273	18	5232
8961	199	2826
24201	4	8150
25044	90	3392
835	216	1899
21340	42	3208
10032	130	5383
4270	40	21159
2102	206	9781
21589	2	8829
5181	204	22644
9428	2	8829
6380	7	3231
1693	96	21861
21295	18	548
8550	42	9779
419	18	5565
25245	154	6663
24111	46	8364
22959	90	5719
3863	42	4894
23995	2	1000
9799	42	23512
6806	212	23236
7036	130	6944
22882	131	7541
8893	42	21757
5412	154	9319
4573	33	3670
21668	2	23714
9199	56	3232
24759	61	3834
378	18	25380
23768	7	1747
23656	18	21309
3420	131	1577
21712	7	7909
9042	99	23601
2259	2	23825
21094	42	8803
10386	145	9021
9624	90	474
1497	13	9463
4663	18	6901
22144	41	22885
6382	177	7806
7258	31	24128
5441	18	9510
325	13	1524
9933	33	24790
3434	165	568
358	216	1899
9702	90	24070
23048	18	21685
10211	130	23793
1961	212	8851
23249	4	22104
5859	42	23447
9249	18	331
6067	7	563
6668	42	2646
7825	42	3851
2868	147	9711
1225	154	3718
3863	4	21622
369	12	25194
6934	2	8761
8443	216	1899
21090	42	22327
8396	30	4497
6550	61	1306
6833	154	6663
23255	130	538
9734	61	1208
24586	116	5300
605	154	25122
166	42	6586
3842	42	23059
21371	46	2048
1002	130	6101
10101	2	9801
2633	2	6146
24948	14	2778
406	42	1449
2077	212	24133
24568	212	944
25038	98	22298
25444	33	1000
4739	2	8851
24374	12	7979
1574	4	6786
8143	139	23096
21440	195	3881
23968	90	8110
10158	108	8807
2887	130	21791
9219	195	22963
3378	18	8692
6499	36	721
7891	2	8184
1552	33	8851
8323	18	8159
4325	40	9542
5998	116	25025
7743	115	25401
8433	216	1899
25033	13	8998
8643	130	24043
8732	41	376
4736	130	8037
3635	40	5923
9651	4	25003
2464	130	868
23345	199	23079
1814	116	3182
25106	7	700
22463	42	8400
2930	154	5383
21255	90	260
8734	18	5596
4756	4	2779
782	14	1839
21362	42	2756
23468	156	9367
21078	2	8673
24489	2	21528
25296	125	22020
21041	130	22630
461	12	3616
8144	2	22613
6141	33	405
7491	61	1733
3730	42	8370
3117	18	22685
2501	42	23305
6828	99	5813
2032	100	557
8064	201	1225
23287	40	7007
4180	42	21101
7101	18	6901
10393	4	2024
1658	90	22959
9413	2	1875
21264	42	438
1144	33	22613
24763	212	8851
23007	216	1899
2116	18	9249
2975	196	2765
2184	130	24717
5403	140	997
98	61	7187
6264	151	22013
4010	2	23393
22098	33	5926
5808	4	23277
9214	36	22905
7573	42	8983
9334	206	5339
3693	40	24119
21737	46	21291
24575	42	5791
25325	42	5704
3260	7	23160
23021	212	4769
706	21	6101
7790	2	6119
9335	98	339
6457	108	23734
261	2	7456
6077	7	2966
24318	125	23391
22	130	1074
3334	13	8998
144	61	8018
21361	165	21128
21079	47	8050
21529	42	21457
834	2	21406
4913	61	21363
46	42	23000
3725	89	21750
369	42	4958
24951	206	23973
21049	61	3629
7752	61	3515
2004	98	5956
23649	40	9714
5141	148	6273
10408	130	23734
25106	61	10093
8643	131	1758
21792	42	21795
9368	192	68
2691	154	5405
24224	2	23411
10424	130	22785
24312	96	23953
816	40	9711
214	90	8040
21592	7	24020
23256	116	5300
1275	2	22636
3766	42	6700
6015	90	3292
23773	130	23978
2185	216	3150
5043	130	3803
1652	148	1308
5509	42	23278
2947	7	6992
23364	96	1625
10463	18	7398
24553	116	6688
5803	33	7288
1310	61	6743
23532	7	4327
9482	89	9975
1478	216	1899
9288	18	9720
1479	131	3900
373	2	24469
2553	212	336
7951	42	22536
22014	33	5339
21652	4	1510
6453	33	7073
24136	216	1899
5100	42	921
3726	130	5383
3112	90	587
25342	42	2277
22955	212	9801
5681	125	22176
6011	151	1788
267	66	7787
10296	154	1405
942	33	22176
765	42	24092
4025	14	23734
24315	2	10189
23848	195	23883
24442	18	21107
7343	90	10160
23450	165	21854
3885	195	7814
22679	154	22630
3510	4	6540
9299	61	22205
22757	130	5383
10453	125	8374
3410	74	2453
8350	33	21623
7587	130	21790
10276	115	10458
5467	46	9697
1704	42	24287
4692	154	331
2230	2	21623
227	116	7408
5695	89	396
549	2	24275
2051	61	6077
6445	4	22762
4147	130	23734
21745	42	25081
4542	154	5383
22343	18	8560
564	40	9714
22116	195	6768
6237	36	721
25137	2	4934
759	154	23734
25328	116	7408
7870	116	25025
10342	130	68
815	130	23647
21104	18	6062
22261	130	22905
2463	11	23734
3082	18	958
1055	66	5166
592	195	3717
4598	102	23508
7704	154	22951
4803	33	5166
904	42	3514
21756	102	1334
9259	195	21846
5451	61	5261
24745	216	3718
7265	42	8373
24544	42	6036
7310	125	1108
1485	18	9691
22264	149	5972
24557	2	2936
7102	4	22613
3490	125	9759
23175	181	9117
9915	33	21623
25322	33	7073
2700	2	9193
6693	130	9141
6090	206	9881
5869	154	3803
321	102	612
5943	42	22707
4293	90	24811
9613	18	10008
22657	90	9563
22570	131	7561
3588	116	9217
8645	4	7079
7557	61	3844
22790	4	23558
24914	41	25211
21510	61	4750
1368	40	4898
21476	4	7936
8363	42	7009
4328	130	538
1216	216	1899
2645	61	6929
10178	154	5349
5911	40	9082
3102	212	22994
7095	216	6322
23014	130	8197
2598	116	6688
21951	4	4833
4834	177	24571
6146	98	3269
7123	206	3023
7154	42	54
24389	46	9308
24643	13	3001
21659	13	9463
25477	46	9953
2881	125	23236
4884	4	4833
4527	204	21791
23725	212	24023
7163	35	1176
5218	99	22214
5652	18	6773
547	125	6201
3462	131	4912
2033	125	9965
2620	108	25211
9965	195	1744
4178	2	21623
5566	18	7018
1818	42	7162
9247	90	4102
3745	40	8612
22871	130	7263
169	90	10442
2668	38	22951
2571	42	21976
737	72	9278
6163	108	25211
5118	7	25353
23476	61	5603
23187	192	6404
1111	18	3439
1200	42	1298
9088	14	25211
24729	42	24872
3093	2	23533
24963	131	22505
2594	7	8638
22356	216	1899
3951	90	2483
21412	18	22052
4756	42	23069
2823	125	22414
7781	116	25025
5203	177	2558
5760	2	23817
4793	42	8199
2459	96	52
1843	130	3034
23693	42	80
937	216	1899
5333	33	1249
599	213	10162
21193	42	22989
10169	201	7743
4610	130	4421
23240	90	8587
5307	56	3370
2284	7	7888
22597	40	21474
10160	90	25229
25328	42	24851
4559	90	834
2661	7	7739
22817	88	3511
7778	43	5689
21559	18	5526
5695	96	21402
6079	130	721
6907	61	24760
23672	130	22630
22585	42	25410
8699	42	226
24081	42	22678
25260	212	6065
6634	18	24394
24109	147	9988
3079	56	10269
25257	42	7375
9433	90	23869
23913	74	2453
24630	90	2570
6424	41	9319
21891	33	8455
1024	42	25493
25428	108	6663
3936	140	4090
2010	89	9251
21682	99	21394
21310	41	23309
4066	33	6352
6324	4	24830
5104	2	4163
22692	116	6688
4616	154	68
9755	131	25366
8837	216	1899
8735	18	3819
24018	2	21506
1814	42	25136
8839	215	1964
25288	213	21161
8155	212	2304
24910	130	5383
23373	181	68
21205	42	8263
21014	98	23980
5010	90	1047
23508	131	10122
3173	116	5300
8562	40	6665
22630	103	24229
513	125	4902
1596	42	21654
3788	42	722
5473	108	23734
6129	154	9613
1134	4	7026
9476	90	24153
8091	42	5916
22391	108	21583
5063	96	22015
9161	42	23826
8537	116	25025
21605	125	8493
23119	12	22374
7198	98	7578
9532	2	24951
6445	4	9742
8429	98	1831
3810	98	24785
1686	130	68
3812	2	3625
5662	216	721
6438	116	24853
3293	201	23376
4372	89	1774
956	216	721
10086	42	3169
25440	42	722
1963	216	1899
22435	13	5300
24003	7	22189
10110	7	8703
22029	2	21414
9668	40	21322
7326	125	7879
3012	7	3738
10315	61	7816
3066	216	1899
6543	66	21660
3231	90	22342
2469	61	3386
21146	18	9622
323	47	2148
334	4	25210
9622	216	1899
24956	4	21390
7786	216	1899
5160	4	3670
1470	42	5488
21630	18	4109
2874	154	21210
22347	42	5315
1445	130	25
1699	90	991
21552	61	5036
5303	216	1899
2389	140	9442
1909	154	5383
25469	40	4774
10302	181	22235
9860	41	21791
1924	18	6577
24330	121	7512
5264	18	25055
2188	11	5050
23697	42	5923
8675	13	9463
10319	2	1078
7350	18	2715
22896	89	7751
9392	125	6352
25290	108	23734
9766	131	25425
21470	147	6273
4890	2	4181
4687	2	9626
4906	130	2340
6564	125	2304
9532	90	24020
6728	7	1247
4033	125	21627
7469	195	22631
4594	42	23891
135	7	5701
21072	2	7477
6869	42	4671
110	96	23093
2486	22	4518
8268	99	1856
1362	130	22630
6848	42	5167
8570	216	1899
25141	125	22414
104	40	21040
23423	148	10381
1408	88	24375
25001	2	5517
21427	98	1075
651	61	10450
23330	33	3023
23098	42	1740
3216	42	4593
2353	90	3518
9524	42	4025
22155	130	4881
4839	13	3001
8273	130	22785
21777	116	25025
5496	13	9463
25418	18	25437
21437	40	7395
8569	212	5377
6658	90	3118
54	130	22785
24075	33	9098
3495	96	24667
9862	7	21770
22282	40	7593
3163	4	9263
25016	216	2765
8390	130	22951
9732	89	8929
4940	18	9715
3371	206	6068
367	42	22787
23378	33	8143
21097	42	24033
1406	42	9615
22597	42	23171
2377	61	23820
122	18	4677
69	12	7794
6545	61	7230
7598	212	5767
21937	42	9714
492	130	68
24228	125	3719
5783	154	3150
22329	4	9298
2395	125	6207
2883	40	2989
1136	42	22324
8208	42	10454
6618	216	1899
88	18	3352
21384	148	4171
4357	33	9742
4639	102	3001
21776	2	22703
1242	18	5264
852	90	9553
6505	42	3923
23001	130	1214
7976	43	1899
6067	4	22613
9781	206	25447
3079	56	23473
22643	4	2787
6878	2	8761
2158	116	6688
2291	130	22785
23087	18	21905
3027	125	5926
2307	61	4467
4200	61	7293
22583	42	982
23637	130	21210
1699	33	24790
1372	130	23734
7014	42	5708
5336	18	21761
25387	40	21199
3742	130	721
2543	18	10087
9329	125	5926
10439	40	2015
6090	206	5262
21141	18	23176
2673	126	7597
9916	33	7073
6556	42	22649
24173	42	5958
21554	83	21193
2183	7	10273
1160	90	23152
10298	154	6287
2794	100	4593
721	60	24128
8707	18	22807
3971	212	8374
24151	42	5963
23642	38	24485
5628	18	4574
5818	18	9864
25346	154	21791
575	212	22762
23073	33	6201
5935	42	23305
9339	42	2626
4628	204	24629
9328	42	3699
6281	116	25025
1230	18	9757
6627	13	9463
7555	212	22633
4986	154	24177
9674	4	21920
3567	42	985
1063	212	3068
6205	7	5457
10155	40	22202
950	116	5300
24005	89	3369
2157	18	3537
6082	116	3281
23307	18	5932
21125	212	6146
6279	216	1560
4788	2	21864
7525	212	22762
3303	42	6699
4354	4	3455
3063	192	6663
2508	4	2015
6417	61	24301
804	2	902
8246	61	5070
8125	106	24197
6150	18	2663
24212	42	3677
2394	131	1076
7036	130	23980
10402	90	7233
7145	4	24975
4613	54	5401
22839	18	4723
24547	206	22020
7455	130	6282
1034	42	23279
4592	90	575
21101	98	21583
4663	18	9864
9950	66	3126
877	42	8450
24311	18	2406
9349	116	23185
6126	215	242
4208	18	22587
22827	42	10228
3541	42	15
5361	212	22809
7080	212	23650
6845	147	7003
3863	42	25179
1753	96	24138
1008	206	7354
24073	2	9742
24481	51	4665
8889	2	899
24008	18	6000
8218	41	22298
3786	116	5300
21757	130	1075
25343	206	24909
23624	13	7006
23800	180	2853
3491	134	24770
1119	40	10381
6669	4	62
7247	4	23153
9489	130	22017
7805	42	9330
6701	61	9031
185	42	8898
25158	130	8807
32	116	6752
8891	7	7978
165	7	2482
483	7	5496
21232	96	3742
24867	42	6809
24976	42	7238
24088	4	3109
902	206	4077
23405	7	2482
5733	42	4507
8181	18	795
8144	7	560
25148	90	24296
5853	216	1899
523	18	9043
1319	42	8061
7656	116	6688
8311	42	788
23722	4	5284
7174	4	8131
8103	98	8807
10234	108	21791
1251	18	25027
6985	90	4776
4483	116	1654
8980	18	8837
797	130	23092
24223	4	3103
3777	41	21973
21453	33	9956
7274	56	6955
934	18	25291
9975	11	134
501	42	3278
7360	11	4611
24373	2	8183
2338	7	21095
9614	125	1000
7146	42	24449
7989	125	9447
7968	18	6577
4212	88	5185
615	116	7408
2809	130	25211
24038	2	4555
5683	7	3112
8084	191	22425
4381	40	7824
7965	18	5596
22207	33	309
23629	33	9098
9855	90	2981
9599	206	5551
24863	177	23151
22359	33	9801
7079	130	23309
21992	7	2992
1137	2	8490
1881	2	5926
24806	2	9626
6245	11	22642
234	130	23980
21650	42	6737
6928	12	22374
6888	18	6343
21310	131	25216
22017	216	22639
4310	14	23140
5703	130	1839
23873	2	4181
9198	130	1405
5070	90	22857
2356	42	10372
9451	42	5355
4525	4	7595
9252	42	7238
9352	2	3760
5336	216	1899
6945	125	24790
22189	2	1078
8200	125	22176
23494	18	25239
6403	42	6841
21278	154	23980
24422	61	24127
7887	33	24133
6491	96	24146
22572	18	21385
25447	206	6768
24302	90	8896
1468	4	9447
2836	130	7767
22460	98	23136
8854	192	24554
6996	31	9515
9259	206	9407
6720	33	8851
21013	97	2529
6766	46	6763
6211	40	24069
133	42	21981
4206	7	7435
8107	18	948
6416	90	21343
3644	131	9231
7557	125	805
21698	151	3847
3567	42	6009
2339	130	2926
8698	130	1899
10368	42	10036
8429	195	9801
2338	108	25211
4176	216	1899
24884	2	4051
10461	216	1899
7188	154	2786
8014	108	8807
23597	18	3938
3121	33	23791
508	195	9801
1822	42	3318
22494	42	8718
3882	42	9577
1926	2	24548
9937	13	3001
3106	18	24592
9602	18	23058
5628	18	7547
25357	40	21549
3805	2	22010
24192	130	1074
24156	4	22032
5801	116	25025
3069	42	988
4750	2	22604
723	216	1899
1306	90	6550
5511	42	24455
2473	61	23961
21966	171	9601
21759	18	7017
22433	40	23683
21988	42	4906
7083	33	8851
8816	18	7409
4070	66	6365
9925	195	1000
4525	33	2155
22523	212	22762
7556	40	7949
23196	42	9615
7703	56	3718
82	216	1899
8816	18	6278
25398	177	23842
22845	195	3314
23617	42	5797
9753	42	22301
6129	89	25266
860	195	9925
8942	4	7814
24066	2	5127
2269	98	23978
872	2	7012
2601	42	5092
21364	61	22069
4208	18	9083
8631	18	23087
21350	212	4110
6152	65	6359
6561	116	5300
655	125	24786
8499	18	21606
9613	18	8231
22008	33	2304
3971	108	68
6600	201	3736
10124	4	24050
21747	2	22648
875	216	1899
21589	2	10044
22528	40	5477
23016	2	1246
21706	140	947
21211	216	22549
4570	81	10269
24659	90	25105
21159	130	538
2434	119	3001
7107	206	4418
3548	212	5767
1223	2	24786
5192	90	9248
5155	42	8547
6226	90	9031
24526	42	24803
9394	18	8171
396	11	21569
1358	96	24300
4196	149	3835
1457	33	23437
1478	18	5633
4643	191	9038
9734	125	1570
22820	18	4952
2779	175	9051
2569	131	6414
1611	90	7562
5305	42	2741
8410	130	7384
6741	2	7717
10127	40	7395
23355	213	2509
4644	4	8319
8090	33	21046
9483	206	23578
186	125	9801
8680	206	6533
24736	108	6255
22356	18	3956
24839	2	21063
5980	7	78
10313	18	4835
3415	108	23734
24007	130	23723
5288	216	1899
7189	18	331
22618	116	25025
765	46	6763
6311	6	5776
2196	130	721
24310	42	509
6507	216	22689
22293	50	23734
7121	99	1856
23137	90	2767
23938	108	25211
3548	90	1623
10019	134	643
2080	151	7036
25065	212	8286
24093	147	1652
24676	7	7739
7579	116	24853
3659	96	3985
377	90	9525
1776	125	9999
22758	42	22906
23771	7	595
999	90	22397
1369	2	24446
5487	61	8896
2150	42	21808
1445	130	7767
6449	116	25025
239	42	5635
23038	40	6332
2889	116	25025
10288	4	7469
6321	45	6949
5176	111	1842
22217	56	24528
843	61	23173
1759	12	4341
2253	116	5300
7785	18	8271
4337	4	7026
7501	40	9617
5500	130	68
2989	96	1011
1428	90	3732
3072	90	9140
3712	4	4833
3307	33	3881
5508	108	23734
24479	42	2557
6935	125	520
21942	154	22889
25292	13	9463
22681	42	2536
9934	7	2101
2686	50	22689
391	33	22809
23802	33	21017
7438	66	22232
36	40	2035
7797	130	24377
199	2	22409
5395	130	68
25304	18	5523
6530	42	7839
8489	42	25029
1359	61	23811
9730	125	10044
4843	90	8965
4571	33	24133
10035	61	22765
4284	40	22795
5282	7	4232
25484	157	21523
6961	61	8345
24981	90	9760
7968	18	1924
3914	147	983
5711	96	3347
8488	42	22563
2092	61	23652
21044	4	3535
2874	96	21033
5783	131	25091
6009	96	6599
24390	14	21791
21995	2	5551
6648	14	21210
10259	42	10454
10086	42	2278
22866	130	23978
3173	2	24002
6994	7	2391
25320	50	7883
6929	125	2344
25005	40	2194
4447	108	25211
5283	12	5706
22262	42	9100
21176	2	4223
2146	56	24196
9201	130	8807
3982	42	2114
21521	212	23791
22537	2	7026
9113	18	6307
25499	130	23793
24537	42	8843
175	65	2237
5474	33	22032
2571	42	10011
2487	33	24786
10031	42	10374
23208	125	6446
24687	42	23947
24103	4	6069
3272	154	2441
6929	4	21406
8066	130	8924
5375	108	3492
9010	40	25134
7954	42	23310
7779	206	3649
22303	42	5167
24397	42	22186
5103	116	5300
3022	212	25197
24776	58	1530
7855	42	22634
5385	154	945
566	18	5526
353	42	25345
5889	147	1572
5945	40	6396
9911	4	4174
21180	130	23734
3152	130	5940
8826	195	6768
4878	2	22746
8802	40	8495
10345	42	25052
4696	33	5377
25431	98	68
3961	42	21906
23653	42	8845
6670	40	24166
8927	64	22915
3801	42	6251
3356	116	7408
1297	42	2939
5688	18	4677
2566	40	5661
5179	42	7894
7015	154	25211
25235	61	25082
10258	4	4781
121	42	7288
566	18	9044
2393	7	1296
7621	131	4142
22549	120	997
8680	195	21646
3549	4	5127
3293	66	4063
21337	151	10294
7082	4	3648
1375	7	1961
3425	2	22762
8847	130	24305
25155	125	582
10356	18	3181
4150	18	8578
9891	42	749
21909	108	6255
6938	42	25352
8419	61	1957
8080	42	22546
2498	212	7354
23974	7	10027
2328	108	9581
21323	130	25211
2808	131	1599
9164	4	4201
8018	108	9581
21342	42	684
23480	125	7288
21944	216	8682
24559	42	1810
2233	216	1899
9001	73	22344
2766	216	1899
24349	216	10269
9284	42	25493
260	4	4181
5527	61	2983
25088	89	3369
7618	40	2442
25422	201	8438
10119	18	2312
22152	66	23376
6741	40	7717
22307	42	4307
906	175	5442
6370	4	23242
24785	50	10181
23367	90	1614
3776	42	23945
22888	2	23386
21881	90	24760
21030	90	8984
469	2	5944
24806	33	7073
3911	216	1899
1640	216	721
3798	116	25025
6586	130	5383
21907	42	3741
3066	174	7446
9388	42	9078
21512	42	3665
6984	194	24349
9460	2	22107
7227	116	22039
6191	2	7324
22057	18	3489
2812	116	7408
5803	108	5383
10123	42	21821
799	100	24572
2631	46	2048
4409	42	8922
21274	61	6819
24635	154	1411
24226	12	2809
22509	2	24975
5925	212	9530
3943	108	8222
4979	213	21927
10109	46	6237
7464	213	5900
5953	130	22639
8685	216	1899
5765	212	21063
21334	216	22644
24998	130	24554
23894	131	21408
8135	116	7408
1832	61	23990
619	96	23296
24038	4	4555
2905	7	5722
790	42	7622
6741	42	6803
6783	54	9507
21097	40	21479
4084	4	8483
22024	102	21740
10262	18	7173
8341	18	10376
1023	42	9162
3895	33	23570
5240	42	2696
7307	42	23448
3636	182	25058
5639	130	23136
6170	42	6895
25212	42	7070
9980	130	24629
9916	4	9626
772	42	817
345	130	22951
21847	148	1572
4947	195	6504
7006	192	23325
3443	61	24074
24589	42	3230
3563	154	2858
27	130	2495
23287	140	24846
5796	90	24110
8116	130	8924
7832	125	10044
5462	18	9425
9114	42	3892
8553	18	8171
2183	125	24790
2632	42	21275
7645	18	5190
3898	42	2935
5203	42	9424
23746	18	10191
3648	195	2917
7505	2	4181
9394	18	517
146	216	1839
1190	42	6786
10022	216	21791
23900	7	7888
21517	108	721
4680	38	21210
23872	41	22298
1448	40	21637
13	199	42
9388	46	3349
4283	7	7321
8490	139	7927
8887	130	9917
123	46	23519
1655	42	4627
5014	4	21026
1629	30	21783
8605	33	22414
9226	4	1754
4891	42	8400
3224	46	3349
330	211	721
9476	2	23393
80	154	24400
7526	99	5813
21535	7	22278
22486	212	22613
3238	7	8155
9321	42	23717
2694	2	24548
3816	40	1708
4636	42	9518
25112	90	4571
5651	18	23318
4735	130	68
9497	4	2238
2288	147	2088
4698	2	2291
21331	7	7267
4973	2	8410
835	18	7785
25227	61	23016
8005	61	23160
24011	2	22231
7626	61	23627
9797	130	8912
7901	196	22644
22336	18	2774
448	108	5383
3077	42	1518
23062	216	1899
8910	154	4881
9005	177	8932
21877	130	23980
24429	40	25268
8282	2	9742
2351	154	2682
23037	174	3410
21968	4	5127
21767	42	1260
24390	14	22639
2764	4	8490
24943	18	1575
23077	154	6255
935	96	8921
7808	18	24503
5380	42	7840
23912	42	8306
4017	2	9626
676	26	8560
8907	42	2118
25290	61	3007
9569	2	25268
24484	42	9642
25327	116	5300
808	4	24784
4603	2	7374
25	216	7767
5200	212	23068
1462	4	24314
8315	148	7003
4054	116	8100
6904	18	8293
9034	216	24485
4406	40	1456
25239	18	9375
22626	2	3476
25082	90	25235
10462	165	21128
4785	33	10044
7685	42	24901
7578	81	22141
8552	7	21731
7054	89	25221
22482	131	9848
23228	116	5300
1157	41	6443
8375	98	68
6014	130	2471
4073	18	5628
21281	42	9920
8365	90	5901
5629	47	3310
560	90	21363
291	125	5055
23039	130	23309
9241	106	8236
1196	61	10090
5716	4	2024
22247	4	6786
8824	33	8143
23508	154	3814
24723	116	5300
8917	18	21759
23386	195	9207
25378	42	3242
5005	42	2392
21940	90	21914
6002	206	21835
6026	130	23978
24875	165	10290
22508	125	24790
4352	42	21014
36	42	2726
3482	2	336
193	40	2388
2945	7	9325
503	61	3596
6105	7	5439
21372	90	5375
10216	61	3050
3499	42	2502
1602	43	21702
2059	2	21015
4233	108	4413
21483	125	22335
3436	61	22869
23765	42	23000
5577	40	9200
21771	206	21846
24382	90	7404
1530	115	23891
24333	96	23975
23834	18	9694
21295	18	5045
649	130	25211
21674	42	4920
9818	96	22454
10438	18	4502
2415	2	21330
4425	90	21475
7519	7	22087
4172	13	9463
22160	206	24975
7710	18	7650
22460	195	209
3005	46	23201
7124	130	5383
7790	90	22513
6436	61	1749
5482	2	23505
24464	130	23537
1159	42	4076
2662	42	2221
23034	96	22897
4890	90	5208
8599	4	2024
6685	130	134
4678	154	68
6653	212	25497
6723	204	721
21476	40	9566
7225	154	3150
4943	18	216
195	90	23682
24946	61	3057
5769	2	24722
6616	18	734
25412	2	7859
25071	18	23361
497	7	767
24967	7	23865
5423	42	4077
7287	103	5210
9654	18	1402
21512	42	21912
8347	42	6800
3100	40	164
22041	4	8045
6684	42	7813
6210	90	24199
343	108	5383
23775	212	453
9075	46	8226
50	42	280
7671	7	7670
2705	130	23309
8626	42	6381
9304	42	8352
7155	96	7998
3051	42	8993
4512	2	335
4414	216	6101
23926	4	4076
7420	2	7477
4218	130	21791
24952	42	8450
22789	18	4073
10365	2	21351
5340	108	6663
346	33	2421
9575	212	22633
21814	18	5526
10375	42	23685
4764	154	6498
1121	90	9282
22213	212	6379
25275	96	3396
8920	2	2556
24042	165	10290
21555	18	22183
8144	125	309
1910	2	25003
10229	149	21226
2984	61	23035
7136	154	426
290	42	540
6564	90	4599
8775	42	21220
4376	42	2437
23395	212	22176
2245	13	22735
3117	18	6467
1733	33	3881
22262	42	5296
183	18	21730
6981	154	23167
22193	102	7258
8367	131	7565
22280	4	10065
8515	108	8595
2943	2	24784
3106	18	8334
1863	7	4293
9781	195	8410
10335	42	6800
21769	40	5394
23856	61	21477
7008	42	3278
21741	4	21488
22822	131	21410
24744	125	1000
24578	42	22188
24787	7	6781
8313	42	25298
22670	40	21625
1889	4	2504
22618	40	8495
23138	4	22304
9828	2	1078
6306	154	23140
8033	18	25251
7855	42	8304
7295	40	6045
6868	195	21623
5394	130	2311
22699	130	146
22402	125	7469
2488	4	7026
2430	151	10279
21691	14	25211
23361	18	25071
9710	2	9742
5115	4	2024
311	18	4078
23735	90	21909
1737	195	22460
22462	13	22735
7230	2	8455
3939	130	22630
7856	40	7029
9963	125	1744
8631	216	1899
904	2	2624
750	130	10133
2611	125	23391
1408	42	6026
6341	7	3543
8859	212	5744
7524	4	8851
743	130	23978
22723	33	2344
4762	42	10456
4594	116	6752
22797	130	2470
21553	131	22878
2883	40	8366
5997	140	551
24903	125	4001
22661	130	24229
9569	42	23549
9894	130	21790
4748	42	5196
21934	154	8630
6522	125	3881
21988	40	22236
24333	131	21727
23031	212	8490
2687	154	21973
7399	18	3819
7940	18	8499
6968	2	4223
5118	33	8357
364	116	7408
8346	130	24859
22865	7	21679
3492	81	4413
25085	18	10256
25321	88	7128
9921	40	5465
9816	99	21394
5441	18	6849
5834	18	24421
9602	18	1348
24311	216	1899
4119	7	595
5108	7	4434
4703	33	9447
7440	7	2381
5311	18	9102
2534	89	22998
23966	42	3910
6148	42	21813
4572	4	1799
7	2	1510
7801	2	22231
22954	42	23190
2119	7	8984
8172	2	4163
9392	33	6352
23292	42	8450
21347	90	1980
7560	61	4703
9008	201	2308
10284	18	25347
3978	2	23262
6297	42	5504
9837	61	5206
2039	42	25385
22957	46	8754
3644	41	9319
23073	2	22304
25178	90	4854
21169	90	24630
4783	2	23393
2672	4	5260
21112	18	21131
5215	102	2865
23749	42	8694
5351	98	23734
8006	131	7565
8894	7	3789
1100	154	25211
6278	18	1070
21904	18	4242
22007	61	210
6687	96	8119
10232	90	8686
917	199	22678
23527	7	24694
8607	90	10306
4198	13	3001
464	90	7962
8241	2	8940
22722	61	24499
10344	14	24928
7833	130	769
6416	117	22951
495	42	8610
9158	36	721
5266	130	8807
7348	130	7580
23196	42	7607
25135	216	1899
9646	2	8431
2202	40	21656
5382	42	23486
22139	42	21204
6925	18	6150
8144	7	8531
24315	42	4894
8585	4	21471
5722	2	8423
7275	125	5241
23595	90	3582
10006	42	791
23651	18	25383
7390	61	9776
9085	130	21790
1265	7	6315
25187	131	1373
3808	42	2447
5725	2	5127
9023	90	5226
3797	42	21014
5150	42	21407
22580	18	2426
9811	154	3150
3195	2	22762
7744	4	2484
25331	102	24645
5676	42	23497
10003	65	10003
695	90	4203
23834	18	8329
7317	42	6598
7820	116	7408
7071	4	7346
21234	130	721
2100	40	9793
6061	7	656
10027	2	21693
10057	42	1030
9120	27	1560
22318	130	10269
2744	90	9493
9951	131	10401
3771	33	4564
22045	89	9385
24932	108	68
5217	18	1801
5040	199	1396
9988	147	8474
1689	42	25156
5514	12	22716
358	18	24691
5501	128	9037
21026	195	21442
9335	195	9447
21733	130	23332
4337	61	8484
7256	4	10359
1889	42	7912
3346	42	3390
9509	151	5228
3839	61	1056
5492	40	23582
21211	38	22549
8326	42	5196
1140	13	1185
24551	131	3454
21878	140	3538
6144	108	23978
23051	4	8065
6093	147	21384
24402	33	6157
8877	90	3765
8821	154	3803
1744	195	23791
21093	116	25025
25261	42	1548
2101	2	8851
2268	90	7956
22568	2	3719
8857	33	5551
21896	54	25013
23610	7	7269
5156	154	68
2489	130	24926
247	42	1945
23835	192	5383
24406	2	4024
6645	42	24572
3724	42	7015
3040	131	8335
4248	212	2568
2593	18	2548
327	18	5528
8707	216	1899
22860	189	21944
7074	130	1560
5418	201	599
1187	61	2881
4570	107	4895
7192	13	9463
5897	42	24564
5573	125	9804
2577	2	8673
9718	130	5050
251	33	8286
3567	42	8214
5543	177	10238
9923	96	1599
6750	42	8373
4341	130	5383
5146	30	3469
8168	131	7155
4271	130	3269
4394	7	73
47	42	7203
2986	154	68
4995	90	7714
22924	42	7013
4191	42	1686
7053	90	5547
443	90	4467
24283	90	2967
1338	18	23677
6587	2	3120
7653	90	4209
1410	18	7185
9206	154	2850
4336	18	4548
22348	42	24865
10407	90	24710
7416	13	8998
2605	15	8807
3174	40	7410
1179	212	970
647	2	10025
4934	206	25497
8410	206	9407
2399	130	68
6231	2	22762
22412	7	4386
10178	131	7426
7585	42	9701
9246	2	5374
7881	61	8005
4922	12	22716
518	33	22414
23395	61	10257
7250	4	3280
22297	154	25122
5991	18	7699
3105	4	2843
9010	42	3152
9303	11	23309
22983	212	24023
7343	2	5592
5209	216	1899
24889	2	4898
9314	61	21597
4630	98	721
3024	116	25025
23798	33	8143
21916	108	23734
6466	125	9407
8424	90	23138
478	42	6598
8764	18	6509
6075	18	24008
5105	13	2523
10308	2	23714
683	90	22983
5528	18	23379
9129	42	9082
6022	130	25213
22739	130	8807
3082	18	1775
3412	102	2431
24718	18	21603
24508	130	1651
5231	85	23601
10295	216	1899
8510	2	24588
1379	61	5073
2947	125	23391
3493	42	8352
9444	18	6092
6123	42	23910
3105	42	5291
24990	147	21384
1485	18	130
741	154	25211
4242	18	9190
8780	165	21128
9347	61	7769
9585	192	5383
6078	18	8758
9661	61	8348
8755	2	4166
22232	115	5958
3870	38	4816
3507	108	8924
22023	2	4524
25453	130	24554
343	33	24133
21440	98	3150
5776	15	24930
24617	10	21118
4323	42	10068
9287	154	23316
7529	212	3314
4717	216	23793
23111	11	23734
4318	36	21791
7509	18	6590
2102	98	538
5135	154	10095
2920	33	2304
5053	42	54
3055	215	24923
21724	216	721
611	42	5390
8081	42	8623
4375	212	9407
23052	2	2442
24127	125	8851
23923	46	21286
4203	2	8423
25368	131	21297
3800	212	2212
58	195	25494
2121	46	8226
23126	42	265
7109	18	6143
8799	108	8595
24030	2	2442
6456	40	23914
5482	61	9355
5994	212	5767
9885	212	6764
2420	42	7375
10292	65	9058
7779	206	7779
24811	61	4293
1639	33	24789
21699	199	24985
24384	18	9970
9900	115	5791
2694	90	3123
5139	42	5413
3892	130	21790
3889	7	1613
9887	61	4571
23769	130	9957
2670	154	721
6986	42	7238
25179	130	23332
21217	90	3084
860	195	8066
1693	72	2453
2229	212	2212
21874	40	21199
8912	81	2176
2822	125	24730
4928	42	1189
23054	13	22735
8855	96	21795
5112	42	24973
995	151	21553
8237	102	10391
10394	125	9965
21564	116	24853
4905	33	6352
21370	42	125
4771	66	9950
860	195	21046
24699	61	5184
22933	216	1899
7886	7	9081
4179	11	5293
5267	131	22024
5816	18	10087
23749	40	23022
7023	46	25466
6991	42	7749
1070	216	1899
6178	4	6259
3636	99	5290
7864	42	788
23622	7	23472
946	33	22414
10423	42	3910
3953	186	3519
21657	42	21959
10028	212	23391
23592	212	3580
24232	40	6685
2525	90	1649
22563	154	23140
6421	195	3872
24758	90	21798
10296	131	9178
23740	7	3737
23763	42	21297
7499	58	8839
4011	125	21440
7208	98	3150
24644	42	2798
1008	195	7354
9332	130	6705
4802	90	10106
24088	2	3109
8646	42	4537
9779	154	68
9883	216	3370
21140	125	6532
2833	42	4156
4492	115	6118
2571	12	2111
1174	2	7747
24088	125	24023
24760	61	21881
5237	42	7813
23156	154	23140
8802	4	21622
6955	140	5549
10238	130	7263
21750	111	23136
25293	61	5679
23989	42	4236
7912	14	25211
9979	90	6074
6478	7	24864
3447	42	22076
5957	130	22951
25427	130	23734
2319	131	6177
23085	2	5926
2708	125	5926
2129	11	24717
24864	61	10106
24862	216	721
22019	7	10168
10121	42	21810
3791	61	5282
3300	195	4902
25489	38	6322
4726	42	9517
2788	89	21490
24549	42	1395
6730	42	3910
8868	18	5565
8692	18	4631
9900	66	8151
1144	2	22613
4808	90	10226
3043	2	22032
21280	130	106
21512	2	1341
5510	108	5383
1781	196	24562
9803	147	8474
23725	108	5383
21143	18	5008
23825	13	9463
3477	130	5349
25374	56	7337
3884	140	6127
7179	18	8329
21826	18	4615
23074	90	2695
1002	154	2441
23268	33	5351
23582	130	24163
2452	2	22304
818	108	68
10475	33	6207
10342	154	68
1744	195	24730
8259	212	4769
2889	42	212
2198	216	721
3410	216	721
5137	61	22674
5181	154	2778
24705	125	3881
9830	42	22979
2470	216	22951
9833	96	21548
22965	56	22644
10242	42	9372
2786	192	7922
22590	42	5339
451	42	24436
21864	130	268
7666	61	1772
6056	117	22951
7342	108	2471
8353	131	23744
2649	206	21779
1536	40	462
23639	42	10136
9075	4	22211
6801	2	2782
21207	7	22722
10281	4	8796
4505	140	6559
6580	46	25466
2789	42	933
5665	61	1993
7613	2	3230
6515	33	3881
6163	7	5567
25194	195	21701
23869	61	10201
22654	125	3881
3300	195	22032
7042	125	1744
9572	18	23224
47	42	783
24889	42	3405
22375	89	1774
24884	42	572
21391	111	3183
23964	125	21623
24047	42	5272
24132	192	6513
6212	130	3150
1162	33	8851
10256	18	22902
4151	206	22020
9342	96	9612
23315	116	25025
24318	2	4163
1829	2	23124
8823	42	24918
2228	90	8369
23508	154	7337
8881	42	23557
3861	151	4295
6157	206	21536
24545	4	9209
6858	2	7073
3811	130	1917
8040	2	7079
1501	191	1514
8486	151	24435
8763	212	23236
21445	42	25394
6592	212	7316
2599	7	9377
589	154	6947
9756	38	6802
185	116	1964
1492	7	22955
6245	111	4727
1114	154	23734
1470	2	4747
4773	42	8426
24480	7	10226
8247	2	8851
2269	206	25497
4552	115	509
4618	33	4902
5310	61	24386
7511	42	23432
21797	125	453
3689	4	8413
716	42	1139
7166	61	21938
5434	154	5383
23102	4	8483
8656	40	2916
8437	125	10044
9863	2	21807
2810	42	7245
7810	42	5811
22003	89	21966
2787	206	22994
25049	90	6348
9359	2	7472
6175	42	24323
3391	201	3286
1072	18	25408
2329	96	8821
25276	40	6462
25103	33	9759
10286	42	851
5944	206	24458
22053	33	6847
7113	33	5351
2622	130	2471
136	18	3894
2782	195	22434
4322	151	5453
7864	42	25352
8675	33	22994
24723	4	7141
23526	154	4275
8363	42	21275
22950	173	1587
3690	206	21440
9490	18	22341
4300	89	5586
22945	18	10193
5784	4	1919
9152	90	22455
3966	216	1899
6757	2	22414
8329	18	7179
8224	42	996
6019	40	2506
10012	40	21199
7402	33	2520
6669	116	6688
549	61	6367
24466	2	21501
24477	18	23984
25269	131	1999
2317	90	8189
1442	33	9965
5499	14	24629
10117	103	9141
4632	159	24554
22556	108	5714
22607	195	9804
3615	42	24973
21440	195	7879
5936	125	1000
1599	131	5324
2058	99	9480
4269	42	10372
2475	4	9334
8918	99	9480
576	195	6379
10381	131	24094
8820	42	8996
9255	2	22228
5147	154	25211
9984	154	25211
6296	2	10382
23728	131	22940
5786	130	8807
21849	18	523
2669	130	8049
3703	125	5926
21610	90	2910
7817	40	7054
5392	154	4421
488	90	21139
3539	134	7010
3275	130	24554
10075	125	25219
3302	7	10094
8904	42	10381
10053	42	25395
326	216	1899
24860	151	4251
2443	212	7073
1251	18	3289
336	154	25211
4012	42	22358
21506	206	6768
6245	153	10117
23722	42	4362
7958	42	23299
392	98	538
1003	116	5300
2673	130	24513
24384	216	1899
3622	18	5905
741	130	23734
8073	116	8100
4014	4	5055
25214	108	68
8857	125	5551
24547	206	21846
8076	4	7374
6468	140	947
10236	42	22727
7033	154	7384
6071	21	22905
4080	154	25211
3904	11	23980
6011	102	5285
24911	4	25361
5160	125	3670
2974	212	770
6484	90	23020
1313	2	5690
3804	7	23535
2464	154	23734
23547	4	7927
6193	216	1899
23095	2	2512
2260	18	24907
21192	131	6678
25363	130	268
7594	2	10040
9260	130	22466
22291	42	3555
4676	199	4201
8544	13	22735
23133	61	5094
61	96	2407
22551	195	3375
9996	61	7404
8192	154	25211
1351	2	8761
4412	90	7521
9850	90	1109
5702	216	21791
7913	102	23008
23778	33	7469
2697	43	22951
8081	42	5791
3055	2	24200
5838	33	21623
3210	21	9557
24584	130	6101
2464	154	721
21830	40	308
22054	33	2568
25073	90	3993
2262	40	21824
7401	42	2360
3027	61	23198
1869	56	725
9546	42	4276
6032	125	6352
8196	98	25211
10235	98	23734
5525	108	23734
1452	116	25025
4829	61	6785
5536	33	22994
21574	191	1693
8423	98	4917
2695	125	23782
1272	4	2787
23160	2	5062
689	90	4686
291	4	902
21976	96	21055
8111	90	3589
25371	212	2304
7998	154	371
914	18	3148
24414	33	25219
3371	206	337
2756	130	286
10375	40	6308
4565	98	9367
5028	125	6526
22707	130	21790
21510	125	22414
9384	212	9207
2540	212	25447
4854	2	21406
25455	130	23980
4351	90	1328
24437	195	6002
22596	130	6404
9487	90	2230
3924	18	490
3796	116	6688
82	18	6989
6251	154	68
9671	74	2453
670	125	2512
24257	18	21843
9785	108	8989
2745	147	3453
7652	61	23413
25304	18	7347
2805	4	8842
23017	7	9540
4006	4	4902
8650	195	3625
118	90	25495
21587	215	24838
9390	154	23793
25121	90	499
22221	33	582
2446	61	23451
877	42	24254
51	33	2304
7363	7	9782
2866	40	23533
21763	206	24581
10021	18	22917
7188	131	3033
5183	4	22231
5980	61	21269
9140	2	5926
2312	18	10119
21400	102	3095
22844	42	21497
22201	33	3881
24088	90	2609
8036	2	1463
21696	18	9662
5705	40	23769
3530	61	9432
10285	2	8851
7317	12	2809
9995	18	2104
9448	33	6387
6774	4	24238
4702	154	8807
22082	125	5241
22959	108	6663
24934	90	24936
23229	61	1187
10280	65	21734
23785	42	21913
22681	42	1145
21822	42	3442
3486	4	25362
21844	61	9485
6669	42	4122
7764	42	3980
10229	42	22256
24560	4	23339
6110	61	24285
8028	125	2304
5106	40	10176
7020	199	4201
4755	100	21268
3014	2	23533
21247	99	1346
8614	216	7337
10490	151	1693
21242	90	3595
24702	212	1000
4414	99	1856
9509	131	21873
1585	154	1560
6580	4	8483
25476	90	6939
6672	90	23003
4746	204	3718
4115	125	23791
6100	96	10025
1875	206	25431
23833	42	5443
9461	90	3975
21866	42	9958
747	130	68
3642	33	582
25440	42	4655
866	11	23734
25352	96	7472
6084	154	21791
21021	130	21289
7655	125	4902
7669	108	25211
4973	7	2073
9716	125	10044
21548	130	22951
10033	90	2877
17	33	337
21320	18	22357
22304	195	9884
8022	154	5383
8937	212	9781
4344	30	23559
10215	40	1097
22512	154	9831
2610	4	1409
3962	130	8807
3972	131	1021
24607	7	25371
6869	4	2886
6120	42	10374
23517	2	24275
23794	61	1027
24797	110	5682
24557	42	949
22507	130	10269
1088	216	1899
9982	18	8033
6411	177	445
9931	81	68
7822	212	9801
9317	4	21302
1745	154	8807
25494	206	58
6962	90	22491
5340	61	1320
8088	42	6699
9649	4	3602
7539	2	5127
22394	130	24554
509	130	8037
2635	33	22762
6322	140	1869
2072	2	8431
2891	143	7531
4797	154	2046
23962	7	21694
21656	130	23723
23149	90	9964
23595	2	9522
4463	131	22024
21879	61	10085
23896	42	24848
9519	130	22630
9937	108	7263
4354	42	10004
10286	177	445
8735	202	5441
21306	2	21528
643	154	868
2987	154	431
21446	42	6693
5512	216	721
8748	96	21076
6132	13	5300
2162	154	25211
1389	2	1737
8540	4	10419
4169	116	5300
6813	42	9085
6906	216	3803
2250	130	3534
23313	4	7661
23457	46	7156
7704	154	2470
7529	2	3314
1657	130	23734
24435	201	9204
23919	42	5792
8825	61	21844
24703	125	21627
8699	116	6688
1719	116	6688
10373	125	23804
2937	4	4151
23345	88	23079
6443	203	1209
2876	12	4341
4720	13	9884
21667	116	1979
21688	4	3401
7214	18	21849
21771	206	22414
4285	2	7451
9607	4	2024
343	125	24133
5217	18	21648
25280	33	9759
2425	42	6159
1772	108	4413
2748	13	2523
24401	61	3417
6021	40	4555
5633	18	9084
5781	131	24128
21785	14	22905
25261	88	9623
5234	115	5630
22111	90	24406
22557	125	23135
2352	42	9360
21004	2	2624
22218	90	9812
2563	42	8382
22820	18	23317
4394	4	22335
4832	4	23714
2884	42	10454
24030	42	4276
23084	2	6926
25254	140	24846
23419	98	1839
5533	7	23799
5672	42	24192
4715	154	7169
2036	33	3670
21432	42	2084
5433	154	24209
8693	216	1899
22167	18	1784
9195	7	24149
25166	40	22648
21900	42	274
5093	106	8639
4350	4	2024
71	215	3213
9247	2	8544
4552	115	3775
1845	130	721
22797	154	2470
21722	18	8655
1112	90	24960
7810	42	2304
8028	33	2304
3232	120	9199
1777	4	21528
2294	195	6603
9666	125	21623
24960	61	1112
6018	33	3247
6593	98	146
5538	18	9444
5089	66	1702
21661	130	4421
24642	50	10181
3248	42	25461
22924	116	25025
8827	125	9801
324	100	22306
7852	151	22981
3358	130	24554
5017	42	783
21954	42	2015
414	130	23980
21377	131	8218
4173	2	1952
23752	216	1899
9122	12	9742
21755	7	1296
4478	56	7690
10205	99	1856
623	130	22992
8952	4	2024
4626	213	22200
21853	42	267
5863	40	6045
3315	12	4341
731	7	8137
4695	130	4514
7204	41	23309
4607	130	21790
22439	2	944
23300	7	23917
5590	42	23903
1064	4	6352
24623	61	23932
25220	98	7922
6071	85	5268
22054	61	1284
10168	212	5849
9130	108	25211
25119	130	2471
8385	40	300
5399	4	22923
9445	116	7408
23816	14	25211
5790	90	7657
23770	42	2939
10184	125	8851
788	154	5383
2723	18	1218
25165	72	7068
1861	116	7408
21163	212	8357
5602	7	6242
25195	42	24597
9695	125	3023
22013	154	8807
1212	2	4535
2855	216	1899
9622	18	21146
34	130	25211
23918	134	24202
6437	2	2291
1602	196	6772
4809	108	25211
23056	42	24971
5515	140	22449
7377	12	10291
25493	142	721
3028	12	556
91	42	1843
1291	18	2300
24817	130	21791
7461	42	7862
69	42	8706
21633	40	2064
8619	42	7749
4165	148	2949
21647	90	22250
6023	66	5481
9629	195	9629
9775	7	21404
5281	96	22267
356	61	23208
5181	130	22170
5803	125	7288
23739	42	7419
2347	80	6896
8409	125	24786
22117	42	5406
7518	2	860
10289	116	2605
4929	90	3335
5674	40	2015
2116	18	7189
3632	42	9109
7988	54	25167
4942	130	24629
3679	7	820
7820	42	24894
8289	90	7835
5490	2	3209
7753	18	5232
6707	154	8512
1471	154	24554
9539	56	22644
21937	42	837
24231	90	6881
5383	81	8807
729	4	22015
3613	61	7634
2757	42	22745
942	61	25470
3300	195	1000
10113	120	6127
3783	125	22414
781	154	24209
24270	84	22549
10304	46	21054
3617	33	7073
24421	18	24325
2915	130	21210
4154	7	5521
22939	42	9162
2755	33	22176
3417	7	5913
10232	125	24446
23240	7	2588
23849	18	1620
906	154	21544
7035	18	23597
2949	147	6116
3174	2	7410
8960	61	4551
1164	42	9069
7327	2	8319
24820	61	24631
25299	42	23695
9889	18	2127
9265	61	6526
5454	154	21973
6965	4	21440
1046	4	2304
25075	42	7481
10250	90	9246
1129	130	68
5259	42	1449
6704	130	5383
3877	131	1114
21902	151	2940
21515	125	8374
1636	98	8807
23100	18	7480
9878	7	10273
4163	195	24469
23291	204	22905
8979	2	9971
8632	33	22460
231	42	4496
1849	61	24935
23668	2	9193
6262	2	4051
7244	61	6775
10220	18	1088
1638	42	6990
21565	4	24784
6020	42	23192
6879	131	2808
21126	42	4491
6547	18	1029
5480	42	2942
5290	85	1365
4118	125	6201
2343	130	1899
10066	154	23734
9774	177	445
3300	206	4902
22489	18	9310
498	40	23336
5129	130	6663
23770	42	6784
9711	201	23242
4961	98	25211
22867	116	25025
9926	18	7826
3569	130	2736
6761	212	9438
1922	115	5366
6534	42	5031
22030	90	5085
9130	108	23734
7425	32	3240
5939	99	3445
25053	130	1899
590	42	8249
13	115	5366
24335	2	7456
25028	12	25194
24494	40	2442
25008	61	5668
8780	165	10290
4922	12	5271
23510	108	2579
21845	42	8263
21323	154	68
991	33	24790
7180	42	509
2574	130	3034
8014	108	25211
23993	4	8319
25083	90	25174
23321	90	3231
24101	2	8761
21427	98	286
4670	42	9687
8775	40	7395
5502	46	8720
7084	130	22549
9670	7	10002
5741	61	4857
7693	61	820
3001	192	68
8328	181	5947
8015	61	3539
7230	61	23635
22198	154	25211
24431	61	22638
22404	4	9626
21609	12	24975
6657	33	805
496	212	860
24391	131	7114
4949	151	3406
23466	7	7334
3500	18	9185
22780	40	462
8444	41	22854
22210	61	1333
9748	125	7288
67	154	9581
23457	42	1518
24627	216	1899
22023	40	4524
23350	4	24790
25076	2	742
21546	37	5776
22364	40	2916
1734	61	22557
2919	125	2304
10186	42	7500
8519	42	93
21721	154	6516
9212	151	22318
7838	2	8851
234	80	4096
4794	42	25379
1754	195	8429
1057	216	1899
6728	125	1710
6157	195	21846
1236	42	7393
3899	42	5963
7095	196	25489
6284	42	2986
21420	42	8192
3896	130	8807
4855	154	24629
4448	154	9699
9353	96	22832
8401	18	4841
5138	125	3690
3815	18	22695
9441	98	8807
745	42	22289
1584	42	24872
22024	154	8854
24441	14	24629
2147	33	21623
22828	212	21383
9504	4	255
25268	154	8630
593	116	25025
21692	154	25211
2581	40	21920
24175	206	3476
4163	195	4131
10252	151	21698
2853	40	21819
25409	18	5565
6789	2	8230
22143	131	4521
8379	4	22755
21043	42	4637
10498	2	9981
4371	42	6725
21948	148	10197
9784	18	713
4233	61	5375
25418	18	7645
3331	42	7934
7802	42	5704
23087	18	8631
9972	130	21790
4812	130	21312
8197	81	24531
22193	89	1241
8857	4	5551
9696	4	3670
8516	18	8570
8966	2	3328
9650	125	9789
22257	90	24542
7732	148	24990
24474	216	1899
22068	154	68
2054	130	21790
5778	18	22945
23194	42	6017
7676	154	721
7063	42	460
370	61	6905
24288	130	25213
23081	40	6139
6944	16	23980
8670	2	860
2420	40	23247
662	66	25429
5799	212	5926
8063	42	3152
6459	18	4330
24382	212	22762
1614	125	9804
646	7	8
25174	33	9965
4908	18	2657
22258	7	9437
2455	154	3244
25091	131	21854
7918	206	7514
8504	2	24784
21650	40	25064
1606	148	2088
22019	33	5849
568	130	1411
4729	154	9957
24811	2	3670
4577	2	23817
24591	116	6688
21875	33	1867
7020	58	7376
9189	206	21301
5976	42	23602
3128	96	23079
8038	99	9480
3638	130	7263
21972	125	25492
24522	130	5383
3667	151	25011
23966	40	3031
21483	7	9677
8971	215	1964
2508	42	3124
6400	18	3819
24142	61	1666
3731	2	10418
2028	33	8375
2986	130	8807
4268	42	2373
4710	148	21876
25226	33	24023
7142	212	5055
2551	40	6814
4790	42	5522
2988	90	3360
7261	18	7458
167	33	10044
22037	61	2683
2677	42	2399
2888	212	337
7380	102	2490
9397	66	6570
340	90	625
1829	2	3422
4955	61	3653
6517	90	24053
23163	18	4150
4542	154	8807
4563	42	22943
2375	18	22396
24741	18	25104
3381	4	10359
22940	154	6663
9107	130	928
9460	116	6688
21282	148	24093
3032	116	5300
21498	131	8945
988	130	4281
3351	61	3528
22270	4	62
8452	33	1055
9884	206	24605
23465	42	24254
21619	116	5300
3543	212	9801
9627	4	508
23793	60	5858
7720	42	7871
298	90	2744
21613	61	9679
8	108	2470
9444	18	5538
25385	130	1641
24451	96	2184
8144	33	309
3205	2	9968
4214	7	390
22240	42	22927
726	61	5250
2591	12	3616
4066	90	8094
5662	116	7408
1342	18	4615
1910	108	8924
6481	18	2160
2623	130	8807
23989	42	3561
21012	40	21415
23089	33	2512
21674	88	25491
24355	90	22765
8901	125	6446
23449	40	3031
9113	18	22060
21484	7	7801
22963	98	286
10374	154	8512
3805	46	6397
10008	18	22129
21119	18	3815
7314	125	6847
4823	42	1645
23228	40	1456
7568	4	3422
22407	13	7900
22308	61	3088
8102	42	9903
5992	195	9228
24787	108	68
3688	18	23108
5816	18	9205
6197	154	2921
8589	108	25211
4245	42	3813
6457	2	21528
22728	33	1570
7076	7	4248
2541	66	9488
24192	89	25221
1547	102	25108
21932	66	8702
25482	90	3256
6644	2	5127
8002	42	250
8540	125	10419
24890	216	1899
23002	98	68
9571	96	3362
9691	216	1899
9493	4	5744
3141	42	2296
7150	18	311
216	18	4663
6684	42	1942
7661	96	6433
8039	18	2671
9724	42	24033
6565	2	1570
7211	130	24594
9453	96	9842
9052	216	1899
6384	90	3345
7650	18	6228
1248	33	22485
24143	130	25211
22817	162	6022
9771	42	25140
24363	130	24286
8451	33	8143
5418	154	3718
173	7	6487
8126	42	10426
22464	216	1899
25239	18	24834
24697	42	23019
7109	18	2190
1732	134	2868
10156	4	5055
21233	61	21803
24244	61	7770
6066	125	309
6527	90	22553
406	4	1449
8574	9	25288
5759	18	2234
8716	96	25425
5007	99	1346
23493	4	9108
22741	177	7806
23940	212	22994
3988	2	7107
22879	61	2424
24893	216	1899
7532	2	23386
21495	7	3112
22862	130	23734
3669	13	9463
5017	42	1857
1340	116	24853
25291	18	21905
4605	18	9752
8803	131	1285
7514	195	9207
6550	108	5383
24907	18	2923
21633	42	9039
4690	42	243
5150	216	1839
22635	33	21623
7155	130	21791
7103	61	22888
9992	4	6308
3054	96	21733
22617	61	8851
23137	7	9282
24006	7	4870
24223	4	3980
24407	125	24790
5943	2	7477
9160	42	3896
8950	42	410
6277	154	8630
6267	2	23022
2187	42	23549
6403	42	6628
9752	18	23282
24744	2	1000
7546	108	23734
1971	40	4210
2669	41	7580
7166	2	7814
23091	154	22630
25253	42	9903
23428	4	5967
22849	18	9257
9160	42	21795
7718	42	8898
24566	7	3225
9344	42	24800
4446	131	1487
3459	18	7284
21146	18	23030
10447	4	22414
4035	4	649
21734	206	10280
4691	66	715
6609	16	9120
24828	2	5125
24038	42	10245
536	148	4764
285	2	4906
24477	18	7874
8832	61	1035
4737	61	7088
23617	116	6688
8829	195	10044
24774	4	22613
730	42	23512
8070	96	25061
5087	130	8807
25486	7	4356
23442	116	5300
1792	18	1094
3053	90	3619
22574	18	22275
4492	115	21711
25115	90	8259
694	42	2935
169	7	4674
3595	212	24446
1344	42	6691
808	4	3830
4081	2	9742
1174	108	25211
2203	131	1414
8218	130	23980
3003	42	2860
7010	180	3539
3963	125	6190
8532	42	4276
2426	18	5892
1398	116	5300
265	89	10135
2772	61	8040
1198	212	8357
25471	42	23957
9752	18	22241
10414	18	473
23240	33	9742
10198	130	68
21921	125	22176
8770	96	4053
3247	206	405
21044	4	6259
187	33	1000
6822	2	5517
25170	42	21243
2974	108	22889
22808	40	23018
10397	42	25063
5048	90	21541
10228	130	68
4745	151	2350
23554	102	8237
25074	154	68
4366	2	4489
683	2	10418
2346	2	5926
124	40	3609
4716	2	25134
24437	206	3872
1001	42	4607
8010	4	25033
4007	96	3840
4204	42	21108
4083	201	6570
8294	116	25025
22663	33	22613
5713	130	8807
25170	42	5196
8308	101	24743
955	125	5926
4588	154	1651
249	90	352
1247	2	3247
4894	201	25063
1000	195	405
23455	2	3649
21315	130	7337
8864	130	23868
24600	18	8146
23023	154	23734
5523	18	23103
5171	157	3362
24025	60	24128
5850	18	6250
22122	130	1153
6928	4	4442
831	7	5083
10014	212	24790
4901	147	8474
1816	2	9742
23180	42	8794
4260	130	6498
22542	42	9364
10242	40	7447
6468	12	25194
921	130	23430
2908	40	209
24682	2	21807
2728	42	684
7048	90	5605
24502	125	7133
6547	18	10328
24298	192	23734
10309	4	8787
23959	7	1998
25492	98	5940
6678	96	5990
4836	7	496
8631	18	21905
24044	216	721
8343	18	358
25159	18	5072
751	61	2417
8683	56	23793
21758	43	1276
5699	108	24554
7697	216	1899
2396	7	7120
2802	216	721
6357	40	22548
24102	18	22874
991	125	24790
21391	216	22951
8615	216	7767
24703	90	4033
3325	13	8998
102	90	971
2241	56	2765
3028	40	556
4599	7	5222
2932	42	6461
9494	4	23153
2551	42	4080
8801	212	24975
9072	42	23469
2173	18	6509
2157	18	8293
2318	7	21766
186	61	22072
23324	99	5290
4119	125	21744
24004	130	5349
23324	99	21394
1323	42	4458
9176	42	21981
7565	154	21257
711	4	6768
1534	191	24486
3687	4	2064
9023	61	7334
10278	7	5313
22778	42	1436
7699	18	2545
6252	88	22375
3506	61	1380
21060	125	24790
754	108	23734
24131	154	2145
10201	125	1055
470	130	9091
5816	216	1899
2650	130	108
23456	96	22866
7965	18	21115
3335	7	3610
952	152	2915
6076	42	1204
723	18	1350
6065	98	8807
23433	130	22466
6848	42	6039
5354	206	5744
24410	90	4353
9878	108	8924
3966	18	1603
24650	131	3268
10263	42	25352
1720	13	8998
21324	2	9801
4046	18	25317
21984	96	3126
2207	18	7981
9421	18	4586
24291	33	2304
187	125	1000
1700	42	8628
10237	4	21846
24302	61	9734
21247	99	5813
4370	96	8352
764	81	22785
4466	212	6065
7307	42	23169
3862	40	623
22805	18	21794
1672	40	1176
9612	130	6516
24544	42	23743
23218	2	8375
24335	4	4529
104	4	21040
3181	18	7040
25056	125	8375
4694	2	1246
860	206	9925
6692	42	25454
2993	151	21740
21684	130	8037
6641	40	3031
9632	13	1185
4933	130	25211
2361	2	21527
21451	61	7947
8942	7	1881
21472	42	3741
25201	130	23734
23515	130	23998
8786	42	3152
2217	212	1261
6046	18	903
3995	12	25194
10356	18	6569
2862	216	1899
21337	154	9601
24866	42	22727
10218	195	21623
8825	90	9485
473	18	8440
24139	125	22335
5692	18	22453
22290	125	22613
9814	90	23853
23863	42	22079
3354	18	8181
144	212	3780
1158	40	4308
8908	18	23246
2704	18	8007
10293	42	10474
7809	4	7288
22500	96	10188
6029	216	21791
6792	130	23978
21800	130	23332
21907	42	4813
24927	61	631
6320	18	23131
2302	81	103
24390	130	23734
24545	116	3182
7793	7	3586
21284	42	22707
5024	99	1856
22146	125	8066
4134	7	7356
23223	125	10044
9826	125	23391
7626	33	24790
25283	42	22834
1969	130	8807
4933	130	68
1438	216	7632
9974	18	24058
21371	42	23447
10205	99	1346
490	18	24854
24037	108	2311
8001	206	23757
8231	18	5288
1283	42	7061
5787	42	4958
25489	43	717
7783	61	2120
22971	216	22689
10322	33	21623
6453	125	7073
2513	42	7945
1700	42	5504
22013	96	6727
21560	133	8176
6702	192	2470
21015	98	266
3358	96	3940
22072	108	23734
3172	46	21286
24854	18	6062
7281	216	1899
3419	18	8321
2818	152	22809
6361	18	8475
21573	90	10484
766	212	5463
7915	4	22414
526	42	6024
21202	46	5271
21740	102	2993
2490	154	23309
1623	212	5767
4762	42	3390
10441	116	7408
10376	18	8578
8098	90	22405
21678	40	7758
24178	4	6352
21861	191	1693
21416	61	9525
9022	108	1899
5344	4	534
10025	154	68
22734	18	2510
21759	18	4211
7380	154	3150
8007	18	7024
10263	42	9
5324	130	24286
22366	216	1899
21760	27	4895
5551	96	6409
9769	130	2441
10088	46	2838
24245	120	9539
24595	61	6392
2629	40	9200
10229	88	24375
5338	102	6426
25251	18	21519
22288	30	9482
6587	33	23714
8442	42	1854
24473	2	1799
24462	130	3232
1380	33	2568
24764	66	9517
7616	42	6850
5889	148	4445
21841	42	5167
4642	33	23570
23778	125	7469
24680	42	22403
5922	130	8807
6193	18	8420
22269	42	357
6895	201	9537
2873	42	4906
21135	130	23980
2479	14	24629
23118	90	6067
708	41	22466
23257	61	3065
22393	96	9149
1914	18	6871
2212	206	7107
25047	130	23734
5478	131	2006
8523	7	10479
7815	40	5284
8233	61	5917
9122	42	7000
3917	42	4210
4469	154	25211
4040	40	1886
8468	42	9378
6065	195	6409
9483	195	23578
4001	195	9789
9073	108	23734
10330	130	8989
1185	192	2470
22561	116	5300
21246	61	60
6760	102	8542
23735	212	24023
23646	4	94
24175	195	3476
25407	18	23260
3024	116	6688
8891	7	1881
22300	2	8829
23477	81	286
3526	108	6663
3782	12	22923
4301	7	21670
9493	33	5744
3167	40	4047
245	33	2512
1172	33	24295
10106	90	24864
21740	96	4313
3125	2	9108
4597	12	10291
6694	7	23727
1555	2	8761
5006	130	6753
8516	18	23677
10215	46	3557
23312	116	25025
21958	72	2453
21141	18	21939
22603	2	23874
2780	42	21691
9783	125	4564
21487	4	22414
24806	125	7073
8727	12	22716
3574	4	21351
24730	206	1744
1642	130	7819
24500	62	22837
1486	12	2111
22643	4	24975
570	212	23391
23153	206	1570
5810	42	9194
22058	41	2997
5043	204	3803
22369	125	9447
3266	154	25211
23660	18	2593
25290	33	4360
22829	18	3611
4408	42	6329
6751	40	22979
23694	30	2113
4257	90	3070
24904	42	527
5754	42	9713
23346	130	24209
9784	18	10313
8464	90	2346
21584	108	5383
7278	61	5225
4476	216	1899
23256	4	6259
23804	206	9407
25300	4	21646
4299	125	8286
1375	13	9463
8835	216	1899
3778	90	25341
24010	98	7580
4398	125	9447
7359	7	1594
2987	198	25313
23365	18	24359
21273	18	4176
5953	204	22639
4922	40	5271
10422	40	3157
5841	61	8965
10048	61	5163
23244	40	24443
6123	42	8356
22893	7	8158
3075	212	24790
2450	90	5123
5992	98	25211
25307	151	21316
10154	42	21414
8334	18	4046
8852	130	21791
23298	42	22834
6141	4	405
5939	99	6899
8542	102	22878
3319	14	3370
2890	90	3302
233	90	6729
25126	42	23695
9626	195	7073
3314	195	23817
24252	61	8028
10304	116	25025
8573	2	22536
10064	40	22375
8474	154	23309
8143	139	8302
4635	4	25158
4920	130	5383
7515	90	24313
7788	18	419
4180	42	24851
10309	42	6700
21261	40	1919
24273	212	8143
3781	33	1000
23758	116	5146
23165	42	4276
4705	130	24531
22232	199	2022
2080	102	21164
3889	2	22414
1951	7	7285
21079	89	7751
4088	61	2389
471	42	6235
6489	42	2296
4130	18	4330
661	2	8761
10085	90	21879
22131	18	23365
24822	42	22398
6965	33	21440
10052	42	527
6913	11	472
22056	140	24846
8742	18	4502
5554	2	5132
8289	2	21771
7602	212	5055
22203	2	860
4401	2	792
22505	96	522
7999	33	2304
23106	7	1537
1029	216	1899
22791	108	3150
4503	4	22762
2519	61	21616
9630	216	1899
5338	130	721
4973	33	4564
8570	18	1036
22492	102	52
22799	42	23447
3030	12	23909
23115	42	10412
23100	18	4583
25113	61	8705
23070	157	330
4726	42	2900
2354	40	6704
23373	205	22192
1665	18	9444
1348	18	8485
892	33	10044
24695	125	2304
4839	212	1867
10371	42	8373
5827	216	10208
4570	107	10269
9677	212	22335
24601	18	22839
3583	154	68
225	161	5781
6040	2	8410
22870	90	3947
25303	99	21394
9524	4	8439
5352	18	7173
24490	42	5815
23372	18	9084
21199	130	21082
7449	42	5613
21450	116	5300
22400	42	23146
2671	18	7709
5276	4	2512
6444	4	24975
6427	216	1899
2564	40	21479
4556	42	3284
21988	116	7408
2597	2	5127
6895	14	68
25338	33	3881
885	213	4322
2604	61	5987
23949	42	4755
8942	33	7814
24194	125	24133
3736	199	3204
10263	116	7408
4129	33	22335
4414	154	1651
1737	206	6847
1737	195	4001
206	42	21726
24842	216	1899
25311	120	22449
394	212	24023
8739	216	4484
4496	14	23734
23768	4	21459
23036	47	8899
23790	125	5377
7874	216	1899
23247	96	7177
25189	18	23796
3263	2	23721
8740	11	23332
3494	18	5932
313	154	5383
1348	18	21860
637	125	309
7560	125	22631
6529	42	9595
2625	42	7203
25045	2	5578
1819	13	9463
2865	151	5215
7828	108	21109
23244	12	10291
4357	125	9742
25077	42	24135
23459	130	9581
6527	2	21807
845	116	6752
9671	174	23332
9701	98	21790
22837	216	7337
25407	18	5483
23281	90	24647
2824	96	6496
9808	130	8037
555	18	713
9835	14	8807
8740	111	8049
296	42	23069
24635	204	3685
22658	66	9397
21729	13	9463
21836	192	7337
21339	96	25446
6886	13	1185
23832	90	25293
5612	61	1303
7938	42	6841
23952	130	3150
24733	116	7408
5283	116	24853
21529	40	1341
1769	42	6792
21905	18	23087
3147	72	7068
4261	125	24790
10265	154	2441
3650	42	4791
7575	131	22013
6806	4	7374
8601	130	25211
3770	154	22951
5067	90	4808
10007	130	8807
7434	130	23734
10251	18	114
21621	33	23391
21014	98	7337
24203	61	2948
24248	4	860
7376	215	22724
8534	130	8807
25203	90	4697
4742	4	22414
4778	33	4902
4903	216	1899
21088	125	22485
25218	134	8256
22593	61	142
5007	154	21791
5455	42	10363
21008	90	10093
25470	90	942
24652	195	9804
7966	97	743
25420	90	24981
21510	33	22414
4136	125	9759
4778	4	22852
6651	42	21848
1907	147	10317
1934	99	10462
24032	108	134
7936	130	1424
21117	42	24167
24395	154	5383
1976	2	10040
5890	131	9692
6173	154	7263
21055	96	21976
22561	42	24214
9280	42	6624
7599	18	8793
4239	130	23793
3899	42	22450
8665	42	4693
8838	42	7168
5459	130	3150
23890	130	721
7204	131	21179
21018	42	1082
8654	203	4121
7487	66	21327
5966	42	9077
6155	33	337
532	177	2000
9372	96	25326
25496	4	6352
6006	2	1570
25070	2	6532
24964	42	10474
4043	2	7472
21595	138	7479
6561	42	22168
5889	130	24930
7715	42	576
2177	2	23034
24164	33	23437
22729	61	597
6521	4	23022
25414	42	9276
442	130	23734
22973	131	21492
523	18	8837
2478	116	7408
6733	61	22846
2120	61	2636
21861	89	1490
7192	4	24975
10081	2	1571
367	40	22648
10183	42	4537
10153	204	21791
5943	42	6233
8899	10	2816
8189	61	2317
6210	61	6715
6772	216	24485
8818	2	7012
1322	18	23499
5369	130	9581
6133	216	1899
7303	130	301
4986	130	24177
23738	42	5327
4398	33	9447
5225	2	8829
5075	33	582
1500	7	6757
800	7	4880
5820	90	999
3529	42	4537
1348	18	2663
2159	61	24682
7462	130	8807
991	7	10273
23103	18	4668
23566	40	2449
7504	130	3013
21592	2	3401
8617	130	22630
23568	61	24244
1916	61	3709
24945	33	24786
23920	204	21791
25257	42	6533
5418	130	24364
21976	96	23382
8410	98	6404
1514	31	7234
808	61	3163
25496	33	6352
7487	115	24841
3513	2	336
173	61	4824
4675	125	22176
22183	18	6092
4899	42	3591
21835	13	3001
3554	2	23423
21892	42	9560
21775	2	5653
22100	42	6295
4196	116	1654
6682	216	1899
4979	102	4626
6237	204	721
3986	18	7803
7830	216	1899
4989	42	7495
24383	2	3300
5321	2	7869
3059	18	24842
1963	18	21831
2201	42	8800
3425	125	4181
1915	4	25397
9317	2	23533
21501	106	8712
25068	42	8511
8067	4	9722
5587	130	22971
1418	4	2504
10308	2	21406
21030	108	5383
2762	99	23601
24086	116	7408
4612	4	6352
7332	212	22176
23328	18	5588
3662	41	4917
10267	130	22951
3944	42	5792
5643	2	2624
24267	96	8381
23744	102	8353
9217	173	7408
24370	147	24093
6189	18	719
3296	18	2715
4111	147	7905
21902	96	5392
2835	42	6508
1981	215	4786
9353	130	2477
2866	42	21019
21092	195	21301
25225	33	4110
3727	130	8768
5749	139	24478
5677	216	721
24551	131	1414
2740	61	2433
9651	4	22456
23188	4	5279
3554	42	23423
23097	18	2548
25407	18	8576
23542	18	4908
225	11	23734
21367	2	2504
6303	2	25234
24078	216	1899
8696	4	9626
7201	7	73
23717	130	68
9785	90	2488
4869	7	9157
25080	131	4463
22276	40	7007
4908	18	2134
107	61	2487
7966	199	743
8804	21	24629
21512	42	8061
22520	42	7749
9594	116	5300
25190	14	68
3049	154	8807
23364	130	9154
3990	4	4942
8669	90	24512
21323	154	25211
21387	42	494
21046	206	9259
5727	116	5300
6974	96	964
2801	125	8490
7671	125	453
6156	42	3905
6940	116	6688
2626	96	2626
24280	61	6532
1630	212	8458
6670	42	21099
7200	2	3422
21242	2	22746
7971	33	3881
22183	18	2248
7051	33	6352
6062	18	21104
2173	18	1661
3618	201	23392
4592	2	4181
9697	130	5349
2884	42	3591
6268	90	2364
958	18	1775
3792	42	5165
228	154	5383
3446	90	2101
9554	154	5383
3446	61	6969
5920	42	4305
9249	18	358
7239	42	7183
2036	125	3670
23960	125	8851
7980	212	5551
9412	196	24538
23199	18	835
9104	2	23714
6612	147	21508
4353	212	9447
22691	1	6279
8893	42	10173
1527	216	5738
5569	125	24446
77	191	24953
2432	66	25111
361	116	24853
23758	216	3718
1147	40	4664
8554	61	24450
24116	212	7073
7852	154	4013
9702	7	5088
6977	212	9925
3498	33	22335
7815	4	4509
8493	195	2102
4654	108	8682
24270	132	45
2083	215	22724
9825	4	9759
2639	18	22356
22343	18	23821
22251	2	7747
1638	42	5791
23499	216	1899
6485	2	23714
24912	216	22639
216	18	7264
1832	125	6201
24525	4	23022
2819	7	7285
8080	2	23151
5587	154	4013
23164	40	25373
21137	42	851
23384	125	24133
5078	7	21242
6596	90	6712
1359	4	23505
1618	130	7263
9564	61	3320
3149	90	2217
3730	42	21848
7334	90	9023
22956	18	25177
21732	18	21069
8905	130	2471
6090	154	5383
4250	4	23714
9609	1	5581
2481	201	25063
22766	130	21790
1600	96	21128
4753	42	7056
2876	42	2741
1579	42	6800
22584	12	3623
23107	96	280
9410	2	1078
5689	140	9539
1512	130	21973
10450	7	7693
7266	4	21221
1279	216	1899
153	4	5830
10290	99	24042
21209	61	9377
7191	4	5620
7637	40	23914
9586	42	817
8094	4	6352
24092	41	7394
23350	90	489
25196	125	1412
3812	90	2082
21998	125	22414
6791	2	22604
9698	42	4305
23612	99	9369
24969	42	3405
9847	2	4747
24438	89	21490
22046	216	1899
1308	89	9169
8409	90	2487
22165	42	22999
23839	90	312
6697	130	24629
7409	18	24893
4375	2	24548
490	18	24311
24388	18	7436
8107	18	5528
860	206	22414
24132	192	68
24328	131	24138
2572	216	3370
8337	27	21791
8526	18	24260
25103	125	9759
25243	33	21846
5845	140	6127
10087	216	1899
8345	33	9447
4380	2	5156
8052	40	217
7963	42	9701
5838	108	23734
4123	18	4926
7217	2	5517
25116	216	1899
525	116	25025
3291	130	22630
6245	111	10117
6174	18	21558
2713	212	944
2529	143	7531
4413	103	24715
10184	4	8851
22183	18	21555
2978	125	21459
21336	125	22926
9503	42	1096
4796	13	9463
10311	18	7185
5128	130	8807
61	154	2682
3783	33	22414
5264	18	25408
5582	216	1899
8204	18	23224
5861	42	24933
1772	61	23962
10115	154	5405
23128	42	7902
24777	192	8037
7798	125	9881
6623	2	2472
3670	130	4413
2352	12	22923
3544	65	22120
21253	216	7169
2889	42	9984
9901	18	6925
9361	216	1899
24555	18	21851
1127	40	4942
3654	42	8304
1544	18	6412
24148	90	10378
23950	4	7927
24925	42	8287
10325	116	7408
5826	6	5776
3142	61	9350
490	18	7284
9609	216	24485
24332	33	8286
21783	175	24399
4799	40	22960
7624	18	3117
4021	106	24629
21778	61	4387
21194	125	21063
23139	42	23215
1766	96	158
21809	125	230
4331	96	21311
2381	2	2484
6852	18	24207
22080	125	6352
22665	2	8184
24482	61	10116
2929	2	8423
5225	212	10044
4811	154	4013
22921	108	23734
558	130	5383
22140	40	4194
10192	212	22176
8507	130	7178
2711	42	9036
10246	154	68
3515	212	22485
8901	7	6446
1313	40	5690
3537	18	7471
2598	42	5059
3417	2	22414
4894	154	25211
1813	2	22434
3463	89	9169
21300	42	787
9799	42	1010
10416	212	9801
3760	130	538
6417	2	21406
4183	42	9456
2050	90	24614
7027	130	7580
23188	40	2442
482	61	5902
4786	25	721
4645	61	24110
24732	18	4176
21884	42	4315
2268	212	22631
4771	68	4772
24584	89	25370
7871	130	721
7771	212	3544
9901	18	2663
9893	154	23980
24239	42	3390
2746	130	8989
6333	18	2205
6791	116	5300
1067	42	252
3400	154	8807
24539	154	2850
3911	18	22945
7122	90	9208
23714	206	6409
6638	4	22147
4109	18	8033
9327	61	685
8647	216	1899
4847	61	8841
23463	7	4808
1721	148	22191
5006	72	9278
3140	90	6582
4351	61	22893
7653	61	4681
22263	33	24001
9584	40	794
9450	7	3993
10319	90	423
4666	42	3122
356	7	21246
22698	195	307
21267	42	8855
25207	42	3242
6170	4	24749
25284	40	7447
9934	90	25263
8900	7	5799
2235	61	7915
22413	2	24514
5282	90	3791
21845	42	2171
1419	154	6101
4331	130	8324
23385	90	25094
4427	18	24338
24811	212	21237
2076	12	2809
6749	125	2304
694	42	3551
4048	18	5692
4551	125	3670
10151	40	8139
9676	212	1108
8311	42	21813
860	206	1000
23085	2	8940
2212	195	5743
10394	90	22916
6809	130	23734
6478	4	4282
23107	154	5383
21131	18	21112
24480	125	7415
3300	206	22631
10259	42	9188
4783	2	24547
24419	40	6045
1970	90	21011
10084	42	791
22906	14	23734
222	40	7846
2090	90	6431
2891	180	9352
7789	108	3150
6401	4	8490
3142	2	337
23817	206	24175
10435	125	24023
6288	108	8595
705	42	22999
24596	115	4009
5763	195	5236
5472	40	10381
21389	2	3670
24117	4	4116
3163	2	24784
4936	130	10346
3851	130	23734
543	89	21490
7218	40	4489
25332	42	3998
624	61	4687
4843	33	9965
21154	90	1733
7510	80	6896
6073	206	25492
8856	4	7455
7069	13	8998
479	116	7408
24849	125	22762
186	33	9801
24014	18	9337
2333	154	24043
3657	108	3150
9670	4	3120
8090	2	1000
6546	125	1000
9875	90	24533
10480	4	22378
4868	154	5349
22604	206	6409
939	96	8017
22934	90	7318
24450	4	6639
3021	66	9636
3435	61	6298
1832	33	6201
8322	199	22989
10115	204	21791
2520	98	8924
6643	42	4307
4067	46	6763
4793	42	1053
22007	212	4213
10303	4	7078
8585	42	5797
2252	42	5407
4197	89	10488
7649	90	5609
974	42	24056
1550	18	24442
1067	42	2015
2937	90	25465
9612	131	21721
8285	2	2451
4757	154	6287
24207	18	2545
1311	90	896
2351	130	7847
8779	4	22569
4556	4	1431
21707	181	2471
5251	7	10027
256	33	22460
638	125	5055
4295	89	9474
414	131	23526
7027	130	538
6281	116	6688
24664	33	5351
4017	125	7073
855	42	9318
7192	61	8138
1137	125	8490
2088	147	7997
5217	18	22532
5344	42	534
23873	108	5383
840	116	5300
22618	12	7979
9818	130	5383
21413	40	21473
24784	206	22414
24074	2	3048
6625	42	749
5064	167	7976
22845	195	8251
3842	40	23905
4481	2	9999
8599	61	1265
141	72	2453
8755	2	5926
8498	154	5702
5433	130	25205
9553	2	1000
6985	125	25219
3027	90	3072
22402	7	1830
3493	42	813
3398	90	891
770	65	770
22671	175	6054
6825	115	24837
3607	61	22968
4141	42	5898
3825	212	21015
23692	90	7554
9887	125	24133
6044	130	7538
6474	212	23817
6417	2	1246
7775	116	5300
10119	216	1899
1627	116	25025
6772	11	2778
1609	13	1185
22338	18	3848
2799	61	9775
2919	7	8158
4970	216	1899
5649	96	10391
533	4	902
1519	212	7354
3153	195	22963
24021	13	8998
5488	130	3150
21174	42	7412
10251	216	1899
7809	108	8807
1936	18	21580
10426	204	3718
23005	42	6399
1889	42	509
1315	2	24909
837	66	149
9866	42	9088
22530	131	22882
8872	46	9308
9886	61	7030
3375	13	7900
573	42	212
25064	89	4772
2750	90	7341
7205	33	1570
2117	11	24485
5467	4	9767
6339	154	25211
23238	42	2751
24356	154	24177
23508	130	3814
2664	116	5300
9144	42	1460
8732	131	6491
22656	177	7701
3165	2	7469
2787	206	22160
8092	4	22762
7377	4	9209
7193	154	23793
1207	90	25354
8701	33	9742
5830	130	5383
1279	18	24442
2178	90	2880
3520	40	24987
23403	42	65
1000	206	3247
8389	42	10374
8080	42	7015
21550	4	4529
24383	212	3300
1290	2	7288
5314	148	7905
23259	18	24394
4577	2	5617
3167	42	1260
23289	2	9981
21207	125	24469
3141	42	9810
2864	140	9442
2427	40	8814
24723	42	5281
4895	183	3079
23575	90	515
8971	116	1964
24942	149	3187
21356	42	509
5738	140	4478
21028	20	21966
4144	140	6313
5159	13	22735
1455	40	23533
8065	130	1355
23351	61	24763
22316	90	6754
5292	213	3985
5787	42	5144
3650	42	10073
5470	18	5565
5181	130	5349
22089	42	1707
24944	58	2573
24070	4	21623
6794	42	5034
682	125	24786
25321	42	24284
21439	4	5127
6840	216	6708
3679	2	21528
604	14	22466
5054	131	25262
5754	42	7912
24016	42	21795
1206	212	23636
198	42	2565
22108	33	24446
25186	204	721
24797	154	8807
5802	42	2846
25490	216	22549
8078	9	9816
5799	108	7580
2368	177	22084
21307	2	9330
4584	42	23333
24427	90	10334
4172	90	1725
9995	18	23121
9129	42	8866
8443	18	23615
1349	42	24933
7101	18	6166
8381	131	2698
6305	12	22374
6205	125	22613
9362	4	4628
3541	40	10443
3508	96	7880
10249	42	23838
4366	42	23278
7118	26	5710
2918	181	9172
9416	33	24469
7608	147	21384
8398	40	7969
10295	18	2190
4849	18	9912
879	96	6234
24791	125	6201
8898	98	8037
21256	216	1899
2733	18	22396
24775	18	4615
22248	2	9804
2082	90	8029
9654	216	1899
22205	90	9299
22312	4	6843
3120	98	4917
21604	99	8780
22293	216	721
1765	192	22148
4983	108	721
1007	18	4841
496	2	22409
24589	90	23340
5909	42	2939
21801	90	3976
7317	42	5923
454	46	2838
3945	33	24790
3673	212	9801
810	131	7535
1840	130	24862
8311	4	8391
23311	33	24446
1085	40	25450
22279	212	25497
7053	125	23791
9064	99	21394
3695	46	23519
1029	18	6547
6893	74	1825
1868	148	3477
22350	96	4949
25321	70	21455
10492	90	24876
8262	130	4945
24956	125	3881
3768	4	6722
3427	125	6532
2627	116	25025
2335	7	22502
585	130	21973
4417	18	4908
7983	192	21791
153	40	5830
10316	90	24641
8194	7	21404
1046	2	2304
23990	90	5584
1246	195	5926
3610	61	3916
3000	42	1929
6901	18	216
1555	61	8200
22553	2	21807
7485	177	24571
8458	206	6190
21354	12	4236
1899	16	4335
2745	148	7003
6681	18	4348
3200	151	24046
946	2	22414
8582	42	5360
3174	42	23695
21431	90	24714
4202	7	21464
6526	98	22951
23191	7	7903
25253	40	2339
129	42	21076
9549	42	3038
5987	61	5962
22697	42	212
481	2	5592
8300	61	22007
5516	42	2626
10037	131	1576
929	14	5383
24073	4	9742
25478	42	25352
1051	7	3951
10229	42	5717
1003	42	24580
1943	33	4151
5132	180	5387
2706	125	6190
22189	212	1108
22693	108	10030
2614	90	10152
24735	133	25134
2663	18	9602
3522	131	1219
21893	7	987
10442	61	169
2621	4	3670
3289	216	1899
4854	61	25178
4250	2	23714
2430	130	23004
9228	65	10039
326	18	22917
9555	90	5701
68	140	4090
511	108	24400
24428	42	3108
8759	90	5828
6644	125	9801
5625	90	7533
6363	130	22951
24437	206	3809
2074	18	6209
944	130	3150
6017	131	3073
1856	21	8780
7203	130	2926
10342	154	25211
7761	4	24975
9744	216	1560
9227	33	5351
4535	13	7006
3300	206	9447
9402	4	2339
10140	199	23079
9439	154	6663
5076	42	2135
4952	18	5892
546	90	5933
24387	99	21394
24878	18	5651
919	195	6593
7997	147	5889
1775	18	4208
907	216	1899
7780	33	7033
22133	102	10032
22778	40	21021
735	4	7639
5280	125	9742
8870	130	21790
819	90	1855
22154	130	721
5598	18	5336
2236	206	9438
3908	18	3082
3173	42	21846
737	204	6753
9604	41	9751
361	4	23346
25073	212	23437
4213	65	7123
8199	130	23430
10446	4	22211
6675	216	21210
576	206	22613
21671	42	25029
4916	18	7642
9655	7	9325
23942	157	23211
908	90	7727
5830	89	24351
7861	131	23132
5283	42	25252
8336	130	2471
6333	18	4486
3155	130	24629
2037	33	279
8319	96	2741
5497	206	23636
7826	18	1575
6454	13	9463
7441	216	2765
3632	116	3182
24708	90	6385
8931	201	6557
1633	42	3626
21333	40	5128
7787	66	267
3395	2	4181
23548	18	25438
1802	2	2782
9802	116	5300
256	4	21528
3859	134	7010
23822	125	2649
9963	33	1744
5781	130	23734
400	18	6633
25244	2	5926
2578	89	23179
3064	130	21791
8489	42	23146
9779	154	25211
3281	15	2471
4139	90	24550
5050	216	7337
23865	90	22863
23931	90	6823
23338	42	22786
7357	125	10044
1545	18	9662
7608	147	4111
24226	42	9454
4808	212	7415
10214	4	22414
10010	216	21791
3679	108	23140
23838	96	1053
1017	42	1883
22652	61	25127
1472	7	5875
6395	40	2094
24495	90	10472
1502	42	10310
7378	90	2943
1344	42	5407
9888	4	418
292	212	24975
6173	206	7921
5525	61	6455
4915	89	4772
2599	33	22414
22205	125	24023
21225	149	6137
822	216	3150
3565	151	3018
1786	41	5400
2117	84	6802
6886	125	21744
7316	206	21506
24915	216	1899
6311	192	4267
6979	61	24720
21638	42	1850
8027	116	25025
9730	2	10044
7704	131	22212
2721	4	557
7771	90	24672
23535	2	22761
6125	7	1724
8287	154	23734
23722	42	6533
5625	108	5383
21744	130	2470
526	42	2392
22752	42	24901
2336	42	25351
2739	7	4092
9220	195	23
2881	4	7374
3477	147	4171
7067	154	3150
8081	116	2605
8248	33	22176
10483	2	7346
24570	42	5092
3118	4	2512
24385	61	8207
4888	61	3948
4167	61	477
1982	116	8100
7694	2	7177
4622	7	21027
6651	40	2339
21505	174	23058
7673	116	5300
24951	130	5383
25378	42	7933
9062	18	8764
25191	2	336
7681	33	9334
4646	42	21457
1636	98	5383
1865	151	21337
10100	96	586
24296	2	22762
21615	42	2824
22320	130	24554
3716	13	1185
21165	42	24306
3514	66	8192
3363	18	7108
5076	215	1964
4710	148	4171
1725	61	4172
3341	90	2755
21202	4	5271
23003	61	6672
3461	27	6802
8503	7	2346
4040	4	2464
8983	175	24544
24618	18	10119
7171	2	2504
3803	60	8853
23094	212	9801
2616	90	25043
8240	13	9463
22584	42	8407
21506	98	8924
9662	18	3250
25302	40	22991
2255	40	1456
9499	90	7030
21091	42	5368
24719	99	172
2075	42	5811
2186	154	22639
3863	42	9318
24853	173	5300
4333	4	9156
8525	131	1664
22004	42	21234
24467	18	23499
6751	116	6752
7057	18	3090
5251	108	8807
8641	61	6927
6178	46	2838
1568	2	2378
828	154	3150
8710	42	9686
23490	18	4959
3112	2	7374
2363	2	24548
4385	154	21791
25075	42	22112
22364	42	10456
8961	96	4771
21678	42	3187
5592	206	230
1497	4	21623
7939	54	3727
22039	173	2434
21991	42	1857
4288	18	6182
9437	2	10040
5799	61	5931
1206	108	24554
10114	125	23791
8825	61	9197
2408	130	24717
8970	111	23978
3633	18	3489
10206	42	2232
2826	180	924
23354	99	21394
8299	130	9610
1316	61	24332
21482	33	9965
23303	42	1215
24294	134	42
1118	131	248
8254	212	24975
5455	42	5174
8258	42	3152
1944	37	5776
4486	18	6186
9268	90	3075
7476	4	1409
8042	18	23615
24904	42	1846
23392	131	3061
8277	4	22147
4330	216	1899
10207	42	2079
3056	201	25265
21603	216	1899
21831	18	1963
10277	42	2941
4643	191	4295
9770	125	6768
2827	130	23309
22822	154	22889
25463	154	21791
3221	42	8845
7650	18	8980
1980	61	21347
508	13	9463
1829	2	2472
3353	130	22644
23776	42	21591
6179	130	24717
8107	18	5336
4834	42	1897
5968	40	7395
24728	116	25025
23191	90	23061
7482	116	7408
21970	99	5663
5257	125	22176
2516	33	21623
101	206	5992
123	42	5406
21798	97	24975
21232	14	21583
6604	116	7408
9803	148	7608
8662	42	9107
9506	42	5829
7027	206	4418
5803	90	2617
24769	18	21547
8772	90	8419
22129	18	10008
4066	7	656
3956	18	6742
23948	125	8490
6110	212	21063
178	125	1108
2593	216	1899
22150	18	8793
7610	99	9369
4163	206	2917
22316	33	24001
4554	216	1899
7271	125	23068
8017	96	939
10006	42	6153
6042	216	1899
828	131	25240
7459	125	4151
930	42	4746
9763	2	6119
1888	2	8905
1097	130	1424
4065	192	5383
3555	96	4506
21056	2	21807
21101	130	9243
1801	18	23663
3821	40	4942
22159	4	2015
1385	40	255
23760	164	2024
22261	130	2736
6408	130	8768
57	18	4841
9056	72	24995
9472	18	24843
8433	18	22829
1531	125	9334
5250	33	24023
8680	206	23068
23263	2	21549
2119	2	7288
22915	165	8927
596	108	6255
2840	33	23068
23469	130	4945
7214	18	1230
8058	196	24485
24228	61	6232
748	2	8286
6744	72	23954
2597	61	21439
9285	18	10103
24841	130	4281
7474	42	6885
23639	42	5059
24531	140	2146
7872	212	3023
3586	212	24730
4968	42	7756
7461	46	3557
7037	7	60
4983	7	496
3152	130	22785
22539	151	5506
4937	42	280
202	177	8863
24020	2	24951
8719	212	4151
23098	4	3751
4989	2	5517
3908	18	6046
8815	2	24172
21675	4	24722
790	116	8100
21366	90	21930
3993	61	25073
23572	4	25013
23597	18	7144
7624	216	1899
458	10	25393
9662	18	1545
24054	18	22249
403	18	21730
3297	45	3240
6988	42	2015
631	212	8357
1761	154	3063
4510	42	1096
9455	18	21939
3266	130	5956
8358	201	9879
3171	42	8104
2137	154	9032
21182	97	6591
65	130	23734
6536	18	24507
25191	90	2170
23408	5	6122
25246	40	21501
9889	18	5064
85	42	6693
8658	4	25450
24669	108	6255
121	2	5517
8389	42	2002
8713	130	21201
1245	42	6508
9317	42	22610
2236	195	8235
21717	134	643
4183	42	23552
7265	42	10060
23873	108	23734
22269	42	9372
5965	96	6820
24044	42	8535
5805	130	7337
7554	90	21765
5299	108	4027
75	212	10280
3707	212	22414
3781	61	4530
4540	131	23290
24976	177	10238
8793	216	1899
4408	42	2277
291	33	5055
7185	18	1792
23606	90	8705
21461	99	8454
24839	7	7259
3819	18	5044
3588	40	1168
576	195	23068
1745	154	5383
9651	33	21063
23082	99	1856
637	33	309
22467	2	23293
2299	40	5063
8646	2	21168
21424	40	2936
9207	195	23386
931	42	250
8261	42	4324
22632	151	5814
8482	90	5337
9288	18	21555
5893	130	5195
24769	18	21016
5995	108	8595
2034	42	1845
7320	2	9626
1067	177	2015
2758	33	9789
23500	182	8078
7294	42	23512
8889	42	24865
23623	102	22898
1679	216	1899
25280	90	4136
3355	131	3774
24423	90	4238
23890	31	24128
2592	125	8490
1713	42	24706
6845	89	3369
2157	18	22046
23249	4	21646
9942	154	2470
3065	61	9292
9338	42	7528
22518	4	21204
23577	33	4360
6523	216	1899
6858	7	8522
7986	42	558
8048	18	9970
1268	89	22271
3713	18	7436
3549	2	9801
6718	2	5653
22009	130	23537
8448	13	3001
5921	199	24511
3402	125	22176
23290	130	24229
24791	13	2523
4195	130	24717
3731	61	1940
25310	42	5355
5614	4	2995
8574	99	9480
23118	4	1000
1163	212	8374
10185	130	5383
24966	131	8762
23937	42	24908
779	40	6130
9622	18	22875
6612	147	23761
3470	42	217
5088	2	24951
21679	2	3795
2109	42	23417
9567	192	22785
4553	216	1899
22123	4	23153
24245	183	21083
4607	154	5383
3964	42	6895
25470	13	2523
1980	2	9742
23159	216	2765
5035	125	2304
7851	130	1960
8405	90	25060
5419	212	5944
22109	151	2429
10008	18	9288
7878	33	8375
5738	120	4478
7082	33	2917
7340	18	4620
9726	151	2333
5615	18	23548
7224	33	24446
6999	130	23734
7728	139	24050
1589	33	8375
24290	42	6329
5609	2	902
9446	2	3476
10290	154	4895
23049	61	22444
10053	42	10053
8	108	22951
25188	2	10044
6410	90	22299
1333	4	7026
9002	212	22964
6454	7	5163
3782	116	6688
6202	2	22762
22428	2	1987
8849	42	22186
5170	196	3870
8691	66	23226
8744	96	8069
5330	177	4506
22544	42	4218
25447	195	6768
3337	116	25025
1329	42	10073
5336	18	8107
21236	40	25455
21430	18	9256
10382	175	1012
6951	90	5602
21874	42	22571
4742	4	6576
24898	2	4163
9192	147	3477
22875	18	6320
1620	216	1899
21384	147	8315
23253	42	23285
24083	130	21082
8727	40	534
8987	18	3688
5457	61	2596
10111	40	7717
21957	18	1244
7590	125	1744
8167	130	6101
2478	40	23533
7503	102	612
711	4	9447
8959	204	21791
4430	90	10427
4452	2	9522
3471	154	23325
23797	72	22710
4127	40	3280
24591	42	23269
22851	130	5383
22553	90	10168
318	61	2752
10353	2	22414
9788	13	9788
8462	125	22485
511	212	4001
3495	130	22630
178	33	1108
22780	116	9217
7042	7	700
6063	125	24730
8283	125	23068
7776	12	8458
21701	98	23734
21152	42	25314
21786	130	2441
451	46	8754
2007	108	23998
4734	96	1324
2327	42	2814
22345	2	7853
25180	18	22798
21452	206	22032
23320	14	24364
6652	2	5592
5882	108	68
2561	14	22418
926	61	7748
9699	18	12
7537	2	1754
139	2	3209
880	18	6174
10177	108	21791
3752	90	1673
2781	212	8357
22100	42	8492
7009	130	7580
2544	96	10408
5652	18	24165
6045	100	22403
9644	2	792
4962	40	1712
4870	212	9965
7272	154	3232
2205	18	6186
9455	18	6012
6363	36	22951
2169	46	23201
4275	111	4728
25337	61	8925
9370	116	5300
24720	90	6979
25291	18	4970
6493	4	22757
24905	130	6663
8823	40	3970
9921	116	5300
6175	42	21976
9829	13	9463
22702	90	4996
25206	212	21744
22690	42	1089
6449	42	2481
4930	102	7417
24503	18	23071
1493	61	7760
1990	18	24843
5745	18	24448
22643	125	24975
10471	125	1108
6638	12	25194
2649	195	21779
9249	202	331
1905	90	21217
5288	18	22734
9963	90	23740
23618	4	9617
924	42	10396
1901	54	8848
10311	18	6012
22099	7	23488
23714	206	21627
3917	42	22337
1544	18	7108
107	125	24786
10412	130	4917
24545	40	10007
3524	40	22202
8665	42	2084
128	130	24393
5833	216	1899
9477	216	1899
21732	18	297
7366	42	21108
23372	18	6888
1995	16	1357
953	130	23734
22454	130	1960
2299	42	2844
5569	61	5529
24784	195	22414
24201	42	5531
8314	196	4842
8830	212	8143
261	4	3832
22362	42	9842
920	96	8397
1042	125	6352
22331	90	4957
2236	206	8235
23579	42	5202
23799	13	3001
7533	108	8807
3070	33	24023
1910	125	21063
6613	42	5779
1881	2	3885
23338	42	7813
23607	130	1899
865	216	22549
10340	130	23309
9322	40	24563
24667	154	1651
5569	33	24446
9662	18	8107
9629	195	3677
6554	216	1899
4026	15	6255
5876	130	721
1878	90	23931
8461	139	24556
7095	38	725
4822	99	163
22982	2	6540
8104	14	25211
25403	2	8851
21510	61	4742
9209	89	5176
23601	21	7337
9359	40	5477
5180	212	22176
3142	7	2966
7078	98	1074
1398	42	1877
4022	216	21791
22196	31	7234
24016	42	8855
22970	90	6548
4450	12	10235
3355	131	3316
23209	7	5440
2422	42	1897
23029	61	2498
22845	206	3624
3356	4	9542
21753	4	8319
6054	2	3760
2092	33	23437
24666	46	25466
8812	42	6337
2979	42	4975
5574	130	21790
8727	42	2250
25358	2	23505
6205	108	23734
24402	4	6157
22582	33	1000
9832	131	3200
7410	96	1436
9000	40	2114
3148	18	9902
4264	212	23437
6559	56	10208
2792	130	538
825	96	8684
6687	102	24262
2516	4	21623
23636	206	1570
10296	130	1405
24591	4	24246
3619	108	23309
8332	130	7646
24494	46	9697
6213	42	1850
4591	130	709
373	108	68
8661	154	8807
24981	7	7657
5149	42	4328
1522	18	4548
7149	4	25397
24746	140	6127
23090	154	5050
6490	154	2441
10148	116	3182
21148	108	5383
8122	108	8807
3984	42	5792
5715	7	1687
23126	2	21414
3640	130	7664
534	96	6135
23468	94	9150
25021	42	722
6494	61	24407
3880	151	3200
23678	46	8625
24169	18	1550
22268	40	7734
5969	61	2948
24227	2	7859
25168	33	1636
23192	130	24554
21247	154	21791
2821	42	690
4711	7	10017
2876	40	22548
25306	154	5383
23974	61	5251
6880	42	2304
4773	4	8787
22152	58	924
4322	191	885
9425	18	7624
3930	88	7128
22499	40	25013
22662	4	9061
24876	2	860
2543	18	1279
7300	42	8822
6269	18	5854
10190	42	22415
7560	33	5520
9934	61	5304
23870	42	24455
22729	7	24440
3302	61	2890
5222	2	2304
21820	4	24975
24561	154	25211
23212	42	7862
24637	96	4931
10442	4	21026
3476	206	8232
21023	42	21692
10379	33	8490
3221	40	4116
4505	120	6559
1782	61	4134
7953	85	9480
7107	195	7779
10231	131	6500
22972	42	3665
894	2	21807
560	212	309
24591	42	5021
2632	42	22699
1812	2	5926
739	42	4964
2314	134	21231
9047	4	24830
9362	12	4515
23015	4	22
6881	90	24231
913	108	7263
7734	154	25211
3443	212	6146
6278	18	8917
22735	15	8807
24370	154	4728
9	130	25211
22695	18	4332
2963	33	2649
22609	130	25211
4074	204	721
24168	40	308
2635	125	4181
23127	212	5241
23196	116	6688
22321	108	721
8809	154	5383
4715	131	7584
23310	89	24351
3888	7	5987
22658	66	4083
7039	4	5396
4522	13	22735
23857	4	508
1447	102	9342
10260	18	24991
1137	90	23900
22077	154	1651
8330	147	5889
4451	125	8143
24319	216	22549
4914	2	2024
6464	42	3980
6711	61	22811
1253	61	9886
61	131	6820
25391	42	4362
5788	40	8319
689	2	4163
2179	116	25025
2263	212	5749
4295	130	3685
7564	42	8141
6131	18	7248
9731	30	24271
9777	90	21751
6847	13	3001
1699	4	24790
774	61	24707
2127	18	9889
23065	2	8139
4967	33	22414
21140	2	6532
7769	90	9347
9182	154	6663
6861	18	10436
23890	96	8223
7989	90	23719
6856	42	23945
23330	61	24959
8673	130	22630
25117	212	453
9536	42	7393
70	216	1899
1574	2	6786
1395	130	21791
1822	46	21286
23288	61	6961
8975	42	1129
4253	131	7800
22424	130	7263
1205	89	23440
5833	18	132
7020	29	8983
7939	42	10228
23876	201	4423
4879	42	5368
1136	90	2749
6689	42	4702
7300	116	5300
21986	212	6768
5511	42	4230
9695	33	3023
2872	18	8342
636	46	25466
25168	4	1636
391	7	5361
454	42	467
9942	96	24216
6041	2	8761
10308	2	23393
3885	206	6768
5277	116	7408
7408	119	8100
2326	212	8544
807	89	10415
23638	90	22978
3573	130	22785
8051	18	4436
21218	212	3544
24087	61	7232
23836	40	23759
6921	195	9925
2560	33	10044
5564	2	3465
5655	199	4174
9993	125	9925
5328	42	6699
6937	41	25211
8079	216	1899
25079	61	56
23958	61	8014
8581	4	22596
22091	2	860
1591	18	3448
4857	90	5741
7618	42	4276
7676	154	23734
1115	42	8870
24035	90	7320
21302	148	4506
21257	60	4446
6125	125	5248
2405	90	23771
3127	192	266
23465	42	23146
21210	120	22449
9028	131	383
4587	18	7788
7764	42	9235
4139	2	24446
2681	154	6255
4550	61	976
8544	195	22020
4349	18	6037
9723	40	21473
22765	61	24355
4599	61	6564
24190	38	725
22914	88	5308
6502	2	7374
9834	212	4769
25483	130	68
6355	42	8843
3439	216	1899
3630	116	25025
2016	130	5600
8733	33	7814
21651	61	23461
10167	42	1836
8574	9	21161
8122	33	9999
21672	42	2079
7256	40	10359
22893	125	2304
24824	18	1728
21125	61	6040
24201	40	8150
23751	130	4064
25493	130	25211
6006	61	8406
1397	40	8642
4816	140	6127
21954	40	2015
22410	154	24629
5598	18	7215
4456	33	22176
2473	125	9965
5253	116	6688
9942	131	3440
4394	61	7201
5143	42	9318
6512	13	8688
10385	177	8663
25378	42	6531
21167	42	3618
21270	2	25450
1516	130	24531
333	42	8150
4865	42	24284
5927	61	9916
24318	7	3065
5864	61	8632
10409	96	230
5768	90	23118
5455	42	8866
6869	40	5071
6801	2	8410
25363	98	286
24027	89	433
8027	40	3266
10074	130	9367
4923	2	2787
4922	42	23411
4103	151	1021
6477	130	1075
4039	42	9235
7038	42	8234
2195	41	23980
2006	96	23347
868	74	2453
5500	130	25211
7681	7	25278
7815	42	7833
5814	72	7068
23651	18	24054
900	18	7248
25435	42	22125
7191	125	5620
23561	90	9234
24271	130	1560
21174	42	4637
22440	18	21320
10472	2	7859
6397	130	5383
3096	18	9873
5418	130	3718
9907	108	7263
3381	42	3242
5454	130	6709
8874	42	9419
4959	18	5566
3921	96	5695
224	72	6323
9976	130	3150
23976	42	25199
3299	212	5992
7398	18	3397
6621	56	4505
25157	102	3033
21975	7	25498
9203	7	10125
22223	2	3120
8377	89	25109
1662	116	6688
3023	139	5450
21675	177	445
2980	154	24629
6785	2	4163
4749	4	2907
1072	18	8517
9222	204	21791
6290	130	24531
22625	154	23734
3203	42	1204
3406	213	3108
25196	33	1412
22138	2	6537
23983	131	4448
8951	108	5637
24782	122	4772
6902	42	10474
477	61	3556
9744	1	25336
9883	213	4626
2359	18	7466
22484	42	22546
21765	108	5383
22689	103	22971
1313	4	9332
6712	61	6596
5684	61	4957
5422	2	1799
7439	216	630
3723	7	3083
2037	61	5252
6169	42	4025
6331	42	7419
23761	148	109
3373	2	2512
7796	2	5653
9928	2	22304
6787	151	23144
22380	212	3580
8213	90	23997
10302	181	3370
5727	40	7869
6418	212	25492
1476	4	1110
25135	18	24915
762	108	8924
24870	56	24080
3005	42	9577
21747	116	25025
8191	4	8490
21636	42	25379
21096	61	3017
4929	4	25361
8729	4	8789
24420	154	23309
8556	24	21462
3954	12	10291
21786	154	10095
24450	108	6924
4118	108	6663
6652	61	21071
6948	42	23382
1861	42	7405
22964	195	25497
3219	216	1899
24592	18	3706
6587	4	23714
9131	2	22032
24206	212	9801
7377	2	21527
6832	125	22613
5795	33	7073
22598	42	5369
5806	42	5315
7536	212	23391
8142	42	24250
23738	42	3677
5732	61	2609
3635	42	572
8435	42	4619
10352	18	7261
532	40	21479
22883	36	21791
22884	2	5377
92	2	337
24681	212	2458
1890	175	1890
25343	98	8807
21616	7	6977
24509	18	3082
6720	90	1838
21272	125	2512
598	88	9981
23646	212	5944
7092	147	22477
1848	61	21820
22304	206	24605
24881	18	5471
2625	42	22051
21467	216	1899
5536	4	22160
6729	61	233
2345	90	7750
2325	2	21473
4244	18	183
22209	90	21155
23843	56	22418
22260	40	24069
8211	212	7747
3994	130	721
5852	42	5153
1713	42	22999
3567	88	4791
21436	4	5079
895	177	8863
6403	42	3910
21465	4	3401
22745	154	5383
21301	195	22460
8613	108	3150
3858	154	8630
1452	2	23654
24002	131	2643
9799	2	21774
23462	151	22371
9603	177	2015
2918	216	9172
25328	46	7379
4173	108	24629
1542	74	1209
1665	18	3611
23000	130	23897
23577	125	4360
7295	42	23417
23217	18	3658
8228	40	21501
10385	42	5315
1545	18	21696
1529	40	4116
25114	212	8344
4246	81	7580
3182	192	23734
21270	42	25394
9554	130	286
22647	42	6218
5571	131	22624
25207	42	6381
6878	33	22176
9615	89	7531
21373	42	5829
10450	125	22460
6406	154	25211
10196	116	5300
6618	18	21862
283	42	4817
22584	2	22173
3011	130	721
529	2	23393
21613	7	24149
23610	33	8851
4387	61	22676
3928	154	23140
3278	89	4523
23681	2	860
24477	216	1899
7632	140	2146
9471	42	8371
22004	2	22310
25425	96	8716
8118	90	22777
3250	18	9995
8040	7	3528
23761	148	9803
22937	61	2183
6146	206	9788
2501	42	10458
1648	130	24177
3480	154	25122
5890	154	7847
2253	40	3031
22319	108	5383
24333	131	6656
8185	42	22422
1704	40	24914
8728	40	6974
2907	130	8807
23203	61	7232
23049	7	21980
9337	18	621
6198	2	10381
8276	42	3073
2087	7	1594
5274	61	24198
3459	216	1899
21173	61	8462
23220	1	3534
132	18	673
5865	2	8940
24885	42	7912
322	61	2795
22518	4	21040
614	42	6722
7787	130	21790
2955	7	6781
8401	18	1430
9684	2	5926
21716	42	8373
4360	98	23734
21293	212	25119
6769	40	7717
5689	120	7973
9194	96	4664
10146	42	22075
1589	90	7878
25274	46	6397
21380	42	24921
4787	90	21963
21071	61	7463
6934	61	23502
9177	4	9108
24677	7	499
4193	116	7408
2723	18	22246
9076	2	1571
23550	154	8807
8056	130	538
8725	203	6594
4397	13	9463
23271	4	24581
9569	177	2000
801	7	10160
9736	216	21791
6126	134	1986
23048	18	1070
7294	42	2250
22916	33	9965
6157	206	22116
10386	89	9385
6579	42	22306
2244	7	7304
9627	7	2567
23937	42	9276
7022	12	8761
9089	177	21415
21069	216	1899
24766	56	10269
24226	46	3557
21687	216	21791
21112	18	4048
24630	2	1000
2130	56	22961
5190	18	25418
22342	61	3231
14	2	5325
6164	108	25211
5551	130	8037
9227	61	5736
22057	18	3633
23198	125	5926
22108	61	2945
24369	154	7646
2429	102	22109
1818	40	21199
22990	7	24240
7862	66	10380
7691	140	997
3077	40	24608
7209	125	9965
22637	130	5157
22387	130	7140
24518	130	9117
6002	195	5762
9111	4	4902
22565	154	68
4398	7	21095
24703	108	4917
10100	154	5702
4555	98	23978
1545	18	3250
1500	33	22414
24022	42	3823
22283	4	9082
25492	14	25211
4822	99	24875
3322	40	4497
2775	42	8511
317	18	6673
2801	61	6401
22224	108	3215
2695	108	25211
23616	2	9259
7947	90	21451
24433	18	23821
1994	2	7924
24777	192	68
3561	154	8807
5907	199	821
5212	108	8807
25407	18	10021
5208	2	22762
25167	180	8756
5354	195	7916
23225	40	6685
22975	212	3476
10370	13	8998
23367	4	24599
4660	154	25211
10450	4	21528
24122	12	23909
23412	61	7513
5007	99	21308
21851	202	4335
21176	42	1880
22604	195	1401
548	216	1899
22395	116	1979
21340	42	25074
6421	206	5505
7599	18	21016
8220	154	6748
7741	4	6276
22511	90	8437
25475	154	10269
5518	2	8851
23204	154	24629
5361	90	3528
3611	216	1899
803	125	4902
2295	130	2858
7972	159	21791
10371	4	8596
3056	130	4500
24397	42	24751
9250	151	4990
22804	7	3515
5523	216	1899
24526	116	7408
789	14	68
1803	33	7073
3240	197	1709
6253	46	9953
23081	4	22378
21641	42	817
22012	131	1191
8907	42	1740
21161	102	22027
1930	2	4163
10257	2	8761
3634	130	7263
5861	42	6337
24678	42	2015
7049	90	2800
8477	42	6179
1217	61	5723
5757	89	24351
4432	108	23734
22116	206	6768
6825	115	3273
4653	130	4421
8104	130	23793
8544	206	8940
8348	7	9452
4729	204	9957
7005	212	9530
5774	130	23421
5741	2	8940
4323	40	6665
8201	42	2139
10482	51	4665
7068	181	22418
2960	18	257
9006	130	2470
4855	130	4421
7617	2	23533
4856	42	23022
5907	42	25063
5723	7	8559
3025	2	10065
8104	130	1651
5771	130	2736
9274	42	243
24362	216	7337
22533	42	949
21182	42	384
9057	116	1964
492	130	25211
24497	61	22295
21519	18	8288
3385	42	21460
22649	89	9385
696	212	4902
9866	42	8676
2271	4	7026
2278	130	22639
6403	42	6800
1580	7	5568
24966	41	23004
3528	2	9599
3797	116	25025
8517	216	1899
4480	40	1954
1762	42	9318
1275	13	22735
22961	216	7337
23345	42	1941
21641	42	10011
8081	149	527
23121	18	2590
5546	42	10457
2765	103	6498
23015	2	24469
5889	147	6273
8784	31	10297
2297	90	6804
1729	154	928
8082	90	24974
3475	33	1412
6520	216	21791
23207	33	22850
23615	18	4470
6721	42	5341
6222	90	24516
23956	18	3181
2436	40	9981
624	90	5108
5184	13	2523
8584	18	9590
22170	103	2778
5467	149	8842
21902	130	22225
2975	38	24485
23089	125	2512
7902	130	8807
21655	212	22176
5115	7	3673
552	151	9895
9891	42	8866
7290	212	5926
24140	90	23689
2457	130	23998
22902	18	3262
6547	18	21590
2527	130	5383
22734	18	8231
9281	4	5620
899	41	3244
7340	18	1242
10146	2	1341
7016	42	2139
4278	7	4055
22082	90	24630
425	18	4217
1819	4	1078
21845	12	23909
5382	133	9623
6715	2	8490
7599	18	21547
22572	216	1899
23521	149	22490
23032	18	22366
22606	102	21684
2078	212	4001
7122	2	5926
10405	42	21947
3879	33	9742
375	42	4961
7509	18	2666
9054	4	9447
9399	36	7512
5986	7	1594
22541	42	9505
6446	195	7133
9072	42	5750
3446	212	8851
5434	195	22604
22391	61	7882
25263	125	8851
21224	61	7782
24872	14	68
4483	42	24417
259	55	7456
1535	154	21791
23021	90	4255
4653	131	7452
8021	130	23309
23544	2	4163
21674	42	3465
5289	119	2552
2964	42	23117
22675	216	1899
9980	154	21863
2743	18	3837
23315	42	5202
22719	89	24852
1663	116	5300
8655	18	8868
3690	206	3881
2326	2	8544
2618	90	23932
21348	42	4305
2309	18	6673
908	212	6921
21558	18	880
3305	33	24001
1489	192	23734
21417	38	21289
9065	61	7798
9205	18	25120
3817	98	6404
7118	111	23978
21040	154	25211
23372	18	5582
23176	18	21141
3752	33	6190
22236	96	9852
1570	195	8235
21649	130	22951
1596	42	10180
4541	130	23309
1481	216	1899
1908	33	22176
4956	18	23746
7635	154	25211
21181	42	21813
5503	42	7862
3005	46	21021
1686	130	25211
23119	42	7946
1302	157	5377
22285	177	5169
2417	4	2304
24555	18	22128
745	2	7717
1981	134	5377
9527	212	21623
3275	130	3803
6697	131	21902
2618	212	21063
355	2	22304
6467	18	3117
2948	212	1592
5070	42	8426
4072	212	3186
1408	88	8596
1333	90	22210
4422	154	8861
1854	130	24513
6985	61	7081
25279	42	22327
25133	96	10417
24074	212	6146
9161	42	4458
5582	18	4759
5094	212	9965
25160	33	24001
21458	4	24830
21984	115	24235
9067	61	3415
1427	2	9742
21804	216	1899
23162	125	23
176	4	22
2264	2	4181
25237	131	9484
22313	11	4421
5230	42	25000
9247	212	8544
25236	61	4783
7587	14	8037
4259	98	25211
4624	2	1000
4535	206	25497
24226	4	6704
7755	4	23221
24997	99	24875
23336	130	68
25428	2	22304
2002	204	721
1332	90	23715
7101	18	4663
7387	154	21210
734	18	3459
6671	7	21521
373	90	5875
8452	61	6420
117	2	8139
3306	212	9804
9017	42	788
24012	154	21791
6578	186	3240
5074	40	21471
24631	42	6636
7470	116	9217
25214	7	8300
7376	70	2083
8994	61	8350
24103	12	3616
7074	204	1560
1093	12	9260
7412	130	8924
10478	42	65
25118	12	6239
3573	101	22350
24921	130	7538
6087	33	24133
6678	131	8497
4163	206	4131
5712	61	5378
22485	98	4471
4995	2	1875
3394	4	5438
8979	149	9971
3662	154	3936
2914	61	5973
10135	111	8807
1711	33	7415
8219	130	5383
23110	40	4664
9263	154	25211
8120	116	5300
21445	42	23826
1791	42	5750
1303	125	5926
21383	13	21383
3188	42	6860
3691	61	1630
25378	42	23226
8196	175	4805
5700	154	25211
22665	2	24548
2620	108	68
24442	18	21197
9794	90	8523
22806	18	9190
22576	216	21791
21524	130	22769
4820	90	24609
9770	33	6768
9987	42	7860
4411	18	3148
441	42	22337
1397	42	4076
8971	42	25186
25116	18	4336
9485	33	9999
7996	154	6609
21578	18	1251
10090	7	24240
10263	4	7540
22790	46	8625
7487	96	1922
496	2	405
24376	13	9463
8452	90	23443
458	154	21973
7744	125	1412
7296	66	4083
4831	216	24629
23189	18	8416
21353	154	376
2503	40	10381
23892	154	6003
4941	13	9463
2615	42	742
23116	7	23971
24533	61	9875
915	116	25025
7767	120	6621
1136	215	4374
22504	42	8751
382	90	4629
5365	61	23810
3452	125	25219
22832	41	5702
24458	195	5944
23834	18	21121
5367	140	301
23311	90	1927
5902	7	22028
23733	125	8490
6838	130	1651
23404	131	10466
21502	42	8822
3381	42	4230
9373	151	668
9526	42	24056
5052	42	1880
361	42	1942
3110	89	3369
24729	215	7128
24137	18	24269
8425	212	3717
22288	119	25434
24332	7	24090
24980	33	582
21383	206	7316
305	108	8924
24262	151	6687
8084	191	3750
21911	42	4581
920	41	5955
3377	33	9259
3687	42	6308
5251	33	7288
2331	90	167
235	90	7971
1568	212	2378
24758	61	2934
9690	40	4223
7698	4	21846
4385	47	6958
3545	42	21294
1393	130	2579
3892	154	25211
1485	18	4553
385	108	68
7023	4	24722
2231	18	8837
3865	91	25217
2367	42	5700
23505	98	25211
4850	42	3932
21115	18	5596
3796	4	2015
5912	216	1899
21609	12	22762
7918	195	9881
4684	61	22308
22771	42	565
348	154	25211
8713	96	7877
1927	7	5828
25454	14	68
23249	125	520
25057	90	23818
7656	42	25379
4700	33	6847
240	61	25087
7699	18	156
2931	4	3670
1538	206	3885
9712	121	1899
1279	18	3886
1673	2	6190
23289	42	2844
9843	206	8375
23329	18	8517
6363	154	2470
22928	102	5785
9733	42	9107
24479	116	25025
935	175	7966
22295	33	8851
24235	96	2399
2689	40	8364
9725	212	6146
5338	72	622
315	42	22787
2752	212	23791
22290	2	22613
6845	89	1821
9335	98	4945
2640	204	3150
21178	96	1576
10413	90	22345
2390	90	21992
8887	96	21400
2977	33	24786
593	116	6688
23071	18	7773
21345	4	25455
24292	116	25025
548	18	25085
7212	103	8768
10150	4	21459
21979	140	5307
6097	130	68
25472	50	6195
1182	11	21918
8000	130	23734
6136	131	5287
23703	151	1706
4617	42	3101
22986	42	23000
23526	41	23980
9707	18	2902
3497	130	2441
4796	108	23734
3673	61	3543
6213	2	25199
10090	33	1108
24784	206	2512
7214	18	9757
5651	216	1899
5808	40	23277
6181	90	8984
47	4	22588
4431	18	6075
4501	165	7225
23664	42	5390
7534	96	24219
9355	2	23505
2998	96	7268
3310	10	5629
159	7	8613
25447	206	21846
8957	42	9318
21012	42	5583
9609	216	4842
3250	18	21696
8849	42	3785
24856	2	1986
9358	61	24502
4521	131	7553
1895	61	21668
6043	116	6688
5649	41	7767
1663	40	585
3774	96	3316
4952	18	23030
25482	33	23437
24180	90	6717
6360	96	2993
557	206	23636
24310	12	10291
4832	2	5847
6959	2	7198
9263	130	5383
5122	125	22032
6911	125	22994
7094	4	5260
24599	130	3269
1290	108	5383
766	90	754
3092	216	1899
22754	154	8630
8103	130	8911
21631	42	25352
4444	2	314
5040	115	9508
9788	195	6146
5055	14	25211
549	2	24784
2782	195	6146
25443	130	25211
3467	130	25
24467	18	7742
5362	192	5383
6410	2	25234
9015	33	23236
6901	18	3853
23088	61	1257
39	33	5351
4028	42	21142
6531	130	1083
4348	18	8293
3961	2	24580
4865	42	6798
3652	4	9061
25041	216	25122
21111	130	8807
6200	134	23588
21004	116	25025
1669	131	4247
23835	42	7268
24378	61	23435
24600	18	9849
3179	116	6688
5528	18	5542
22711	90	7848
3337	2	10082
1802	2	5617
24569	18	8146
5375	125	582
9916	152	7073
9952	42	25098
7175	116	8100
10158	125	3023
5203	4	6677
24723	4	8596
21184	125	22613
24832	130	7632
3095	130	1899
4699	42	23013
22043	42	22043
6587	125	23714
7584	96	4868
4824	125	8490
25012	18	5462
1218	18	25407
24657	125	453
6935	90	24204
24576	11	23793
8149	89	10135
21891	125	8455
3394	40	5438
9889	18	473
3049	130	8807
9938	42	22478
6749	90	1307
5989	212	5236
5232	18	6617
4821	81	2061
1975	42	24812
6421	98	22951
3551	106	3551
24882	177	7846
4891	116	5300
9030	130	25490
21798	13	9463
6509	18	1661
3037	96	22095
21763	206	5620
21964	4	3535
3872	206	5172
2999	41	4881
6910	108	22951
9669	90	3050
21981	154	25211
23879	2	23714
403	18	1251
9734	2	557
22688	108	24162
10300	125	24133
21164	130	2858
22233	154	68
24093	147	21384
3146	148	3230
4939	2	794
7946	130	1075
5103	42	9318
4193	42	3555
8186	67	6473
23922	18	4677
3402	61	6041
25276	2	23621
3388	180	2210
24403	40	5465
7302	212	7982
9567	133	5271
785	46	21114
22421	12	7927
7964	33	5351
10445	42	4578
9853	33	9965
675	42	2079
9911	42	2842
9297	216	1899
9870	12	2809
10029	40	21625
2746	195	5262
7089	125	5926
23522	147	1403
9698	42	2798
9206	198	22841
1521	40	6045
21360	125	6190
2577	42	22068
9519	47	8339
2720	40	4774
5731	125	582
8255	36	669
25005	2	2194
7134	18	4751
21171	42	7455
25034	90	23795
6430	90	2683
3660	40	4236
9226	2	5127
8576	18	10314
9329	33	5926
22253	42	4449
23852	7	22842
10407	2	2024
1550	18	6888
2586	42	21710
4071	61	6059
7905	143	24229
21610	108	25211
4541	131	49
8837	18	24618
25065	2	25330
23697	4	8319
2550	61	23851
22617	4	22081
9169	216	21791
7878	90	3253
25281	33	5351
1168	96	2304
23568	2	5617
1809	154	8807
24304	42	1657
23429	40	4664
7304	61	9966
21961	42	25018
8763	7	21665
21918	81	2470
2545	18	24207
4509	154	25211
2897	18	3249
23657	154	5383
8425	90	23638
21512	42	8668
2673	130	24177
1457	61	24191
9465	216	1899
2263	2	5749
23137	125	9804
25355	42	783
618	2	23096
6888	18	5582
6041	33	22176
3421	61	395
23665	212	3717
21892	42	6803
4076	66	87
22033	90	4719
22425	191	23890
1730	152	336
23608	89	5619
5322	42	733
24331	42	9797
23060	46	8125
22928	72	5982
22432	154	6101
9641	42	2741
5312	154	2176
5323	194	24067
902	195	4110
2070	90	21645
22643	90	7145
8556	45	3240
3117	18	8908
5928	90	10125
5048	212	22631
3561	130	286
7523	90	9916
6954	2	25314
24693	4	25149
8846	116	25025
4939	42	2844
22889	216	8956
3794	108	1075
5970	61	8844
10290	130	3330
3413	177	207
9096	90	1714
5199	84	3718
10492	2	7107
6991	2	2624
7785	18	835
2045	40	25233
8817	88	1437
21549	175	24115
1282	13	9463
500	42	21022
9229	2	21958
23900	61	1137
24095	116	5300
10340	131	24221
6118	130	2301
8692	18	25071
1353	42	24329
7041	61	4432
22336	216	1899
3986	18	7709
5229	42	796
5134	2	9801
9104	2	860
22713	42	22355
3193	40	5196
2837	40	2094
6435	125	8461
21662	131	414
6776	216	3803
10365	116	5300
652	42	23838
2647	42	7749
1113	42	9078
21396	206	24275
23453	102	3877
717	196	25489
6954	116	5300
21306	33	22460
7590	7	700
1850	130	6705
4082	108	22466
1348	18	4615
21370	42	23019
24165	18	8271
9165	9	8038
2318	108	68
3104	33	9522
8071	2	1149
22738	116	5300
866	112	7510
24986	90	2007
6845	147	983
7533	2	7288
9060	182	23235
6267	40	23022
3845	154	7337
2104	18	1130
5231	165	21970
7866	116	25025
6182	18	1522
24008	18	5850
5974	130	868
3904	11	21544
2142	60	1534
5611	42	25179
4037	125	5127
1470	40	1582
3000	42	25136
1359	33	7455
4155	42	3811
6690	180	3596
8568	116	5300
6317	18	24311
3668	33	1794
9397	66	4083
988	147	22989
21081	42	22721
8058	38	24485
5360	96	8009
3394	42	24098
3121	7	4232
24603	130	25211
23493	40	1097
6656	131	5846
24448	18	5745
23819	18	4348
1091	125	2304
6057	88	4497
25101	131	9182
25046	154	641
21399	99	112
8237	130	25
4699	4	7000
5712	2	22020
7483	177	6591
729	40	22015
437	42	5923
1563	42	4689
9637	130	21887
23798	61	7363
21719	4	22897
4025	130	21973
25068	42	8842
2710	154	68
2956	154	5955
23512	130	23734
1870	89	9385
5933	2	3670
9486	125	4360
21614	4	6259
21190	42	5678
23528	42	24135
6169	12	10291
24369	89	396
3600	42	8843
353	42	1707
24737	12	3616
4427	18	5008
25407	18	1218
24247	42	3779
4102	212	8544
8194	33	7133
8598	42	25441
21046	195	22020
22890	72	24097
5117	61	22635
24801	130	538
407	212	5262
25112	33	24133
9380	11	1899
10225	130	22040
23925	42	6691
21272	7	24694
23343	2	7243
25428	90	23641
24500	121	1899
6655	125	9759
1068	18	8917
3698	116	5300
2001	154	23140
21666	130	5383
2646	96	7495
454	42	23557
22959	61	2596
23664	42	22092
25375	213	9316
25423	61	6780
24704	148	6340
3260	125	5062
5558	142	5349
23224	18	3459
23101	4	24722
25498	61	8755
24018	2	1571
2845	4	22032
4129	4	7079
8782	125	3670
22800	204	21210
6228	18	311
1148	42	8273
6393	46	6237
1598	66	6595
24014	18	25023
8095	35	24263
7547	18	4574
8275	212	2791
23431	40	21479
5232	216	1899
3555	89	24351
7415	139	2828
22130	11	2323
438	130	25211
24359	18	22131
6920	130	24594
2686	89	6507
1910	33	21063
9346	61	7633
23187	215	4374
4142	131	9631
10162	201	599
6713	18	8584
7858	18	4123
7580	103	4246
23682	125	22032
1909	154	8807
10297	130	2765
8695	2	25494
9506	116	5300
23044	206	25494
7988	42	10004
8061	154	25211
7336	61	7614
21668	2	22020
3040	151	1263
21584	61	23330
3467	41	3150
5954	42	2296
3406	102	4949
9669	2	3649
486	42	4372
5109	96	10224
6066	33	309
4995	2	7331
23934	18	21505
4450	42	4975
8592	125	7073
3766	40	2445
4794	4	5260
7539	4	2024
2908	116	24853
7373	18	6634
2880	61	2178
757	42	6800
23891	14	68
22611	14	3967
22177	18	1244
4781	195	1055
8505	42	1343
22409	206	1000
4272	148	22161
3656	90	7782
1833	4	979
22509	4	2787
2776	131	9923
25152	2	8761
8579	2	2194
5474	108	7572
8918	106	8918
8326	40	792
9616	61	9294
5031	130	284
4939	4	794
21967	130	22418
10497	4	22
1367	90	1697
5432	116	8100
22702	125	24001
24686	41	4500
2542	61	7555
3362	96	9571
7905	130	22630
899	154	25211
6274	2	22304
23045	116	7408
24892	108	10059
2663	18	850
23365	174	2069
25360	40	21625
9702	33	21623
5239	46	3349
6253	2	22871
5709	111	4608
2372	2	22415
21032	40	25455
8576	18	5483
6056	125	6352
23982	61	22509
21796	2	21
10431	42	8723
23553	7	1885
614	42	404
23126	40	528
6427	18	5912
22337	96	6017
1386	42	9447
23684	2	23817
7687	33	8374
22436	38	23793
21442	98	868
25495	61	118
6907	2	9788
21802	18	24257
21845	40	21511
651	125	22460
3352	18	23041
7465	216	21791
1098	14	3145
7161	61	4189
22311	2	1969
3883	33	23791
10309	40	8787
10414	18	5064
6940	42	24135
5247	116	25025
7209	61	2033
5670	2	21528
9750	130	24286
330	192	5383
21509	165	5978
25321	42	24653
23986	2	24951
6447	90	25365
7811	154	7847
7219	206	25209
22683	2	7779
23998	203	6027
23111	11	24209
10385	42	22424
9742	130	868
24868	7	25371
9936	212	944
24589	42	9435
23864	115	9424
4501	165	9182
22919	42	9714
5650	18	23131
3196	2	22871
22200	130	22235
24059	42	684
8094	7	656
25202	130	8595
7682	18	21115
10300	7	23078
21299	125	8493
4557	40	22991
317	18	8502
24175	206	8544
3759	42	9069
7716	154	8807
5728	33	6190
25477	4	2556
9697	154	23140
8786	42	24098
2580	4	7469
6298	7	21665
7816	212	3544
1191	73	1099
9730	2	8829
559	2	7354
10297	131	21408
7892	108	8924
6546	2	1000
8572	14	5383
23699	40	25455
2619	96	22562
23631	61	2321
25112	61	6898
25375	130	22639
22338	216	1899
23191	33	9100
4971	42	24084
24488	42	2096
22011	42	3020
3763	119	8408
5625	7	6181
6449	42	3829
9688	116	25025
6346	130	24629
9191	212	21846
5403	103	24337
3791	125	23791
7014	42	3594
22390	154	6255
2098	140	5033
662	66	44
22742	18	24713
5393	98	538
6648	130	21210
5259	42	5080
22835	42	3875
21618	147	743
9561	40	8884
22814	131	2518
965	7	3299
1650	18	419
1143	42	1436
24508	89	8272
5194	40	6786
5414	90	1144
24037	2	25494
8283	61	7843
5374	206	8232
22878	102	21553
7727	212	6921
112	21	24629
8874	215	3213
25331	130	22630
5753	40	7410
10274	154	7632
6283	116	7408
118	61	8259
1962	154	25211
3638	130	68
24969	4	1450
2993	131	4313
24961	215	4374
21917	7	2888
4922	2	5271
1567	121	4728
21995	125	5551
10331	116	6688
10276	83	4922
21446	40	25397
22176	65	5377
5547	90	22480
25435	42	24309
25158	130	5383
239	149	6595
24671	140	24846
2627	42	23304
5688	18	8329
9399	204	7512
6169	116	3182
9663	33	6201
214	7	3528
5665	212	2212
478	42	23891
8637	212	23391
9922	212	2649
21518	42	2322
5661	154	8630
24601	18	21170
24416	177	8663
24365	195	2638
887	42	21243
9025	33	4131
5258	7	9966
24394	18	6634
6503	2	435
927	46	2690
4910	74	5964
4834	42	348
3799	42	23512
2644	130	2471
2103	130	5349
22495	18	24317
10211	216	23793
21939	18	6012
4708	122	4798
9662	18	21696
3136	90	9450
7658	212	22762
3941	33	8490
6189	18	8159
4383	42	21543
2598	2	1399
9118	154	1960
6718	2	5551
2980	204	24629
3961	42	23626
4946	7	3306
21397	18	3494
4711	4	962
24981	125	3471
23345	42	7462
22544	88	2826
8947	154	8545
5237	149	87
8433	18	1029
24742	130	22630
21528	195	22613
3011	47	4235
23594	42	2442
25330	206	8286
24275	195	21396
21302	148	25330
2294	206	6603
1980	4	9742
4261	108	21583
5130	4	21162
3072	61	3027
3882	40	5284
9254	2	4163
8102	42	24033
6667	90	6077
9703	33	1000
24695	7	1480
1504	42	23495
7854	40	21473
9510	18	25408
841	2	23757
21968	2	9801
4377	212	22631
7850	2	2791
24746	134	8256
25407	18	22917
3078	90	854
505	4	8312
5330	2	4506
839	130	538
9938	42	2496
1883	130	6912
4065	42	2896
24072	25	721
23644	4	22588
3345	108	25211
21732	216	1899
573	42	5135
5339	130	1336
6268	7	8162
2827	131	6975
5946	154	22644
9456	130	8807
8974	216	7767
4543	40	5306
2863	130	25211
3872	98	2470
1731	2	7107
22830	42	192
9267	216	10269
9547	90	1494
3094	4	25149
5642	130	5383
21623	139	10218
8918	191	3218
4984	18	24741
2661	4	860
6721	40	3233
23854	42	2056
7217	40	4416
3676	21	22017
22616	42	23387
3750	102	8084
835	18	23199
4740	42	3389
22145	2	25134
25419	42	2660
24843	18	24569
3700	42	22327
4724	201	3736
5244	2	4769
3633	18	4814
10200	2	5926
22269	42	1407
9044	18	8394
3083	2	2024
7690	140	24870
1313	12	5690
5652	18	835
67	213	2290
10081	2	22032
6280	18	4332
21421	2	582
3160	61	21207
8533	131	9149
22019	125	5849
4775	88	8596
3339	2	10025
8632	90	5864
9909	42	3379
9183	33	970
7999	90	9846
6883	42	22112
24110	125	23570
8624	96	9750
24891	7	21642
7619	125	970
1737	195	8235
21889	2	5127
24501	40	23753
21297	89	23075
21073	42	1598
987	2	5926
958	216	1899
4996	61	22702
4706	212	1570
2946	4	7288
1144	61	5414
5139	2	22739
22244	7	4008
23729	61	22969
3889	90	3783
595	212	21744
9423	154	68
25324	42	10381
22586	42	8382
9708	42	5306
24129	42	21947
3096	18	23295
10220	18	10262
25331	99	1856
1148	116	6688
23811	4	7455
22081	65	24585
5070	149	23117
4672	90	1776
833	212	23585
2210	42	2210
3267	40	4915
4615	18	25104
4403	90	9343
8964	4	2024
6535	40	898
2396	33	9522
22308	125	9965
10110	33	9965
21318	18	8341
6037	18	24299
25001	42	24908
23373	181	6255
1054	156	5726
4757	10	3772
4345	102	21574
7648	90	1259
10098	206	6480
5893	154	5383
2647	42	6531
4997	18	21251
4750	125	22414
10285	108	23734
76	61	23625
23565	90	8760
23473	103	21882
88	18	880
9140	125	2102
23185	173	2605
21031	18	21677
23883	13	8998
1863	2	3670
2415	13	8998
24457	99	21394
455	42	7606
7383	212	3300
25446	130	6463
387	130	5955
6547	18	6000
1518	130	22992
879	199	3727
6719	42	10228
8014	108	5383
7143	116	25025
2503	2	21994
6165	131	8945
23445	130	4275
8695	90	22136
1256	33	24446
2198	130	6944
6114	61	3487
22781	108	1899
6962	61	23516
7891	2	21406
2663	18	6150
1329	4	4116
7038	40	2285
334	4	7079
24393	16	7394
9658	140	6127
7151	154	8037
5625	108	8807
7885	212	21459
8335	131	7155
9635	2	22766
23706	130	5947
10049	25	24629
21705	21	24531
3512	130	21210
22577	61	21621
23259	18	21047
7983	30	97
24971	195	8993
21567	212	24175
5985	61	1849
9786	13	9463
21917	2	337
25300	125	24023
24666	42	9642
5161	2	23714
22409	195	2915
2011	46	2554
3763	119	1587
3951	61	1198
24510	18	9589
6649	108	3150
5416	46	10224
52	96	2459
7068	216	22418
6413	40	9968
22722	90	24274
10150	125	21459
8047	42	8603
6662	40	8414
22932	216	1899
2097	18	2040
25277	216	1899
3160	90	176
24955	130	22639
24840	42	24051
1332	125	3881
6201	139	22304
3232	60	24462
21520	42	3677
24257	18	21802
8238	157	2435
23413	125	23791
3012	61	24252
9137	33	9801
25086	4	4531
3200	154	2495
1063	108	5383
1004	216	1899
24560	4	6722
6468	116	6688
3501	130	7767
10131	42	9920
152	201	3403
22134	42	3162
25244	90	4375
24255	116	8100
6207	65	9061
4257	108	5383
25448	116	6688
10484	61	21573
3997	130	8807
10457	130	721
6170	40	21005
25144	90	1140
5174	175	5662
1292	61	10017
4836	33	860
4	7	24499
4646	4	21188
21151	42	23573
1907	154	24209
7843	61	4629
22882	154	4421
4979	213	4936
4733	215	1964
2869	40	25233
5687	4	434
7291	125	7291
3844	90	7557
9314	2	21406
2797	116	6688
5988	42	6850
24687	42	6391
25149	130	3370
1858	18	6616
9720	18	10008
6101	103	2441
23597	18	7035
4701	42	23512
24779	7	229
22668	13	9463
935	130	68
1507	2	3049
2359	18	21843
3818	40	8642
24046	102	3200
1938	42	3551
10387	42	3710
905	2	9522
6357	42	9103
23402	2	6847
9547	134	643
7656	4	24028
23681	2	24548
2195	41	7337
21882	216	23473
21378	125	2378
1966	42	4660
6109	46	22859
5664	108	24594
8550	116	25025
9961	42	7851
7096	42	223
5653	195	230
23244	42	6586
8177	130	4335
1905	125	8851
1152	69	3001
4029	5	6122
8291	4	24784
8541	212	6068
7815	40	164
9701	98	8037
6601	130	6101
8341	18	3082
24896	154	2786
21152	2	25289
22555	61	9977
237	40	8495
24299	5	7990
9641	177	22084
7909	61	3738
4574	18	3666
22548	154	68
379	130	7819
6168	154	23140
3526	125	6201
7418	4	5551
7028	12	6591
21838	4	24608
24577	12	5196
23670	18	23058
7619	61	1134
8320	42	22976
7083	4	8851
7403	40	7639
9355	108	3215
1667	103	1612
4861	2	22648
7399	18	8502
2280	18	10463
2380	18	1650
10273	212	24790
2410	90	25280
3505	212	6953
9294	90	9616
8205	61	21293
984	33	2304
23781	130	5383
7713	7	10339
23569	154	23430
10090	90	1196
3530	125	9925
6230	212	3810
23218	7	24950
661	108	23734
6275	96	9498
8424	4	22304
1933	130	23309
21400	154	1899
2554	143	10135
2363	61	5760
5228	96	21873
21406	195	22020
22406	33	21627
4780	2	9801
2328	108	8807
23318	18	5651
21789	131	3037
9855	13	1185
3668	125	1794
9059	42	5730
6611	116	25025
7594	90	23504
7916	206	9530
25309	2	1399
1965	42	5202
7648	125	1108
1420	42	4137
4969	42	5167
22767	4	21528
4710	148	6011
5559	42	23696
6702	192	21918
4467	61	443
24070	108	23734
9403	195	7370
5687	125	1108
23840	175	10049
9583	131	22505
22502	2	8829
22567	50	4608
9851	2	2925
2412	130	1075
6156	42	4307
23891	201	22137
23549	130	2145
9967	154	721
23728	154	10208
23720	90	251
3918	18	22052
7412	130	21583
23264	148	3129
5932	18	23307
3664	212	6352
24243	42	7933
7994	2	8981
6576	195	2421
8345	90	6961
8242	42	9435
4369	130	24162
7102	33	22613
2254	66	22833
4651	61	23506
2361	42	24894
22113	131	3680
7634	90	3613
23856	212	21330
2715	18	7458
24719	64	22915
271	131	22832
6323	216	22639
5556	131	9615
24496	42	22610
9821	99	23450
8837	18	7650
23108	18	6852
1881	2	7814
6162	42	25294
3589	7	6877
8605	125	22414
529	90	4694
5115	125	9801
22462	65	22462
8918	213	5431
2533	42	796
23125	4	24951
9003	130	5383
24782	89	21750
24147	18	1286
10341	2	25134
6339	130	8807
2767	7	9282
5759	216	1899
1331	216	22905
7270	2	22762
4594	2	255
4782	4	557
2063	61	24100
3415	90	9067
22176	13	2523
9738	125	23827
3821	116	5300
4815	61	3264
5158	61	7544
7345	61	7931
8281	42	741
2608	125	1000
397	154	25211
10430	216	3803
10271	216	22418
4614	7	6877
24052	13	9463
25105	61	24659
8925	2	24083
6414	131	3454
22195	192	24364
23893	2	7469
22359	4	5127
22273	7	2494
4899	216	721
8311	42	4607
4448	131	24267
6879	154	22905
3901	7	5720
5425	42	3278
566	18	5389
2067	4	9209
9480	165	7301
2335	2	10044
6675	216	7337
1543	204	3150
6658	125	2512
2270	42	3054
10154	42	23695
5484	154	21973
6067	33	1000
21217	125	8851
8315	147	24195
24923	30	24200
7435	212	5351
24341	125	22762
2516	61	8994
147	130	3492
873	4	2412
6100	154	24629
4620	216	1899
746	7	10014
1530	199	7254
22979	147	22989
1854	130	24177
5204	130	8622
248	154	7337
7465	2	1393
8680	195	23068
992	33	7288
4831	216	721
25476	90	1257
2466	61	4238
25220	195	25219
376	60	8177
830	125	582
3439	18	24193
21838	40	24608
6876	40	1919
24045	40	10381
4630	13	22735
2064	130	3685
6555	116	25025
23307	18	25177
10476	41	25
8207	2	7079
23787	42	24033
3445	21	21214
22755	154	6498
23219	90	9592
524	89	25452
24607	152	2304
9111	4	7814
24425	2	5551
2129	111	24531
1408	70	3536
3366	33	24790
4204	40	24222
21603	18	6407
959	42	9713
8335	130	10181
21894	2	9742
24663	130	3936
6268	125	3670
2759	81	68
10379	7	23031
2058	99	172
3927	130	21790
804	2	860
22818	2	5132
1084	84	725
10371	42	357
1351	212	24975
4826	12	4341
23707	175	21700
1234	42	3058
4522	2	6722
6191	40	7324
23406	46	3414
1733	61	21154
4302	98	21790
1294	18	5850
4892	4	6352
7065	33	582
3584	201	1225
21958	154	23734
25294	130	6101
290	2	3266
8132	2	23018
6140	174	9995
3551	130	301
5131	96	22048
7165	42	6028
10317	154	7967
10237	33	8232
21345	40	25455
10179	2	23891
2789	42	6950
7218	42	4489
8662	4	22035
6146	195	9788
1640	42	8547
1034	42	22327
6994	4	3670
5443	154	24177
24318	33	23391
21825	2	3719
806	216	1899
6832	7	8531
8428	130	8807
24604	130	4948
1757	130	24487
6227	42	9701
2903	130	21082
8391	14	24388
21794	18	1792
8538	154	1075
3279	108	5383
8363	40	3049
3357	154	23734
4858	130	24531
21512	4	21842
1263	151	5358
23798	90	6960
3662	130	21978
4568	42	8104
6204	7	4264
23887	33	22460
6729	33	23437
5562	216	721
6997	42	8694
3837	216	1899
21816	2	7853
23452	7	2009
10234	90	25411
5596	18	8734
2610	125	25494
3981	18	22587
5862	4	22613
8813	125	23391
22973	154	23421
9449	90	7832
23823	42	9033
4152	96	6039
6649	108	25211
1187	33	23236
1379	7	8011
3914	89	24351
22302	42	23448
23041	18	21558
2797	12	24975
4220	18	21385
8271	18	7785
25183	154	1195
244	42	9501
6407	216	1899
6911	90	1272
7626	108	8924
6253	116	25025
7246	147	7427
3786	40	1456
23618	42	558
7456	68	242
910	125	23391
635	4	5071
24255	42	6628
21211	216	10208
1473	33	22032
21250	154	25211
428	40	8366
21194	90	1910
23522	147	7608
24220	4	5127
955	90	22936
21880	40	21549
25307	131	8716
10042	40	462
24241	7	1918
21065	216	1899
7686	116	5300
9496	2	23151
25383	18	3924
25405	212	22176
22952	108	25211
8128	90	25445
21298	46	9953
3298	12	6239
8812	40	22766
2469	90	7634
3312	18	25418
25198	4	1843
22360	4	6352
21625	154	23980
3796	40	2015
521	2	4535
4989	42	1180
6021	42	21757
1782	2	9804
4340	131	22814
3630	42	4009
7673	42	5087
5894	154	25211
5085	33	7133
25087	90	240
3464	88	3922
9570	61	1561
7042	33	1744
22264	42	6329
9326	22	2486
21632	125	2344
889	42	10041
6992	42	23484
7986	116	7408
8066	206	5241
6774	4	860
3502	4	9259
9305	125	3670
5163	61	22028
3720	81	22885
673	18	9707
4553	18	5264
22714	90	7104
9177	2	2624
22283	42	127
9124	46	870
10299	66	4083
3601	47	3593
7810	42	2557
9282	90	9944
6186	18	4486
3559	18	5932
28	14	8630
23512	14	7221
2074	18	7786
345	154	22951
2955	90	24787
5149	54	6690
975	42	5829
33	125	6065
7659	151	2489
23783	195	9512
5908	90	6248
3953	45	6949
9005	42	22856
8502	216	1899
24470	116	7408
5129	154	5349
6627	33	1108
4001	98	7292
25465	4	23339
24054	18	6062
6	216	24629
7225	154	23309
179	46	21067
7970	42	10374
1603	18	25177
2550	2	6768
8710	42	2717
1499	65	2047
1684	130	6443
2610	13	5300
5331	42	110
5951	125	22613
7414	57	24626
22790	40	23558
783	130	23734
10137	40	23753
4244	202	331
6764	206	1744
1290	108	8807
5766	42	1740
1672	42	3241
6654	61	10322
2705	130	3150
3105	42	10170
7127	2	10044
4040	42	8391
10312	216	22418
9410	2	1108
5110	13	3001
21004	42	8017
229	108	23309
7735	154	68
346	61	3901
6728	4	1000
705	42	8250
1664	131	3497
2740	90	5297
2244	2	7853
22344	216	3718
10387	42	24182
23645	4	22843
645	2	22613
3733	40	4774
21440	130	3150
23673	2	25392
7618	2	2442
22340	116	24853
23690	4	5127
2409	61	6515
21540	61	6005
3827	130	25211
363	18	5060
5494	18	21430
4789	212	9965
24087	90	2141
2657	18	4663
9740	147	21384
5072	18	21612
22317	130	5383
9901	216	1899
23645	42	815
24142	125	21017
22800	89	8929
7819	216	10269
1853	42	3634
23613	90	9054
5441	18	23389
7489	4	3704
2671	18	8293
522	41	25
2234	18	2902
240	33	7073
2946	108	68
6355	42	9077
6383	33	22434
8576	18	25407
23465	42	3156
2264	90	6231
2819	61	23384
22514	88	320
1334	14	5383
7862	201	3455
8663	130	24715
9973	7	6378
1771	96	5626
8313	42	888
2983	108	3269
22431	125	6409
6382	42	5051
25153	125	21440
22133	151	1197
10043	216	1899
2746	206	5926
5666	177	445
24262	131	24757
7941	90	23688
24496	2	899
21234	130	23734
21357	18	9572
2489	151	7659
7892	4	23714
23566	42	3892
24052	90	21960
22144	154	23325
5883	216	1899
21672	116	25025
10341	42	3038
2716	154	6663
21345	2	23033
4199	4	582
7979	154	3244
1303	108	3215
6082	4	22573
1452	42	2536
21461	99	1346
22063	42	6704
10453	33	8374
6324	125	9801
202	42	10082
8872	12	2809
3339	42	24098
8272	11	2441
5732	90	10435
21745	42	839
2246	7	24710
25397	130	68
2356	215	3281
24318	61	2611
6311	37	5776
7446	18	3546
1472	4	22
8279	61	2822
24708	7	5825
10349	42	7749
3659	102	6264
22562	154	4421
4826	42	24033
21503	2	860
7873	33	6847
8491	7	2165
23498	61	23067
5877	2	10040
4718	42	22112
24059	46	22725
6992	12	22374
6284	4	6677
10286	116	25025
5011	125	8851
21650	42	5097
1429	33	7073
22047	212	3881
4898	154	25211
4366	40	4489
22342	212	22032
3953	32	6949
23786	61	84
6835	7	8997
22406	125	21627
8072	96	1669
5039	216	21791
10105	90	21213
405	195	24965
21205	42	2515
24290	42	23459
21612	216	1899
4333	42	23573
1664	96	23453
23429	42	25081
25464	90	4134
8564	4	7469
6227	42	25199
9434	90	2951
7962	90	1852
24779	90	6435
4105	42	22906
7756	96	9475
9416	90	10303
8633	130	21791
10489	130	5581
9651	125	21063
4732	90	5356
23816	130	6282
5772	116	3182
23514	42	3897
5767	139	8235
4177	99	706
7408	119	25484
5393	206	22032
25266	11	5002
25023	18	5905
2334	13	2523
4501	165	9543
923	116	25025
8228	116	5300
22127	42	23905
1773	4	22304
9389	2	2512
24580	101	1189
4074	14	721
8105	116	7408
24206	108	23734
1808	18	713
8696	61	5299
2796	42	24858
9802	42	21111
23361	18	4631
3344	7	25139
8052	40	4638
21812	18	4980
5070	42	23117
23450	165	468
21229	125	6764
25303	154	7767
21875	125	1867
1851	130	7580
10111	42	6235
1802	2	23817
24646	18	24519
8571	216	106
22927	201	22090
4517	42	25019
135	33	7133
1735	4	22613
23558	154	3150
10314	216	1899
282	216	1899
7772	130	21887
23098	42	6337
6613	42	6704
3938	18	24713
4354	2	3455
3757	116	25025
22652	2	23817
727	2	25392
8333	42	9188
2687	130	4064
6181	2	22032
10054	40	21656
3831	90	25039
7543	212	1636
8216	42	1740
3250	216	1899
21884	12	22374
6483	89	396
2897	18	5883
23983	154	8512
1142	42	212
4478	56	5738
9480	165	21626
185	42	1941
9307	154	10269
21181	4	9135
9390	154	2441
102	61	4008
9155	130	22519
21069	18	297
170	2	8183
9039	154	24485
9845	61	718
5367	40	21215
21456	42	6026
5283	42	9435
4540	131	22659
4963	130	21714
3585	96	1758
6816	130	22630
7944	61	7641
21353	130	5349
23526	131	2021
8388	42	22367
21181	42	1460
5817	90	7298
23923	40	5830
6289	154	5593
21094	4	435
9187	18	21146
9006	130	22951
3679	90	21306
25161	61	9216
10398	66	7975
942	61	603
1320	90	5340
21536	195	6157
8360	130	68
9328	42	5534
4918	42	1483
5615	18	22275
6357	42	9008
5039	216	1899
8079	18	24260
25092	18	22185
22619	4	6576
3819	18	4476
9583	41	25
22177	18	21412
4180	40	9981
22792	40	21818
25027	216	1899
21209	212	22414
22331	7	575
2128	216	1899
6122	53	9545
7144	18	22742
25406	212	22414
8496	125	4001
9586	4	8596
5817	61	7233
22249	216	1899
1551	212	21623
23365	0	23365
3754	72	3562
437	42	6235
1889	42	3379
22668	33	1108
24652	206	9804
4105	42	2900
1783	154	25211
8462	33	22485
25287	56	5689
8146	18	6046
3261	42	1857
24726	154	6287
10385	40	8495
2170	2	336
21432	42	4953
3712	90	21537
24697	116	7408
8950	42	5752
6065	206	21846
24427	2	23817
23890	154	721
7353	40	2989
6955	103	886
25013	130	3720
9910	42	2751
6828	99	1346
9565	7	4424
25324	2	21994
6938	42	6693
5565	18	5641
23495	130	4281
1125	7	8113
2622	130	6404
24929	61	2815
5039	216	7337
2014	108	25211
2770	42	3905
6848	42	23712
24827	2	9742
23870	42	8507
3141	2	22375
24329	130	23734
6018	13	9463
21092	206	21301
24039	18	6228
21650	4	25064
453	98	22951
3778	4	5926
1131	42	8507
6326	33	9804
21343	7	3664
283	116	1964
2724	33	453
8514	89	24750
8727	40	7606
9405	42	799
7410	130	928
10096	42	8913
4412	33	3670
5072	216	1899
5760	212	9407
7852	89	7085
4097	2	3957
22426	182	23235
10303	4	22
157	149	6329
5481	201	5481
23060	42	10073
849	212	336
9183	61	514
8395	4	24360
23786	90	3656
8985	154	21973
383	130	6463
2355	212	9801
22175	61	7693
23199	18	5652
10486	33	2304
5877	2	24275
24560	4	3186
4777	90	22657
3027	7	8464
9781	195	21846
6637	4	7927
7917	4	2787
4884	4	434
23011	131	3358
25286	88	23022
2622	195	1592
1134	33	970
2437	130	5383
5109	154	8037
25363	98	268
463	40	7593
9354	130	2441
23890	151	22425
9732	14	23998
22680	18	24654
7365	125	2304
8188	40	24608
24785	216	21791
23109	90	5508
22622	103	21238
9935	7	23127
23587	154	23980
3636	99	3210
5179	46	21114
1484	116	25025
5769	4	24722
8546	56	23886
3797	42	25352
25393	89	9027
4274	7	6422
1739	130	7647
3783	7	1613
8196	130	3244
8648	90	22209
24752	130	21109
9048	213	23953
7898	216	23503
23989	4	4236
7149	42	2912
21117	42	2539
7635	130	25211
23326	33	8490
1358	154	6047
2181	206	9407
1169	216	1899
21783	175	1629
2981	61	9855
7503	131	619
21696	216	1899
19	7	2381
7190	46	21114
6196	40	25427
7114	131	1642
7959	61	7887
6320	18	23030
8575	216	1899
9613	18	22734
22029	42	21414
21654	14	25211
4356	61	9652
22026	4	3670
22501	42	1401
5292	151	3659
7971	2	3881
22781	2	6639
4545	116	25025
10404	90	1583
9685	90	22265
21832	42	24653
1644	18	4943
4365	215	3213
9466	2	10065
6603	130	21791
21535	90	6515
3471	13	2523
21337	89	10135
7796	125	22020
4033	90	4889
501	42	22355
4569	98	22951
2004	195	6953
5431	154	2778
1009	2	4077
129	40	6439
23962	90	5320
4641	42	6972
24994	216	1899
4140	194	24319
22067	216	1899
7278	2	8829
1069	42	25352
3693	42	3514
8033	18	9982
5178	116	6688
5952	40	4223
5575	33	1867
22584	4	22173
22564	42	4619
7310	90	8108
5392	154	24629
23488	13	9463
8415	61	23443
1749	4	1720
24667	204	22630
21082	81	23136
9000	40	3309
23627	61	489
9711	98	9581
6107	42	9306
3144	125	8374
25214	4	3704
654	61	25094
7638	90	4400
6671	125	23791
1075	81	286
7984	154	7632
3358	131	22024
5595	130	7263
21970	154	1651
5239	116	6688
3147	191	25165
25323	140	21083
5239	4	9108
7469	206	22631
7785	18	6739
2194	130	2470
2166	42	7661
23869	33	1055
21755	33	3719
3159	90	21668
2402	42	8855
752	90	23681
830	7	24916
6675	216	22905
2225	90	5902
22329	42	21524
6553	61	7652
9641	42	22563
22746	206	2304
2666	18	23540
8917	18	6278
4220	18	6703
24101	90	278
8846	42	972
1671	42	23830
22593	2	9334
2783	61	5989
22598	42	9163
826	13	8998
5283	42	7912
1523	212	22434
7802	42	7840
1081	40	9082
24487	81	24531
22929	140	24846
1522	18	674
1135	154	2470
23247	14	8807
415	2	23393
941	130	1834
25194	206	21701
21917	125	337
5778	216	1899
8825	125	9999
1400	42	5601
24954	216	21791
9408	104	706
22664	4	6387
5609	2	2484
24388	18	23184
5760	2	7859
1216	18	7874
6350	134	23588
5896	61	9930
881	90	6351
24520	121	1899
8798	13	9463
21927	204	3370
7070	96	4186
6383	4	22434
8200	33	22176
6766	42	4152
618	212	8143
8775	42	23891
22537	90	9785
21950	2	21994
4426	42	1343
9884	65	22304
25243	7	23374
7527	2	22604
8878	125	5351
6023	66	21699
9913	58	5197
7732	147	8474
2300	18	3658
5496	2	405
25307	131	25425
1749	125	24446
587	2	7374
22464	18	3597
6309	61	393
1540	130	5383
22200	191	9883
24404	89	41
10286	42	8352
5318	61	8591
2873	42	5805
9484	201	25237
22911	40	702
4350	7	3543
2818	61	3351
7219	206	8858
5673	42	3699
24761	33	6526
2597	33	9801
9300	18	5001
7366	2	7198
5245	42	4958
800	125	6847
2616	212	5262
8341	18	21318
5679	108	23980
22915	99	9480
9151	4	10381
4732	33	24469
3911	18	21245
2729	102	606
180	90	22455
3184	204	21791
3234	182	9165
8819	90	427
24870	56	6322
4291	130	23978
281	42	8382
7867	89	9169
1606	148	24093
6950	130	23734
5509	42	22612
8131	154	25211
24791	61	23073
6317	18	2406
595	90	9855
1106	96	787
8566	40	24922
24093	154	21973
9876	61	6309
25163	42	527
755	33	8232
5941	12	22374
8462	61	21088
4601	108	134
3667	131	25011
22966	108	6404
24577	4	3388
23331	90	1495
22968	90	3607
1048	212	22407
3550	61	6993
4473	40	528
9574	42	791
1878	33	9801
22357	216	1899
23924	134	25167
9054	61	23613
21809	2	860
22050	130	24229
21143	18	24338
2938	18	25023
6411	116	1238
3814	203	9700
2460	4	1000
2910	90	2318
1327	102	21754
682	61	107
4936	99	1856
25150	116	25025
1282	130	23734
24148	2	8851
24541	130	24715
6957	42	1877
24373	42	23512
5741	2	4166
1072	216	1899
4925	2	6119
2563	216	1839
9232	2	21763
6887	125	6768
6645	42	6699
6352	130	24377
5367	42	8352
9613	18	2510
2625	116	5300
24942	2	4089
9127	42	3962
8679	61	7231
22305	4	24975
4980	216	1899
2538	130	21790
3479	116	5300
8088	4	8139
3802	18	22798
25023	18	12
91	42	158
4863	18	9444
23438	42	5196
4559	212	5241
4821	216	3803
9044	18	566
7297	61	746
4984	18	4754
5899	190	23935
882	177	2000
24978	108	25211
24621	154	25211
22903	212	24175
24385	90	2667
2177	46	7156
4148	90	365
955	7	5799
10439	2	2015
2124	7	8060
9447	130	22785
6013	154	23980
23052	42	23077
22776	2	24784
9792	42	8382
6553	33	23791
7770	90	24244
8646	42	23459
6197	99	24185
22926	98	21791
189	130	8807
7935	18	903
22507	130	7819
6899	104	6708
8200	2	8761
10249	4	8936
9352	116	3281
21872	216	1899
9132	42	509
259	15	8630
5346	130	22141
4357	4	22304
21045	33	1110
23222	10	2103
7772	154	21887
4345	91	24825
23634	61	23270
10101	125	9801
23402	7	22332
3729	130	22951
6804	33	22845
5428	90	9466
3565	213	109
24461	42	7851
22436	38	4842
7020	58	9051
1629	35	21783
84	90	23786
3631	4	8139
10026	115	3047
10497	108	25211
5835	2	24166
1485	216	1899
7448	154	25211
21304	130	5383
24812	96	6263
24104	42	8400
6801	90	699
3118	2	2512
9065	7	6884
7475	4	62
4430	2	7374
526	40	1723
2648	42	21856
2528	18	7803
9157	212	6190
5387	42	21576
4161	130	7212
3623	130	23913
4516	213	23587
25447	195	21846
21245	18	3853
5243	42	2863
4427	18	23103
22124	4	25455
8817	61	5921
223	130	108
7759	2	4524
10389	33	4564
8779	13	9463
7629	18	4956
6772	196	3904
5295	42	9222
1056	2	7374
8930	42	6950
5739	2	22304
24893	18	24503
2866	42	22910
21073	42	3047
21590	18	6000
9730	7	7278
8735	216	1899
9533	4	24581
1329	2	3432
9709	18	21630
10429	33	8851
8940	195	8544
6138	42	4194
784	212	6953
21961	42	384
9513	61	23085
22127	177	5271
4765	165	22718
167	61	2331
22775	90	1885
24723	42	24814
1936	18	734
8269	42	3286
2074	18	3252
4244	18	7189
23776	42	3960
5382	42	22684
21137	4	6259
6562	42	1204
22269	42	217
8358	201	7558
4135	4	25330
3012	90	24291
3802	18	24477
5026	61	22821
3673	90	5041
9733	42	7070
6687	154	3150
1716	212	22176
6963	125	24001
4684	125	9965
21257	114	4267
7783	108	25211
22858	33	4564
23682	7	21285
22349	4	7141
23282	18	9752
5380	42	267
1608	89	24118
24993	154	5383
10182	40	25193
23908	203	4121
8818	2	2472
5451	212	9965
24274	2	4163
4848	7	25459
22437	2	21304
23973	206	5450
23680	147	1572
7621	131	23710
22327	66	23226
2837	2	4089
2764	61	8191
5417	125	9098
21707	55	22151
4126	99	21394
22220	21	22885
5907	42	3564
2220	61	3506
23055	21	22630
21638	40	9133
548	18	25154
1743	18	21357
22907	2	6001
2573	2	2397
1114	96	7565
10201	61	9433
10096	215	1964
4900	154	21791
7368	40	1097
22969	212	4902
24575	40	2445
21852	2	22414
23875	42	3073
21432	4	6069
24410	61	8137
21042	42	9241
24093	147	4111
24277	72	5082
8844	33	5055
6849	18	9729
2731	216	1899
25078	96	9994
1610	90	5683
9388	40	2442
2124	125	1570
3473	98	9671
7016	42	7606
7031	18	8475
8523	33	3719
24502	61	4030
23311	7	5828
24951	206	4902
4911	18	23597
21041	130	24229
24070	33	21623
6901	18	24380
24303	42	21958
23808	125	8851
7615	41	5383
5731	108	5383
6640	40	10381
8447	81	24928
25433	33	2512
6494	108	21583
6362	212	970
23888	192	4881
23402	61	24583
25177	18	22956
6610	90	8062
22880	4	7288
2769	40	1783
5700	41	1834
21151	4	9173
1444	42	24460
21938	61	2718
509	130	21790
24567	2	2054
6580	42	6531
24567	40	2054
4677	18	130
8225	130	7263
3348	13	9463
22401	18	4336
6791	12	22604
23752	18	10102
24376	7	5521
2554	154	25211
2198	130	5050
21678	12	4341
24293	206	5849
5564	42	1141
9439	204	23793
9441	195	3314
22265	125	22176
24725	130	9172
22238	186	3519
4420	130	23356
24325	18	24421
4776	125	25219
6407	18	21603
8720	154	25211
1744	206	24730
23163	18	5949
3483	174	9205
22186	147	2015
22924	42	22198
4270	2	21159
23901	33	5351
21	130	24400
2837	42	24752
4580	4	1393
2799	90	4030
21619	42	791
24291	7	3738
8498	41	21791
10227	212	7011
5918	216	10208
3617	2	9626
6338	42	5829
634	90	8099
8783	61	7992
24239	42	22536
1018	2	3670
1202	199	42
22498	33	6581
1408	97	3532
7200	61	23380
4946	4	9804
2965	88	6330
21403	131	9149
8485	18	1348
2236	195	944
4205	18	3546
7368	42	10004
23050	18	9340
2972	11	23998
9877	154	2850
5701	212	7133
9104	61	407
1559	18	914
6022	14	8630
22628	42	22079
1070	18	7409
5746	212	3375
25347	216	1899
10152	125	453
22432	154	1651
21537	90	6627
23710	131	23040
5663	104	21160
7575	131	6727
3601	14	21569
24403	42	21250
22854	27	725
3783	7	6757
6969	212	8851
6488	33	9447
983	154	7263
2241	56	5738
23168	203	686
3963	7	9157
21039	18	23844
802	18	3111
4132	33	5926
24497	4	962
475	175	24506
22087	2	8851
24016	42	25267
47	116	7408
6399	154	4421
2445	89	10135
5905	18	2938
3714	12	2047
23579	40	24222
6423	154	23734
23598	42	7393
25293	108	21714
9276	130	25211
21493	42	2535
4041	96	5846
9805	42	6812
22909	13	9217
24003	33	1108
7998	130	21791
23677	216	1899
9611	40	1618
10097	33	9447
24332	4	25330
24256	33	21623
6417	212	24010
1902	108	68
5557	216	1839
4363	33	6352
9897	42	22999
22749	148	649
3605	42	23838
3597	18	8394
21132	216	2654
23244	42	8492
22442	16	4443
22429	154	25211
9784	216	1899
5692	216	1899
22891	61	8156
22847	61	24641
4553	18	1485
10452	116	5300
9444	18	4863
4934	195	25497
7911	215	4374
6146	206	21846
22195	42	4393
5965	130	342
5602	61	6951
6692	42	23859
9564	2	8410
23077	130	21790
7918	65	1463
6706	130	3803
3356	42	8391
2951	125	22460
151	18	24258
8681	36	21791
9834	90	5029
23709	7	6726
6056	33	6352
8001	195	23757
22547	130	23734
24464	148	2745
8738	42	5791
9163	130	8807
1325	42	23910
4562	96	79
6365	96	4070
25135	18	7629
1845	130	23734
3830	206	5578
23052	42	25483
21401	42	5779
7482	42	23512
23652	125	23437
1073	18	25334
9513	2	5926
23162	33	23
8046	130	25211
9328	42	1880
3176	106	24197
8362	12	3616
842	212	9801
6094	134	24202
2583	134	7010
21775	2	23393
9196	61	8592
1917	81	4727
22607	13	1524
22001	42	22834
25056	2	23783
3904	11	1411
4344	15	2176
5723	4	25220
587	212	23236
22581	61	6342
2776	154	6663
9808	154	25211
8079	18	23130
3934	40	22991
3056	96	24686
24686	201	25265
2401	61	5208
22773	61	1976
3188	42	3278
5844	42	22330
821	130	25213
25094	90	654
2702	42	1058
3483	18	9613
7592	111	286
5434	130	21790
1482	2	8232
6476	2	4163
6664	216	1899
4163	195	23391
4804	33	8374
21500	103	24762
1413	96	9998
1538	206	6768
1506	41	23734
4187	73	25122
3914	154	68
7187	2	21725
1932	66	7717
4262	46	870
514	33	970
21303	18	22675
1822	4	25013
3624	65	3476
10196	42	24933
24039	18	2692
4994	125	24790
6499	130	23734
21672	42	4230
390	2	7814
3768	125	7288
5526	18	21606
590	177	7701
3415	2	8761
8456	90	3549
23960	13	9463
3955	216	24629
6555	42	280
3812	4	8650
2898	12	25194
21269	7	8380
1617	18	723
8893	42	5219
22645	173	1823
7422	33	10044
22227	42	24597
23229	212	23236
22021	90	23352
6105	125	25219
9803	147	21847
22822	130	23309
4006	108	8924
21408	130	4064
6991	42	22105
9128	151	22492
5374	206	24175
9259	195	21627
23263	40	21549
2693	216	1839
22967	7	987
5804	61	9575
9481	18	6871
2556	96	5291
21248	40	1726
9609	95	6086
10472	61	24495
4134	4	24599
1539	61	24316
24856	29	4230
24593	122	6473
3829	130	5940
392	195	5926
6986	4	2936
4937	46	2554
1304	2	8851
9712	121	22961
22398	130	24513
22117	46	2554
21676	212	8357
5663	165	25331
9472	18	23080
7709	18	836
1674	130	23998
7216	42	10374
2390	7	2992
6640	4	10381
6015	7	9905
2360	154	68
7181	42	9194
8011	212	25219
22479	18	25481
476	90	7740
21418	7	10048
3770	131	4068
3564	14	68
9890	42	3897
2812	42	8959
10370	108	1839
23852	4	3670
9362	4	4515
7074	130	4881
21108	130	8912
1957	61	23852
25348	42	25362
25472	216	7632
7822	7	1594
23410	125	962
21143	216	1899
5038	90	1611
3683	42	3932
6493	116	25025
4542	102	9554
3696	115	2002
7553	154	2786
1741	42	23805
8276	116	6688
8412	40	8319
9415	2	21406
14	42	7876
10376	18	10251
10261	35	24263
21176	116	25025
1118	131	2195
4971	42	8946
4547	42	2935
23016	90	25227
4488	154	25211
3021	66	9879
24903	7	10327
4044	61	23553
9863	2	7012
23212	42	7934
4724	199	3204
283	192	8807
2700	40	10165
8964	2	9801
2755	61	7104
3920	4	5744
2049	42	4688
5568	212	7747
518	61	24929
4396	42	10036
25257	12	2809
7188	154	7922
3823	130	10095
10028	90	24535
6938	42	25019
21553	151	22878
682	90	22821
2813	18	8835
6570	66	7296
21886	2	22604
4410	97	21646
25124	42	280
4493	90	24184
8289	2	22414
5011	33	8851
24604	154	23980
21555	18	5977
3250	18	1545
21795	96	8855
2212	206	6379
4860	40	9841
6243	130	134
22685	18	7624
5056	90	21035
21863	216	24629
9980	154	24629
9606	182	10128
22893	90	4351
1534	72	2142
8315	148	10066
25477	40	21479
5977	18	3312
3227	42	23279
2592	90	2284
4759	18	25248
22895	130	5349
7754	116	25025
4960	90	9180
7315	2	24797
2498	61	1519
3574	40	24119
10498	42	5524
7016	42	6800
22954	42	21524
1761	154	6663
3917	116	25025
23981	42	6841
192	14	6947
10101	90	6839
7085	11	6663
3699	154	68
808	125	582
4907	33	5744
2703	212	9759
7996	41	6609
8322	116	1964
7236	106	23418
21990	4	9447
21350	2	23714
23703	154	21714
7624	18	7248
6778	46	23201
5577	42	680
22986	42	25289
21315	130	5050
7166	33	7814
24293	130	7580
25436	90	1724
24239	40	2916
5480	42	22168
23541	61	23915
7949	154	1899
24536	125	6352
9733	42	1082
2367	116	5300
6567	212	2649
6696	125	7455
7270	2	4181
1487	154	21257
1005	216	1899
198	116	5300
5660	116	7408
22542	116	24853
23941	42	9306
21311	96	4331
25076	40	9239
23712	130	5383
5682	192	23734
7857	13	1185
24307	2	25234
7893	212	4535
8023	216	23793
25263	33	8851
23531	66	21172
21974	2	24975
22650	11	9091
7119	125	22176
8193	2	2304
21518	42	4307
1284	33	2568
9626	206	7073
9061	130	6404
24943	18	9062
8051	18	21957
24343	4	21390
4915	130	6404
9978	7	6248
1919	130	8037
9500	212	22964
1525	33	5055
6505	4	8176
23058	216	1899
5213	212	25119
2608	2	1000
9984	130	5956
1417	42	2536
24420	130	23309
2138	90	2050
9604	191	24277
25445	125	453
22487	2	4089
5845	212	2791
21513	61	5879
21056	2	8940
2483	61	3951
23492	33	7370
3107	130	1899
3706	18	24592
10015	42	1645
4890	61	9996
5764	206	24469
3590	2	21864
7113	90	23901
9782	61	9986
7126	140	947
3082	18	3908
24327	2	22409
23063	2	21623
21225	4	4529
2036	7	2391
9787	42	7432
3818	42	2106
22866	96	23456
21370	2	4497
1913	123	9581
22484	4	6194
21567	2	5617
9422	131	4041
2310	42	4958
4176	18	24732
8007	18	2704
21723	216	22549
10463	18	8917
21633	4	2064
918	42	2392
539	42	22267
10389	7	8638
181	2	4181
5951	90	21000
1197	102	22133
2925	195	7918
6540	195	25497
24567	12	21304
21541	61	5048
4406	2	6470
2044	7	10048
24119	130	8807
24135	100	3618
1706	102	23703
21751	61	9777
1371	90	22982
9092	108	25211
23016	2	23714
7612	151	3880
9915	125	21623
24270	189	45
1102	61	9067
2852	204	721
21777	40	21488
8216	42	3755
21170	18	23377
3283	7	2346
240	4	9626
8852	154	21973
9670	4	21627
8646	42	8652
8127	130	22644
23690	212	9801
1108	13	9463
22013	213	6727
2469	108	5940
3648	130	3926
4076	14	68
7128	130	5383
21113	42	7025
7556	42	5923
21777	42	21932
22651	130	23980
22941	89	7112
5434	130	8037
7502	216	24629
25177	216	1899
6657	33	3247
10265	154	1651
3526	7	4386
8052	40	4416
3723	90	10239
10139	216	1899
24683	102	8919
8376	90	2753
7261	216	1899
8024	18	6506
4401	42	5196
22163	61	1359
8035	89	3369
10146	42	21133
1014	42	5761
24725	89	6714
95	42	2650
7877	154	3803
7458	18	3419
6764	206	9965
22214	165	5623
24338	18	4427
824	154	1651
25400	42	23497
3136	125	23437
7055	42	9625
23852	33	3670
2283	130	5383
21440	13	3247
8059	61	8508
7590	61	7042
5317	151	552
7881	90	1918
21468	7	24203
6394	42	10157
25016	72	768
24435	102	8486
5935	42	23000
2656	130	8032
24170	13	9463
23840	204	24629
22442	120	24846
5976	42	8547
21554	83	2582
8786	4	9968
24517	18	4959
22774	2	9801
8141	130	22785
7020	66	4676
3805	116	25025
3500	18	21957
7575	89	4772
9783	7	8638
21455	192	7287
827	42	4305
3121	125	23791
5831	61	1647
3409	151	9976
7519	125	8851
4620	18	24260
2878	33	21623
5414	108	23734
6151	18	3066
10	42	6798
9712	62	22837
909	151	24141
9036	154	25211
22907	42	8055
23177	42	7749
25113	2	9599
24106	212	7982
9451	2	23151
9181	90	1898
2628	116	25025
21070	154	6826
23232	149	1929
22169	204	23793
25418	18	3312
8527	131	1576
21644	2	9927
2617	33	7288
6043	40	21215
7169	103	4421
23557	130	5383
4745	102	2350
11	7	3259
8616	61	23631
6562	42	1645
24435	130	721
9281	7	23366
22043	42	3998
3197	7	2381
4408	2	4194
9621	42	8212
9690	42	21981
23276	99	1856
9254	125	5926
21530	89	7751
23591	7	60
367	42	8069
1823	157	7827
21363	2	309
9947	42	1785
9011	125	6480
5858	130	6101
24390	89	23792
3879	2	9742
23220	196	23111
24995	216	1560
6479	61	22243
21288	130	23309
9561	42	93
1344	40	23643
10129	212	9530
23180	42	3555
597	90	22729
22759	2	7208
3301	61	4128
1607	130	5383
2297	61	6158
6543	66	6600
10265	204	6101
23315	40	8495
5201	42	5797
22684	130	8627
1031	18	2831
5284	14	23140
22502	212	10044
2953	2	24514
23010	90	24810
25210	206	3780
298	7	2737
9838	42	4894
1690	134	643
4306	12	22374
10263	42	23304
21255	2	4181
9193	130	538
2197	89	3369
5588	18	8502
1848	33	2787
964	96	6974
5557	42	22335
3099	195	4131
3088	61	197
8112	33	24172
23669	89	23028
3736	96	25048
22585	40	1954
888	143	225
9089	40	21415
4400	90	629
5152	125	279
4983	33	860
22511	7	1066
6198	40	921
24978	108	8807
4210	154	5383
4369	102	22013
6960	125	8143
5180	7	10257
2014	33	7033
22781	212	8143
21802	18	2003
504	90	10336
21217	125	962
22952	90	3548
6381	14	25211
23488	2	21440
8537	40	8495
22557	7	1780
671	42	5639
6845	148	983
5329	33	2304
22209	2	8490
8255	130	1527
7387	14	21210
1692	130	8512
22051	100	4308
3363	18	10270
24230	44	24576
3705	131	23364
9495	130	23356
21230	61	1265
3975	2	7107
2699	130	24629
7264	18	6192
579	18	2173
23403	116	7408
25153	61	6965
23542	18	2134
8710	116	1979
4323	42	8310
7149	2	25268
22349	40	7141
21592	33	23973
4659	40	9714
5240	42	3823
959	4	25289
7560	33	22631
4192	154	21791
7417	131	4930
4052	154	769
2017	116	5300
2123	42	25454
23682	33	22032
21832	42	5613
7807	33	1570
22517	130	4421
4107	42	8535
2625	42	1106
10122	96	4598
131	18	1342
3064	130	5824
8700	108	21583
22207	125	6647
4566	18	5641
4555	130	3718
21370	40	6290
7865	130	22769
21012	42	3020
23094	4	2024
9257	18	566
22569	130	22549
23508	130	21544
1451	216	1899
7890	90	22305
1644	216	1899
487	90	3505
2567	61	6315
4400	2	24975
23221	130	7423
2648	42	21076
25022	61	22683
586	154	5702
10139	18	10414
8705	90	25113
9820	154	769
24617	10	5974
9449	33	10044
22638	13	9463
285	42	527
7825	42	10228
668	130	23136
21151	40	9173
8600	130	6404
4891	42	24455
2822	90	8279
3143	2	9801
10036	130	4286
5407	96	8056
7640	42	9069
90	2	23714
5490	46	506
418	14	25211
6535	42	2515
23905	14	22785
22477	147	23680
3373	61	21272
8964	4	508
4373	33	23
4337	2	7026
880	18	3946
23531	131	8370
9018	42	2515
8188	4	9722
7160	99	4673
23425	215	4374
4957	90	5684
4994	2	24790
25181	4	9335
1122	42	3169
6256	216	1899
3297	24	3240
5188	61	5987
21194	4	24344
23838	154	68
3400	130	23978
5998	40	1954
7271	108	8807
3223	139	21779
7105	61	8165
21528	195	22460
6386	42	217
5086	40	5830
5287	131	4912
2101	140	24846
3622	18	1556
5474	4	5241
422	42	3910
21804	18	2902
7014	4	1449
23988	33	5351
21025	154	22951
2013	7	5831
3105	116	7408
7258	99	1856
9428	61	21589
4883	125	22414
25049	7	5222
9572	18	8204
23948	33	8490
6739	18	2128
21412	18	22177
2402	42	23458
754	2	5463
4384	4	8251
2146	56	7632
7930	4	1789
611	40	23683
7504	130	3685
651	2	21528
5826	118	5776
23242	130	9581
10289	42	10457
8672	125	24789
6755	13	9463
4468	18	1650
2216	18	9630
22735	30	21693
8437	33	10044
25090	154	8471
1202	115	22075
9993	4	860
10287	40	24069
6338	42	4393
6515	90	2409
3968	195	4213
23561	4	7079
9187	18	22839
2715	18	8321
6486	125	24789
22237	61	23591
2600	108	23325
10350	42	24800
6718	2	10235
562	2	3719
21812	18	297
2372	40	22415
22304	206	6201
349	61	22486
5883	18	2897
21299	61	2418
1963	18	21102
6829	99	1856
24943	18	7826
734	18	23224
81	2	23539
10054	42	4920
2058	99	112
22527	46	8754
282	18	425
2459	89	1490
8611	125	8461
638	33	5055
21859	42	24841
648	130	6802
2210	42	8253
6428	58	1530
381	130	1075
6312	2	1000
6087	125	24133
9838	42	21591
99	40	25455
22249	18	24474
21583	140	24846
8813	13	9463
21056	212	24293
22974	61	9140
6808	42	9615
9679	7	24149
874	130	1839
24953	72	686
22249	18	6062
2029	108	7263
4847	212	5640
9741	4	24264
22929	140	2241
10129	90	5925
24966	154	23004
25011	151	1374
24017	42	4768
1535	99	1346
719	18	1801
4740	42	5390
7688	4	1754
7809	108	5383
335	130	7221
5173	90	1248
7507	90	23206
2219	177	8932
23298	42	1026
22090	131	22927
6029	4	23607
50	42	10381
21638	4	9133
7849	61	6125
23496	4	7078
23433	154	23136
7243	130	5383
22845	206	3476
7312	130	8037
7692	42	21022
23777	130	10208
2596	90	5457
5116	125	23236
5778	18	660
6394	2	9968
1841	179	23913
157	2	6329
4483	70	24961
4676	29	24451
2053	46	3557
7416	4	10282
4567	42	5791
6230	13	8688
1226	61	1670
22527	42	22895
6018	2	3247
24010	195	5926
25396	40	7324
4926	18	10313
21614	42	6104
3189	90	2737
21295	216	1899
5783	130	3150
10413	7	21816
5144	130	5383
7495	130	8807
23665	2	1510
5280	61	6117
3283	2	5926
22331	33	4181
877	42	25202
6981	130	8807
6672	33	10034
8573	42	2277
431	216	21791
8619	177	8663
8921	130	6282
8332	102	890
5479	42	3020
8645	33	9334
6201	206	24605
380	42	7393
2608	33	1000
1700	42	4975
1395	142	21791
9137	90	5115
4303	148	7003
8829	206	10044
974	42	23484
9863	2	2472
22814	130	721
1555	61	6878
10307	33	24021
10492	212	2212
2745	147	21508
21939	18	1410
5832	212	23624
7673	42	3146
25037	30	21199
23923	42	747
6033	131	23710
6335	90	8531
24658	154	339
22508	61	4994
9189	195	21301
7449	40	23034
3397	18	2280
21313	42	10159
1382	7	144
22421	42	5531
22749	148	6069
24610	154	24629
4178	7	5088
2197	154	3034
9979	33	24730
6847	195	1737
24332	2	25330
7306	90	6350
10249	40	8936
23180	12	10291
3007	7	1670
9044	18	5526
10170	154	68
1833	7	6757
24794	195	4213
23493	42	24033
1732	216	22951
10315	212	3544
2208	199	24985
10188	72	4121
1754	206	9801
7718	42	3677
6856	116	6688
6120	42	3639
6020	2	7029
22950	55	1587
6278	18	2280
4758	130	1411
5897	42	5097
5401	154	5956
24840	42	6973
4055	212	582
4674	212	21442
8263	154	9931
5841	7	5261
4226	2	4898
7884	2	8384
9849	216	1899
24737	40	9133
1394	4	4236
626	40	23533
24484	40	470
21418	2	8761
23116	90	23383
22055	4	1712
9074	18	9444
22627	33	4360
2448	18	10477
2920	4	2304
7295	42	22403
23056	40	8612
3357	131	22661
10059	18	24893
7747	139	418
24459	2	8136
8613	108	134
4103	96	10401
3780	13	7006
10121	46	25466
3552	116	8100
25288	126	21161
7684	42	3742
2607	89	3327
3743	12	22374
22728	2	4163
2963	125	2649
10132	70	7636
4320	2	22032
2081	18	3111
22691	194	6279
4482	125	279
22522	42	9318
24467	18	2675
7961	206	23804
23546	33	24975
22141	103	5032
8132	42	7561
1433	42	9615
5457	212	22613
9992	177	6308
23438	162	2690
9445	4	22352
6495	99	21394
6062	18	8935
8769	42	4080
22485	139	5604
7584	154	5349
22566	40	5147
2561	130	22418
5961	42	2232
1345	4	22032
10112	90	24316
3758	90	5213
1277	116	7163
21566	4	9820
9898	42	25410
9482	14	22951
8844	4	22434
22411	130	3718
9928	90	24799
24266	19	23354
6053	130	21791
2479	130	24629
22148	81	7212
23614	18	1036
9021	89	4164
24089	90	3279
24508	14	1651
5138	13	3001
493	41	3150
4904	130	3150
25121	212	22176
21507	216	721
25359	18	9757
3555	130	21790
1199	90	23137
9763	90	9019
22816	42	5089
1565	2	21015
6250	18	2671
10001	42	8794
6616	18	6317
25050	130	8704
9056	130	1560
4247	102	8359
6176	7	21541
894	2	22032
4243	14	25211
107	61	1223
1189	130	25211
10058	42	3187
2727	90	24183
989	206	4131
1729	50	4917
2449	36	22905
21496	130	23136
22604	206	1401
23344	4	9742
7681	125	9334
24804	61	22405
3191	40	22991
23392	66	23226
1724	61	25436
8326	12	25194
7972	159	2311
1363	90	4173
4635	42	2250
2932	42	2139
2915	206	7219
902	195	230
8917	18	7398
25331	154	6101
25309	42	25156
21837	89	6473
21498	96	3900
7387	204	21210
9240	61	349
24120	18	4109
7804	206	3810
21096	2	8431
9563	90	24698
997	56	22644
6823	33	9801
5475	46	6237
435	130	24930
907	18	5616
21436	116	6752
25165	213	3147
6197	130	21791
21441	116	25025
7113	125	5351
23143	108	3803
21303	216	1899
1625	131	8397
21941	2	1246
23436	40	24608
2829	18	22022
21219	130	21790
3592	61	22234
3995	116	5300
8784	130	9557
5022	212	8143
1890	130	5349
8698	89	25099
21924	46	21114
22542	42	2373
2529	130	3150
25423	2	22762
23749	42	23215
4875	14	25211
10299	66	6570
8979	4	21922
24951	195	2140
24849	33	22762
5132	180	24233
9344	42	10495
3643	131	8845
7616	192	3150
165	108	3492
21313	116	2605
1977	42	23910
3179	4	6408
22944	108	25211
676	109	8560
3448	216	1899
23937	116	7408
6719	42	5821
1894	42	23891
24315	42	1911
23046	4	5127
520	98	5383
2144	2	6722
7375	130	68
3889	4	860
180	61	9152
664	7	1647
9991	61	1266
7917	61	6444
23323	2	23972
22088	2	22414
5374	206	21846
4196	42	1383
4943	18	23007
7549	18	7722
8147	61	1247
7400	216	1899
22780	4	462
6217	18	2678
6065	195	1592
21773	90	9491
6630	42	5601
21056	61	10168
2094	130	7767
23406	42	23019
25470	7	5714
5665	90	10492
5869	154	24554
21292	108	769
7278	212	10044
163	165	10290
937	18	22357
23661	42	25133
6467	18	22685
4097	42	2308
8516	216	1899
4796	90	3606
8441	47	21106
8670	2	22032
23635	212	8455
10125	212	2421
5626	130	5383
3245	108	8924
3756	108	23140
7336	33	23391
8406	2	1570
25484	157	1920
23489	42	3897
4163	206	23391
7180	42	5341
23757	65	8001
4395	2	8787
9909	40	9714
6651	42	9194
23795	90	7513
24614	212	6257
6646	12	3623
1035	4	21440
1967	2	8981
25045	2	22853
21259	90	4732
3030	42	22105
8677	42	7946
5688	18	23834
7729	7	7093
2345	61	8779
5158	7	7752
9611	116	25025
10083	61	4114
22180	4	22147
2959	212	5944
2476	99	24875
5506	102	22539
7989	7	8137
8329	18	23580
23544	61	8172
8918	130	22170
4670	42	10225
10237	4	23817
22523	13	9463
9912	18	4242
7106	89	3369
3572	42	10381
6429	130	24400
4526	42	10136
24350	42	24174
9771	42	7516
2787	195	22160
4884	108	5637
8539	216	1899
3684	130	22770
10042	42	9560
9834	2	4769
24969	40	24722
5479	116	7408
22305	2	24975
7468	108	4421
8982	99	961
9402	42	2798
21098	212	6257
765	2	9615
7439	213	25040
5981	42	4689
4658	42	3591
446	42	9003
2708	7	3468
5337	90	6362
24223	42	21945
24684	2	22304
21270	42	24640
21658	212	25197
21139	61	7554
4624	4	24238
22340	2	7717
4566	18	5489
1815	42	324
23809	2	7026
24573	40	2779
6994	2	3670
7704	131	9006
4162	42	10473
5270	154	3232
21580	18	24311
2479	216	24629
21355	2	23393
22844	2	22906
23267	90	3807
23957	130	108
5189	216	22644
1354	116	5300
24964	42	25000
9168	33	23391
199	4	5262
6578	32	21002
483	4	3247
10254	42	2536
3739	42	2717
23708	42	23169
2660	130	266
3017	90	21096
3950	42	22370
8267	154	7512
3746	68	9385
23310	130	3936
2724	61	24888
24461	2	9318
10226	212	7415
22904	42	21543
9959	2	5127
9130	212	2304
23315	4	5868
3219	18	5264
8677	42	22786
454	42	1771
23129	18	10352
513	4	4902
6978	13	1152
1700	42	7419
494	154	68
4215	46	10224
22562	131	4840
9973	90	4885
21868	18	10311
4697	61	25203
25356	90	351
21741	42	22403
2803	42	3551
3296	216	1899
10391	131	10476
21484	2	22231
6444	33	22994
8559	212	25219
22373	154	725
3644	96	6964
1594	212	9801
21330	13	8998
22701	2	23151
21492	96	23604
8878	61	9876
21939	18	9455
23778	61	22402
8171	18	9394
21418	212	22176
6921	206	2412
2615	42	1657
22993	18	9337
2652	13	1185
10177	90	8757
7014	4	9426
3383	89	1821
25173	4	6593
7268	130	8807
8469	90	22781
24195	148	2745
10344	166	4717
21359	42	585
8916	61	7832
639	42	23838
2750	7	22171
1134	61	9183
23861	154	3150
8132	40	23018
24498	216	1899
22682	102	10143
6977	2	1000
5436	4	22304
6099	154	25211
6019	42	24276
5232	18	21434
1504	46	2838
3303	116	7408
8005	90	7881
1302	55	22176
22444	2	21440
21713	125	6119
21802	216	1899
25099	216	1899
9551	14	23200
2994	40	209
21529	42	7862
22702	33	24001
21208	2	21488
8225	154	23140
21367	42	6137
22966	108	2471
3742	154	22549
23382	89	10135
25012	18	7624
10419	98	8037
4773	42	22125
3418	18	672
4811	72	22710
1068	18	2066
5385	154	4013
8785	40	22960
24921	130	23136
24672	61	7771
1090	4	6352
1222	216	22905
1164	42	8870
8568	4	22339
1248	4	5604
22532	18	4468
8151	115	8104
576	195	2304
5264	18	1242
8243	11	23734
10190	42	1458
9220	195	8235
24076	61	1730
8961	68	10135
22587	18	937
264	15	8630
3862	177	623
23716	90	6622
4633	89	24351
9513	2	23124
23335	125	5377
8927	99	112
6970	33	8375
23592	61	8548
8227	130	7385
6855	33	5062
23530	2	7374
2666	18	7799
24724	88	21021
21963	61	4787
9913	201	7438
2262	12	10291
4740	2	7969
2960	18	6131
4761	130	8446
24742	154	24229
25195	42	25018
7948	130	24912
23991	131	6049
6103	130	24305
4322	102	5453
21728	42	558
7227	42	3665
907	18	8973
2359	216	1899
10263	42	3639
5541	42	5153
21120	4	9259
25350	2	22032
25015	40	6685
4129	125	22335
7182	5	22887
1807	33	309
24965	195	5919
22240	42	8565
9657	42	1929
9803	148	21384
21807	206	7027
10385	116	25025
5608	42	1436
9061	130	2471
3307	125	3881
5984	131	8821
4649	33	6847
782	148	7136
13	66	21327
162	2	23714
1224	42	23695
2522	42	24837
24126	130	7337
8629	130	10208
1988	61	1167
8388	42	2015
10053	42	21697
21621	90	22577
6731	40	22991
9496	42	7679
21389	4	3670
22838	58	22115
7634	212	520
9481	18	1914
5402	7	4293
5616	18	4916
3830	195	21734
9590	18	25159
22734	18	21872
3657	90	21483
6084	131	24012
9959	2	1754
10021	18	23260
4633	154	25211
2123	40	1969
1781	11	6705
6545	90	8500
1238	157	22039
3131	89	8272
24700	116	25025
10032	50	8807
21989	216	3718
7290	90	987
22639	16	22017
8869	88	9648
37	108	24177
25302	46	9953
3454	154	22158
3421	2	6379
3955	42	8371
379	154	7819
7124	130	8807
5852	42	6461
5671	130	724
25229	90	5658
2430	96	5774
6704	14	68
7137	154	25211
739	42	23484
3907	4	24652
25082	2	7346
6510	42	1843
7983	55	9731
2932	42	6800
729	42	5080
6240	61	1042
25027	202	331
115	206	6387
22635	13	9463
25280	7	1047
3413	42	4656
22798	18	4440
1046	7	7909
7022	42	9742
24512	125	9965
2528	174	24311
23670	18	3082
1848	33	24975
8333	42	4688
9914	42	23278
9753	42	4954
9752	18	2855
4830	99	23601
5664	212	22274
9529	61	1628
7779	195	4418
1538	206	23483
4196	42	8999
2672	42	25410
10239	33	9801
9599	206	3885
8472	38	1899
23525	42	23183
24804	90	3834
25444	90	187
8785	4	25382
1946	212	22414
1559	18	3148
8222	81	4917
7397	18	21245
5642	131	3086
22295	13	9463
1718	96	8809
44	199	821
7274	56	23793
7040	18	3181
5857	212	5640
7537	2	2024
6350	140	4045
1001	40	22233
9577	14	25211
6549	154	25211
6596	125	5919
24172	98	339
723	18	9836
6223	131	6424
4340	130	21791
21054	154	23140
3781	4	1710
1350	216	1899
6536	18	2634
21275	66	1598
9481	18	22849
9090	130	721
1909	89	8186
9742	206	21926
4120	42	8866
7947	33	6201
7889	4	6470
4470	216	1899
444	2	8905
7878	7	24950
4219	42	7236
25150	42	6972
3464	42	3997
2156	130	5349
7814	206	25447
6300	84	21791
22248	90	4946
22057	216	1899
963	42	2999
1801	18	21648
5217	216	1899
22384	7	23160
4640	130	725
9968	130	22785
5672	116	1964
24389	42	3755
22447	42	22186
95	40	750
23166	42	3187
7467	130	5383
24839	61	1910
22508	7	5734
23697	42	23495
22789	216	1899
1830	212	7469
22088	4	22414
8793	18	22150
8293	18	6250
238	42	6329
291	4	5393
4431	18	25380
3861	191	4295
3636	99	1365
7542	40	1618
24275	195	2412
6261	40	3328
1349	40	1969
21977	81	8807
7945	100	4458
24011	125	22231
5859	2	21774
610	4	2512
7118	194	23332
10166	7	9020
22988	98	2579
8144	33	22613
5481	66	6023
23829	86	4866
2459	191	1693
21898	216	1899
21075	42	5341
10190	40	23905
4290	36	1839
6396	66	492
3422	195	5262
4410	4	21646
24697	42	22267
2883	2	22107
1193	89	6507
6787	96	10032
2317	33	23791
22991	41	68
25447	195	9407
22835	2	9948
9471	42	7500
517	18	24384
21513	4	24784
23578	206	23721
4487	36	721
2247	42	6079
10240	154	22017
8582	42	1401
4568	42	21448
23082	151	24005
2478	4	9948
7443	42	8391
1934	99	24042
21981	41	68
7201	61	7522
6490	130	2441
1316	4	25330
23006	89	10135
10355	88	3103
4260	130	9557
23848	130	7647
467	130	5349
10499	130	22905
3147	96	885
23286	42	1785
2265	2	24688
23109	212	9786
8729	40	8789
466	42	5791
8082	212	6953
23124	98	8807
21434	18	7753
6197	130	24286
3859	42	1407
3249	18	2897
23658	40	589
6155	4	1720
5837	212	22633
8368	125	2304
4668	18	22110
6124	177	9711
1965	40	8495
6303	61	5102
4056	4	10065
1315	90	5428
518	90	10447
5138	33	3690
7046	61	4399
10262	18	6989
21393	154	23980
7340	18	3886
1681	90	1912
3775	130	3492
690	130	5383
184	96	24819
4782	125	1570
23802	4	21017
7812	216	7337
2551	42	25352
24648	125	22809
10426	130	3718
23180	46	2048
3745	40	252
1452	177	207
2468	33	5463
2036	4	3670
3502	33	21627
5716	13	4639
1673	125	6190
6146	195	3336
2293	42	22429
5809	2	6615
9948	175	4284
860	195	5055
21249	33	22460
2631	42	6737
21943	108	8807
3378	18	7808
845	42	5281
9401	90	8503
96	125	23437
1744	206	9965
613	4	8045
23066	33	22926
9639	90	2444
609	42	4076
25215	40	24914
9250	131	4990
8969	2	22604
2672	116	25025
51	61	1046
5724	4	22211
22723	125	2344
2707	130	6942
3009	42	6104
2725	99	9480
4611	216	22418
24709	18	9602
22119	61	24402
21794	216	1899
23116	4	21390
6710	125	453
10450	61	8867
4483	42	22310
23885	46	8754
463	116	5300
21554	115	8602
9458	42	1082
3234	99	1365
4499	4	8483
10065	130	8446
24877	125	9522
23061	7	7903
6269	18	24592
6872	18	4713
4142	130	6663
10290	99	10462
23678	40	23558
308	130	22017
500	42	24918
624	33	7073
2494	212	10044
10050	33	1952
2017	40	9542
2745	147	23761
140	42	1843
23717	154	6255
22499	42	23482
8584	216	1899
3989	116	5300
1013	191	9038
7515	212	9801
4617	42	267
24303	216	21791
24630	4	5241
22220	21	21978
21124	2	10098
2332	216	1899
21332	130	24177
24384	18	23341
23699	42	1516
21006	14	21210
22109	102	1373
3387	154	21583
8202	130	7384
6421	206	5172
23416	7	8717
10468	131	6165
7705	42	3817
22029	42	22609
642	40	5621
1177	13	9463
738	42	21414
3371	130	68
21820	125	24975
10348	7	9678
24845	42	8845
22060	18	6307
4885	33	1249
21657	42	24597
24956	7	8832
7954	42	4702
2044	108	23734
568	72	5982
7339	42	410
6338	4	5830
8267	216	5607
7110	4	2024
370	33	7728
7205	4	557
1544	18	3363
23594	4	223
25219	13	8998
487	212	6953
24847	154	23004
5650	18	4952
8953	42	6704
2679	177	9348
7017	216	1899
24214	89	25452
8884	130	68
25416	42	22536
21696	18	3250
21314	90	22207
22201	7	23971
22126	2	7728
539	42	2971
3019	42	7756
21338	90	8060
23162	7	976
7156	130	7767
7312	180	25305
8212	131	741
3216	177	5271
2552	20	5289
5311	18	4882
22860	216	22442
10070	212	7011
8307	130	8622
5662	42	22984
22711	13	9463
24757	96	8773
3305	125	24001
24826	99	8454
23323	116	25025
9526	40	6168
10013	212	8461
22973	96	23508
2833	42	7813
3395	212	22762
6492	88	21199
22391	108	8924
6173	154	68
24066	7	1594
9619	130	7922
6673	18	2309
8798	61	7077
4699	2	7000
6178	2	4089
24729	42	21890
7688	212	9801
5147	130	5383
6887	4	6768
25450	130	9274
1289	42	2578
9327	125	10003
1851	14	10030
24438	151	6982
2815	2	22604
6747	42	24984
4908	216	1899
23401	61	8969
3704	130	8807
8322	88	1049
1538	195	21506
9292	212	23391
3800	2	21406
21469	7	8703
22346	7	3159
21878	120	3538
24380	18	5778
8073	116	7408
7841	154	23734
3036	154	1411
24300	130	4421
24565	42	21460
878	2	23714
23548	216	1899
23409	41	1214
21868	18	4332
4832	4	21627
21589	61	2335
5533	108	3803
23645	40	22843
2432	58	4483
6824	115	5445
7880	154	1899
1528	90	8482
23057	42	21808
5592	195	22434
8975	42	3603
4455	216	669
4682	61	3971
6018	33	1000
9075	116	6688
7798	13	22735
23886	140	9539
4190	195	8375
23886	140	21083
3194	151	2038
21923	2	6847
24122	42	5923
9430	212	9742
3716	33	21744
22610	130	22025
2025	130	23911
310	154	23980
2764	125	8490
446	42	25204
4338	2	23624
6426	130	21109
2902	18	21804
7088	61	5108
6018	4	1710
5927	2	9626
24484	2	2624
10148	54	3727
6540	206	25497
21932	130	68
3372	212	2047
9415	4	2212
3403	66	7743
6504	195	9259
2254	201	4083
602	61	8675
1877	130	5383
1509	42	22866
25453	131	6360
5253	40	10176
23772	42	3896
1493	125	2512
2415	125	21330
23455	108	23734
4042	204	7337
4973	125	4564
23470	195	1499
3565	151	109
1512	204	21791
25252	130	7263
4703	125	9447
6789	116	23185
2210	150	10413
6324	7	3543
22898	102	9706
24505	40	22596
4923	212	22994
4932	90	1908
25326	101	22588
24376	61	4154
5316	12	5271
2662	12	2809
21219	66	815
1670	61	1356
4838	33	337
3032	4	8139
24088	108	5383
8566	42	23279
4357	4	9742
5379	154	5383
7420	40	7477
22452	42	8356
21679	212	7879
1448	42	2941
9775	61	8194
2704	18	5854
23907	108	25211
7767	60	5671
21336	13	8998
23680	148	24743
7543	2	1636
22965	56	24485
21859	42	9818
21272	61	23527
7109	216	1899
3764	61	3664
7805	2	4695
9129	40	9082
10285	90	10184
21835	195	24437
23562	42	8999
6314	216	1899
1244	18	22177
258	42	6339
22460	206	4001
22313	216	24629
3457	18	6547
21829	4	21829
23697	40	8319
6258	12	4769
7482	42	5531
36	4	2035
2241	56	725
3361	7	7389
710	140	21083
5552	40	1097
23663	18	5217
4278	61	9245
22662	4	2472
390	2	3885
5430	213	3985
9620	42	22999
6670	42	9100
8712	42	6104
21002	169	6578
6338	42	21076
9334	195	22809
8167	14	23793
6345	61	24376
22738	42	4693
631	2	8357
22737	18	9752
4855	204	24629
21178	130	23004
21254	40	2504
6657	13	3001
1454	216	3685
6802	120	24712
7150	18	3119
3006	4	22698
7881	212	5062
22194	42	8492
23948	90	2592
6346	154	24629
2342	61	6550
10389	108	6404
2261	42	5958
7709	18	3986
23580	216	1899
21664	11	10364
22751	40	21168
24216	131	1060
1314	42	23549
24728	42	21491
8293	18	2671
1477	18	22495
420	212	21063
8603	96	4702
5183	2	22231
8711	18	24368
21023	2	1399
4061	154	769
5489	216	1899
6857	216	21791
2460	7	23488
6961	108	21109
145	88	2524
10406	83	6358
5035	7	3265
6600	201	21660
2890	33	22485
8628	96	21976
6656	154	9120
24803	130	5383
6770	212	2269
3478	42	1106
8599	125	9801
22735	15	5383
6089	42	1766
24767	96	9395
23386	13	9463
23774	130	9675
23245	116	7408
8701	2	9742
22603	42	4813
1765	173	22151
22322	7	7077
4685	33	5992
21951	13	9463
525	42	6203
2249	116	7408
21722	18	9715
24112	18	4288
182	7	2685
25349	116	5300
4908	18	24102
21387	12	5450
23363	7	9616
7166	125	7814
10434	130	2441
4498	125	21623
4446	131	6500
8779	125	24444
22562	130	4421
7625	99	5813
9392	4	6352
8024	216	1899
24664	125	5351
3252	18	7762
7251	42	2304
5045	216	1899
23504	2	2512
3992	42	22787
21768	2	8940
5436	33	6201
7196	4	22211
6830	40	397
1237	130	23913
3611	18	8433
1817	42	22317
4647	134	24200
3037	131	4143
22480	125	23791
364	40	5830
22046	18	4348
5353	204	21791
24581	13	8998
23899	130	23978
2348	130	1651
21140	61	3427
23280	18	22392
23660	18	1728
4550	2	23
23991	131	4463
5936	33	1000
21333	42	10408
2284	125	8490
5427	61	2439
573	42	3551
22525	18	9873
21930	108	3936
1406	2	5401
7912	130	21583
4715	130	6944
23580	18	23834
2897	18	25381
1098	14	24485
1140	33	21744
9896	2	3881
5707	33	21623
22126	212	7728
21149	130	5383
3217	2	22613
22043	216	3718
9434	4	21528
21578	18	403
1680	2	6595
1658	125	22613
2072	2	25032
7294	40	1582
10198	130	7263
8927	99	7953
24709	18	23058
5012	2	24365
6592	90	529
25492	130	760
888	175	3273
10005	130	24717
5684	2	22762
1419	130	22630
2259	212	23825
8320	40	8702
9575	61	2542
8084	102	3750
3889	2	860
3360	212	5236
3683	42	63
7660	40	5465
25259	171	2018
9930	90	5896
23581	154	23734
9438	195	5767
7790	33	6119
24884	42	23621
23963	33	230
23789	18	5263
21416	152	336
7144	18	1278
2420	116	7408
2585	2	4256
1661	18	8764
646	125	6352
9297	18	2233
8204	18	24592
2854	61	4415
24148	61	1162
1242	18	3219
917	199	23686
6622	33	9804
24652	130	2311
21792	42	23930
23663	18	1801
25296	2	23714
1924	216	1899
9912	18	9190
21309	18	8079
7291	33	7291
2080	130	2858
1575	18	7826
21341	61	8378
1073	18	1007
23719	4	7455
1250	13	9463
6562	4	4915
6728	2	1000
23789	18	7722
6088	42	9615
23791	195	1744
21039	18	8051
24600	18	23939
8667	140	9199
4333	42	6531
22885	16	7384
9437	2	5653
5460	206	21440
6117	90	5280
8918	102	25041
5549	56	10269
23566	4	2449
1118	130	4728
6492	42	10063
3127	216	1839
24925	42	3551
1680	116	5300
7616	192	3803
10010	11	1355
21571	2	9642
24997	213	25475
9122	42	8565
295	175	22905
23118	61	5768
25085	18	57
10476	130	7337
24490	42	7679
22430	213	6727
5029	212	4769
9528	108	21109
2281	18	8502
22833	199	2826
1290	7	10027
23341	18	8171
4134	61	25464
2513	2	4116
9824	61	3781
25050	102	1044
5002	18	8293
5458	18	82
24674	204	5349
9598	42	2536
24271	68	9731
24053	61	6517
3354	18	24442
5719	108	8807
2367	2	7007
24528	140	2146
24702	13	9463
25182	192	725
9146	2	21527
25475	8	2349
1981	42	9742
3632	40	6452
7389	212	4630
9077	130	25211
1392	212	3810
21956	18	3052
1972	152	336
23163	18	5834
2659	181	6498
2631	42	22999
21309	18	23656
22954	42	5829
24867	46	3414
10380	130	25211
3276	216	1899
2833	42	24858
21525	177	7701
23521	42	1215
22676	90	4387
24430	42	24451
23567	130	6663
7523	33	7073
7296	58	24132
21451	13	2523
6557	96	8931
5049	42	1305
21975	4	5926
2895	7	24710
21529	42	8061
781	89	9385
24738	216	1899
7018	18	673
8550	116	6688
4684	7	22296
9544	42	9797
10393	212	9801
9326	121	376
2334	108	6663
23714	130	1641
2692	18	1036
10358	42	3578
8203	104	9957
2979	42	22403
10061	61	24003
4979	99	961
21244	13	9463
4613	40	1886
21408	154	2311
25434	55	22288
3086	130	8807
9399	130	5726
647	42	3242
5840	42	8360
21014	96	5015
393	125	5351
21695	40	1456
23847	2	8139
22508	33	24790
686	181	22971
7717	130	538
10380	130	68
1150	42	23019
6822	116	7408
4001	206	9789
21182	199	5308
8568	4	4469
24863	116	25025
24947	42	7561
5728	90	168
6460	199	3751
8351	40	3643
4696	7	22250
21320	18	9052
5440	90	10094
544	90	3941
9816	182	24321
4651	90	21503
10386	14	721
24860	131	6614
7141	130	21790
6853	130	68
9456	130	5383
24763	2	8851
21634	2	3371
4219	40	9927
22525	18	22067
3650	42	6586
1802	2	23393
22537	61	1086
21113	88	7025
7832	33	10044
9145	212	7073
4659	116	25025
24613	212	3717
25347	18	8293
23405	33	582
4005	134	23588
1936	216	1899
4624	4	1000
2680	4	3968
4018	14	23734
4765	165	74
21812	216	1899
1302	55	22762
8165	7	4248
9776	125	8851
6995	182	25058
8119	131	2198
505	42	7929
4559	2	10065
9174	90	5664
22177	216	1899
7357	108	5383
23202	90	24827
9784	18	4926
861	99	23601
7096	116	7408
1308	147	1652
37	108	25211
24435	201	1595
5683	2	7374
3432	130	21210
2237	206	23650
23224	18	734
6116	148	4165
5620	13	3001
447	216	1899
3459	18	8007
3536	88	8596
1477	18	1801
22657	61	9782
6825	66	10432
23918	58	10026
7476	2	25494
23571	130	8037
23411	130	23477
3619	2	22304
785	42	851
4297	125	9956
7158	4	9714
23497	154	68
22898	131	25108
4576	42	5097
6000	18	24008
4622	2	9804
22524	7	3673
10348	2	24951
5232	18	21273
9651	90	21194
7561	96	23945
7864	4	7969
5806	2	23533
10268	42	10212
23149	2	3120
4063	58	22152
2357	61	2737
4549	33	23437
23765	42	5327
7130	2	6803
4364	2	23393
21262	177	2000
22972	42	22927
9311	130	24629
23678	42	23558
9525	2	336
21923	33	6847
7560	125	5520
25393	154	7819
3983	42	25072
6862	40	9200
21866	42	6118
7641	52	7277
8590	18	9691
24447	108	8807
6270	116	7408
1299	192	25211
22020	96	21046
3096	18	25092
22577	2	4163
10321	125	8851
6120	46	25466
8441	89	9169
8607	7	2070
1316	2	25330
23353	42	8141
21217	2	8851
22108	125	24446
2746	206	5262
4669	130	4421
5573	33	9804
9999	139	4781
9666	33	21623
8590	18	4620
25176	4	7814
7201	33	22335
1382	4	25210
9710	61	9430
3074	154	23980
8154	42	3949
2769	42	692
8076	2	7374
7797	14	22951
9692	96	7811
2836	204	7767
6925	18	9901
2700	42	5642
23379	216	1899
21388	12	3616
2332	18	2260
8662	42	23381
3408	216	1899
24562	11	6705
4571	61	25112
8378	33	8851
25116	18	1130
2992	212	7133
10242	116	25025
6928	42	8691
7939	54	4795
5862	33	22613
6519	84	3718
24350	40	3280
3815	18	24474
22048	154	7967
7908	130	4842
24068	13	22735
10246	130	3244
3734	42	2232
3618	66	8691
8888	42	23726
9137	125	9801
23641	90	3274
25121	2	8761
21621	125	23391
25389	117	22951
395	90	6967
8168	41	21714
6753	120	9442
6057	97	4497
23036	130	21791
24970	18	8693
2584	58	1309
21961	42	10426
24610	154	4421
24165	18	10141
21917	90	10470
3973	2	8981
9448	125	6387
22964	130	5383
320	175	4546
25250	42	509
6978	4	21304
1838	33	8851
10116	7	1210
8465	216	376
10165	66	10180
8712	2	21501
9580	154	21210
2616	2	1246
1132	42	23721
85	42	1360
3128	130	68
7688	4	508
489	7	10014
22815	125	22414
4474	56	22549
1055	130	266
257	18	6131
3311	108	10095
5644	7	5222
4963	130	2682
22077	204	6127
9083	18	22357
3141	40	22375
126	42	7268
8617	10	1928
23642	43	24485
8727	42	7606
2791	98	23555
25129	40	8055
10432	66	25048
6075	216	1899
3299	2	5992
24335	42	4689
22124	116	25025
5241	130	23136
25295	108	25211
6509	18	8764
5647	33	7073
4849	18	4242
3773	90	5796
4291	154	25211
21784	181	22418
9539	56	24485
5467	2	8842
9987	116	5300
1751	42	10068
4418	98	538
7016	42	693
9279	61	24274
2381	2	21440
2062	108	23309
1611	61	5038
8453	42	24449
1763	40	24722
7064	42	25461
5322	42	5342
7765	216	1899
24735	29	2971
1311	33	5055
24689	131	5990
24397	42	22634
1416	212	22994
6941	130	22630
5871	154	1075
25210	195	3780
10201	33	1055
2420	42	21428
24261	46	3557
1414	154	5349
5985	90	901
23513	102	4598
6270	42	9625
21274	2	3580
9793	154	21791
8788	63	5300
23793	103	2441
7513	33	9965
22493	33	1867
7264	216	1899
429	7	23856
8502	18	7399
24023	98	5383
4936	154	22235
6930	195	5767
1551	108	23734
107	7	21084
4764	148	3089
24197	140	3538
22991	154	68
24045	42	10381
6075	18	23705
22895	96	23023
22258	90	9398
22019	4	5926
3468	2	10065
22082	7	4559
2382	42	7517
24278	89	9385
235	61	3804
7246	89	24351
5453	72	7068
7050	7	5828
9785	7	1528
3982	42	21691
23187	192	23140
8634	61	22074
22011	116	5300
9480	21	24629
7157	196	3904
5200	61	4629
9769	130	6101
24304	42	6595
2694	2	7814
24663	98	24400
4701	42	8628
24903	2	4024
7698	7	21941
6762	216	3803
6871	18	9481
9447	14	25211
3618	96	2911
4274	4	22613
3470	42	23117
5007	154	6663
8258	40	1648
914	18	1559
5712	2	10040
24481	80	4665
1889	42	21757
33	2	6065
3090	216	1899
23313	42	3442
24977	131	8865
5124	42	22415
8088	40	8139
23987	89	3369
9626	195	3881
408	98	23734
1952	98	5947
24982	4	3670
21185	102	21628
22638	125	8851
10318	108	5383
24825	130	721
10056	61	4312
24836	66	7438
2151	61	1802
1368	4	22147
3884	42	7462
22059	13	8998
245	7	76
9284	42	23387
1090	61	24895
210	61	3311
1983	18	8042
6730	42	23348
24006	61	10221
25436	212	5248
9806	2	21351
23148	42	21275
122	18	23379
23616	2	9335
23338	40	7029
21843	216	1899
3069	42	25297
23053	2	5127
24553	4	24722
7100	46	25466
21508	147	6273
985	130	286
24531	140	6127
8412	42	9842
5755	42	9518
1849	33	175
6715	4	7927
25478	42	23910
1993	212	2212
1560	120	2146
4425	108	6663
22568	61	23671
21081	192	25211
677	36	7690
6654	90	9666
24736	212	23
1578	142	5349
5347	61	21561
3894	216	1899
10196	42	5807
7330	42	733
3262	18	10256
5449	212	4181
3359	130	23980
23441	4	24801
22491	61	6962
2136	42	22733
1187	4	7374
2209	154	5940
24656	33	22032
5778	18	7397
9226	2	2024
439	130	8807
25212	116	6688
8830	90	5022
7216	2	2624
7695	42	787
3788	177	9082
385	2	1737
3139	42	25074
5577	42	3016
25329	42	5894
5820	2	23650
2163	102	22095
21269	4	1232
21684	213	22881
186	90	8827
21728	42	9615
9104	2	23393
2899	90	9547
4385	204	21791
23863	42	3949
10093	90	25106
6058	2	22960
3869	61	3175
7239	42	8103
23524	33	4630
21960	2	8851
25217	31	24128
24490	2	23359
130	18	24136
7926	2	24784
21719	42	2860
631	61	21163
21782	4	9714
1847	90	1465
8960	4	3670
9843	130	21790
586	130	21791
21096	4	8431
22197	5	22992
8489	88	3309
6534	42	8104
6741	42	10004
5324	96	450
22903	2	23817
8752	27	4842
23804	206	5339
7779	195	3649
25168	108	25211
1166	204	22905
23128	42	7946
10436	18	6861
22998	11	22158
7348	130	538
2440	116	5300
9078	130	3936
25285	216	1899
2177	42	5504
2158	149	23491
1161	18	6925
23987	14	5383
21492	130	6003
22431	7	4823
1376	90	4382
6609	60	4766
6543	66	4724
5880	61	23294
21412	216	1899
4711	125	962
4205	18	7273
23833	42	5087
2109	116	1238
6647	206	25392
24039	18	1036
22013	201	7575
7715	12	22374
9070	90	116
1992	40	23654
1807	125	309
2159	2	8423
23379	18	122
2961	96	2015
6994	125	3670
9517	66	24764
25129	97	2358
6611	42	5355
6764	195	9403
8931	58	8971
21998	2	22414
8593	7	5208
7627	61	1902
21823	215	4374
2923	18	24907
8523	61	24228
1017	4	1883
21961	40	4638
7774	142	1899
4048	18	21131
7259	2	21063
7027	195	22032
21980	2	21440
2029	61	1496
5013	42	7015
23829	24	3240
7432	96	7561
3962	130	5383
9271	4	4774
7501	42	24287
4375	2	3120
6740	131	24381
22271	11	25
10072	61	5812
7957	212	22274
24893	18	7409
10295	18	802
9925	139	860
22323	90	3311
329	58	10026
24962	61	9331
8025	2	3625
6220	33	24469
8810	125	2304
25075	42	8770
25239	18	21057
23926	40	1598
5249	13	3001
1668	90	24902
298	2	5744
2494	61	9473
8064	154	21989
2402	116	25025
23892	130	6663
24392	2	2291
23222	154	21973
9698	42	5092
23132	130	8324
25155	4	24784
247	40	6814
4038	18	22343
4390	212	22176
10286	42	2001
3904	216	22549
6428	90	1186
22530	130	24629
21289	120	24846
1957	4	3670
9173	130	24788
8099	61	7777
22026	7	8162
23758	42	7245
2237	206	175
1861	42	3997
5605	90	9983
58	206	25494
2467	212	336
10342	96	1745
24800	89	10135
4001	195	6847
6077	90	2051
7423	81	23086
2101	2	22613
22721	130	1075
10335	4	6052
23961	7	4789
3464	42	3
24857	154	721
6469	10	23036
4952	216	1899
24399	55	1629
7650	18	7710
8225	66	4524
9736	216	22549
9442	56	23793
7617	42	23910
23345	42	21053
24275	206	21396
23867	199	1149
9760	61	24981
6329	96	1305
23372	18	4759
2835	40	1727
22061	58	4120
9803	148	3565
5149	2	8000
7475	42	9642
21772	130	1560
3487	4	24599
8857	2	5551
8853	131	23666
4006	125	24764
23855	4	1232
5036	4	5062
9371	134	22481
8745	212	8148
3843	154	68
8293	18	7471
21734	130	8970
666	116	6752
7820	42	6499
3552	42	2258
1126	18	24474
25189	216	1899
6696	2	23505
23664	42	22727
745	40	7717
6284	42	6771
24686	154	4500
25182	192	24043
2841	42	7834
24565	42	8141
21619	2	5830
21233	90	4696
10347	42	6100
6607	89	24118
5107	58	22115
25368	130	24364
10294	151	22539
1267	33	2304
54	96	23928
4379	18	23184
959	42	7934
6019	4	2506
2817	89	2188
25261	134	9623
9372	130	6255
244	42	2250
786	130	2175
21066	125	22176
4701	42	9107
24644	42	6798
21647	61	9693
22184	18	10314
6625	42	3533
5605	7	23120
21326	42	2161
23651	18	3924
4361	90	23122
7436	18	297
25040	89	4179
424	130	23868
1957	7	22842
5885	2	1952
22944	90	23399
2252	42	23411
6196	177	25208
8002	4	1799
2931	61	8782
21100	90	3889
24978	61	1063
23662	196	8023
24495	2	1571
1715	108	68
22067	18	4130
5277	42	7813
8115	33	337
4603	7	883
24572	100	799
3753	42	2535
6980	61	24780
5831	212	9965
23738	116	6752
8453	42	2539
4884	13	9463
23423	147	2015
22884	90	24100
8181	18	25189
25138	18	7742
8018	108	23978
1	125	8143
9234	7	2818
5564	40	5396
9384	2	9207
8932	130	721
24581	195	6119
21181	40	4112
3888	90	5987
21683	33	24133
270	108	6282
24701	42	25133
4054	2	2546
25497	98	9581
6694	4	3670
21586	151	24823
5605	108	3492
2675	18	510
4151	195	22020
2480	42	24901
22767	7	6457
5818	18	4663
3401	195	23973
2615	42	25145
4105	42	5504
4856	40	23022
6546	4	1000
2651	42	23685
8645	125	9334
22509	90	23982
9322	42	9920
5016	61	6875
295	130	1222
5754	42	6598
9635	42	6595
22291	42	3258
21703	18	4184
4646	42	2002
22373	130	24043
7474	40	6130
21755	125	3719
22349	42	817
1031	216	1899
9741	42	7561
23174	90	1363
5443	130	5383
24701	149	3785
3743	42	1298
997	56	24485
4428	116	6752
22526	108	8807
24039	18	9867
1786	131	21339
904	42	9121
1537	212	6532
25292	125	1108
10447	7	25406
7972	25	21791
24771	42	8845
22321	108	23734
8388	42	4098
22255	42	6496
1260	14	23734
6252	199	22375
1964	55	8788
21111	130	5383
1373	96	21157
9598	42	3949
2066	18	7273
6881	61	24231
3170	4	10418
24898	13	5300
5181	130	753
22540	130	22951
10016	18	3848
752	212	22964
22662	7	9313
25380	18	4431
7188	131	1439
542	12	22923
4065	42	6391
5442	42	653
2570	61	24630
3718	60	21704
3612	131	25275
21307	4	8139
1102	125	22176
23392	154	8807
23270	7	2992
3806	18	9477
23175	93	8746
10059	18	8692
2331	125	10044
7360	192	4611
6677	154	8630
8255	204	669
7090	216	1899
4068	41	21238
9458	42	8845
5459	154	24629
705	42	693
22775	61	21048
1077	61	916
8658	40	25450
7675	130	68
4332	18	22249
2742	42	9704
4500	103	2046
1365	21	2765
21523	119	8100
4216	42	21848
4688	14	25211
22857	2	3922
10045	90	22345
50	2	10381
9536	40	3957
7773	18	24893
21006	14	23998
5880	90	8487
5840	4	6276
6075	18	4431
4229	42	9595
1714	61	9096
1442	125	9965
6712	125	5919
24599	195	9804
9783	61	10389
6551	154	23140
25383	216	1899
8296	154	8630
23107	130	8037
2526	12	4341
9549	42	21243
420	61	2243
24526	42	4755
24637	154	25211
9532	212	23973
5730	130	5955
3163	90	808
6493	42	5355
9782	90	22657
6485	2	5926
24401	33	22414
8589	108	8924
23673	61	25096
8322	88	22989
2326	61	4102
21089	42	2296
3961	42	10228
5780	40	24443
24132	42	2399
10337	42	7622
495	40	21637
21426	42	7056
9764	42	5202
5152	90	4482
8580	42	4904
8221	125	23391
9219	206	22963
24774	33	22613
3289	18	1251
7677	90	3235
9833	14	22951
4442	130	1839
2283	154	2441
10236	177	8663
7064	42	933
25458	18	4574
5697	108	5940
3790	154	25211
8358	201	9488
621	216	1899
8661	130	8807
6537	195	3810
22673	89	7531
25120	18	9205
2078	90	385
1988	7	10062
5285	102	8127
25313	89	24949
2892	125	22414
1152	35	23193
25207	40	4774
22801	213	21756
22070	18	22933
10431	42	8860
1739	130	301
23017	61	24903
21613	125	9522
6037	216	1899
5952	116	25025
25010	134	22481
22590	116	5300
8971	42	22076
98	108	25211
25273	125	24133
2925	206	7918
1473	7	5722
23175	163	23175
2520	130	8739
21489	175	7239
7035	216	1899
4946	125	9804
23177	42	1181
9693	2	8761
600	4	23333
22495	18	1477
10122	154	7337
10344	14	2491
6180	4	21842
7329	116	7408
7644	4	6544
24237	42	4307
8120	42	6950
5120	212	8357
21468	33	1592
9115	131	8533
25180	18	21057
8625	130	3150
22165	116	6752
23813	15	24968
25055	216	1899
9915	4	21623
7074	154	1560
5928	2	2421
129	40	8850
1900	42	787
297	18	21812
24455	14	5383
10091	42	10068
9504	42	22848
22192	181	68
9432	125	9925
7460	9	7121
24451	175	4676
6761	2	7346
1772	7	21694
23655	2	22228
23830	130	5383
9553	33	1000
10404	61	4892
3870	132	5170
8519	116	25025
24982	7	1828
425	18	6427
9203	2	22414
5577	42	5360
23244	42	747
8517	18	23329
64	4	2304
1240	40	589
3978	61	3606
6868	65	10218
22855	42	1785
2163	96	5585
21061	42	21591
9784	18	21703
4283	125	6207
8333	4	21123
1541	2	10040
4892	125	6352
21304	13	1152
21409	42	8287
3215	81	7580
9599	206	23783
22672	142	22905
4298	2	9435
515	2	4163
2866	116	6688
3437	42	4655
22280	125	5926
3298	116	25025
25290	7	1226
83	2	25038
1610	4	7374
3730	4	4271
1353	2	4555
9699	18	1556
21449	116	7408
21674	199	821
24775	18	21826
9747	2	7410
1941	175	185
8462	7	7752
24573	42	8983
9072	42	6784
4130	18	1591
22708	2	24784
4651	125	9759
4381	4	23781
8740	111	8037
22156	4	8139
8326	42	9107
3468	2	23124
1688	33	24446
8278	7	22126
23864	115	8926
21564	2	5711
21148	7	3265
3001	192	8630
9853	61	182
29	7	22388
7206	216	4505
4197	89	7531
23700	4	7853
3262	18	22902
8658	42	9286
5319	4	3031
4721	2	902
3322	42	8407
21342	42	949
1946	2	22604
22022	18	8578
10024	4	2015
3081	90	25344
6851	4	2024
161	61	24614
23498	7	21030
21117	42	9505
7327	4	8319
4765	21	8956
24046	154	865
626	42	10374
21129	96	6541
9909	42	8370
1023	42	5829
9913	66	24836
7043	130	23980
6459	18	2829
2403	42	8296
7774	89	6520
7605	42	7430
9791	90	5668
8271	18	835
21528	195	209
23358	216	1899
2254	96	4083
23994	42	23557
3941	2	8490
24989	147	21508
5841	33	9965
5661	130	5383
23238	40	21474
6272	40	9200
3992	46	3557
22879	212	21623
49	96	24262
21123	130	8037
1672	2	1176
9902	18	6037
25017	4	2035
24036	125	9098
4617	42	9713
22993	216	1899
614	42	1204
6888	216	1899
366	90	23977
3583	130	4413
23480	90	5625
6426	130	1839
21834	150	21834
8391	154	578
1413	130	7169
24792	42	23411
568	130	5607
878	2	9447
6083	42	9560
10373	125	5393
5566	18	4959
8684	130	22017
3135	130	9581
24420	154	3150
23850	96	25262
6178	40	23533
2719	42	653
1274	154	5383
3985	124	7597
3238	61	1328
131	18	850
176	4	7078
7404	90	9996
139	42	5312
21570	33	23782
8854	216	3803
22565	96	24913
7240	125	23391
3905	130	5383
4015	130	25211
1176	154	3718
6341	4	5127
24211	18	8051
4582	2	9155
22513	4	24581
1132	2	23721
23725	2	24023
7484	12	21321
21885	4	4902
859	216	21973
6509	216	1899
21128	96	1600
2449	204	22905
3719	65	21763
23985	154	23793
2878	61	23363
7693	90	22175
6307	18	9113
22000	4	7331
24252	90	3012
8356	130	5383
725	103	9751
3597	18	22464
1876	61	7282
8874	192	8037
6764	98	22951
4017	4	9626
1115	40	21199
3872	206	6002
5338	151	6426
22291	2	5517
10059	18	23071
6537	98	21791
21384	148	5889
24740	33	1055
9896	212	3881
10184	61	10285
24357	95	7898
9221	130	68
6272	42	4076
10259	2	4695
6638	42	22999
22892	2	2782
1263	131	5358
4105	42	1255
21967	14	10312
25029	130	5383
2333	102	9726
24160	61	21598
22574	216	1899
7846	130	24862
6598	130	2848
24042	85	8780
24056	130	7385
648	36	6802
3854	154	3145
1603	216	1899
23938	61	25371
21188	154	25211
6563	42	7451
8632	125	22460
1741	116	7408
25338	7	22594
8590	18	24136
8896	2	557
24543	42	4992
25476	2	8761
23867	134	1149
9473	61	4319
6622	2	9804
9741	2	7198
4257	61	726
24954	11	5405
23110	42	5342
21276	4	435
5985	4	8148
21584	33	3023
7845	7	2073
4636	4	10241
5736	125	5351
9965	195	6446
24801	195	6768
21645	212	8761
21446	4	25397
10033	7	3065
8143	65	6639
23783	130	68
1171	212	5992
21885	33	24764
4079	216	1899
4758	72	4258
25113	2	23714
10015	42	2676
1132	12	5551
4829	33	23391
4385	47	21106
9176	42	1089
23489	42	22787
23641	125	6201
8026	33	24001
22119	7	22413
2532	42	8803
24456	2	10165
1246	206	3314
21544	193	3562
22044	2	25330
23370	100	8962
4252	42	7719
6630	46	3349
5879	90	21513
5020	116	6688
145	133	2524
5887	42	742
24106	2	7012
413	61	3170
24779	33	8461
10197	147	21948
23720	2	25330
3154	90	544
9146	42	7606
10098	206	2421
5422	42	3390
22738	42	1189
6896	157	2348
8920	4	2556
2260	216	1899
4119	61	23771
7016	42	22906
7003	154	23734
22349	42	22925
4072	2	10065
7409	18	4819
23189	216	1899
755	4	8232
2727	33	5351
7282	90	1876
3163	33	582
25139	61	6782
1847	4	21744
7658	2	22762
21794	18	21939
610	7	76
7276	42	7015
4886	130	23908
9126	42	22866
21968	4	508
25460	42	6246
22681	42	8610
1633	42	25269
6696	33	7455
138	125	309
2638	98	8627
24771	42	2643
3403	66	23766
2849	42	1540
22692	2	24722
10328	18	24970
1303	90	5612
9886	212	6387
21303	202	331
471	4	24143
21790	81	8037
2254	66	9397
5226	61	9023
21643	2	24975
24512	61	8669
881	61	7727
24184	125	2304
1208	90	9734
1994	90	22753
7369	18	23821
24797	154	5383
24408	130	9367
22049	7	6969
1181	96	7837
3457	18	24008
1440	7	5895
3224	40	9971
2124	2	4163
25435	42	25172
2033	33	9965
1851	130	538
4843	125	9965
929	154	5383
6662	42	8870
3062	7	3789
5552	42	9615
5017	42	23602
4053	130	21082
10274	96	2275
21454	147	1573
6063	90	2822
22760	4	23034
5782	98	6753
7655	4	4902
7092	204	721
7403	46	22725
23954	216	10269
22964	206	25497
23852	61	24669
2116	216	1899
5850	18	23705
23926	42	4076
4353	61	24410
4829	2	4163
3589	90	177
1902	212	25219
23384	7	9343
23218	4	4190
25040	72	7439
2316	2	21406
5155	42	3905
7144	18	2855
2304	89	6106
22241	18	8734
9646	2	8410
24335	40	21199
6927	61	24178
25383	18	1924
10288	2	7469
9803	148	3018
10272	90	22638
902	206	230
5985	7	8745
3016	131	6598
7723	149	25441
1598	130	286
955	61	8900
7519	13	9463
7713	108	23734
6697	130	4421
22479	18	21862
821	180	21674
23559	68	4344
9991	90	23451
9864	18	5818
23076	151	2928
6920	130	22785
7249	90	22756
10452	42	7000
4690	216	721
3387	98	23092
9022	212	23570
4330	18	6459
7071	7	24864
178	13	9463
421	18	4411
23976	42	4491
5427	108	5383
24755	61	1310
21078	116	5300
3238	33	2304
3247	98	23309
3675	12	5690
23254	18	4465
21226	130	769
626	4	2995
5620	206	6119
6772	1	24485
21668	90	1895
283	199	21774
7954	42	8628
22343	18	4038
2264	61	7505
226	96	9841
21157	131	6923
10429	7	1304
23666	96	1933
24151	42	7405
7907	130	8807
1883	130	3926
2133	33	2512
3051	42	22410
10468	130	24629
22307	40	23034
24274	90	9279
24427	212	23817
6144	108	10095
23985	143	4164
24792	116	23185
4645	33	23570
5919	13	3001
22830	42	8480
87	154	10095
3918	18	7682
3264	61	24695
6982	130	724
24612	42	3442
3237	42	25449
24781	212	24023
22110	18	24467
5275	4	22762
5252	61	4482
376	103	8465
6271	47	21106
2093	40	6218
7930	177	1789
4215	42	23830
4265	216	3718
4451	7	9782
21891	4	5926
22092	130	7263
3848	18	1271
2214	40	7869
9910	42	6803
6502	108	23734
3689	42	7871
8484	2	7026
7891	212	22020
5822	42	24033
21857	130	1834
5959	18	23048
4394	33	22335
476	212	2791
6769	4	22015
5977	18	2248
6193	18	4987
8394	18	24147
264	55	21523
3819	18	6400
8449	2	4942
10368	116	6688
2360	130	7263
5795	7	2443
3036	130	3685
980	89	1182
23511	38	22644
5777	4	10039
5589	90	8664
9779	130	23978
24798	151	23250
8727	42	9810
2361	42	9645
9534	46	22725
10195	96	9312
3100	116	6688
8972	42	5779
2951	61	9434
22857	42	23117
3314	195	2102
5510	108	8807
3889	33	24975
5442	40	7639
8151	58	8839
2725	99	23979
9942	130	22951
21470	147	3453
3880	131	7612
1820	2	24784
25320	155	10420
3731	108	5383
22538	102	3400
4213	65	3704
1954	154	23734
21324	4	5127
2345	2	22569
5727	42	796
22802	120	6127
24210	42	1877
23659	2	6171
2511	61	25255
1122	42	9077
7022	42	22762
2855	18	7144
2531	177	7806
21424	42	7238
10373	61	24515
21725	98	25211
8268	154	21791
22458	42	8921
24110	90	4645
21389	61	3518
22659	131	9750
21634	61	6442
22743	216	22644
21794	18	2164
3171	42	10245
5754	42	7696
23414	18	10119
7866	42	1100
454	116	6688
8327	215	4374
22182	125	1412
6861	18	5462
5847	195	22414
4529	130	339
8639	116	25025
24915	18	25135
1291	18	2831
6749	152	2304
2826	180	24132
8238	192	868
3150	60	21288
25299	42	23696
2474	206	24786
4702	130	8807
21921	108	23734
1323	42	5829
8523	2	21763
2051	2	337
23396	42	7833
22315	40	6306
7951	116	5300
2665	18	24380
312	33	7370
24779	125	8461
21588	116	3182
1647	61	4789
22843	98	21790
9333	42	10374
2927	42	8391
244	4	6008
24687	42	23447
4963	102	61
2252	2	24914
8021	130	3150
4712	2	8761
9472	216	1899
9196	33	7073
3944	42	21958
5648	4	9742
5562	40	24264
22067	18	23280
4785	125	10044
2308	130	9117
23550	41	25211
2004	195	21536
2929	2	23047
4384	7	5931
23785	42	22427
2970	131	5317
2600	61	6815
9525	212	336
296	42	23019
5412	131	8910
24830	13	22735
3680	130	301
21449	42	1809
9494	33	1570
7925	140	24846
8550	42	3960
9064	99	1856
22767	2	6680
6453	7	246
8314	38	4842
7823	90	3344
24103	42	5630
5565	18	1650
1349	42	23859
9212	131	23026
7856	42	22786
3018	89	396
4020	4	6145
2058	99	8804
6590	18	23540
55	7	4319
5009	130	24594
1514	31	9312
8891	90	21938
3537	18	3249
5802	4	9426
25319	40	9711
6094	61	329
3592	2	5767
23028	161	5781
3901	33	2421
22127	42	23815
2074	216	1899
738	46	22596
6649	2	25209
1272	33	22994
6262	2	21168
7846	144	25025
5109	130	22785
9870	40	6665
3264	125	2304
21369	90	22248
24293	130	538
3141	42	9704
23620	89	3369
23012	90	951
23195	42	25072
21193	42	22979
5393	206	6157
3199	216	1899
22099	61	6971
5323	216	1560
6678	151	4912
1755	81	24162
3320	108	2471
1449	130	8807
9257	18	9481
989	195	9522
5256	130	6802
24983	42	21491
25136	96	1942
1751	42	7561
6049	131	10134
24802	40	1393
3183	216	22951
23232	42	24851
4767	42	5360
7832	7	25188
25478	42	25074
23375	18	24299
2930	151	9373
2649	130	8807
4526	2	4051
418	14	68
5286	40	23112
377	108	6753
25369	154	7767
21652	2	592
6804	2	644
6320	18	9596
4767	42	572
25352	154	8807
7174	42	23381
7197	61	10469
9862	90	8111
3587	42	7481
5338	130	23734
3081	61	2326
5552	4	6259
24254	130	3150
24218	127	1899
23380	212	22020
8984	61	6181
2204	42	6149
8036	108	5383
23630	130	22951
8201	42	8492
4711	90	8963
5370	130	5383
22886	151	24635
8879	4	22339
672	18	6936
3312	18	4863
3709	125	2421
24475	151	9923
1012	116	5300
8160	2	7961
21316	131	8716
23192	130	3803
6735	154	721
7496	125	24786
6085	42	280
9515	41	24485
2607	72	2453
24012	151	25430
4	4	7078
2528	18	10284
25461	100	22112
22805	18	6062
215	125	9801
23946	18	566
3326	42	2015
6020	4	7029
1782	7	7356
23984	18	24477
1125	61	9845
25356	61	4200
1436	96	7410
10428	89	9034
1734	33	23135
1848	125	2787
21313	116	23185
6367	2	24275
6599	130	5383
7303	102	5934
23944	130	5349
22691	189	21417
1452	40	23654
7468	61	25377
24732	18	22475
24247	116	7408
21033	154	1899
1778	7	24665
5941	42	4076
3314	206	3476
25162	7	8147
25223	10	929
22282	42	1897
6367	90	549
1310	7	8085
3967	216	641
24484	42	949
5001	18	2678
10164	2	1499
25496	125	6352
2399	130	5956
7895	140	24846
5754	42	4036
2071	2	22414
5197	192	8924
1203	7	7888
3265	61	23938
855	2	24563
4517	149	25019
21072	42	3665
25023	216	1899
1641	81	4917
8176	130	25211
6432	199	23079
21992	125	7133
3750	151	23890
8310	154	25211
22882	131	22005
3580	98	4027
8570	18	8153
24664	7	5987
25469	42	316
21213	90	1847
4439	131	9800
3529	42	6391
2167	42	9318
8942	125	7814
22617	33	22081
3975	90	1937
24539	99	1856
5417	90	24036
23648	18	8671
21318	216	1899
8831	116	5300
3070	4	10418
3316	96	3774
9405	42	25264
2393	125	3719
23435	7	1984
8853	96	22153
5391	4	22762
8891	125	7814
5990	131	4247
10166	2	9098
3439	18	6078
24514	195	5393
24849	2	4181
2849	4	5830
586	96	10100
24360	130	10181
5894	130	5947
7995	2	5661
2754	40	23686
3606	61	4796
22176	65	9742
502	4	508
7660	42	2536
8399	4	9108
4926	216	1899
10264	42	24051
24081	42	7000
2829	18	9873
25075	2	2701
10215	42	23667
8637	108	68
22586	4	24955
24169	18	6343
6256	18	82
8164	72	622
501	42	10212
708	41	22549
10130	13	9463
23058	174	21505
1307	152	2304
3702	96	22294
2173	18	25439
827	116	7408
8549	212	25494
6964	151	6820
10303	90	10497
22560	154	721
8724	130	721
1766	130	23734
6579	199	3031
25296	4	23714
5255	12	1794
21788	2	9742
7319	130	5947
1844	18	24325
5114	90	5715
21892	42	2751
25067	42	404
1477	18	719
2243	61	2875
2055	116	2605
152	115	10437
24994	18	3537
968	116	7408
5228	154	24629
25360	2	21625
22402	4	7469
23523	40	9615
9781	195	23817
4759	18	21303
853	130	21790
24804	212	25431
21200	147	7905
7674	33	3881
24569	18	1844
7581	154	5349
3646	125	6352
5572	4	2484
24592	18	9477
8714	216	1899
23273	130	6115
6968	42	1483
6485	2	24548
9323	14	24745
9093	130	5940
24624	42	3198
9187	18	9622
24144	7	21729
6862	42	23382
4691	201	7601
25445	90	22900
23480	7	6181
21351	130	21790
24514	195	23804
3805	42	9642
25005	177	2194
24009	116	5300
2247	116	7408
4284	4	9948
5982	181	1411
129	2	1449
22815	125	7814
5333	125	1249
23681	212	22964
2922	42	8946
9620	40	24914
7331	195	5992
25153	13	3001
10184	7	24892
6641	42	8432
24503	18	10059
21009	40	8936
8486	31	24128
6148	42	6337
8797	212	21646
23414	216	1899
34	154	5383
5299	125	7073
21375	116	8100
8111	125	6201
24030	40	2442
2730	13	9463
3850	165	22718
24086	42	6860
7987	2	9193
23544	33	23391
1246	206	5926
21788	125	9742
21844	4	4781
7916	206	58
6808	2	7408
22711	212	21623
8353	130	2682
24974	90	487
22749	180	23864
22139	40	6396
5060	18	1057
3007	4	6387
5316	42	24973
4461	131	22212
1933	96	23666
2671	18	7803
5447	90	22444
8772	2	3670
803	7	24327
23677	18	8516
6596	61	483
23842	204	3150
4050	42	996
7002	42	22866
8959	130	8512
21730	18	403
9599	206	22434
9615	201	5556
21156	40	1985
22056	140	6621
7795	212	7011
1988	33	4001
9766	130	1405
1359	125	7455
6759	33	24663
24946	2	22231
23521	4	1393
7163	159	24364
5305	116	25025
2260	18	5692
22418	16	10312
5806	42	22105
8883	130	538
6838	89	8186
610	33	2512
1287	42	6841
5234	115	2982
4922	177	5271
10110	90	21469
2452	33	6201
23981	42	40
1716	2	8761
5558	142	7767
10414	18	6742
6734	173	5682
1835	42	6187
24839	33	21063
2648	42	5807
4076	14	25211
24074	90	22208
21422	4	1337
1494	61	9547
1936	18	24311
4790	4	4942
4720	7	3211
23336	154	68
6650	2	1737
22488	42	2211
23844	18	1244
6694	2	22032
22221	61	8731
3143	125	9801
4325	42	5407
699	61	6801
10274	131	2691
3929	154	22689
9387	116	25025
24899	2	5196
22483	154	23793
2273	2	1570
2880	2	919
10167	12	22374
4994	33	24790
10395	42	22198
6278	18	21759
7914	125	10044
24034	18	22475
957	130	8854
7907	154	25211
21651	2	5617
2224	154	22630
22278	212	3881
22784	212	24172
2955	33	9925
23934	18	24049
5011	90	7838
6677	98	1075
21850	42	23310
7721	18	5616
6547	18	3071
1418	42	2373
23934	18	6121
4554	18	10436
2814	130	21973
9640	154	23356
5968	42	3278
9126	40	252
5271	130	1903
1437	180	2851
1748	154	23140
9236	4	405
21125	2	3048
10170	154	23140
5952	42	23910
3367	40	23769
111	130	22630
23434	131	21902
114	18	10376
7192	7	23940
1833	90	6834
1882	33	21330
6176	125	22631
7003	147	9988
24822	42	6118
1754	195	9801
5737	116	6688
399	42	22649
425	18	23121
5546	2	6052
24804	108	7263
25390	42	9615
1603	18	3559
21835	13	22735
9051	4	4201
1898	108	25211
21423	108	5383
24825	191	1693
2422	4	6259
8800	130	2471
422	42	22112
6713	216	1899
21528	206	4001
6420	125	1055
3217	4	22613
22732	40	2442
21942	154	8956
8576	216	1899
24190	38	6802
6413	42	815
1388	42	10228
3314	195	3476
2056	130	21556
23573	100	4817
24261	216	721
9394	18	23341
21081	70	5698
3518	7	1828
6375	89	24205
806	18	7057
6673	18	2281
6512	212	3375
7541	96	22005
9411	42	3643
7506	18	23100
21852	61	21487
21546	118	5776
3677	130	8807
7996	31	24128
103	203	1513
22675	18	4872
5161	90	1668
8136	130	5383
24316	125	24790
22104	206	9058
7189	18	6859
22350	99	1856
25187	41	4064
1239	99	9480
5005	42	10225
10384	42	3643
6656	151	4041
172	165	24719
4882	216	1899
188	90	8297
3644	154	2682
6288	7	5184
3358	154	23159
9561	42	24098
21747	4	24722
2401	212	22762
5171	55	9571
10151	42	2232
23291	154	22905
6816	154	6101
5548	42	5196
8902	42	939
667	88	821
1546	96	9287
2794	14	25211
6037	18	3489
22134	42	1082
23747	42	21250
196	130	3269
22925	96	3129
6354	46	3349
7405	130	3936
22959	2	22613
1862	216	3150
8598	42	21428
7629	216	1899
4441	90	23963
9971	130	286
3655	154	22235
405	195	3247
5034	130	22785
21746	14	21210
8251	130	7580
1279	18	2543
23223	90	4792
6227	4	6429
24936	90	182
21103	4	22843
24344	98	4027
23435	2	25234
4329	90	22784
25177	18	23307
22847	152	336
25429	66	662
25217	191	3865
23131	18	6320
22215	90	23343
1203	90	23326
1458	100	2504
22407	98	23734
10470	90	8115
23917	212	9801
9705	108	25211
8325	42	6304
893	140	4090
2023	4	4902
7815	149	5639
884	116	7408
1410	18	10311
3543	2	9801
9758	18	4046
1967	42	9296
7038	42	23621
22938	154	3803
24512	33	9965
9921	42	8610
7065	61	21565
9620	42	1436
23212	42	5167
10079	216	1899
22670	42	2502
6363	154	22951
1410	216	1899
23527	90	21272
24568	61	9936
21782	42	25449
3924	18	25383
2571	42	747
22035	154	5113
9569	4	25268
23547	2	8490
10439	4	2015
3105	40	23533
23178	116	3281
518	2	22604
3564	14	25211
4577	2	3476
2940	154	24629
4226	42	23696
5190	216	1899
9665	212	23791
8093	53	24788
2990	56	21289
24503	18	24893
224	102	2186
22964	195	22116
22885	103	23325
4559	2	5241
23507	18	6091
7235	165	2058
4436	18	21957
24751	130	25211
22163	7	5668
333	140	2997
8649	61	6623
822	134	23588
10164	108	5383
1466	125	9759
3005	4	25013
24132	88	10007
1857	130	68
22215	212	22116
21528	206	22460
9036	130	8807
8417	212	1952
1754	154	1831
23817	195	5617
22774	4	5127
1225	154	21989
23890	72	2453
7230	2	23124
22638	33	8851
23986	13	9463
6903	115	23169
9840	130	7538
1053	96	23838
9439	130	22630
568	151	3952
4375	61	25244
25456	130	22225
4332	18	8618
9425	216	1899
23312	12	7979
22285	116	6688
22123	125	1570
4681	7	21095
7720	42	10408
2767	4	24599
4720	4	9884
10460	99	3210
2460	33	1000
6989	18	5458
8462	90	21173
732	90	7343
7546	2	8829
7964	125	5351
6623	90	8649
3385	116	25025
23351	125	8851
496	2	3247
2104	18	9995
22504	42	293
5995	7	5184
24217	90	21486
1051	2	7853
24697	42	24002
4924	125	1108
913	108	68
744	4	8642
9682	61	23958
4544	131	8947
8555	36	3150
23088	7	22028
7612	130	2495
2149	42	21524
7078	206	24469
713	18	9784
21820	2	24975
10389	90	9783
1253	212	4360
6485	2	7243
6557	201	8931
8424	33	6201
1722	90	6487
1908	7	22608
3732	212	4927
131	18	22363
172	165	2058
3963	4	8458
9593	116	6688
9186	212	2304
25290	125	4360
9223	88	9623
2249	42	7025
6309	125	5351
10316	2	336
7431	90	9157
2805	4	3209
22803	96	3517
5109	154	21790
7787	130	8037
8283	4	21864
21531	42	9566
24965	130	23309
5438	130	8807
6726	212	6201
3367	177	5169
21810	130	1903
7826	18	4184
21044	46	2554
22634	130	5383
2600	212	3810
1314	42	7679
8468	42	9501
4784	2	22434
5999	108	5383
9427	100	22461
22247	40	6786
855	40	3157
4714	2	3670
23751	154	22298
7262	2	3670
21278	130	7337
5394	130	21973
2136	42	22186
7641	134	2868
4105	116	25102
1653	130	1651
1587	173	3763
24410	212	9447
7699	18	6852
23688	61	7941
2711	42	24092
5763	195	1108
3959	216	24629
24448	216	1899
7861	130	3803
24790	14	8512
3943	33	21627
21309	18	8526
9918	154	8807
676	84	21210
4082	90	5110
8320	4	6306
8481	125	8357
9258	7	23938
5846	96	4041
6089	42	24800
5321	40	7869
1411	74	4258
855	12	23909
4757	198	6958
24866	116	5300
22094	97	3704
879	115	10228
25084	42	22403
5967	154	8807
23298	42	21419
4950	42	2020
1166	154	22905
1743	18	9572
9574	42	54
5943	4	2907
22029	40	10185
5679	108	22298
7219	195	22409
30	131	7700
5543	42	5359
23404	130	7337
327	18	24136
1439	131	21315
3716	61	1465
25421	204	21791
30	131	23526
6939	2	8761
6145	175	4020
8699	40	9841
22765	2	2024
22124	42	3949
9245	4	582
3589	33	6201
6390	192	25211
24227	2	9259
5345	130	24594
5911	4	9082
1123	90	9273
8926	130	23309
23796	216	1899
1112	2	4181
21121	18	23834
9947	42	23156
22048	131	23347
10254	4	5622
23826	130	5383
9179	42	6009
3781	4	1000
3948	61	21778
21217	7	10017
24816	125	8851
6217	18	2069
9939	165	4822
21649	130	2491
3724	116	25025
8848	2	10025
5182	154	25211
22221	90	21542
7814	195	6768
3975	212	5262
22495	216	1899
7891	2	22020
10132	88	24922
22305	125	22994
7280	42	22450
4976	195	22020
168	33	6190
8707	18	4221
2235	7	25406
9444	18	3611
3335	4	25361
24531	140	24766
9802	42	21999
6662	42	6798
25350	2	21406
24293	195	7455
21700	4	4774
5525	90	21655
22869	2	4181
22306	100	324
1777	90	8867
4379	18	3713
22934	125	3625
1848	2	2787
9697	130	25
1080	2	8851
8279	125	24730
24446	139	1720
23086	216	22951
9470	42	22615
7861	131	22024
22547	131	2518
5865	212	25363
8369	108	2441
5293	81	710
3272	154	23793
6082	40	22573
5554	40	1783
2551	2	6814
21650	42	24841
2747	89	9251
23776	42	23742
6021	42	21428
412	61	3395
21029	42	4688
5935	42	1305
10002	2	3120
8163	13	9463
485	42	4025
2900	89	3369
6801	212	6146
7135	7	2154
22451	61	22263
2901	42	9235
4051	154	5383
10048	212	22176
3806	216	1899
4820	61	3067
22805	216	1899
23197	2	24975
22881	130	7572
21409	42	5797
3800	2	24909
22612	100	4886
6258	42	4491
6460	215	1964
2675	18	23499
3604	42	9162
21571	46	8754
24405	115	267
21247	99	8454
1291	18	1031
9487	125	21623
24171	111	3183
6337	130	8807
8867	125	22460
7691	140	22965
22135	61	2379
3778	61	8503
23638	2	1510
23345	42	3128
22127	42	23000
22117	116	25025
24806	4	9626
21802	18	5448
5590	177	445
909	213	24438
6484	2	8996
24582	4	23034
3196	40	4524
22953	61	25487
1353	12	22374
3824	2	5517
22101	2	3670
7545	90	9872
573	2	23018
21357	18	1743
7997	147	2088
9848	154	7847
842	4	5127
6361	216	1899
6504	195	24886
5951	33	22613
9938	116	25025
25140	130	5032
5086	116	5300
7844	42	23013
5477	130	8037
21858	151	8127
22312	2	6843
21153	130	1705
7372	18	25154
8021	154	23309
23027	172	23373
9274	2	25450
9127	4	742
1491	61	24294
23671	125	3719
465	154	68
2919	125	23714
5921	90	8817
1342	18	4754
526	116	25025
3988	90	2019
7341	90	23950
2833	4	3603
21896	42	7787
8475	216	1899
9151	2	23151
8397	130	1527
7163	15	24364
21396	195	21427
7689	42	8479
24384	18	9394
9970	216	1899
2712	38	22549
23791	195	9965
9394	18	24384
9781	206	21846
3674	2	23585
23707	154	3150
4116	98	21790
5931	90	5799
23699	116	7408
9813	116	7408
25046	130	641
5645	33	8851
5168	131	4963
21676	2	7853
7127	125	10044
3651	40	4915
10178	41	7512
4266	33	9522
3217	125	22613
10414	18	25277
5778	18	24380
1713	42	985
2007	90	2996
21859	42	2161
9567	42	10458
21381	90	23073
5572	33	797
8408	173	3763
6311	24	8494
23835	42	6599
2191	212	24975
9799	42	288
10255	154	2682
6448	131	49
1011	154	8807
2498	90	23029
1270	7	3531
461	2	7395
5945	42	1401
9280	116	8100
8708	130	8912
2599	90	2815
10103	216	1899
10058	42	4328
7148	42	2544
9270	90	24011
25069	42	22075
4807	216	721
22062	130	21791
7689	46	21114
918	42	7756
6035	125	8493
2729	131	9178
3487	2	9804
5042	2	6134
1034	116	5300
729	116	8100
23723	81	68
10382	154	8630
1020	154	8037
23817	98	23723
21132	216	10269
24502	7	9555
8277	42	1436
6576	206	2421
21349	61	8506
7508	61	1511
2240	154	641
10446	42	3603
6542	90	2933
9558	130	4725
7058	203	9700
398	88	7559
603	90	942
9224	42	8843
9797	154	8807
31	90	7857
3772	154	756
10038	40	25373
21456	116	5300
24493	42	5080
22883	204	21791
2200	18	2991
6964	130	4881
4527	130	6709
9784	18	8288
21894	90	8701
7612	96	4260
22625	130	23092
5266	154	8807
5277	42	21172
4849	18	24842
2802	40	8384
24439	42	8507
24053	125	1570
5525	2	8761
4899	42	7912
21503	7	3078
5770	212	3719
21983	40	3129
4742	7	2008
2489	191	7659
23814	96	3180
21792	42	5126
3462	131	21662
4762	42	2221
22828	108	5383
24637	130	7580
2683	212	1952
9095	42	24254
8270	130	22630
2402	42	1577
21298	42	21947
2887	130	5702
4547	42	7433
8865	131	24896
9416	4	22
5222	90	21640
9489	154	22017
9684	90	4339
21858	131	8127
21475	212	21646
23915	2	4163
22475	18	1271
6629	108	25211
5489	18	25409
24120	18	22933
24783	61	5154
5139	40	22739
23514	42	6159
658	212	3544
9418	61	23736
1434	199	21488
2468	125	5463
9219	195	7916
8295	2	22762
25113	2	8410
4715	96	8533
21609	42	22176
3749	38	23793
5372	42	5368
3033	102	7188
24888	7	3323
3712	61	8059
5376	33	6352
5751	216	8956
59	33	23236
10274	151	1414
9164	42	3728
380	40	7949
924	199	2826
9336	135	23734
21456	42	1864
7887	108	68
8776	154	25211
6924	60	24128
369	4	5830
3198	130	22040
7688	4	2024
22347	40	22648
21118	89	225
5931	61	987
6880	42	3458
6715	7	8648
3047	130	25211
2594	2	902
23347	130	23734
7186	4	3086
5397	33	23791
9280	40	4506
24300	96	1358
7570	99	21394
7465	42	1215
9950	66	8961
23148	149	3309
4171	154	2311
1434	58	4120
7258	151	22193
23775	90	7670
25366	96	5873
129	40	6266
1571	98	6404
25334	18	1073
8127	154	10208
8515	212	7415
2990	56	106
5519	2	337
24896	130	23004
23379	18	130
3332	130	24554
6019	42	2362
10448	90	969
21440	206	3881
4258	181	1411
5732	33	24023
25488	33	25494
6575	108	21791
7671	33	453
3348	4	22569
10371	40	8596
2151	212	24175
517	18	9394
22862	36	721
22845	206	3314
6446	98	2470
21871	42	7672
5408	42	2392
6038	61	3436
9381	119	9381
2137	130	24629
5318	212	453
22460	98	7538
8384	130	5349
9120	174	9141
5469	130	8807
23152	2	2111
5024	130	21791
9650	33	9789
23038	42	2437
312	61	23839
2055	4	9927
5072	18	25026
24831	130	8807
21908	2	3371
21870	14	25211
4142	96	23710
6046	18	9849
21699	66	6023
22150	18	3117
9259	206	21046
8003	90	5014
22451	7	8530
8474	148	21384
990	216	1899
736	13	9463
4083	66	6214
22808	116	5300
256	61	22767
21253	99	23601
7395	201	10245
23315	42	21795
2970	151	5317
22712	18	24193
25304	18	4217
5149	4	2464
9966	2	7853
24233	42	22454
510	18	4548
23851	212	6768
5959	216	1899
8119	154	23309
25308	216	3370
22137	130	1424
24759	108	21790
786	154	68
5826	186	8852
22833	66	6214
5889	147	21508
1616	130	4027
218	18	578
24196	140	2146
10293	42	25063
7699	18	3380
8297	212	336
3293	115	22840
24660	4	7324
3582	7	23701
8319	130	23978
21089	4	3832
1263	96	8762
24292	40	589
23707	130	23309
23925	42	5713
3507	33	23714
25113	212	5339
24255	42	815
6489	40	25042
555	18	9784
25479	2	1000
5877	90	732
9232	61	6098
21654	130	25211
6146	206	8232
4306	2	9435
9988	148	4303
143	125	6847
7403	116	6688
8746	192	5383
25358	33	7455
5629	14	721
187	125	1710
7297	7	10014
2721	4	23153
22862	154	24209
9697	154	68
4191	42	25443
903	18	9849
22409	195	1000
7579	42	5097
9483	65	9483
10220	18	5352
9160	46	3641
7284	18	1858
1848	4	2787
3902	40	7141
24183	33	5351
3618	96	3061
24197	42	5093
1447	151	2490
22370	130	1831
6871	18	1914
22097	125	22485
4544	96	25011
3186	206	9881
6063	33	24730
24585	195	5463
22447	42	22943
8544	206	9881
9805	40	23533
1896	40	22851
21006	130	21210
3179	4	3133
7926	33	582
24082	61	3491
21182	42	3923
881	212	6921
10306	90	21381
10367	14	68
21708	216	21791
21548	14	8447
7023	42	438
10384	4	22387
9990	195	22032
4339	2	5926
24654	18	22343
8212	154	4421
22670	42	467
9040	42	25199
8374	13	8998
10305	4	4555
24532	125	3670
9922	2	21779
8834	61	21011
2076	42	23685
9715	18	4940
306	23	7425
1049	130	68
22696	96	4877
23719	7	21285
4048	18	22453
5889	148	7003
8460	42	24287
1956	72	2785
5443	89	3369
25116	18	510
1870	130	5424
22801	151	5430
8272	216	23793
7761	125	22994
403	18	5404
237	116	25025
4187	73	5955
9252	4	2936
24698	61	9563
21988	42	6920
23794	90	56
9431	2	5127
5645	4	8851
10132	42	381
25249	108	23998
23231	42	7833
5669	40	23034
21872	18	1559
824	130	22630
7706	42	438
21063	13	8998
1606	130	24554
2319	131	24234
5822	40	8495
3342	40	23891
23322	130	8807
25384	2	10040
24605	206	9884
6300	11	23004
5978	130	4505
7836	18	5311
21508	147	6116
1012	177	445
6790	42	6531
1803	7	8997
24332	61	251
6002	206	5762
24535	212	23391
1429	7	8522
3652	7	5187
21654	14	68
4133	2	8184
24086	42	4637
6262	46	1708
557	130	6762
8094	33	6352
7276	4	1919
4265	14	3718
7149	177	24621
25375	130	8736
3191	116	25025
23245	42	2646
23538	199	1396
24712	56	5403
23072	108	68
7443	42	5202
6478	4	7346
4387	108	23734
21281	40	9615
24013	131	6235
1575	18	9596
6990	130	286
21812	18	3483
5305	40	589
902	195	22414
23689	125	8490
21554	115	6595
23627	90	7626
350	177	24621
7331	206	5992
10079	18	22246
23572	40	5271
983	147	1572
4402	216	1560
55	125	10044
9553	7	2381
626	4	22614
2675	216	1899
8043	33	2304
22347	2	22648
7023	42	2481
626	46	9697
7363	4	6639
8206	149	2896
23486	130	68
3903	130	8807
1874	2	21406
8586	130	4910
2767	90	3487
21533	116	25025
5068	42	22398
4471	174	22344
7529	61	23415
3069	12	2809
21183	42	21226
22096	42	7902
9644	42	23448
8931	96	6557
10333	33	21459
6649	2	6171
8337	174	9029
3569	130	22905
24064	2	24172
10051	41	6663
2684	42	22856
9792	2	24640
24551	154	6663
7316	206	23393
1444	42	6725
23871	212	21015
25281	125	5351
24334	14	68
21767	42	8251
763	215	9780
23831	42	2032
8730	131	23422
4519	66	1335
676	111	22961
8665	42	21800
21984	199	2826
4219	42	9267
8120	42	24404
1027	7	2153
6438	4	25064
22474	125	21623
7257	42	8250
5432	42	8724
10447	90	7915
22999	130	21790
124	42	8748
22242	13	9463
10441	42	10473
3597	18	4566
24371	42	5315
9914	42	404
23875	46	6397
1933	130	3150
7296	199	2826
24169	216	1899
1780	61	25270
1144	4	22613
5921	42	5921
1652	154	5349
21113	42	21865
3882	42	6533
2460	61	9614
5744	206	8235
22041	42	8999
3296	18	5538
21317	42	9296
6074	61	9979
5869	204	3803
1133	116	4695
23232	2	2546
5939	99	4673
7723	42	25441
8753	18	7968
3094	42	8432
5777	61	22000
4420	154	23356
21641	42	24524
3490	90	9167
5353	130	5702
21382	42	5613
3375	98	3150
4564	130	7385
17	7	2888
2213	2	1510
7629	18	10191
24442	202	331
8872	40	7447
4466	2	6065
21616	2	860
7476	4	23044
4872	18	25100
24011	4	22231
5931	212	5926
10325	4	2907
6835	61	1803
434	206	4833
22532	18	23663
22588	130	8807
1787	97	21646
567	24	3240
198	4	21656
7908	130	22630
21122	42	3278
2127	216	1899
9089	4	21415
23708	42	4137
9146	42	22536
5001	18	22341
10132	42	2096
22015	130	8807
25231	212	3719
22945	18	5778
3129	96	22925
22428	116	5300
9599	206	5339
4969	2	79
9837	2	22032
24424	2	5926
8462	4	5604
8589	2	7079
1379	33	25219
25463	130	24930
2703	4	9759
1941	175	23345
4554	18	23246
7810	42	9714
6972	130	24487
23834	216	1899
24498	18	24432
889	42	1811
24723	42	21220
24977	96	5215
5662	42	5174
3304	2	8431
1787	4	21646
25369	41	25
6295	14	23734
23700	33	8357
4347	42	1517
23197	90	2090
21582	4	9925
5422	40	1799
10446	42	3785
23098	116	5300
21974	7	6431
4563	2	5517
614	40	9981
7218	2	4489
2772	90	23561
242	173	5532
9009	96	338
9326	121	22961
9892	66	3293
8013	216	1899
6793	2	25020
7524	2	8851
1229	7	24313
2201	42	7000
23958	7	3259
22010	154	8630
7415	13	8998
4279	108	8037
2424	2	21623
5442	2	4158
4046	18	8334
24437	195	5505
21730	18	1251
9130	61	1480
23271	125	6119
21938	7	4010
24690	42	324
24075	61	24036
25381	18	5883
21566	116	25025
5197	192	23723
211	212	6755
21659	212	7918
7317	42	24460
22499	42	7787
6036	130	23123
369	46	21286
181	2	22762
9192	147	7202
8360	130	5956
3846	216	1899
24994	18	2897
6223	131	8910
5456	4	989
4116	14	8037
6747	42	1929
7107	206	2212
24560	33	9881
23280	18	22067
3911	18	4586
450	96	5324
7904	42	2824
1873	130	3685
6305	40	22766
25164	125	5551
8478	33	8851
7276	4	6259
2723	216	1899
9649	42	4746
6157	195	7961
21754	154	23980
61	130	23888
24468	7	2165
4054	42	8706
4863	18	1665
4254	130	68
1309	42	22999
948	18	8107
24140	4	7927
872	90	8818
21168	96	8428
5838	7	9616
10391	130	7767
8410	206	6146
892	125	10044
5274	125	21440
24380	18	2665
23412	125	9965
22793	18	7609
23904	4	3957
5316	4	5271
1932	66	6803
1905	7	1304
3903	154	68
1638	42	3811
4639	102	1920
8886	7	8
346	7	5720
9347	2	1571
2511	2	8431
5670	212	22460
4591	204	1560
2206	125	8374
5114	125	1744
2645	7	22419
4972	116	7408
584	42	7606
4098	130	23978
529	2	8940
24039	216	1899
4737	7	4434
2346	61	7290
22029	4	25158
3528	108	25211
5605	33	3670
23392	154	5383
6718	212	230
1140	61	25144
4325	116	5300
4659	4	9714
3582	2	9522
5840	40	6276
9822	201	2075
2905	2	22032
24315	42	9475
22349	177	2000
6307	216	1899
9569	40	25268
24210	42	5177
2617	2	3649
3137	216	22905
10196	42	23146
21205	4	8319
2635	61	4292
4386	13	2523
1465	13	1185
9919	212	22633
1261	98	538
24713	18	23597
6504	195	21536
24598	212	21846
3227	42	1204
22446	13	9463
7039	42	1052
52	130	22292
21642	61	24811
7458	18	7261
21066	2	8761
22352	130	22885
9604	72	5082
25354	125	453
1094	216	1899
21839	204	21791
22305	33	22994
1927	90	1256
1704	2	24914
2769	4	5132
3008	42	25449
6778	40	5271
9873	18	22022
6293	199	21488
9554	151	4542
5239	42	9423
10141	18	23254
2976	154	23309
9161	42	6391
618	2	6639
21373	42	21275
24250	96	25362
22295	2	8851
8933	42	21726
734	18	6616
2683	90	22037
7712	7	22223
1977	149	8843
9066	116	25025
4604	108	23309
6526	13	3001
1483	148	9714
24671	120	24846
5046	90	25290
4831	42	3551
6492	192	25211
8891	33	7814
9987	4	23781
7098	42	4372
22920	18	3439
10339	2	9801
21305	42	2646
10078	2	201
5423	42	21497
5422	42	24449
807	204	8956
21056	2	5926
7028	4	7630
3134	177	22596
7550	42	23069
2280	18	3397
21688	4	24951
9688	4	8270
9675	50	24286
4675	61	6041
353	42	10118
22416	61	21027
6647	195	25392
4479	61	1107
3256	4	1798
9501	130	7620
24031	2	21440
8925	2	23124
8334	18	24592
23161	18	5566
3298	40	24264
7573	42	3
22888	2	4166
22634	14	68
6016	90	23575
22095	131	5585
24070	90	4498
9524	4	24813
7048	7	23120
5316	42	4036
652	42	8610
21290	108	5383
2086	42	5923
21598	108	68
8293	18	24137
8655	18	24317
11	90	7391
5131	131	25262
9161	4	21221
8737	130	869
23771	33	21744
7229	42	10060
23642	196	6802
6421	206	24437
6233	175	23697
10078	40	22991
6550	212	22963
9021	89	9385
21594	212	22176
1282	206	8148
1202	201	24405
1881	108	538
7904	42	10481
3172	4	5830
5723	90	1217
124	42	10474
3789	212	23791
3292	61	6915
25185	42	10474
25364	154	8037
21165	40	7593
4474	56	5689
1685	2	21994
1352	174	24269
6214	66	22833
4922	42	4036
7171	40	2504
8789	130	5383
9474	216	24485
25206	61	9632
6966	61	9315
23716	4	9804
22114	212	970
22183	18	4987
7387	47	6607
6439	130	339
3940	131	22679
8470	42	23910
8357	206	7853
23260	18	10021
22873	130	627
5112	42	1204
2216	18	21320
4978	130	7580
25057	61	5025
22006	42	21848
24244	2	21846
24207	18	6852
4899	149	5630
10128	19	2725
9305	33	3670
22058	154	1405
5681	61	6934
7735	154	25211
7959	33	24133
8887	130	5050
10258	7	5226
5067	212	7415
7909	2	2304
21031	18	1029
9501	66	9501
22011	40	5830
6469	89	9169
7563	216	1899
24912	203	6323
4530	4	1000
1794	201	6809
2193	125	6119
25302	177	8663
24180	212	21015
21558	216	1899
9412	43	23793
2085	33	5393
8053	18	23651
1763	42	23696
24379	216	1899
24313	61	7515
10301	42	2392
24882	177	2035
3566	116	6688
1161	18	9589
21769	42	5729
729	42	815
5714	212	22176
22948	4	750
4278	33	582
10086	42	212
24322	42	2035
4502	18	9043
9068	2	10454
1175	31	7234
24023	195	5744
21940	2	23124
2525	2	9804
3018	96	21185
6301	14	23734
21532	131	7998
3352	18	88
7769	61	8937
5793	191	3750
7666	7	21694
4462	18	3938
316	36	3150
7786	18	2300
666	2	6803
21706	140	2241
8034	42	21457
667	116	1964
4988	90	4560
8496	7	385
7774	154	1899
2641	154	7847
4601	212	9530
6107	42	9634
10045	7	21816
23926	42	24002
3536	70	1408
23465	42	1877
963	4	22035
4162	42	8141
4561	42	8866
9283	130	7263
5894	154	68
2892	33	22414
572	130	5383
3752	61	4869
8134	42	8610
23210	148	2103
1570	98	68
8781	42	3379
7810	42	7432
5721	4	21159
2254	201	21617
2143	125	2212
7506	18	7480
24012	131	25430
2505	42	22984
8215	89	21903
21957	18	4436
21046	195	9259
8063	2	9968
6934	33	22176
4055	61	9856
23717	130	7263
23363	61	9237
24225	2	9971
6697	41	23980
1764	130	6663
23396	42	22154
4046	18	5950
25248	18	4759
4922	42	22083
10267	89	22694
23737	199	24957
2771	216	24080
5674	4	2015
9205	18	24718
8544	206	3186
21943	2	8761
7671	90	7507
1579	42	25394
24076	2	336
6493	2	6814
5086	42	54
4362	130	22148
3919	42	24084
7636	215	1964
24857	96	65
6220	125	24469
8448	61	3138
24214	130	721
2959	108	23734
4672	33	9999
22414	13	22735
2553	108	25211
5471	18	24881
1000	206	21440
4110	98	25211
3144	7	3971
6530	42	1204
5698	215	23070
7718	42	690
22510	116	5300
2282	192	721
7021	40	10443
936	102	23704
8597	130	23430
24636	212	6526
7196	42	23146
7003	147	8315
7281	18	22275
25480	7	24149
23226	131	3618
22750	108	23309
24293	195	2102
10456	175	598
7390	13	9463
6398	1	9683
22205	33	24023
24350	42	9842
21340	42	7222
2143	7	1993
25356	125	9522
5399	4	24021
4320	212	22964
4908	18	4417
1256	90	5529
7226	40	23277
25061	96	8070
1649	125	9759
281	40	7395
23589	42	23497
5410	42	5278
22805	18	2164
21805	90	10392
10354	18	3802
3496	130	5383
4304	216	8956
2012	125	3471
22106	108	68
21933	131	3229
4818	61	24445
10407	2	9801
21445	116	9217
580	42	692
1967	42	23000
4954	89	1774
22651	96	8865
2640	130	3150
8113	61	3737
960	56	725
2878	90	2222
1827	18	21703
1507	40	3049
4879	42	7242
5599	40	750
8956	120	21435
24503	216	1899
24454	7	21027
9050	4	10359
23346	36	721
2965	116	1964
2868	147	7905
24918	89	4772
7778	38	6802
3395	2	8761
3556	212	5377
8555	130	3803
1046	2	24275
4042	36	7337
2614	4	1232
24281	12	10291
3669	7	10257
9498	41	24286
3612	151	3396
5042	42	6952
423	2	1078
1735	33	22613
21866	42	8480
22708	61	21405
25284	42	4619
4301	125	24790
7210	18	23677
1963	18	22525
6832	90	22663
21974	33	22994
4510	192	25211
1216	18	25239
1476	125	1110
24521	42	21108
3486	116	5300
7340	216	1899
3226	140	301
237	42	23497
8969	61	21350
2220	125	2568
2117	84	24485
1539	125	24790
4855	154	4421
21672	42	9276
2314	90	23764
10190	4	25149
24997	154	7819
5393	206	24801
3836	54	6099
3688	216	1899
647	4	4633
6425	42	7497
9865	130	8037
24203	212	1592
6401	7	6487
9042	64	7411
21004	42	4147
5691	42	3634
5519	125	337
22018	2	22414
8456	125	9801
21066	90	2044
2617	125	7288
2560	61	7914
22216	116	6688
7873	125	6847
3337	116	6688
6394	2	3152
25100	18	151
663	80	1566
25286	134	23588
606	131	9178
10399	116	7408
23615	18	9288
23027	42	424
965	4	7331
24252	33	2304
3617	90	4687
8496	2	1737
4733	116	1964
23900	4	7927
3345	90	75
24291	90	7365
21127	4	21646
4540	130	1195
23787	42	21947
25021	116	5300
3768	33	7288
22417	154	24364
5039	216	721
7870	42	4607
23803	61	24898
3635	42	4124
5620	195	6119
4135	61	9295
22701	40	6814
7300	42	791
23223	108	10030
25335	130	22630
24381	154	68
359	212	22613
7119	90	9269
25017	40	2035
22799	40	6045
7641	140	24472
9171	125	9742
9172	140	24846
21930	108	24400
5075	108	3492
21631	42	25074
5890	130	7847
22468	61	4327
9087	7	2346
22746	13	9463
24224	4	23411
22304	195	24605
21700	2	23558
25046	154	3967
1232	130	2470
22888	90	7103
24633	42	5504
1038	40	3957
1575	18	7248
6326	90	4919
8898	98	21790
2177	42	2832
6584	52	24298
8619	40	21501
6138	4	4194
566	18	1914
10019	61	23252
21943	33	22176
25238	130	23734
5090	90	8459
3868	46	22859
8498	204	21791
2019	90	22683
1509	42	25019
2116	18	6319
4173	212	1952
23622	33	2512
8923	42	9036
21344	116	2605
22629	130	23309
24343	2	3881
23072	7	7649
9229	40	21958
2095	2	392
9539	56	23886
2573	216	721
23170	90	6726
8124	2	3957
7374	195	970
22982	61	1371
10445	116	7972
22778	42	1941
5286	2	21527
24857	130	721
24530	201	10398
8868	18	5470
720	42	23602
214	33	22809
2307	212	9759
6796	154	1899
8479	154	5383
7358	108	3803
1430	18	5045
7973	56	2765
7191	2	5620
10345	40	22015
7952	61	24154
4283	4	9447
8867	90	10450
21517	33	3881
5992	139	7331
1812	61	6472
6466	4	2047
4369	151	7213
8784	31	6177
22697	42	21147
21517	125	3881
3450	216	1899
23906	11	108
4208	18	22357
8938	40	23686
7265	216	721
9470	42	509
3243	42	7242
24619	154	8630
5406	154	23140
7132	61	10023
6434	33	23391
24398	147	8149
7055	4	23755
7751	11	2850
24063	61	322
1614	61	23367
4650	212	6768
3347	96	5711
24880	18	7786
352	61	249
2679	116	7408
1035	33	3881
6958	10	8441
4972	4	1748
5685	131	25091
23313	116	25025
22361	116	5300
723	18	5018
23988	7	5962
25366	131	184
2134	18	24102
10303	125	24469
23144	151	189
23487	33	6847
7341	7	22171
10213	215	1964
6315	61	2734
6684	42	1601
6367	212	21396
8917	18	10463
591	212	3670
23479	4	4833
22936	61	955
9561	2	2339
6376	58	8756
4564	98	6404
70	18	363
8948	212	23883
447	18	1620
21389	90	5402
2222	4	22923
195	33	22032
24951	13	8998
1406	46	3349
419	216	1899
7157	216	22549
21349	2	8410
3540	216	106
9095	40	5711
1977	116	6688
1689	116	25025
4545	40	23034
21282	154	24926
6295	130	3150
10249	42	24092
5784	42	24242
4883	7	21209
8154	116	25025
8448	7	23799
2823	33	22414
23498	33	7288
2644	98	68
2949	148	10066
5999	61	21184
5721	42	4894
7992	90	8783
3450	18	8553
24945	2	24786
6517	33	1570
21175	172	21447
22741	2	8787
23534	42	6028
4361	2	8251
6987	42	24092
6004	40	23582
25468	89	23906
1841	194	23111
9703	4	1000
9794	125	3719
6597	42	851
24689	154	7646
9436	177	207
24439	42	2118
10498	42	817
6637	33	8490
24301	2	1246
8029	2	8025
9024	2	742
8997	90	25192
3202	90	6844
23959	33	9804
24122	40	7639
24829	2	6017
24255	4	794
9987	42	3551
9500	90	9002
5111	89	5198
7266	42	8724
7050	125	24446
9596	18	22875
1037	130	24286
21608	154	2807
23389	18	22922
3331	42	7467
24733	42	23910
21760	81	8807
25085	18	8321
25369	131	23090
5041	61	3673
1760	42	6937
25453	130	3803
4732	61	21259
1251	18	4903
5681	90	3415
23663	216	1899
25484	173	7408
21367	42	509
3549	212	9801
4824	7	6487
2390	125	7133
3396	96	25275
22770	216	7767
25496	90	8886
21406	206	22032
7445	42	5092
4459	212	5926
7556	116	7408
5999	125	22613
24627	18	23651
5887	42	3379
3544	13	22735
5148	130	4413
5812	90	10072
3322	42	799
134	81	68
10428	130	3685
4920	130	8807
9085	130	8037
3426	61	25054
7014	2	5708
25048	115	3273
635	2	5071
23189	18	363
23133	212	9965
5776	30	97
21406	206	22020
5628	18	23361
22280	2	5926
448	4	10418
9047	212	9801
6188	115	6704
22320	154	24554
4306	40	22766
7152	4	3309
6123	2	5465
23020	90	25009
2815	61	2599
5173	7	10094
21318	18	114
6937	130	3244
9117	81	22785
4118	4	22304
24008	18	4431
9180	4	24293
24574	90	8123
21392	212	9801
2374	42	5750
1536	42	23515
64	40	2304
10347	42	21813
7610	99	5813
7694	42	1845
5068	42	24284
6642	42	8169
10046	42	4305
6187	96	21890
2627	4	6544
1893	38	3718
1021	102	4103
8405	125	6847
9641	42	8843
22411	154	3718
2940	154	4421
10338	46	8125
10171	33	5551
21217	33	8851
6975	154	23309
3686	33	23391
4790	2	8981
10102	216	1899
1968	33	6352
9770	61	3238
5410	42	8377
21600	154	1075
8498	130	1899
22459	130	8807
8438	66	22061
4375	2	23393
4108	42	21250
1108	98	23734
23960	7	8190
10279	102	2430
3497	154	24229
7597	130	24513
7286	154	2499
6708	103	4910
25054	2	1510
3867	33	1412
4001	206	24469
24367	18	8204
23706	195	6868
25290	108	5383
1935	108	23734
23226	130	23734
7722	216	1899
2125	212	4131
6613	116	6752
10433	42	25264
2869	140	21435
21173	7	5440
7773	18	7721
23461	90	21651
3505	90	784
4955	4	6387
7836	18	3276
8294	40	7000
1569	2	4747
1661	18	21039
4445	147	5889
1042	4	6352
22336	18	23494
22038	42	4655
25146	90	849
4456	2	8761
6048	211	7337
23737	42	25267
25389	33	6352
23103	18	5523
7952	108	21210
24032	61	7711
2912	130	4286
483	4	405
7181	140	5307
1943	125	2140
6978	90	22437
8696	33	7073
8656	177	6591
9789	98	21790
24646	18	7057
10023	90	7132
24383	61	7383
5777	2	10039
9617	143	24351
8815	125	24172
775	108	68
2140	130	538
24197	46	8125
22265	33	22176
9272	18	22742
3982	42	24051
6283	42	5779
5737	42	22707
8050	47	5484
8767	36	22951
3875	130	3936
9178	102	2729
10459	212	9530
532	2	7663
651	90	119
4453	96	2238
25343	195	22414
3097	42	9615
22938	154	6516
23562	40	4391
5667	2	24951
4202	90	3735
22646	18	24873
7514	98	8807
8306	154	25211
8944	2	8183
6070	196	24485
2825	18	5561
22261	14	22905
4721	4	9061
7890	2	24975
981	212	10280
9344	40	5438
24241	90	21752
8788	15	5383
5479	46	1508
24800	96	9156
23351	33	8851
23854	4	7410
2610	90	25488
3127	24	8130
4598	151	23513
5724	42	7410
23736	125	9999
6927	90	8641
522	96	22505
21615	40	7395
21383	130	5383
4471	174	22769
8918	41	24485
24498	18	23849
22202	130	7384
23272	130	7690
23321	212	22032
1796	33	24446
3545	42	8310
9433	108	23734
4021	204	24629
23068	98	286
24353	42	21906
9682	33	9098
10091	42	9615
9479	216	1899
24223	42	5866
23536	61	24980
123	2	899
24822	42	3054
3547	18	6037
22163	4	7455
5362	215	1964
24328	154	6003
22906	66	1766
23830	154	5113
24633	42	3866
7835	90	21487
7996	89	225
1377	212	4769
3463	130	756
22072	4	1754
24165	18	6773
23329	18	136
23536	33	582
2968	4	4915
6061	61	8094
3521	40	2546
21702	216	7512
21588	42	21945
22584	40	22173
1911	154	8630
5855	33	22414
8242	42	10454
5913	2	24784
3251	130	4013
3888	125	5351
24475	131	9923
1951	125	24133
2539	96	2707
8986	42	9714
6623	2	1571
25290	90	23577
5557	42	21414
25185	12	8851
5001	18	21505
6701	2	25234
2723	18	7765
22670	4	3042
21618	147	22979
25283	199	7128
8698	47	8899
25462	206	7073
21000	125	22613
2205	216	1899
782	154	10266
25233	130	22889
985	14	8807
24466	4	21501
24541	154	25211
5014	90	169
3751	66	9571
9541	42	509
6438	40	25064
8158	212	2304
1793	125	22460
4057	7	21421
9173	130	8093
21458	212	9801
25430	96	2641
24355	61	8726
7915	61	10447
7539	2	2024
4507	14	23734
2361	116	5300
4838	125	337
4957	7	24382
9198	154	2997
5588	18	5044
1536	140	25374
4921	61	1564
4426	42	3755
4859	42	5345
1986	130	1651
9978	61	3682
22778	42	23255
9411	12	22374
21841	42	23910
23101	46	25466
5020	40	304
8790	33	22020
9635	42	7308
7165	40	3103
23068	98	1075
24380	18	6901
4180	42	24640
2798	130	5899
7135	90	21482
7241	42	6725
969	2	10044
21198	46	2194
5095	42	4964
4109	18	4926
1132	42	2676
1167	2	4001
23133	90	23439
1315	108	5383
21540	2	23124
21004	216	22418
5553	42	2362
9070	61	1381
6813	40	21488
6018	33	405
7616	216	3803
2327	12	5690
22880	7	5773
22587	18	4208
22	195	6953
3640	130	22905
6757	212	22414
21104	18	24054
21884	116	7408
6124	2	9711
8073	42	5524
1522	18	1322
3907	125	9804
3559	18	1603
25328	116	8100
22872	42	527
21198	40	2194
8435	40	6001
10321	7	1080
7595	98	266
8478	90	7519
7189	18	3430
4017	33	7073
22532	18	8655
8456	108	721
4865	42	6586
24760	2	8410
21455	42	1950
17	2	337
2306	213	2507
4273	2	4695
9607	33	9801
7431	212	6190
5910	42	2717
23461	2	23817
2161	130	286
9892	96	22152
24646	18	9159
5221	2	6290
7917	33	22994
21676	2	8357
24380	216	1899
24015	212	9447
9090	204	721
7261	18	3611
433	216	6912
47	140	947
23614	18	8609
23497	130	8807
3627	204	3685
23175	181	22785
9798	130	23980
7836	18	9102
10123	40	3042
2065	42	1129
23502	61	6878
10322	108	23734
21925	2	5767
626	42	998
1973	154	5383
23614	18	8153
23857	90	1265
24505	42	6009
7104	125	22176
3690	13	22735
23994	42	7894
9388	42	8847
5013	4	6259
21375	42	21101
24796	89	1241
921	130	23734
21476	2	9566
6166	18	5
5592	206	4151
24148	7	2101
1787	2	23261
21487	125	22414
6093	147	7003
24189	96	2031
23795	7	5094
4763	40	898
25102	173	4026
1107	90	4479
9720	18	9613
2335	125	10044
4288	216	1899
5724	177	24143
23657	130	5383
979	98	8768
24945	61	7496
5634	216	1560
10023	13	9463
1679	18	7373
21349	212	24789
7769	212	9781
6455	90	5525
8120	40	1168
4430	7	883
4199	33	582
24589	42	4689
6620	116	2605
7507	125	453
6358	42	5639
5244	61	22655
24698	212	8143
5712	2	1571
23266	42	8913
24422	13	9463
3541	42	6937
23801	125	3670
8620	154	7767
1014	42	21912
21963	2	2024
4288	18	1322
3874	72	6594
5751	154	22889
8057	2	24975
25227	2	10065
22386	61	23378
6835	2	9626
5489	18	6307
3285	42	2536
21140	4	6532
3819	18	10414
24500	121	22961
7609	18	6590
8727	42	3115
25036	18	21197
6907	2	7859
5391	125	22762
22166	89	7112
7708	42	1695
24601	18	21519
24816	61	24431
3779	142	1899
25082	108	6513
4583	174	25251
23390	154	25211
249	212	10034
8690	2	5393
23085	2	21807
2773	154	22785
840	42	1942
8693	18	7372
7452	130	24629
8651	181	1560
21260	90	10164
22441	4	5351
23418	46	8125
7726	42	8492
15	130	1903
4979	191	4626
285	116	24853
22085	40	7238
7623	2	8761
10327	61	2494
6289	201	2290
22752	4	3042
9619	131	22143
24341	61	5142
25012	216	1899
7483	40	2916
4257	90	25131
2851	4	1437
3345	2	22853
24844	42	24026
22080	117	22951
25118	116	6688
24687	42	8800
21690	4	9956
21495	61	1610
831	2	7374
6687	96	6975
23015	7	21516
10379	4	7927
5305	42	1911
24549	42	4619
2119	4	7288
6528	18	561
2379	125	9965
1944	45	8494
9641	2	1341
2204	42	7821
22662	4	9447
57	216	1899
24269	18	6904
6095	42	2935
4053	98	6404
24127	4	962
4113	18	10102
24970	18	3071
9321	2	24563
25099	11	4335
8337	27	22951
5389	216	1899
1758	154	23356
260	2	4181
1323	42	23233
7428	18	24691
8454	165	21970
21835	195	5505
1700	42	22856
4366	42	2911
5366	42	267
23335	33	5377
3297	186	306
5660	40	2015
25339	18	24258
9747	4	22211
2742	42	8382
9884	195	22176
24522	96	2839
1816	4	9742
9981	36	721
10044	65	24297
4100	154	23316
9607	7	2734
21723	84	5403
3192	18	7436
3852	18	1031
830	33	582
687	116	6688
7440	90	22669
899	154	68
4483	88	1396
9409	38	24629
8701	4	9742
9859	33	10044
8963	4	962
21254	42	1458
3388	130	1424
24801	206	23570
23950	61	7341
1218	18	2688
6231	2	4181
1687	212	1744
7329	42	3785
6527	61	6733
2171	96	22866
9518	154	6255
6192	216	1899
24098	130	5383
6139	154	1405
2612	46	24409
996	130	5091
24630	33	1000
9803	148	1868
3173	116	23185
2611	2	4163
1930	33	23391
22854	216	23886
4769	13	3001
4106	7	4403
3195	4	22762
21843	18	24257
1070	18	22831
9428	7	5225
4370	96	23284
22047	90	22278
5310	212	23650
1770	18	8013
6572	7	21985
3436	212	22762
22538	130	9581
4598	131	9351
23290	131	23471
7308	98	68
2461	16	24377
7489	33	4213
22794	131	6136
21355	2	9827
3756	108	68
22731	216	21210
606	130	1405
22451	125	24001
2305	116	24853
8168	41	7632
3246	201	715
7720	40	475
897	42	1740
4886	130	24629
24574	7	6821
21454	140	2146
4493	33	2304
22977	42	24278
23950	61	3374
3568	130	2765
5617	98	68
5088	212	21623
1707	130	721
4681	108	5383
8140	42	9100
21211	196	6086
10061	13	9463
9503	40	9714
23051	125	6926
10180	154	68
21923	7	3711
21674	42	7497
5553	4	6259
4731	125	4564
7120	90	10071
24756	182	23235
8961	66	21984
2632	42	2277
7760	125	2512
23354	182	24266
23938	212	2304
21413	4	21473
8825	125	408
24916	2	582
4405	125	25219
22767	33	22460
7519	90	5843
22302	40	8319
3234	64	7411
5530	125	6352
25407	18	7765
21018	149	6784
22540	130	4504
5202	96	8610
24263	130	3718
2664	42	5779
8885	116	5300
8380	90	6666
7467	154	5383
7567	130	5383
4273	2	24215
10167	42	25362
1849	108	23734
25497	206	7107
1499	13	22735
3783	4	22414
7272	201	7066
24458	195	1570
7805	4	6704
592	130	22334
5889	148	2088
6227	46	21114
7279	7	22593
282	18	5912
22260	116	25025
4740	116	25025
21259	4	3164
5853	18	2723
22045	14	721
23508	151	4598
8131	130	3269
21576	96	7405
6456	42	6811
10488	111	2470
5902	125	22176
10339	212	9801
1596	2	3114
7667	4	534
622	181	3091
7781	40	4223
6055	116	7408
9288	18	10008
3588	4	1168
21970	216	22630
22534	130	24629
8014	7	3259
24110	4	7079
9846	33	2304
3325	125	25033
9555	212	7133
22992	53	22197
24952	42	24455
1563	42	2056
6866	42	22337
23645	4	21219
23871	90	3825
24058	216	1899
162	7	9343
2540	2	1571
8591	212	453
24474	18	22249
9457	42	8748
9807	131	10134
7378	61	5019
21378	90	7875
6427	18	8048
2468	7	754
9709	18	24120
9310	216	1899
25265	130	4500
10053	42	5779
1968	4	6352
21919	42	2613
1991	154	68
7976	196	6660
22089	42	23000
7889	42	7433
23158	42	25061
24525	42	3785
21704	130	3718
8164	31	24128
23859	130	68
6876	42	3639
3587	42	1347
3450	18	5598
25338	90	7674
22589	18	6859
8375	195	8375
6684	42	7000
5618	130	5383
4418	65	7107
1775	216	1899
5919	195	9259
2283	48	4842
5770	90	562
3816	2	1708
10453	90	21515
8721	90	23452
7247	33	1570
8547	143	25452
22605	2	6722
24102	18	4908
5127	130	1831
23254	18	24165
175	98	23734
22798	18	21057
2375	216	1899
8309	212	22414
24991	18	22572
21734	130	23978
4846	216	1899
1694	61	9398
158	96	1766
21497	96	8534
6792	89	4772
4318	130	2807
21436	40	4116
24411	4	5742
6223	130	4725
21302	148	2868
2425	40	6974
6788	33	7073
9691	18	1485
10341	46	2048
8053	18	3924
765	2	254
22894	154	5956
6772	194	1411
9646	90	25388
6582	13	9463
3199	18	23097
2707	96	2539
283	88	4497
1284	61	6976
22686	90	5825
8806	116	24853
24825	31	24128
285	42	2296
24226	42	6704
22178	4	4469
21960	13	9463
9507	40	21511
24030	4	9108
2122	191	25165
5570	115	8492
6213	42	722
7172	42	21414
1334	96	22538
1982	42	6028
1553	212	22988
10255	130	21714
10301	42	5327
10403	61	2009
24756	99	21394
22460	206	21301
10285	108	10059
2280	18	6278
6856	40	24563
7092	147	1572
7370	195	9403
7611	212	5744
6600	199	3204
2065	116	6752
5541	2	21527
8852	154	24968
8552	61	25141
10270	216	1899
1457	2	22228
9709	18	2069
21617	199	2826
4700	61	21923
25325	42	6137
8697	40	22596
7306	216	3150
10459	2	9530
5085	125	7133
22910	130	5349
8564	90	6931
10475	4	9447
7725	33	1570
8722	42	21757
937	18	9083
10087	18	2543
6157	206	7961
9838	46	21054
4956	18	7629
22091	2	4163
25003	98	4027
6679	42	10157
8288	18	9784
5320	90	7666
23698	125	21623
10024	12	2015
8647	18	4625
1749	7	4878
2411	40	2442
4800	42	9283
5366	46	1508
22930	42	788
23698	4	21623
1521	42	6329
8549	90	8695
23203	125	9259
5194	4	6786
1985	14	25211
4285	42	4746
1543	154	3150
24659	7	8951
21272	90	3373
5393	206	5241
2124	108	25211
9495	154	725
2882	40	5690
1161	18	8647
23556	177	9082
2617	4	3649
9212	130	3330
9973	61	9746
22720	154	9857
3650	42	6039
22869	212	22762
1302	192	721
7048	33	3670
2368	42	4137
8929	11	23998
9805	42	8199
24355	2	5127
24090	2	25330
24234	96	6177
10100	131	23569
6626	38	10269
510	18	1522
1051	61	5381
222	42	565
9726	130	25182
6007	116	25025
21478	140	24846
3464	215	3922
3275	41	23793
8722	42	1129
790	42	4076
7742	18	25138
3340	61	10085
3767	4	6069
5437	130	22639
10250	61	1482
5643	4	3535
22804	4	5604
1041	96	21403
4956	18	8618
9988	147	21508
8114	40	6168
10261	173	5532
4261	108	5637
10270	18	25481
10144	154	21109
1056	90	5116
8102	40	9793
8248	2	8761
25351	154	23734
25258	116	25025
10061	90	4884
23907	61	394
2976	130	3150
3433	18	8153
5552	42	23009
6786	130	21791
21621	2	4163
23404	154	21791
23986	7	5667
24959	125	3023
7505	13	9463
24164	90	233
21151	42	8959
24805	40	23571
7142	90	4014
23194	42	7749
7491	90	21535
5142	90	24341
9224	42	10310
7718	2	3677
5853	18	22246
7145	4	2787
7096	4	5279
963	40	24069
9312	96	10195
21078	42	7561
5820	61	4897
6859	174	24078
5502	42	9423
1233	42	8855
369	42	24580
6597	42	3893
4116	106	21436
2254	66	6214
581	7	5440
2603	40	4116
4989	42	22600
25365	90	6418
24083	195	2212
1831	74	2453
22380	90	6819
22240	42	23876
24151	42	21576
8269	42	3242
4872	18	22675
23250	151	6707
24562	11	24400
564	42	4491
8541	61	23476
7514	206	23386
7906	33	1744
2358	206	22435
22805	18	1858
9599	206	4564
7624	18	25012
5435	199	5132
6561	4	25397
8501	42	23743
24676	90	9993
9788	206	6146
24120	18	22070
3763	209	8408
9990	195	7316
2724	61	25354
8809	96	1718
3653	4	6387
21198	2	2194
5502	4	9108
7404	212	22762
22836	165	21399
673	18	5833
6466	7	4375
3453	147	21508
25401	14	23734
24270	95	4140
1127	4	4942
22810	212	8851
5499	96	7659
5836	2	1969
10153	14	6287
21472	12	7794
9259	130	8222
22663	61	6832
6519	216	3718
9662	18	23121
6451	4	6926
23569	130	5400
9646	61	481
3809	13	3001
6165	96	1684
9335	195	24789
4685	2	10039
5681	2	8761
22027	99	1856
6843	14	769
7125	24	6863
10148	42	10228
687	42	1929
5704	130	956
2090	212	22994
7759	42	21947
3587	42	7000
6799	173	24115
3226	2	3643
5134	4	5127
9322	42	21135
24083	206	2212
5952	42	21149
2147	125	21623
1506	154	23734
2501	2	5271
3307	4	21390
4617	42	21726
24062	90	4951
3834	61	24804
24856	134	1986
2403	42	23838
10176	154	1899
1739	154	2470
21382	42	21576
25151	61	24613
22734	18	9613
21346	96	1706
9261	61	0
8166	2	7374
22115	115	24449
21814	18	419
5420	4	3086
22143	41	7512
23464	42	9035
23810	108	7221
21169	125	1000
21170	18	21505
2027	7	22250
3323	90	23775
3461	27	3718
6961	4	171
1860	212	9759
7120	61	4452
4558	154	5383
8787	154	8807
22825	7	23625
1957	90	8419
7932	42	23619
860	130	25211
6156	192	3936
2636	2	4163
3010	212	6119
25484	55	1920
21431	125	25219
5228	130	1899
24287	201	6496
21185	96	3018
23788	116	6688
9057	215	9193
9802	4	25397
6629	4	557
7171	116	2605
6844	33	22368
8502	18	317
8434	216	1899
24620	125	7073
4545	42	24973
24631	2	23721
5947	216	721
9508	14	25211
23460	42	2232
2965	149	2555
21341	7	8190
24373	40	21415
1340	42	9235
22616	40	21824
8505	116	5300
6594	216	21791
10128	9	21682
21780	13	9463
21359	42	23485
22331	2	4181
21122	42	1395
24444	98	21791
2658	40	794
7021	2	7324
4561	42	6704
4780	4	5127
6489	4	23319
9656	46	679
21456	42	22634
10431	42	22415
510	18	25116
7234	131	9312
663	51	1566
4900	130	21791
6858	4	9626
9590	18	2766
3439	18	4956
24119	154	22639
24429	42	24288
4548	18	510
4274	125	22613
2808	154	22905
2093	2	5830
1114	131	2198
6302	42	5339
21730	216	1899
25454	14	25211
6446	98	22951
10425	2	22304
3808	116	7408
9998	130	4421
8408	15	68
2030	116	5300
1232	195	453
597	33	3719
4771	199	2826
7489	4	3968
8932	130	4027
21827	42	5379
4461	130	2470
9976	151	9342
5580	42	5413
24150	42	1850
7294	42	4076
9176	42	4660
8441	204	21791
21302	130	8037
9730	61	9716
886	216	6955
95	40	2339
24777	42	2832
6710	7	23775
25222	125	23437
288	96	8432
9356	42	9560
8668	130	24531
4570	81	22951
25165	130	10312
4463	131	23132
4780	212	9801
8271	18	24165
5070	192	5383
885	130	10312
3581	42	4156
21150	191	9038
5005	40	10382
3440	41	22951
24371	42	8770
6850	130	24554
8252	216	6955
24512	7	10449
10427	61	4430
21440	206	2915
21306	108	23140
2328	108	21583
6918	130	1411
3582	125	9522
4173	61	1363
893	140	947
1760	42	5339
4465	18	10295
7690	120	24870
5811	14	3244
9355	125	5849
2070	212	22176
21396	195	24275
10098	206	25392
23770	40	1456
7383	2	3300
4683	18	3815
4717	14	2441
5947	74	2453
6555	42	3207
10008	18	8042
5329	61	9258
22195	42	9645
5728	61	2706
22868	7	23784
1384	66	9950
1294	18	23705
1252	130	22298
24893	18	7808
25105	33	1108
1614	4	9804
4373	90	23162
7398	18	6633
8672	4	21627
8420	18	22902
22449	56	21210
1484	4	21922
398	215	8723
22644	120	22965
7346	195	23002
6041	125	22176
2594	125	4564
7376	42	1043
5825	61	22686
6506	18	691
4678	130	8037
3816	116	5300
248	130	23980
5427	125	24023
3417	4	22414
1769	116	2605
1988	4	21092
361	2	8414
3043	2	4163
8001	130	23911
5700	154	68
10076	216	22644
1257	125	22176
5061	212	21646
2635	33	4181
1205	130	24745
9819	42	6809
3343	154	23793
810	131	7426
25419	42	2322
23283	116	7408
7762	18	5566
3026	125	2304
1911	96	2741
8075	18	22922
10022	99	5290
5660	42	9701
24958	46	25064
954	2	21669
1057	18	5060
24223	42	22306
10153	130	6287
6639	98	21109
25161	90	21806
3263	2	24275
1913	123	23978
30	151	23526
9503	4	9714
24766	56	4895
7433	130	21878
4985	7	23488
8761	206	22994
8057	61	6431
24833	131	22814
24087	33	24786
23387	130	23734
4540	154	21791
22094	7	24609
620	42	4458
24882	42	436
5845	61	3857
23467	42	8514
6958	10	6271
22748	42	6700
8267	130	5607
23499	18	2675
24809	212	4769
1162	125	8851
2460	125	1000
177	4	22304
4588	154	2441
8097	130	4881
25416	42	25072
9736	2	7717
5501	132	6897
21889	90	3083
548	18	25409
4857	2	4166
9618	90	2950
21996	42	6895
22833	58	24132
21655	90	25152
3386	90	2469
140	12	3616
5108	125	7073
4259	98	68
8906	130	22642
9429	116	5300
21535	4	21390
9067	2	8761
23878	130	4421
24346	90	245
24991	216	1899
21578	18	4903
24139	4	7079
9830	46	24409
22675	18	25100
6018	4	3247
3419	216	1899
8270	130	24229
1649	152	9759
22191	147	3313
6116	148	6273
9837	108	23734
3364	130	22905
21027	61	7392
1875	195	5992
6916	13	6746
2241	56	7690
8764	18	9926
1562	61	24609
23484	130	23978
22946	42	22337
5435	215	5132
7219	206	8066
8607	125	6201
4312	108	68
5080	130	24513
6769	40	3031
8701	61	21894
24681	61	8290
5963	14	68
3190	2	520
5103	4	23745
2990	56	25336
3252	216	1899
8184	195	22414
24260	18	4620
1409	195	25494
4020	40	6145
9468	96	9854
1972	2	336
6960	108	6924
5758	42	7672
21587	192	25211
8236	42	9267
1749	33	24446
8284	42	4975
10406	115	5639
218	18	23199
25027	18	21730
9298	147	7905
7635	154	68
24641	152	336
21034	31	24128
22744	181	8954
2845	125	25447
9381	192	3232
23711	154	7337
2904	125	9965
8898	14	25211
4777	4	23096
23118	2	1000
1253	90	7323
9275	40	8612
10293	42	4528
22669	125	1000
4093	42	1840
23874	14	23734
7094	42	24752
21540	2	1246
4159	42	21514
24304	12	10291
4237	61	22102
22120	13	7900
5375	4	582
23292	42	4637
6013	154	7337
24399	157	1629
5927	33	7073
22394	131	21740
21436	2	4116
2303	16	23037
228	130	5383
6317	216	1899
22334	50	10181
22677	100	25492
7017	18	21759
24492	33	22994
7873	7	22332
9510	18	6849
24595	2	7346
4584	40	4194
4834	40	23533
7698	33	21846
513	4	3300
24419	42	6329
21378	33	2378
765	40	25193
4705	195	4902
2940	130	4421
8675	125	22994
6986	42	5379
9684	212	2102
7995	40	5661
24567	2	8777
23766	199	42
23043	38	23793
4251	130	21210
22831	18	1070
9945	216	23793
23153	206	24458
4074	142	721
8326	116	7408
7413	33	10044
9911	2	21666
354	2	7073
5312	130	24531
10153	47	4757
21798	7	23940
5361	2	22809
23058	18	23670
2305	42	2643
24918	130	25211
10319	13	9463
841	90	2748
5865	2	4166
25131	90	72
7471	216	1899
21646	206	520
25043	2	6171
7232	61	5602
21396	98	9581
23157	140	24472
340	2	23817
21486	125	7133
7114	102	24391
639	2	899
4343	42	8227
3450	18	9394
148	2	6814
8525	131	23453
24244	2	9599
5239	42	9615
9001	102	23368
21113	42	5227
213	61	5684
24728	42	9427
23805	154	25211
6105	90	4405
5644	61	6348
3135	142	721
5642	130	8807
3245	2	944
22865	4	7079
4971	42	9363
3520	42	24987
83	61	10187
7509	18	7609
22322	13	4786
8882	4	9948
8315	148	3565
24509	216	1899
2917	195	1570
24292	42	3389
9747	42	2232
22210	61	9785
5526	18	8499
4971	42	8356
2135	130	23734
24522	130	8807
47	42	5531
23436	42	1518
7758	154	10030
5069	7	24313
5826	45	8494
22282	46	506
2733	18	5064
3904	216	5403
1178	42	8196
22934	2	3625
22127	46	5271
3069	42	1096
5908	212	9759
8660	40	6814
6098	125	3719
25172	130	8630
10417	96	25133
9205	18	5816
8125	106	21644
6629	90	7429
25448	42	23945
24517	18	2902
25267	14	10095
1287	2	21527
5752	131	10458
5137	125	453
8753	18	6577
4869	61	21360
673	216	1899
23912	42	9615
22240	40	22596
21646	206	1570
330	119	6867
23377	18	21170
21686	33	7133
24811	212	3670
10441	42	4593
5057	33	22414
2119	125	7288
2181	130	8032
4823	116	5300
21102	216	1899
1478	202	331
2101	90	7269
3891	4	3602
9589	216	1899
8991	18	2774
7568	212	22020
23297	47	23222
22178	42	7662
7361	2	9801
24061	7	1231
8587	4	9742
4106	33	23714
9983	61	5605
23847	40	8139
21968	4	2024
1067	40	2015
24511	130	5940
547	108	21210
4295	102	3861
1309	4	4529
23519	130	3330
7713	212	9801
23895	61	7184
7019	42	3960
8390	130	2470
789	14	25211
4588	154	6101
7617	42	1487
5561	18	2825
4294	212	7415
9656	40	3609
6759	125	24663
342	103	23980
776	42	9363
362	2	25234
3855	216	1899
2686	130	22689
46	42	3618
5721	4	10382
22359	90	9137
7436	18	363
2961	96	5639
4062	2	21
5365	2	2272
24562	11	3492
22587	216	1899
5119	61	6758
831	212	23236
23641	7	4981
25123	61	370
10368	4	8366
5243	42	23322
1914	18	23946
5184	2	23757
9624	125	6374
7134	216	1899
4554	18	2309
9295	125	8286
8845	130	3317
24308	108	21583
3361	125	4630
24402	2	4024
24004	154	23980
24796	191	1175
7119	33	22176
6923	130	24229
5232	18	1088
24805	4	23571
23873	2	22762
9046	2	829
4282	206	5767
5144	130	8807
24777	192	25211
24190	196	8861
8827	33	9801
23613	108	24594
9876	125	5351
24505	42	2250
24188	4	7469
1032	130	7337
7999	152	2304
9909	42	6024
23006	89	4772
9721	130	6404
4512	42	23059
21947	154	5940
2378	98	23734
6174	18	6042
9737	2	21204
1008	130	5383
3869	212	6540
8692	18	22142
6747	4	9209
10158	61	9233
23460	42	21846
4676	58	9051
21432	42	1601
1064	90	646
22712	18	8618
10152	4	1232
2318	61	2910
22290	4	22762
23358	18	5471
4407	42	10457
827	42	7756
8943	125	22020
6931	4	7469
8182	147	21470
10259	42	21195
1806	33	6581
8411	154	25211
25494	206	5767
7266	40	21221
6647	206	1261
9404	42	5761
4572	42	9107
9910	42	23573
7687	90	4741
10332	18	1161
3327	81	7112
9280	42	3555
353	42	8959
419	18	5641
5775	42	8022
3340	212	8490
5251	90	23974
2334	212	6201
2536	154	25211
9703	7	1280
9965	206	7370
21571	42	1840
3226	116	7408
9205	216	1899
25311	103	1656
22574	18	1770
4355	2	6045
23642	38	6802
10042	42	6137
9961	42	24587
10247	61	4237
1842	103	8989
1606	148	3477
7289	42	1897
10316	152	336
25115	61	7842
7334	212	9999
7662	96	9739
23858	98	3492
5030	42	21795
10026	115	6595
23926	42	8794
4991	33	22020
4253	131	22113
2698	96	4963
22792	140	7967
25191	61	8297
1583	61	10404
5676	42	23156
5393	206	7961
4011	2	21440
10058	42	2741
9860	131	5454
2747	130	2311
6955	140	6127
326	18	4211
698	42	22327
4722	61	24194
6765	99	1856
3043	2	23714
1299	192	8736
25002	42	8860
22171	212	8490
24756	182	24266
6084	130	21791
8343	18	7428
22394	41	22889
3797	42	25074
8016	130	22951
24177	16	24513
10206	4	9835
8415	125	1055
2386	148	3309
7761	2	24975
3917	42	22546
24459	42	21133
3742	130	956
10132	215	7141
4548	18	1522
25011	96	4544
10174	89	24351
21889	2	9801
9969	40	21637
5482	33	7455
7638	212	24975
21713	2	6119
4854	212	2269
3755	14	25211
8020	7	976
8759	2	24446
9715	18	4841
4660	96	21811
5191	130	68
2047	195	1499
179	42	22787
24067	111	709
2341	90	10150
3073	201	6017
961	165	2956
155	212	336
3903	130	5383
22519	216	721
7940	216	1899
23715	2	22761
5822	116	25025
5708	130	8807
2531	42	6391
5269	4	23264
221	4	7026
2196	130	23734
2695	61	23074
8221	7	6368
877	216	3803
8422	40	21162
8293	18	2528
23801	33	3670
359	90	263
1293	42	5630
5120	90	5498
9236	125	860
23823	42	7639
6556	42	23411
2940	102	21902
21302	147	8386
3148	18	4411
22300	125	10044
7037	90	1065
1621	2	860
25379	154	25211
2455	130	5349
10369	2	9058
22480	61	5547
2946	33	7288
7392	90	21027
22913	61	219
437	40	4898
7929	154	8630
7665	61	5841
4279	90	908
2932	42	7606
24011	7	7801
3247	206	5919
8590	18	5264
3264	7	1480
6925	18	23058
6907	2	7814
10497	33	24469
1398	42	9865
8025	108	25211
10124	7	21980
3192	18	1983
6577	18	24627
22655	61	3607
4459	61	24426
555	216	1899
5555	42	5639
401	42	21457
3219	18	25055
7306	134	23588
24116	2	9626
21630	18	4123
21841	42	24561
8921	130	7572
3039	42	8250
25413	196	9409
5790	212	3471
7048	61	4573
1162	2	8851
25124	40	23654
1426	177	8244
2121	42	24564
611	42	3442
24265	4	7717
927	42	21222
1402	18	20
1801	216	1899
10203	116	1964
7093	212	5926
5245	42	2839
4605	18	7144
22298	216	21791
7959	4	24133
8580	42	5306
5646	33	22081
22049	61	25403
21561	33	7747
25363	195	4166
9122	2	23686
7856	42	7462
295	130	22905
4989	40	5595
7979	130	4945
1486	149	3146
2342	212	22963
6389	130	5383
9461	212	5262
8344	13	22735
2375	18	3956
3255	40	23018
7896	116	3281
4378	33	5926
811	216	7767
8009	130	5383
24396	40	6462
1203	33	8490
24179	130	21791
2021	131	6831
4408	40	4194
5656	42	25199
6513	20	68
24175	98	23723
7445	42	25454
4607	130	8037
5750	130	5383
22319	90	24089
23966	42	9110
8383	212	22631
7069	206	23883
5106	42	684
22897	96	23034
3057	33	22231
24712	56	4842
23204	130	24629
902	206	582
4723	18	21170
55	108	10030
1943	125	4151
10254	42	25074
21838	42	21514
9168	2	4163
1697	2	4163
24051	130	22292
22135	125	9965
4945	81	339
25181	2	9335
4154	13	9463
5105	212	6201
6888	18	21303
22366	18	1891
1769	42	6704
9933	61	21806
1942	96	25136
7581	154	9917
25249	4	6768
21273	18	1088
3699	130	5383
24593	89	24351
4060	151	22012
6385	108	8222
9790	42	24653
6933	33	4360
22660	42	23279
889	42	2726
4900	99	21308
3453	147	8474
3782	46	6237
5643	42	22079
6029	2	23607
22917	18	4211
21570	4	23782
6940	4	21666
7775	40	5394
330	173	3281
24510	18	6925
21991	42	837
25055	18	3219
5541	42	9810
7092	148	6845
408	130	23734
24125	2	3300
23507	18	183
21007	125	6581
2218	116	6752
10328	18	1029
1734	125	23135
4012	42	23279
5686	4	2787
24103	40	6069
23574	13	1185
8091	42	22565
4917	103	928
21261	4	1919
1124	216	1899
23861	154	23309
1332	4	21390
4896	125	3670
5873	102	9755
6716	154	25211
721	103	23734
10306	13	2523
6141	125	405
22043	116	3113
2675	18	9995
4134	125	9804
9259	195	9407
21928	42	743
23172	2	6119
2393	61	21755
24368	18	3052
5663	104	7767
6821	108	23734
5069	4	508
1306	212	22963
921	154	68
4070	201	4070
3136	2	22228
7517	130	8037
5988	40	4117
21526	42	4978
9967	154	23734
22801	213	3985
5227	143	5176
22552	58	185
9759	139	8217
130	216	1899
24138	131	6371
5665	2	4934
3277	212	9045
9589	18	6925
1790	2	902
22097	7	3515
6596	7	5496
1635	116	5300
7507	7	7670
9842	96	9453
68	140	24846
10217	156	740
9455	216	1899
3818	4	8642
7336	7	6368
24449	89	25109
21525	40	254
2834	42	2025
5697	212	25119
4172	13	2523
7244	2	4902
21016	18	4583
4554	18	5462
1427	2	22304
4092	140	24846
8952	2	2024
22177	18	7682
6955	120	5549
8982	191	4626
6891	131	4002
4060	131	22012
25356	4	9522
6132	212	4535
2182	90	3307
1746	2	21528
25494	195	5767
21537	125	1108
24256	2	21623
10049	15	4853
4203	212	22116
2746	98	25211
21154	2	22761
24515	4	171
21031	216	1899
21638	42	2437
6777	42	799
7690	140	1869
1375	125	8851
9784	18	555
22779	61	6418
8688	159	2491
8148	65	4974
4234	130	25211
24824	18	2548
6170	46	23519
23216	4	22456
2201	42	5306
21270	42	24812
2762	99	23979
22748	40	1237
7494	14	7767
5111	130	24554
22254	90	9826
21392	4	2024
6764	206	9403
7309	108	8807
23286	46	6237
3757	42	21912
23166	2	7477
10013	108	23309
5963	89	6106
5228	102	9509
5294	96	23564
543	154	3370
5605	125	3670
9057	215	1964
22193	191	7258
21116	42	21250
24359	18	5441
1741	42	7168
7289	2	23654
303	90	8941
7934	130	538
21404	61	2992
7753	18	6617
9892	58	924
22700	4	23520
6235	130	8037
5336	18	5598
3162	96	9518
22405	61	8098
24768	42	23233
10301	46	2690
1462	42	4324
21024	33	24790
2739	61	762
415	4	9447
24112	18	24477
272	33	8851
21584	4	5450
7388	40	23769
6966	33	9522
22506	42	3455
8052	40	24987
22582	7	21749
5514	40	6843
24466	42	5167
22195	192	21790
1753	131	10360
25201	131	23347
22497	61	1174
9918	14	8807
7475	2	8384
1207	61	22900
24422	90	8721
21396	195	10040
24538	216	23793
23768	61	2978
4647	215	6265
21387	4	25064
25244	2	7859
6769	4	7717
66	40	6168
22558	4	24238
2984	2	24083
1519	108	23734
24206	4	2024
6278	18	8816
7858	18	2872
1138	116	5300
8797	2	21646
25011	130	8654
24971	206	10082
22056	140	6127
3452	33	25219
7830	18	9596
4309	154	6255
3646	4	6352
8247	61	4739
2031	96	24189
4139	33	24446
4038	18	23821
8933	42	3146
4455	216	2303
1778	125	21623
5657	108	25211
22764	216	23793
9535	98	7580
9636	66	9879
4094	131	4463
4641	2	7177
5292	102	21166
3206	2	22032
10193	18	1124
24561	154	68
7311	212	7415
24020	2	3401
5990	130	24629
22102	212	337
24497	33	8851
6344	7	4592
1982	42	324
24683	151	4060
8048	18	6427
1813	2	7079
23904	40	3957
24629	103	4421
3430	18	7189
21009	42	7662
4249	61	23856
10188	191	2489
2116	18	331
3017	2	22414
9072	40	22548
501	42	3620
5066	61	8541
2602	2	5592
10492	61	5665
4409	42	22906
9549	4	22147
7615	99	4673
23245	42	7203
23087	216	1899
22385	125	9447
24353	40	4898
22789	18	25071
1094	18	4332
8819	61	3756
2273	212	1570
6659	42	8069
1600	72	2349
6160	33	5744
8935	18	24311
6969	13	9463
7344	40	21474
2668	57	3183
25008	108	5383
21333	116	7408
5363	90	8350
8799	2	3810
23107	130	21790
22359	4	2024
22351	4	2024
21594	7	23395
6398	194	9683
7926	125	582
3329	42	9291
4579	7	23257
3871	46	8364
22049	13	9463
1430	18	8868
9810	14	68
518	7	25406
5949	18	24325
5624	130	4335
8319	130	9581
125	130	3150
5151	130	22785
3380	18	8987
8073	2	5517
21425	90	7576
21811	130	5349
23889	108	21791
8573	42	4145
8460	42	10473
23433	131	3200
23982	33	22994
1913	130	9581
4229	40	22236
7215	18	9394
10308	2	22032
2975	43	6802
23243	42	3817
8372	42	6014
5785	89	9474
4101	4	1798
129	116	2605
1335	131	3840
8164	89	41
22574	18	6506
8406	4	23153
8716	130	2997
2547	4	9298
22884	61	8808
8260	154	9831
9799	42	6461
9777	2	7469
21399	154	22639
6891	154	6944
24669	4	3670
4615	18	1342
3206	2	21771
5586	111	23978
23713	147	21508
9538	177	24571
9907	61	7005
9320	40	5128
21891	4	8455
21076	131	6598
23382	96	21976
10325	12	7791
4605	18	23282
21525	149	9033
3937	90	3756
24322	2	702
9980	130	21863
9585	2	23019
2563	42	23891
5758	42	7737
3201	40	164
9609	194	5581
25288	154	945
24300	151	1669
22728	4	23153
23649	116	6688
763	88	9780
8681	36	7337
8823	140	24472
25497	206	4535
25437	18	25418
21121	18	25408
8137	2	171
6852	216	1899
4297	2	9956
5601	130	8807
5038	61	25171
25222	90	504
22249	18	21104
10057	42	3710
7100	40	25455
1471	130	24554
3179	40	5771
21056	2	1246
24509	18	3855
24044	216	7767
6828	99	8454
22774	125	9801
8827	4	1754
25239	18	21131
9482	130	22951
1446	4	5062
21205	42	21250
4849	18	4079
21861	72	2453
1401	154	23140
24155	156	7767
7699	18	24207
3573	131	21857
24893	18	7721
9195	33	9522
9554	102	8035
8427	61	9882
5759	18	23295
3166	42	22327
23565	2	21646
22042	216	22951
5089	130	5383
23516	212	2791
7143	42	23099
3252	18	24880
7246	122	1490
2295	154	2858
10066	147	2949
8778	96	24865
25390	42	6895
8264	131	24847
10305	12	22374
8293	18	3537
7358	212	1570
6725	154	25122
91	116	8100
8607	125	1221
4798	111	24177
22118	90	6916
21486	7	2992
23851	108	8924
23862	4	582
8879	42	22745
8538	99	1856
23148	42	22609
7874	18	1216
6746	2	22613
23254	18	10141
4495	4	4886
21122	4	4116
4079	18	4882
4214	125	7814
23274	90	9705
22100	42	3933
23997	90	21048
8085	61	2667
10471	4	1078
2278	154	68
7748	125	8851
5858	130	24229
5022	61	8830
3094	42	23019
7291	7	23856
7236	106	21644
24581	130	721
1858	18	7284
1417	40	7824
9708	215	21757
4823	42	9330
6610	4	8851
4649	61	4023
21582	90	24248
5904	40	941
22796	42	6800
10052	40	7869
2087	2	5127
812	108	68
3865	31	24128
5787	4	8884
23134	2	7026
23462	55	8788
23985	130	23793
264	157	21523
22597	42	9235
5775	2	22648
23420	83	9383
3819	216	1899
942	90	2950
4203	61	695
3942	116	5300
626	116	6688
8300	212	4213
21183	40	6001
24712	56	2765
5489	18	22060
1180	14	25211
8016	154	22951
3256	7	25073
5659	212	22631
22658	66	10299
21871	42	4507
6098	7	24440
5226	212	9999
9725	61	22208
9321	4	8842
8572	130	5383
7799	18	25381
1856	165	1501
5377	13	2523
6162	42	2707
24799	61	9928
2570	4	1710
5474	7	3231
1642	102	7114
24377	81	10222
23681	2	24083
2904	90	1440
9025	4	3099
6449	116	5300
3386	108	721
20	18	9654
7780	108	9581
3149	61	1498
9846	61	7999
4723	18	22839
25123	2	7728
4772	11	5383
4407	116	2605
472	216	1839
21546	184	5776
2131	201	2075
6498	216	2765
9760	125	3471
21116	40	21479
6446	195	9403
4959	216	1899
178	90	8240
2829	18	22067
9105	42	10381
9583	130	25
21763	130	7178
23550	154	5383
838	18	3761
9693	90	21647
25444	61	9703
24874	33	3670
9382	212	9123
21605	33	8493
1552	61	22446
2807	216	21791
8137	2	22032
2945	33	24446
9078	154	25211
2414	81	8049
6862	42	4537
10186	42	5522
4467	90	2307
7499	201	9900
492	101	6396
4627	130	23734
4588	130	22630
6502	7	5083
4249	2	21330
5942	125	6190
10384	116	7408
10455	204	1839
8736	216	22639
21066	33	22176
25304	216	1899
22577	33	23391
24656	2	24975
9853	125	9965
789	130	21790
22436	196	24538
2861	42	8199
8613	90	5746
6725	89	22529
2097	216	1899
3801	46	506
8043	125	2304
9618	108	23734
5447	4	21440
105	212	2512
24661	2	5592
624	4	9626
1216	18	4048
21051	18	3219
24039	18	3448
6992	40	22375
6381	130	22951
22364	42	24984
23790	33	5377
9191	2	23817
6751	2	22979
8110	4	7079
1817	42	2623
7097	42	4904
24772	90	7906
9760	7	7657
3781	2	1000
25419	2	9981
21890	96	6187
25131	33	24023
4796	212	23262
4382	7	2444
4903	18	1251
5933	61	546
9589	18	3913
9403	195	6446
25044	2	23650
6674	130	22235
5150	216	721
8737	131	8713
6078	18	22920
3516	212	5744
598	42	7406
24078	18	5404
3772	47	4757
8294	4	7000
25005	46	2194
10433	42	23816
1858	18	734
3659	154	24531
5140	130	10199
3314	195	22845
24560	108	5383
4756	42	8157
23147	216	24926
7219	195	8858
1035	61	24343
3214	42	5167
21565	2	24784
2582	2	9082
3007	125	4360
154	131	24391
23113	7	3789
22246	18	25407
23526	96	7700
3981	216	1899
1912	61	1681
3696	115	22637
10198	154	286
8317	212	3023
5433	130	21791
4681	90	7653
7118	109	5710
4907	4	5354
22932	18	425
8533	130	4421
5386	90	21809
3413	42	21947
6401	61	173
22421	12	556
3339	42	2756
8650	98	24209
2483	212	8357
1588	131	23983
1735	61	24204
2528	18	8293
3577	2	6171
25251	216	1899
21785	142	22905
4114	90	10083
3450	18	21761
22531	2	23780
10352	216	1899
219	4	22438
3192	18	8416
645	61	4513
1901	4	5967
21408	131	22814
2658	4	794
1943	4	24951
5008	18	21143
9404	116	5300
4396	40	2989
6225	18	1029
1771	96	21625
348	130	1099
3808	42	10495
7942	58	22115
22291	42	1877
2990	56	8682
1515	40	22548
22180	42	8845
5487	2	557
2091	125	2378
7825	54	4032
8770	66	3455
1969	96	24933
23849	18	24498
3729	154	2470
8218	41	21973
8847	96	5359
22518	40	21040
5468	216	1667
222	42	21692
7521	7	24811
7890	61	21643
6641	2	3031
2426	18	22839
7513	125	9965
22799	42	3827
1869	56	7974
4257	4	3109
5134	212	9801
22537	33	970
328	61	23510
10331	42	4328
5240	42	837
7919	42	2056
2486	121	376
23263	42	3379
7188	96	23040
21620	40	1726
22524	33	9801
6119	65	5620
6247	212	9965
24405	115	5366
880	18	23041
21841	42	9078
4052	130	8807
818	108	7394
2363	2	1571
21328	42	6137
1409	130	3461
24934	125	9965
2358	195	22435
22589	18	10332
22589	18	1211
8976	40	22648
2832	130	5383
6686	216	24629
3748	2	21330
5162	4	7286
21506	195	6768
1086	33	970
1773	7	23170
5257	2	22304
5612	33	5926
1469	42	21795
21835	98	21882
21133	154	25211
9175	212	9801
3342	134	23891
5444	2	10044
25255	212	5339
22352	154	25211
2123	4	1969
23047	206	6768
9517	66	22500
3674	212	23585
24238	206	860
25298	130	25211
25062	2	6171
2769	2	5132
8029	4	8650
7880	41	22158
24063	125	309
8890	7	9885
9559	90	21995
8991	18	4464
8734	18	22241
1533	154	24629
7226	42	4607
4341	130	8807
21247	99	21394
4440	18	22798
3248	42	6809
25255	2	23714
4949	96	22350
24900	42	24900
4585	125	1744
602	33	22994
9768	7	25192
24245	140	9539
7659	130	4421
2832	130	8807
21287	4	21471
758	116	5300
1558	18	21606
336	201	9219
5915	130	5383
21433	212	8375
6212	154	23309
1520	90	4706
5195	81	21556
6605	21	21160
22393	131	1684
3053	61	4614
7076	33	2568
86	42	21149
9918	47	3593
25164	90	21995
22332	2	6847
974	40	1727
5453	154	4611
23556	42	1540
5274	13	3001
5440	212	22485
4991	125	22020
393	7	2604
5507	7	10013
24465	42	10381
10072	33	7033
23588	154	3150
4560	125	21459
23213	42	9088
8965	125	9965
1194	154	68
2198	201	8119
21971	154	6663
25183	131	4990
25051	4	5055
4812	154	21791
4551	90	8960
356	90	8901
21007	90	2298
345	41	22951
5359	154	25211
723	18	10103
2955	2	860
21223	42	24752
7146	42	817
10016	216	1899
5101	42	837
23895	212	21846
22520	42	8770
9024	46	24409
2313	42	24056
25403	13	9463
7373	216	1899
8578	18	4150
23887	90	9434
5500	131	24511
23562	42	7813
12	216	1899
9868	130	25211
6995	182	7460
24500	121	7337
8620	130	22770
10280	195	22853
432	216	25336
4232	212	23791
8317	90	7872
2647	12	22923
9483	98	23978
392	206	5926
7339	42	7871
3885	206	21506
1228	4	24021
24565	215	3213
469	61	5419
23441	125	5055
6888	18	1550
4800	42	22427
7232	7	6242
6394	42	5779
924	116	1964
4896	90	24669
9829	125	21623
22694	216	22951
2241	56	6322
7609	18	7509
1235	42	747
4995	212	5992
24578	42	25379
9850	61	7665
6823	2	5127
3111	18	2081
4545	2	23034
9296	130	4421
22747	108	23734
6588	61	3197
3311	61	22323
8621	90	3417
24246	130	5383
25490	157	3880
24578	116	6688
2878	90	5838
6018	4	405
1782	4	24599
6759	33	22176
2398	165	7301
23974	90	1290
3718	120	6313
9432	61	6774
1474	154	25211
2354	4	6704
3464	90	8817
22981	154	4013
6031	7	10071
6189	18	4752
3228	154	6709
22031	90	9761
22013	151	4369
2941	154	8630
3768	108	6404
233	4	1798
6083	116	7408
23096	206	8143
2359	18	2003
2856	40	4147
22809	130	25211
8872	42	6725
10411	216	24629
9938	46	8754
2103	145	5484
8692	18	10059
4714	61	1957
3427	33	6532
3314	206	23817
22459	66	25309
8719	108	5383
2336	40	3061
5416	4	8312
21517	2	3881
24927	90	5120
6982	154	8473
24593	89	25221
7063	42	9779
21644	42	7236
4918	4	10381
23269	154	8630
610	90	25433
6770	61	4854
10216	212	9535
3143	4	5127
5874	40	209
5446	154	68
4973	4	4564
21835	206	6002
3120	206	23714
23811	90	1359
23065	42	2544
6403	116	8100
6114	90	6326
984	125	2304
22627	90	3007
3952	41	1411
1380	61	7076
4836	125	860
6967	108	5383
850	216	1899
7459	33	4151
2068	96	2198
4181	130	2470
427	90	21306
23834	18	23580
21451	4	22304
22420	130	2176
7523	61	8696
2901	42	5791
8059	125	1108
4211	18	22917
25152	212	22176
25068	42	22787
9966	212	8357
22969	2	2782
21103	40	22843
7318	7	8877
849	90	188
2574	131	9766
25015	42	23619
8248	90	9269
23584	42	6353
8918	130	22644
22041	40	8045
22069	4	9259
24308	212	4001
23369	40	25397
8758	216	1899
21071	212	3336
1346	21	1651
7932	42	8391
8634	212	10044
9541	42	1657
25438	18	9297
21058	130	2470
23109	61	7952
21435	56	8956
4980	18	21069
4634	130	8807
4211	18	25271
22258	33	22434
3678	4	24975
6849	216	1899
7309	108	68
4922	46	5271
23612	99	21394
6804	125	22845
2083	42	9645
10369	7	9431
6015	33	5351
24093	148	8330
521	90	6132
22781	90	618
2989	154	5383
2247	2	5517
1781	11	8912
3598	125	2304
4877	66	25111
21092	206	22460
2817	130	5349
21102	18	22067
21414	96	3643
23129	18	8321
4626	89	4772
2346	2	6171
5680	105	5776
1292	2	962
24320	7	5041
21768	2	21807
8106	125	2649
8680	206	5744
3977	42	2961
2684	42	8623
22053	4	10357
1863	61	5402
5507	125	8461
4197	154	2470
4556	42	6792
8892	7	4388
9114	40	5284
10323	199	9648
347	144	21161
23681	2	22032
45	216	22549
951	7	8207
5625	61	23480
85	42	23322
852	125	22409
485	42	2394
21768	2	23386
24632	212	9881
24545	42	7056
22578	18	25092
2562	115	8246
6148	42	6318
22832	130	5702
1685	42	10381
3536	88	25491
24703	108	8222
6795	18	24388
5859	40	8176
8628	14	9274
6296	40	10382
8415	33	1055
21571	4	2995
6805	108	7572
24425	4	5551
9826	2	4163
21325	125	805
8455	154	25211
23860	4	23264
6002	206	3809
21638	42	21153
2295	151	3353
23823	116	5300
153	42	3827
10187	2	25038
1152	69	8998
2082	4	8650
3863	46	21291
22195	192	6609
4328	130	7580
9735	42	9406
5510	4	2484
22676	212	24458
6185	41	23793
1242	18	7340
24048	2	7814
2353	61	2931
9076	2	10040
4599	90	25049
7842	212	4769
2179	42	9633
8004	204	1560
22139	2	21204
21768	2	23124
21703	18	9784
8243	80	6896
23501	115	22787
553	42	4817
22065	42	5089
2554	130	5195
8237	41	7767
23814	151	9755
5857	2	5640
4204	42	24913
5856	108	23734
8741	216	1899
7064	12	22374
2138	108	2441
1761	130	4421
5093	106	21644
7608	147	9803
4943	18	24638
21555	18	2248
2677	42	8299
2041	42	21250
21251	18	9074
480	7	21477
726	33	24023
9982	18	25251
22041	4	8301
9583	130	7767
25478	116	25025
6923	154	21791
24888	33	453
2298	125	6581
7153	212	23047
4327	90	22468
21324	4	508
7414	1	574
23145	46	9308
795	18	2207
5343	125	21440
1990	216	1899
1044	96	22377
1613	212	22414
6995	182	8078
7501	2	9617
23177	46	8754
1598	130	1075
4078	18	6228
7626	90	762
22535	18	22495
3238	90	23083
21941	2	1000
8753	18	8392
21761	18	21309
22054	90	8165
23866	99	8454
8598	42	5752
1028	40	7447
23157	216	22951
2353	125	3670
3469	130	24364
2095	4	392
22804	90	22097
7510	138	866
24363	130	21791
21738	116	2605
21184	33	22613
8643	131	3585
22876	130	721
7688	7	23917
6575	61	9382
24127	2	8851
24348	204	3150
23471	131	3358
10089	130	22630
23083	61	3238
21254	42	7405
24871	42	1383
6356	2	337
10182	42	23156
24170	108	10059
3955	42	2539
6347	42	6533
25178	212	2269
8848	42	964
25448	42	2515
3431	42	8928
4338	108	68
22287	42	2911
6220	4	22
22076	130	1839
6461	130	764
24293	206	24010
6571	56	7974
6448	130	3150
23225	42	3258
2843	130	3410
278	212	22176
23335	90	4081
24507	18	23600
25359	216	1899
23510	2	22988
8016	154	24928
7668	130	5853
1042	61	24536
1199	4	24599
4192	130	5121
219	33	22636
1209	181	4421
9599	195	4110
4105	42	9085
1398	42	9560
4702	130	5383
8015	134	7010
21840	90	3098
10061	33	1108
6154	154	10269
6867	35	330
7232	90	24087
21545	42	25306
9753	42	3866
9602	18	24709
6354	42	22294
24213	177	5730
22831	18	10079
4439	131	8666
8862	130	7690
2768	130	22017
21602	12	23909
6625	42	9396
1798	195	23437
9602	18	9901
7873	61	7314
6977	2	860
22565	41	68
8128	7	24434
7571	4	8842
6052	130	25211
2381	2	22409
4516	154	7337
3108	96	3406
4825	125	8357
24929	7	25406
21465	2	3401
9309	173	23813
22028	90	5163
5671	130	7767
21619	42	8866
1339	7	23701
4935	42	3169
6433	130	9557
1095	33	24790
21598	61	24661
21668	212	22020
8577	130	23734
5805	213	22350
2317	125	23791
4482	33	279
1398	42	5306
9239	96	8009
23263	116	1489
21529	2	1341
9021	148	1578
9599	195	5262
10098	195	2421
8684	130	22639
5475	40	7639
6467	18	8793
21502	42	10412
23575	61	6016
9190	18	9912
21326	42	8280
6178	42	226
22080	61	6032
22172	2	1592
22653	154	1214
748	33	8286
25180	18	9375
425	18	5912
734	18	1936
979	206	21725
6123	42	5797
4922	42	10212
1192	42	23093
6616	18	24311
9920	130	8807
10489	130	24485
7185	18	10311
2230	90	9915
5795	2	9626
4170	13	1524
5854	18	8334
22360	125	6352
6835	33	7073
4468	18	22532
6712	13	9463
3613	108	8807
10160	61	7343
10022	99	8454
21381	33	6201
21881	61	6652
2730	61	1829
21588	42	3258
24913	96	22565
1773	61	9745
25195	42	15
4827	130	24364
24184	33	2304
21609	12	8761
25181	4	797
1267	90	8028
7921	206	25431
22035	154	68
7724	42	23013
1556	18	9523
9626	206	6615
23538	96	5040
7425	45	3240
798	130	23978
9617	130	8807
8685	18	22589
24494	42	9318
3011	89	3369
4494	2	4163
22348	42	5272
80	143	25109
7035	18	22737
1589	125	8375
5224	216	1899
24156	2	22032
367	2	22648
7041	108	23734
2975	38	6802
10262	18	10220
1765	173	8788
5926	98	538
24873	18	5303
22249	18	4332
9599	206	4110
6530	42	4906
3365	14	68
10468	96	4247
3029	130	24513
10497	2	24469
9237	4	21623
950	42	3512
2060	106	1093
3431	12	2809
9277	42	23903
9062	18	1244
1514	72	2453
22464	18	7788
24398	122	5619
8004	130	6294
23854	42	6179
29	13	7006
24295	13	3001
8048	18	5912
3520	42	6809
8679	134	643
22949	2	1987
5398	90	22014
7133	206	6446
10370	90	7828
6369	46	22859
22371	157	8788
22813	2	7107
2310	116	6688
8918	99	5663
8705	2	5339
7655	7	6775
21513	33	582
1737	206	4001
21285	2	22032
25386	42	10136
360	61	1442
5650	18	23030
8690	90	8160
6010	216	1899
7715	42	693
3246	66	7601
22226	42	2539
22489	216	1899
4825	33	8357
3348	2	22569
24801	195	6073
6160	4	8680
22360	61	5530
9988	148	5889
993	4	1798
7814	195	3885
4532	42	2656
5078	2	24446
2127	18	2733
25101	96	21854
3639	96	348
22073	42	5792
25357	2	21549
21227	2	1737
2708	2	24548
10239	4	5127
22248	33	9804
4919	7	9944
5432	2	23034
987	212	5926
9597	42	2536
24415	2	9801
2744	4	5354
25035	7	24710
24740	33	21015
7356	90	2585
3753	199	7540
21271	18	22572
3958	130	3685
22381	116	7408
5309	99	8454
6694	7	4133
3076	18	3806
3219	18	1242
21177	213	6982
21694	2	4302
3912	2	8431
6818	18	21411
21823	88	8822
451	42	8199
8144	61	22663
2400	130	21583
23024	42	4122
3639	96	1506
3643	142	2654
558	98	8807
8474	148	10317
4751	18	2260
4929	7	3610
6344	4	22762
2313	2	1799
8546	56	24485
5189	181	22644
6333	18	9113
5598	216	1899
24919	130	22344
1503	90	5856
23563	85	4501
22985	42	22306
24186	90	319
457	196	8740
23950	90	2750
6144	2	8431
1223	61	24482
4575	42	21692
133	42	23910
7529	2	4166
24889	40	4898
22191	130	3685
7199	154	5955
7072	61	22037
24952	42	23590
6347	4	8787
2614	33	453
22121	125	21627
22845	206	24175
24009	42	3115
6414	130	8614
7032	125	7469
7221	81	21583
3761	18	7757
1801	18	1477
21387	40	25064
2602	212	22434
24260	18	8590
9856	90	4055
24683	131	4060
3517	131	2518
4760	42	4915
3566	12	2809
301	103	2470
6441	56	21735
22702	61	21266
4221	18	8707
24471	18	22798
3889	61	21100
3103	180	2218
4907	2	5744
1431	130	1336
24920	42	5216
3629	2	8940
10071	212	9522
7359	212	9801
3964	42	1450
5617	206	8232
8795	40	21946
21787	130	1560
25224	4	8483
24240	13	9463
5499	89	24852
7809	90	9748
22902	18	2715
24158	36	3718
2551	116	25025
4903	18	21578
4504	216	22951
3196	46	9953
5981	40	2339
23594	4	5279
6101	16	2441
3253	4	8375
5399	125	24021
21422	42	4393
9436	42	8069
130	18	1485
640	42	4372
5653	195	6207
22036	130	68
7023	116	6688
3965	147	1573
6754	61	22316
8795	42	7813
10092	216	1899
21959	130	5383
21895	46	870
7711	90	24032
24547	195	22020
7743	66	3403
9921	42	9318
24383	2	4024
939	96	22571
8115	61	10470
4956	18	22712
3392	212	23650
8247	90	10361
7988	4	24360
23088	33	22176
186	108	721
25325	40	22173
763	199	1871
23580	18	9694
23950	125	8490
5836	40	3103
2212	195	22032
24905	154	6663
5154	90	24783
3253	125	8375
4922	46	25013
22221	125	582
5959	18	10079
8259	2	4769
737	130	23793
23253	192	5383
774	2	9742
9137	4	2024
22446	33	8851
10009	33	24295
1620	18	1784
5686	2	24975
22913	125	22636
7293	4	9522
21057	18	25180
1983	18	3192
5024	64	3060
4911	216	1899
8864	154	21257
24670	130	7767
9185	18	22241
2607	102	24825
1715	125	2421
2376	90	1220
22547	130	23430
23379	18	5528
21043	40	23686
2148	89	4164
4894	154	68
24941	125	2421
1271	18	24034
5859	4	8176
22932	18	4217
3400	126	1334
183	18	23956
6057	42	4619
23199	18	2081
2875	212	21063
21682	182	25058
5393	130	8630
74	99	1856
1747	61	7885
2852	96	24133
2903	130	23136
9820	130	2145
6914	151	7589
23981	54	7630
1696	90	22557
1535	99	5813
8293	18	23819
21547	18	24769
25054	90	3426
23507	202	331
7250	40	9841
24270	179	24319
8691	66	3618
25195	42	5550
6480	154	25211
6948	215	5132
8796	154	21257
21663	212	22963
1002	130	2441
2878	125	21623
21278	130	23980
9285	18	723
23460	116	3182
2275	131	24267
21868	18	7185
8685	18	8647
4919	13	8998
1059	154	5383
9884	65	9742
4764	147	536
2801	90	3154
4976	130	21973
8649	2	9599
21633	140	947
2611	7	3065
1896	4	22851
1146	99	8644
7349	11	8615
4395	42	21050
24312	130	25122
8192	130	5383
10302	216	3370
260	90	24849
21642	212	21237
2053	42	3710
10011	130	7580
21352	42	22745
6507	11	23168
1853	116	5300
4739	90	8247
7988	42	9291
6552	2	5377
8693	18	23129
22797	154	22951
9386	42	21297
4241	115	8842
2860	100	23411
8820	42	21428
3569	36	22905
23745	154	5383
24274	2	3164
6536	216	1899
1066	108	25211
22465	7	23395
22291	40	4506
6574	154	25211
1354	42	4813
24145	154	23734
6684	42	8377
5944	195	24458
25371	108	68
1031	18	3658
338	96	9009
9307	130	22365
6782	61	9022
25498	2	24548
4396	4	1748
8499	216	1899
8892	125	279
3090	18	25104
8137	2	24275
9914	42	5630
25127	90	22652
4156	130	68
9965	206	23791
10466	131	2031
9625	130	68
8257	2	1399
189	130	8446
9705	4	8232
2898	4	5325
9690	2	899
7154	12	2809
5724	40	7410
9631	131	21789
23443	90	8415
23225	42	10060
7706	42	25074
3573	101	9287
9386	216	3718
546	212	3670
9496	42	5797
1746	7	820
1874	90	3206
23071	18	22789
2763	42	5819
3417	7	1820
7396	177	24621
7956	90	6854
21507	116	1979
1725	212	58
1389	61	385
7278	90	25377
8456	61	6823
10453	7	1163
5336	18	5542
7696	96	21808
25206	90	31
10309	116	7408
25187	154	4064
1993	108	5383
21879	4	7927
1023	12	2809
7344	42	9235
4393	130	21790
1325	40	25373
24904	116	5300
1095	7	10273
1455	116	5300
1710	206	1000
6867	173	5532
8291	108	4413
23525	199	9711
23767	50	7883
21596	90	23655
3180	96	21346
3074	130	5349
21360	125	8458
5152	7	3701
689	7	23342
6386	42	5531
6628	130	22639
24304	2	9193
1702	130	8807
3750	130	22519
4045	56	6753
24813	130	23734
6304	130	3967
1225	102	5418
25375	154	22639
9013	4	22613
10140	201	21799
21580	18	734
23463	13	9463
3196	42	21457
6387	13	22735
7482	42	6499
21298	4	22614
3322	4	21774
5053	42	10474
5290	21	1153
6353	175	23919
21525	46	6763
5420	125	23068
1406	2	2442
21409	42	5202
7228	42	25352
21271	18	10260
2524	180	145
23736	90	9418
4516	102	3074
260	33	4181
23403	2	21669
7113	7	5962
21928	40	21005
2261	42	3473
2444	2	1570
5818	216	1899
10093	125	1744
4333	42	21414
6731	116	25025
23683	154	23140
22161	147	21847
6440	33	5351
4187	151	22297
8573	42	9110
5743	65	4934
1981	149	22762
6717	212	21015
22154	96	5583
5719	2	24951
24802	216	721
23465	42	2056
22621	40	5401
10138	42	23411
23258	61	4654
24868	61	2920
8315	148	3089
9910	42	8845
4501	165	2429
4438	108	9581
986	41	24043
3066	18	22806
191	90	22242
9932	125	22460
25221	111	286
6253	42	23456
499	212	22176
3488	42	3811
4729	154	7819
3644	131	8945
4792	90	22693
3445	165	23526
7527	7	6757
24087	7	6242
25488	4	1409
860	206	8066
22193	201	3553
22190	61	4951
2793	116	25025
1004	18	25154
10359	130	6705
25190	14	25211
9667	90	910
24824	18	6536
7729	4	5926
9588	147	21876
22965	56	630
4227	125	22631
1426	42	23581
10285	108	1899
2775	42	23009
860	206	21046
25342	42	837
6755	13	3001
7470	42	2447
24213	42	1540
23875	40	22420
5476	90	5276
24673	196	9672
4926	18	4109
2212	195	5241
5738	103	1527
1475	2	8163
23429	177	7806
1427	212	9742
1366	90	1498
9238	72	21784
6908	4	4497
24382	61	575
3087	196	2771
6583	90	530
25328	42	817
9104	90	2616
7650	18	3119
2804	7	24636
1317	42	8492
636	42	4296
22518	2	21204
4083	66	9397
1918	61	7881
2744	4	5744
10303	61	9416
24191	7	3993
23138	61	8424
23415	212	3314
7081	90	6985
1999	130	23734
23833	42	5958
722	175	6777
8290	90	24681
4739	212	8851
25262	154	24629
1187	125	23236
4919	4	24599
3643	96	21414
2609	33	24023
23991	130	24554
25166	42	4862
6338	46	21286
485	216	721
7409	18	8816
22549	140	997
6140	18	21069
7125	32	6863
2208	88	24985
24832	130	21714
23514	40	6974
7175	42	3835
9185	18	7035
23041	18	88
4900	99	1856
7527	90	3783
3825	90	23586
9197	7	73
24853	157	8788
8358	58	22667
22797	216	22951
3824	116	7408
8159	216	1899
23279	66	3817
1882	61	23754
24793	7	1381
24580	96	2304
1599	131	450
6622	61	23716
9599	206	5849
5632	18	4130
9740	130	6122
2526	42	7862
4738	66	3126
4719	212	10280
7827	55	7983
8740	196	24562
2327	40	5690
23605	42	1854
2754	42	1707
507	42	9194
6772	194	24485
3445	165	21586
2047	13	1524
1837	140	947
21907	42	8718
21267	4	3209
4721	7	7321
1940	108	25211
5450	206	3023
22026	108	3492
22065	149	4953
3759	42	22671
507	42	7936
2043	89	1423
1507	42	5630
10448	108	23734
8920	42	7860
2282	216	721
21062	215	9981
24877	61	6031
22811	90	6711
23398	13	8998
7882	90	22391
7391	125	9098
3337	42	5051
8886	90	6056
3222	130	8807
24261	42	2515
2652	212	21744
4892	90	10404
4711	61	21217
22043	177	8932
25261	42	9396
4063	96	23376
25287	56	3370
3439	18	1111
24952	42	4491
490	18	1936
5758	42	7606
7503	151	321
21849	18	7214
449	4	8235
23901	7	5962
1334	154	5383
3815	216	1899
1803	61	24620
8189	90	4115
576	206	21440
24065	18	24474
2913	46	21286
6493	42	22068
24944	115	1657
6370	40	23242
6157	195	21536
22479	216	1899
6806	61	8166
2619	130	5349
2424	61	8798
4519	130	5383
4928	40	25013
2338	61	22966
4982	42	10011
21919	2	7456
23578	195	9483
4781	206	9999
311	216	1899
1122	40	22202
2563	42	3785
21154	33	3881
3619	61	3053
674	18	23806
9862	61	24684
3990	42	7500
25248	18	25100
5564	42	22076
24933	130	68
5977	18	9288
2854	2	8761
9250	131	493
10349	116	6688
25433	125	2512
8175	100	1657
9179	42	22536
3853	18	761
2944	5	22887
471	40	6332
22299	7	5102
8620	154	9367
4685	4	10039
70	18	1057
449	33	5767
10497	4	3164
22167	18	6209
5674	42	2015
3822	216	22951
4097	4	3957
7386	42	8603
4659	42	23182
1312	4	24784
902	195	582
9788	195	8410
6221	42	4894
25254	216	8682
22304	13	2523
10024	2	2015
21952	40	21946
22807	18	7109
24569	216	1899
1896	116	4695
4006	33	22409
22282	116	5300
3111	18	4465
23502	61	8200
2309	18	10436
22603	46	8226
2849	42	5635
5344	4	6135
22157	86	3519
3666	18	2732
9199	56	2997
6536	18	24824
4699	116	7408
22080	4	6352
4552	115	3897
21276	42	4077
2657	18	4819
10000	154	5637
24318	90	10033
5796	7	6782
7461	42	2156
4513	212	22613
1604	90	22234
9668	42	7865
24350	42	1082
21013	199	8262
8035	130	21681
6379	130	5940
22974	90	9365
8972	42	9372
8170	130	7263
22465	61	704
9742	13	7677
4784	125	2915
4425	108	9091
4646	40	589
1663	42	585
4081	33	5377
3855	18	937
24262	102	6448
22811	212	25247
3717	65	1510
22062	96	23090
5081	2	3719
1320	2	22304
5404	18	24078
2665	18	5778
3981	18	4208
4918	2	4524
5348	46	22725
7190	42	7124
24371	40	22233
547	90	9745
21561	90	1580
9599	206	22809
4388	61	3701
2088	147	7905
24792	40	25013
6590	18	7799
5983	2	8183
8096	212	24790
9596	18	1575
1545	18	4462
9466	90	1103
778	12	7198
5523	18	25138
4036	130	21790
23173	33	24001
23538	115	5839
21162	204	8682
1824	4	21440
7556	42	21981
4109	216	1899
22634	130	8807
24017	2	1399
21646	154	8807
5604	206	22485
23150	40	24922
5374	206	8251
23303	42	5915
23613	7	1947
5739	4	22304
23121	18	425
471	42	8770
4470	18	3192
9509	130	4421
5487	33	1570
1220	61	2376
24650	154	24859
961	165	25041
1182	67	8328
24529	33	23570
3540	189	7414
22778	4	21021
3582	61	23595
2827	131	6687
23873	90	22762
916	90	1077
21059	2	2917
1069	177	2558
25148	212	4181
4323	2	6665
10391	131	23554
2880	2	10065
207	130	23978
2728	4	7717
5588	18	6742
10389	61	10440
25288	154	4013
4103	154	24930
9776	90	24127
10081	212	9407
8156	33	25219
21652	90	7
4501	165	3409
7484	42	6064
22451	33	24001
7887	61	9521
23024	2	24145
25203	212	9804
25361	130	7580
9516	89	5176
8610	154	8630
22487	42	280
23422	130	2441
9875	33	22994
25346	154	22298
6083	42	5445
2008	90	5928
24936	33	9965
24124	125	22414
9664	125	9965
21836	159	24513
5074	2	21471
22483	130	23793
2112	61	4377
23206	7	7670
2510	18	6140
25470	125	22176
9584	4	794
22464	18	4587
21105	90	21269
24149	90	23701
8506	2	8410
850	18	6150
2500	4	2194
2972	216	21210
22731	130	21210
23609	130	2579
7536	108	25211
22623	61	9329
1462	40	24314
2302	216	1560
8301	106	6258
2781	2	7853
23274	7	25127
5992	98	68
24057	154	23316
6608	40	21946
7835	2	22414
9573	42	2717
22470	4	416
23837	33	6352
5002	18	7803
8500	61	6545
2092	90	25482
8561	7	2346
3131	130	1651
23268	61	8878
6043	149	8842
23108	18	24716
9397	199	2826
3088	90	22308
9636	66	7558
148	42	2536
10116	2	24786
7726	42	8955
25249	33	1000
2375	18	10139
4647	215	24923
365	152	2304
24829	4	6259
24052	61	23610
77	72	686
24100	2	5377
8245	199	2114
4690	42	7162
9756	38	725
23405	108	4413
22875	167	7976
5745	18	3956
2683	61	6430
4316	61	24616
10085	33	8490
6945	125	9447
2173	18	9926
21691	130	23734
101	195	5992
23241	125	23236
500	42	24449
21832	4	9133
10372	130	8037
8305	42	24098
10270	18	6554
1688	7	4878
22162	154	1651
4065	42	10372
5617	195	5374
24837	130	3803
22999	96	22256
724	103	9367
6152	13	1152
5163	90	10048
24699	13	2523
987	90	5931
5478	131	23347
9883	72	2572
23958	33	9098
24195	148	7202
8115	125	337
25248	216	1899
5137	90	21105
9076	2	21406
3721	98	23734
8908	216	1899
23288	7	4353
1558	216	1899
1138	42	3038
6215	18	82
25209	98	3150
1303	61	7729
1626	130	9117
25385	96	23683
5572	4	797
5288	18	3979
24411	133	5742
21734	195	3830
23042	2	2746
4105	42	9435
1878	125	9801
9541	42	23019
67	102	2290
2226	96	5792
1863	33	3670
10411	42	23278
7035	18	9185
1345	125	22032
2929	2	2782
9370	40	9082
5343	33	21440
8844	108	6404
3772	154	21791
23177	116	25025
22195	199	22387
1934	99	21361
7781	42	25352
8726	212	9801
1979	192	68
812	90	22676
6894	42	5797
3637	147	1868
23488	2	24965
1760	12	3623
21714	190	21562
21630	216	1899
7823	33	23570
9307	154	7819
9323	130	24745
6989	18	23308
25464	2	9804
21429	2	8642
8415	7	2279
314	130	2997
897	2	21414
4495	40	4886
2043	96	6372
6530	42	4915
2018	5	22992
8443	18	5060
24579	42	21108
24773	4	9714
8443	18	23189
2422	42	436
4326	96	7451
4673	21	24196
21915	42	21524
21277	216	721
6832	33	22613
8062	125	8851
6096	4	8217
22327	96	23392
6228	18	21494
6681	18	23705
21265	65	25220
21237	139	3670
25492	100	22677
25272	2	23714
7096	4	223
10062	2	1737
2699	130	1214
3184	47	3887
6163	125	24133
6473	11	9581
3617	7	246
3290	42	8794
3894	18	136
4368	42	22516
8068	2	23827
4561	42	8400
927	116	25025
1977	42	24026
962	41	23734
24078	18	7868
23323	4	25268
3872	195	6002
5484	10	5214
4663	18	4908
9988	148	24109
23582	130	1560
349	90	9240
4126	154	21791
1233	42	21795
4751	18	9340
23153	195	1570
21835	206	5172
1689	42	5059
8223	31	24128
3909	28	1513
4071	90	22838
5882	90	8014
2370	116	25025
5032	81	22141
21513	108	4413
4816	140	23843
4565	98	724
22191	147	24093
7325	116	7408
7654	42	10417
9861	216	21160
6534	42	3047
5185	130	538
1647	90	5831
24891	33	3670
283	97	4497
8214	130	538
24154	90	7952
993	61	10336
24818	178	24850
9185	18	4548
25317	18	5950
22800	89	24205
22348	42	23838
24902	2	9599
22524	125	9801
461	42	25136
22934	90	2082
2401	90	22869
23137	4	4256
24821	42	4702
24307	7	5102
7016	42	2717
6625	40	9478
21894	4	9742
7466	18	21843
2656	154	8032
1581	212	5744
5310	13	2523
6614	96	4251
4435	42	21055
6415	192	22639
3561	130	1075
22022	18	2829
24768	2	5132
24569	18	24843
3966	18	25177
2402	42	8842
594	130	24209
2715	216	1899
4104	33	23782
25321	42	24841
9872	61	7545
10182	4	25193
3053	61	177
3766	42	21653
2296	96	21627
7179	18	122
676	111	1899
21765	90	4662
22689	60	77
5673	46	23519
24158	14	24364
6736	130	1839
7894	154	24594
23976	40	4158
21477	212	21330
1468	33	6207
3416	61	1553
4411	216	1899
6192	18	4663
4230	154	68
4622	61	24783
8742	18	21849
3918	18	21957
7382	154	7767
4705	98	8924
6366	61	6419
2489	72	4121
8357	195	7853
1006	7	5714
9729	18	25408
5247	42	21846
23524	90	6405
3746	130	721
4901	148	4111
9159	216	1899
7024	216	1899
515	7	9292
8108	7	1123
8359	130	24342
22828	2	7779
25265	151	24686
21256	18	22338
23821	18	4038
5362	42	21142
9477	18	3806
23617	42	23107
4823	40	8364
8474	147	24464
5464	96	3864
7571	42	8842
3972	130	22630
25225	108	25211
4973	108	8924
5694	99	6899
6982	130	9367
2981	212	21744
24754	64	8574
927	4	25467
2741	154	8630
23158	2	24443
4016	4	1000
24531	140	24846
1452	42	2156
5518	7	10403
7808	18	7409
22565	130	4413
730	40	6168
2100	116	7408
1290	61	23974
4101	33	23437
22526	125	7288
283	215	8396
6042	18	3946
22953	90	21563
22065	42	4953
3878	40	9793
4425	212	21646
9327	125	21330
22177	18	3918
1203	61	23900
22659	130	3150
6413	42	1932
3134	42	23509
24186	33	2512
22063	40	10443
4701	42	1932
4623	42	137
7958	116	5300
21619	40	5830
24190	43	6802
5603	2	3371
9974	18	23308
9229	42	21130
23079	143	2129
7189	202	331
10032	151	22133
24017	42	21692
21026	130	868
9101	7	6418
9814	61	9242
21312	216	21791
21455	42	5144
24545	42	2399
25068	40	2644
8909	40	22548
3704	195	4213
21644	4	9927
22937	7	5734
21432	2	6069
9125	212	3023
3545	2	1341
1728	18	2548
3785	130	23734
4542	130	5383
953	154	68
4261	61	1699
6142	42	24561
4783	90	25236
4759	18	22675
25334	18	4987
9399	130	3685
5810	42	25136
22845	195	21846
8350	61	5363
23264	154	23734
617	42	6798
6336	90	4447
8288	18	22839
4219	46	8125
2478	42	9808
21470	147	21869
22322	13	9463
25479	4	1000
5293	174	8512
9342	131	21310
3163	7	3185
10125	2	6576
9815	42	2481
10147	116	7408
3721	206	22988
24589	42	4593
9769	154	1405
7275	4	22032
23127	2	5241
554	151	379
4349	216	1899
3915	2	5127
523	18	21860
3537	216	1899
21212	11	1411
2313	4	1799
24144	2	23714
9256	18	24569
6629	125	1570
6810	2	2378
25075	40	23293
2984	90	8755
21974	61	7917
2759	20	68
5868	130	10117
23207	4	22414
9627	90	9047
24224	54	5690
2796	4	23800
21473	130	22639
9449	7	2371
9764	40	3266
5549	56	6955
4376	116	5300
1462	42	4954
8693	18	24970
2328	212	22414
25215	42	4581
1524	35	22607
10476	131	23090
21241	42	4975
7614	33	23391
23200	216	721
23689	7	23880
5636	33	6581
5630	89	24351
25275	130	22545
23224	18	1743
4644	40	8319
23973	195	5450
8246	116	1964
469	90	21358
6494	13	22735
21803	2	9742
8485	18	1342
25381	18	23307
23699	42	21250
6207	65	7004
24960	2	22762
22433	42	22787
7061	130	1651
22537	4	7026
22280	61	5612
23959	152	9804
23828	90	25255
5304	7	2101
24989	147	9588
21510	7	25406
4997	18	7350
10228	130	25211
7997	147	4111
5018	18	5853
23498	108	25211
7645	18	9288
23831	42	10157
22047	2	22761
23071	18	10059
5105	2	22304
7173	18	21434
4546	42	22503
21161	130	5349
21399	99	4533
7475	40	8384
24835	41	22689
2982	130	5383
2940	131	25456
2909	125	4151
1358	131	1664
21614	42	24913
25486	33	1108
1693	151	10490
7621	130	2786
25318	130	21735
9958	130	21715
9599	195	5849
24478	195	24133
22942	131	2329
701	108	25211
5491	37	5776
498	4	23336
24494	2	899
4432	212	7354
21907	42	5866
24625	108	24043
21615	42	357
7692	42	2954
1117	159	5364
6402	212	24975
25279	42	25401
4719	61	22033
25408	18	9510
25322	7	8997
4462	216	1899
9660	4	5847
9317	40	23533
9069	89	9975
2543	18	5816
3407	99	3850
3400	213	21756
6659	42	3949
461	42	22641
3188	42	54
647	40	4898
3850	21	8956
4365	192	23734
354	90	25087
1023	42	4315
2063	212	5377
5728	4	8458
95	40	1999
10049	159	5364
5717	130	5383
24485	120	9539
24474	18	3815
22071	125	23570
5555	4	6704
5847	195	21627
7862	130	2176
8494	154	8324
21871	116	5300
7874	18	7134
915	4	23781
24016	42	5126
3987	42	5135
24939	42	8547
2828	206	7415
499	90	6274
5209	18	22734
4935	42	2362
6987	46	9697
685	7	4249
4776	7	5439
2633	212	6146
7711	212	9530
1646	61	4227
9703	125	1000
6613	42	6841
25257	40	24060
8822	66	23726
24495	2	21506
10224	154	10030
2404	40	24443
1173	102	8821
5214	89	7751
21470	147	22009
8354	12	23909
236	90	5073
6231	13	9463
21534	130	9600
23778	4	7469
7940	18	21606
2166	116	25025
8325	42	7813
2545	18	156
22696	199	1396
23528	40	164
8850	4	6439
1534	130	1667
22714	33	22176
6562	116	5300
5676	116	5300
8671	216	1899
4153	90	3516
25335	154	6101
7547	18	5628
21673	134	23588
3221	42	23695
3238	125	2304
25365	212	25492
21837	154	24177
8379	40	22755
21907	42	2056
21223	40	9049
1610	90	21495
22854	174	865
533	125	22414
4157	116	25025
3787	2	175
21371	4	3031
7942	61	22838
6750	12	6591
6214	66	21617
22768	90	22511
10219	108	21791
23603	131	8947
24132	42	8514
24208	154	22639
5927	125	7073
23879	2	23124
7989	61	731
24397	116	5300
1740	14	5383
6102	61	22008
23634	125	7133
24468	13	7006
24687	116	24853
10064	4	1396
8493	98	538
2658	42	8104
3354	18	1279
533	90	3017
806	18	358
9429	42	23557
6819	2	3580
2700	42	9865
769	20	68
22949	42	21414
8958	4	9843
21090	2	8139
5363	7	9261
9487	2	21623
6167	13	9463
8973	18	2657
4922	12	3623
8621	33	22414
9270	125	22231
1205	130	3718
461	116	7408
6195	185	25472
25283	97	2358
1575	216	1899
1696	61	7032
7458	18	2715
1345	33	22032
5867	14	23734
9915	13	9463
24165	216	1899
23282	216	1899
22191	147	4111
4376	2	3813
22453	18	2260
25066	89	22313
6676	131	4963
9761	212	7073
1642	131	1752
7534	154	4728
8705	2	9599
24902	61	1668
22315	116	5300
9849	18	24600
7479	11	24930
9753	42	6263
9906	204	721
1070	18	23048
25187	96	22814
3353	151	6334
25118	42	4581
7743	66	23766
23144	154	23576
9584	42	2139
22579	33	25492
4949	102	2057
24608	96	1518
25372	125	6352
3188	40	1582
23025	154	68
10217	156	374
2225	125	22176
7395	89	7531
276	38	725
1305	130	7385
22363	18	850
954	4	1919
738	42	23279
25146	212	336
8804	85	9480
23925	42	267
6571	56	23793
5887	42	571
25305	116	25025
21443	125	5926
9681	130	7337
22183	18	23615
8960	33	3670
10442	125	21442
21929	130	68
5652	18	2081
7727	90	881
23238	42	9235
25103	4	8217
8964	212	9801
39	125	5351
8029	7	8025
61	130	4881
25355	42	23019
8322	215	1964
21503	125	9759
5332	154	8807
6805	125	9447
4241	115	8391
24776	61	973
3995	42	10118
1422	42	24800
9932	61	119
14	42	24395
1105	42	742
4777	4	8302
23389	216	1899
23519	106	8771
7637	42	7432
22473	212	970
23812	12	23909
5913	212	22414
24643	61	24869
8442	42	22634
674	18	6182
2193	7	23172
21174	42	5805
23736	33	9999
23225	46	8125
22255	42	8706
10462	165	10290
6394	42	815
24074	61	2633
7561	154	68
8204	18	3706
9867	18	4029
3938	18	4462
6861	18	21115
773	4	1969
23330	90	21584
6892	131	7473
5880	2	4163
567	45	3240
2489	31	1691
7599	216	1899
24485	140	9539
7913	151	262
6732	2	4163
5921	90	3464
23908	216	24629
22296	90	24249
7331	130	5940
6622	108	9931
25384	2	171
23572	42	3020
4094	130	3803
23628	131	7535
22392	18	3672
7387	130	21210
10487	154	25211
5636	7	25424
768	136	25016
22930	46	8754
9659	2	5127
735	40	7639
2284	4	7927
10173	100	4689
24502	90	9358
25486	125	1108
7098	42	5368
23313	42	6433
22858	4	25447
3333	116	6752
24193	18	22712
829	206	10044
22446	125	8851
807	154	22889
4384	2	644
6525	177	207
9334	195	4902
6544	154	5383
6036	130	23136
1539	7	8543
7315	42	8393
25123	125	7728
4345	31	24128
832	61	25459
836	18	21590
23518	42	3980
9568	4	7734
25257	116	7408
7083	7	1304
350	42	4276
10248	42	7481
7948	130	22639
9487	33	21623
2894	212	3186
24628	7	4878
21766	61	2153
10169	66	3403
4385	130	21791
2021	131	857
9238	130	10312
5740	108	538
21551	116	24853
75	108	68
5495	130	721
24696	216	1899
22507	72	23954
795	18	23796
8463	42	2447
1681	13	9463
10084	12	10291
25361	154	8807
21720	40	22991
6369	2	9971
167	90	22300
6642	4	6103
109	124	3565
7963	2	7639
23798	7	22657
8381	96	24267
6297	4	6103
23860	42	24436
3033	131	22624
5926	130	5195
5247	42	2896
5073	33	25219
22275	216	1899
2267	116	7408
8140	42	21099
24972	125	1412
8927	41	4421
24611	90	3503
4982	42	4156
7465	40	1393
23629	125	9098
25335	154	2441
23541	90	2611
3438	12	2809
2876	42	7894
75	2	22853
24845	42	4305
892	108	23734
329	90	6094
22712	18	8475
4094	154	24554
1024	42	23233
23350	13	22735
1692	130	24629
25279	42	24366
22964	206	22116
4296	154	8630
25482	7	25073
1454	151	24635
1256	61	1927
24693	42	10212
21896	40	25013
21279	130	4945
8389	42	10036
3880	102	7612
23369	42	9318
763	42	9780
7083	90	5645
3641	154	68
994	130	9319
4825	4	1221
9151	40	4223
22117	40	24619
8101	90	23820
4944	125	8490
24883	33	1261
4837	24	8494
8617	14	21791
3104	7	7120
6925	18	24510
24357	38	8682
22858	4	2484
3783	61	7527
4712	7	7332
8551	130	7292
255	89	7531
5452	4	6184
2513	42	8706
4975	130	21109
23213	46	3414
24149	13	9463
4322	89	7112
5366	42	24841
1855	4	5592
23278	154	24629
6465	125	8544
25059	90	7638
1505	122	10135
21258	90	7205
21601	90	559
5206	90	9837
23453	154	5400
5744	130	538
2506	96	2362
21926	195	9742
7608	147	2088
8888	2	6008
2612	42	742
6664	18	25036
25229	2	7859
4383	116	25025
4828	42	3858
22332	90	4880
6107	46	9953
5843	13	9463
5329	125	2304
24643	212	22988
5265	42	4491
408	66	21899
21611	130	25336
5083	2	7374
5484	14	21973
1407	98	24209
4184	18	9926
9416	4	7078
6703	18	24991
22019	90	9355
24302	4	23153
7380	130	3150
24304	40	10165
8642	130	8807
22980	18	24732
6132	2	4535
25068	42	9714
3769	42	24800
24277	130	23356
8473	216	23793
419	18	7788
7991	42	2084
24503	18	22142
5652	18	23199
10255	130	2682
22163	125	7455
7068	181	10271
24702	4	22409
5436	13	2523
23698	33	21623
21819	175	2853
245	61	24346
7800	130	2470
9830	42	2385
1589	4	8375
1727	130	23332
6889	12	3623
21518	42	6803
504	33	23437
7997	147	21384
3053	7	6877
3598	61	24184
25465	125	4151
8259	61	25115
8762	130	22298
4334	154	3034
21504	42	4609
3793	11	956
8080	42	5797
5462	18	21115
2200	18	22709
7245	14	24364
9015	90	5683
2873	42	9330
23330	7	9125
1300	88	1932
24591	2	24563
5530	33	6352
8132	42	5792
2532	116	8100
21542	90	9245
9355	7	10168
22737	18	23597
5136	102	2716
1522	216	1899
596	7	8984
23420	66	22782
8208	42	6153
4877	96	22696
981	2	22853
23567	131	21492
1669	96	8072
2608	7	2381
9204	89	225
21076	66	3016
5057	61	946
4435	42	9069
7131	130	68
4198	33	2568
10479	212	3719
22254	125	23391
22161	147	21384
3407	99	21394
2472	206	6379
3340	4	7927
217	89	3369
5070	90	8246
1385	2	255
22913	90	6572
3229	96	7581
2040	216	1899
21506	206	7316
8379	42	3897
6517	7	21338
5896	7	4589
8835	18	2813
6541	130	24342
3527	130	301
24355	4	2024
7097	192	5940
5686	33	22994
9926	18	4184
4233	108	3492
7444	130	24629
8274	18	21843
23795	125	9965
9518	89	7531
10203	42	3135
3579	116	5300
6258	116	5300
25151	2	592
6653	61	22279
4709	42	1181
3051	2	7561
8087	40	4308
21600	154	286
21783	144	1629
23508	131	4598
8169	130	266
21751	2	7469
23925	40	2504
6743	61	23141
58	13	2523
7036	154	4013
3429	130	68
10202	70	3567
24498	18	23161
25378	215	25484
818	108	10095
8333	42	5866
319	61	24186
21966	216	22905
5184	108	8595
23707	201	2277
10008	18	9720
5953	154	22639
21573	61	24903
22447	42	1260
4415	212	22176
3831	2	23714
21244	125	24975
22716	195	4001
1397	42	21757
2806	7	24721
8777	130	1755
5570	115	24033
22384	125	5062
9646	2	4024
24734	204	21210
23342	2	4163
244	42	3910
21739	2	21666
10109	42	5696
23454	7	5931
3106	216	1899
24791	4	22304
21308	165	21962
2055	2	9927
8963	33	962
4492	115	3634
6870	103	1703
23825	13	22735
21085	18	4587
6235	89	6473
2977	90	7899
3807	212	22176
4815	152	2304
9902	18	24299
24762	81	21500
6394	4	9968
9187	18	2426
457	111	21978
25001	42	23387
9768	33	7073
30	130	342
4242	18	22806
21027	108	3269
6545	212	8455
4956	18	24915
22792	46	8226
5996	4	8312
23340	2	3103
22607	206	1391
25479	108	25211
22032	130	6404
9713	130	339
2098	4	1445
24860	131	4251
24724	192	25211
21841	42	1011
544	61	3154
10236	46	9953
21812	18	6140
21617	201	22833
24046	154	2495
22276	42	5390
24032	108	7263
8852	204	21791
4204	42	24092
7449	42	1129
22011	42	2322
7308	98	8630
5698	42	4627
8994	7	9261
10079	18	5959
6110	90	2618
3343	130	2441
25412	90	4650
2256	42	4660
2748	61	841
24577	40	5196
6510	42	2139
2691	130	23004
4783	2	7243
9729	18	3837
1701	2	6847
1797	125	3717
24615	97	2358
4040	42	558
5707	108	23734
3398	2	21846
3421	212	1463
7271	4	3086
21372	108	3492
22537	7	7207
2474	154	7385
9353	130	9367
9428	90	21743
7103	90	5865
21955	4	8131
10212	130	8630
9261	212	21623
4715	154	4421
21966	171	1331
2270	42	10456
2948	61	22172
9334	195	1055
23948	61	21879
2213	90	24613
7771	108	23734
3507	108	21583
1472	33	24469
23869	7	6112
2962	125	5926
7495	131	1285
3686	108	68
24713	18	21585
2300	18	23217
3946	18	88
9288	18	5977
3443	90	22208
8782	7	832
3550	7	4424
3005	42	2538
8926	130	3150
22101	125	3670
22782	66	6188
8129	204	1899
8034	116	25025
1746	61	21306
24031	125	21440
9715	18	21722
21380	192	134
21262	40	21479
7240	61	2877
5419	108	5383
5588	18	24448
24386	90	5310
24540	4	2024
22606	96	21857
2709	2	4163
23012	7	8207
8339	89	8272
3065	2	4163
9934	33	8851
8113	212	1744
6781	61	21572
5670	61	6457
6206	13	7006
10	42	8407
21537	7	2642
1016	2	201
8255	14	669
24079	154	22158
1994	212	7924
7312	130	21790
1131	42	2096
25051	212	5055
1642	154	7819
8110	7	7059
24537	40	794
22191	147	4188
25186	36	721
10047	42	25454
5802	42	3817
1677	154	1355
7358	108	24554
5266	130	5383
3868	40	9971
22201	125	3881
3291	131	22050
24070	125	21623
7399	216	1899
1829	212	9441
24550	13	9463
22819	130	22293
24958	2	25064
5136	96	21748
6248	212	9759
9841	154	23734
25085	18	21295
8731	7	9856
3255	42	8843
1912	13	9463
3632	42	25052
23808	90	22446
1320	33	6201
1007	18	1073
1931	40	3266
708	130	22549
5606	33	2512
24526	2	5517
5360	41	24531
6050	212	21846
389	61	1921
9667	61	1930
21426	192	3936
23877	61	4278
10049	159	24629
24965	206	5919
2881	90	1187
3404	116	7408
6490	154	23793
6436	4	1720
9783	33	4564
508	154	23734
7443	116	25025
1688	125	24446
23615	18	25334
4463	154	24554
24493	42	22422
10141	18	8271
897	40	21818
4841	18	57
9678	61	24020
3459	18	2704
22212	130	2470
2994	116	5300
3424	42	24973
10373	33	5393
8774	61	2271
3777	130	5702
6157	195	23539
4436	18	8051
1579	4	4529
8458	130	24531
10352	18	6225
1675	18	10139
21010	4	21123
22042	42	1341
5068	42	8404
1240	42	4736
3930	97	2358
2810	42	22417
8277	2	7410
22399	154	21790
23024	177	24571
4468	216	1899
8518	42	21457
425	18	22932
21826	216	1899
1243	4	9156
6934	125	22176
10289	46	3414
22237	7	60
8687	42	8843
23165	42	6017
23369	42	22707
8021	154	3150
21858	130	24485
2987	204	21791
10123	4	3042
10385	42	5469
458	14	10208
3861	72	21624
4684	33	9965
22574	18	2233
3164	195	24469
3216	42	192
7286	130	6498
2340	81	21583
2517	149	24056
5363	2	21623
21313	42	571
4754	18	4615
4641	116	7408
3985	50	68
8756	115	1843
9603	4	2015
7822	2	2024
10239	7	858
24129	42	22337
9241	216	10269
675	2	24057
23974	2	7288
3009	46	1678
4683	216	1899
8354	4	4089
9060	99	21394
22023	2	201
3611	18	22829
5972	130	23734
6966	7	10071
169	33	21442
9234	61	23561
25378	88	5517
106	103	8571
1712	130	21791
21574	191	4345
37	108	5383
7143	42	23192
22286	40	22202
23804	195	22032
21673	61	6200
21355	2	3885
4841	216	1899
8355	18	22354
8178	42	192
6772	216	7512
10255	131	21346
8371	130	4421
21033	36	21210
23282	18	21115
22439	90	9936
3307	7	22594
2540	61	530
8133	40	6001
25086	40	4531
25263	90	1162
3098	61	21840
5491	6	5776
8839	149	274
23832	212	7415
24478	206	22809
1961	90	4739
3449	116	6752
23386	206	22020
1760	40	22173
22450	14	23140
176	125	24469
4384	212	21846
9945	84	4842
827	40	24264
6643	42	3741
6482	18	24510
22658	66	2254
9072	42	2515
5677	42	23025
9497	40	2238
666	42	3677
9728	33	6201
22043	42	7245
9707	18	21804
9447	130	24594
7386	40	21842
4065	42	3634
179	42	5639
2261	42	21913
4421	74	22719
21408	96	7651
8286	98	23734
25295	90	2036
22972	42	22612
4381	42	1880
5349	16	23980
4149	61	618
3430	216	1899
4282	195	5767
23380	90	7200
22835	40	25179
406	42	10159
2729	151	9178
6830	42	8352
3910	14	5383
10290	99	21361
8435	2	1712
10446	40	24914
2604	90	8949
24260	18	21309
24715	81	4413
9445	42	9264
4163	195	8143
4550	90	2168
8856	125	2181
10262	216	1899
5030	2	2624
7748	33	8851
9170	212	7354
2713	2	944
5686	61	22305
23323	42	23359
2236	195	9438
3016	130	8807
8868	18	8655
449	7	1604
21364	108	21583
21635	106	22783
24440	61	10479
10406	83	2354
6175	42	25493
2208	134	24985
4585	33	1744
1607	154	23140
3572	2	21994
7505	61	6202
9056	8	1513
9208	61	3703
3143	90	8599
1564	90	4921
8821	151	1173
6384	61	6910
10299	66	2254
21706	140	5033
8984	2	3795
778	116	25025
10472	90	24018
25079	108	25211
4491	130	3034
3739	42	21976
8700	4	4902
21166	213	4475
21706	140	24870
21936	42	10381
7653	125	9447
4587	18	22464
7973	56	22549
5912	18	425
23131	18	9773
2960	18	7506
8261	42	21101
9515	131	22377
24302	2	557
5845	2	2791
7505	90	2264
1054	94	3697
1179	90	23134
176	90	21259
23991	154	24554
22929	140	6313
7709	216	1899
5305	42	9642
6347	40	6001
8012	18	3956
8018	90	144
21077	154	21036
8252	216	5099
23304	130	21082
1872	2	8761
22520	42	3451
22891	33	25219
7709	18	2671
6597	42	4296
25170	40	21934
23687	7	8213
1704	42	21168
24389	42	1460
21516	61	22688
23513	130	23421
8697	42	2239
2714	42	23930
24018	2	8423
2352	40	4898
24667	89	25370
24279	130	2470
4516	154	9917
5919	195	22434
4301	90	3945
9827	130	68
24964	4	8176
2599	125	22414
23448	154	5383
1054	178	3697
1580	4	418
4638	14	5383
1023	40	3609
9641	46	8754
24389	40	1727
1802	2	2746
23325	81	22885
9656	4	3609
5869	89	5198
6219	4	2915
5556	130	25211
44	66	662
7941	2	10418
7256	42	23251
5570	115	22571
23283	42	9276
21756	102	4475
2719	42	3702
4667	130	22644
5054	96	1706
6589	125	23721
24757	131	6975
10489	130	3685
782	89	9385
10161	33	9522
24693	42	3785
7832	2	10044
8355	18	5008
9176	40	23780
694	4	6470
1463	206	7918
6501	2	7747
21401	42	8928
5526	18	9044
1603	18	8109
24183	61	2727
861	182	7460
693	100	21870
24647	61	23281
21914	108	25211
1729	41	4917
24202	154	24513
2077	4	24133
5136	131	9182
2305	42	24334
2983	125	9804
3783	2	7814
21069	18	21732
575	2	22762
765	42	9920
2472	195	7982
25274	42	280
9937	108	6705
8413	130	9055
4841	18	9715
9673	199	42
23953	151	25041
3061	201	23392
8506	61	6745
2191	2	24975
2767	2	9804
23208	7	21246
1943	61	21688
8534	96	21497
21947	41	22785
25358	7	25008
24860	130	21210
8707	18	9361
25086	2	4531
4934	98	23978
9738	33	23827
4737	33	7073
8119	154	3150
21530	154	21708
157	42	7308
4308	100	22051
6854	212	22631
23494	216	1899
2651	42	6920
224	154	22639
10213	42	799
6135	96	534
1334	213	21756
6446	98	3822
1456	96	4768
4188	147	24093
1661	216	1899
24150	40	21958
25466	154	8630
720	42	4018
6678	102	21192
21446	42	23458
8890	33	6764
25289	142	721
1099	216	7767
25446	96	21339
24869	108	721
24846	56	24629
3564	130	8807
4216	42	7871
9629	154	25211
6472	90	1812
22245	99	8454
4046	18	9758
24378	2	25234
21713	4	24581
9425	18	8908
4444	4	6139
24073	33	9742
1570	206	21646
8280	89	10135
24529	61	3344
24504	130	630
6058	4	22960
818	108	25211
22781	108	10059
4067	2	2442
3836	42	4276
2884	40	25454
1935	212	2304
10482	51	22958
2325	42	23382
428	42	3110
6780	2	4181
23026	130	7819
25049	61	4599
150	12	10291
7200	212	22020
24036	108	25211
4059	42	21813
1325	42	1897
8994	125	21623
3970	96	5093
3763	15	8630
2767	33	9804
2702	40	6184
2908	42	8999
2704	18	6269
25184	2	23151
9595	100	25314
22776	125	582
294	131	4251
25123	33	7728
7959	125	24133
25075	42	3618
22605	108	5383
2271	125	970
9898	2	7639
767	108	21791
22116	130	3936
497	4	2828
6089	42	2386
6232	33	3719
22593	2	3247
24680	42	24287
8318	130	21791
1315	13	22735
3498	7	8563
24794	154	5383
23560	42	54
6252	42	25145
9964	2	21506
2353	33	3670
7077	212	21623
3819	18	8735
23210	130	24554
3488	40	22864
5487	7	1520
8087	42	6973
24494	116	6688
853	148	3309
6056	7	8
4790	40	4942
23931	125	9801
1859	212	5782
8405	7	4880
9147	4	24056
5991	18	6852
8728	140	947
5560	7	394
1736	18	561
3385	42	24973
910	33	23391
3372	90	325
9185	18	22737
5951	7	359
6118	130	23136
7247	61	7807
21031	18	22829
2369	61	4719
2867	130	6498
3589	90	4614
24038	42	4076
23703	130	21714
25471	46	6397
1743	18	6269
8306	89	23179
5274	13	25153
6563	40	1582
7248	18	7624
2925	206	6953
10177	212	7924
10196	12	5271
24410	2	9447
24000	154	8630
9636	96	9488
23092	216	24347
2548	18	7786
6147	45	8494
10127	12	3616
1981	97	22176
4057	125	582
22904	40	21625
8657	140	21791
10096	42	10077
21928	42	8898
23144	213	22133
23707	36	3150
974	42	2056
23788	42	6433
1339	90	23474
6659	42	2536
24561	41	68
4081	125	5377
6046	18	24325
22920	18	1111
8084	31	24128
7777	125	23391
22687	212	21046
24960	7	5208
6144	108	24393
5759	18	23600
6759	4	24663
23613	2	5653
7983	192	24930
2588	2	22304
3417	4	24784
198	42	1460
10282	130	538
2878	13	9463
23813	25	21791
21024	125	24790
24185	85	23601
2830	54	8019
7666	2	4302
8523	90	597
162	125	23714
4415	90	2854
2378	13	7900
5853	18	23048
6426	191	5338
24700	4	8391
6133	18	24477
170	42	9110
21655	61	5525
4185	7	10319
6684	42	4761
482	33	22176
3860	40	2644
23246	18	24379
8091	46	506
25053	130	331
769	81	68
5718	125	23236
21248	42	22673
21193	42	8602
9323	14	3718
7429	90	1208
22787	154	1899
3472	89	25452
6095	42	22910
9343	212	23714
5611	2	2624
5989	90	2783
607	2	4089
9717	116	7408
2672	40	3266
9845	33	1744
5049	116	7313
1365	165	10460
49	130	9675
22218	125	1744
8471	5	8093
9654	18	4819
258	116	5300
3187	142	721
21327	66	13
9302	130	5383
5966	4	25397
8478	13	9463
7725	125	1570
23115	42	4507
5292	96	21756
1028	46	9308
2519	4	9925
3166	42	2212
21150	89	21212
3440	154	2470
2042	61	3764
9335	206	24789
23698	13	9463
4891	42	21913
24191	125	23437
2924	216	1899
2744	7	2357
2358	98	68
25160	90	22316
4668	18	24338
9889	18	8440
21286	106	9541
4262	116	25025
2542	212	22633
23231	42	24546
9832	154	4421
22263	90	22451
3048	130	3269
9838	40	4524
711	7	9313
914	216	1899
7814	130	6705
10235	206	7419
5384	108	3150
2265	108	3936
22830	116	24853
6065	130	23734
25251	18	4926
448	125	24023
24471	216	1899
21248	88	22673
6405	7	7633
7630	130	23332
8025	61	4998
2210	42	4315
6804	7	1475
24609	90	1562
6932	40	4300
21421	61	3185
23939	18	23080
6250	216	1899
21970	102	25331
4754	18	131
25196	90	22515
4804	61	2206
6971	33	1000
10355	199	3230
6053	154	2850
9268	212	24790
2934	61	2823
23418	4	9927
8072	130	4421
21181	46	2196
7693	108	24400
24706	130	8807
21600	130	23868
9997	130	68
24470	42	22324
3069	42	10481
23789	18	7549
389	125	9999
6836	2	944
4609	96	6784
7206	42	9508
8048	216	1899
6164	90	22126
495	2	21637
24550	7	21242
4046	216	1899
10351	216	1899
4519	131	4007
6085	42	23550
21479	96	3960
6232	61	24228
6178	4	4089
22774	4	2024
22621	2	5401
22045	130	21109
23054	212	23825
7420	42	2455
1000	195	21440
6107	12	7979
8120	42	2211
22988	13	3001
6400	18	5588
8647	18	8685
2034	42	3390
1245	42	22634
21476	46	9566
25164	2	5551
6489	42	9235
3456	103	4429
23027	42	1347
9234	125	23539
6299	108	23734
22741	42	21050
8784	154	9557
22354	18	5207
23274	125	8232
10485	90	3838
4596	40	7054
949	130	5383
23158	42	10409
22979	147	743
24623	212	21063
8579	4	2194
4	108	25211
5081	61	22568
7717	201	22015
4001	195	5744
2480	4	3042
8462	4	22485
9829	33	21623
5732	108	8807
3863	42	10496
3019	42	9984
6563	42	24098
5667	61	24665
23266	215	1964
3776	46	7923
21191	2	9335
6383	4	25447
951	90	1631
21567	2	23817
9902	18	914
21965	96	1145
5456	125	4131
8279	90	7793
23573	130	21973
3871	42	8794
4799	4	22960
22002	40	9049
8717	61	2357
4683	18	24474
5693	90	8
1135	131	3440
24055	18	10079
4468	18	419
6093	147	5889
244	42	25362
9823	154	24629
25148	2	22762
21682	99	1856
2803	42	2935
2965	42	23816
1045	61	7080
24710	13	9463
478	40	21199
23188	4	2442
22088	33	22414
2864	116	24853
6327	42	7137
9521	33	24133
24881	18	23956
7164	7	5041
7148	42	25294
23603	131	7299
22947	42	2999
8111	7	6877
8034	40	4524
25089	42	21795
9859	90	2331
21260	212	1499
6909	212	2421
3186	195	8544
22949	42	23279
1626	14	68
1508	130	23734
8538	41	4917
3991	42	3230
4927	98	4027
24336	42	22083
22474	90	22322
129	4	5708
2933	212	9881
5056	212	6768
9626	195	1720
22269	42	24254
4168	61	72
7962	33	10044
7553	131	7621
6738	18	907
5442	116	5300
9938	40	589
21358	90	2709
1835	42	1343
7689	46	2554
24670	130	1258
7138	56	7512
21360	33	6190
23240	125	9742
6504	195	2181
24624	42	22536
1972	212	336
1531	7	25278
6833	96	10360
10156	33	5055
21504	116	5300
2318	2	4163
23161	216	1899
21691	175	25198
25432	212	22988
5577	42	6700
584	116	5300
21324	4	2024
6353	89	25109
3216	40	5271
4417	18	2657
25081	89	7531
4339	61	9684
2443	61	24116
5970	125	5055
22599	216	3150
21080	116	25025
1166	143	519
7445	42	2232
21472	42	9276
23952	154	23309
6108	42	23069
5366	40	9711
7129	42	24287
8696	2	9626
702	96	24587
5882	2	5823
4342	42	21653
1538	195	6768
10395	42	5761
6126	40	1986
7642	18	4916
6929	33	2344
23639	116	7408
9755	102	23814
1196	125	1108
10470	125	337
6024	154	5383
24280	4	21899
7108	18	6412
8849	2	5517
9397	201	6214
9974	18	10262
2418	7	23035
8798	212	21623
9799	42	6699
6955	140	7274
1012	42	3198
22433	4	6544
21845	42	684
674	18	5027
10435	90	3170
25206	13	1185
23726	66	2437
9191	2	5617
4779	14	25211
5969	90	24203
23722	42	24522
1263	131	8335
1098	130	3685
21783	144	24399
802	18	23254
2497	42	4689
23319	130	68
23857	4	2024
25144	33	21744
21039	18	23806
2923	18	2872
3275	131	23132
22491	140	24472
1930	125	23391
892	2	8829
2299	42	7203
3374	61	4944
6964	41	1560
7915	33	22414
8279	7	3586
10087	18	5816
23457	40	9080
3277	2	9045
2373	130	10346
9959	2	2024
3200	131	9848
3651	42	7622
547	61	9663
5228	131	22562
5441	18	8735
5001	18	24049
9553	4	1000
22000	97	1875
8561	33	5926
10213	199	5185
23676	7	5931
23973	98	5383
1949	18	21295
21841	2	9971
7693	2	21528
7355	42	23891
21814	216	1899
3954	42	1887
25311	16	1656
6454	212	22176
6394	42	3152
325	2	4163
22366	18	23032
1465	33	21744
5211	216	1899
242	30	7456
21303	18	6343
5901	33	22485
10300	33	24133
24290	116	5300
21422	42	1836
22433	116	6688
10437	42	10173
1348	18	9602
24384	18	8048
5516	4	21666
5721	40	21159
2646	66	8803
3429	154	68
5045	18	8401
22348	40	1456
7037	33	6446
7870	40	2989
21685	18	723
2034	42	8628
427	61	8819
131	216	1899
6844	2	22368
292	90	7552
24226	4	6069
7989	4	24275
25470	33	22176
25132	13	9463
3917	42	6736
5767	13	3001
3111	18	802
1134	125	970
24634	108	10117
3519	204	721
1768	7	7881
1554	61	6567
8769	42	25074
22315	4	6259
24713	18	3938
10125	2	22414
8980	18	24618
8403	45	3240
2573	4	22387
6795	18	7436
2155	42	3564
25148	61	22762
6980	212	9804
8815	108	8074
18	154	9751
5680	6	5776
25480	90	9195
6476	33	2917
2366	7	4452
3479	42	815
1481	18	5854
23884	33	6764
6961	125	9447
22799	42	9582
4724	96	6600
10465	42	788
24424	7	5931
9494	2	557
6259	130	5383
3142	90	17
22343	18	2485
22994	65	24975
8611	33	8461
4726	42	24113
3176	106	8236
557	206	1570
24239	42	21195
24036	61	5417
923	42	5202
9848	130	2682
24652	130	21973
9344	42	6137
3205	42	23233
22737	18	2855
4176	18	1088
22508	4	24790
4689	100	10173
23846	33	9759
112	165	6829
23851	90	2550
8077	4	2512
22417	154	3718
8750	14	10095
2068	154	23734
5030	116	25025
24009	42	21959
24920	42	3347
10261	192	3718
23897	203	1209
3338	116	7313
7691	140	9539
24679	108	8807
2917	206	1570
8187	216	1899
7235	165	8927
8083	4	5618
1523	2	24275
659	18	23050
24517	18	24569
9130	108	5383
21137	42	21250
4729	72	2349
5605	4	3670
6956	4	1120
681	90	1892
9698	116	5300
4390	7	10257
3786	42	23495
24214	130	23734
9864	18	2657
5983	149	23484
22688	2	24469
2270	42	24133
22000	212	5992
24980	61	7283
23755	130	8807
8561	61	7089
24743	130	23332
3380	18	5991
1197	96	189
21445	40	2916
4994	7	4965
8500	2	23393
4420	102	4422
2074	18	24880
5130	42	2394
4987	18	25334
21860	216	1899
22841	14	3150
2921	18	22680
2766	18	8204
10136	154	23734
4744	2	24563
4973	108	6404
10183	40	4638
23715	61	1332
24164	61	6204
25188	2	8829
3508	130	9154
4404	102	5785
10260	18	22572
326	18	10021
5745	18	6742
9594	42	3390
126	42	1657
8379	177	22755
8415	108	23734
6620	42	3591
2590	18	7742
5452	116	1238
5412	130	4725
23932	61	2618
10413	2	7853
1283	216	23793
23852	90	1957
5924	90	24651
4339	2	2102
9366	116	5300
5223	42	21607
5053	42	9704
3784	131	10340
21909	212	24023
8381	130	21791
3416	90	25432
23764	134	21231
24866	42	5750
9780	96	1871
6897	216	3423
1438	216	24629
8069	96	8744
60	212	6446
10138	42	9842
22179	90	340
2298	90	5335
21646	206	22613
25424	212	6581
7335	102	23026
24562	111	3936
434	206	1108
25006	130	21544
24802	42	7840
3301	90	8968
3950	42	24851
8508	33	1108
1216	18	7134
24613	61	2213
23996	130	2470
7246	147	3383
2104	18	3250
3043	61	4133
7550	12	3532
818	108	5383
21101	98	8924
9256	18	24843
2851	116	5300
23982	4	2787
2055	42	217
5413	130	7263
4991	90	7796
6203	154	10030
4701	40	4051
21991	2	25454
1813	90	21801
10112	61	3366
7733	154	8807
22798	18	24471
22602	90	5563
653	130	23734
22893	33	2304
3265	90	3738
23488	2	22409
6912	16	3926
5846	131	6678
22812	40	24069
353	116	2605
21752	4	5062
6710	90	24657
9832	154	24629
2201	40	3049
3998	130	24364
23328	18	5745
7315	46	6237
5061	90	3324
4168	90	25226
3896	130	5383
2020	130	21790
7217	42	7162
2936	154	68
6393	40	4158
1424	81	68
3005	40	25013
6426	31	24128
7678	130	25211
6993	61	484
161	140	6127
6080	216	7690
5600	216	9857
1763	4	24722
9065	2	6722
8413	180	3689
2753	33	453
5073	61	236
23231	46	1508
1887	130	68
1036	18	8570
5843	2	8851
10421	42	3101
2417	125	2304
2242	89	22271
23124	13	22735
3314	206	2102
8968	108	24400
5655	42	1180
10438	18	9043
10415	216	8956
9556	2	23972
7837	96	4089
10045	4	7853
6419	2	8431
712	2	336
24542	90	10075
1910	7	7259
2493	7	24898
9428	61	2560
21240	140	6127
3971	90	4682
9213	7	2153
21318	18	24709
9390	130	2441
24090	61	4263
2712	216	22549
8700	108	8924
7546	125	10044
9238	130	22418
24199	4	7927
23845	18	2921
5028	90	2804
7726	42	8565
3311	108	5383
7429	61	6629
5286	42	3458
21091	42	1274
1119	177	10381
3046	154	24043
25019	154	68
3990	42	6919
3505	61	487
9417	125	8232
6964	130	4725
22569	206	24444
369	42	3603
3160	4	7078
4574	216	1899
22626	108	25211
10425	212	6201
5828	212	24446
2490	151	7380
7750	125	24444
1817	42	8870
245	4	2512
24854	18	490
7055	42	7871
23052	40	2442
901	7	8745
10043	18	24769
21223	2	9049
8876	212	22926
402	61	3142
2228	212	6257
2347	138	8243
5683	4	7374
3324	212	21646
1720	206	337
8969	2	23714
23533	96	2843
9490	216	1899
21323	130	68
473	18	3819
4351	33	2304
24342	50	7883
3898	46	9953
884	4	6408
246	90	4687
24053	90	8406
23376	66	22152
21328	42	24894
21585	18	9272
9032	216	24629
5367	42	5360
25116	18	4548
4078	216	1899
3863	46	9953
7057	18	24646
7267	2	4163
1308	147	21384
6719	42	8307
3200	130	7847
1873	72	5189
9428	33	10044
897	46	8226
8833	130	5349
7727	2	7918
6260	2	21994
23536	7	3185
2305	2	25064
153	2	5830
22902	18	6193
5035	152	2304
8458	98	5383
8434	18	156
7698	7	23488
24558	42	21019
23600	18	5759
9541	40	3031
6014	98	2471
10345	4	22015
21752	4	9259
8162	212	3670
7323	108	5383
1004	18	7372
4343	42	10324
7407	108	25211
9812	125	1744
3202	2	22368
9053	40	8936
3079	56	25311
3147	201	21967
22178	42	23304
2513	42	8600
2136	116	9217
6728	90	6018
25039	2	3120
2931	125	3670
8066	195	860
2255	42	4310
23386	195	2212
3893	154	23309
4489	154	22639
22409	206	8066
8567	42	22424
21254	42	4076
4307	130	21556
9993	2	860
6287	103	22298
22547	154	23734
9628	212	4213
21629	212	23391
5976	215	4786
3259	61	5823
23152	61	1160
9417	7	22652
21011	7	23969
4447	108	68
3218	154	7512
5108	90	7088
2897	18	24994
2379	90	22135
2952	2	23714
23032	18	9159
6535	4	7639
7325	42	5216
1699	7	10273
22835	42	572
25143	10	6483
1488	204	21210
23641	108	6663
21348	149	9033
8171	216	1899
2148	89	9169
6891	131	9619
6787	126	10032
7022	40	4112
21877	130	7337
8019	4	2060
3938	18	4911
23179	11	25211
25231	90	1296
4885	61	9973
1844	18	24421
21000	2	22613
7134	18	23984
25496	117	22951
4682	90	4741
22412	90	7454
9969	46	25466
6894	42	7015
1452	42	22895
3757	4	8319
24845	42	22763
4646	42	10496
9691	18	24136
23254	18	6773
5814	102	22632
4182	94	24850
2496	154	68
6922	2	5262
24868	125	2304
21586	131	24823
7194	61	10018
5395	130	25211
3025	90	23822
1576	131	9182
1315	108	8924
770	98	8956
22116	206	6157
22174	154	8807
21422	40	1337
1319	116	25025
21552	7	23160
24772	7	1687
1665	18	4863
23241	61	59
24403	42	7561
7616	216	3150
24035	2	9626
8560	216	1899
23057	42	21757
7408	173	21523
24100	90	2063
3466	42	3949
6351	2	860
1338	18	7210
24876	61	10492
22808	116	25025
685	2	21330
3357	130	22630
7216	149	8199
430	2	22761
3012	125	2304
214	61	391
24348	36	3150
21298	42	21457
24771	42	3230
6067	2	1000
6538	154	1899
10435	33	24023
7299	102	23603
21100	2	5551
4050	42	1180
1749	13	9463
9223	42	22677
24043	216	725
545	116	7972
4225	216	1899
25079	7	21766
2439	61	448
4163	13	1570
52	191	4345
21485	125	25219
1497	125	21623
21718	90	6672
5932	216	1899
276	216	725
7736	42	8955
3842	42	10367
23756	42	23192
5231	21	6101
24696	18	25381
3290	2	21414
8905	130	6404
25420	61	8303
670	33	2512
8914	216	1899
10209	2	5517
24527	154	22549
4962	12	25194
21802	18	7466
2685	90	4789
2508	12	2015
6936	18	7471
4056	90	1473
6232	90	9794
9643	216	22951
25207	216	3150
7566	154	24629
21324	212	9801
10361	108	23734
1422	42	6841
4288	18	24112
2004	98	68
23285	14	5383
23905	98	760
22028	212	22176
8963	125	962
21537	61	3712
10148	46	3414
21315	96	2940
10231	130	21257
6426	68	6426
22892	61	21125
4359	42	436
37	2	8431
24887	154	9581
3996	131	2518
23745	41	8807
9345	130	7767
5412	41	1560
24137	18	8293
2265	108	24400
22364	12	6591
3468	2	1246
2394	96	2842
2384	14	68
24803	130	8807
5435	116	1964
23205	2	5127
22827	42	24572
479	42	21913
1981	2	9742
5471	18	2655
24907	18	2260
21166	151	5292
7633	90	9346
1169	18	8980
5874	42	2844
4451	33	8143
7577	138	21595
4005	140	4045
2743	216	1899
5519	7	22102
24685	154	25211
3954	42	3643
3541	4	21123
23504	108	2470
3872	195	21835
3901	90	346
4004	40	556
1855	2	5592
5363	4	21623
21013	192	25211
5528	18	5254
7370	195	23791
7134	18	7874
4882	18	21904
6694	4	8232
10029	42	22105
9229	42	1204
8666	131	8821
4763	42	23273
5832	108	7263
8258	4	1648
22628	116	7408
25430	131	24475
22557	61	1696
9531	61	8670
10453	61	4741
2950	2	8761
22644	140	22965
37	212	4151
22116	130	24400
22655	90	5244
25400	116	25025
23413	90	7652
3777	154	21973
7145	2	2787
8603	154	1705
25266	216	1899
23705	216	1899
9179	2	22536
667	199	821
7838	4	962
8493	206	3314
6758	90	5119
3989	42	3785
10212	96	2982
24537	42	3603
3794	33	23068
10354	18	24477
21009	42	22848
4226	40	4898
6220	4	3164
25460	4	4469
6390	215	4374
4848	33	3670
6976	90	1284
5393	195	7961
24829	40	2838
2192	196	8049
8077	90	23622
4570	216	4895
2772	7	2818
23151	130	8807
4569	206	1744
22452	42	1401
25024	102	23587
24408	130	7767
683	212	24023
2518	102	22547
24394	18	7373
22207	33	6647
22232	201	7438
23873	90	575
3263	2	21693
4645	4	7079
449	4	6930
773	42	690
3514	130	5383
24366	130	23734
4445	147	3481
3858	130	286
23862	61	8291
21381	13	2523
25305	42	6800
7305	89	3369
23434	151	21902
21421	2	21406
7097	97	7794
25083	33	9965
9063	46	1508
6367	2	10040
9918	89	8272
8404	130	24400
21829	42	21319
24873	18	4464
23410	33	962
129	40	5259
4665	178	23371
1787	212	520
3461	216	721
21890	130	68
4532	12	5690
1709	186	4866
9752	18	9166
1825	216	1560
21671	42	7203
1252	131	4331
9988	148	7003
23179	111	68
7971	125	3881
6588	33	1000
23926	2	4076
1022	216	1899
24232	116	25025
22234	212	5767
10132	215	1964
2403	42	23550
9608	212	5377
7239	97	7183
819	4	5592
3935	212	5377
57	18	10256
3102	2	24975
107	2	24786
4438	108	23978
24952	42	25461
1946	7	6757
483	2	5919
5759	18	23660
10242	42	988
8711	18	3052
21029	42	3128
8740	111	23978
21731	90	3707
10190	42	10157
9900	115	3626
848	121	4728
7332	61	21645
6848	42	21220
22559	61	10315
21059	33	2917
9658	140	24472
5739	90	8607
25253	42	6972
4392	125	970
9567	42	22595
10179	61	3342
8955	130	2471
5804	90	5837
4846	18	621
9985	130	8037
23597	18	22737
4545	42	3603
9262	33	9742
8675	61	25417
8599	2	9801
21546	45	8494
5492	42	4755
634	125	23391
1116	130	68
1525	125	5055
1024	12	21528
8944	42	9903
24416	46	9953
443	212	9759
21097	42	22610
5076	42	24235
1275	108	23734
24792	2	5271
838	216	1899
21873	96	5228
22374	195	10291
22063	42	6624
24731	42	7137
5848	4	21474
3297	32	306
4327	61	8801
22427	130	5956
1514	216	23430
4794	177	8863
21356	4	3230
7826	18	22875
3748	33	21330
2330	46	21286
9666	61	6654
4269	40	5128
23136	103	108
25230	130	23868
8899	10	23985
3666	216	1899
21772	50	709
6272	2	9200
25282	61	2446
24478	195	5749
5538	18	9074
22986	42	5327
21072	42	7837
23298	4	1431
8647	18	1161
23108	18	3688
3604	54	5071
8416	18	8443
2868	130	22951
23597	216	1899
9054	125	6207
6908	42	4875
8048	18	6682
24879	216	1899
23713	148	9588
21580	18	6616
2546	142	721
2621	2	3670
25334	18	23615
7487	115	5366
22262	90	5835
23956	18	24881
21388	42	6586
4446	130	21257
21957	18	8051
2605	15	5383
6562	2	4915
3079	56	4895
22956	216	1899
23945	154	23734
8483	89	6473
4550	212	23
21493	4	21666
24293	195	5393
10371	42	1877
7172	42	23000
4006	108	21583
22857	116	24853
22285	42	7451
10022	99	3210
4118	33	6201
2119	90	2946
3787	125	175
270	108	25211
8509	2	8905
6565	7	2273
5257	108	5383
2881	2	7374
10026	115	22999
3476	206	24175
8647	18	6925
8565	96	21130
21570	125	23782
3042	130	7337
23784	212	520
8437	90	23223
21949	42	25020
3522	131	24833
21604	154	10269
9591	130	8912
6033	131	4142
4663	18	9285
2010	204	21791
8885	40	24443
8689	88	8413
22163	33	7455
6849	18	3837
7062	40	1969
100	61	7049
21210	103	23998
5647	7	25192
2715	18	3296
1623	108	868
4428	40	21824
590	42	10036
10047	42	7834
4708	148	983
3999	2	25093
547	33	6201
1682	4	24784
10202	42	22733
4532	40	5690
419	18	7940
22758	116	2605
7229	42	8955
23788	42	25410
672	18	9638
22653	154	24629
9582	154	23734
7401	42	5059
21407	130	68
24550	33	24446
5653	195	5551
8342	18	10313
6000	18	2671
25275	131	7260
3854	154	24485
1552	125	8851
23017	125	10044
3378	18	24503
10124	125	21440
24300	154	24629
21860	18	523
2413	140	24472
22541	42	9286
9558	154	709
21478	4	4886
25437	18	421
129	4	1449
3234	182	25058
9943	10	3310
2049	42	1826
1926	61	9131
8585	4	5618
405	195	805
6637	7	23031
2829	18	4330
23751	131	24833
21572	212	9925
1916	7	2008
2562	115	5070
5486	195	1221
819	7	2602
25425	151	606
3725	130	7538
7165	42	5791
22053	7	3426
3044	61	24041
7805	42	10499
24181	18	21630
25350	4	22032
3447	42	10004
1339	125	9522
8226	130	22639
7809	125	7288
8686	90	1796
2309	18	9464
1584	42	8009
2289	154	21791
9596	18	7826
6040	2	24784
9757	18	7214
9822	201	21522
5353	36	21791
3950	42	2373
2181	195	9407
6710	61	2724
664	61	360
1420	42	7070
1031	18	3852
9464	216	1899
4106	61	9670
2930	130	24162
23083	90	1091
22774	4	24830
4017	61	5647
6090	154	8807
5760	90	2363
23149	2	24514
5614	40	23533
21259	7	22722
4092	212	24790
2324	61	23889
2607	191	1693
901	33	8148
3579	42	8678
2059	90	7931
10169	66	152
3945	90	9216
21218	61	22559
24105	42	1840
6607	10	7387
9630	18	21320
8210	4	2024
21695	116	5300
8670	90	9531
9182	102	5136
5065	116	6688
22572	18	24991
9541	42	8623
3159	212	22020
7063	42	21912
7661	154	6498
24882	4	2035
3979	18	1559
2685	212	9965
7475	42	4122
6875	2	6755
7322	192	21791
25007	40	23349
8348	125	9965
23470	13	1524
7826	216	1899
1122	4	8312
746	33	24790
22434	130	5940
4690	42	22856
23451	7	23631
8991	18	3828
1188	61	9552
6034	4	2237
2377	125	23391
7743	66	7487
5156	154	23140
2003	18	21802
24533	90	23388
3888	61	25281
22433	4	6259
4946	33	9804
6456	4	23914
1428	2	4927
5512	40	23643
3227	42	2846
9190	18	4242
10413	125	8357
545	42	8842
25250	4	2504
21506	206	5262
22120	13	1185
7815	40	9542
1646	125	22631
7310	33	1108
6911	4	24975
9253	18	6681
8375	65	4190
4728	203	9700
6506	18	23845
554	130	7819
584	42	680
4666	42	2020
5924	7	4452
4	125	24469
9790	42	5504
25391	42	572
3496	154	5383
5565	18	419
10198	154	1075
892	61	21743
8707	18	9844
10329	12	22374
4628	36	24629
2134	216	1899
21659	108	5383
3746	154	721
8762	96	1263
9541	42	8898
6324	61	8599
7886	90	24895
6376	61	23924
23650	206	175
23056	116	25025
1620	18	6042
9982	18	22070
22055	40	1712
3109	130	4514
25009	61	23020
9553	125	1000
21506	195	7814
22733	130	5940
6315	212	9801
22182	90	21292
7763	18	8914
8721	61	24422
22102	2	337
1525	4	5055
7552	2	24975
1584	4	8814
4577	2	22845
5757	154	286
21201	216	21791
8875	42	23069
5889	147	8474
3904	216	21791
2727	7	2604
21439	61	3723
3350	154	7337
24494	40	24119
4383	42	5923
4469	130	5383
8491	90	23967
9727	81	22730
24883	125	1261
6612	148	3565
3380	18	25317
6998	108	68
22182	33	1412
6085	42	22429
22355	130	538
436	130	24554
857	130	9675
7773	18	23071
4215	4	8312
2511	2	1571
6239	154	8807
1518	130	7922
22578	18	23295
24633	42	24361
405	206	3247
25141	61	4967
22556	2	8761
23122	212	8251
4950	42	23891
23892	131	23604
2597	90	23931
5923	130	8807
23887	4	21528
1699	125	24790
24567	4	2054
22619	33	2421
7099	122	1821
394	90	23907
9246	2	8232
7899	7	8338
5295	42	3124
6066	90	1807
24802	42	2416
24802	42	4018
671	116	6688
22614	154	23723
3711	13	3001
882	40	6130
25184	42	23469
5179	40	1341
8674	2	2624
21175	42	7203
6457	108	7538
23837	125	6352
3442	130	8807
2919	90	22893
5886	14	22630
21441	40	21511
1199	2	9804
8126	116	5300
3146	148	160
6193	18	1073
23732	131	8397
10219	2	21646
9259	195	22434
7094	116	25025
9878	61	6494
1639	90	6486
10152	7	1231
6325	40	6462
1728	18	23097
4787	2	5127
21037	90	8010
6581	98	22951
1510	195	3717
7143	2	21666
25327	42	8492
3530	90	2955
8323	18	6189
2248	18	5977
7176	33	1108
6942	216	24629
24822	192	25211
24940	4	3286
7282	61	22847
5078	125	24446
2956	216	25122
8242	42	9184
22030	7	2992
23259	18	23614
1000	195	3247
5493	125	1412
7972	30	3251
8470	40	9793
407	2	9225
5798	111	8807
199	125	5262
6845	89	10135
23652	33	23437
2382	42	787
9370	42	24973
148	116	25025
8537	42	4210
4785	108	10030
10172	212	9742
8457	42	4736
22525	216	1899
5731	33	582
4412	61	1863
6126	2	1986
22784	2	24172
4572	42	1887
4661	90	8282
22865	90	7326
2136	2	22186
5097	130	2471
5986	4	2024
22702	7	4114
21829	42	1857
5690	89	7531
24112	216	1899
31	13	1185
9275	42	2942
9524	42	8577
4634	14	8807
23301	42	22671
5597	195	5159
2358	98	25211
5793	96	3750
8322	134	1049
7190	42	4992
598	192	5383
23567	130	3063
23180	42	23621
9451	116	25025
8041	4	4774
22466	216	22549
2730	2	6171
21011	61	1970
4837	45	8494
7685	40	8842
1358	131	23453
21594	2	8761
23478	96	825
23265	42	1740
3941	61	544
21510	7	9377
7027	206	7107
1409	13	9463
23766	66	9673
513	7	696
4271	175	21549
4833	195	1108
22681	40	21511
6161	2	24951
1276	196	21758
22845	195	24175
6231	212	22762
8671	18	9699
1697	7	7267
24743	14	22785
630	60	25040
6796	130	756
3076	216	1899
5856	2	8829
24093	148	22191
3021	66	9488
5854	18	1481
598	42	3533
6923	131	5623
24971	206	8993
5896	33	1744
7810	4	9714
39	7	5987
24579	4	10382
3552	116	5300
1578	142	1899
23435	90	24378
7708	42	2844
6233	96	24639
7256	42	6920
6627	61	21537
5270	191	7272
2793	40	7824
23907	90	23725
9767	130	8807
23172	212	6119
9354	140	6127
8389	149	9971
3793	11	8536
5178	4	9841
22931	90	22279
277	212	1636
23203	108	8924
24050	195	7728
22923	154	8807
24645	154	1651
9221	89	7531
10060	130	2470
21695	42	3551
3622	18	2938
8153	18	23614
9824	4	1000
24059	42	21147
1823	35	6363
23588	130	3150
24562	111	339
8123	7	21464
22081	195	8851
5267	96	10466
8506	2	24789
22309	154	2441
2865	102	4912
23604	154	21791
9765	4	649
9794	33	3719
1127	42	7500
10336	33	23437
1894	12	10291
911	130	22466
3217	7	9576
3363	216	1899
8071	42	23512
22132	42	22454
21940	2	23714
9574	116	5300
22302	116	25025
1326	116	5300
5280	4	9742
5523	18	4427
1981	2	5377
9839	40	25373
4192	130	21791
8321	18	3419
4266	90	1339
9899	116	5300
4598	154	7337
9467	2	5551
25062	2	23393
9352	42	3399
9768	90	24035
966	13	3001
8066	98	9931
3346	2	4051
40	130	24717
6033	130	2786
9202	61	1435
1012	42	2481
5215	41	7512
4799	2	22960
23306	130	1075
23017	108	8807
23426	7	3543
21281	40	22548
22016	46	8754
856	90	7947
4594	40	255
23035	212	8493
4148	7	1480
1161	216	1899
2391	61	23120
2602	61	1523
220	108	23555
10447	33	22414
22337	96	22745
3442	130	5383
21646	98	8807
9912	216	1899
9368	192	25211
9017	2	24069
21806	125	24790
5934	130	7647
24201	42	43
5292	130	8037
4736	130	21790
9936	61	22439
9934	2	8851
3563	131	24267
24856	116	1964
6250	18	1294
4737	125	7073
2089	61	8068
7040	216	1899
1916	4	22414
9651	61	23216
260	2	22762
3909	181	9357
7743	96	23766
6053	99	9369
9116	4	8936
24269	18	24137
5762	206	5505
1579	42	24653
6833	130	8725
297	18	21732
7250	42	24748
24986	108	25211
140	42	23928
24248	33	9925
5437	123	22017
937	18	4208
9268	13	22735
24537	42	5915
5486	154	6255
5557	116	5300
22452	40	6396
1269	14	7819
8769	2	201
24396	42	2118
3420	130	23734
2787	206	22176
5968	42	817
9305	2	3670
7115	216	21791
23452	33	8851
21060	13	22735
2745	147	8315
23479	33	1108
22704	2	9335
25286	192	3150
3331	116	25025
21211	84	10208
4822	154	7819
4263	212	8286
2657	18	4908
1526	46	21067
22330	89	7112
2011	42	8296
25271	18	7446
6694	4	22032
3660	42	4931
154	154	7819
8186	11	9581
1653	130	8473
3346	40	4051
3907	61	5527
4436	18	4548
8185	42	1887
7344	42	8336
24920	42	1156
5374	195	8251
23322	96	4236
6432	115	7462
9324	131	23247
6148	42	6895
429	33	21330
9546	2	21994
21672	4	24749
25265	130	2046
23848	206	23883
25417	125	22994
8029	125	3625
7309	61	25009
4292	4	22762
3765	108	23734
2408	206	9881
4980	18	297
8181	18	136
2630	2	8761
24691	18	7428
22264	42	3533
22762	154	5383
3346	116	5300
25427	154	25211
9483	195	9483
10366	90	809
954	42	22563
9244	61	25114
1936	18	7284
5043	147	21384
23736	2	9999
8513	130	8630
22528	42	22188
9465	18	9256
9395	131	3940
2796	42	24803
6450	7	23385
8123	90	24272
254	130	721
6657	125	805
8007	216	1899
533	4	22414
7378	108	23978
529	2	22032
8823	42	2032
1895	2	22020
7651	41	9557
25224	40	24722
21660	66	6543
25126	40	5128
25172	89	23179
337	206	21846
25423	90	5391
7768	42	6308
10240	154	22639
25071	18	22789
9033	130	4286
4340	41	21791
9292	90	3065
287	154	23004
6254	130	2736
24459	42	3169
2207	18	795
6506	216	1899
1597	216	1899
2892	61	5855
9589	18	4085
23511	38	24485
1295	130	5726
3376	4	4300
23383	61	23116
21356	4	3103
24110	4	1686
4412	2	3670
5509	140	24629
3276	18	6256
619	102	321
8881	42	5109
10329	42	4537
24367	18	5072
4306	42	22112
21240	134	8256
1446	33	5062
9827	130	25211
885	102	21967
6466	33	9407
806	18	24741
22122	154	22644
6975	96	6687
24293	206	5926
2308	131	9008
21660	66	6600
2088	147	8474
1478	18	6633
8986	4	9714
21216	18	7400
5698	42	6187
2149	116	7408
5056	2	7859
25230	131	1625
23190	130	7707
1890	14	7767
9148	212	22845
10300	90	21683
3445	165	7700
517	216	1899
3888	4	5351
22101	61	24532
6715	33	8490
3291	154	24229
2730	108	5383
25224	42	9642
7820	42	5531
6182	18	4288
3440	130	2470
25381	18	3494
3211	13	9884
22805	18	8618
6578	192	868
3282	212	22631
24233	192	21790
4834	42	4660
2181	195	2181
1628	13	3001
22976	154	22639
24624	12	3616
21782	42	22327
849	2	336
5247	42	2304
9507	4	24028
22150	18	22356
25079	108	68
3672	18	22392
10058	177	207
23421	72	3562
10214	2	2421
23899	130	9581
22330	130	5947
818	108	8807
22131	216	1899
21639	154	9029
5016	90	211
2690	154	25211
2649	195	10065
3269	81	68
23394	96	22394
9630	18	2216
2343	127	8293
8484	7	1179
7202	148	9192
3331	42	24288
21384	147	2745
21609	40	4112
23777	99	5268
24397	42	1864
2346	2	2746
2173	18	579
1829	90	2730
6570	115	8514
6879	96	22482
4401	116	5300
22459	154	8807
1302	157	22176
2164	18	4332
952	125	7219
8574	99	1856
21563	7	23395
4228	13	9463
21261	46	22859
1593	101	25238
2782	206	21846
2894	2	8940
23312	4	21622
7075	20	68
21532	96	23434
8456	7	24710
22747	108	5637
3322	42	6009
43	130	2736
9003	130	8807
25146	61	220
21561	90	5347
4650	90	5056
5335	33	6581
8556	186	306
8181	18	23796
9027	11	769
8534	130	5383
10262	18	23308
4	4	22
3902	12	2809
7092	130	23980
719	18	8159
10491	130	21973
5990	131	10468
3321	130	4286
24310	42	10495
4889	2	21627
23976	42	6235
25423	33	22762
6839	7	5041
7241	40	23769
24997	99	8780
6077	33	337
5046	33	4360
22180	177	7806
2688	18	25407
21046	206	6090
9133	130	8924
4837	105	5776
7784	2	5592
6787	154	8807
5148	130	3492
9094	131	2057
23239	4	6352
24351	11	1834
22365	107	2654
7098	42	160
23186	204	1899
24405	96	10169
6824	66	6600
9019	61	9763
5099	140	6127
559	90	1519
25430	131	9848
4475	50	2471
21255	7	22869
6169	42	25000
23760	90	9431
9382	108	21791
6007	4	6259
81	212	6157
7398	216	1899
3953	216	24629
5591	18	23361
4940	18	4841
10190	2	23905
3224	2	9971
6931	125	7469
2572	181	22235
23506	125	9759
2864	42	9289
10252	102	2811
8774	108	23734
8685	18	806
9211	89	23792
831	61	59
2837	42	851
25054	212	3717
9878	108	5637
24429	2	25268
2922	116	25025
9084	18	23372
2222	33	21623
6312	4	7814
31	61	25206
4600	125	2458
22005	130	1331
2755	90	1257
8727	42	8983
5932	18	3559
119	61	651
24937	40	6396
4890	212	22762
632	108	21791
8399	4	7007
3380	18	7699
21538	216	2997
22658	58	24132
21704	204	3718
1663	4	585
2010	154	21791
356	33	6446
3646	90	1968
3659	151	6264
5270	130	22962
5422	4	1799
1247	2	405
23653	42	3379
8920	42	5291
21847	148	1907
513	33	22409
701	61	4741
6426	201	6426
9941	12	21763
4062	90	24598
5714	61	22608
23138	33	6201
8881	42	22424
8677	42	6950
1628	108	22298
24448	18	23328
7577	112	22650
1483	154	68
5443	130	8807
6451	4	8065
9015	4	7374
162	108	8630
5246	206	22176
2315	41	25211
24416	42	5202
363	18	8443
575	61	4592
6446	206	23791
3314	206	22845
21151	42	8150
2341	61	23768
8752	27	22951
3810	65	6537
8393	154	23734
780	96	9182
1880	96	5315
21103	116	5300
8146	18	1990
24882	40	2035
23102	40	24222
22049	2	8851
23494	18	24834
917	42	23686
9091	216	21791
25208	154	25211
24888	125	453
22442	103	4443
9236	4	7079
4440	18	3802
8583	116	5300
3905	130	8807
2735	61	23398
6194	130	538
21327	115	5366
3344	90	24529
23050	18	659
7917	90	21974
3285	40	1399
7764	42	7606
23165	2	21501
23947	130	24594
6511	2	6119
5331	2	217
8695	61	8549
6403	149	6841
8337	203	4121
22768	7	1066
850	18	8485
22109	131	2429
3701	108	6753
2515	96	4702
1700	216	1839
7457	125	6532
4831	40	23769
7984	131	5358
4490	42	8169
1692	96	3667
605	130	25122
1029	18	10328
4841	18	1007
2719	42	5167
3296	18	9074
21470	147	2745
3285	42	4862
7757	18	2924
402	2	337
9976	131	9342
2639	18	22150
8062	33	8851
7032	4	7469
7144	18	4605
2456	42	678
4818	90	1939
415	125	9447
22241	18	3500
24732	18	1271
5798	111	23978
6614	154	21210
25270	90	1780
22969	2	4902
9983	90	25295
25324	42	10253
9409	189	25413
7243	130	8807
3670	130	3492
4479	125	23570
24758	7	3225
10296	154	2997
876	130	5349
6773	18	802
24972	33	1412
4782	33	1570
4492	96	4492
1545	216	1899
25203	61	913
3686	108	25211
23248	90	3175
8599	33	9801
23556	2	8183
1069	42	4100
9262	7	10172
22016	40	8495
8988	42	5135
6274	2	8761
674	18	8209
3038	89	5586
6701	61	3794
1530	83	24776
8330	147	7608
22777	2	23817
3358	131	23132
2376	33	1249
6124	40	9711
5114	7	22863
23474	125	9522
10151	42	23397
6296	42	22787
21909	90	23999
3654	40	5271
1050	7	9905
4604	108	5383
7432	100	9714
8010	13	8998
2283	142	23793
1790	2	1000
5444	125	10044
24903	108	3803
8484	125	970
3710	154	25211
23057	42	5339
188	212	336
4665	156	2499
3029	96	6792
9234	4	23539
22713	42	3242
7466	18	2003
22776	4	24784
10326	152	336
4057	108	68
6440	90	7964
5014	61	8003
9993	4	21627
4219	4	9927
23768	33	21459
3415	125	22176
5889	148	24667
1595	130	23734
4512	116	5300
9134	130	23734
6641	42	8600
5174	175	4426
395	212	7918
2612	42	23726
24559	42	8511
4595	4	557
5322	116	7408
5325	106	23881
4998	212	3625
6029	40	23607
3038	130	2471
22435	13	8998
25388	2	23393
738	42	22358
9444	18	3312
23774	102	2574
25016	130	2499
24239	42	10481
3034	81	286
24774	7	4606
5575	125	1867
23873	61	5449
3889	7	6757
25242	130	23309
293	66	899
23612	99	21308
23129	18	7458
3647	61	22106
24961	88	24375
5461	42	65
337	195	21846
5107	61	5937
6776	140	4045
22399	89	1490
22280	2	10065
5617	195	3476
4053	175	21707
2716	130	6663
261	42	7912
3655	130	6101
76	2	2512
23816	130	7572
2254	201	6570
23377	18	21505
3083	61	1594
21148	61	5035
7396	4	9108
69	116	5300
6169	4	21279
5418	151	1225
24690	4	22015
2700	42	3152
3013	81	1411
23216	125	21063
22978	61	23638
6761	61	5657
819	4	22434
4586	18	21245
8234	130	7572
25403	125	8851
23553	61	7298
8162	90	23120
1848	7	8427
21191	108	2471
21388	2	3251
5247	40	8139
7129	42	22327
25176	7	23488
6809	100	24987
9819	42	24987
9138	42	817
3262	18	8420
7076	61	7105
4192	99	1856
22627	61	9486
1086	2	7026
23901	61	7113
3950	116	8100
7668	154	2850
3706	18	10351
23218	212	8375
1351	2	2787
6257	98	23793
274	14	68
4907	125	5744
6479	2	9335
3762	147	4111
4861	46	9697
6763	154	25211
23344	212	22176
5294	130	23734
25396	4	7324
233	61	6204
9544	42	8668
3468	2	24548
3770	130	22951
23530	212	23236
2644	154	8807
1177	90	8101
4252	42	7933
3346	42	23891
10477	18	2448
6876	42	5109
8209	167	6660
23307	18	25381
6648	204	21210
4409	42	8983
9237	33	21623
3957	154	25211
3154	125	8490
7096	42	5279
3086	201	5642
1515	116	5300
22364	42	1929
6285	18	25333
21336	33	22926
21852	33	22414
9466	2	21807
21603	18	10087
24053	33	1570
7173	18	24878
5181	154	5349
22329	116	5300
8560	18	22680
3740	154	3685
1937	2	21807
21990	4	171
5989	61	3360
201	130	21790
4664	130	10030
8624	131	24221
3045	204	21791
6620	116	7408
7909	2	24275
21563	2	8761
8607	125	22176
6561	42	2108
25075	42	2844
9259	195	21046
24011	33	22231
23530	7	21665
1685	40	10381
21180	130	10117
4477	154	6609
9057	42	5729
2891	180	22872
25307	102	23774
24093	154	10099
22722	108	24162
21397	216	1899
5889	148	10069
25444	4	1710
8080	42	280
3876	199	24985
23756	4	24998
297	18	4980
2671	18	6000
2530	130	5383
21276	42	465
22432	130	22630
8690	2	22032
5824	216	21791
322	125	309
8549	61	4941
86	42	3960
5149	42	4702
2902	18	9707
9948	175	7492
6415	216	22639
593	42	815
23019	66	8828
5803	2	7288
10401	131	5623
1675	216	1899
6364	56	4816
5384	7	24385
23931	4	9058
6818	18	2097
5536	13	9463
768	181	2765
9561	42	22706
8517	18	8075
23966	2	3031
22719	130	24629
7159	33	6352
24258	18	25339
24050	130	68
22852	130	5383
25075	42	576
10285	108	721
403	18	21578
6357	42	5272
9653	154	7337
24692	42	4609
24339	212	1000
21915	42	6308
8585	4	2035
22774	7	6315
6374	65	22231
8902	42	24748
24297	206	9143
22635	61	5707
21728	177	7701
8991	18	22646
8945	130	4421
7948	154	22639
5685	130	1195
23318	18	7173
23596	36	3150
23065	116	7313
22987	33	24965
4007	201	1335
23471	130	9557
23267	2	8761
23970	2	8235
24662	116	25025
23317	18	6837
8943	90	8594
6164	2	7728
2742	42	21319
7518	4	860
3376	40	4300
23668	42	23484
24437	206	21835
882	116	6688
4557	2	8136
22583	42	24933
2895	4	5127
7937	33	22631
283	88	8176
23104	102	21857
2704	18	1743
22977	42	2544
4223	130	23978
8188	4	24608
5612	7	7093
8761	195	22994
8178	2	7717
5886	154	6101
3641	154	25211
25373	130	1960
95	42	22427
10113	140	6127
6829	99	9480
23879	2	3120
7884	116	6688
22184	18	5483
1298	96	24580
8435	42	23432
6214	199	2826
24441	204	24629
1292	140	24472
9214	154	22905
4802	61	5903
9859	125	10044
25015	216	721
25017	42	2035
7705	42	2839
2261	149	3473
22080	7	270
9393	212	2212
7918	195	7514
22603	216	721
21758	38	4505
9015	90	21495
5495	130	24209
24013	130	25211
4851	2	8787
7411	216	21791
7214	18	21216
195	125	22032
21199	14	68
24870	56	7690
9281	212	6119
23627	13	22735
8133	42	23279
24627	18	24054
25071	18	4631
5629	89	7112
6816	130	24229
3991	116	6752
7628	2	10025
23226	131	3061
22886	213	8918
402	90	17
2994	42	21414
6004	42	4755
4721	4	9447
1578	154	21569
3773	108	68
75	108	25211
9664	61	9661
5448	18	21197
6651	42	1577
24046	130	7847
143	7	3711
23813	119	9309
10157	130	5940
2099	212	8143
8350	7	9261
2051	125	337
5520	130	25211
2750	125	8490
6654	7	9294
7048	125	3670
9933	125	24790
23452	61	8721
5725	2	2024
1035	2	21440
10020	132	8528
3467	130	7767
65	96	24857
6414	96	4652
8841	2	5640
21097	2	22871
4815	7	959
22720	130	9857
8802	42	4862
9844	18	22807
4460	177	7806
9009	151	24650
24115	173	4026
5060	216	1899
2717	14	25211
59	4	7374
7141	154	68
21339	131	4346
7507	4	1232
9487	108	23734
7980	13	22735
6380	33	22032
1561	13	9463
8525	154	865
21904	216	1899
21459	98	22905
1967	40	4942
22743	84	22644
8864	154	4267
21202	42	24764
8622	81	21715
3594	130	8037
24371	4	6259
23915	125	23391
1060	130	2470
9460	42	9423
23818	61	25057
9106	125	21623
6302	42	25402
1796	90	9655
6448	131	24262
8146	18	24843
5431	102	8918
23531	130	68
22826	108	8807
287	130	8956
7171	42	24013
22	195	24469
3098	212	21063
21652	90	1797
24278	130	23734
351	125	9522
1620	174	1424
5301	130	1651
8323	18	23663
10414	18	5044
5326	7	1998
2632	192	6255
5719	4	22613
25336	16	432
22514	134	320
23067	90	23498
3253	33	8375
24019	61	3849
6902	2	8787
10391	41	25
1783	130	23136
1065	90	23208
21069	18	4980
4958	130	8912
9716	7	7278
23215	130	23734
25253	2	2339
24638	18	761
8584	18	25159
1737	195	5744
22282	4	7540
24079	130	23430
22428	42	21710
21674	42	982
6152	65	1040
8523	125	3719
10071	90	24149
23744	131	8168
23074	125	23782
9908	18	21761
21096	7	2328
22274	13	9463
1293	12	3623
9813	40	9049
5930	116	5300
22311	42	2852
4673	165	7700
6057	116	1964
7403	42	9797
24035	125	7073
4049	38	21160
8783	90	6909
6301	98	1839
23621	130	68
5086	4	4174
2865	96	10178
4139	61	5078
21579	42	23022
816	42	22613
21502	42	692
2486	62	1597
22868	4	21646
9453	130	22639
21836	192	23998
4365	42	24706
24783	33	9804
6758	134	3727
10375	42	24564
22922	18	5441
4690	42	4619
6202	90	7505
2925	195	6953
3088	7	22296
24323	130	5383
1389	90	10062
461	40	7395
21926	154	5956
23008	130	1214
21208	40	21488
24019	125	5926
2847	212	4151
9873	18	23295
21774	130	22017
22996	212	24295
21267	42	23945
1901	116	7408
4196	88	3835
24444	139	22569
4372	130	3150
22183	18	9074
23833	4	7717
1220	7	1738
25108	131	1547
8476	212	7415
21259	61	176
23402	33	6847
5017	40	7324
1380	13	3001
24635	213	8918
3730	4	21549
1210	212	24786
954	116	7408
7892	108	21583
2131	66	24091
4098	130	9581
2532	42	9110
21987	2	6722
7226	4	23277
23814	131	9755
4668	18	1322
9624	4	22231
5346	89	2129
1837	116	7408
2830	40	24722
8278	125	7728
3333	42	5341
4825	4	7853
6642	42	9286
3584	213	22411
891	212	22845
8038	182	10022
8337	174	23123
2726	154	3244
4279	2	2272
3493	40	23753
7569	4	25392
1967	116	5300
120	216	669
6223	130	9319
10244	111	3814
3502	125	21846
3690	195	3881
3828	18	2774
5886	154	2441
7831	89	21490
9559	33	5551
6245	11	1917
21347	4	9742
2208	215	24985
4115	61	8189
6319	18	358
5744	206	24023
2404	116	25025
23966	42	23310
8482	2	7026
6065	13	22735
23346	130	721
3205	42	25072
703	40	22233
629	212	24975
7480	18	5650
91	2	158
1156	130	2759
212	154	4413
10247	13	9463
22795	154	25211
502	212	9801
9180	33	5393
811	11	22770
9616	212	21623
21131	18	2825
1041	131	1761
23467	192	68
5268	165	5218
6416	33	6352
7247	90	6310
22948	42	3618
339	103	8074
8918	216	3685
9986	90	9782
21363	90	4913
8108	125	1108
7165	42	1517
9451	42	4210
23082	102	22801
23074	61	4104
353	42	787
23423	154	23140
2134	18	23542
3006	33	22698
9299	33	24023
22132	42	21856
6530	116	7408
2876	42	10036
5005	116	25025
3236	125	24023
2996	61	2007
24675	40	23769
5074	116	25025
1570	13	3001
23029	212	7354
5869	130	3803
9097	130	9957
5268	165	468
7361	7	3673
9838	42	21795
8589	4	4902
7566	154	6942
21957	18	3500
23505	195	7455
7275	90	22082
23541	33	23391
6820	102	6964
22026	33	3670
24497	90	24763
21059	4	3648
1196	4	4833
3477	147	1606
24070	61	9702
8901	61	356
7697	18	2189
499	61	25121
4411	18	25437
24188	33	7469
5015	154	25211
8802	42	22092
21765	108	8807
23631	90	8616
24596	115	5696
24784	206	22434
1033	90	7611
23849	216	1899
5739	7	10425
8155	90	4654
9506	42	7308
7449	12	5706
8114	42	24077
4609	96	6981
606	102	25425
8629	154	10208
7895	216	24629
9102	216	1899
23457	116	5300
1478	18	400
21738	42	9291
736	7	1247
10229	42	21226
25292	4	1078
1105	2	742
2234	216	1899
10128	99	23979
7753	18	21434
685	90	9327
22525	18	3672
7830	18	6320
10378	33	8851
1587	15	8630
2415	33	21330
4313	130	1195
7444	131	6033
22309	142	6101
10405	42	23169
21533	40	21479
3350	66	1032
23496	125	24469
9629	206	9629
1937	2	24548
6554	18	10270
8278	33	7728
24897	61	23127
22612	130	68
1874	2	22032
6962	140	24472
7905	154	22630
6172	192	331
23841	216	1899
23231	116	5300
5252	7	3701
2372	42	9235
5416	40	22164
3025	125	2649
5968	12	10291
4130	216	1899
3227	42	293
4167	90	8808
9679	90	21613
25107	4	9714
9305	90	6994
220	90	25146
7251	4	1168
4952	18	22820
24718	18	25120
2776	131	1599
2387	42	25454
2666	18	6590
7540	154	68
21897	61	7744
25476	125	22176
24112	18	6481
2889	46	21114
966	7	3138
4760	42	3897
3792	215	7128
8047	42	8770
9882	90	8427
578	18	218
21315	131	23090
1829	61	9513
6438	42	5963
24457	99	1856
3661	33	6926
23158	42	1204
1538	195	3885
7299	96	8947
22831	18	23048
6600	96	4724
5778	18	3853
6995	64	7411
23294	61	21059
4450	42	9810
7107	195	4418
1764	154	6663
1064	117	22951
10258	90	1921
7219	195	8066
23030	18	5650
9925	195	21627
7489	7	22007
2102	195	8493
8519	42	1911
22350	201	21857
21985	90	1275
8560	18	22343
1533	96	23409
8685	18	358
24935	33	8148
3467	154	23309
686	60	77
1827	216	1899
8116	96	212
6573	154	25211
23854	42	9810
983	122	9385
8422	40	21524
8721	7	2009
5566	216	1899
21779	195	3223
5496	2	3247
574	203	3909
283	88	21774
21295	18	25085
3531	2	23124
5221	2	2916
21293	108	1839
7209	7	4789
22616	42	1707
21550	42	3047
21881	212	3336
22934	4	8650
1057	18	363
21745	116	25025
3654	42	1180
1835	116	2605
21258	7	21742
24562	111	21556
3681	42	1145
2613	130	23734
7008	42	2587
5539	130	6101
989	206	9522
4325	42	23447
6382	42	23696
4848	61	24874
7602	108	21082
24692	40	21511
6699	130	7384
2210	42	6235
2295	102	5317
805	13	805
1974	4	21818
2577	42	5469
1402	216	1899
6314	18	3761
23628	151	7535
4857	212	4166
7766	96	9726
2308	154	5940
5428	2	6722
4242	18	3066
23410	4	962
6791	2	7456
7316	195	21506
6906	192	24554
2908	42	6699
24971	130	8807
3214	2	9971
109	154	286
4136	61	25280
24638	216	1899
22086	40	6001
7095	216	4500
25488	2	25494
7300	42	23411
1039	177	22596
5215	102	4912
23089	2	2512
9349	116	7408
9216	125	24790
7164	212	9801
24763	7	10361
1278	18	7144
9708	88	21757
21677	216	1899
3528	90	3351
22377	131	8525
2284	2	8490
125	130	23309
952	33	2915
6939	212	22176
5895	212	9965
6098	90	9232
3510	2	4163
7838	4	8851
3082	18	23670
9104	2	7107
2387	42	21053
5566	18	23490
5417	33	9098
968	42	22093
856	125	6201
1818	2	7456
1330	116	1964
6511	4	24581
1605	4	10359
6807	4	22613
6743	7	2667
22857	116	5300
676	111	22905
24200	180	4647
6439	130	4945
1414	131	5129
24369	154	8608
1600	154	8807
6601	204	23793
9031	90	6701
23765	42	3677
23791	98	22951
4482	61	5152
10264	116	1979
5013	4	6544
5501	216	3423
152	115	5366
9074	18	3296
1868	154	721
1728	18	24824
203	125	2649
5314	130	22630
1444	42	3742
9737	40	21204
6901	18	761
5954	42	1657
9207	98	8807
9080	130	4281
7709	18	22057
6751	46	9591
10085	4	7927
10392	61	21805
5946	130	1153
9828	61	10471
23562	42	1846
5908	61	2307
24723	2	7141
8291	90	23862
21181	42	25395
3596	216	721
1927	2	24446
1660	42	2447
3240	169	7425
23292	42	5174
23590	130	24717
23502	33	22176
5100	40	9793
23472	212	2512
2179	2	23151
3898	42	4894
1473	61	4056
4012	42	1843
22751	42	4537
2069	216	21791
3100	116	3281
24590	61	5521
2565	100	24000
9401	33	5926
2516	125	21623
6043	46	3557
5471	18	23358
483	90	6596
21657	42	25190
3478	42	24851
10276	58	21896
3867	61	23072
4828	42	9107
298	33	5744
24614	108	2441
2382	42	8928
2292	38	2765
9010	4	25134
1888	2	6157
8993	154	23140
21129	131	24689
22443	154	24629
8568	42	6246
2966	61	10247
9151	42	1483
1849	4	4974
6889	42	3420
4465	18	3111
5691	12	2809
1818	42	23099
3478	12	22374
8944	116	2605
3581	42	21757
3003	40	255
23733	7	23880
8483	130	5383
21724	216	3150
9788	206	9781
23877	125	582
22504	199	1396
1136	192	5383
5296	130	24282
22348	116	5300
7145	125	24975
6656	102	9422
3686	125	23391
24476	90	24986
7417	41	25122
22347	40	1341
3422	130	5383
10179	42	23807
7324	130	8049
2447	130	5956
3111	216	1899
8916	2	10044
7610	99	1856
10464	61	1882
22682	96	2257
24029	42	3634
9913	115	6792
22740	42	21691
24372	180	3587
24514	206	6157
4629	61	382
1620	18	24498
10250	2	8232
3939	154	6101
5696	36	721
7955	61	23715
4834	4	2843
3116	130	24629
25444	7	563
22269	42	2416
3125	42	10374
4355	46	275
8777	144	24115
1974	12	25194
24088	7	7941
23094	2	5127
8590	18	327
22028	61	7332
23060	40	6462
1039	42	1843
816	116	24853
7027	206	2212
25212	42	25379
1410	18	21794
3039	42	21733
7862	96	25385
25059	2	8761
3865	216	1839
25100	18	25248
2365	33	6581
4568	42	21332
3366	125	4902
5680	192	1899
23994	40	1723
21854	154	6663
6371	131	4868
21511	154	68
23148	116	8100
8653	42	25297
9718	151	23628
22883	130	2311
5676	42	22079
23064	72	5982
23221	130	23086
399	42	6803
10209	42	25401
6230	90	6815
4326	96	2464
23612	154	5702
8675	4	24975
7454	90	856
24616	90	4316
21078	40	8673
21391	84	22951
24287	89	24351
3168	130	5383
25067	177	24143
3814	216	7337
7613	116	5300
1446	90	24241
25077	12	22923
5977	18	7645
7260	130	2018
1979	192	25211
25361	130	538
25066	154	68
1564	61	7980
23452	2	8851
10006	12	3616
8244	154	25211
7522	4	22335
3908	216	1899
8519	40	25455
9317	42	1181
21060	33	24790
409	116	6688
3498	61	7789
9090	154	23734
1282	195	8148
10436	18	4605
3709	90	1916
22985	2	4077
9390	130	6101
21665	212	23236
6188	199	6704
2087	2	2024
21632	7	22419
8677	88	1648
6785	61	8221
9870	42	21239
953	154	25211
25227	2	2472
22322	33	21623
9204	131	8084
5958	130	286
21902	96	24126
719	18	1477
2276	7	2880
25006	130	3814
3224	46	10224
24952	4	6685
2141	33	24786
9090	154	721
458	142	10208
22431	2	23714
4004	116	7972
22921	7	1066
1872	125	22176
3945	7	21670
5966	116	6688
4848	90	9696
671	2	2961
8762	154	23980
21135	41	1092
4334	14	3034
6635	216	2997
5334	90	10366
660	216	1899
22635	125	21623
5113	81	68
23608	213	22881
21821	154	4022
23956	18	21730
337	13	9463
4321	130	68
3130	66	22137
24569	18	1990
25108	102	23623
965	2	1875
30	154	23980
1417	177	24621
22234	90	3592
22146	33	22409
7021	42	3393
22888	212	25363
4380	116	24853
6481	18	24112
5788	42	6203
1269	130	8418
25210	13	7006
1464	130	5405
21137	42	24913
10124	4	21440
5533	61	8448
3844	4	805
1775	18	3908
24878	216	1899
1083	74	2453
23106	90	7457
4549	90	48
22206	42	40
21409	42	3207
4839	61	7993
5725	7	1594
645	2	24951
9004	4	22755
8894	61	4115
9720	18	8231
24466	40	21501
6847	206	1737
24965	195	405
23870	42	5144
6444	90	7917
1846	130	22785
1112	61	8593
3635	116	6688
1814	42	22051
2523	173	6688
22880	61	4209
21782	40	9714
960	56	7974
6066	61	24793
8927	99	2398
21651	2	23393
25128	130	8682
5785	130	1411
24565	42	5821
5053	42	9958
21428	130	21289
24651	90	2450
22423	212	23757
21835	206	24437
4223	154	68
22405	164	25431
5875	61	373
9062	18	21412
3226	40	3643
2942	130	4727
7582	40	8139
1583	90	2
22814	131	23569
24991	18	21385
23436	116	24853
6076	42	5779
7823	61	4645
21166	130	2471
7987	42	8845
4495	216	24629
3612	154	8512
8715	7	7285
8397	154	22639
611	2	23683
2508	40	2015
8362	42	8706
22839	18	21170
4606	2	22613
25481	18	22479
1585	142	1560
10326	212	336
8321	18	10256
6088	2	2442
2159	212	8251
10141	18	24165
3735	61	4202
24286	216	21791
2465	42	87
8086	201	6727
2668	84	22951
5291	154	1834
6777	42	24973
6654	125	21623
139	40	7593
22014	4	5339
23154	42	2626
4751	18	2332
6642	42	5791
1346	21	6101
24048	33	7814
534	130	6705
24374	116	25025
343	90	8715
1488	36	21210
6589	2	902
6324	4	508
22051	142	721
2747	106	6846
524	50	23136
5540	89	3369
6123	12	23909
2728	42	3779
4622	90	24454
22527	40	8495
21895	116	25025
9781	195	9407
484	61	23061
4294	2	7415
5008	18	4427
21220	130	9117
2971	14	24400
3405	130	22861
4792	7	9046
23680	89	22271
3952	213	8918
362	108	7178
22129	18	9288
2738	212	6119
8045	130	23734
6858	108	868
3912	2	5592
25487	4	9742
8838	42	8678
507	42	2852
25251	18	9982
22229	116	5300
3581	116	7408
24807	58	22667
5537	72	21993
6742	216	1899
8722	40	8642
22723	61	21632
3805	40	22010
893	140	24846
21979	216	1899
5082	216	725
7494	130	22630
4407	42	25204
24418	72	7068
5777	212	5992
21620	42	22673
7995	42	943
24424	90	23454
7983	63	5776
5515	140	2146
23917	90	2734
25340	2	24548
5772	4	4194
8420	216	1899
22968	212	4769
24080	140	6127
1982	42	9235
5676	40	21479
3613	108	5383
9442	56	3150
1814	116	5300
2263	108	25211
21381	4	22304
23640	4	25210
7205	90	24
9925	98	68
23635	2	5653
420	90	7259
22082	4	5241
7550	2	435
21535	125	3881
10321	2	8851
8664	212	23817
22742	18	7144
9787	4	9714
5291	130	5383
6887	2	7859
729	42	4156
1810	130	721
22903	90	7770
6948	88	5132
2896	130	68
10350	4	9714
700	90	23865
903	18	3908
76	212	2512
23692	7	6821
8434	18	8204
21806	108	7925
10011	89	23179
23785	140	5307
10094	212	22485
24679	125	9999
9546	42	3254
5348	116	7408
7064	42	5174
5481	199	24985
24293	206	5393
23579	42	9840
5979	90	8521
8849	42	9595
25363	206	21383
22881	96	21684
21912	130	5383
21466	154	5383
25440	42	22422
7717	130	7580
22515	33	1412
5514	42	243
7400	18	21216
22828	2	2472
21057	18	9375
22101	33	3670
5344	40	6135
8851	65	962
25173	7	2178
10277	2	21637
7931	61	2059
22806	216	1899
9695	7	7872
9748	90	23067
21995	33	5551
21566	40	8495
44	58	2155
24136	18	327
567	186	21002
8523	7	562
21152	42	25289
3533	130	8807
2817	204	7337
6943	125	24001
4335	174	7263
22617	13	9463
24843	18	1990
2512	130	8807
8661	147	983
21252	42	24706
5466	2	2782
665	125	25343
9529	212	8344
9794	61	21825
22408	42	6024
2274	216	7337
9661	90	9664
24212	40	5284
22523	4	22762
8839	42	274
24988	4	2556
3708	33	1040
3071	18	8693
6093	147	24667
23025	130	7212
10031	4	8319
25321	215	7128
22404	61	6858
10290	72	2349
80	143	23179
8369	61	2228
22304	130	721
5095	42	3827
21269	61	21105
23613	125	6207
7409	18	6278
9893	154	5349
6147	6	5776
192	14	25211
7614	7	6368
4757	10	10153
378	18	8693
2693	130	9931
22489	18	7968
4621	7	6781
24237	42	5151
3141	42	3054
10248	40	25134
4192	99	2957
4719	2	5578
24767	131	21339
25332	42	22149
1934	99	24875
1899	140	947
23714	206	5847
6046	18	3908
23453	96	1664
24293	195	24010
7558	58	22667
3221	116	5300
3397	18	6633
4180	42	6864
21638	42	6972
4591	154	4881
2175	140	24846
7640	42	22358
696	2	22409
370	7	6164
1162	4	962
23525	42	1619
1449	130	5383
21367	42	10073
22627	7	1356
7429	125	1570
5518	61	10272
24635	154	24485
8842	154	25211
8451	4	6639
22858	125	4564
9685	90	482
5931	2	392
22120	13	9463
8840	116	6688
9094	14	8807
24586	42	24973
22543	16	23734
258	42	8009
22285	42	10377
5132	180	5435
6144	61	818
377	2	336
21962	99	21308
23606	2	5339
2166	4	7661
2537	42	1100
23457	42	196
8821	96	2329
1124	18	22945
137	130	24531
4978	130	538
3615	42	4454
7090	18	1348
2923	18	25312
6597	42	7070
9570	13	9463
23145	42	54
8909	4	6470
24365	206	2638
6758	61	4795
5559	42	9562
1348	18	24775
5536	125	22994
6835	125	7073
22862	204	721
5468	84	1667
6851	7	1594
7939	42	8800
5585	96	2163
3777	131	10100
3039	40	21123
24565	42	4761
3546	18	25271
958	18	3908
25185	40	24060
9472	18	1990
24447	90	2606
2855	18	22737
24498	18	1620
3229	102	1295
5887	42	8493
2311	50	5702
3521	42	1826
2669	130	10199
6727	154	5940
3450	18	7215
2913	42	23279
5916	96	3108
8293	18	5002
21266	7	8530
24101	7	10257
1914	216	1899
3167	42	25401
23184	18	24388
24116	61	25192
3044	212	7354
22513	2	6119
10298	198	3772
8151	199	6069
22867	42	22610
22482	96	6879
23230	61	22575
2863	66	8770
4460	4	6452
909	102	1268
5417	108	25211
6312	125	1000
9131	2	23714
1614	2	9804
23212	42	9184
4718	2	2232
6997	42	6997
4233	33	582
24587	96	702
3712	33	1108
4623	42	23370
3651	4	5219
24231	4	6352
9530	206	25494
25227	2	7814
4046	18	7024
22052	18	3918
21322	130	8807
21274	212	3580
23169	130	23734
21070	41	6826
1100	96	4862
4442	130	472
1277	4	3469
1373	131	2429
1662	42	23910
24556	195	8461
24010	206	5926
3828	216	1899
1040	14	5383
8449	40	4942
7017	18	4205
22562	154	7337
5573	2	9804
23554	154	9367
22918	46	1508
5083	212	23236
23967	7	22388
1666	7	21596
23326	4	7927
9798	131	21393
6412	18	10270
5267	131	23132
7355	116	6752
4871	154	23980
8258	42	8723
728	116	7408
10391	151	8237
3115	100	7719
1637	212	25219
7604	4	8652
173	90	6401
21498	131	9231
6864	130	23868
4758	102	3861
10329	42	8828
9993	4	24238
24606	118	5776
1394	42	571
22487	46	23519
2834	42	8402
8095	157	5532
3853	18	24638
9326	121	7337
762	4	24790
5796	61	3773
6732	2	6540
8754	154	25211
21105	61	5137
1674	130	21210
4806	61	25358
23454	125	5926
8669	125	9965
22811	2	25247
4095	212	6257
25418	18	4411
1422	42	54
3711	61	4880
22470	42	4458
3136	33	23437
23766	96	7743
7628	42	22754
25003	154	7221
25076	42	7516
22734	216	1899
8552	125	22414
23824	13	3001
4899	116	7408
1786	41	23793
4902	130	8924
6270	2	4506
7249	4	5450
2730	212	9441
21643	4	2787
2357	90	8717
5876	154	23734
22999	96	4509
4474	56	24485
1113	42	558
1157	131	1154
7670	90	8591
7341	108	23734
8907	116	2605
24744	4	1000
24666	42	9318
8367	154	6663
8672	4	24789
1590	4	23686
22222	130	22298
905	125	9522
8971	40	22076
22825	125	2512
5261	90	5451
5146	159	24364
1708	130	5383
10273	61	8096
22566	4	6551
4648	84	24629
23828	2	22032
10373	33	23804
23915	7	9292
7899	90	7496
7278	2	10044
23195	116	2605
5751	130	22889
24150	42	9577
2138	212	6257
21078	4	3535
4751	18	23050
21128	124	10290
1098	130	1411
5427	4	10418
780	154	6663
10403	2	8851
3590	212	23068
21105	4	1232
24331	42	7393
10075	4	25219
1819	7	10319
10444	212	8143
23397	130	725
7492	40	24914
25497	195	7107
23292	42	8157
25438	18	23548
5262	130	8807
4635	42	4025
5855	2	22604
23572	46	23201
5718	4	7374
24367	216	1899
6807	7	9240
174	116	4786
7045	90	3415
25481	18	9083
2516	13	9463
601	90	4852
2356	88	4116
1324	89	24351
6504	206	3186
23468	156	7767
6280	18	22249
21137	42	21543
8735	18	8440
24119	154	4893
9523	18	3622
24424	61	23676
708	154	22466
2246	212	9801
6706	130	6762
7853	206	8357
1356	90	1670
2991	18	2200
3197	90	6588
8440	18	2127
7839	130	24554
24990	148	7608
24199	7	21155
7073	65	9626
347	154	6663
3288	103	6709
24345	4	7804
9788	206	3336
24932	2	21528
9852	130	2579
4464	18	22646
6546	7	21749
1902	90	8934
1879	7	23142
4511	116	25025
22522	42	23550
21677	18	3633
24287	100	22289
1928	154	3534
9088	130	10266
5005	42	5144
7556	42	5678
8499	18	1558
21785	130	22905
1064	125	6352
9012	108	5383
8957	42	6246
3979	18	5288
24210	42	217
25044	212	23650
6948	42	3594
6932	42	22609
3898	42	1897
533	108	25211
23894	130	9557
8501	42	22601
354	61	9196
2663	18	6925
4983	125	860
22887	53	7182
22804	125	22485
23577	4	6387
4168	4	10418
23524	7	7633
21741	42	8883
9564	90	6040
734	216	1899
24199	125	8490
22382	98	3936
23216	33	21063
602	90	24492
5758	42	21945
6057	215	1964
8264	131	24966
1326	42	5805
2685	61	3925
21171	40	8097
1120	180	150
5215	151	22143
24093	148	1721
6512	2	3375
7173	18	10262
101	206	7921
10013	108	25211
1193	130	22630
2816	89	25370
661	212	22176
8291	33	582
25496	7	8
4628	130	6942
8544	206	24886
5831	90	6247
4604	90	4809
21880	42	23928
21185	213	3018
2077	108	3906
21491	89	23028
9096	61	1045
25008	108	25211
6841	130	7263
8561	125	5926
3181	18	183
24838	15	6255
8619	42	3949
22701	42	22337
4551	33	3670
25070	4	6532
876	154	23421
3202	33	22368
7335	154	7819
8416	18	23189
5977	18	21555
23467	215	24922
375	40	23533
6413	2	9968
463	42	8022
24081	42	23013
8466	61	8743
614	4	6103
4299	7	102
21295	18	57
22022	18	23163
24875	165	21604
3395	2	22762
710	103	5293
4407	42	21848
23949	42	23876
1567	121	7337
7605	40	23654
2501	42	15
24888	61	2724
23238	4	21474
59	90	23241
6488	125	9447
5230	42	24098
7870	177	207
1404	130	23734
25482	125	23437
50	2	21994
6475	216	1899
5848	40	21474
4613	4	4633
3950	42	8492
24204	4	21646
4538	4	1078
531	115	2954
9422	131	5846
458	154	9029
4861	40	22648
5775	42	22563
2887	14	21791
3739	42	21460
6556	42	2447
24816	7	10403
7586	33	7073
5239	42	8263
1918	2	633
24757	131	6687
22396	216	1899
21384	130	23793
25469	42	23558
23030	18	21146
855	116	6688
4722	108	23309
6686	11	1214
1922	115	10437
22391	7	481
10458	201	5752
8960	2	3670
4892	61	10404
22099	125	1000
9778	61	2893
8087	2	21666
23702	61	7955
9114	116	7408
9718	102	10274
10363	130	25211
23747	2	899
21706	140	7138
4815	125	2304
4382	33	1570
3495	154	2441
21966	171	21887
21169	33	1000
1246	195	8493
4252	42	9276
3314	195	7814
3320	212	6146
10337	42	22763
1890	204	7767
2052	61	1262
22959	61	1658
2201	42	1601
1273	84	8682
8200	61	2044
23021	61	654
3192	18	8042
22056	140	6559
3407	182	8078
9568	40	7734
8054	175	1925
21961	140	6313
22636	206	22438
24102	18	23542
4751	18	7134
567	216	21973
539	42	1096
6946	215	25037
24883	13	7006
716	88	8413
9066	42	23146
22561	42	22856
4433	154	23140
1392	108	8595
5217	18	1558
806	18	8647
7177	96	23247
5717	130	8807
10244	216	7337
2889	177	207
5008	18	25304
1570	139	557
10091	46	6763
10201	7	6112
24679	2	9999
23763	40	3469
25299	40	6168
24835	130	22630
21131	18	5561
6911	33	22994
9590	18	6713
22969	2	9259
22130	1	2323
23382	130	23123
7258	191	22193
24932	90	24489
7493	96	3246
2700	42	6149
517	18	948
5123	61	2450
6342	125	24786
8728	42	964
135	90	24502
22421	216	721
3440	130	22951
3424	4	25301
6114	4	9804
23839	125	7370
21246	212	6446
9271	42	3893
2037	90	8892
3718	140	6313
9185	18	4336
22219	108	23734
7214	216	1899
2400	142	6924
5131	131	23850
4946	61	22248
22865	125	7879
9639	108	8630
23366	212	6119
3046	154	725
21348	42	680
24903	2	1737
23024	42	3639
7947	7	2334
9359	46	25466
9265	7	24636
3479	42	22979
22966	7	21095
22808	42	24778
9515	130	1153
2889	40	2442
580	88	24985
21580	216	1899
7965	18	22241
7124	154	8630
1513	181	9357
8217	206	9759
4454	89	24750
5968	42	23411
21647	212	5377
9075	42	6391
21975	33	5926
21004	42	1911
21372	2	24784
8566	42	3020
7476	13	9463
23714	195	9447
710	140	9539
25204	130	23734
22113	130	22951
23177	42	4296
6189	18	23663
24605	98	5947
842	4	2024
6228	18	4078
2946	2	7288
3982	42	5080
22097	33	22485
21372	33	582
6733	90	6527
6647	98	538
5024	182	7625
23104	130	4727
25023	18	2938
25326	96	9372
3423	140	22217
1861	42	21757
523	18	1169
3439	18	22712
6311	118	5776
4574	18	2732
2293	42	9318
4105	40	9714
9355	4	5926
7281	18	23548
1834	81	7212
2328	2	8431
1610	125	23236
9477	18	8334
5863	42	6329
22900	7	24434
6969	90	3446
3419	18	23129
5581	216	24485
903	216	1899
24148	13	9463
6923	154	7115
9235	130	9581
3536	42	5148
7179	18	24713
7158	42	22211
2499	216	2765
1744	65	4569
6270	42	3665
842	7	3543
23393	130	5383
3474	4	9714
7097	192	25211
2207	18	8181
21233	4	5377
3096	18	22578
2313	40	1799
9037	216	456
1061	212	8232
23520	206	22631
25104	18	7057
25349	40	4942
9519	89	25370
1781	111	2176
22854	74	22744
21088	90	8462
380	42	21133
9411	42	9454
24310	4	21818
7505	2	9463
23930	154	8630
23247	96	25316
23754	33	21330
21200	130	21714
7249	33	3023
24316	2	24790
5755	42	3379
23116	33	3881
4597	42	3347
23496	33	24469
21143	18	9743
23507	18	25027
21513	90	21565
22411	154	21989
8633	130	22334
23843	56	4816
7000	72	25404
6878	61	1908
24334	130	24177
23289	42	5791
21797	61	24657
21724	134	9041
21998	33	22414
2631	40	24914
24523	2	4898
24887	130	9581
8951	61	24240
8874	192	5383
7602	4	23505
24070	7	5088
24665	90	5667
23527	33	2512
21429	42	23417
8338	90	21084
23174	2	1952
24677	4	24975
23116	61	22201
2331	33	10044
209	130	10117
21507	42	24254
22193	31	24128
8656	2	9209
859	42	2362
930	140	6313
24753	13	3001
2244	61	5258
7272	191	7066
22697	46	22725
451	42	2670
517	18	425
4298	42	1540
23545	40	1456
1062	89	4772
9705	90	1750
4581	130	24268
22247	42	6990
5951	2	22613
2849	42	3643
25015	42	8280
276	216	7974
9491	4	3247
23587	154	7337
3408	18	2309
5803	4	3795
9986	212	8143
25488	61	2610
3507	125	23714
23268	7	8949
4044	90	22021
464	61	4785
7555	61	8880
6707	130	23908
23324	130	5121
1615	154	68
10448	108	4421
3371	206	10044
5841	90	7665
23919	42	24395
7740	61	476
5648	2	8761
24867	42	23093
22331	2	22762
25387	116	6752
21275	96	6595
1381	90	9070
4584	42	5071
2589	120	4090
3085	33	21627
22921	108	5383
7151	41	8037
1944	105	5776
22072	125	9801
9519	154	24229
5886	130	22630
3237	42	23019
21195	130	68
3312	216	1899
23892	96	24328
7150	216	1899
1262	90	2052
3398	212	22845
9825	7	5010
23933	130	8049
4044	7	1885
2538	143	24351
5115	61	9137
9707	18	5833
22500	142	24629
5590	42	4736
8433	18	7261
24853	20	5300
2893	61	1631
9349	116	7972
10186	4	4942
8260	130	6705
3117	18	7624
958	18	3082
9551	130	23200
337	206	25093
2358	130	134
310	130	2807
10197	148	21948
2222	90	1497
9137	61	23426
447	18	1784
23801	61	8419
6410	7	5102
21356	42	3230
4605	216	1899
4792	2	829
7320	125	7073
3325	90	5545
21027	212	9804
1762	46	8720
21360	7	7431
5909	42	2773
544	125	8490
9649	216	3718
1486	4	2886
23065	42	8170
25085	216	1899
25138	18	7347
3676	21	68
700	61	25241
9517	130	25211
10047	42	2232
21887	216	22905
1693	102	4345
24206	4	508
9805	42	23910
9406	130	9117
3065	108	25211
4194	96	3829
5380	40	9200
24768	42	24564
22902	18	3419
4380	40	5156
21015	98	1839
24733	42	22294
21144	2	25219
9500	2	4976
3421	2	7107
9259	206	21627
6234	83	5119
24513	81	24177
23098	42	23512
4887	42	9078
10243	154	1405
21582	212	9925
9606	154	21791
6773	18	3111
2606	212	1636
843	125	24001
21505	18	23934
7768	42	4933
24086	4	1582
22118	212	9123
383	131	3228
4494	61	2947
8600	130	2471
21430	18	5494
5433	89	7751
24777	42	7912
1	4	8302
5628	18	24738
7349	11	22770
21057	216	1899
4990	96	493
10053	42	5807
21227	2	21528
7101	18	5
24478	195	2782
24480	4	2828
9546	42	9306
8526	18	8107
2894	61	4072
3113	30	7245
21155	212	8490
8516	18	8714
2673	96	7597
25407	18	22246
10390	203	1209
23202	4	9742
7507	33	453
784	61	3505
4122	130	4027
21696	18	3938
9541	116	5300
21649	130	24928
25113	2	5339
24673	38	23793
21875	90	5575
5255	42	23619
23612	99	8454
9831	20	68
8210	212	9801
5957	89	22694
21531	4	7936
2041	42	8678
1778	2	21623
24558	40	1954
1364	42	3949
4364	4	23393
236	125	25219
9059	46	5730
22009	148	10317
23090	130	23980
5337	212	970
10483	108	25211
7939	42	3851
8929	67	8328
21769	116	24853
8274	216	1899
8191	61	2172
3837	18	2743
6324	2	9801
25476	61	7104
2908	42	21414
3637	130	10117
2465	2	3813
23072	90	3867
1062	130	21556
8918	124	568
2980	36	24629
2225	2	8761
2958	42	2278
25225	7	23401
337	139	1720
980	191	5934
7933	130	1083
23280	18	1591
8428	96	21168
3552	42	10173
5260	216	721
1688	2	22746
7309	108	25211
167	2	8829
25016	14	2765
24396	2	6462
8010	61	21037
6192	18	4943
4916	18	907
22487	42	23550
1490	67	21277
1047	61	5010
6903	115	23392
4155	116	7408
2636	61	2709
7843	33	23068
24435	154	721
6819	90	21274
21990	2	9447
2456	216	22639
21339	131	3497
7040	18	23956
22995	4	3222
9047	61	9627
4268	82	4786
5429	2	4695
24947	4	3535
5663	104	1667
7423	216	22951
4211	18	8576
4232	61	6979
2887	204	21791
3002	173	22371
7320	7	25192
8334	216	1899
21706	140	4090
21671	40	10185
4166	195	2925
3097	40	22548
7858	18	21630
5499	130	4421
8063	42	4954
2044	33	22176
3186	206	8544
4871	130	5349
23870	42	23069
21325	4	5127
549	212	21396
9679	2	9522
240	7	246
349	2	22613
25405	90	21780
21412	18	900
5446	154	25211
2051	33	337
1706	154	2682
7045	33	22176
25350	61	2085
22448	154	23980
6010	18	24879
1290	4	3670
1758	96	3585
2444	61	7358
21519	18	4926
9315	61	24877
381	130	286
8821	131	4867
4623	2	23370
5906	43	725
24767	131	25446
6280	18	24474
4918	40	300
3301	108	24400
2331	2	8829
1164	70	5068
2985	42	3533
8135	42	24778
8527	131	21178
21701	206	22613
22307	42	10173
22386	4	6639
1498	90	3149
21620	42	1726
7090	18	21860
23669	191	1693
25369	96	23554
8233	125	5166
22809	130	68
1077	108	4413
1301	15	25211
24091	58	2075
25222	4	1798
2370	12	3623
24771	40	24002
4086	151	5317
564	42	23621
24430	42	1540
8445	212	23
2880	212	6593
10429	90	1905
6855	61	1768
613	42	25294
22336	18	24834
23457	42	9920
2978	90	23768
4591	130	4725
704	125	22176
21967	130	10312
3402	33	22176
2511	212	5339
4589	212	1744
8805	130	22630
5478	151	2006
21683	4	7079
8561	4	5926
21886	2	21771
5851	108	23309
8354	40	23654
5130	40	21162
24657	90	21797
2501	42	5713
21145	154	769
23652	7	22103
5530	61	6240
22253	216	3718
21703	18	1827
4749	42	1011
1470	4	1582
10262	18	24878
23008	102	9511
7447	130	5899
23819	18	1294
2430	131	10279
21660	199	3204
23942	173	5289
2300	18	22861
568	191	24635
8971	42	7517
21338	61	4706
10084	40	6843
3940	96	3358
884	2	3665
51	90	21712
6472	61	1061
2551	42	23910
24540	2	2024
6315	2	9801
23103	18	4427
931	42	8070
2725	182	10128
4993	42	25315
6515	61	21535
5699	108	3803
6125	4	5248
10115	154	21791
7906	90	9930
2795	61	637
3579	40	4524
1762	40	23683
22997	40	2114
5052	40	21511
24463	116	25025
4088	212	5782
4154	90	24376
24920	42	23069
3105	46	21067
8331	80	4182
10465	46	9953
109	41	5593
2537	42	1619
4767	12	7791
7954	42	6990
5076	133	2826
2771	216	4816
21225	42	6674
3052	216	1899
3166	40	23112
9540	61	10327
411	154	4064
3316	130	23888
1265	90	8599
10313	18	8342
23041	216	1899
3853	174	8329
3196	4	22472
8477	40	9239
3871	40	7639
993	2	22228
8916	7	25188
8861	203	5082
7932	42	24033
24450	4	23096
24306	154	5210
2564	4	5868
6588	125	1000
3227	12	3616
2559	165	24667
3388	106	6325
7418	125	5551
23084	212	6926
5221	177	6591
5187	212	6207
1233	4	23643
9528	4	6639
9494	4	557
25031	116	6752
1673	108	5383
474	2	22231
6508	130	721
8949	212	5351
3213	30	7395
7207	212	970
9499	212	6387
7181	42	747
409	40	6396
24565	192	7385
22098	61	21893
22857	2	23117
10237	125	21846
2721	7	8060
7444	154	2786
24798	131	23250
2317	7	9665
21075	116	1964
1966	42	25130
1244	18	21039
9196	90	23674
4130	18	22067
22583	42	3591
1104	130	3803
1391	98	25211
5602	4	9259
8957	4	7639
22490	130	868
2461	216	22951
5369	175	21193
4221	18	9844
8146	18	24325
10438	18	21849
23760	212	9801
8700	33	4902
1498	61	1366
1062	130	6705
24894	130	25211
9361	18	22807
5322	42	680
3853	18	21245
6455	108	24364
5810	216	721
515	61	23575
6013	130	6663
10114	7	21521
7284	18	3924
25195	88	24955
3094	42	1854
10423	116	3182
2754	42	4904
23451	108	68
7011	130	8807
22919	42	24287
7437	154	2441
21927	130	22630
21935	2	8851
22260	4	6551
6340	148	536
9865	154	68
7251	42	4315
2931	33	3670
25195	42	8250
4930	154	5955
21237	98	3492
2348	68	6896
23973	195	2140
24859	216	21791
5903	108	23734
2364	90	22026
10376	18	4330
1921	125	9999
10448	7	7468
6552	61	9608
6561	42	7253
2276	125	6593
4339	2	2782
21353	96	8732
129	2	5708
415	4	23393
7504	89	9474
1199	7	1121
8181	18	3354
6742	18	8012
4996	33	24001
8285	4	2760
6765	99	1346
22200	191	4979
2024	206	9801
8735	18	473
24784	195	21396
3381	116	7408
7235	165	7301
5483	216	1899
24997	154	10269
24669	7	22842
24128	96	3877
23680	130	6944
25303	130	21791
4383	116	6688
7906	7	1687
8204	18	8434
7762	18	3252
9674	216	21973
23854	2	7410
8808	2	5377
5352	18	1088
24471	18	24873
24905	131	21403
2591	116	25025
21747	2	22871
24298	192	721
5970	108	6404
23691	125	9804
7531	111	68
8638	61	2073
25458	18	21467
7653	108	6404
2913	42	25474
25378	42	4619
21356	42	9865
2997	103	1405
23391	98	25211
21530	204	21791
3964	116	6688
3067	90	4820
22053	2	6847
4722	125	24133
22262	42	9704
7347	18	7742
24482	2	24786
24643	2	3721
9059	177	5730
25433	4	4024
344	61	8948
8505	12	2529
3131	154	21708
5004	7	23784
24236	2	10025
10378	7	7269
3981	18	24509
234	154	331
6477	154	5383
9270	61	5183
556	130	21973
6957	42	9085
21542	61	22221
4845	2	6439
23844	216	1899
23067	33	7288
22215	2	22116
5996	42	24288
6035	7	2984
9521	90	7887
23670	216	1899
1596	42	24192
3406	96	3108
3228	102	383
21443	61	22967
21356	2	1969
21487	2	22414
7854	2	4942
207	130	23332
3477	147	2745
21296	212	3580
1477	216	1899
5609	108	5383
24982	125	3670
1824	2	21440
1999	201	25269
2645	125	2344
10335	116	8100
6142	42	10374
6982	89	21490
22029	4	6103
25403	61	23351
22736	42	24002
8329	216	1899
3722	89	24852
8387	42	21108
22509	125	22994
8984	212	7288
25045	90	8995
3348	33	24444
24753	212	1794
8177	130	1899
23452	125	8851
2166	12	1213
23214	7	443
8501	42	2696
21720	177	8663
21144	90	8156
22852	195	1538
7074	154	4881
5134	7	6315
7846	175	222
1	33	8143
4162	42	22137
6732	61	1371
3181	18	23956
6666	212	453
8585	42	3207
9976	96	24363
21730	18	25027
22024	96	23132
10346	216	721
10336	61	504
21756	89	6106
2049	42	8292
621	18	24014
9078	154	68
25496	61	7159
7890	125	22994
9571	66	3751
23821	216	1899
21144	33	25219
23522	147	8315
21510	61	2892
6957	116	6688
620	116	7408
1604	212	5767
8762	154	7337
7811	96	9692
6294	216	1560
7804	195	3810
5522	130	24926
2965	42	2555
7001	130	23793
10107	7	24440
2547	42	5167
6636	130	68
10371	42	24254
25209	98	23309
2965	42	6079
9708	192	5383
3597	18	6186
24274	2	24469
957	131	1933
5038	108	25211
2742	42	23626
6500	41	21257
21010	42	7840
10301	42	788
22533	4	7639
7315	116	7408
23212	116	7408
9815	42	3817
966	33	2568
1799	130	24594
9755	151	5873
1809	154	5383
2913	42	2707
4742	2	2421
3163	4	22032
6423	130	22630
10376	18	4150
6928	42	22490
21273	18	22980
22582	4	1710
21786	130	23793
3848	216	1899
24799	212	9742
4871	131	22448
7414	84	1560
5057	4	21771
4157	42	4609
21461	154	25205
10407	212	9801
21847	147	6273
21794	18	4332
1819	90	22668
3151	206	7026
23465	4	8596
10274	131	4874
23788	116	25025
9493	7	8717
4260	154	1899
3794	61	4437
6494	108	8924
4744	42	3949
5487	4	557
24341	108	8807
24010	98	538
2432	199	1396
22195	192	9120
897	42	24580
24467	18	5523
9924	134	23588
9708	42	3451
24146	96	6491
3525	2	336
4293	61	1828
3730	2	4271
575	90	24382
2285	130	8924
5277	40	7395
21025	154	2470
9040	42	8603
4896	33	3670
799	130	7572
474	4	22231
6002	195	5172
8585	116	25025
5925	108	7263
3796	2	2015
7522	90	7201
5108	33	7073
8216	42	5866
22035	130	8037
24270	87	24319
24244	90	23568
21342	4	7734
5848	42	9235
2278	154	25211
5663	104	6101
24542	61	22257
909	130	7767
5470	18	8655
4263	90	24090
6558	61	8108
9342	130	23309
2141	125	24786
9269	33	22176
23216	4	21063
24263	204	3718
5019	2	8431
21980	212	21440
25160	61	843
596	90	2119
22412	13	2523
5506	154	22905
6825	66	25048
10052	42	8770
9829	90	9106
7586	4	9626
22740	42	10473
24543	42	6693
163	165	2320
597	61	8523
9083	18	25481
23749	2	23022
9017	40	24069
22083	130	21715
636	42	65
22061	96	3576
8607	4	1221
9318	154	68
23446	116	8095
8762	41	23980
2561	216	22418
2720	140	4045
3178	154	3091
7682	18	22052
5870	130	21790
5543	42	1483
21767	42	2386
7001	36	22630
2805	46	22725
2585	2	24599
114	216	1899
3654	177	5271
7742	18	2590
22810	108	23734
22533	42	23945
8208	2	4695
23040	131	21902
21364	90	7784
25237	130	4267
24130	90	22711
8826	195	4110
1263	102	3040
6587	108	8222
3990	2	8981
23269	130	8807
24447	212	1636
1643	46	9697
3789	61	9665
9025	7	2125
24802	116	3182
6348	7	5222
23472	2	24784
21562	84	7632
7336	2	4163
3125	4	23277
23615	18	3192
6970	125	8375
24593	122	10135
7066	130	22962
8054	130	5383
1514	31	24128
4516	154	5050
24885	42	3393
5832	61	4338
21065	18	22712
5464	115	21275
8198	42	6389
9277	177	22084
8421	130	25211
9860	130	4064
23551	42	9701
22486	61	263
3326	42	21108
1029	18	21590
8019	42	3364
464	33	10044
9416	125	24469
21529	42	7894
23067	61	9748
4250	33	21627
2960	216	1899
1348	18	21826
21731	2	2209
7652	7	6979
22732	42	9615
25349	42	22612
25409	216	1899
7285	212	24133
952	4	7219
21175	42	3923
1345	61	6466
7304	2	7853
4867	154	24554
4641	42	7375
23862	33	582
2067	42	2824
10217	71	25147
4557	116	25025
1217	7	8559
8489	42	2871
24577	116	5300
891	2	5592
25485	40	22548
22563	154	68
583	90	362
8725	216	21791
24378	7	1984
21822	42	9842
5377	206	22176
4951	90	22190
24359	18	23365
8779	2	22569
23648	18	4038
2712	1	5827
22497	90	22251
9460	4	6259
4552	115	9286
9247	2	23386
24943	216	1899
3003	116	7408
675	4	22757
5596	18	21115
24933	130	7263
5046	61	22664
23634	33	7133
7788	18	21814
3693	42	8192
9614	33	1000
23801	2	3670
6946	42	5729
10463	216	1899
6905	125	7728
6481	18	4668
9436	116	25025
24171	57	3183
2649	206	10065
24233	88	5132
5641	18	25409
4236	96	23322
23465	42	25136
6570	66	22658
21886	2	22414
4037	33	5127
7487	199	42
9966	90	7304
3342	2	21199
23101	40	24722
8459	61	5090
8850	42	4735
800	2	6847
25030	42	8492
5830	106	3172
22278	61	22047
4299	33	8286
2785	181	10271
378	18	4431
6524	116	7408
7089	90	8561
7167	151	24099
9564	2	3048
23201	36	22639
7273	216	1899
7939	116	3182
1426	4	8386
7353	42	1840
694	40	22548
6810	61	8265
1953	4	8176
6739	216	1899
5614	42	2001
4501	21	24357
5932	18	3494
273	154	725
4181	130	301
899	130	2477
21251	18	6193
22978	90	25054
22863	61	23865
7008	42	8377
2720	42	5488
23011	131	3940
2188	111	9917
3243	40	3609
22902	18	8321
2422	4	6544
24296	2	4181
3117	18	24379
4004	2	3251
4412	33	21237
6729	7	9255
3946	216	1899
3408	18	24379
2352	2	4898
385	61	2078
21316	154	1405
21196	154	24629
7307	42	9363
21037	125	25033
9452	212	9965
1654	173	5532
133	40	9793
25480	61	21613
2569	130	5349
5667	212	21623
10392	4	9925
24468	61	22909
3690	130	4304
5537	130	120
9845	90	1125
4919	61	6326
2766	18	6713
7968	18	8753
3931	61	5397
5848	42	8382
23232	42	24812
25261	88	4537
21646	195	22613
7204	131	7910
10300	61	4722
8027	42	2362
21051	18	8181
220	61	3513
24631	90	24820
22198	89	5586
2396	61	5123
1689	42	3254
1583	125	6352
9807	96	24689
7477	154	8630
9971	154	68
2281	18	6673
2745	148	3477
8381	130	8725
24223	42	7009
2559	21	22630
6669	42	7222
5428	13	22735
1444	42	8565
10466	151	24189
1955	116	7408
21759	18	8576
4215	42	23314
4091	42	5870
3845	130	24629
1768	4	5062
6196	116	5300
6989	18	82
6130	130	8807
1081	42	5642
8587	125	9742
47	40	10007
24569	18	21430
9898	40	7639
7633	61	7389
1152	78	8998
2370	42	23099
6514	140	24472
24573	40	4201
3336	206	1592
9279	108	68
9255	212	23437
9376	130	24554
4199	4	24784
4234	130	68
4799	42	680
10224	96	5109
9578	212	8983
6525	42	23611
353	12	10291
2316	2	4976
23065	4	8139
9071	130	22951
25262	131	23603
23301	116	7408
6166	216	1899
6701	90	24307
6939	7	21645
24353	2	5517
22919	4	9714
4492	201	4492
21033	96	2874
3675	4	5690
8578	18	23163
23335	7	21647
5279	154	25211
25110	130	4881
7947	125	6201
9867	216	1899
6532	195	21017
21560	192	7572
1502	12	23909
5918	196	21211
3884	12	3616
21203	42	2935
5663	104	6753
22930	42	1181
1569	42	9459
4676	199	22724
24129	40	24069
5833	18	673
22633	98	8807
23554	131	3467
23054	2	23825
8216	42	9560
23407	42	653
6903	66	5234
4091	116	25025
7685	42	3442
743	130	9581
9606	99	21394
1330	42	2839
8147	212	1000
5902	108	23734
10121	42	9318
8293	18	4349
4708	89	10135
9908	18	8079
3916	90	3610
9765	42	9615
9326	62	1597
9437	212	22434
24316	61	10112
7326	33	7879
22748	42	3451
6364	56	22802
21520	4	24159
21485	61	25451
3350	130	23980
3356	40	9542
22783	40	9927
6245	57	4727
3037	130	24629
22341	18	5001
8569	90	3556
6084	154	6663
6504	195	4947
9970	18	8048
5538	18	3296
1884	154	22158
4131	98	22785
21248	42	21086
23943	42	4954
3683	42	25351
4626	213	4936
3407	99	23979
6719	40	9158
918	40	23683
3050	212	9535
1000	206	5703
3958	130	5929
6805	33	9447
10375	42	192
2345	125	24444
5688	18	122
7722	18	7549
6452	130	23734
4417	18	22874
4941	212	25494
7523	4	9626
5615	18	7281
21094	42	8565
7763	18	10092
4216	42	3618
23044	206	58
7459	7	8719
4141	42	8212
3553	130	21109
2012	33	3471
9410	212	1108
6719	42	23233
1795	40	7220
23671	2	3719
7814	206	3885
3785	89	9385
1420	42	5315
9111	33	4902
25287	56	23793
8006	154	22905
9010	12	10291
8566	42	24214
10088	42	759
59	108	23734
4501	165	1684
7658	7	4592
8619	46	9953
23242	131	9711
2012	7	7657
10334	2	21406
24261	4	7639
9447	66	7678
25490	192	865
502	4	5127
22138	108	22951
22308	33	9965
4354	4	10004
3458	130	21790
7814	206	21846
6521	42	2250
6721	4	3233
9686	130	10117
8815	4	24172
6606	125	23791
3700	42	24597
2019	2	7107
24188	125	7469
8020	61	23162
1552	90	272
5064	18	473
23934	216	1899
24117	42	10372
860	195	22414
890	130	8608
5484	89	7751
6452	131	22613
8896	33	1570
1340	42	3152
21103	42	6531
5943	40	7477
2924	18	7757
23517	61	9437
4497	130	8807
7887	90	7959
3439	18	8758
2771	132	35
3683	177	445
22104	206	520
6180	40	4223
3314	206	8493
9492	89	7751
1322	216	1899
1080	108	10059
22123	108	25211
3663	4	9804
24499	90	22722
7638	2	24975
4439	41	23309
7363	125	8143
4963	151	61
23609	47	781
21928	42	8770
24782	122	6473
8456	33	9801
9087	33	6768
6916	13	1185
2379	33	9965
1931	42	3207
8683	56	6955
3852	18	2831
1881	61	5740
21360	4	8458
1682	108	4413
258	46	2690
4293	2	3670
8524	42	25410
21965	130	22785
4245	4	5284
3689	42	5531
23071	18	22142
5686	7	23197
23994	42	10496
21930	90	1027
23326	90	6637
6899	165	7615
5473	212	22176
4014	4	8431
10249	116	25025
4823	12	23714
21933	131	7581
21016	18	7599
2	90	1064
4573	125	3670
10160	2	5653
23956	216	1899
751	4	9868
9246	2	23817
25168	125	24172
3478	42	9865
8385	46	8754
2480	40	3042
22166	130	23734
6268	2	3670
5694	99	4501
6156	192	24400
22059	212	7069
21773	125	9334
23146	130	1075
5247	116	2605
25381	18	5211
2981	90	9632
1683	42	9363
4290	204	1839
24613	13	9463
2369	2	5578
23422	131	7437
8303	125	3471
2133	2	23714
24096	125	8375
7820	40	4915
6815	90	2600
2562	115	9686
4370	130	868
7887	7	5567
2148	10	323
22521	2	9742
172	85	9480
2864	42	7061
4771	115	1141
25413	38	24629
7904	42	23034
4748	42	23025
3784	96	23991
1104	154	24554
21831	18	3672
6981	96	4609
22389	130	24629
23122	2	7814
2872	18	2923
21703	18	8288
1345	108	7572
22606	126	21857
10434	130	22630
25339	18	4903
9441	195	3186
24977	130	2786
6849	18	9510
22672	154	22905
3590	61	5200
9101	90	302
22671	130	6705
24148	33	8851
23367	2	9804
9197	4	22335
25241	90	700
21194	33	21063
24523	42	22999
25253	42	9153
4474	56	2765
21700	42	23707
7776	42	7410
9106	4	21623
5864	125	22460
1087	46	25466
3981	18	3855
10281	42	8770
22023	42	9634
22279	2	25497
23789	216	1899
2142	216	1667
8960	7	8162
9291	130	4335
164	130	24487
8548	61	21274
21016	18	257
8740	87	5710
25059	13	22735
3663	7	7356
24358	130	8608
3847	102	6249
6120	12	4341
7756	130	7664
1719	46	8720
7498	90	2191
4100	154	7212
22501	42	7238
6108	46	9308
954	42	21149
9535	98	538
22341	18	9490
9158	130	23734
9022	90	6782
24558	42	24748
24932	212	22460
1109	33	9965
7280	40	7054
9136	131	8061
21517	108	23734
7913	154	8337
23369	42	1032
3952	154	5929
8101	108	68
25129	42	8404
516	108	25211
23027	215	23373
4163	206	24469
23689	90	2172
2957	165	21962
8483	154	25211
4169	2	21527
6872	18	2543
9413	7	3299
21417	216	21289
685	61	429
5603	212	6068
24882	116	25025
22668	90	21951
3975	2	21807
6032	7	270
6892	151	8444
10498	42	4627
7220	130	24531
10330	154	8807
24892	90	1304
5501	11	5955
6561	42	2942
1614	4	24599
7627	7	8934
8250	130	22025
5132	180	2769
1923	61	9011
2363	90	25244
3453	147	23761
22195	192	3718
8258	2	1648
1807	90	21314
7708	42	5805
2198	96	2068
4419	154	4267
24707	2	9742
4566	18	6307
22459	154	5383
22305	90	5686
21048	61	23997
150	149	8959
4054	4	2546
6505	4	21774
6096	90	25103
8298	130	21556
8293	18	25347
21902	154	24629
2202	116	7408
4499	46	7367
23960	61	21341
4377	90	2112
5859	42	3047
3634	130	68
1608	72	6027
3968	206	4213
23499	18	24467
9458	2	6439
10495	14	21790
21447	140	24472
10072	2	7033
4145	130	8037
2862	18	25438
3227	42	22906
5925	2	9530
719	18	4752
8042	18	1983
8420	18	1073
25481	18	4208
25076	42	742
24869	90	24643
8120	42	24908
24969	2	24722
8675	2	24975
22199	125	21627
4752	18	23663
6698	90	25470
705	42	3553
613	42	22324
7743	66	9673
7354	13	9463
1939	61	4818
479	42	21022
7935	18	21862
22121	4	23714
4953	130	472
669	60	5537
2526	116	5300
2889	149	3949
22602	2	5159
1177	7	10028
5243	40	1237
21784	216	22418
22839	18	21001
7329	42	25394
2601	4	8230
3470	116	5300
22730	216	1560
22803	154	23734
7126	140	24846
493	96	4990
2729	154	1405
23514	2	10025
7636	116	1964
23617	40	1456
21439	2	5127
2569	131	4652
22886	154	2778
22336	18	5561
6100	154	4421
8201	12	22104
21777	42	253
22426	154	22644
9682	125	9098
9167	33	9759
704	33	22176
2147	61	23964
5355	154	5383
10286	46	9953
22579	4	25492
7030	61	9499
7518	33	9925
24475	102	25430
1559	18	5190
973	58	1530
8655	18	22495
2514	18	23130
8956	103	22889
9071	130	3822
7486	130	5940
5724	2	7410
4065	42	8913
8186	111	23978
6059	58	22115
6013	131	21877
2476	99	21361
25301	130	5383
90	2	24083
9809	130	23734
600	42	3442
1128	2	22762
23384	2	23714
3445	165	6033
24696	18	7799
21871	42	3741
24324	4	4024
24958	116	24853
23138	125	6201
1784	18	1620
2411	42	5750
3868	42	79
23121	18	9995
7248	18	9773
22955	90	1594
388	42	7243
22591	20	8788
24516	33	9786
23866	99	21394
4587	18	4566
10248	42	10412
7939	42	8175
10483	212	9438
1013	130	3685
7975	115	21813
24604	130	5349
21845	2	9615
2169	140	24846
406	42	23069
1347	130	5956
25494	65	9530
8947	96	7299
5142	2	22762
8686	61	10232
7470	12	21763
3907	108	3269
8409	33	24786
8129	130	22158
7658	2	4181
22679	96	22050
4208	18	1775
9370	42	8652
24431	33	8851
664	90	8765
22058	154	2997
7734	130	3269
9043	18	7710
24048	7	1881
8613	108	6404
8122	4	4781
8840	42	2232
1704	4	3286
5592	195	5551
5064	18	2733
2558	130	8807
22462	98	538
5828	61	8759
3192	216	1899
1583	7	5693
5288	18	7645
21387	116	24853
6772	216	22644
24081	4	24999
9138	42	8828
23071	18	5616
21507	42	8292
21519	216	1899
2356	42	6724
24349	38	10269
25259	11	7922
25269	130	23734
7291	4	21330
2410	2	8217
4425	108	5824
5036	90	21552
8	108	5383
1922	96	1491
1181	130	1960
22591	55	8788
2609	2	10418
4157	42	25352
1332	33	3881
6636	13	1152
7194	90	23692
22665	2	23714
21879	90	23948
6371	96	23728
10194	96	24221
5645	7	1304
5089	130	8807
6192	18	7264
6457	108	5383
1028	42	24973
3156	36	721
21013	42	23171
23299	130	8924
199	4	6768
3726	154	6282
8755	61	23042
9397	201	22833
10493	173	5289
978	42	21014
8512	216	24629
24150	42	7375
6161	90	24256
24906	154	68
5099	120	8683
23186	130	22158
4105	42	25449
10230	154	23167
24810	61	23010
171	206	9447
4430	212	23236
3511	130	7572
1989	40	5394
22111	2	9407
8040	90	2772
4723	18	23377
7270	90	5142
23959	4	9804
21127	212	520
23639	40	8898
6649	2	2484
4539	4	2512
6785	125	23391
1838	90	8478
127	96	9082
1888	2	24514
4265	130	24745
21395	4	6008
4042	89	2188
23617	4	1456
8907	42	10457
8662	46	21114
825	213	23478
5527	33	9804
1013	130	24485
1976	212	23721
22404	125	7073
22213	2	7107
6017	130	5383
10318	212	9207
4361	61	90
22954	42	2056
10062	90	6650
7839	130	3803
21417	196	22691
23556	42	127
7875	90	657
24317	18	22495
24855	42	22610
3861	102	4295
925	66	3864
7910	96	21179
3956	167	7976
7419	41	68
7457	4	6532
21753	2	201
9738	7	2089
9875	2	24975
6494	4	24790
6884	90	24632
21579	42	1298
8016	130	24928
24423	61	21781
24581	98	8536
8321	18	22902
9132	42	21710
4762	4	10456
2725	182	24266
449	125	5767
21208	4	21488
4030	61	2799
7035	18	4911
1906	42	6073
195	2	24514
21159	96	4656
5026	2	24786
1660	42	8507
4311	179	3718
22695	18	990
6230	108	8595
22414	195	2421
21706	140	9442
23666	131	6360
21140	7	1537
25024	102	3754
5490	42	9687
3274	7	4981
986	154	23356
10183	42	8046
2015	96	2961
3717	139	592
5156	96	8928
23691	33	9804
8472	196	676
4051	130	5383
9521	125	24133
8871	130	21790
24582	42	6179
21182	88	2916
4485	2	750
6051	46	21114
21274	90	8548
7863	33	5248
21111	154	68
6828	154	6663
25240	154	3150
24039	18	4078
10456	142	721
23817	195	22845
6978	2	21304
8148	65	3542
8459	90	7231
2185	38	3150
4217	216	1899
22640	192	23734
4859	42	24192
22638	61	10272
22394	96	23394
24152	177	207
5535	42	3365
24525	40	23022
2757	177	8663
2141	7	6242
88	18	3946
5963	14	25211
9264	154	25211
3422	206	5262
6224	81	10126
21631	46	23519
6397	130	8807
3577	2	22032
8349	90	1480
7160	99	5268
5197	192	21583
2722	42	4609
9039	154	1411
6390	42	9997
9158	204	721
4040	46	3557
21483	33	22335
8727	42	8600
10111	2	7717
5947	74	25404
9116	42	4607
25238	201	5294
6565	108	24554
9774	2	8136
7955	7	9896
4707	61	24721
8756	115	3779
21621	61	910
5654	147	7905
1387	70	23187
7138	56	9917
2362	130	3150
3097	116	5300
9404	2	2442
4741	61	4682
23601	85	1856
6986	40	2936
895	40	24619
10031	42	1911
23873	212	4181
489	90	23627
17	90	6356
7509	216	1899
1493	4	2512
10339	61	24313
2727	61	5188
8410	195	4564
25380	18	6075
7565	130	9557
6132	90	1212
4486	216	1899
9762	2	5062
5218	99	3628
1598	66	4076
5692	18	2332
25169	130	23734
4612	117	22951
9889	216	1899
24293	206	7455
3260	33	5062
3574	2	21351
2866	4	4419
6179	154	5383
24874	125	3670
4926	18	8342
21589	7	22502
25226	125	24023
21533	42	3389
4796	2	23262
7963	42	21795
21406	195	22032
22918	40	5960
7199	154	25122
3073	130	10117
3820	100	8458
6419	90	6366
2603	2	3432
23414	18	4078
9122	4	23013
10329	42	5153
9865	130	21790
4860	42	23273
7216	42	2002
8422	40	24795
7980	2	8410
7618	2	5401
5905	18	25023
5649	154	7767
22557	90	1734
930	40	4638
22022	18	9873
25431	65	6173
8281	46	6397
9777	125	7469
8269	42	23512
6206	13	9217
6608	42	10495
174	42	1929
2235	33	22414
2534	89	5176
23246	18	8908
5549	56	24080
7964	4	5351
5246	195	22176
3398	2	5617
10112	7	8543
9445	2	3790
3221	42	2322
2374	177	445
772	42	3775
9227	125	5351
6560	35	6069
67	89	396
9209	130	23734
6142	40	1341
22929	140	9199
9434	33	22460
10308	61	9076
24618	216	1899
23212	42	21243
24806	61	7586
2505	42	6798
25014	40	435
9926	18	1827
21792	42	540
10407	2	5127
21320	18	2216
24534	216	4895
7750	7	4977
4365	42	22733
9800	96	8666
1533	131	6678
616	42	4321
3671	90	5473
6262	42	3286
5577	4	9200
4765	165	2993
21125	90	22892
4714	7	22842
609	42	1598
2330	4	5830
10075	90	24414
3035	216	1899
22204	33	1108
6848	42	6724
9056	130	4881
4874	131	6491
10116	90	24482
24662	116	6688
24815	40	6396
24244	2	23393
24797	110	6734
23107	41	5383
8561	90	9770
8786	42	24653
75	61	3345
3131	130	6101
22085	42	5379
24610	140	24846
30	154	342
7857	212	21744
21092	206	7073
24059	42	5272
22583	40	22015
5965	154	23888
22690	42	22294
9811	154	23309
4150	18	23163
7685	216	21791
1898	61	9181
21450	4	6001
5406	154	68
21643	90	7890
8451	90	23378
4198	90	966
8476	108	21791
7794	130	21973
23502	90	6934
3419	18	22902
23839	33	7370
7792	212	6065
6296	42	759
8773	154	23309
922	18	22275
21652	2	1510
23840	154	4853
5722	90	21285
6525	42	21795
1135	130	2470
7766	154	8861
3920	125	5744
5669	12	25194
2771	84	22802
25067	4	7312
8819	125	22460
938	40	23247
2030	42	24894
21420	40	300
5282	33	23791
1768	125	5062
22789	18	22142
7374	195	23236
9806	42	313
21496	151	6787
3815	18	6280
2028	4	4190
3136	7	3993
5740	2	7814
3842	42	10417
3262	216	1899
593	42	7412
10337	40	9714
5511	46	23272
2867	72	2659
8379	2	22755
22112	100	25461
4664	96	9194
24210	42	2660
319	2	2512
2606	90	7543
24056	96	4637
22471	42	24056
23058	202	331
2065	42	9818
25078	154	6663
7118	1	23332
5425	2	7717
1714	2	23650
3329	4	24360
22531	42	23930
7520	40	1441
7178	81	4917
21742	212	1570
6111	130	5383
21231	130	21735
3470	42	1887
3663	33	9804
10299	115	2399
24961	42	24417
10074	130	7767
5553	116	6688
23374	212	21846
21999	96	21111
3070	61	4257
7471	18	8293
9441	195	7316
22477	122	4772
2470	81	3822
24052	4	962
4580	2	1393
7788	18	21085
8397	96	920
7414	196	3540
21327	66	10169
1267	125	2304
21860	18	2231
24527	130	5403
985	14	5383
22574	18	2189
7092	130	5349
6539	7	8147
7624	18	8908
7247	7	4706
7573	2	7056
3600	40	24145
6486	7	6745
10376	18	5949
24426	90	4459
277	61	1742
2038	96	9631
1247	61	1280
2436	42	8623
4586	18	23007
2551	42	6736
6293	58	4120
781	10	4000
5201	4	6544
22919	42	3827
1482	61	10223
21902	154	4421
10356	18	24881
2741	96	1911
21386	33	9447
3280	142	23430
7168	130	23734
8659	10	458
8278	2	7728
22286	2	8136
21108	154	25211
6797	42	313
5606	90	610
3170	33	24023
1568	61	6810
8628	98	9274
24152	40	7424
7341	2	8490
24849	13	22735
5716	4	24830
6294	203	1825
24842	18	3059
6279	74	3909
23806	18	8051
149	130	721
9442	56	6753
21778	90	3948
7513	90	23412
7519	61	8478
2484	195	9447
6210	33	8490
6905	108	25211
518	2	22414
4830	154	6663
6398	38	22951
9005	116	5300
23600	18	22525
5684	33	22762
9144	2	2339
6098	33	3719
22085	2	7238
9005	42	217
3718	16	24364
23316	81	7212
7701	130	21556
25271	18	4211
9058	195	10292
4604	61	5493
5011	61	7524
4721	33	6207
1982	42	23299
24479	42	9972
23912	116	5300
21120	33	9259
1606	147	21869
6273	147	2949
4426	2	2546
6064	130	21790
2062	61	22750
24402	90	22119
9682	4	9098
3011	130	5947
2150	42	10454
5643	40	1811
6302	42	7840
3039	42	8253
7399	18	2743
21849	216	1899
5887	42	22979
2239	89	5586
24420	10	23748
1199	33	9804
6246	130	538
6316	102	7234
9864	216	1899
23433	130	2495
4467	212	9759
744	42	7308
10368	40	8366
6155	125	337
24048	125	7814
5018	18	723
1764	131	1761
22091	2	1000
2861	42	2626
2906	154	24400
8083	2	21669
3370	60	9883
22184	216	1899
984	7	1935
871	42	23695
22358	130	4484
8117	130	21556
7785	18	2128
24627	18	25383
5482	4	23505
6416	4	6352
3515	108	25211
1251	18	21730
3661	125	6926
9332	154	25211
22575	2	8235
1713	2	1712
6804	125	5374
6692	199	3233
7130	42	8565
4856	42	1324
21260	2	1499
5685	154	23309
6804	33	5374
8580	42	3555
10369	33	9801
1430	18	21295
1175	91	24796
6369	42	3169
837	131	7639
116	61	9070
7834	216	10269
938	12	25194
7439	181	5293
23849	18	447
578	18	2128
3912	2	4024
1284	13	4639
4713	18	21578
9161	40	9714
8840	42	23322
10329	40	9200
21838	2	24608
580	42	23059
7546	90	9449
10193	18	3911
4333	40	1712
3352	18	3828
24345	4	6537
6760	131	8542
9592	61	23219
6616	18	21580
8457	42	23458
6728	33	1000
4723	18	21001
6058	140	6127
24400	81	3936
532	4	21321
9385	11	1831
22475	18	4176
22210	108	23734
24677	212	5246
21091	42	23432
1921	61	10258
3501	154	21791
1142	42	2669
21954	4	8842
23433	131	8525
8611	7	229
7200	2	7288
22037	212	1952
1611	108	25211
22272	29	10367
53	33	309
24183	7	2604
801	61	7342
7208	98	23309
6373	2	9801
3097	2	577
7052	61	4118
5900	72	7464
3353	102	552
24198	4	21440
24215	89	1774
23772	42	5315
1515	42	8678
2438	42	24094
22130	196	9672
23267	212	22176
23751	154	21973
9066	40	435
6061	125	6352
4848	125	3670
8767	130	22951
23717	41	3244
22724	130	4413
24849	4	22762
9673	201	23766
5346	130	5032
25177	18	1603
10297	131	7651
5111	89	1821
23725	61	23907
25261	42	4537
24899	116	5300
4446	151	6500
5243	116	5300
3479	42	4110
24822	42	21711
24406	212	2181
24769	216	1899
8918	154	5726
24407	33	24790
3738	90	7909
4221	216	1899
21690	61	21453
8410	98	2471
901	61	5985
23072	61	24972
21262	42	21795
22243	212	22434
8293	18	2157
25039	2	6171
22917	18	8576
21832	40	9133
3026	33	2304
5154	7	21027
4104	125	23782
9227	4	5351
729	2	22015
9305	4	3670
203	7	1554
1292	212	962
24499	61	5875
2921	18	23648
22799	116	5300
6034	212	8235
23632	81	4413
1339	33	9522
24114	116	24853
824	130	2441
9315	4	9522
5992	139	10039
6398	87	9683
7907	130	5383
10245	131	7395
22246	18	5853
6548	90	6746
6341	2	9801
2490	130	8324
1439	131	2940
8168	154	21714
22592	42	8828
9660	2	23714
25226	4	10418
7190	4	8312
5996	42	22563
3667	96	1692
3668	7	24753
9339	42	4657
23859	130	25211
3158	42	22403
890	130	7646
21793	13	2523
8	61	5693
24693	2	21199
2102	195	9781
3913	18	9589
8939	116	25025
7215	216	1899
3552	42	9595
23010	61	21463
4868	96	810
1278	18	8636
5636	125	6581
1994	108	21791
1713	46	2048
3889	2	22604
10478	40	23533
22528	42	3699
2169	40	21473
1144	125	22613
7675	131	6704
5610	88	2871
4662	4	5551
21259	33	24469
8902	42	8017
24616	61	1494
9174	212	22274
7986	46	2690
1326	40	3328
8229	40	21268
25222	61	6729
1062	14	7263
2071	125	22414
7429	33	1570
3076	18	7699
4208	216	1899
8057	212	22994
24963	130	25
24519	18	22366
5259	40	9426
22509	33	22994
24734	130	21210
3082	216	1899
24441	98	4421
8284	42	22355
5289	63	10493
7803	18	2528
22024	154	3803
9017	42	9634
2185	216	6753
4417	18	23542
1813	212	5055
4456	125	22456
5503	40	2442
7525	2	4181
7595	98	1839
25142	106	7736
22526	108	25211
22195	192	21791
6221	116	5300
24418	191	25165
22225	203	4121
22997	40	3309
23038	12	22374
10272	61	23452
485	216	21791
23204	130	8512
4973	4	8410
6405	13	22735
7488	2	3727
6873	212	24001
23085	2	1246
6610	61	21888
8703	61	6247
7199	130	5955
577	130	5383
8939	42	24848
1325	42	21149
10055	42	5791
3904	84	22549
22033	108	25211
5836	42	4655
3193	42	21076
2575	130	5383
2103	130	23980
6269	18	21357
4327	2	8761
9964	61	23149
8945	96	9231
6193	18	21251
6405	61	23524
22964	206	9259
3327	192	24209
5336	18	948
21272	4	2512
4864	61	7422
10441	42	8336
4477	89	3369
24023	206	5744
21951	125	1108
21378	2	2378
9433	33	1055
25498	2	5926
21525	116	5300
23925	42	6461
7053	33	23791
150	4	1120
9280	46	1708
23129	216	1899
3335	125	4259
5642	14	5383
5833	18	4959
3207	96	6306
7129	42	2106
2599	2	22604
22828	2	21807
9618	33	22176
9449	4	24297
882	42	5923
23295	18	25092
609	42	8628
23922	216	1899
22376	42	7841
216	18	6901
7492	116	5300
6680	98	23734
21445	42	22536
22470	42	25454
23488	90	2381
24807	115	21086
21944	216	25336
21902	131	2940
23293	130	23978
7092	147	23680
6951	125	24786
24577	42	24640
24432	18	23161
5906	196	276
21926	206	9742
4905	4	6352
3178	154	21109
3121	90	5282
3017	33	22414
22668	4	4833
5843	90	7524
3882	42	6704
7625	99	21394
4257	33	24023
10196	40	5271
25266	11	3986
23055	165	24667
22383	130	21790
1273	84	1560
25353	2	7853
6406	130	1839
2964	42	24812
400	216	1899
6638	40	4194
2505	42	6337
4468	18	2380
7630	130	23978
768	216	2765
24221	41	23309
1307	4	2304
8023	132	23662
23746	216	1899
3587	42	22186
21919	2	21199
6759	125	22176
24015	4	21627
25391	4	8787
4499	42	23944
7962	108	10030
24435	96	8084
22257	33	25219
4426	42	5174
21131	18	4048
883	90	569
946	2	21771
10042	42	9427
9568	2	7734
8730	130	2441
9812	33	1744
23669	72	2453
1858	216	1899
9402	42	7410
7762	216	1899
6444	7	2090
21143	18	22354
3437	42	22154
24993	130	24513
24817	36	21791
6525	40	8495
977	18	5588
22286	42	8411
24137	18	1294
8425	61	1321
3678	4	22762
2174	18	1661
23998	216	21210
21377	130	21791
2380	18	5470
5118	125	8357
10360	96	6833
22635	90	5117
4612	125	6352
4248	13	3001
6903	199	22174
6971	4	1000
3087	216	6955
2275	154	9699
10067	2	2378
22361	42	3187
25212	42	25385
6169	42	8382
655	7	6242
22207	108	6663
1572	147	21508
7202	147	3089
23476	90	8541
23274	4	8232
21962	99	8454
5286	12	6591
4303	147	9988
21232	89	23179
4040	42	22787
24183	4	5351
2587	130	266
21868	18	1094
21018	42	6784
21077	41	21138
24718	18	9205
9145	108	868
24953	130	23168
24517	216	1899
7898	38	1560
23460	42	9865
2028	7	21263
22931	212	25497
5712	2	4024
8575	18	7697
23320	14	3718
4492	115	22398
954	40	23683
24181	216	1899
7898	84	8682
22399	122	1821
8285	40	2760
8013	18	1770
4947	130	4945
1376	61	24
8289	4	21771
6	2	10025
23488	212	1000
1033	61	22826
8229	42	21808
25084	42	6999
7353	42	788
24174	130	5383
818	212	9990
21753	42	21795
21801	61	1813
25385	96	7862
8347	42	3851
10061	4	1078
23166	40	7477
7988	40	24360
24577	42	25461
2574	131	22058
23466	2	9999
10101	33	9801
9236	2	3247
3326	42	228
23981	2	21527
23989	2	4236
6298	212	23236
4217	18	425
25489	38	7690
3724	42	6277
10057	42	24182
21464	90	4202
4766	89	25221
23911	103	22770
6097	154	68
7265	42	10380
1138	40	28
6401	90	2801
23390	154	68
4735	130	7263
122	18	23922
1420	2	208
3650	42	9276
21440	13	3001
5393	195	24801
3293	66	9892
9930	33	1744
4298	2	4915
4037	2	5127
24220	2	5127
3024	42	24460
3041	2	336
21315	154	24629
296	4	21656
25430	154	21791
723	18	22945
6026	14	68
4512	42	3047
6146	195	2782
4585	90	24668
23995	4	860
4957	33	22762
9467	61	21995
8029	108	25211
24969	116	6688
4896	4	3670
22099	33	1000
8998	157	5300
23295	18	9873
4618	4	4902
22647	42	837
8333	42	8803
3461	81	7967
2893	7	8207
8938	116	7408
22050	96	22679
7724	42	5504
2739	108	8924
7596	96	4070
7580	140	24846
22240	42	23515
9984	89	9975
3213	157	7395
1167	4	21092
9899	2	7456
22487	116	25025
4785	7	4319
24629	60	4610
10400	42	3169
4850	40	304
4877	58	4483
6357	116	5300
8042	18	22129
4203	2	23817
21147	14	23140
132	216	1899
3740	201	24948
3652	4	418
5238	154	6012
24535	61	10028
6975	131	3517
9517	14	21790
5472	116	25025
22401	18	1130
5352	18	10220
8029	33	3625
817	201	4537
24997	72	23954
1857	143	10135
7261	18	2715
24041	90	3044
4962	42	9372
6440	7	7435
6444	125	22994
8544	139	23124
10373	33	22032
3575	2	899
9702	61	4178
5902	2	8761
24539	154	21791
6558	90	7648
603	61	48
3139	40	3266
823	177	4506
7407	7	21358
8737	151	8713
2771	38	6955
24061	33	453
5763	98	10208
4651	33	9759
4161	154	21583
21297	201	25368
4132	125	5926
8578	216	1899
296	42	7787
270	108	2470
3919	4	577
1270	125	22020
25097	154	928
24201	42	6895
5156	130	8093
2147	7	8798
25083	125	9965
23586	2	21015
9114	4	22843
24668	61	4585
3201	42	4657
4616	130	68
8761	13	9463
8875	46	21286
8856	33	2181
6890	42	8623
6060	42	3242
8699	42	22571
7791	130	8446
24802	42	21710
3517	130	23734
21186	40	24685
2915	195	7219
24415	125	9801
2796	42	6318
7557	2	805
22983	90	23735
3261	177	1789
23922	18	122
295	154	7664
21655	108	721
6570	58	24132
2748	90	5184
24755	7	1935
7939	42	4688
4350	4	508
4861	116	6688
23960	90	10130
7270	125	22762
24893	18	9654
5499	14	4421
10274	130	5349
1246	195	3314
3762	147	7905
6829	64	22915
25245	72	22710
8908	18	3117
21552	90	23155
3698	42	23469
5328	2	8183
2722	116	5300
23404	96	23076
4511	177	207
118	212	4769
3085	125	21627
22817	42	3511
9853	7	2685
22593	2	405
5820	212	23650
3597	216	1899
6447	212	25492
22891	90	7081
24370	130	10099
2287	2	5653
23062	18	8434
24423	134	24770
21736	42	22649
8826	206	4110
5986	212	9801
22603	40	23874
21186	46	9953
5214	130	5383
8715	90	6898
6546	90	5768
9662	18	5254
6835	90	25322
3112	212	23236
25395	98	21569
3151	206	25494
25175	149	8903
22303	42	5761
23227	154	5405
2905	4	7027
3679	4	21528
25430	96	5624
5098	42	24214
8863	154	25211
5191	130	7263
22997	199	2114
7184	2	21
6320	216	1899
5060	18	6739
7159	7	8
474	33	6374
21964	4	24722
10093	7	25241
1571	195	5339
5990	154	24629
8463	42	54
21148	33	2304
1741	2	22512
22385	90	6488
25395	130	5383
21283	2	8423
5215	96	24977
7831	154	3492
422	42	7946
8168	131	7998
9404	46	6763
5462	18	25012
23751	41	21973
5505	206	24437
9087	4	6171
21316	131	25425
8511	130	22519
21057	18	7874
21707	55	8788
9546	42	23930
8342	18	2923
5750	130	8807
22800	130	23998
856	4	22304
1599	130	21687
25258	40	7111
2466	134	24770
7255	154	3150
24213	40	5730
1004	18	23129
3018	102	3565
5666	12	22314
3975	2	23386
5855	125	22414
21821	201	24901
5014	7	4674
7956	61	2268
24384	18	517
24445	90	4818
5476	33	2512
7485	42	4122
9083	216	1899
4959	18	21804
23811	33	7455
3567	70	931
5329	90	5035
7526	99	8454
6087	7	23078
8616	90	22106
23275	131	9230
22181	119	23694
1259	7	9273
1293	40	4300
10125	61	5928
7764	42	5922
6505	116	6752
8436	131	22973
6756	40	10499
4973	13	8410
25278	212	9334
24023	206	5767
9868	98	25211
4971	116	25025
7219	130	22905
24437	206	5505
3411	130	1651
1024	40	209
7504	154	3013
21888	13	9463
2476	99	1856
2324	212	7924
8090	4	1000
7768	40	7717
8688	159	22951
21395	42	23279
22535	18	9715
1386	42	6026
21799	115	21053
25148	2	4181
5760	2	2782
9086	90	9776
1904	2	21527
5995	212	23757
23186	154	1899
23584	54	22174
8716	130	1405
5793	102	24435
1570	139	3826
1630	90	3691
51	2	2304
8434	18	23062
4279	212	6921
7912	130	8924
131	18	4754
5391	90	21255
3749	43	23793
6095	42	2079
23267	108	23734
1943	33	2140
2169	216	24629
5160	90	24532
5820	13	2523
24795	130	8682
24300	131	8072
2063	90	9608
6668	12	6591
21716	40	21123
4551	2	3670
5442	42	9984
3084	7	1304
25324	116	25025
21432	42	24640
5605	61	7048
23677	18	1338
2481	130	8807
987	108	3215
5393	195	5241
5166	66	1055
1009	216	10269
862	125	22485
23625	2	2512
5938	42	5938
10063	130	5929
23543	130	5956
6341	212	9801
2533	12	1962
8119	131	2068
9723	42	7462
24372	180	8327
8609	18	1036
6525	42	280
3633	18	21031
21449	42	6433
7620	81	24162
5615	216	1899
1678	154	68
5366	116	7408
1493	33	2512
22659	96	23290
4379	216	1899
10206	2	7456
1838	125	8851
7709	18	3633
21722	18	8868
25418	216	1899
6320	18	22875
998	130	21791
24275	206	2412
4741	108	25211
22119	4	4024
4240	42	22788
3983	42	9419
1406	42	1840
1779	2	7424
24946	4	22231
9844	216	1899
6692	88	1969
2528	18	25347
4565	130	1099
1185	173	8688
2595	4	22032
23331	2	1246
23514	42	964
1453	42	9107
1471	154	3803
22760	42	4236
24362	111	4948
3023	139	7123
1706	96	5054
8785	116	5300
22575	61	24647
846	2	7472
9394	18	3450
3975	61	9461
6197	99	8454
386	99	21394
25479	125	21046
8033	216	1899
502	4	24830
10079	18	10461
2612	4	742
25202	130	21791
2929	2	8410
24272	61	8123
25391	2	8787
1849	7	8745
7859	195	9407
3895	4	1686
22625	154	721
21382	42	23626
25265	216	4500
3725	154	68
5794	130	2786
23599	4	2015
1364	2	5465
281	2	8428
8159	18	719
5347	125	7747
24462	130	22962
22363	18	6150
24015	7	4353
24647	90	22575
21474	130	8807
21939	216	1899
21754	131	9587
22071	33	23570
9646	2	171
24843	18	8146
2987	89	24954
23500	182	24266
993	7	22103
25358	90	4806
9161	42	6179
10307	125	24021
4406	42	2935
3466	4	6259
24137	18	23819
24239	42	384
323	89	9251
3193	116	5300
1160	2	21701
7065	125	582
23569	96	2518
10209	42	3618
22823	2	7107
8532	42	2653
24125	90	6649
23716	7	1998
3986	216	1899
8926	131	24254
6364	49	24766
1057	18	23184
25253	42	2251
6661	42	8809
8100	173	1920
24710	61	10407
8849	42	23387
24951	195	21623
21239	106	9870
24375	175	1408
5068	42	24921
1820	90	5913
5249	90	1711
1515	42	8296
21417	216	1560
4670	42	24354
21093	4	7141
7858	18	4926
9798	96	468
8460	42	4458
2835	2	9193
25136	130	23734
24456	116	7408
6037	18	3547
1580	2	7747
6445	4	24975
7807	125	1570
2618	2	21063
6834	61	1833
7843	125	23068
6698	61	9067
25249	125	6768
21608	89	4164
24249	61	22296
25092	216	1899
8621	2	21771
23472	2	2512
5553	2	4089
21771	206	2412
5797	130	23978
9945	95	8314
4762	4	9625
23500	99	23601
24606	45	8852
2865	131	4002
9245	7	4055
8043	2	24951
7598	4	8235
22096	42	22721
9270	2	22231
25381	18	2897
21085	216	1899
3745	42	22168
1859	140	9442
7565	41	9557
1915	40	25397
9355	33	5849
4511	42	851
1523	90	2602
2898	40	5325
2136	42	3379
22006	150	3901
2261	216	1839
22635	4	21623
23928	96	54
21564	40	2285
3772	130	21791
4411	18	421
1419	96	23471
24907	18	25312
5753	42	8794
8680	206	21646
2615	42	22601
21911	177	7701
24009	42	6135
6078	18	3439
22194	42	7000
2753	7	24434
23058	18	9602
846	4	8131
24440	90	5770
24399	30	21783
697	42	5630
1948	125	5749
24684	7	21770
22227	2	5690
23259	18	4876
776	42	23944
23951	42	4779
10001	40	3832
22686	212	21627
24113	89	4772
21626	130	24629
9753	42	4734
23605	42	24215
5362	215	9193
6718	40	7043
2913	2	21414
7026	130	23734
21640	90	24861
5173	61	3302
7797	14	2491
9708	42	8239
8121	154	68
4206	61	23268
4141	46	8754
9965	195	9403
21437	42	23657
22846	2	5653
3578	14	25211
9920	130	5383
24382	2	22762
1909	130	8037
425	18	517
1777	61	1746
4077	201	24602
983	147	7092
3134	40	22596
22339	130	21556
2754	42	1843
547	4	22304
5323	84	1560
8959	130	24629
21616	33	9925
3765	2	3625
7014	40	9426
7709	18	21031
8976	42	23910
1812	212	8232
10437	42	22637
8784	216	9557
7511	46	7156
6827	42	4328
24425	33	5551
2309	216	1899
155	2	336
24228	7	5770
21931	154	22885
10313	18	4926
22838	61	4071
25104	18	4984
1130	18	9995
4023	125	6847
2745	147	8474
21441	42	23910
9772	154	23980
25426	33	22032
6935	7	23784
5862	125	22613
1105	42	9088
9746	90	9973
6823	61	23931
8705	61	23606
5456	4	3099
10392	7	6977
5852	42	24278
3985	99	1856
7468	90	1066
185	42	5341
9484	154	21257
8995	61	25045
3904	216	24485
22256	89	2129
6299	2	9801
24914	154	8807
24258	18	25120
9722	154	8956
1879	4	4781
2350	31	24128
6491	96	9893
4100	130	23978
4209	33	7288
24601	18	8288
1552	2	8851
25482	4	1798
8738	42	3905
24381	154	25211
7768	4	7717
6383	7	3912
22127	42	21856
8848	4	6974
6163	61	7959
8652	130	68
1858	18	21939
8091	40	7084
7474	42	8668
25350	2	24786
2131	58	2075
7146	42	8046
7693	212	22460
22440	216	1899
8145	61	4852
6368	108	25211
1467	42	40
7968	216	1899
1312	125	582
7814	206	22414
22155	154	4881
9030	96	10297
2172	2	8490
2348	14	721
24022	42	217
23705	18	1294
2945	90	22108
7152	4	2114
5100	42	23910
5722	2	10040
4333	42	2660
1873	130	2778
4287	40	4515
6478	4	6930
23147	99	1856
21406	130	8037
5192	2	7208
6089	42	5972
5647	2	9626
6658	7	23504
6354	2	5401
7320	33	7073
4534	154	2311
23511	43	630
4758	130	3685
4805	42	6329
24308	108	68
7976	38	1899
1439	130	22225
5444	108	23734
5996	42	7894
21919	4	9852
9829	7	8798
23033	130	1258
10202	42	23543
22845	98	68
23442	12	6591
5979	2	5578
23613	7	5187
367	42	9318
4197	102	21025
9288	18	23615
6444	4	2787
9441	206	22845
176	33	24469
183	18	6091
2151	2	5617
23759	154	4910
373	212	24469
2882	42	3146
5481	66	3876
10202	70	931
4768	130	24177
10132	42	3393
6941	130	2441
6249	102	2811
2559	165	824
8282	212	9742
5060	18	8443
6186	18	8394
6202	2	4181
23619	130	23734
8835	18	218
21359	42	2373
3934	46	22859
5251	125	7288
24104	40	4442
22964	195	22032
8275	61	22491
22649	130	23734
9627	4	2024
10435	7	683
2375	18	5064
22446	2	8851
403	18	4225
23875	42	7222
22196	154	1839
6000	18	6547
1007	18	4940
25460	116	5300
1438	84	7632
4762	42	1850
4921	2	5551
21257	140	947
227	2	9542
8695	152	25494
25383	18	23651
10090	125	1108
1107	7	25139
5175	132	6113
1682	108	3492
4968	42	22198
23689	4	7927
1800	4	22414
7359	2	2024
4075	40	10180
5448	18	6664
24641	2	336
668	151	21402
423	61	10319
1461	116	25025
535	2	21406
4653	154	4421
5020	42	25019
22087	61	8190
461	42	3811
23774	151	25307
25054	61	22978
21189	42	21147
24682	2	5617
21309	18	21761
345	154	2470
21382	42	23543
415	33	9447
6932	42	1826
22408	42	25410
9714	130	8807
22240	42	22427
10172	2	9742
3517	96	22803
21262	4	21842
21287	116	7408
21039	216	1899
23244	42	10004
5124	42	3603
6668	42	9109
23005	140	24846
1713	12	2809
7954	42	23685
2189	18	7697
2857	2	9804
169	33	21026
6134	154	25211
7365	7	3738
3576	96	22061
2071	90	21998
3570	42	7319
1288	130	8807
10335	46	1757
7810	42	1255
23193	154	6255
9682	7	3259
4595	90	9494
6982	102	24438
21616	4	24238
4169	2	255
24054	18	23651
3589	125	6201
1591	216	1899
4831	42	23156
24613	90	25151
93	96	792
2058	99	22836
5304	4	962
23023	154	721
7743	66	10169
22497	212	7747
153	46	21286
7415	98	21973
9374	130	9120
1650	18	4468
635	40	5071
9188	89	4772
9180	125	5393
24418	213	3147
475	204	24629
5777	7	3299
634	7	7536
7586	61	4017
8580	40	4506
885	213	5453
7146	4	22864
21504	42	23903
2341	33	21459
9664	33	9965
21528	206	209
22341	216	1899
23481	42	5342
8452	125	1055
23113	90	3062
24184	61	4493
607	42	313
2782	206	22434
24356	151	21837
25012	18	9425
24167	130	21973
21704	89	23440
21847	148	9803
22580	18	21001
9837	90	23321
3891	42	4231
2329	154	8854
23982	7	2090
21990	2	171
6156	42	23807
5001	18	9490
7725	90	6517
3521	116	7408
6716	130	339
9102	18	4882
4096	94	7812
21599	4	1337
23602	130	5383
25087	2	7073
863	98	4027
9340	216	1899
202	40	4898
3039	42	3741
1775	18	958
3020	130	68
409	40	22991
24499	2	3164
7049	212	22414
9781	206	9407
4097	40	3957
2399	96	24235
9782	212	8143
6638	116	5300
22715	2	5127
6785	33	23391
696	90	4457
9736	4	7717
21064	42	9109
7152	40	2114
22067	18	2829
2802	42	9642
21088	7	7752
24041	108	23734
9876	7	8949
3236	2	10418
1108	139	4833
22458	42	6586
22343	216	1899
687	42	1577
6382	40	23247
3965	147	7126
2980	130	21791
24787	61	2955
7468	2	10044
672	18	3418
21401	40	8319
9673	115	10437
6016	33	23391
894	212	3624
6451	125	6926
10175	216	7925
7361	4	2024
4184	18	8288
23467	116	1964
3368	216	22905
24292	42	2496
2829	216	1899
24538	84	4842
23869	125	1055
6928	116	7408
1354	2	21527
369	40	5830
21864	206	23068
8876	13	8998
4923	2	24975
7677	212	9742
611	12	23909
7748	90	926
6920	154	25211
23933	66	9517
22308	90	4684
1170	125	1055
6231	61	2264
7223	130	68
2705	154	68
10436	18	2309
5286	116	5300
5205	42	4372
2645	4	2344
6712	2	5919
8790	125	22020
8790	7	3159
9082	96	127
23767	5	22887
24032	90	4601
2081	18	23199
8524	40	8495
24737	42	7813
3113	25	3718
7114	151	1642
5630	130	8807
3001	20	2434
3990	40	4942
4397	61	1375
25255	2	1571
680	130	22141
2438	177	10381
1566	71	663
21598	108	25211
2203	130	10208
2247	4	24957
9259	130	4917
6824	115	3273
6380	2	22032
23084	2	8065
8688	173	1378
25297	154	68
10246	154	3244
8796	154	4267
22559	90	21218
9900	115	2106
23498	125	7288
7032	90	1696
7518	4	24238
8245	42	2114
10215	42	9903
1328	33	2304
10498	216	10208
25464	4	9804
657	7	1568
25374	56	7512
24669	33	3670
337	195	25093
4961	130	24162
1578	14	1899
1028	42	9283
23227	130	21791
23595	61	9195
6492	192	68
1434	66	6293
9918	130	6101
3272	130	6101
543	204	23356
23556	116	2605
24241	4	5062
1673	90	5942
7498	212	24975
21264	42	4607
7174	42	21466
4554	18	6861
7700	130	342
24294	90	1491
25246	2	21501
8461	98	23734
25048	199	3204
1510	130	21791
21479	154	23140
10424	130	24594
23682	2	22032
7397	18	660
8570	18	23614
4651	7	3078
24819	96	184
10402	7	8213
5624	130	1899
18	154	725
939	130	23734
2295	154	6802
3878	42	7432
3268	102	24650
22304	130	5947
6834	7	6757
8752	27	725
23335	108	23325
24847	41	23004
21282	130	4421
7082	2	4163
2761	130	339
23416	61	9493
992	4	7288
2463	138	21158
6681	216	1899
3873	42	25179
21804	18	24517
6963	7	4707
10213	42	24706
7710	18	9043
992	125	7288
667	42	23226
7452	130	4421
289	4	9722
22101	7	832
23840	36	24629
6306	130	1839
9946	2	21506
21336	7	8876
5264	18	4553
5174	175	5455
8966	4	3328
3188	42	5915
789	98	21790
5462	18	23246
24719	99	7235
1948	33	5749
1276	43	4842
9227	90	7113
24724	42	7406
8742	18	3119
6349	42	274
22000	212	25431
6964	130	23888
4882	18	4079
25366	131	24819
324	130	1839
25212	40	23753
115	195	22762
5343	7	1511
2671	18	3986
1511	90	7508
21245	18	7397
4716	42	24113
4477	201	22881
22400	42	5342
21793	125	3875
24882	2	2035
1797	7	22978
23687	90	10402
24255	40	794
4951	4	24275
24951	206	2140
21772	72	1825
24191	61	9450
2630	90	2070
813	130	8630
1157	154	24890
4621	33	9925
23985	154	24229
1502	177	8244
23812	42	8356
8064	130	3718
2487	125	24786
183	18	3181
4366	4	4489
25100	18	4872
2545	18	7699
1792	18	7185
9812	90	9845
7380	154	23309
6199	130	9367
5464	58	2632
2955	4	860
25184	42	4080
5211	18	5883
23169	96	9363
8511	96	3365
5148	96	5009
23890	151	9090
2982	96	22461
5642	14	8807
23642	38	5689
25185	42	7451
2052	33	2304
10214	108	68
3746	130	23734
6986	42	8678
7367	154	23734
9708	42	10417
21965	154	23734
4303	147	5889
22118	108	21791
21480	18	24379
9464	18	2309
7774	204	1899
3529	40	9200
4957	2	22762
23452	4	962
24059	42	4702
25000	130	5383
22260	4	5868
21931	130	21715
8303	90	25420
3956	18	2375
21053	130	721
7088	4	25462
6062	18	4332
5598	18	21761
24915	18	7629
5564	42	23876
5801	42	24395
9095	116	5300
5267	154	10244
5590	116	25025
5415	117	22951
24964	2	21774
23696	154	5383
23162	108	25211
21731	212	22414
5186	216	1560
3965	130	22292
2105	2	336
10333	7	7885
9998	131	23409
23615	18	21555
3621	40	6130
1269	130	6294
4155	2	7177
4386	212	6201
7095	111	725
129	42	1082
963	42	23497
24992	42	23512
8267	216	1153
21161	72	22710
6297	42	1255
948	18	517
24260	18	327
23851	2	22852
9281	61	23271
21383	195	9441
3567	70	10202
7252	143	3369
6249	151	3847
6372	130	10175
9900	58	8839
10436	18	4554
7905	204	22630
4626	102	22200
6559	56	7691
8077	33	2512
10026	199	24202
3930	42	4195
2588	90	9928
820	90	7693
7947	33	24605
7390	212	8851
2383	42	7876
21174	116	5300
9974	18	6256
22072	61	4037
3322	42	25052
7048	4	3670
378	216	1899
3765	61	8877
4889	4	6243
24313	212	9801
24350	42	5126
2704	216	1899
23731	154	3456
23612	99	1856
1739	89	22694
3477	147	1868
5354	195	2378
9663	61	3619
6989	18	10262
21570	90	4104
2038	102	3194
23510	212	22988
1324	96	4734
25075	116	2605
1303	7	7093
22558	125	9925
7425	24	3240
4065	42	21931
24933	143	9931
7884	42	3710
4631	18	3378
3483	216	1899
10413	125	7853
5888	7	5877
25215	42	8794
5066	2	6068
21410	131	21740
1471	204	3803
1719	40	23683
1236	40	9642
5358	41	23980
6750	42	6009
21147	154	68
8969	2	902
4057	108	10030
3171	42	2212
3245	108	23309
7665	125	9965
1055	14	21109
6925	18	8647
7920	2	25497
76	90	7594
2995	130	956
4560	61	4988
7520	42	4324
1419	154	24229
772	42	2266
3509	116	7408
1039	46	22596
2264	13	9463
7491	2	3881
24791	7	355
8119	130	21791
6174	18	880
8850	42	21076
21909	108	68
3729	154	22951
3706	18	8204
21754	151	1327
21873	131	21129
8867	2	21528
2743	18	8502
22895	130	23980
21057	18	1216
23937	42	25345
22086	2	742
5497	130	24554
2790	212	23721
3959	4	2760
24893	18	23071
3994	31	9312
7352	130	22905
23680	148	22477
2523	173	9463
7037	125	6446
23613	4	9447
7148	2	8139
6766	116	7408
9618	2	8761
8105	42	5151
8991	18	24834
5844	4	8439
3254	154	10030
1109	61	9850
4001	206	6847
7393	130	6705
388	2	7243
22765	7	1594
22140	116	5300
1546	130	108
3253	90	6970
1742	108	5383
1694	125	22434
3032	42	6937
22431	33	6409
5748	61	3716
2464	130	721
4801	130	5383
4460	42	22036
8309	61	24124
7743	199	42
257	18	7599
8444	96	7473
1557	216	21973
24501	46	23519
7765	18	25407
24682	90	2159
495	42	2941
7904	40	21946
23756	216	3803
3584	102	5418
2742	2	23891
9083	18	9630
471	42	8845
7947	13	2523
846	42	2941
257	18	2960
9740	147	3477
22100	2	9981
1243	42	9435
3232	60	7066
25075	42	3741
22636	13	22735
21522	66	2131
5193	7	5658
4924	7	9676
23097	18	1728
5391	2	4181
3211	2	22304
7052	4	22304
21354	42	4931
8426	130	5383
25249	108	21210
24140	125	8490
6935	33	520
6229	4	4174
4014	61	7142
21685	18	9864
6555	42	1897
25131	61	5560
1862	61	25010
21954	12	2015
25095	33	279
7818	33	8232
5539	154	6101
3921	213	5695
2107	177	207
3092	18	3289
5676	42	1011
10444	90	9986
3757	2	2624
23627	7	4092
22853	206	10280
22192	140	24846
7420	42	8199
24027	175	7690
21159	154	25211
22638	7	10403
23342	90	24898
9869	4	22614
4144	42	1698
5162	42	24098
659	216	1899
25175	42	8903
2953	108	25211
21859	2	4695
23728	130	6663
840	42	24640
9459	14	25211
2925	195	9207
48	108	9671
2593	18	3199
22872	40	2891
21189	46	23519
4049	43	23793
663	130	21289
21295	18	1430
4094	131	6049
23455	7	9669
3170	108	68
2925	206	9207
3648	98	25211
23489	42	9984
1351	90	4019
4600	4	2458
8390	154	22951
10401	130	22630
24109	148	7092
23032	18	24519
22334	216	21791
21698	102	2811
429	125	21330
22362	40	3157
5548	116	5300
4692	147	4303
8918	151	6996
3682	90	9978
25251	18	8033
21623	206	6868
23964	90	2147
24288	154	23140
7306	140	4045
1348	18	7090
22600	130	25211
6971	4	22434
2831	18	3852
24935	7	8745
7270	33	22762
9335	195	9061
3116	130	8512
23063	90	5088
1360	130	2414
21736	40	22588
4395	4	8787
7921	195	25431
24790	130	21289
22347	42	6104
294	96	21746
9847	42	8794
2332	18	4751
4361	2	23817
3745	42	23957
23091	14	23793
10047	42	22422
8368	33	2304
7184	2	23714
4394	90	9197
23224	18	2704
7315	40	24797
21482	125	9965
8445	90	1984
2252	4	4051
5064	18	2375
23081	42	22378
4318	204	21791
23890	191	1514
6146	206	3048
4342	40	528
9791	2	23505
8771	42	3665
22877	154	21210
1653	151	22169
8983	175	7020
21266	125	24001
24958	4	25064
2687	151	24833
4509	96	22999
38	125	10044
23971	212	3881
24891	4	3670
7422	108	4421
21131	18	25239
23819	216	1899
22582	4	1000
6779	18	795
7564	42	815
6193	18	22902
5754	40	3016
2641	131	23728
21085	18	4566
21223	42	25352
3730	116	25025
3212	90	3523
8285	42	2277
10327	90	9540
5699	4	557
2324	13	7900
21058	130	21918
22410	154	2026
3474	42	23417
114	18	21318
7928	42	23741
5242	130	7337
5166	130	266
574	216	1560
4253	130	2470
22203	61	4621
8680	195	24023
22027	154	21973
23704	15	24209
9804	139	24599
22852	195	6768
23462	157	8788
8293	18	7803
983	148	1505
842	2	9801
22654	7	23971
23945	96	7561
9431	2	9058
2625	40	6595
23324	130	21791
9405	116	1964
23094	7	1594
9058	206	5127
910	2	4163
7611	61	1033
4135	90	23720
24234	154	24629
24724	215	21757
23854	42	7211
7991	40	2451
7565	96	1114
7690	103	23868
8518	42	22745
24777	192	21790
3615	42	23169
3156	204	721
1948	4	5749
2795	125	309
2039	116	25025
4928	42	24098
8651	181	9357
6609	103	9120
9448	2	6387
101	206	25431
21805	4	9925
25195	42	23620
21614	4	3535
3090	18	22366
4448	102	23983
3969	154	23734
22875	18	9596
4067	42	9920
8860	89	24750
10233	90	7440
1844	18	24569
4754	216	1899
8973	18	4819
3483	18	2510
22626	212	3476
1410	18	1792
5421	216	22905
4721	4	7004
1715	33	2421
9953	154	25211
21024	90	4301
8302	195	8143
2387	88	1969
4333	42	9560
22208	90	9725
6925	18	23670
23337	215	6069
7947	125	24605
1976	90	22773
6427	18	24384
5429	42	8046
6678	131	3462
7069	98	23555
174	42	1657
5523	18	7742
8463	42	230
21432	42	21913
5375	7	8504
2869	140	4045
8217	195	9759
9490	18	9300
6328	116	7408
5676	42	21457
382	212	23068
3003	42	24973
22087	212	8851
7803	18	8293
5047	42	1401
8227	154	7385
3899	2	9648
4031	42	23485
3283	125	5926
21740	130	3803
1044	131	25050
5639	130	7538
24153	61	9476
4983	61	4836
24220	7	24710
23145	42	23190
6398	57	3183
10115	130	22298
219	7	21985
5156	201	8928
5539	154	2441
25418	18	3148
24189	131	24726
9575	90	5804
1924	18	3924
23818	90	24661
3966	18	3559
8253	130	21556
21348	40	5595
6177	131	21408
5944	65	94
1174	90	22497
4346	154	22630
3083	90	858
3449	42	25204
22268	116	25025
22774	33	9801
22478	154	5113
6005	90	21540
5411	154	8571
6789	4	8230
3202	125	22368
24669	90	23852
6350	61	7306
22096	42	7912
3417	125	22414
892	2	10044
23857	4	5127
22161	148	9740
23680	147	205
4086	131	5317
542	116	5300
7868	216	1899
8813	33	23391
2065	42	3350
2271	33	970
22558	4	860
22683	61	2019
8204	18	8741
2093	42	3496
22524	4	24830
4011	33	21440
25070	125	6532
3651	42	6389
27	154	22158
5641	18	5565
8081	42	25306
3393	130	8970
24139	7	8563
24015	4	23714
8134	42	9103
5434	98	21556
22232	58	5197
10441	12	2529
24485	60	4295
9259	206	21771
310	154	6944
24030	2	5401
23719	2	7455
24542	4	25220
23045	42	3866
5611	40	589
3376	42	22112
8032	81	24393
1791	116	5300
10058	46	9953
1185	159	2491
2432	96	4877
2680	7	22323
23073	7	355
7732	147	7202
6505	42	8157
24022	42	2756
23644	4	25326
9632	61	2981
4895	140	3079
9739	130	25211
22949	42	1843
4001	206	22460
23167	81	7212
21203	40	22548
140	40	22766
717	84	6322
2428	154	22639
99	42	21981
6679	42	6895
4742	125	2421
3204	130	21575
9153	130	8807
21176	40	4223
21105	125	453
4874	154	23980
358	18	6319
2541	66	9636
24413	212	6352
8590	18	1242
23836	4	23759
23885	42	3639
3175	61	23248
2428	102	10240
9249	18	24691
4762	40	9625
21412	18	9062
5484	130	8974
21150	130	3685
1485	18	8590
8016	130	2491
1519	61	559
2865	41	7512
7264	18	4663
4882	18	5311
3989	42	4933
4873	99	1856
4043	42	22895
9574	2	9133
5902	33	22176
4387	90	21778
7107	206	5743
8333	40	21123
24669	61	4896
25234	130	3720
24816	90	10321
9755	131	5873
8952	7	1594
24557	40	2936
22853	195	10280
3506	125	2568
4313	130	23309
25315	130	10030
1614	33	9804
793	212	24023
23920	36	21791
4355	42	25267
9408	21	23793
5694	99	5268
24823	41	4064
4838	4	337
6471	25	22951
1407	130	23734
2030	2	255
3093	40	23533
6612	147	6273
3641	130	8807
23926	2	1598
9445	2	23151
3378	18	10059
21477	13	8998
23301	42	10374
21190	116	5300
7251	2	2546
1479	151	3900
1866	90	6112
7293	7	24149
3581	42	9035
106	16	8571
1827	18	2173
24416	42	1897
9784	18	21519
8249	154	25211
10202	42	23047
8953	116	5300
7404	2	22762
834	90	23127
9830	2	742
1778	33	21623
22608	2	8761
4068	130	21238
8199	154	5383
10267	89	24351
9758	18	8987
7565	131	3940
10206	42	23279
6366	90	2072
1549	42	22787
23923	4	5830
550	42	6809
8159	18	8323
3303	42	23370
24138	130	6663
1033	212	5744
3848	18	22338
25031	42	160
23840	130	4853
21911	40	22202
2549	40	25134
23362	42	4671
2065	42	9501
24484	42	8199
2904	33	9965
4526	40	4051
23521	42	25441
490	18	3924
7960	90	23918
9394	216	1899
21203	116	5300
25001	42	2613
2260	18	9340
8738	42	21757
21715	16	8622
9619	96	4002
4397	33	8851
6503	149	6725
3973	177	24795
22620	4	3670
1171	61	7714
21607	130	1839
7362	42	4702
1422	42	8373
2592	4	7927
9949	108	8595
7364	7	4010
2771	196	8252
23386	195	22020
5592	206	582
5816	18	2543
10132	150	22374
8769	42	25352
3216	42	24973
10422	42	21222
25254	40	1441
5629	89	396
23698	90	9487
6267	4	23022
6433	154	5383
5557	42	2212
3059	216	1899
7711	2	9530
1465	125	21744
8740	109	23332
8422	42	8959
9839	42	1840
1632	85	9480
1145	96	21965
24603	154	25211
564	4	9714
3973	4	24795
2882	116	5300
5834	216	1899
3126	66	8961
21525	42	9615
22511	125	10044
1385	4	255
5621	130	3410
519	11	10364
7254	147	22035
1078	195	1108
25488	4	23044
25046	98	641
6815	13	8688
9731	192	23998
7958	42	22786
23072	4	24133
904	40	24222
6316	131	10195
9058	195	5127
4748	40	21934
8592	2	7073
21244	4	24975
7318	33	3625
23766	66	10169
24593	130	23647
330	63	23070
21599	42	23876
23780	154	721
22282	42	22337
2501	177	5271
6371	130	6944
9120	216	6609
1925	116	7408
5417	61	10166
8128	33	453
6333	18	6307
22737	216	1899
5373	130	6115
4191	42	23387
302	33	25492
23393	96	7288
21515	33	8374
24108	4	5015
6722	206	9881
24883	33	5248
22929	140	4090
22127	4	5271
7550	42	7495
6794	40	821
659	18	21039
1818	42	2660
4782	7	4706
9701	130	8912
4519	130	8807
4551	7	8162
4473	42	3785
6359	130	7178
24402	108	5383
23504	212	2512
4341	154	68
21137	42	9642
22944	4	22809
4845	42	22989
9274	216	1839
4380	42	23876
900	216	1899
9950	66	4771
1194	175	3504
5763	206	1108
24562	189	6245
1334	154	8807
23987	89	9169
905	4	9522
4330	18	10376
3256	61	25482
3547	18	3489
25224	4	24722
8582	46	9953
21077	130	21036
9288	18	22129
21875	61	22078
21643	125	22994
8305	42	7839
5565	18	1949
24869	13	3001
2946	61	2119
4475	96	21166
9368	134	9721
4489	130	24629
4055	2	24784
21915	42	1189
6390	192	68
4645	108	25211
1635	40	8776
6727	89	3369
4909	7	4329
22524	4	508
23181	108	23325
3311	108	68
1038	4	3957
7982	98	24393
2965	88	21527
10291	130	2311
170	42	5524
23810	2	25003
22326	2	3795
3010	108	4027
8008	154	25213
22296	212	9965
9024	42	24933
3164	195	1737
8836	33	7728
838	18	9159
2245	98	5383
21254	4	2504
5210	81	7287
8557	130	24531
5228	130	8293
22860	216	8682
24323	130	8807
8926	14	68
671	42	2961
2886	14	5383
8407	130	5383
22506	42	21419
7789	108	23309
7541	130	21714
10322	90	6654
9944	90	3306
6625	42	2184
6780	97	22762
23574	61	5748
25355	12	22374
4408	42	10481
2241	56	6802
1308	148	6093
8009	96	5360
9497	2	2238
5255	4	1794
21810	154	68
7052	33	6201
6440	4	5351
23518	116	7408
7846	143	24351
25416	42	2250
22382	130	23723
23	195	23
6398	84	22951
22249	18	24065
4751	18	23984
4189	61	24392
1496	90	2029
5367	2	21215
25414	42	6800
21595	112	7577
21684	151	22606
7151	130	21790
24767	154	6498
1881	212	7814
24904	4	21511
8986	42	1877
10392	33	9925
7113	61	9227
2758	7	8635
7091	42	22410
3412	101	2431
22720	154	6874
21118	204	721
22579	7	22779
8269	42	7432
22311	42	8983
24023	139	3109
24877	33	9522
5221	40	2916
5617	206	22845
4508	2	7198
24441	130	4421
9779	89	5586
3617	125	7073
25242	130	3150
129	42	10159
8655	216	1899
23543	96	5583
23881	4	5325
3636	99	21394
22484	40	22991
8590	216	1899
10206	42	10136
1115	116	6752
9603	42	10041
5549	56	4816
7394	81	24393
22119	125	6157
21979	216	721
25486	61	22204
2654	103	22365
25080	130	3803
3359	130	7337
1749	2	22746
21599	116	25025
4073	18	23361
21545	40	23686
8365	61	21173
10295	18	7109
273	130	24043
8173	33	3719
7382	130	7767
5382	42	9560
9900	115	3171
278	2	8761
9219	206	7916
5542	18	5528
21380	61	5277
6698	125	22176
7092	147	21847
23360	96	1191
23562	42	6920
25082	212	9438
22284	130	6498
1814	42	3755
6151	18	5311
1246	195	5849
6700	130	5383
6533	130	721
6807	125	22613
6262	42	439
9748	61	7809
1464	154	6663
23062	18	8204
1127	42	5522
571	130	24162
5973	212	7011
24940	42	3391
21663	108	5383
22400	42	21243
24675	4	6470
6229	116	6752
25344	2	23124
1035	125	3881
21623	139	23706
1737	206	21528
5481	115	24215
10207	42	21591
1762	4	2556
1649	2	4163
4892	33	6352
8249	154	68
22926	98	21708
1857	130	25211
6214	115	9324
23788	2	7661
8515	90	9949
5914	2	2844
21528	13	3001
22231	195	23721
4541	131	24262
4129	4	22335
4459	90	23042
21117	2	988
5174	96	25098
4108	116	5300
4332	18	21794
2405	125	21744
10387	116	7408
10351	18	3706
1333	125	970
8533	131	22393
23740	61	9963
25273	33	24133
9839	42	23944
10121	177	8421
3210	85	1365
1329	2	4116
3466	40	3266
6792	130	23332
2965	215	1964
1187	61	59
22072	90	186
123	4	6429
24363	154	1899
9311	131	1533
24747	216	1899
24719	99	9480
9878	90	1095
693	66	357
9656	116	1489
261	116	7408
22238	45	6949
7683	42	5059
1943	4	3401
25473	154	23140
4530	2	1000
6748	16	5096
7254	180	1186
4378	4	5926
8419	2	3670
1879	61	9485
7478	4	3835
6006	90	22728
2519	2	1000
22698	206	307
25258	2	201
10195	130	23734
6282	103	7572
9477	18	4046
2949	148	6273
21193	42	1843
23290	154	6617
22709	18	2991
21138	216	21036
9413	212	5992
22976	130	22017
4531	130	9154
22246	18	10314
5054	154	21714
5393	206	6768
9597	116	25025
1855	7	2602
1794	100	23619
2963	2	10065
10404	117	22951
25390	42	6573
1137	33	8490
1030	130	23980
5123	33	9522
23613	4	5653
1066	90	9046
4595	33	1570
9705	108	68
4508	42	25179
21305	42	22699
21805	61	2519
3006	125	22698
23942	25	721
21627	130	7384
24415	4	5127
3065	212	23391
25399	4	2111
7705	2	10025
8072	131	9149
1557	4	22573
5849	139	24293
1367	33	23391
6434	90	2947
4085	18	3913
6633	216	1899
2716	131	5136
576	206	2304
8778	154	5940
22820	216	1899
418	130	8627
25485	42	21810
25027	18	6091
3656	212	4277
6848	42	23411
3220	12	10291
24703	61	3502
24185	21	6101
4803	125	5166
10131	42	8370
477	2	5377
25431	98	7263
9486	90	22664
1070	18	9864
524	14	23123
5367	42	5898
23744	96	7984
23983	102	1588
24666	42	5534
5173	4	5604
7530	42	5278
6900	2	24975
25056	33	8375
731	33	9447
5408	42	21232
37	108	9581
24911	125	4259
4848	2	3670
6608	2	5517
22367	130	1960
4067	42	4858
4365	42	25081
21073	42	2660
2147	4	10218
2297	7	1475
21159	130	7580
7201	90	4394
8920	42	22565
9016	212	21015
2119	61	596
21252	42	6800
6349	216	721
21235	130	1560
5579	81	21969
25407	216	1899
8001	130	22770
10284	18	24269
2680	125	4213
4342	42	6329
5766	42	5867
23060	42	7912
21305	42	4637
21388	216	21973
8229	42	217
25195	42	22788
6325	42	10454
8487	33	2917
24937	2	21204
21740	131	23132
22204	7	4356
8834	90	22064
8246	215	1964
2244	4	7853
917	42	23013
3981	18	1775
7450	130	538
9718	131	9893
7674	4	21390
1937	61	3975
7142	7	3976
8822	66	2437
24353	116	7408
24130	61	9261
10266	216	1839
23605	4	23755
24195	148	8315
2223	42	10330
5207	216	1899
5003	108	21791
9482	68	22288
9143	98	23734
6141	33	24965
10077	154	25211
21062	42	22733
24777	116	1964
23758	42	25368
9212	154	10269
4445	148	7003
21430	18	24517
351	33	9522
4065	42	4693
24661	90	21598
23191	125	9100
767	212	7415
6660	38	1899
1155	4	9522
7329	216	24862
7600	177	4640
9099	212	4769
748	125	8286
4726	42	4362
2977	61	22581
21253	99	1856
401	4	5868
6967	212	7918
8185	42	2232
22444	4	21440
25093	206	1720
7623	90	23395
1688	90	24628
8995	2	5578
23846	90	6655
23329	18	25055
3493	4	4089
23579	42	4276
2324	90	10177
9563	61	22657
3916	212	4259
1910	61	21194
5746	108	23734
7072	212	1952
23480	108	8807
2419	7	1594
7413	61	9730
3748	125	21330
22001	42	1026
21389	33	3670
6743	90	1310
3305	61	6943
24878	18	7173
9252	2	7238
3654	4	5132
10208	120	25374
176	4	3164
7170	4	4116
1200	192	24177
1154	131	271
23324	99	9369
21077	154	21138
21076	130	5383
1183	42	8169
4272	147	5141
7254	180	24776
4461	154	2470
5360	130	5383
390	212	7814
6928	40	4442
5613	89	4523
23678	4	23558
4235	154	1075
21326	42	6937
22712	18	7031
4074	89	25452
7028	116	5300
6536	18	1728
24960	33	22762
23705	18	6075
24625	13	3001
10443	89	3369
7786	18	24880
9434	2	21528
2290	216	23793
21077	130	22962
24710	212	9801
9488	201	3021
10022	99	23601
21272	33	2512
8417	90	5885
5292	154	68
4401	40	792
21124	212	6647
8648	212	8490
24353	42	24580
24108	42	10496
4835	18	9784
5340	61	2452
23808	61	5645
21976	130	21760
23505	206	7455
24873	18	9375
427	125	22460
1814	42	6699
4800	42	8492
9538	216	721
944	130	23309
5173	33	22485
2761	130	4945
3792	42	6137
22965	56	23886
4274	90	3217
9367	203	6291
2289	154	6663
1602	38	7512
5734	61	7046
21513	125	582
8567	116	7408
10387	4	8319
995	102	21553
23947	130	22785
8630	81	68
9890	42	8103
341	33	9259
5691	42	5342
7496	61	7899
2535	130	5383
6987	42	3208
7202	148	4111
8334	18	9477
529	108	3317
24228	61	21825
22381	42	24056
21025	89	22694
9574	12	22374
8709	2	1538
21416	212	336
1307	61	6749
23044	195	25494
10343	195	7288
2813	18	218
561	216	1899
2686	72	686
5795	125	7073
9509	131	5228
7560	125	9447
1359	90	22163
23820	33	23391
3085	125	23714
1854	96	4077
24791	2	22304
5854	18	2704
4732	125	24469
6774	61	9993
1501	31	7234
4069	42	7871
25430	151	24475
5680	186	8494
21005	154	5383
25381	18	5932
24242	154	23140
25111	199	1396
7107	195	5743
4037	125	9801
6521	42	5167
21803	125	5377
5356	33	24469
21526	42	7837
8215	154	2765
2696	130	24594
3983	192	4413
22600	130	68
5389	18	566
9189	195	9789
8935	18	6062
437	42	4671
9009	130	24859
24987	130	3370
4267	216	21257
10086	46	21114
1535	130	21791
9118	213	3985
3178	36	1839
1068	202	331
8171	18	8553
2594	4	902
8509	2	1571
21012	42	6329
25439	18	713
22564	42	25199
5705	46	25466
4319	212	10044
10389	2	5551
23739	42	21407
139	42	949
8555	154	3150
2333	154	23356
1844	216	1899
10311	18	21939
8966	42	9162
10354	18	4440
22134	42	4236
6981	130	5383
22958	94	23371
2687	102	9860
534	143	10135
5366	42	22075
6468	42	6353
779	216	721
1825	181	24163
696	2	1000
1208	125	1570
1717	42	9035
1509	42	5109
2319	96	1691
23188	40	5279
7862	154	25211
24553	2	24722
5729	14	23325
3094	42	24002
990	18	3815
21045	108	23325
10215	42	9615
2745	147	22009
6650	61	10062
8067	12	9801
2327	42	3350
1394	42	3561
4621	125	9925
10100	130	721
9828	4	1078
6597	40	21479
2364	2	3670
8201	42	3390
22374	206	21725
9340	18	4751
3682	33	9759
8554	4	6639
24264	100	22211
10101	61	9137
9097	89	1821
3076	18	156
8129	36	1899
25321	199	7128
9578	90	9689
5574	154	8630
6235	130	21790
8184	98	8911
5174	175	24939
6344	212	22762
22258	125	22434
23666	154	8854
3816	42	4077
23540	18	2666
23446	2	24263
4998	2	3625
7935	18	23939
1721	147	21508
6061	33	6352
1722	2	7927
24388	18	4379
23160	212	5062
22059	61	2735
9628	61	1562
5487	90	7807
23464	42	8141
5881	154	21791
6696	90	25358
23137	108	134
8410	13	8410
23581	130	23430
23250	131	6707
1837	42	817
8918	124	3952
2133	4	2512
3600	40	22991
22581	90	2977
2124	4	3826
21467	18	25458
544	4	7927
7667	42	8866
21957	18	7965
4877	201	2432
1728	216	1899
23619	100	1794
5718	90	9015
7204	130	3150
8176	130	68
1833	2	22604
5662	4	9852
8099	125	23391
5889	148	7997
4636	42	9283
24179	130	6826
22203	4	860
1136	42	1540
9171	7	10172
8544	13	3001
10411	42	2911
22894	130	8049
22818	42	8822
23253	42	5922
1878	4	5127
9877	99	1856
23307	18	3559
914	18	9902
22042	90	23823
23691	2	9804
8218	131	10466
16	2	1754
25097	130	5383
21992	61	2390
22365	216	2654
25470	4	9742
7289	42	22895
21147	175	21189
6269	18	2704
7145	61	22643
22520	116	7408
6516	216	3803
8503	61	9401
6150	18	22363
5412	130	9319
9438	206	5767
5810	116	24853
23238	42	9713
6794	215	821
22224	125	5926
21962	99	1856
3521	2	21414
137	130	284
2758	90	9650
6879	130	22905
5874	42	24894
23637	96	23983
2002	36	721
9053	42	24033
24901	100	3779
21821	130	22187
1736	18	6528
6102	90	8810
23643	99	1856
361	40	8414
6342	90	22581
3750	151	8084
23754	90	1882
22570	131	7432
5826	192	21791
22069	61	801
7096	40	5279
9574	2	791
23445	130	7337
2156	130	23980
168	4	8458
25062	2	23714
1472	4	7078
6299	33	9801
7151	154	21790
8385	42	2496
7984	130	21544
5809	4	9626
9920	154	2175
22896	10	22873
7300	42	21022
2081	18	5652
2086	42	1401
22498	90	5636
5160	7	25459
6116	148	21869
6413	42	3555
21365	154	23309
9565	61	3550
21616	125	9925
22595	130	1834
4533	85	9480
10021	18	326
7730	40	3469
21042	42	9267
23616	2	8410
7218	4	4489
6324	90	9137
4244	18	331
3674	90	833
5149	42	8391
7374	206	970
23540	216	1899
24565	88	24323
21936	2	21994
25021	42	3115
3657	125	22335
2919	108	8924
23599	12	2015
2613	130	721
24768	42	7009
25154	18	8693
25057	2	24275
21370	42	8407
5733	40	9714
2093	42	23876
21292	90	3475
5561	18	21131
24218	204	1899
25218	61	21240
5733	216	721
21506	98	21583
3635	12	4341
3087	84	6955
753	216	22644
22324	130	23734
21029	42	8750
2827	154	3150
1190	4	6290
21165	116	5300
1873	130	5929
21536	98	68
6623	2	5653
3169	130	8807
4358	154	5738
23727	212	9447
3881	139	21390
6887	7	4650
21424	42	22935
854	61	3078
24471	18	25180
3558	2	24514
25026	18	21612
6525	42	2999
21241	42	243
7336	125	23391
6002	195	3809
3860	42	3198
9290	42	22105
416	130	3936
5800	40	23996
3137	40	6811
5414	7	4606
8740	111	23136
3912	2	171
6742	18	24448
3675	42	4894
9079	38	22644
21357	18	6269
3700	4	8139
23290	154	21973
6922	90	4072
24575	42	1657
24533	4	24975
2501	4	5271
8416	18	3192
24706	130	5383
3485	154	25211
9462	116	25025
25488	125	25494
5592	98	24594
6491	130	23980
9742	195	5246
2742	12	22374
2336	42	4326
23842	130	3150
5568	90	8211
24660	40	7324
4520	18	937
7832	61	9449
24478	206	24133
1682	33	582
3421	2	1463
1802	90	2151
3880	130	865
5766	40	6381
21139	33	863
24955	130	22017
8104	130	24229
22133	124	10032
10214	108	25211
4824	90	173
9373	213	2507
2985	42	24254
24072	55	6702
3071	18	10328
6151	216	1899
7028	40	7630
22498	125	6581
3124	130	721
7427	89	1821
3053	33	6201
51	7	7909
2490	102	1447
8655	18	5470
3071	216	1899
3807	2	8761
22127	12	5271
23761	148	6612
9899	42	9218
7453	212	22176
1440	61	2904
8488	42	4609
5759	18	24507
5863	116	5300
24435	216	721
21806	61	25161
681	2	5551
4079	18	24842
6948	70	1459
7678	66	10098
5644	33	2304
9819	4	24987
21998	7	1820
22169	102	1653
21128	99	8780
22044	61	971
8868	18	21295
22782	83	9383
6466	125	22032
5622	130	22466
23458	154	68
9087	125	22032
6903	115	4372
4219	42	21635
1302	157	22762
25195	42	265
637	90	53
22842	61	591
8238	75	2435
9945	38	23793
23648	18	22680
22805	18	6317
22768	61	7357
3917	42	8555
9402	40	2339
5040	58	4483
8140	116	23373
4205	216	1899
4817	100	23573
4808	13	9463
1998	212	9804
21107	216	1899
4163	206	1570
23226	96	5517
3776	42	9475
7916	195	58
23532	125	24975
21366	61	9213
7269	212	8851
23213	42	1010
2022	130	8924
4440	18	24471
21901	42	8691
9804	139	4256
3549	7	5041
24463	4	7639
10369	125	9801
2716	102	10051
8883	130	7580
358	18	9249
9611	4	25268
10181	216	21791
5731	7	1820
2446	7	23631
2814	130	22187
1981	40	22176
24221	131	828
6195	200	6195
5165	130	5383
22816	42	6990
23139	134	5373
24674	130	5349
23840	130	24629
97	130	24043
4301	61	21024
2938	18	5905
9295	33	8286
6403	216	1560
22049	90	22446
3338	42	9443
3695	42	5413
6456	42	6809
8709	61	23659
7930	42	9419
24949	216	3150
1117	173	10049
23501	83	9911
24379	18	3408
5158	4	5604
6691	130	7580
9653	99	8454
7046	90	5734
3957	130	8807
4746	130	3718
22920	18	6078
23690	2	5127
65	130	23430
1266	108	68
25385	154	1834
4694	2	8940
2486	121	1899
21557	147	7003
3774	131	4912
25214	125	4213
4795	90	6758
5118	4	7853
5404	18	21578
6894	2	899
23694	15	5383
23458	154	23140
22242	2	1463
7492	2	9948
212	130	286
8706	130	8536
10343	13	8998
5322	140	8546
4952	18	22580
4760	4	4915
24954	11	945
21584	125	3023
23996	154	22951
21719	4	23034
1855	4	22434
23376	66	3293
7122	2	392
197	33	9965
5296	195	9100
23910	154	23140
8878	33	5351
25124	2	23151
24100	61	22884
5467	4	3535
8605	4	22314
22095	131	2163
21588	40	4391
6018	125	3247
8330	147	2088
9888	2	7747
23708	42	22671
24129	42	5202
5047	42	3379
960	56	4842
23356	103	24043
4946	90	23367
22630	103	2441
6922	2	8940
2663	18	8485
24469	139	5764
21849	18	4502
3775	41	25211
2024	13	22735
237	42	21810
24021	130	1075
23730	130	4881
6920	154	68
1468	4	902
24876	212	2212
24349	196	1893
1848	4	24975
24471	18	4440
765	116	5300
5935	46	5271
6754	7	6873
1925	40	8054
9024	40	9239
9592	108	5383
6183	47	23222
10460	154	6498
6994	90	22620
5149	40	8000
10268	42	2613
21764	33	3810
9405	42	24572
3956	18	25277
21121	18	5264
5380	42	25362
847	116	6688
5952	42	8152
24892	61	22087
1557	4	3762
1000	206	9061
6176	33	22631
8139	96	25441
6320	18	9622
7445	42	22422
10475	4	902
580	42	23334
21301	206	22460
22263	7	8530
3508	131	3480
23056	40	21479
5557	42	22267
2691	154	21791
6014	98	6404
659	18	9340
4501	165	6185
1626	154	68
4576	42	7495
1107	125	23570
703	42	63
2609	125	24023
21148	125	2304
8453	4	9835
23431	42	1401
21580	18	1936
24853	192	25211
8454	104	1667
5884	42	1274
22376	42	21958
22597	116	5300
4705	206	4902
1800	33	22414
2998	130	472
6756	42	10499
993	125	23437
69	42	22327
8362	42	6724
2846	130	3269
3717	98	10181
1646	33	22631
21937	42	8898
10459	108	7263
8144	61	138
6002	206	5505
9471	42	5522
21024	7	21670
7145	33	24975
4501	165	1021
763	199	9780
10250	2	3476
6689	2	10082
8683	56	5099
1123	212	1108
5088	61	23063
189	213	1197
7268	89	5586
3884	42	10136
24301	90	6417
25244	2	3120
24040	90	8241
21520	42	6841
6961	33	9447
9048	216	25122
1606	148	4774
8918	130	5349
6770	2	7243
22796	42	5642
23713	147	21876
25470	61	1102
10115	89	7751
2186	72	6323
5069	212	9801
8460	40	24914
22366	18	7057
21199	96	9406
22990	33	1108
7457	2	6532
25497	195	5743
617	116	7408
21969	103	5579
10440	33	4564
10321	13	9463
5564	42	3465
25075	2	23293
4572	40	1799
4077	130	9581
925	58	2632
4691	83	7977
10017	212	962
10232	33	24446
10054	116	25025
8123	61	24574
9996	90	4890
22919	40	9714
4002	131	9231
4416	130	5424
21756	99	1856
25084	42	1577
7172	42	2251
7674	90	22201
23855	33	453
23109	108	8924
22777	212	5374
88	18	23041
23610	90	24052
53	61	637
21824	130	22885
3064	204	21791
21084	90	8743
3274	108	6663
9513	212	9441
25273	108	10030
7011	130	5383
8677	42	5148
25495	212	4769
105	7	23504
6676	154	5383
983	130	8807
24689	130	24342
2515	130	5383
8313	88	24375
3985	124	21756
1853	42	2322
23567	154	4881
5212	108	2471
8632	4	21528
1510	206	3717
2219	42	2814
25277	18	6742
9830	4	742
23409	154	1214
6432	201	21799
4354	40	10004
1754	130	1831
6093	147	1308
4184	18	22875
1264	130	23980
6218	130	9154
23017	108	5383
4555	89	4772
3540	84	1560
2879	33	6352
965	2	7331
9510	18	8075
8806	42	5080
24496	42	5291
2831	216	1899
129	40	406
23070	157	5532
8415	90	1170
21897	33	1412
1500	125	22414
24329	130	721
3174	42	7410
5617	206	8251
4298	40	4915
1153	103	1411
23496	90	23496
22453	18	4048
2900	130	5709
7796	61	4991
24173	40	6462
8779	61	3348
9208	125	5926
1916	90	4742
5945	42	5233
25307	130	2997
1287	46	8364
24185	21	1651
25115	2	4769
9199	56	21036
22482	131	24475
4554	18	3408
23504	61	7594
2693	14	68
7874	18	22798
2259	13	9463
4675	2	8761
22087	90	24892
5536	61	7192
24880	18	2074
9221	130	25211
3120	98	8222
311	18	6228
21718	125	10034
22966	33	9447
6124	42	23306
25400	42	8610
7196	42	8794
8961	58	5076
4666	42	23590
24756	99	1856
22633	206	4166
23666	131	2993
9788	154	25211
6967	61	395
3463	204	21791
22413	212	6157
1939	33	25219
9639	61	7358
8146	18	1844
24725	72	2918
8933	116	6688
0	90	9261
22752	42	21821
21538	99	1856
5449	90	23873
8964	4	24830
5962	212	5351
9101	125	25492
24826	99	21394
22960	130	21109
6307	18	4566
22643	2	24975
524	89	5619
113	38	2471
723	18	5853
24221	131	25091
10460	102	8215
21166	96	4475
23487	125	6847
24308	108	25211
6326	61	6114
9566	130	538
1435	58	10026
3791	7	5975
21568	61	9130
5098	42	4018
2617	33	3649
10145	212	309
8591	61	7670
9483	98	9581
22551	130	8956
23881	42	3779
7162	89	6913
6859	18	4244
6008	130	5383
9076	2	24548
4963	96	61
22465	212	22176
21531	40	9566
4933	89	4772
22935	148	22478
393	90	6309
4840	131	4715
8740	189	2192
7816	2	22120
778	40	4223
4892	90	23837
24812	143	24351
9433	125	1055
986	131	1758
1682	90	7351
150	40	7395
711	4	9407
9460	46	8720
23695	100	2650
24279	154	22951
6281	4	9617
698	2	8183
23802	90	1666
2602	90	3912
365	125	2304
9439	154	21973
2483	90	21816
9959	90	7537
10130	7	8190
914	18	23375
81	2	4024
9536	116	5300
822	61	22599
1057	18	70
3583	41	68
10386	130	23734
21999	154	8630
7184	2	5617
25339	18	25120
3862	42	623
9073	90	21776
6038	13	9463
126	40	2397
9988	147	2745
7700	154	23980
2889	42	10225
972	130	9581
23409	96	4840
10218	130	5947
22000	2	7331
9226	7	3915
1205	154	3718
23217	216	1899
23324	99	1856
2264	212	22762
23839	61	23492
3409	102	7225
8872	2	7141
22613	154	8807
4552	96	5234
6651	42	21576
10098	206	1261
6029	42	22198
9496	42	5355
24245	140	21083
7022	12	22176
4226	4	22211
4901	148	7003
21090	4	8139
5427	33	24023
23821	18	7369
6134	130	945
1529	4	4116
5252	90	2037
70	18	23184
21582	61	2519
21787	154	1560
25376	116	23185
1571	206	22032
6637	61	23326
21539	42	2384
24175	195	8251
9911	116	25025
2871	89	3369
25120	18	24258
22758	42	5092
3863	42	25379
1001	42	1011
23381	130	25211
976	90	4550
9013	33	22613
6625	177	8932
9926	18	24943
6626	196	8023
7031	18	24193
8121	154	25211
6696	4	7455
6562	42	4920
9846	2	2304
660	18	5778
270	108	7572
5864	33	22460
4899	42	23348
10039	206	5992
3216	42	9501
21443	4	5926
4431	18	24008
7560	61	6817
7738	4	22596
25411	108	21791
10110	61	25174
3692	42	22943
4023	33	6847
8846	40	23654
10032	130	8807
4360	206	6387
2231	18	24618
23605	42	1740
2206	90	4804
8178	40	6218
7	7	3426
21953	154	24629
3794	125	23068
7903	212	9100
23182	130	8807
10205	154	21791
22521	42	9742
1925	2	8054
9271	149	4774
6750	2	3251
21801	2	21771
4138	42	24913
22831	18	6278
870	154	25211
24821	4	217
1282	13	22735
23780	130	24862
23113	61	3931
5941	2	4555
7518	61	804
21532	130	10181
6898	7	7285
21827	40	7238
8288	18	4184
1152	192	6255
21960	90	21888
6088	2	5401
24983	42	22984
5900	130	106
4840	96	23409
8489	88	2114
22732	42	25473
8099	2	4163
22045	154	1839
10308	90	21285
7656	2	4089
24086	42	22536
21442	65	21026
23824	2	22964
6989	18	24878
21089	40	9239
24078	18	4225
5851	61	2680
3251	130	371
7867	204	21791
21539	4	9714
1072	18	25055
2104	216	1899
3575	42	7561
7067	130	23309
7062	4	1969
9576	212	22613
24724	42	25029
960	56	5738
4734	130	23734
5376	4	6352
4093	46	6763
24592	18	3106
1015	154	1411
1128	2	4181
5840	42	9286
22472	130	8536
1514	151	1501
3324	61	5061
6726	61	23170
7760	90	1493
4082	13	3001
10143	131	22682
22123	4	557
8067	2	6218
7217	42	21958
25354	61	1207
23586	90	9016
8145	13	22735
929	47	25223
9952	215	4374
3279	212	24023
3901	108	25211
21537	33	1108
1877	130	8807
8125	216	10269
8727	42	4975
24386	13	2523
8705	2	23714
22581	125	24786
4056	4	22032
21128	72	2349
3146	148	787
3907	33	9804
3057	4	22231
5234	66	6903
10477	216	1899
22960	130	1839
22760	4	4236
2684	42	8565
4701	42	3230
10232	61	5569
3812	7	8025
5914	42	2296
7223	154	68
8818	108	2784
2095	7	5931
4371	40	23683
1248	125	22485
1126	18	22709
21317	40	4942
10088	4	6194
3397	18	7398
21331	61	1697
21004	42	23945
21322	130	5383
1639	7	6745
6848	42	22083
23535	212	3881
9627	4	24830
24947	42	9107
3990	2	4942
5365	2	24344
6476	90	8145
6155	90	4838
7213	154	21556
8105	42	23621
1185	157	1378
7940	18	21559
9187	18	4184
3428	212	9742
5546	162	1757
4536	4	4497
7368	42	23269
25434	192	22951
23199	216	1899
1308	154	6663
9938	42	313
659	18	2174
24793	125	309
2932	42	693
6940	42	23515
24238	195	860
2920	125	2304
8530	212	24001
7588	11	21481
9903	14	1899
8933	116	25025
9086	2	8851
23161	18	7762
8677	42	8377
8061	130	23734
9440	44	8746
22877	130	23998
23441	90	291
