25963	325	17651
20069	254	11461
17320	254	13185
19953	254	17897
20795	220	29206
28421	325	15712
26427	268	19714
12764	325	17938
16224	214	19456
26001	254	16685
29706	325	16728
19789	254	11551
28420	288	16345
16611	322	19396
26252	325	15180
15371	258	15923
27648	258	11786
10603	325	15727
14385	325	18797
14830	220	13827
28636	280	12821
14193	305	12871
13604	254	19850
20108	222	20892
16604	325	19328
19460	325	27848
16572	325	28184
13350	235	13417
26234	325	12910
12862	325	29743
14091	254	20666
11415	325	12076
11099	325	28092
19232	288	26589
14652	268	26297
28269	325	20115
28408	325	27902
12369	325	29751
18848	254	19540
14667	288	14191
13565	325	11872
27483	325	17966
19148	325	11068
11814	254	26625
15874	325	19420
13906	254	29125
19288	325	29488
18780	325	12788
18591	258	12500
16321	288	19635
14032	325	16270
20244	254	28149
20009	325	11811
15503	325	20286
28639	252	19587
18320	325	11941
14040	325	27569
12110	325	13470
18096	288	28504
12276	254	29646
14884	258	12910
11232	325	12411
13920	278	16235
12900	254	16171
27350	300	14589
11812	258	12910
28667	325	13044
25545	325	12500
29758	325	16942
12001	325	16270
19130	254	13650
11691	325	17300
11391	254	11996
28194	288	18797
11899	254	14136
14327	288	13121
12287	235	29125
14325	325	12846
26123	325	15697
18185	252	16672
29591	325	25802
19320	325	17139
26913	279	27924
16649	325	29319
12625	252	18896
28398	281	10828
19352	254	11996
18510	223	28179
26764	325	26783
25557	325	19971
28399	263	18584
10893	308	27203
29231	325	20545
29756	254	10796
12157	288	27101
17213	252	20356
28313	325	29899
11399	325	10682
15372	325	13574
11372	325	14458
13229	220	17160
26127	263	17897
18142	268	16020
11750	288	16450
17034	325	14286
13950	288	26589
12280	325	11002
19450	325	12428
15356	288	16492
19629	234	16200
29847	325	19155
19369	325	28053
26570	294	15282
12943	325	18988
20141	254	15943
28585	325	20298
11195	325	20022
10714	325	15075
29988	288	16824
11295	325	26386
11768	257	17107
20738	217	20718
11196	325	15396
28954	271	29851
16498	220	15496
13801	325	13574
28396	282	25864
28967	325	12428
14669	325	15193
29862	261	18537
20647	325	16874
16810	278	29998
20810	219	26837
20214	258	27472
20996	268	13417
28637	325	27876
29704	325	27848
19528	325	12788
25826	288	26724
15539	325	19420
17498	325	18104
26532	325	29743
11527	325	26179
13388	254	11863
12198	258	10595
18854	325	20609
13204	254	14105
18994	263	25927
18292	325	13910
16647	257	20130
13889	325	26451
19894	325	27473
20187	325	12500
16321	258	19635
10735	288	26878
13772	325	27805
13430	325	12500
18850	254	14136
17659	325	26589
14797	325	27640
13000	288	11686
16993	325	12715
28820	278	14458
29189	282	18835
19001	282	12382
29678	288	27473
20576	254	28557
20497	254	13415
18762	325	12910
16368	254	12871
20010	325	12076
12517	258	20871
13920	325	16235
19988	280	20227
13695	325	13108
13901	325	18362
12791	257	18746
16823	325	19565
15680	271	29682
16508	325	20219
18409	220	14129
11062	288	12500
15731	220	20043
11300	325	28338
11800	325	16787
16986	325	27473
28166	220	18965
19532	325	16270
10521	307	29939
12815	325	27472
20444	325	14528
28471	325	29578
12070	252	20476
28991	325	18070
12971	325	14917
16957	288	14276
16346	288	13723
20291	254	17415
17489	325	20169
14175	325	15724
17076	304	15456
12332	278	11085
19995	288	20636
19059	258	13723
17913	325	12505
12203	325	17899
27941	254	11901
15473	254	12871
14874	254	27044
13787	325	13781
11123	325	12428
10546	325	20022
17117	325	17458
15317	325	12500
19303	258	27472
17263	278	18726
14725	325	17314
28948	325	15307
10966	281	14982
29292	254	29443
17047	254	18418
20931	325	10906
29570	325	14458
28625	325	18317
13354	268	14136
19238	320	11461
11486	325	18571
17803	325	17139
17888	325	20428
17276	254	20248
26791	288	25602
14753	220	13161
27366	288	14191
29444	254	14126
29197	254	13239
16749	268	12400
11300	325	11811
17977	258	11811
25708	325	12520
18285	214	18286
29962	215	13209
18468	278	11213
25637	293	15587
17294	288	14075
16221	281	10828
15116	325	10932
15589	254	28149
26480	325	13773
18664	325	29546
12729	268	14421
17595	288	18182
16906	300	17461
12714	325	16140
28769	325	20551
14280	254	14136
13867	288	12522
16317	325	26179
20079	325	15724
17669	213	11315
18047	325	18362
15202	325	19565
26678	325	15180
18876	281	14964
28651	325	26350
25766	325	26878
20692	325	13680
18706	325	26350
11222	278	11786
12747	325	15724
19463	325	25802
19997	219	20666
16050	288	18840
18030	254	16873
14589	305	12197
29243	325	13848
16845	317	14126
27985	258	12928
13579	325	12428
20780	288	26589
14338	278	12500
28281	254	29125
11251	295	12294
13916	325	12244
10746	258	25662
10616	325	16235
14038	254	20248
17899	307	14126
28005	288	13784
15643	243	20666
16096	278	13470
11047	325	25586
15253	254	28149
12920	325	12076
20727	268	11554
14922	263	17897
15974	325	28664
20244	325	10595
14789	254	14136
27221	288	12820
14450	325	12928
12718	252	18628
14460	325	20636
12482	325	16269
18849	278	18931
12808	288	20290
19975	325	16728
15989	325	19465
14714	325	29135
17947	254	28149
14674	254	14865
26659	325	15180
11196	325	28053
15438	281	15525
20987	268	11996
17725	217	12166
27581	252	20994
14562	325	29926
29730	254	10572
11033	325	19565
29042	325	12076
12472	254	12871
19559	252	20850
14203	325	13966
28084	254	20248
26583	254	20248
18490	223	25973
20436	254	12871
12164	263	29881
18698	288	18362
25593	254	29125
18284	288	18034
17861	254	16685
14959	252	18631
10619	325	16942
26328	325	29998
28160	325	29047
15121	325	15383
17754	325	10943
10602	258	14372
18203	238	27022
12724	254	14658
26973	254	11900
16764	325	28849
16816	325	13278
16897	254	25621
27692	325	25586
27203	322	25837
12794	316	16396
13416	325	28045
27144	261	18808
12010	325	15396
19730	254	28291
28276	288	18542
17740	254	16811
29102	254	14136
14489	325	27983
27041	258	20428
15671	305	18136
26978	258	19561
25831	325	26724
18365	254	29763
16512	263	27517
18785	278	12910
12223	271	18898
12437	325	28092
14972	325	20522
20772	258	16450
26345	252	13640
17177	325	29833
20928	325	29259
18809	258	16789
17160	220	12711
13012	325	13680
29593	325	25586
10650	325	19971
18088	280	11607
12417	223	14546
20634	325	20032
13551	254	11901
16588	325	19565
26062	325	13680
27294	325	13848
29026	325	11778
12459	325	12522
29141	278	15568
14710	325	11085
26985	325	20991
14755	288	17314
13326	258	13773
11764	268	29125
17062	288	19155
25881	254	16685
16647	282	20130
15201	252	26117
13668	325	19635
19240	252	28831
12827	325	17938
14347	325	28538
28778	325	11179
19129	238	13238
14374	254	11385
16507	258	13456
18108	325	17458
12111	268	14136
14692	325	15724
14223	325	26043
20362	258	29387
12153	254	14126
16003	325	25602
20543	325	13872
18964	281	29850
11287	254	16171
13608	325	16728
19492	288	15773
26958	222	20892
17789	257	12709
15403	278	25662
26951	258	20636
26125	281	14451
12158	325	16726
19381	254	26643
29867	220	17621
19056	325	27805
10994	254	13417
27845	288	18331
10668	230	12286
16131	325	29751
14269	325	10730
16081	311	25930
25736	258	27902
20880	325	17460
16835	281	29983
26521	325	13121
26139	278	12910
25573	288	27080
18315	325	12662
14393	258	11778
19795	288	14034
20069	325	18988
26374	288	14941
28197	254	28149
29362	288	18931
18857	325	19420
12724	258	12522
27611	325	12500
18756	325	18797
18818	213	17082
27509	305	11901
19433	254	25621
10823	239	20248
28401	325	18362
17997	325	16345
11332	325	10879
25507	254	19208
12387	325	12957
10810	288	11179
13947	254	18880
15452	258	14969
16775	325	16726
12203	325	12218
12227	254	17897
27767	325	26740
16814	325	17554
28757	325	11811
19041	325	15234
26468	254	20666
14091	325	27473
20484	254	14126
19539	278	17360
29082	220	18364
15707	325	14191
19393	325	13872
16895	325	15180
26293	325	12649
12143	288	12491
16747	254	10571
11048	325	18226
17121	325	18124
13273	254	12404
20526	325	15712
15861	254	19943
25600	325	17360
18905	325	16874
15848	281	28090
20958	325	12076
16789	263	16611
27504	325	29135
11429	254	20248
13628	325	15180
11611	309	11661
12744	217	20391
19055	325	29259
18501	325	11004
29548	288	20808
20748	254	28727
29696	288	20808
28573	325	19565
28431	220	17027
28996	288	16270
19416	219	27044
28253	278	17992
20512	288	13698
16315	325	11002
13760	325	27846
27026	254	20663
20882	325	16388
29548	325	13470
10870	325	27948
12252	325	27080
11387	325	26713
14078	325	16270
25651	254	17814
25810	254	12466
25830	278	16388
20126	231	13935
29126	280	18119
19762	254	20248
20588	288	25602
27168	258	18104
25921	325	28541
14909	254	17640
29894	325	12500
25963	325	27915
26629	325	14633
26193	282	29856
20593	325	27805
25718	239	19880
27821	258	10682
16707	254	14865
18101	325	15106
28440	254	12871
25635	325	14917
15535	263	10632
29110	288	29135
20537	252	19259
18263	288	17796
11540	254	16134
25885	239	16065
17487	254	13239
26176	305	13239
15875	325	14458
14179	219	16685
26598	325	14191
19191	325	11179
10889	254	12871
16381	279	27924
20528	288	28460
28752	288	29319
11655	325	16090
27633	278	15028
16031	288	14494
14804	239	12871
18316	325	20574
29293	254	20666
10850	278	10563
27604	258	12243
16521	325	29902
28109	325	16388
26755	278	15307
27767	325	18988
10581	278	11085
12208	288	18931
19458	268	11996
16076	258	17635
16443	288	12846
28975	325	28089
16034	254	16171
15756	278	19228
11788	280	18804
16214	325	27848
13061	325	27876
15498	325	16471
10780	254	13185
20364	325	18887
28475	271	13543
28758	254	20248
17774	254	11146
14345	325	17139
16674	325	16942
12981	294	25820
29894	254	16171
25756	254	16856
20309	268	17643
29653	258	28089
16805	325	14072
19566	325	13588
12611	325	18744
19407	252	27707
11537	263	26188
29443	219	17814
27069	278	27472
11868	325	18104
16399	288	18104
29011	325	27473
17283	239	12466
26811	278	19676
14443	325	14458
11013	325	18726
19627	231	25511
16343	325	28551
14985	254	16685
10712	280	15151
28984	254	16611
26299	258	15646
11421	237	13238
16370	258	15727
11611	323	11661
15081	258	15744
20116	278	13770
29901	254	11901
15432	325	29998
20905	231	18911
14353	325	18182
19913	254	17897
12343	280	11535
13476	325	14458
28044	263	20248
17833	325	13723
15413	227	29195
20104	258	29899
29456	252	27197
13444	325	11778
18580	254	14136
14896	278	12076
10742	258	28222
14886	325	15078
27500	254	12871
11356	240	13381
19706	250	29296
16752	217	11363
15906	254	11901
29027	288	19465
10613	268	11638
29982	325	19187
28258	254	28931
26989	288	16942
27986	219	28149
29920	325	17572
25891	297	29724
15882	216	10941
13712	325	15562
28781	254	13185
13892	325	19465
13560	325	14465
12702	219	26297
20942	282	19329
13266	258	29833
28379	223	26183
27851	222	18506
28302	325	20290
20425	254	29881
26456	254	18880
18907	254	14459
17685	325	19328
16979	263	20755
25948	268	16175
19284	325	14633
27037	239	27564
16358	220	28802
15910	252	10930
27451	325	17458
29141	254	29125
11534	258	11778
20902	325	10715
28631	258	29899
15162	325	20286
15864	325	12820
14531	325	10595
18410	325	29833
15884	325	29751
12200	263	18601
11181	254	12871
12753	325	16432
18578	263	13239
12309	294	11658
16787	263	27044
15969	325	16824
26305	254	14136
11351	325	18068
19064	254	11900
29122	268	26837
13286	278	10730
15166	288	12782
25752	325	14458
26758	254	11901
10768	325	28072
19703	254	11579
16849	325	20115
29940	317	20749
13696	268	11901
16955	212	11744
27619	220	29323
13828	325	11002
20255	325	18744
20435	231	14141
26806	258	12297
14362	325	26350
26890	254	14136
13229	252	17549
13895	325	16388
28830	325	25662
27891	252	29563
18096	254	25621
13115	325	18571
17268	278	13376
16680	325	13072
28095	325	13723
29217	325	19187
28757	325	28092
19288	254	28149
18934	254	13168
29880	231	11394
15838	278	26179
10508	239	20379
16943	257	12845
29170	325	26589
27093	268	29881
28911	220	11971
16139	252	26942
13564	303	18195
29467	325	27902
20955	325	27473
17077	271	17993
12122	325	14201
28427	254	17897
26608	325	14633
17636	258	15724
28863	235	18007
10748	254	15134
17403	325	12274
18506	300	13980
28771	325	12500
26909	261	11278
27617	278	28089
16731	326	28622
18267	215	18403
13290	325	27983
17452	325	16450
19072	268	11554
11972	325	13773
11009	254	12871
18503	258	26350
15503	258	17360
26248	288	18372
15956	254	20666
14005	254	19979
13174	220	15002
27267	325	12244
11288	220	13954
11556	278	10680
12413	325	19885
10610	325	27266
14403	254	11863
19653	220	19270
27060	282	19602
27315	254	29308
18205	325	27948
27097	325	17307
11201	252	11840
20517	254	14459
29648	254	14136
29296	219	19706
12278	254	11902
17841	268	14459
20296	258	26740
18224	254	20248
13346	325	12822
17021	263	18880
29372	325	11786
15634	258	12105
12650	220	13243
15567	254	17897
19276	254	12871
29454	258	19971
10873	253	17585
28652	325	28092
20202	325	27848
25720	249	26625
16352	223	13657
14250	289	13831
16463	280	27201
17493	325	19465
15793	325	27246
12953	220	16275
15412	278	19236
26689	278	18726
17559	263	28149
11907	325	26878
17595	258	25807
18844	325	16942
14538	252	11726
19879	254	16171
14589	305	19499
29167	325	27848
11754	325	12076
15722	325	11717
10929	325	26322
16567	325	10680
15154	317	10796
19132	235	16811
12815	325	28719
29343	252	17038
16779	325	20452
20705	254	11107
16063	325	13680
29712	325	15654
14120	278	12957
16949	220	27526
17186	300	19012
12737	325	11811
15495	278	12076
25608	254	25922
20372	258	11786
19825	295	12632
29521	280	11423
26317	288	25662
18215	325	17360
18345	254	12871
28461	254	11901
29205	254	20666
15792	325	19155
27448	254	11996
17246	288	28184
18018	325	19942
16045	220	10623
20940	325	15359
27177	263	11059
12629	280	28821
15561	278	29789
29868	325	29259
12184	263	17897
28662	222	16348
28676	325	29998
20368	254	28149
11460	325	26724
13572	325	28092
18187	320	12871
17831	280	19405
16868	325	16270
16359	288	28236
15851	325	26444
12408	325	20609
12342	258	16728
12302	288	27769
12970	215	27735
18928	325	27902
15659	258	27334
14128	254	15254
10533	274	12403
28643	257	19410
14097	325	19328
19254	288	14267
20483	325	25662
17403	325	27080
14429	263	18601
16864	278	12958
14360	325	19465
29791	257	12497
29367	325	12820
17421	325	27915
17094	325	19328
11393	258	12243
17030	325	18726
12172	252	20476
13197	325	28579
16302	258	12244
28718	269	18157
28274	325	27876
18167	325	26179
28556	252	27867
20842	220	26345
14892	307	12868
12379	325	17992
17875	220	19809
25539	220	16593
26622	325	28092
20781	239	12466
13035	325	15396
28649	278	14611
19457	325	12505
11773	220	16677
11750	288	26073
26768	325	12076
19026	325	13848
18250	325	12243
15381	252	26665
28904	325	17554
26766	325	25802
19831	215	11220
20368	325	14201
18435	258	19465
18917	215	25864
11636	252	18015
28678	254	17897
27375	254	19850
16332	325	20452
14175	254	25637
16058	288	16492
14557	220	18006
25822	325	15712
17607	300	17739
17258	325	20115
28634	268	17897
27159	325	11085
13248	280	26609
20537	258	15883
27704	278	15724
19575	325	29220
16690	258	11717
29295	325	18931
17052	254	12871
11509	325	13723
13390	254	14136
11376	325	16471
14593	316	17565
17775	220	20074
26636	254	14459
15465	325	18085
20239	254	13185
16024	325	13236
11956	254	17897
18143	288	17572
17824	325	28460
14925	258	26575
29170	258	15744
16721	288	20590
15160	258	15180
17357	325	26179
14903	268	25647
29314	254	29340
29467	258	12243
15402	325	15724
11907	288	19563
26079	325	25619
27849	325	11002
12385	325	27361
14686	254	14548
17756	254	14459
12611	254	16171
29666	278	14465
11406	288	17314
15715	254	10796
12135	282	14550
20689	288	29751
29667	258	29220
14535	307	28149
27467	273	19565
18947	325	11786
19965	271	13638
17715	325	28072
18329	252	16907
15763	325	28044
15209	254	14126
14774	325	26783
13450	280	11714
18413	282	13506
26129	219	11901
20922	278	17826
17416	325	12662
12633	278	11778
20638	325	16454
26953	252	18326
29922	325	27743
25500	325	20298
12541	258	17278
16501	220	27126
29171	325	11811
26545	254	29207
12772	325	28500
25752	254	28149
26512	278	10563
15003	325	17021
15946	325	26589
16053	271	16077
20161	258	12500
18533	288	29941
28462	325	29739
13525	258	12428
10619	325	26224
20231	325	19869
16551	258	14191
25956	325	19420
13793	325	26224
20843	288	11144
14672	288	20930
14792	325	29789
13083	288	15744
28305	254	20248
26863	258	25733
13028	258	12243
28237	268	10796
29245	325	11179
16406	268	11554
13721	325	15712
15572	325	12520
18408	278	14689
20527	325	29546
18834	231	18419
25762	258	14376
18318	263	10796
11518	268	14658
11503	254	19850
19580	254	20248
29497	282	20130
19315	252	17349
14570	254	18880
15033	254	11901
19201	252	26694
20482	317	11996
10770	254	14459
25879	254	16065
15465	325	19889
18367	280	10834
26915	322	27217
10735	258	25944
15707	325	18226
19492	325	15773
26985	325	28222
28005	258	19753
20317	254	28149
20948	231	14441
20766	325	16345
28142	254	20248
26539	325	29743
17189	220	18115
29730	325	20991
12461	325	11325
27465	254	25621
25894	325	11734
20943	325	20452
11231	325	20169
28313	325	16962
12223	231	15710
17690	325	18182
13343	307	14121
20998	268	19850
15583	278	14075
11936	325	12428
17227	325	13872
27875	325	10943
29531	289	13496
29091	254	17897
20632	254	17814
27243	325	15565
28750	325	26179
18161	254	16685
16847	278	27473
12115	325	28551
18954	239	29125
12773	288	19420
13027	325	12500
16337	254	11901
26595	231	28998
20362	325	26179
27311	216	20626
18179	258	12520
29714	325	20290
13005	254	20666
14125	325	13278
12145	278	18840
28354	325	13470
10807	325	26179
16298	261	16474
11574	325	20808
19856	254	11461
13675	325	26179
25577	278	29220
20342	325	20930
12371	258	18070
26618	280	14718
13293	325	28044
17978	325	12846
27942	325	11084
18198	325	18492
29441	278	17314
28020	315	20567
19287	288	14191
15897	325	14922
13025	325	26386
26712	288	26179
13551	325	12500
20105	325	17460
16207	325	29941
19472	325	27848
29467	254	12871
25831	278	26724
16951	263	14126
14259	325	28053
15584	325	20930
17636	288	26386
12945	318	16735
14328	254	25621
28945	325	25619
28058	325	17314
14281	238	27022
14199	325	13872
13622	325	14625
12764	325	20572
26245	220	26866
19085	254	11461
16240	278	16824
13771	258	16665
14938	288	11004
19234	214	29548
25719	325	11917
13709	220	14503
18153	325	27266
16016	278	26179
19583	300	17461
13666	325	27848
13017	325	18362
29063	280	11271
15183	325	17314
13996	325	12965
10654	288	16061
27789	257	19644
15591	254	17897
15102	254	28149
14925	258	11786
12681	325	28579
15898	325	29546
11112	254	17897
15588	254	11797
13400	325	13236
29310	325	26073
17066	258	26282
19506	325	12500
15583	325	20609
11329	288	26350
12689	254	10796
17166	261	11278
17434	254	12404
27115	325	12928
12956	325	19885
10980	254	17897
28483	325	18578
15978	258	26501
14670	222	18506
29891	325	19465
28644	325	14276
12180	219	14043
29620	268	14136
29152	325	18840
29021	219	17897
14673	321	10539
18705	258	20522
18114	278	20184
17266	325	12869
20025	239	11901
26352	288	27915
29565	325	18182
18367	257	12709
20502	325	13309
28674	254	17897
12263	325	29751
19577	325	28044
27932	325	16874
14320	243	29827
15395	325	27848
27717	325	26757
16507	325	12957
11706	258	16942
28137	254	11901
20889	325	14191
17674	325	16789
20131	282	26495
29375	217	14204
17033	325	12105
28302	325	10595
20430	290	27924
16116	325	28976
15590	220	13004
16000	254	13415
14665	288	19563
17498	325	19676
16688	325	20572
16701	278	27080
12567	278	27473
15290	325	28045
17705	268	18880
18063	325	11179
17606	325	16450
27268	252	26502
12953	254	13185
20639	252	12884
11840	220	13126
20783	258	12820
13946	325	19885
26074	325	27902
27273	325	13843
16131	325	19563
19672	325	15180
28198	227	17010
12122	254	28149
19857	258	14458
29528	288	10595
17374	254	26203
26075	325	16726
27481	288	16471
12078	254	12871
28304	231	11991
11298	325	12500
27180	288	12703
20354	325	12500
20858	222	25997
29978	231	29244
14840	325	19248
14318	325	27902
18569	325	27846
12641	258	29319
18284	268	14459
19626	325	16787
28374	288	29789
14925	288	11786
27426	325	10943
17148	325	29751
16406	252	29323
16543	325	13932
17452	325	25955
14299	288	11085
25676	220	27372
26474	325	20522
16572	325	28620
11086	268	13936
28494	325	20574
18218	258	20609
16692	254	20248
12090	325	12500
17284	325	20871
25906	254	20666
20382	220	14814
12402	325	17360
18101	325	29789
14603	254	16171
11077	325	14458
29276	254	20248
12473	294	11899
13742	278	13121
27061	305	29817
25678	252	20795
13877	258	10879
14090	325	18931
25527	231	18037
10988	254	20248
17637	325	26501
26806	258	17494
27604	288	11786
13600	258	11213
27446	299	20927
27315	325	12820
13950	288	20298
12266	305	19499
29922	325	11305
11329	325	28527
28697	254	26265
27373	278	18104
11882	278	18726
27503	278	17245
26758	268	11901
16313	325	19565
12342	258	19992
26978	288	19561
15511	325	20808
26024	325	29319
15257	318	18242
27967	325	19635
28143	288	15883
11643	254	14126
10903	254	20666
15146	325	28184
15454	325	20428
18354	221	17866
15963	325	19753
11452	231	13995
12637	217	12819
27334	263	20248
28107	254	13185
25535	258	25662
17864	254	20248
11405	215	27335
20085	278	27902
12517	325	20636
13994	281	27552
11920	268	14459
26062	325	18104
18036	214	25505
26922	288	11778
19273	325	13574
15502	325	18810
15838	325	28791
29973	325	15180
11793	288	25586
17910	254	13185
13128	280	13759
13736	325	18104
18419	280	18834
13104	254	17897
25854	325	29941
20420	252	28686
20980	258	26674
26549	254	11604
27805	307	18731
29298	254	20666
12882	219	11901
14397	325	18810
16792	325	29899
17894	325	19420
11688	325	19135
16991	325	17139
12212	254	28727
10594	254	14136
17812	325	27848
19742	254	17897
16275	254	13168
18312	278	18226
25888	325	25733
12451	280	15876
25950	254	13417
19107	220	18644
17464	325	25602
15305	282	14681
19693	325	20032
15228	258	19992
28051	325	10730
29678	258	11084
19425	271	15816
20112	223	16196
14588	254	28291
12886	254	11901
15502	288	11277
15600	278	12910
27218	325	26348
12496	252	20912
25899	263	26413
14266	325	27902
11946	254	20666
29667	288	20219
16107	293	26697
15484	254	13185
18626	325	18639
11992	254	11461
14020	325	13121
27944	280	14926
17293	278	29387
15509	215	18913
16422	254	10526
13383	325	28222
14649	252	19366
28421	254	12871
10880	220	12624
29505	288	20032
12953	252	27709
13169	288	19561
29270	254	14136
17385	325	12076
26641	278	26127
16645	325	20115
11638	300	18506
25783	288	11772
16678	279	20351
17906	288	18352
28107	258	14072
14920	325	20991
18501	325	29088
16300	288	16728
26191	325	18726
19881	268	12871
15035	325	29884
18256	325	27846
28560	325	20808
26165	325	20930
10698	325	27473
25787	254	14136
20571	325	19719
10711	325	20347
20265	325	20022
15267	254	17231
12076	307	11618
26739	325	13848
28887	254	14459
14670	323	15508
17999	325	27080
20258	325	11085
19504	254	16589
20978	254	26720
27768	325	27473
20564	254	13185
28990	325	17460
18636	325	12076
26609	231	13248
19031	325	16495
12688	231	26240
29604	288	14705
15726	325	10906
25700	325	10986
11459	268	20027
13075	288	29135
14234	325	16726
19649	254	17897
20565	325	20551
15124	325	27983
29155	325	11085
14888	288	25662
14264	318	29763
18423	325	13376
17642	252	16891
17332	325	18639
29083	227	19103
16288	254	14136
16718	258	27983
15577	282	28848
13000	258	20930
19715	252	11051
14859	252	18604
18692	282	15186
10901	325	20290
17182	257	27662
28238	258	28053
18990	268	27065
26706	325	10506
12864	325	12076
19041	278	13072
19171	288	14979
11949	254	28149
26685	254	28149
14594	258	13108
13826	325	13872
18008	325	10636
19744	325	29789
26442	258	28976
19827	239	16685
11487	220	18326
19514	325	29833
19285	325	10943
29057	288	12243
18776	325	19465
13351	325	18542
20780	258	18988
15980	235	29860
15663	325	13121
16778	325	13723
29102	254	19966
29687	212	11744
13414	278	17494
28386	282	29648
19690	325	17458
29621	325	16789
13501	254	27620
28917	288	12500
16160	282	17370
17291	325	10943
14169	278	20808
26386	214	14176
14123	268	26188
15636	263	20450
29966	254	28149
17725	217	27887
13355	280	13170
25754	325	15712
26807	222	20222
27478	325	12076
27782	325	14625
20669	325	16874
15330	288	12500
26566	268	18584
25564	325	18104
27582	325	27080
28423	278	11002
20849	325	13059
16425	263	17643
10717	325	19335
15039	254	12404
29432	325	13872
29680	288	14922
17887	258	20522
26360	325	19465
28842	217	28242
14047	252	26514
16168	320	15134
11901	300	18506
16051	278	26127
11350	254	10732
27958	254	12871
20959	254	12871
20383	325	14892
13143	254	28149
11542	325	13872
19059	288	12500
18572	220	26022
14502	294	29078
29669	254	13185
25705	325	13470
29453	220	20152
19662	325	11085
27832	325	26386
10798	325	20169
18553	325	12428
27898	325	25802
28890	325	28719
19749	325	29998
26519	325	18085
10827	294	13505
18662	252	17897
12861	325	16824
26519	268	14459
13852	268	20695
12230	325	10595
19372	234	19092
28647	325	26575
12002	258	18639
19189	325	15697
28922	325	18639
18333	288	15417
16397	325	17314
28549	316	28766
12687	325	12428
26552	252	15734
28369	325	12244
19763	325	10595
16333	325	29751
26336	254	14126
15803	222	20222
20114	278	26043
16540	325	17139
29662	325	17966
17435	288	27902
26246	325	17458
19408	325	13278
15598	325	20782
20661	325	28089
10632	223	13531
11714	257	13352
17569	231	18102
14871	281	27973
17131	325	19565
17480	325	14191
27131	325	15646
20513	220	19219
16676	325	16495
11707	288	20551
17454	276	27156
19012	305	16954
14067	325	20782
13585	325	19155
29530	288	14072
29858	258	26350
11715	325	28045
13628	325	15923
17764	258	15744
15663	325	16235
18659	254	14658
11936	254	14459
15111	325	20169
19209	317	10958
12443	239	18550
28669	325	19753
16240	268	14459
14660	281	10558
16795	282	15142
29764	325	12820
16102	325	16492
11607	257	12845
12651	220	28168
14279	231	20076
12418	325	25602
29883	325	20290
25863	280	15790
28758	325	19563
25639	220	27581
12517	325	12512
13013	252	17147
18679	325	12788
20124	325	26043
16780	288	18988
12618	325	11085
15200	325	15574
13293	254	17640
20978	254	11902
12995	325	10932
18179	288	12715
18263	258	17796
28641	254	10607
16598	325	11811
27478	325	29320
13620	294	11367
26577	325	15593
12890	281	16550
15701	268	27044
29324	325	15568
15906	325	29220
12993	325	17300
20817	288	15396
17549	252	16019
29017	325	29833
11222	254	29881
17464	254	11901
12966	282	26151
29430	278	10595
26585	315	26585
15091	254	28149
27020	325	26724
16348	300	14043
12292	282	28406
11348	325	27080
28695	252	10517
15613	239	18739
13040	325	15724
13547	325	20169
15659	288	17139
12484	288	18931
14524	268	14126
26024	254	15134
20517	325	14191
26172	325	12274
28901	294	19370
11652	278	19565
11966	325	11085
13956	254	16171
12156	325	15180
20595	325	27569
27142	325	11786
12551	325	14458
16971	278	20870
19043	325	15396
28769	254	20248
10946	325	12243
12855	325	26451
16222	325	18606
16614	214	29747
29144	325	28500
15035	325	26575
18848	288	16942
15202	325	15492
17344	325	16824
25871	325	18797
26591	306	29960
12397	254	25621
17109	325	11085
27295	325	16942
15999	325	11811
10933	215	29558
14805	295	11264
28114	325	18797
16919	254	28149
14936	325	29135
10678	325	27614
13594	325	25802
18953	254	20248
13880	258	12910
28132	252	29869
20904	252	13720
19109	255	29111
27528	325	26575
17729	325	15396
20413	325	14458
11333	325	20609
14894	254	20248
27683	252	15271
11396	288	28504
17584	325	13843
20460	325	26724
19012	300	17186
14060	325	28500
17292	281	28871
20539	258	18523
17392	217	10944
29649	325	16454
19204	288	27473
18650	254	20248
26175	325	25806
14622	325	12520
11216	258	10898
17115	254	17897
16116	254	14126
17695	258	28236
28554	254	18253
19768	325	17826
18117	325	16824
19401	325	29833
28299	325	11084
19564	278	11778
20539	288	29926
14678	325	10563
18123	278	20022
11450	258	28236
17988	325	13680
19189	325	29387
16505	325	18571
13219	325	28527
26442	254	14126
16862	325	12910
27356	252	19348
28889	325	17899
15367	215	28472
27054	325	13723
29980	325	28072
12342	288	25733
16155	252	13827
27359	264	17113
11749	252	29361
16243	280	29996
11798	258	18331
13931	258	12965
12821	257	12709
17628	325	16726
17637	325	20290
27491	325	11815
14224	288	20032
25870	278	10932
12878	254	12404
16103	325	27569
26175	288	14782
28617	325	13278
25638	254	11996
18783	281	27300
20913	288	29998
14612	254	14459
26214	325	25807
17239	287	18229
16587	325	28222
16436	254	27350
26664	325	11031
15342	325	20452
11049	258	12699
28084	288	28044
26113	325	20808
19361	254	29125
26778	258	25733
29592	325	28541
20856	325	12958
19826	258	29579
28801	325	18810
29906	220	19698
16308	268	14854
27073	325	13108
16911	252	17218
27957	254	25621
19931	325	27377
19810	294	18913
27276	231	20895
13012	288	18899
26336	325	27915
11767	254	26720
11542	254	17640
15478	254	15134
17821	254	26371
19919	325	29259
12929	325	20338
19921	254	14126
27886	254	20248
28764	220	17930
28638	258	28952
14181	325	14372
17705	288	12411
13454	258	10898
13979	278	11179
11065	278	16726
11862	325	20522
16927	239	12324
26063	281	29682
15659	288	29259
29645	299	14666
20518	217	16392
14165	325	12910
28113	258	13030
26858	254	17897
13271	252	19842
12427	254	12404
13315	254	14136
26940	252	13387
13122	220	25688
26933	268	12406
27398	325	15883
26755	325	17139
14929	325	20032
19728	252	10706
29798	263	16685
19597	325	12200
13794	288	16345
17328	325	16148
15311	288	11786
17539	254	19979
11549	325	18797
18000	325	26350
29051	325	15075
11203	288	26179
13393	235	17897
16171	300	16348
27406	325	13278
18829	258	25807
14377	281	12276
20343	325	27929
16769	325	17300
15123	258	15180
28121	214	27721
10635	325	16789
12921	325	20115
19172	278	10943
13420	325	15180
16099	268	29125
12731	325	25662
29627	325	11068
12195	219	14126
19966	319	14136
28658	325	15650
26596	258	26144
28642	278	29789
26268	325	29899
14877	325	15744
18598	239	18242
11015	325	20298
20292	254	12871
25724	325	11686
12754	220	27136
16653	276	25549
20424	325	13278
18358	254	20666
27178	325	25944
17622	325	12846
26561	258	12105
25648	254	14658
29411	317	27044
27626	325	28044
11246	254	15459
12151	325	19246
12446	325	13121
20993	288	27473
18160	325	25733
27807	254	29817
18784	325	20169
10908	325	26928
17393	325	29259
16821	288	14458
17202	268	26188
25514	288	14075
17512	288	15492
12889	252	13465
28293	254	14126
26608	325	25733
17746	288	26081
14732	252	29491
28523	325	10595
17037	325	29833
13827	252	18330
20528	258	17966
26190	254	19208
27227	254	15134
26072	325	13833
16385	258	13376
27129	254	16171
13758	278	20636
18829	288	29941
18288	254	28727
10946	325	14167
20778	227	17585
14224	325	12076
16104	254	17415
18655	325	18887
19483	325	12500
14696	252	16877
15308	325	14611
16031	258	14494
15755	268	19850
27717	325	13680
14787	325	15234
10774	288	29751
11460	254	16126
13442	325	26444
12135	282	12671
15503	325	10943
28631	325	16235
16695	325	17635
29499	257	27300
12305	325	13773
27421	325	29751
10670	325	26589
16502	325	16235
13617	325	13470
10754	325	12846
14115	325	28072
15751	216	17212
28335	252	14221
17134	325	29135
20119	251	13517
26264	325	11004
18171	258	12076
11856	278	10986
18579	325	25619
12810	325	12857
12655	325	28500
28974	254	28149
29444	325	12846
15526	260	14608
17014	288	27473
11586	288	10943
17023	258	27569
20157	254	12871
10967	325	26783
11517	250	28817
29742	325	16090
15732	325	14633
28770	325	12822
16552	254	20248
28793	325	28072
27880	325	25733
10694	325	15697
27322	325	18217
28542	223	25621
11399	288	16614
25843	254	11863
16539	211	20838
20035	257	26208
27444	325	29998
18603	258	16726
20972	257	27642
13327	258	18104
15240	254	15134
16750	325	20930
25646	254	18562
27341	325	27848
27294	325	16824
29886	258	15180
14415	258	28551
13956	288	13723
14750	254	20666
18059	254	12871
10638	325	13059
11491	254	20666
14886	325	20115
11782	325	12164
16972	325	11941
19431	252	20043
25741	325	19020
29024	263	16685
28410	239	19880
26829	325	13276
15422	305	12871
29006	325	26386
15603	325	16942
16924	258	28579
25615	220	29007
11791	268	11996
17345	325	20286
11868	288	15492
19973	278	18182
13676	325	12500
14315	325	28089
20532	325	29743
29065	258	29998
15666	325	20636
26887	325	16789
27868	258	16874
11247	305	19499
20924	320	28583
26560	325	17825
14936	325	10652
12211	325	26724
27807	268	17638
25640	254	16685
18506	300	15573
15339	254	16811
16603	254	27016
11384	278	16235
20418	288	15492
19218	325	16728
17541	238	13125
16340	288	17825
12297	263	11901
25911	325	29789
14220	323	25533
13331	254	28149
12856	280	28043
15208	316	19722
29910	278	14917
28628	258	16728
13984	325	25662
16738	288	20409
20158	271	27300
20356	252	15678
26790	245	27637
19280	325	27738
26886	254	17897
16308	220	26424
29408	325	17992
16780	254	11461
19921	325	10986
19830	220	11965
12475	219	11638
19672	325	19565
20401	263	17249
11104	254	20666
20187	278	12500
13069	325	26724
15722	268	20248
26149	325	26127
29730	325	11213
11770	305	12871
26534	252	28252
10733	325	27472
28627	239	26371
26310	268	18880
20168	268	14126
11275	231	17164
13494	325	16824
28313	288	15712
25950	254	14126
12502	325	27902
26059	288	11498
10922	258	14458
26242	325	10595
13420	254	20248
12142	325	29387
25816	288	20169
12939	316	26498
15416	325	29387
25536	320	26157
16010	239	16685
10844	254	11901
20804	254	17897
19338	258	29833
20336	254	20248
26277	325	17651
14293	325	13708
14322	325	20794
27681	325	20572
25718	261	17457
18726	214	13889
17031	325	27769
20465	325	15417
16794	254	29125
28816	281	19410
14077	288	27848
12440	254	20637
17559	307	28149
27424	254	11901
27792	271	29270
20760	258	13376
13344	260	14454
17555	317	16171
10509	325	26386
16647	280	14871
28210	258	20551
27205	325	26724
16009	325	17635
29413	325	14286
18826	325	11084
27838	263	29125
26460	325	10932
12067	254	25621
16172	261	14804
20713	254	28507
12172	220	11307
10587	288	18362
19271	325	13781
25582	254	11638
15014	325	27948
17626	275	18586
17316	325	29833
18448	325	15180
11985	325	29112
29907	254	11901
28774	220	20600
10951	252	11329
15875	254	11901
17099	257	19329
18218	258	12500
18168	258	12822
29283	268	28727
16567	325	11811
18525	278	19992
14948	288	15712
16124	325	12965
14468	280	17646
29376	325	29420
19948	325	20338
14622	254	14126
19140	258	13044
15942	325	29833
27270	278	20572
16464	325	12910
26854	288	12428
19390	325	15028
13604	254	18880
13429	288	20636
20822	325	11811
26625	223	27949
26006	281	20429
20906	254	11608
25654	268	28066
15026	325	18797
16358	252	16538
17025	325	20290
19105	254	26759
19520	212	28112
11137	282	12832
17895	278	10563
13877	325	13044
26852	288	12910
17219	252	12940
18097	325	26386
19417	220	12173
14896	325	18104
25636	325	18492
14366	254	10796
28949	325	11786
11683	254	11996
26367	252	19023
17516	316	19261
25945	325	25574
10622	278	14611
11783	325	14611
18603	288	16726
25952	325	27983
11190	325	15234
26662	220	28100
25845	325	26350
11115	325	26386
28762	288	28053
20989	231	28266
16248	325	11004
19074	220	16636
26946	258	26386
27097	325	13470
19778	227	18094
29318	325	16492
15480	252	17665
16170	268	11901
29566	288	27234
26113	325	29546
17989	254	17897
17223	325	12274
14448	325	18104
15200	258	13574
29840	220	14108
27337	294	29251
27434	258	18797
11949	325	19889
27219	325	25944
14679	240	20279
29816	278	20551
15526	260	28564
28388	317	26548
18668	254	19850
15780	325	18036
18962	317	17303
15560	325	20338
12407	325	17825
16742	288	12743
15182	280	12409
16413	325	20636
11972	288	16388
11434	325	25662
28441	325	11004
26158	235	11901
26047	325	27473
28870	325	19228
15283	254	25621
14437	258	29941
12138	268	27350
26256	288	16235
13352	268	17603
18451	325	13723
18607	288	28184
17970	288	20171
19933	252	27894
28447	325	26878
29361	252	11749
28690	220	11636
26173	325	11772
19055	325	17635
29767	300	12712
14007	320	20248
14278	254	28557
18906	231	17942
19655	288	20636
26730	325	17139
28720	325	27948
28547	254	14618
28434	254	16873
27960	278	29998
15179	268	11554
15524	254	11608
13318	278	14941
13105	255	29384
25903	325	27743
14670	294	29558
16773	325	18331
11432	254	29125
17779	325	26836
10708	246	10558
29688	252	17003
12828	300	16348
27815	254	14126
15965	278	12076
12667	325	12200
12057	325	14545
11428	220	26694
16238	254	19850
13866	288	27848
15228	258	13470
29841	278	12076
13585	325	18797
18667	325	10730
20407	263	29767
15517	278	10986
25853	325	10932
27297	325	20022
13201	254	11579
20175	325	19561
12805	254	16171
14312	325	14633
14398	325	16495
20170	254	26188
14457	254	18208
12342	258	13376
16551	254	28149
11996	311	10689
19562	288	18931
12089	325	15697
19007	252	16877
27985	288	12928
19576	325	25733
12379	325	11778
28412	325	28045
29408	288	29546
20593	325	11002
25597	325	20609
27491	325	27732
13648	278	26836
15956	278	12822
17429	325	14072
19923	288	29998
16577	254	26911
16896	258	28072
12892	254	13417
12445	271	27841
26977	325	27377
15844	288	16007
20704	259	17526
11511	325	18577
17925	325	16235
29936	254	11901
17377	254	12871
13406	325	11941
19077	325	28504
18575	254	29125
27799	254	11901
13859	325	28626
29094	294	27047
14966	325	25619
20227	280	18611
15487	325	28805
15369	325	19465
14593	230	14960
29206	252	20795
19195	325	25619
29002	258	14191
28890	278	17360
25670	325	28341
19057	325	28500
14046	325	10504
15388	325	10898
16232	288	17139
20571	325	12715
12472	325	14633
28282	254	28149
26544	258	12820
13573	252	27166
20502	254	16685
16313	278	12820
11352	258	13680
18537	239	17643
18437	325	19328
29592	325	28909
29144	325	12822
12474	325	28551
11826	325	27983
25551	214	14299
14101	254	14658
12878	258	18639
15353	278	20169
12701	288	10563
20798	325	20930
17398	252	16593
13821	252	13964
29903	212	28112
26396	231	12460
29344	325	27805
15199	254	13417
20689	258	19420
13672	218	27101
16931	254	11390
20596	325	29941
11512	325	20590
17773	258	10595
14675	325	15383
10532	258	13376
18905	325	16061
19362	254	17640
25757	325	16984
15814	325	13723
11183	254	15456
13487	223	11524
18300	268	20248
12770	325	14286
25799	325	18797
20012	282	28054
20093	325	28089
25804	254	20379
29787	325	15396
29951	325	27902
16938	278	18797
29971	294	25537
18886	325	26878
26717	288	14458
20723	317	13417
11746	280	11746
18398	254	12871
26173	325	19563
16517	325	10682
25652	254	29207
12915	254	13185
13946	252	12269
28436	254	20248
19030	325	16728
16763	325	17245
16602	257	12709
18412	239	14043
10573	254	16171
28824	254	20248
12145	325	18840
11134	325	26144
19320	325	16824
28980	254	18880
18178	325	20290
26748	268	11996
20759	254	11901
11306	325	12822
14858	254	14126
19114	220	17654
19663	325	18281
16761	263	14330
15769	268	26188
17365	252	18770
12870	254	28149
29483	258	20551
27408	325	26970
27481	254	16611
13172	317	10761
27915	214	29327
26140	254	14126
16389	254	26103
16745	251	14776
10721	254	14459
20979	254	28149
12340	254	17415
17568	252	19251
13734	254	26004
17926	316	16067
26379	278	12428
26659	278	15180
26406	261	18537
14631	325	13072
27069	254	12404
12936	320	18242
15763	258	16942
15227	325	13680
29850	268	18735
10762	220	27780
29505	288	13781
28000	288	10792
12171	325	12076
29723	252	15733
19473	325	12715
11745	243	13870
16441	288	16492
13815	325	27390
18156	325	29926
29369	212	13049
11393	325	18726
18243	325	18639
18151	325	10730
13721	254	13239
15640	278	13470
27190	278	13843
26608	325	15234
15588	325	17278
26598	325	15307
12820	214	15170
25985	325	11031
28200	325	11002
26344	258	20219
17959	325	19465
29579	307	15375
17859	325	18226
20658	251	13238
25611	278	26589
11450	288	11213
29555	325	28527
17271	325	13723
26590	278	18104
17844	278	15417
12203	325	16345
19148	325	27080
16399	325	20219
18042	239	16685
17356	325	28184
28689	288	16824
17366	325	14820
11052	220	28524
29804	325	29789
25863	231	12636
13058	325	16942
26247	258	18988
26957	254	29125
16940	280	29996
19587	252	19262
19383	325	14846
10722	325	17635
12480	286	11264
29528	258	25602
18753	325	29546
13665	325	20808
28237	268	26188
26054	258	25860
20521	325	18726
27921	325	20290
16192	220	14757
25545	325	18726
17368	258	27059
16459	254	13185
26031	230	18186
26897	325	12505
20017	325	20115
17435	288	25802
29830	278	11085
26982	278	15724
25589	325	19248
26125	282	17993
28163	325	13278
14443	288	20338
17578	282	27657
17274	328	11687
19385	325	19565
20788	325	14611
20317	258	18281
14384	254	20248
18911	280	20905
12737	325	19465
28081	325	12076
10948	281	28025
11966	254	12871
29328	254	14459
12442	257	12497
16332	325	19565
26628	231	13766
12070	252	29843
11629	288	15923
27326	325	28480
17120	288	15234
20970	254	11996
26771	230	16396
29374	254	17511
17479	254	17817
13502	288	25733
25575	286	12294
16470	258	27712
18868	325	26386
18458	294	15618
15265	325	13108
14840	325	18887
16311	325	13278
13970	282	17993
27481	288	29220
20441	325	29319
16179	325	16270
25750	325	13072
11160	258	13130
11259	325	13278
25734	325	27080
11580	325	18606
16767	258	11917
15764	325	20428
15309	231	12471
20880	258	18070
14876	254	28931
18086	260	19291
25695	307	14918
17920	325	13723
11396	325	20286
18844	325	26127
10908	325	13108
10621	325	14372
16216	325	16726
15765	254	12871
13613	288	25662
17388	278	14075
26706	325	13680
13512	325	26179
18294	258	29941
19046	278	14276
27648	268	12871
13948	254	29763
18591	268	11901
12214	325	19563
11420	325	26724
27402	258	11085
26929	325	19869
29821	252	13532
17577	278	14075
20064	254	20248
26512	325	11144
17212	239	15134
14385	252	27328
20055	288	20290
12202	254	29443
20146	325	27848
20033	325	18281
13448	219	27044
14316	315	14307
27606	263	28843
13421	288	19246
12519	254	11901
18199	325	27738
14015	258	29387
16121	227	26568
20610	280	11433
25854	325	29833
16361	235	29125
27202	227	27502
12752	257	26619
29166	288	14782
15845	325	17554
17811	223	28528
29235	220	20842
14196	325	29998
25542	220	20842
11065	288	19465
11187	325	20338
27250	217	20747
26976	325	29751
20323	280	13489
26410	268	19051
16765	325	26043
27821	258	11686
29525	325	29387
18885	254	14459
29139	288	19676
25874	325	26325
25606	268	26297
17366	254	13185
11289	282	12060
12595	325	13932
15951	254	20248
19576	325	13773
16260	254	15762
28788	325	14633
19745	325	12076
17922	315	15858
13187	254	17640
28136	288	28184
14503	220	13176
19182	281	11737
20813	288	20636
12523	325	12877
14284	325	15307
28916	227	29583
20677	268	13417
20440	325	18931
16177	278	17458
10518	254	27044
20131	215	26495
10770	325	27614
28800	231	28666
28442	254	11901
19617	325	16235
26442	258	29743
11127	254	11901
12192	254	13185
13438	220	27094
25531	325	12500
17797	325	11085
10849	278	18697
15556	325	10652
15625	268	11901
13875	258	14376
16202	288	16726
18176	325	20930
26998	254	11996
29120	325	10898
17488	325	20219
11113	271	29682
27559	254	12400
27061	305	28862
29334	325	15727
11181	288	12243
12256	231	11188
29226	254	20666
20871	263	20248
11007	231	19677
27366	254	28149
27575	254	14459
12921	325	20522
12051	325	12820
11693	288	28480
26934	254	20248
28303	254	17640
12658	325	18797
26670	254	20248
17475	325	13833
20791	325	12491
12641	325	29319
26175	288	28551
16801	254	14548
29719	278	16404
18643	325	18606
26209	254	26188
20512	288	26783
26024	325	26322
19745	325	18104
27904	325	20590
10670	268	14126
12903	278	14276
12762	288	16492
14597	254	28149
17705	288	19840
28903	254	17814
15648	325	29941
11480	325	16942
27439	239	18550
10750	325	12910
12920	288	16728
15472	252	20553
27278	325	27848
11101	288	28805
16535	254	13417
20440	278	18182
27087	325	11179
14724	325	25944
17402	254	14043
25783	325	27900
27764	325	25619
27670	294	19166
19149	254	26936
15054	217	17686
16281	325	17635
14867	281	20113
27111	271	12382
11151	254	17897
20854	254	12404
15508	268	14136
13334	325	14657
19171	288	10642
11507	325	19335
18690	325	14286
29693	325	18797
10990	325	14633
20883	294	25772
25505	258	12500
16302	288	20522
18663	325	20290
18809	325	20247
15114	254	18880
27579	288	26350
26551	325	12703
25564	254	20248
20317	258	14191
28168	324	26861
17929	325	14625
17192	219	17643
19672	278	26127
25877	263	29442
13894	254	13185
14848	282	18093
19169	258	18988
20085	254	11996
17519	325	15234
16315	254	16171
17173	325	29259
12681	325	14922
27938	252	13647
29467	278	11786
12103	223	27994
29500	325	19992
12000	325	13723
17871	325	20219
16825	220	28828
18297	325	25733
11609	325	14611
27322	258	12428
18705	258	28236
29035	254	17897
14668	220	18116
18867	278	19228
16585	325	18639
27872	317	27044
12400	223	13657
15330	288	12244
26799	254	20248
20226	325	18797
17681	325	17139
14519	252	29210
28036	220	28050
13466	254	14243
19425	257	15816
27825	254	11638
26826	288	19565
25871	325	29546
16258	325	11286
27720	325	12274
27115	325	13121
15698	252	18853
20714	325	28486
16995	325	19889
13550	215	15891
20161	258	12076
27492	254	20379
13060	325	16492
12637	320	11797
19731	220	19765
11308	263	14126
12762	288	29220
29365	258	16492
11305	307	13239
29448	325	18887
11310	212	12671
26165	325	29546
15827	278	13680
10755	282	15665
16545	325	18726
13764	325	14075
29893	254	12865
15357	325	29941
18829	258	29941
11292	252	27702
12345	325	17139
17329	219	10796
15484	288	16728
18218	258	12428
18918	325	20290
20955	325	11084
28949	325	27846
17614	325	13872
11080	220	28477
14948	325	14372
28416	288	17826
17400	322	26364
15115	325	29578
27317	254	11996
18971	325	10595
18883	249	27141
19585	325	20636
26154	325	29673
18682	325	15075
15250	325	29751
14483	279	27924
15423	220	18721
13358	254	20248
11595	282	18299
15859	325	20169
19484	242	10739
18349	258	26350
17682	282	17851
27371	220	29836
20444	325	28791
16953	325	18281
16243	231	16940
10540	231	20722
18316	325	20032
13504	325	12244
17519	325	16388
18940	325	18571
16453	325	15106
17478	220	15389
27578	254	14658
19591	254	14459
29285	254	20248
19441	254	29763
26721	258	14528
13132	325	28072
28474	278	18797
12995	325	13236
20379	300	28414
20558	325	29751
15184	290	12897
10663	254	11054
25500	325	17314
14229	220	29210
17352	322	20373
18546	254	11901
10620	258	29546
14086	294	17047
26248	258	18372
20076	280	14279
16302	288	12244
26206	254	10571
29046	282	18390
27071	220	15740
26852	258	16789
28860	258	29223
12171	325	20115
27251	268	14136
13717	325	12869
11077	288	20078
18631	254	19967
29482	325	13278
13924	325	12076
20114	254	15094
20050	325	11786
12524	325	11085
11779	325	12820
27216	254	10539
18569	325	28909
15667	325	27902
11657	268	13417
16599	254	14459
12920	325	16728
26377	258	16345
29699	325	10986
28868	219	27044
27849	325	26881
19011	254	11461
15670	220	19070
29686	254	11554
27107	261	27439
12028	254	13185
16725	220	11097
19925	280	29302
25994	307	16562
15940	280	27711
11770	305	12404
12515	258	20636
27877	223	13168
16826	268	16906
14581	258	13376
29673	263	14854
11916	258	13574
28309	254	13185
12765	268	14205
13071	278	19676
26562	325	28551
19772	325	29579
20626	239	11901
12970	219	14658
18973	325	20032
13654	325	29673
27942	254	20248
11573	254	28149
18591	258	29259
13590	258	16090
15409	258	16432
29058	325	12500
15783	325	27769
27085	235	28817
14935	325	27902
17717	254	17897
20748	325	13966
20549	325	20551
29034	280	28643
12941	325	27983
14685	325	10943
18114	325	20184
13422	280	11499
20533	254	16066
11580	325	16874
29845	254	28931
29465	223	11169
16389	325	20169
13752	325	14633
11140	268	14136
28958	325	18036
19765	268	13417
19973	254	29125
17550	288	20109
12615	217	12570
25569	325	15724
20599	325	28053
16277	325	11811
13537	288	20428
17729	325	13574
15603	288	12715
17211	288	13470
28582	254	11517
12674	254	28149
29514	325	29789
26678	268	13417
20886	257	18865
29657	254	16171
26433	258	15492
20971	288	11286
28798	288	17651
12137	325	27080
13756	325	28338
13556	325	29789
20423	325	14494
11192	214	29212
11663	325	13376
16767	288	11917
27366	325	18085
15112	325	14611
15026	254	13185
26329	325	20555
28918	254	20666
18533	288	16728
19455	325	29998
13525	258	16090
17067	323	18934
25853	325	15396
26613	325	17314
17235	268	20248
28354	325	27473
15353	325	20169
17492	223	16286
20194	288	27848
11157	325	13278
17705	258	12649
20822	254	18880
14377	257	18484
16734	254	11901
27363	278	18639
16472	254	11608
14095	254	18704
27456	325	27902
16941	254	17897
17018	325	27346
28058	278	28089
19773	325	18797
26180	220	26893
14620	325	15773
28487	257	26943
12950	288	13680
19523	278	18797
16950	325	20808
12640	325	15180
11976	325	12662
18482	325	20551
26464	325	19328
28643	282	19410
17978	325	10986
29410	268	12406
20858	222	26100
28047	223	29153
26727	258	17992
10785	325	28500
14718	282	26776
12249	325	10652
13488	325	27080
29780	325	27738
27816	325	15568
18809	288	20169
15817	325	19228
11749	220	29361
16000	254	15134
29654	254	20248
29923	263	14126
17402	220	27887
16929	325	13723
11702	323	28547
16869	254	19859
14259	288	13084
16443	258	17139
25610	325	29789
16626	231	16819
19515	325	28045
11971	325	26386
12937	278	13376
16581	263	28727
13024	288	29789
17046	325	11941
14139	254	20248
17104	257	13746
25535	325	14611
12093	263	20248
27757	219	16175
20613	220	16296
26719	325	20636
27624	268	28329
25682	288	27743
12742	325	27614
29678	325	11084
28762	254	14126
14320	252	29827
13847	220	27634
15207	325	12520
15519	254	15134
13900	325	12076
19882	268	29125
14913	268	12871
27195	252	12552
20002	254	26710
26153	231	17757
15755	325	12411
16963	288	25619
12842	254	16171
17004	254	17415
29936	325	14458
14269	258	15417
16264	254	11461
17200	325	17635
29741	278	18931
11246	254	14126
12655	278	13843
27767	325	18104
26841	288	29789
10724	254	11901
11642	257	10513
25604	258	15234
20536	325	27876
11541	254	16685
25979	231	14802
26213	258	12910
18297	325	20609
11311	220	26070
15217	325	11084
11210	325	15180
17655	294	17411
18907	268	28149
26657	325	19135
14246	223	20778
18709	252	19698
17298	254	20248
27295	325	29751
15942	325	29941
27854	249	14075
20539	258	29743
17734	278	18887
16642	257	19329
18063	325	18362
29828	325	25733
29118	325	28184
16826	254	15456
14580	258	29299
14262	254	20666
28091	263	26297
25973	227	18490
20209	325	12505
15878	325	20609
17459	325	18726
11454	325	15574
11755	268	20594
13454	288	10898
15684	325	20452
11945	300	26617
26334	288	14494
18543	290	12897
13632	288	12076
25904	325	18571
20024	325	28635
28776	325	29112
15769	258	15180
14028	325	20609
10841	325	25529
25776	325	12520
14219	325	18887
17105	288	12500
19456	254	20248
26445	325	12965
18262	254	14533
13931	258	11941
15115	288	29899
10763	254	12871
14977	325	29387
16930	258	15727
19653	252	12711
13625	278	12076
16690	325	29751
25638	325	25802
12364	325	15492
20396	288	27080
28922	278	19885
13395	231	27291
26553	325	19565
19022	258	25944
29704	278	18726
13827	268	11554
19414	252	26351
28360	254	11461
16821	254	11901
15838	278	10563
16206	258	12715
10902	325	15724
11285	325	27769
15554	278	14782
10602	325	16235
29272	280	12144
13550	215	11128
16245	325	20022
17044	325	17300
14143	325	12857
29710	325	15646
20922	254	11996
28135	325	25733
15170	258	26928
12146	231	26035
15239	254	17814
26961	254	11996
11465	254	11996
26269	325	29387
18959	327	26265
20152	252	29453
27312	325	13698
19483	325	12244
20873	278	13680
13612	294	18836
29252	325	13680
29783	325	29259
10599	325	26783
28534	278	18726
27235	254	20666
26247	288	18797
19417	252	19986
20745	288	16061
17482	288	11786
14684	325	18860
17707	305	19979
10925	325	16388
27548	325	11917
12415	219	27044
11086	325	13470
20038	325	12820
25688	268	29443
26394	220	12107
11650	263	26556
20324	325	13108
12930	252	29397
15534	258	26043
12998	220	26089
14006	325	14458
17425	325	14191
12719	288	28184
12674	325	20782
19067	325	16454
16819	257	28756
27178	325	18085
13170	280	14436
16103	325	29751
28194	254	13185
26942	220	16139
20332	325	12820
27610	212	28112
14825	325	20522
12389	235	13417
29496	254	20248
20242	325	20171
29781	325	18104
10842	254	20248
26259	254	14459
12569	307	18608
11462	252	11407
15739	325	16235
14603	325	27769
28277	254	13417
19494	268	14136
13502	258	25733
26668	288	20452
15730	220	18348
13625	325	20338
27011	278	19328
26417	325	17800
18534	325	25733
19085	220	12597
17157	325	18639
29790	254	28149
11908	325	18362
18869	325	20609
13824	258	13470
17241	217	28250
26606	239	17897
25908	325	14528
28188	258	29926
19053	252	11426
12761	325	26144
29953	258	12500
20562	254	13417
27482	254	11551
26638	325	25602
19865	254	29125
16933	258	19246
16506	316	19752
14507	254	13239
15368	278	16728
11990	288	18892
27066	325	19971
28412	288	29998
14832	288	19992
10763	325	10595
29861	254	17640
28561	254	16171
27318	325	17458
11795	280	26930
26574	325	18797
11824	322	27140
14403	325	16492
15292	254	14126
11869	325	15028
25980	325	15565
11769	325	28045
11534	288	11778
28498	254	20885
17599	268	25583
28368	325	12867
27822	325	19420
26833	325	18036
16698	294	15079
26522	325	20930
26513	288	18124
19873	325	20555
25963	254	13417
29534	288	14922
16533	254	19979
28443	254	17511
16034	325	14633
10806	325	16874
26107	325	15028
28494	278	10792
29802	278	16235
13790	268	16685
19198	288	17139
29177	325	14458
15634	258	25574
11071	258	12243
11789	325	18707
14444	325	11811
13569	325	29579
27243	325	18352
15641	254	17640
14745	281	28128
29561	325	28527
25991	254	27454
16988	325	26043
20865	325	19736
26045	317	11901
17517	268	20287
27690	325	11786
27304	325	27473
11929	258	18104
11750	258	16450
26756	252	19620
19962	254	14459
18268	325	20808
17740	325	16728
11435	325	16090
25550	318	19261
15925	254	14459
14325	325	16148
13058	325	27569
16676	254	10796
26285	325	15417
17985	325	14458
12947	220	14018
19694	288	20219
27425	288	29546
12062	325	11786
17011	325	14191
11008	305	14136
13921	325	16942
19153	325	29789
27115	278	11786
29053	271	27300
18976	254	28149
12461	325	20555
18187	217	28543
12358	322	18926
16812	220	15024
14112	325	12822
27842	278	20428
26010	240	17789
11965	220	25633
20042	254	16171
29384	315	13118
20209	268	19850
18295	325	12703
26778	288	14075
19224	325	11085
25657	254	11961
16770	288	13872
15188	325	28187
12624	252	18559
13284	325	28089
15397	325	17314
10609	254	20248
26263	325	13236
10626	325	13470
20580	254	25621
16320	239	17643
11472	306	26880
12647	227	15104
29669	268	13185
17968	325	20452
28793	325	13278
20856	325	10563
29569	288	12822
26463	325	28089
12472	325	29899
12557	268	27075
28631	258	13121
10996	325	17314
12002	288	16269
28688	325	25733
19185	288	13723
26863	258	28089
20627	288	19328
10514	258	18475
16027	325	25529
17456	324	17993
16681	254	13185
26715	254	13417
28579	214	29915
13669	278	14072
25714	307	14121
15321	258	13574
16635	325	13680
16369	325	19885
16823	325	13376
20926	316	28512
19959	325	12428
11738	258	18726
15131	258	14075
13605	278	12243
29416	325	13872
27262	325	12846
28053	307	29923
17209	325	14072
29058	325	10943
11194	220	16812
25691	268	14105
16551	325	26674
19272	325	15234
12932	254	27104
20059	325	15727
10793	288	19676
16248	325	20636
27085	235	11517
12884	220	20639
15652	325	16726
29672	263	10796
12508	325	20974
11822	325	26228
10998	325	19565
29356	252	28151
10613	254	11579
10581	254	17511
18138	325	16454
13965	254	17897
18605	325	20974
18794	240	25502
16822	220	11845
13855	325	27472
27528	325	10606
12989	325	16726
11717	263	19829
17790	294	20860
19609	281	14602
17655	297	18325
11424	251	26899
10516	325	27141
26359	325	10986
11004	263	20248
11278	239	11901
20436	254	11996
14738	254	20666
10617	325	15492
19603	278	13470
28649	278	19676
12739	220	18170
17489	325	15568
10917	239	18884
25655	325	29387
19810	294	14902
25828	220	20048
29668	325	16824
11754	325	18104
19938	325	20930
12154	325	17314
27523	239	29125
27623	245	13483
17788	325	28044
27218	254	14658
17625	214	29360
11820	325	13843
12800	245	13483
11515	258	17300
20409	307	10756
27838	218	15568
19838	264	16577
19148	325	18639
15088	254	19051
26885	325	12076
27408	325	20452
19384	288	13108
29243	325	12244
17408	258	13816
20426	217	19105
14507	325	12500
28485	325	28184
18650	325	27059
27134	254	14105
16659	252	15590
19137	325	13843
19596	252	18628
25797	325	18104
19268	229	16288
18912	278	26393
20433	278	13072
20281	325	28805
12134	288	19840
11473	325	18726
29781	254	17897
17987	254	28790
14594	288	25733
19327	268	17897
16661	325	18036
16586	325	20808
11139	254	13185
11352	325	14191
17435	258	29899
18791	325	14458
17379	325	19246
14208	254	25621
13477	325	17992
14813	325	12243
27255	254	12404
28555	278	18362
11916	278	12500
12339	254	17303
29360	325	28045
25858	325	20452
12344	325	16270
20061	264	19029
14032	325	27848
27271	288	19840
18340	325	13843
26526	254	19521
15082	325	17460
11031	263	11863
20823	325	17825
15340	263	29763
16860	325	17307
14542	325	29319
13835	325	28910
28685	325	18362
16741	325	25551
19569	325	13121
25759	325	20338
19184	325	13108
14915	325	19328
20368	325	25629
26263	288	11084
20768	325	10932
26841	288	17021
27145	258	11085
12976	258	19885
26944	222	17786
26512	325	26179
15016	288	12428
11101	288	14372
20002	288	12431
17728	254	10796
27053	325	26348
18049	252	29519
25512	288	20184
25779	278	13843
29984	220	13937
13857	325	13872
19920	325	11786
18614	258	17314
15373	325	27472
20100	325	14458
18371	317	29445
13401	325	15307
25963	254	14126
17642	325	19971
12017	254	17897
20922	325	27902
14506	325	25602
12209	278	29579
27032	325	29833
26679	325	27080
29365	288	12076
12818	258	19561
16441	325	20991
12033	325	19465
15006	325	20636
16632	278	15697
18165	325	15744
12251	261	18537
12380	258	13872
13778	252	19076
28649	288	12522
13775	288	15565
29952	325	26386
11091	325	15234
13449	325	28203
13371	268	10607
18873	325	19420
28580	325	20022
14218	325	16492
18103	325	29387
26044	325	19561
20926	318	17204
28651	325	10652
10919	258	13121
19861	288	28791
10742	258	26043
28657	325	29902
28208	325	25802
11215	258	12946
20337	252	28831
19563	214	17148
13340	226	15354
13976	278	14191
17565	239	14700
20990	325	11734
16947	325	26127
20904	252	11201
11055	235	11901
12658	325	28184
13875	288	14376
14618	239	11879
14751	281	29983
11218	293	28356
11906	220	19772
11109	288	11650
12201	325	18697
17354	252	11893
16786	325	20551
19197	231	18549
28632	254	16065
11835	325	14191
16030	220	12938
18662	252	20248
19208	250	19967
19442	325	17021
17130	278	16345
27310	325	20169
16044	252	27058
12920	254	13185
11929	325	29320
14371	325	16728
16531	220	20855
29886	325	20636
29883	325	16726
18591	258	20636
19806	325	10943
11154	325	27876
20213	254	20248
25848	254	20666
17284	325	18362
29529	278	13278
20293	220	14128
14171	325	13932
15494	220	19718
15315	325	20032
18327	278	15744
13499	325	13773
11844	254	16685
26133	294	16878
20886	281	14602
25615	252	27945
26401	325	26386
26642	254	20666
16886	325	16492
12880	325	12411
20829	220	12840
12827	325	26757
19944	325	25733
12615	217	14953
13812	254	19966
29937	307	20248
20266	325	12076
19853	258	20115
27039	325	26350
29483	288	16267
29166	288	13470
16221	281	18579
12207	325	18317
28469	325	29902
11963	325	13072
26591	252	19671
26308	325	26179
11892	231	27644
26402	254	13417
28014	258	29546
18008	288	18988
20589	219	17897
29257	307	16512
16480	325	11031
28097	258	15744
19238	217	13896
20157	325	29135
13715	258	29789
26464	325	13723
16564	325	28849
14591	325	26724
26258	220	15270
19164	235	27044
14647	325	20219
15305	280	12685
13491	254	13239
12848	281	15157
19338	268	11608
16986	254	29125
16278	209	20939
29033	278	19676
18665	261	26585
11823	282	13971
13490	325	14625
19708	257	26773
20952	325	18988
19214	254	13185
18681	325	29220
17516	315	16922
11271	231	29063
16735	316	26498
12006	254	17897
12574	268	14658
28200	325	16712
27932	258	28849
12561	254	14126
18310	254	17897
19075	325	16824
13298	325	15075
26181	254	12871
29790	278	16824
10564	325	17460
19524	297	15079
18830	280	26414
12944	325	25619
13814	326	26150
27187	325	20115
20982	325	13495
20817	325	12105
13067	254	16065
15266	268	11390
11101	254	29881
26667	254	26837
10602	325	29135
17556	254	16685
18763	325	19889
28160	254	17897
12896	325	13773
11834	278	13470
25786	325	15075
27968	220	26093
16982	288	29320
14925	288	29579
20908	288	12428
20019	325	14839
17980	254	11554
20270	325	14995
14402	325	28044
29706	258	16728
10732	293	28356
11162	254	17897
29354	325	11772
15211	325	15727
13009	288	12820
12449	297	18835
17730	325	28480
17033	254	14135
14749	325	27915
13576	252	14578
15242	227	27429
14970	220	25828
13491	325	19992
12270	325	25802
14178	220	19249
26664	325	25944
11556	325	18542
15330	288	12076
20603	288	10563
26833	288	20609
14163	268	13518
12696	268	13168
29915	254	11901
18227	282	20240
13983	258	11506
12032	325	25860
28026	318	28413
10819	325	12958
13379	252	13946
15047	278	26501
20745	325	27472
26791	254	11901
15219	325	19565
13332	254	25637
17805	282	12832
26563	254	17897
10967	325	19992
19147	325	15744
14114	278	17635
14510	325	15180
28014	288	13872
27730	325	17458
13741	254	17303
20370	254	28727
29392	254	16171
26916	278	25662
15604	325	15075
18829	325	20169
29599	325	17314
16446	325	13908
28652	278	12076
20961	257	16651
12329	254	12404
12704	288	14782
12765	268	27404
15206	258	18104
20343	325	13495
27477	258	15198
13112	325	27149
17940	325	12105
20790	325	20032
20722	282	12832
13220	252	29859
25852	254	13239
26705	254	17897
18247	258	16824
27119	325	16432
28714	279	12897
14148	278	27747
12159	254	13185
11162	325	17635
19630	229	17542
18264	213	18537
17739	305	29817
19462	231	29526
16445	325	20590
11592	325	13470
14355	325	11686
29928	294	16093
26527	324	15401
28856	254	10796
19794	252	15334
12800	282	14074
28808	239	27075
12690	278	20930
14062	220	18150
29478	252	18131
12490	325	27876
18675	220	28377
25590	288	11085
20397	325	14458
12831	325	29135
15263	258	27848
20817	325	12703
12283	325	16726
28111	325	11786
29540	325	12715
29203	263	25813
20300	325	20974
13745	220	16799
29363	258	15398
12450	325	12846
27196	297	19602
27549	288	14611
11115	278	28791
14517	325	28089
18911	282	11847
11231	325	19561
16526	288	28045
26213	258	15724
16723	325	10986
16033	280	17285
26995	325	10686
11047	325	14633
13771	268	11901
16084	317	26625
14897	288	11778
11201	220	11840
17885	325	19719
11364	258	16728
28401	278	18362
10813	325	20032
15036	325	13059
20011	325	15180
17394	320	11579
28103	325	18530
28926	325	20609
26914	325	26589
11667	254	20129
25714	263	14658
19545	254	14136
19825	254	19302
20208	258	16345
27466	268	11638
17299	254	14459
14381	258	28184
20896	258	13108
12394	325	20551
13960	307	29294
29349	279	27924
14626	305	13808
29815	325	28976
14343	325	15075
11292	252	15024
28816	282	28025
29515	258	19565
25559	220	18409
11922	325	12274
14182	254	12527
19093	325	14922
26889	254	16171
17928	278	16492
18170	254	15936
17614	325	26836
16816	325	15724
13326	325	20636
10532	325	13236
12900	325	11811
26079	325	15744
29590	220	12628
20080	325	26724
28305	325	19228
13327	258	15028
14749	325	16078
10577	325	29220
29609	325	28459
11321	325	20808
13295	325	20551
25779	254	17897
11616	325	18931
25912	268	15936
29019	278	18726
29503	258	13278
17515	325	14494
15766	254	11638
19617	325	13072
11738	288	16726
27173	254	29125
13093	254	12871
13305	325	11085
20484	325	19719
26048	229	11313
27797	263	20083
19598	325	16471
12167	325	16270
10837	325	12820
10937	282	28772
17204	239	20379
14524	288	18988
20984	325	18639
20787	254	11996
18848	258	16942
20933	288	26179
28625	325	17992
28812	254	28291
28920	257	28054
12546	325	11951
29073	325	29789
28525	288	13108
27894	220	25524
12222	254	12871
25818	325	27848
28278	325	19328
10720	254	20885
26628	281	28297
16972	278	11941
12911	279	12897
15854	325	29833
16471	263	11504
27323	325	19363
27442	239	12406
26199	325	14458
17246	325	27876
29386	223	25621
28383	254	25621
18647	278	14191
27693	325	16345
14948	325	13121
13985	254	16171
13603	325	13723
11574	325	26928
11380	325	11778
14696	220	15500
29170	254	20248
29985	325	14782
20990	278	11734
12741	254	20666
19531	325	13495
20125	325	17245
19171	288	12715
29841	325	25619
12603	325	20022
12523	254	14459
19836	325	27080
19269	325	20808
14433	271	15165
18851	325	29739
11819	288	27614
27396	263	20248
15240	254	13415
28346	217	13800
12541	288	17278
13822	220	27028
11490	254	16171
16333	325	17216
29554	254	14135
11669	254	15134
13219	325	26350
15945	325	14494
17040	278	14494
28453	271	17993
16971	325	19753
19060	325	13680
27688	325	25662
20604	325	17139
19387	325	10943
12467	325	13376
10626	254	26759
10531	315	28456
29809	325	12569
20292	325	16235
14365	288	14075
19894	325	14611
28894	254	26837
12323	325	16728
18409	252	25559
14968	325	12244
29790	325	10932
17052	325	27902
18043	254	16685
13345	325	14286
11122	325	27632
29491	220	28618
17461	305	27564
15182	257	19410
20177	280	16255
20797	220	14758
12505	263	19850
17581	325	20551
27135	220	18105
18165	325	19019
20018	325	12662
13345	278	27473
16314	254	17897
27601	288	18104
29525	325	14625
13452	252	15149
11109	254	20248
16537	288	12958
26438	325	16471
28270	325	29751
11383	325	15028
25582	325	12788
11793	258	25586
16217	325	20286
29313	216	10992
19539	325	13843
26330	305	18949
17923	254	16685
12949	278	17458
13785	254	11901
20685	325	17458
14193	305	12588
27704	325	12788
14558	288	13773
17713	254	26837
13178	288	14372
29919	258	11085
25576	325	11778
16754	325	13723
29559	223	13753
13892	325	13843
25584	294	26927
18336	252	16400
17105	254	11901
14344	325	17826
27273	325	18104
18998	325	19971
18910	325	13072
17969	325	19885
12462	258	13121
18032	288	27902
29948	252	17736
12020	254	11638
27987	263	27517
14030	300	16348
17629	254	19859
29866	325	15180
14223	325	27473
12847	239	11461
28291	219	26837
27727	254	13185
18552	325	28089
18725	325	29899
29663	239	16171
11701	252	29647
15019	254	28149
19857	288	14458
16069	325	29941
11015	325	17360
26398	325	18840
14525	278	20169
14747	325	17966
20620	280	27475
12812	325	28053
28927	254	20248
17797	254	12871
13674	325	15773
15707	325	29259
16240	325	26740
29398	254	12871
28854	325	13872
14291	223	18999
17568	220	19251
18251	239	14520
15769	254	10796
29944	325	11811
28402	325	29751
19793	325	12076
17986	254	17897
12133	288	20551
18303	299	13693
11972	325	18726
11985	258	29112
16551	288	20109
19388	268	16954
17323	325	12928
16957	325	17992
20532	258	15396
19606	325	19719
15115	325	25802
15812	258	27805
29212	288	11192
18343	268	18880
13357	254	16171
15816	254	20139
13920	254	12871
20307	325	14072
15083	325	13680
25915	325	17635
12928	263	11996
26397	325	20338
18804	281	28025
16818	288	13723
15005	325	19328
16442	219	10607
16713	288	13376
26865	325	10680
13584	278	19187
10962	325	19719
14071	259	12676
28572	258	12910
28321	254	16954
12715	214	26715
27328	220	14385
15671	305	17643
13083	254	20248
14783	325	15492
10954	268	20248
10807	325	15565
13704	254	28767
11492	281	28158
27072	325	16195
28748	252	19037
15544	278	29387
27704	325	15724
25696	325	12285
14547	254	17897
17435	258	20974
26814	254	11901
13391	325	19020
12237	325	13072
16987	325	17899
16028	325	18988
16206	288	12846
16400	220	18336
28928	281	12382
17669	213	29111
25826	258	26724
27281	258	14782
20482	317	12871
16440	258	16270
29310	254	16171
26304	325	13781
17294	288	17314
18313	254	10796
13837	325	13121
15763	325	29259
14521	325	17360
27090	254	29125
17969	325	14922
17580	254	17897
13057	325	27805
19700	288	25619
10733	254	20248
13675	325	28089
12273	325	13773
29821	220	12172
28082	325	28089
26106	325	20665
28105	325	17139
14929	325	20115
17911	254	27044
26441	268	13239
26497	325	15492
17344	325	12491
26627	325	27915
12928	307	11996
25645	254	26837
12337	278	27983
14580	288	29299
17974	258	16432
25514	258	14075
16939	278	29941
12716	325	25586
16283	254	12871
28983	252	15061
17392	217	29356
15500	252	14696
28351	258	15883
29315	325	26451
14880	325	14917
29067	268	11996
28317	325	10680
13370	325	18104
27234	263	20749
26928	263	10539
14037	253	27016
17995	325	10652
16391	235	11579
15606	325	20032
14917	307	28468
28333	325	29789
17001	325	18639
14522	268	26837
17951	254	13185
11477	268	14330
26688	278	13680
12631	254	29125
13133	325	19020
13370	325	10595
12203	258	12703
27443	325	19420
26599	280	14225
27185	325	16824
13738	325	26043
13594	325	28805
28769	268	20248
13233	325	11811
12825	325	13872
16797	325	20636
29065	325	11778
16321	325	29579
18542	214	13351
27159	325	18530
18989	278	11778
18181	252	29300
26904	325	17635
13292	325	18036
14296	325	15180
13316	325	16726
28894	268	28291
15439	325	11179
12092	220	12920
26931	325	16726
18754	254	14459
29170	258	26589
14815	258	26589
16820	254	11901
19272	325	19328
16948	325	18036
25525	325	17635
20325	325	27983
29644	268	28291
20362	288	13030
16273	325	27876
16786	325	13376
13687	222	20892
15118	325	13121
10969	258	29743
29165	268	11554
26921	254	13185
20753	254	16685
26965	325	10563
11165	325	20115
12918	278	26179
13327	254	19850
11130	254	18584
14324	288	16614
20365	288	17992
11628	325	18226
20589	309	11438
15033	278	20032
15863	220	28223
16827	325	19328
14237	325	11179
17564	254	11554
29218	325	18281
26764	325	19328
14675	325	11325
13179	325	20219
19298	278	16728
25535	288	25662
15815	254	25621
18248	318	19722
16645	325	27473
13398	325	10943
19321	325	20782
20540	280	10973
16687	325	13470
13590	258	11084
19443	288	28480
12067	325	29579
12462	325	28905
18342	281	12020
17815	325	14922
12209	325	29579
28024	254	20248
28615	305	20358
15764	325	27569
29103	288	20169
19934	325	12243
26442	258	10932
11236	254	17553
17576	254	25621
16582	325	27805
20433	325	19420
10754	325	20572
13796	268	29442
19791	325	11811
26818	258	11286
17120	258	27983
16255	231	20177
18197	325	20338
13171	271	13543
27713	288	16090
16863	222	16348
26347	325	13278
15068	308	12127
28270	288	29751
27853	325	16235
20898	325	16235
13962	325	12958
17601	215	19217
12813	325	25662
10643	231	26396
18534	254	17897
19455	258	11941
18617	254	25621
18698	258	26878
13837	325	29899
20511	297	26050
20371	258	27712
25550	230	27225
28930	254	29125
12916	239	29125
20019	325	29135
25780	325	28236
27277	325	13030
27617	325	19676
15860	297	27820
26557	325	27080
17764	258	16942
18480	325	20590
18327	325	26179
15250	325	27569
13070	268	15094
25660	288	25856
11276	325	20636
16640	281	15287
15581	325	14458
17241	217	29577
27067	325	14611
17723	258	14458
27566	254	12871
18468	325	18068
15313	239	29125
19992	263	13185
25667	325	29259
17282	325	16270
11211	325	19635
13707	278	12928
14185	231	15451
29720	325	29899
20842	252	26696
20339	325	15075
26050	254	14136
19742	325	10943
15531	254	14136
26871	325	14286
17148	325	20636
15712	214	28631
15338	280	26092
14586	254	11554
26098	317	12871
13750	220	13337
12419	325	10652
13711	254	16171
16640	257	28871
25926	268	10539
29048	325	13680
27894	252	25524
25989	258	10943
11062	258	12428
26771	261	11897
26341	252	26992
19308	325	17458
18006	254	26759
13442	254	11900
27272	254	28931
11338	325	18226
29027	258	10943
11433	257	29648
27539	325	12838
26475	258	13588
20867	288	18931
20817	258	18744
27610	240	13562
20200	306	26880
26117	254	20666
17641	325	28089
14414	243	11901
13734	278	16874
13557	325	20522
26252	325	25856
15046	325	18797
13422	231	28943
17031	258	29743
11519	254	17643
17838	281	15157
17785	288	29220
28007	252	17396
12383	325	12522
17787	325	12715
11885	280	18413
20531	254	11608
13761	268	11901
16461	254	11996
26262	306	26880
14161	254	11901
29964	325	20286
18807	254	11551
12049	325	13872
10587	288	12662
17152	258	17314
29093	215	15079
26813	278	13495
10897	325	27848
26798	254	16685
26419	258	15744
11817	254	11638
18287	325	14075
12563	325	14276
11706	258	29259
14800	325	12649
19768	325	19942
27152	325	19328
28119	325	15697
16373	325	19328
26392	325	15089
16420	278	25619
20570	325	29998
29868	325	18887
13709	252	18185
11141	258	20636
18435	258	15396
18647	254	28149
16110	254	16171
26160	325	15028
14398	325	13908
20266	258	16235
19700	258	13723
17028	325	12105
19181	254	16171
26715	258	28053
11515	258	18606
10509	325	18104
17339	222	20892
15696	258	13072
12386	258	28460
18805	325	20572
28283	223	18488
29273	280	14513
14771	214	20010
26231	254	11461
14552	268	16171
20606	217	29829
28200	325	18281
26879	325	12820
11245	325	18104
29973	325	15744
29122	268	28291
26889	288	25574
29366	325	26589
11346	268	27517
15510	254	26188
14880	325	25574
15271	254	11554
14349	254	14459
17654	220	26034
13771	325	10595
12793	325	27361
19171	258	27211
25725	258	17651
20221	325	20022
14744	325	20636
28770	254	17897
14147	325	29579
17050	279	27924
13762	325	17849
27440	325	27915
14363	325	16345
14241	254	20248
19815	220	17478
18645	325	18639
27731	325	25733
19319	319	15536
20651	223	16289
27741	288	28620
10600	239	17897
11085	214	27716
28031	325	17899
19429	325	29789
17204	239	14520
19232	258	18840
11285	288	13072
11713	220	17219
20517	325	18606
29180	325	14625
12379	254	25621
25659	250	15394
14896	325	10595
12069	278	18813
29185	257	27359
10961	325	16388
11493	325	15724
17537	325	19635
14325	254	14126
19713	257	17609
10695	278	29789
17803	288	20551
17079	300	11458
17980	268	20666
16313	278	13723
19501	325	26878
26244	278	10642
28276	288	10680
12144	257	17993
14288	280	12174
14658	300	25997
25877	307	11029
10992	239	27350
28519	254	17415
29114	325	12428
14063	325	13680
15409	258	18988
10894	239	17897
28020	315	14240
16677	252	11773
25869	325	16471
20845	325	12846
26506	325	13773
11848	268	11461
16104	325	20347
20336	254	27620
14072	263	16811
25767	220	17733
20733	325	20545
20772	254	16171
11888	325	29135
14045	254	14459
15886	325	15383
25803	325	16824
26793	230	16663
16655	325	14458
15177	288	12788
26977	254	11554
18008	325	18988
14147	278	25662
28420	325	20219
12808	288	12500
12978	231	29575
15311	325	14372
27965	325	13872
10780	325	28072
16311	325	27848
10778	325	20930
27120	254	20666
26429	258	27569
14764	325	26878
12275	325	17021
18696	254	11996
15297	254	14136
15964	325	16789
14993	252	17549
12737	325	20298
29381	281	13638
17630	325	20452
29632	325	28089
29982	325	20457
29967	325	29739
12879	281	12382
15929	318	12300
28162	325	12428
26361	268	14126
19968	264	14559
19270	254	26920
11469	258	27266
15137	281	15816
14250	297	13831
26298	239	29125
26520	231	10834
16549	325	27983
29676	325	18639
29472	325	20286
17012	316	12354
15399	325	12244
29458	325	20219
12777	325	25619
20669	278	16874
27928	278	20032
28193	257	28871
17497	239	17897
16551	258	14705
12726	235	20248
17596	254	14126
11726	220	14538
28789	219	11901
11622	252	25889
27932	258	11772
13162	325	14276
27918	214	18243
27788	254	18562
26835	254	26188
16839	325	25602
28820	325	12428
19401	325	20115
18338	278	18797
27315	258	13723
18619	227	18157
11111	294	27335
18495	325	12500
19146	258	26350
11328	325	14376
13157	325	15075
10731	325	15712
29747	325	16235
12104	325	16235
16496	325	20169
20979	325	20782
19650	325	28551
29267	282	18733
17093	270	11604
11440	278	13470
28263	254	11901
28630	288	17825
28055	220	12961
19951	325	25733
17421	258	29743
15854	325	29941
14125	325	25619
20786	254	29125
14335	325	28053
19106	305	12853
29995	254	19850
14474	258	20298
18284	254	28149
11909	325	13376
29369	324	28128
15705	325	27569
12479	254	16171
29274	305	16685
27272	325	12491
20166	289	19779
26418	325	27472
20547	254	14459
18295	325	19420
19399	299	12181
29213	254	11901
18909	325	14846
18943	254	14666
11372	254	11901
12533	325	15106
13522	231	27742
10691	325	18036
19320	325	29751
15278	325	16614
28443	325	15883
29367	325	14075
13752	325	13121
14780	278	19328
13738	254	20248
13590	288	11084
20701	254	14136
26344	288	14458
12004	258	19328
28381	278	18797
27824	325	13588
25926	254	10539
20739	325	29387
15441	288	17360
19387	325	29047
19336	325	28072
11900	300	16348
26569	325	18124
25977	254	12871
27343	288	19561
12838	263	10796
13032	258	26589
29277	325	12243
16864	325	12411
14608	304	26457
16022	325	14771
29132	325	13030
16013	325	11734
16944	258	19992
13775	258	27080
11509	325	13781
12683	263	14658
17118	258	12522
20509	288	16471
26271	288	18182
20649	325	27738
19502	278	12649
16954	300	10545
29162	288	12500
15005	325	18104
20490	305	11390
11286	263	29125
18603	258	28045
17142	223	11593
18717	220	18631
11147	325	26713
19828	325	28759
25758	254	29881
19552	325	26589
26983	325	28045
28977	325	20032
10963	220	19412
29294	263	28727
13642	325	12491
28614	325	12076
27324	254	25621
13083	288	19228
17981	258	26350
27697	325	26185
17979	322	26376
18205	254	17640
20859	288	19363
12350	235	16065
13622	325	15565
28689	325	16824
12783	223	27078
17764	288	16942
17695	258	14611
12481	258	18362
16767	288	27805
19781	325	28053
11181	254	11996
27145	288	10563
15161	325	26740
16744	254	15459
19376	278	18726
18848	258	11650
29409	258	12846
18292	325	13843
29668	254	14459
12906	254	17415
27363	325	27472
28365	254	14658
18275	254	20188
13349	325	16345
27168	288	20290
13715	325	19885
19204	258	14286
26246	325	29135
10555	282	12832
11082	258	13030
15956	325	16235
20393	325	28739
20433	325	10682
10983	325	11734
12040	254	29125
20070	316	18808
25624	282	29620
28234	254	20248
12263	325	27805
14665	258	13470
11444	325	19869
26939	325	29751
16048	235	29125
12543	301	11960
19755	220	19675
27387	325	20290
14597	325	11872
15917	288	29320
15189	261	11315
26916	325	25662
13617	325	19971
20073	325	10595
11623	325	18994
13889	258	18726
12553	254	17511
15498	258	18639
12338	271	27943
25895	278	29546
11597	325	25619
13280	263	14459
14675	325	18281
17239	263	14126
29360	288	17625
11008	305	26217
14861	254	15134
11178	254	12783
14715	220	15061
12262	325	10943
26433	288	15492
11741	325	19155
25887	254	12527
26101	325	15180
26952	325	28092
18825	325	15720
14600	325	19736
28644	325	17825
26844	258	20551
20970	278	29998
12233	252	29965
10749	258	20347
12804	325	25619
11431	325	18931
14272	268	19051
17973	325	12788
15983	325	29739
20811	325	13723
17549	254	25621
19745	325	14458
19326	325	10636
25853	325	14892
20954	231	29003
26294	325	12500
17013	325	20452
18439	254	10796
15810	325	27846
12698	325	12928
14586	288	10898
26041	252	26794
16191	325	27915
19819	254	26188
27573	316	26793
20259	254	29393
29280	258	16061
17622	288	12105
27014	288	25662
29228	239	16954
18265	325	20686
15639	325	20522
16037	254	16685
18528	220	11651
18923	258	28045
28347	325	14922
28358	258	19840
16865	281	27300
28956	325	29546
13133	278	18988
11658	268	14136
29025	239	17303
27830	325	18797
25649	325	13680
20756	325	15396
20596	325	26386
29191	325	29789
25682	258	19635
19068	325	20522
12489	325	27983
28001	271	17113
28762	288	13044
17255	258	12500
20444	325	13030
13446	220	27497
20697	281	12020
11628	254	28149
20565	325	16007
13678	278	18920
11678	325	19465
11672	325	27472
12382	254	18418
15881	325	16789
16539	229	28161
14684	268	18242
14175	258	12910
11782	325	25802
29365	258	20290
29152	254	28149
19484	242	14037
26168	325	17367
14877	325	13470
17648	268	14136
11015	325	13278
26061	325	13030
17629	278	29833
12808	258	19328
27179	254	12404
10902	288	29941
25992	325	17300
17194	325	16235
28517	317	11901
16582	325	26043
29193	325	14545
27718	258	11179
19303	258	11917
16529	325	14458
27506	325	11002
11158	268	11551
16960	245	13483
28495	325	15234
19604	278	13376
27127	260	26795
16644	254	13417
20841	325	16492
16363	325	18281
13425	252	15138
12109	325	26724
18294	288	20289
20800	254	26625
26461	288	19328
15299	257	27359
12861	258	14191
27779	278	29546
14782	214	13803
26449	254	12871
13427	325	13723
14675	254	28227
16551	288	14191
26345	252	29266
16916	305	16171
20080	325	13278
15574	214	20894
26080	235	10761
11241	325	14855
26918	254	20666
26093	254	14126
27608	223	12654
15178	268	18584
14159	273	18362
25738	325	27983
16441	325	18281
11682	254	20379
29932	288	14494
14968	325	14458
16188	325	19465
13023	280	17074
14991	278	29387
18116	252	25541
20963	325	10716
16312	325	16824
28559	280	29796
14770	325	16195
13222	325	20782
14089	273	14013
18126	325	25807
18659	325	16726
25926	254	25621
12675	252	17448
16406	220	29601
17507	325	11734
29274	305	18136
17334	325	17360
13722	278	16371
16920	325	13376
15673	325	14748
28124	325	10595
13165	325	25619
28852	325	10682
20213	325	11084
28160	288	12184
25826	258	25619
11480	254	26297
17292	280	28087
11078	325	20338
10642	307	14096
16032	278	28759
28246	288	14458
11986	325	13843
19271	325	13278
18556	325	16789
27936	254	15134
10585	252	26026
15806	325	14458
25919	288	17460
14897	258	18124
27659	258	29387
19044	325	17300
28035	325	25802
14664	220	27584
13785	325	12076
29886	258	15923
16312	268	14459
27998	254	25621
11879	300	28071
17764	258	29259
27656	297	29838
17636	288	19561
12231	325	25602
17614	325	16345
27439	239	16685
20380	325	11144
17628	254	16685
15576	325	20551
27350	300	19918
16583	254	15993
11202	325	25516
19457	325	17021
12895	252	15496
20641	325	20169
27519	278	27473
12824	254	20248
26879	325	28072
15378	325	13872
13758	325	20636
26751	254	17897
29667	258	20219
20556	325	17796
16877	220	14696
12949	325	13843
26522	258	19465
26428	325	20298
29202	258	27346
25622	239	27075
27897	325	12715
18079	325	16874
20145	325	18270
20255	325	12520
28572	258	29789
29574	254	28727
11274	254	17814
14323	288	16235
15692	258	25807
12900	325	27805
14832	258	19992
28469	254	17897
26434	325	12703
17473	325	15180
28012	252	13937
17636	288	18931
27511	325	19753
13738	325	29259
20719	258	27234
20398	325	18697
20901	268	11554
15519	325	14689
16443	258	16090
12645	325	16235
29773	325	13723
28111	325	12243
20530	325	28500
16710	268	29125
25934	215	29022
15774	282	20341
19663	325	13376
18613	325	27569
13829	258	27747
15549	254	18880
19771	252	17549
12258	316	11897
25821	325	28089
29571	257	28871
29458	254	17897
28465	300	29393
28334	254	11901
16050	325	10943
29222	254	26297
29344	278	27473
15659	288	27769
28912	258	17458
16435	295	19072
26165	325	20572
14767	325	28184
18775	325	29220
11913	325	19465
19384	325	28089
12498	254	20248
16709	316	11278
27616	220	27867
11483	227	12048
15597	325	12297
16627	294	15079
27362	254	14658
27425	288	16728
14560	231	18970
27385	220	28654
19763	325	18104
10507	325	18726
12720	258	16432
18957	325	25733
26101	254	13185
18224	325	11004
25605	294	25998
28679	268	14459
26426	325	16874
25766	325	12520
14284	254	28149
20008	254	20248
26474	288	20338
14025	254	18880
11418	325	14545
19680	268	19850
29856	268	13205
29720	325	27902
17615	278	14689
16158	278	11085
17413	288	28184
13743	325	18085
12356	254	20594
28631	288	12243
26536	325	10730
20402	325	16235
12985	254	17511
15260	325	20574
10534	254	12404
15380	325	17635
14375	325	11526
17827	254	29443
15230	254	27075
16961	259	14637
29505	258	16492
29001	325	28504
25609	254	16685
28987	263	20663
29208	325	14625
11825	325	15218
11390	300	18506
12818	288	18182
17623	325	18362
11727	325	28338
26760	325	16984
20211	325	27983
17750	325	20491
13934	325	16728
29680	258	17458
29667	258	20115
14572	288	12520
10887	325	19420
27905	288	29578
18624	254	28149
16644	254	14126
12383	325	13059
13729	258	29259
11860	254	28149
17662	278	20290
28001	281	17113
19358	281	29983
10534	278	28551
26666	325	27948
12952	268	11901
15826	219	14126
20991	307	19024
18300	258	28044
14244	252	29401
16818	325	16726
16942	263	20248
27859	278	27747
10507	325	28089
10512	325	28791
17405	325	18797
19808	271	27540
13688	252	27136
26358	325	29739
25708	325	11084
28676	325	27080
13729	288	29259
14362	325	14771
29928	282	20148
29323	252	17423
15554	325	17245
11528	258	20032
16511	231	15848
12956	325	17300
20012	281	17251
19596	220	29607
14194	254	10727
14300	268	11996
16767	258	15883
11833	325	20298
17794	254	26448
19235	325	15574
29639	278	18726
28350	325	19563
12785	288	20032
29849	282	17993
19985	252	25836
17919	278	17360
12198	288	14771
13795	325	26043
26614	294	19648
14656	325	15106
10966	257	28054
17020	288	17796
19618	239	13185
20874	294	15297
15315	325	12076
11074	288	18606
15041	325	26127
17671	258	15106
26470	258	11031
29464	254	14126
27519	325	19565
13586	325	14458
20015	254	16685
29074	325	14372
15916	325	20522
29839	235	11554
26177	215	17224
14692	325	12520
29403	325	28092
13200	254	16171
29507	325	25662
26528	278	10932
15778	282	13159
27305	254	29125
27264	325	27902
16422	325	26783
28475	280	17789
18709	220	12881
12078	325	12037
15341	254	13417
15991	288	17651
18772	325	11179
10544	325	14458
12377	325	18068
18408	325	28541
12346	254	25922
15684	278	25733
13764	325	19736
17957	325	18810
12996	288	11811
17424	325	13278
26368	325	29743
27796	258	13278
28689	258	11213
29664	227	25561
29418	288	16270
27931	254	14136
13049	264	28128
17000	254	15134
18754	258	18606
28914	258	15724
27162	278	15106
12650	252	13354
19881	325	16235
10542	239	20379
14836	220	14646
15171	325	13072
12412	325	13698
20825	214	29190
28442	278	14458
29237	325	20115
26897	325	17825
28971	325	18492
29392	288	16471
14965	254	28727
14149	325	15106
16027	325	27346
18364	220	27576
15947	218	14545
11963	325	18492
19331	254	16906
28041	254	28149
12071	254	17897
18493	278	11002
13919	254	14837
14447	325	18639
17451	239	29817
29397	220	28554
29280	288	27266
26745	325	15697
16346	288	27848
14905	220	13361
26252	288	20636
29497	257	20130
19855	325	27149
10520	254	11901
28122	254	16171
16588	258	13723
19018	325	14075
27627	325	12500
18778	325	20686
27713	258	13389
18586	219	14043
26698	278	25662
18309	325	20184
16015	325	16388
17001	325	27472
11443	254	27350
26386	307	28037
28813	325	13843
20245	220	12172
16768	325	25899
27648	288	29135
14788	223	18242
26801	254	14459
29591	325	25860
19273	325	12244
27955	278	27569
14385	325	26386
19513	264	16002
17157	254	15134
20774	219	25621
26565	278	18726
15709	325	26783
17576	325	20452
20416	325	15106
13573	220	13692
15866	325	13680
25784	288	13072
13933	254	12871
29365	288	18104
11207	258	15180
12143	258	12218
12161	278	27902
17542	235	29860
10523	223	29168
13451	325	29546
16933	288	14917
11009	278	16235
28263	325	16471
26908	325	18217
20734	325	12820
20374	325	17992
26838	254	12871
29034	257	19410
14582	325	20169
29409	288	13084
12188	288	27848
11801	325	16090
27845	325	26350
16275	325	11778
14055	252	26114
15071	325	13470
11580	254	14459
18679	325	16726
27761	325	11772
27001	325	28486
27307	325	14267
18149	252	18675
14686	325	15724
16060	325	16393
13372	263	16171
20233	254	16685
27946	219	14043
10983	278	28719
19239	325	18726
20497	254	18880
20674	325	20286
15258	268	19714
27181	305	16685
16592	268	17511
27845	325	12520
25811	288	13773
25535	325	17314
16594	252	18417
12809	325	20930
13696	254	11901
15272	325	16728
25643	325	26878
20510	254	16171
19660	325	13872
19169	258	28272
17322	325	11537
12892	288	13044
13376	263	20248
29004	325	19992
14974	325	14376
12328	325	13121
19702	254	13185
29528	288	25602
17426	214	11448
19687	254	20248
14693	325	14839
20446	305	17415
29424	325	12428
15228	258	12649
15680	257	29682
26359	325	16824
11754	254	11901
19543	325	13470
26610	252	15377
18933	220	14423
18029	254	29881
27297	278	20022
10638	325	26386
27178	325	10686
12098	325	11778
13939	305	16367
14842	317	18007
17013	325	14075
11570	288	29789
19433	325	20290
17595	258	13932
12263	254	12139
27348	325	18104
20842	220	25542
13630	254	28149
18922	325	11144
25863	257	12097
29549	325	10730
17330	325	29789
11270	254	29813
29533	325	16454
19631	226	28025
18634	294	20645
12774	288	17278
29608	258	20298
11420	325	20609
20104	288	16962
12196	325	13072
13200	325	13680
15582	325	28089
16441	254	28149
18914	280	18964
11339	288	14611
13275	258	12274
27188	325	14657
29706	325	26043
27748	288	18036
18029	325	27902
15511	325	26878
15210	254	28149
17730	325	29579
26980	301	26639
26811	325	14465
20090	254	20248
28623	325	14528
16645	254	28149
13012	258	26869
15692	288	10730
13255	325	16388
16687	278	13470
17871	325	14458
20690	263	13808
11868	258	18104
28864	325	29744
29730	254	28149
26411	254	19979
26279	325	27876
17359	325	18578
11210	325	20636
15951	325	15744
15871	219	14126
27945	306	26880
14541	325	28222
26239	280	16642
25501	325	20428
11570	258	12505
29787	325	10986
11563	219	14043
27417	220	15904
10764	278	13470
27349	218	18697
16803	325	16492
16532	325	29789
15639	278	29220
12159	325	14072
28074	325	15593
17443	280	17463
28856	258	11537
15491	254	28149
27974	220	20153
27509	305	16866
11731	325	16874
20808	214	16529
28089	214	29761
13439	278	16614
15686	325	14075
16046	325	18797
11965	252	19830
15454	325	26043
26540	325	12105
29239	254	11863
14714	325	28004
14059	254	17814
27340	288	12910
26560	288	14782
20867	288	18182
12912	254	11901
19216	325	19719
14568	219	17897
27615	223	26736
17519	325	20794
27050	288	12820
15378	325	12820
20388	325	28548
17088	254	14136
29333	252	14912
14940	223	26850
19496	325	13708
18686	271	17993
13086	254	14126
18106	325	10595
11025	258	10652
25509	254	20666
26701	325	27473
18196	282	29811
10837	325	20022
12652	325	13773
20539	288	17651
20817	258	16148
26993	325	28184
25739	325	20032
13111	325	28089
18024	325	20452
10538	280	19888
28339	288	17307
14726	325	19561
26462	252	14478
25958	216	13207
27136	220	27800
13946	220	13379
29249	254	11608
18774	258	29789
15913	325	13278
11352	288	13680
18825	278	15724
12694	278	17635
29540	325	28053
15939	254	26809
13160	288	15565
26945	288	15574
12862	325	20551
28312	325	20338
11499	257	27359
11227	220	20498
14218	325	19563
20656	278	12274
12394	288	13470
16607	325	11085
16847	325	25619
11458	300	26969
27330	325	11617
27187	325	15492
26126	259	13591
20181	325	14201
28649	325	13376
19394	252	16580
19502	254	18880
20008	325	26043
18656	254	11901
18606	307	14459
14773	325	25551
28637	278	13108
16333	325	20871
20087	325	28053
19486	254	13881
12114	220	16855
13775	258	15565
10647	254	20248
26601	325	25586
29309	278	14839
18300	288	15923
13546	239	18795
17529	325	13376
17033	325	12520
11316	325	27769
29953	258	13376
18086	260	17546
16896	288	28072
20771	325	15744
14773	325	13773
11306	325	19420
25865	325	18887
19269	325	10898
28644	254	13185
16551	325	18899
15001	281	19519
18413	257	13506
13958	258	14996
29692	325	19328
15761	325	16345
26889	258	27569
19910	258	20914
29736	325	12164
20811	258	13773
18274	325	10563
13949	325	14494
12112	280	17583
27129	268	16171
16797	325	26386
19411	325	18744
17819	325	26144
14787	325	20022
19817	258	27948
20273	249	15464
15594	252	15349
16503	302	18061
18592	325	26444
19500	280	18642
20445	325	16235
11502	278	20338
12667	254	14043
12144	281	17993
11562	325	20782
14483	279	12897
11639	325	14372
19287	258	18085
10786	220	16900
29046	271	14550
19373	325	17139
14129	325	14465
13356	268	27350
12567	325	12428
10779	278	20636
15773	263	16685
28213	305	11797
14067	254	28149
12584	254	10539
11575	252	10611
29828	252	11971
17055	325	26179
20164	325	15565
15603	325	20636
20105	278	13278
28585	325	28089
15135	294	29887
18574	325	28551
18006	252	14557
11396	258	26928
29861	325	12164
27312	325	12428
11097	220	19312
14590	325	18104
17020	258	17796
12503	278	18104
11447	223	19664
16459	325	29546
26951	325	13470
26545	325	16728
11993	220	13639
12661	231	19013
26446	220	19822
11074	258	20782
15649	325	28092
28633	258	15883
25882	325	16270
28925	325	27569
11045	258	28551
16415	300	17461
26040	288	10730
26373	268	20139
14812	220	20200
26827	325	15697
20009	325	29259
15633	278	28089
27470	325	13588
25870	325	10932
26886	325	25619
13668	325	18362
18268	254	20666
16076	254	17897
14754	325	29220
29118	325	20022
13393	317	17897
17234	254	15134
25886	219	28149
13788	325	19845
20867	325	18931
18251	316	18808
14823	294	13505
11401	254	20248
12134	325	15359
27932	254	28149
28553	325	13072
14284	325	18625
10575	280	10555
12263	278	13680
28457	325	17021
11655	325	26043
26021	325	15883
28000	325	16942
19334	254	12404
20531	325	15075
12157	325	12076
26238	288	19248
14513	231	29273
14410	325	17521
19093	288	27171
26191	325	15234
16796	268	27620
28911	325	26350
11079	288	27902
11813	325	19328
18198	325	27747
14293	325	29112
18201	258	10563
15769	258	27732
13967	252	12374
20628	220	13188
18997	325	16270
19578	215	26425
28591	325	27473
11071	258	29135
12269	325	28607
18745	254	20695
29384	315	17818
14787	288	25733
20456	325	29789
18394	220	20334
18312	325	18281
18774	288	29789
19366	325	13908
15192	325	20032
14115	278	28500
20487	288	18988
28527	214	15060
17210	325	17460
25956	258	16824
13873	325	28044
13160	258	15565
16191	254	29763
29365	258	20032
16302	288	16492
29574	325	12491
27096	325	29069
27556	325	13843
17062	254	13185
17405	325	25860
15456	250	16081
27955	325	11526
17508	325	25529
15176	325	16432
16607	288	18707
29288	325	16726
28138	239	15134
15970	254	11996
11833	325	27848
16024	325	18887
15249	325	17460
27791	268	20755
17948	258	16454
29774	254	13417
17114	325	12715
17336	257	27359
28898	254	13185
17552	263	26297
15914	268	11608
16632	325	14799
20563	252	16266
14877	325	20636
28261	288	16789
26819	254	17897
15656	325	20022
19092	234	19372
13098	278	27929
18104	214	27168
29118	325	16728
20565	325	20636
27954	278	12076
11025	288	12243
13481	254	14136
12992	325	12500
20685	325	25602
29820	325	20782
13065	263	18901
16953	254	28149
27448	254	12871
13028	288	14633
14516	268	10571
20002	258	28976
11541	325	10730
12875	220	27719
28574	325	19328
29123	325	14276
15815	325	27876
16783	258	14075
11020	325	26179
17904	325	26970
16100	325	20609
16133	278	18726
25909	325	14075
14078	325	20794
10684	258	27902
20267	288	11917
14016	278	19328
17584	278	13843
29332	254	16954
13697	325	11537
16176	325	10595
11399	288	19885
20792	254	11608
26568	223	16121
19394	220	17591
13792	288	27743
27208	268	17141
29232	325	17139
26893	306	16230
12518	223	26182
27682	325	14075
18643	254	14459
13785	258	16492
13170	257	27359
11626	258	11778
25741	325	26179
12585	252	15832
16626	257	28756
28928	257	20453
12293	254	14126
19398	325	11526
18877	325	18726
12930	254	11900
14425	325	25629
26715	258	26878
27953	325	28044
16829	278	10682
15513	254	14136
17539	325	10595
15066	325	12431
16069	325	18931
26938	254	28727
16956	239	12466
11382	325	18931
20766	325	12105
10768	258	26724
17600	325	19246
17167	325	12520
28654	268	14126
15979	288	26386
29993	325	15075
25810	254	20165
10627	229	17542
11478	325	20169
26688	254	28149
19048	254	20248
28580	325	18036
11038	325	13773
28280	252	27333
28100	325	20286
27362	325	27848
10855	325	13470
25679	325	12846
19641	278	17458
11058	325	13541
19847	254	13417
13076	288	29420
19522	325	19019
15833	325	25662
28026	261	11278
18487	257	17609
25975	325	19736
29952	278	29998
16924	288	27080
11261	325	14075
11894	254	13239
27022	251	19639
17253	325	26179
26803	325	26724
15495	325	20032
17087	254	29125
12519	258	14458
27723	254	13185
18359	325	20219
28385	325	13588
15667	254	11996
25793	325	20930
16720	220	19661
28492	325	26575
29623	325	16728
16721	288	28905
13775	288	29941
13993	325	25662
16423	254	26297
10896	254	16171
27374	254	19850
17803	325	13119
16444	325	12428
18950	258	29899
17130	325	20298
19006	300	26100
15016	258	12500
16810	325	13495
13894	254	16811
29788	325	27948
16632	325	13495
28273	278	20636
28947	254	16171
26751	325	19328
15659	325	16824
12349	280	26131
10922	258	20219
13439	325	16614
27478	325	14458
16599	325	20991
16017	325	25602
10844	325	12500
15486	219	17897
20092	257	13049
13896	254	11608
19529	288	27473
17373	325	17825
16815	325	29998
16437	288	25619
19615	260	14608
15480	325	12500
27206	325	26322
29048	254	28149
11809	228	29911
15511	325	16148
16818	258	17992
18117	325	28092
25505	258	17635
16001	325	16726
14028	325	27848
15684	288	13108
14006	325	15075
20961	231	28129
26662	325	17245
17629	278	19942
18122	254	12871
10569	325	12500
29859	325	28224
26261	316	16735
11751	254	11900
19121	325	12500
25648	325	11084
15753	254	17897
17664	325	20457
17810	325	28092
20726	325	14917
18594	325	11917
18707	214	16012
26962	254	14459
20069	325	11084
14585	216	10941
18623	254	26188
11296	239	20248
18153	288	27472
25550	315	27926
13915	288	12910
20197	294	20652
15368	288	16728
12665	325	15574
18976	254	14459
10612	254	11554
12487	325	26724
15148	278	13343
15886	278	11085
15973	288	13966
27389	220	26492
14890	254	12786
17256	325	18124
26135	254	11461
26078	281	12043
27093	254	12871
20685	325	13872
13577	325	13394
12143	258	26878
16777	254	16685
15610	254	15456
27022	251	10582
29587	231	19282
18973	288	10595
29989	254	20695
13890	325	28045
15617	325	14611
28608	254	19850
16957	258	14072
29596	325	28626
19435	278	14611
20133	226	20724
29461	325	10563
11708	325	29899
29167	258	20609
13327	258	20032
19909	325	20219
19705	220	18006
17922	318	17283
28013	278	27473
20505	231	20327
17739	305	20358
14910	325	20115
14785	254	12871
15217	325	29259
16555	305	28862
25879	325	29743
15914	325	27638
14367	288	20636
19857	258	20636
16903	254	14865
17408	254	14658
18302	278	15277
29080	325	18036
17356	325	19736
11450	258	11213
15599	282	28308
13044	307	14126
10787	325	18810
11736	268	26188
10533	274	19809
13672	263	14136
19700	288	13723
11709	258	29998
28289	317	27044
15284	325	12910
15848	280	16511
14090	254	14666
29392	258	16471
14704	254	11554
27181	305	14700
17468	268	26157
17124	325	12910
13863	288	14276
17265	325	18542
20500	271	15132
14800	254	19850
26545	325	15198
25893	325	16726
17695	325	26386
19000	254	26420
15656	325	20290
17598	318	26371
15062	281	29850
20183	325	19248
26917	231	17397
18319	263	14126
11435	325	18606
19303	288	12500
20689	325	17635
14365	258	11811
27368	254	12871
26333	325	29833
20809	325	10595
27741	325	13507
27068	239	12853
26814	325	12076
13346	254	18562
14284	325	13960
26482	254	14459
19566	325	16090
12892	325	28976
29981	280	18196
20104	288	10652
20682	260	26795
20125	325	14372
18313	325	18068
11647	271	11475
26518	254	16171
17789	271	27300
28489	325	28045
17971	318	19071
20955	325	11717
25640	258	28791
17421	258	15396
29053	257	12709
19656	254	13155
13655	217	15128
14268	220	13694
26716	325	11786
15100	325	25944
14481	325	14372
12277	325	15180
14497	325	29941
14095	268	18007
27746	325	29926
16646	325	29941
27143	325	17360
12222	288	12243
19411	325	16495
14029	278	27846
16524	231	11265
29840	268	15943
19524	294	15079
14975	220	18817
25826	325	25619
27914	252	13004
28474	254	13185
25853	325	10986
10837	325	13723
14641	227	28192
15275	254	13455
20732	219	11638
18824	257	18076
28079	258	11085
20404	325	17460
12532	325	27472
28160	258	17458
14443	288	17494
13905	325	29998
18427	325	17992
10561	325	15744
12674	254	14459
26039	325	17426
10783	278	14075
28403	239	17897
11332	325	12105
25782	239	29125
12220	325	19328
16447	263	17178
13240	278	11266
11299	258	12076
12954	295	29293
16924	258	20169
12818	258	18182
14991	254	25637
29327	325	12846
14909	278	19236
28788	325	16962
26818	258	20247
17040	325	13495
15435	325	12164
29243	325	25629
25599	325	13773
16464	325	10563
20983	325	12958
12225	278	25733
11086	268	20248
27584	220	27512
15449	254	11901
16981	254	28149
12508	278	27472
12370	325	17139
18055	288	18104
15081	258	13470
27674	325	15565
18082	258	20219
29008	223	20385
17987	325	27211
17375	288	14676
29274	305	17643
20345	252	14758
16532	325	16235
29835	325	14075
11157	278	13773
11428	252	29827
15289	288	28044
28167	268	20666
17557	280	12564
11166	223	11832
29162	258	14075
27216	268	20927
14308	325	29739
11384	278	25662
14274	325	26589
14795	294	29757
19657	325	15724
18402	254	19451
28237	254	10796
16588	325	13723
14001	254	16811
26101	325	20636
15052	325	26575
17812	325	20298
17246	258	28184
13794	288	27769
16883	278	15724
26379	325	11266
26317	258	26179
20399	231	28643
12929	258	16235
14480	325	20032
27089	325	28480
19172	325	19465
27544	254	19850
12341	282	12832
14872	252	12414
19233	252	19367
11825	254	13239
10753	325	28089
27374	258	10730
28397	254	16171
18021	294	27335
18668	254	18880
10920	278	17635
10903	325	10898
29068	325	17021
18292	325	20555
15699	220	11988
18765	325	16824
19759	280	29837
12189	258	20022
28434	288	18577
29671	325	14458
17929	325	27080
16644	325	12218
28917	288	12244
15692	258	10730
26540	254	28751
27997	278	19719
19292	325	11778
27166	220	20671
14101	325	17314
16963	325	25619
13207	239	29125
28939	325	17314
28820	254	11901
15108	254	11902
26341	220	29501
17007	297	20295
27766	213	16663
10508	239	11458
19215	282	20130
27651	278	13773
10886	278	14689
29843	220	13532
15784	288	18362
13743	258	28341
15674	281	17324
25594	254	11551
14411	325	25551
27013	219	17897
28022	325	16388
27256	325	19904
20863	325	16270
29764	288	12820
16350	268	14136
11251	295	12632
19390	325	29941
14845	258	18124
29252	258	27769
18670	325	12218
10932	263	20248
28395	254	11901
20104	325	26081
19140	258	17651
26299	288	19957
10728	263	12828
13266	258	20169
25725	288	17651
13941	273	27876
28925	325	18104
10776	307	17837
19964	254	13185
26238	258	19248
26979	325	27266
27694	220	11543
27868	325	28849
19216	254	28931
16060	325	25662
18218	258	26724
29538	218	12867
11396	325	18797
19827	261	26572
16342	280	28193
20095	282	11497
14588	268	26837
12645	325	17460
15892	306	27885
18851	278	12965
12414	252	29206
20244	325	14458
20832	281	11475
17877	300	12582
13877	325	19228
28384	220	27715
14930	252	15044
11152	254	14459
26855	254	14459
20214	288	19971
13224	281	13249
16518	220	15682
16623	239	12466
29330	278	18931
27770	278	10563
28734	252	13092
19739	239	29125
20750	254	28149
17983	288	19736
17940	258	12715
18410	278	14528
12515	288	27902
14992	278	12928
28940	325	18104
19173	324	11273
16322	278	11179
16730	294	29733
19684	217	12969
15091	325	14191
12673	254	20248
10953	325	16447
14443	325	15492
11528	254	16171
13310	254	12871
20994	254	19967
13713	325	27876
15256	325	25663
13956	325	10943
28851	220	20835
27965	278	14075
28731	258	20636
16304	219	14126
10655	325	29135
15633	278	15565
10554	278	18070
28785	325	14276
20757	254	14105
12523	325	11999
12720	288	20298
19508	325	12244
26810	325	14075
28598	261	12354
13983	325	18639
17822	325	20219
27956	254	17511
27670	215	10965
12440	268	14136
26438	254	11901
19951	325	17460
10998	288	28184
28802	252	15731
26331	254	11901
13575	325	16432
12881	220	29906
26175	254	12404
17996	254	28843
20170	254	10796
14883	254	20666
14525	254	29125
12732	231	26571
28261	268	29125
27027	254	29722
15222	322	27217
29527	254	16171
14078	325	20452
14541	325	27080
29651	325	17992
26175	288	18797
26145	258	16471
16094	325	18104
26037	258	17360
15371	288	15744
14742	305	28843
18648	278	19992
20681	257	27662
18658	325	12869
15817	325	11772
20772	268	14105
17255	325	12500
26118	258	18797
14480	254	11901
26028	325	27743
20854	325	27361
18134	325	11617
26912	288	12788
28228	254	14126
13717	288	20171
29568	254	28149
18920	263	14658
26018	325	11734
14214	325	16728
15187	258	15492
14127	325	17440
20302	325	18036
18860	307	15669
16979	263	29125
15975	325	13723
14206	325	29998
25884	288	17635
27005	325	12428
27675	254	12871
16115	325	28092
19722	261	18248
14296	325	28044
13746	226	17312
27023	288	20636
28974	325	13680
11785	325	28187
11610	254	13417
16869	278	29833
19932	325	15234
16462	295	11264
15515	254	20666
13145	325	13108
16635	325	14191
18777	325	18281
27073	325	20452
17208	263	20248
20090	268	13417
14671	246	11258
20317	258	14996
28808	318	14727
16582	254	20248
14260	325	20572
28772	254	14916
15354	254	14136
28395	258	18217
18809	258	25807
20266	288	20115
17425	325	13960
12743	263	27631
11206	254	28149
15704	258	12958
13092	220	28734
11071	288	29135
15730	325	13278
27723	325	13470
18313	325	11213
13858	271	27300
16728	307	16673
19888	231	10538
10635	254	17897
12151	325	13680
17799	325	17139
11592	325	26724
20380	325	10563
29399	325	14286
28538	307	10607
26037	288	17360
27908	325	16388
27932	288	26757
20595	325	25574
12808	258	28089
15925	254	28149
19160	278	14494
26248	325	28272
17962	275	25659
16884	223	15134
12304	288	29320
20428	307	14963
19320	325	18606
20454	258	17635
29746	281	12043
11568	325	28072
20033	325	15307
28237	325	11537
29791	281	12020
10621	325	29998
16525	325	14458
19260	258	10986
26777	325	19971
17295	254	13185
12294	254	11554
26419	288	26043
13233	325	27848
13009	258	16388
17764	288	20428
10957	216	17802
25755	325	18542
13283	288	16728
15424	251	10582
16959	325	11085
26476	252	20507
20108	294	17324
12188	258	13108
17235	288	18931
27976	254	11461
26650	288	27361
13877	325	16874
26433	268	26033
14741	325	11917
20596	325	16789
19061	325	18810
13782	254	18550
26238	288	17992
11926	227	27081
11527	325	20290
27836	325	20930
11725	254	14136
20970	254	12871
26838	278	14611
11954	258	25733
16274	282	28112
14083	325	17139
19232	288	18840
27275	325	26713
20851	325	12076
12470	254	17698
16954	300	26969
17847	254	26371
14989	325	20298
13443	288	12662
10679	325	27732
19482	325	12244
13509	325	26386
17121	254	16685
14576	307	26478
26385	325	26970
14324	252	12075
26612	254	11901
12066	288	19719
28157	325	20115
29863	254	11608
27905	288	27712
15473	325	25529
26497	325	25602
15197	220	13521
17150	271	27314
14747	254	16685
12353	268	15456
28458	254	18007
17207	252	15990
14919	252	19270
18300	325	20636
14938	288	28236
12413	278	17300
16763	325	20022
15465	254	28149
11971	325	13723
13115	325	13072
20666	300	12582
18545	325	28460
11599	325	27361
27279	325	12076
14643	325	18726
19651	219	17643
27191	325	14831
19375	325	18530
10797	254	17640
13798	325	29941
20893	325	14099
17315	325	17635
14286	263	14247
27542	325	15574
11503	268	19850
10950	278	26878
10960	325	28607
14772	254	13185
29694	254	20248
10520	325	20522
28024	278	27059
25936	325	13385
13213	325	28045
25501	258	19328
17438	305	18795
15780	325	19992
13049	246	12592
19956	288	12297
12267	325	20636
18682	325	20219
10509	278	26348
11343	325	16492
12639	325	18726
17271	325	27473
29508	258	17494
10665	257	17609
16882	223	29371
11982	325	10943
18488	227	28283
13000	288	18571
16800	254	17897
27938	252	26932
13595	258	25662
11386	325	10932
25543	223	13645
15301	325	20609
27425	288	17992
20980	268	26188
17956	252	19327
17755	325	18104
20780	268	26759
15644	278	29833
15898	325	14075
26408	325	13121
28878	325	10595
17164	257	28345
16750	325	16614
26002	317	13185
26869	263	28149
29177	325	12500
10502	258	17314
29761	258	20452
29969	325	17494
20588	258	14458
15443	254	11554
12202	325	10642
26929	325	10595
16007	307	17603
16540	288	16824
13014	325	10595
19735	219	17897
13537	288	17139
28261	288	15028
28152	231	20989
15781	268	14700
18313	254	26188
11587	258	26589
26664	254	29763
25631	325	18068
29002	258	20782
13234	294	14984
20614	325	12243
11019	325	20522
26532	278	28053
12581	325	15697
13938	325	20551
20448	288	13773
25844	325	29546
25869	325	12244
27387	325	26386
10886	325	11734
20450	311	25930
15942	325	28579
17175	220	14085
14245	325	11031
17099	271	14457
27388	254	20666
12462	258	20590
29642	325	18362
20199	325	19020
27741	325	15198
14031	254	18880
11622	220	18407
11614	219	14126
20163	258	27266
27089	325	25516
29583	223	28916
20397	258	13376
19990	252	20568
13492	254	28149
29580	254	11608
20204	325	19465
18147	317	19733
17535	325	18492
27352	317	16479
26474	325	12076
10945	263	18880
14938	258	27473
18886	268	17603
11113	281	29682
16606	282	29765
17627	325	18726
18333	325	19565
27932	288	18226
28318	325	18797
27802	325	11179
29423	325	10986
28952	214	27147
26337	325	13966
12762	254	11901
26716	325	19904
11171	258	25802
27212	325	19719
20517	325	18226
28588	325	14075
27329	254	11996
25960	325	18070
16049	268	20229
17155	268	29125
27713	288	11772
29072	325	12184
12574	288	10792
29372	325	27846
26578	325	13470
20963	325	18887
26550	325	11044
28044	214	26252
12910	214	27340
19093	288	20078
18025	325	26575
28643	271	28025
29330	325	18931
26275	278	18887
26828	223	19880
16082	325	12910
17600	325	11002
14941	263	14658
16139	220	29307
26153	257	28054
14589	305	17877
27896	254	11901
20784	213	29341
13879	305	12404
10677	325	20022
29946	325	14075
27721	325	18577
14743	325	29926
15433	288	11778
16662	325	18639
26204	325	28089
27532	278	28791
28980	325	17494
19923	254	13185
14015	288	13309
18646	231	16136
15207	325	11526
15123	258	29617
29413	325	15744
20142	278	29546
17703	282	19513
18538	271	27841
18954	239	11901
29247	325	20930
20271	254	14459
15657	216	27442
16087	280	16460
13815	288	28551
19634	268	29763
18515	325	25733
13071	325	19676
28355	278	17360
27164	288	20545
16842	239	18550
20618	325	27473
17092	325	13278
14097	254	20248
18473	216	29961
29942	254	17897
25919	325	17460
28832	254	28149
20343	278	15724
13719	288	15307
26426	254	14459
27440	325	26878
14172	254	14126
14581	325	17139
15177	325	29789
16031	325	14625
11616	268	19008
19907	325	12500
28683	325	20636
17746	278	27902
20603	325	14376
13904	325	16471
14687	325	13773
17179	227	19774
11331	258	12076
25501	288	13376
29678	258	19228
28619	231	14508
20760	288	27473
13297	325	16824
26841	258	29789
28617	254	16685
20875	325	16942
29423	325	28976
14506	325	15492
12929	258	19719
12527	219	28149
12211	325	15234
11574	258	20808
19477	325	10595
11074	288	16824
25879	325	19889
20137	254	11900
16348	300	12828
15759	216	10941
27560	325	10942
16699	325	11772
27099	231	12925
11141	288	14075
17507	325	17554
10503	280	17397
12846	307	11092
20838	211	15424
10697	325	19328
27024	258	17300
11203	258	18352
15379	254	17814
18624	325	16824
18373	320	20666
15309	280	12112
15433	325	19135
28092	263	20248
15456	265	28336
29635	254	28149
27299	280	17292
28400	252	17069
28377	268	29442
29591	325	11786
27344	325	26589
11512	325	11786
27770	325	15565
11872	214	14398
19537	325	18797
11232	325	17021
15869	325	26322
26009	325	28504
12445	231	18538
12236	278	13773
17887	325	10595
15656	325	17796
12100	252	15777
20658	211	15424
17418	254	14658
17114	254	16171
26465	268	14658
17152	288	17314
14569	325	14922
26344	288	20219
15160	258	15744
14122	325	18104
18536	325	16726
27967	325	27080
28463	325	20871
27000	288	19561
15641	325	25807
18944	254	27044
25999	231	20620
28417	235	26625
29002	254	28149
29261	279	27924
16923	257	27359
12179	327	20594
16508	258	20022
10900	257	19644
11446	325	28217
16642	281	14457
27491	325	27948
28049	278	25955
18219	325	27983
13010	325	16962
27833	325	10563
28763	325	11085
17130	254	16171
12728	268	26809
11401	325	18124
14398	325	18281
11438	254	11504
28678	278	26970
17764	288	11717
27611	254	16171
25915	258	16726
26065	325	17992
12369	325	27769
11189	282	25723
17531	278	16388
12433	254	17877
19326	254	14459
16096	288	28092
16449	278	25602
27548	254	11608
27809	278	12910
19027	239	17249
26095	288	27377
17848	325	15180
27723	325	12500
14154	239	17204
13698	263	12865
29924	271	25685
29505	325	12244
16682	325	29319
26133	222	16348
10559	258	15359
15507	254	20248
28905	307	11996
20995	258	18988
12911	279	27924
16547	231	29684
20396	258	27080
27826	254	28030
19525	325	16942
25726	325	16726
10620	325	19565
11283	258	16728
28560	254	20666
12269	278	13072
13247	325	28500
26051	254	14658
14622	325	28053
17695	288	28236
17488	325	16492
26540	254	20139
16262	282	20167
10507	278	16892
17893	258	26713
12457	325	16388
27412	325	20115
14960	261	14593
12982	254	13185
12065	325	28805
20954	280	29451
12288	252	25974
19538	316	11897
18788	325	29743
13606	325	29390
29896	325	26451
11128	254	19521
25596	325	16235
12677	317	11901
13194	321	10539
12811	220	27586
27038	254	20129
18172	254	10539
11088	217	14588
29241	252	26446
11455	325	12643
26620	325	13816
20473	317	19850
12176	325	11213
14398	325	19889
16620	325	20022
14314	325	12910
27856	254	16685
19709	325	12500
11999	307	14459
29066	325	26928
15091	254	14459
29280	258	20171
20280	305	18795
29457	278	28541
12410	325	26043
11550	223	19196
16749	254	19243
29840	252	20694
13073	258	29739
13752	325	28045
29483	325	18840
27215	325	14276
27722	217	18001
18435	288	19465
12010	254	14126
18839	252	14610
20949	326	17931
28424	325	20115
16896	325	13723
19587	252	12628
29028	325	16235
26889	288	27569
19419	325	17278
20007	254	15456
15313	216	27442
28439	325	18226
16638	325	13723
29782	325	13872
26988	278	26043
14890	254	27404
29409	258	13084
12928	263	12871
11845	325	14458
28522	278	13072
29101	282	14563
26900	258	10652
16551	325	13680
12757	325	20298
17441	325	11068
17758	325	25529
26294	325	10595
28401	325	10943
20661	325	13773
11908	278	18362
11918	325	19992
13421	258	28053
14783	325	29220
28780	325	19328
28544	252	26872
26213	325	14611
15215	223	16212
13578	325	20930
26431	325	14855
26951	288	18104
15231	254	14136
17437	258	15417
15140	254	14136
15391	325	16492
20787	254	12871
27601	254	11901
11954	325	27983
15368	325	18797
18779	254	25922
16313	325	16270
15116	258	19328
20412	254	11901
26791	325	25602
18561	280	16554
14100	325	18810
28816	282	19410
13590	288	28222
28725	325	14799
25846	297	10656
29033	325	19676
14440	325	17360
12203	325	19335
18613	254	14459
27306	325	26757
26660	278	15180
11972	288	12820
25656	325	27769
25697	280	28243
20694	252	20141
29947	325	29833
15491	325	16824
11071	288	16235
10969	325	28976
15758	325	17966
17473	278	20636
11203	325	18362
14577	325	19420
29848	261	11897
18978	325	27848
15770	325	17307
27405	325	25802
20711	325	13130
16502	254	12871
27515	325	16874
12653	254	18007
28539	325	16942
20065	288	26179
28985	325	11085
15160	288	15180
15480	254	26188
13538	254	14126
18151	254	16685
16677	252	15197
17473	278	11004
10962	254	28931
26036	280	10503
17218	254	29393
20817	258	29743
17718	325	18931
20100	254	11901
11845	325	10943
17998	323	27889
15026	288	14465
15926	325	11734
28779	325	18036
29764	325	27848
14324	258	19020
10773	308	13893
20146	325	26724
29696	325	13588
29403	254	20248
29493	239	10796
11225	325	20930
12259	325	29789
15604	325	16614
17704	288	13470
28098	219	29125
16148	263	27301
27724	325	12928
29492	325	28849
12057	258	27614
19102	325	29259
16821	288	12076
28032	325	28072
14442	258	25551
28033	325	12910
13761	254	11901
18040	325	29743
18177	254	12404
28114	278	18797
20966	325	26713
17484	325	20219
15209	278	18744
27989	268	14658
20426	217	17549
26650	325	27472
28830	258	12820
27480	325	12846
20506	258	20428
25536	217	11755
11244	257	18467
12140	280	11788
27519	254	20248
11238	254	16657
12771	325	29579
16925	254	29832
19956	325	20522
12110	278	16728
27535	325	16432
26419	254	20248
29019	325	16388
20261	325	20169
20835	220	19646
26275	325	15180
11159	252	19674
27046	278	14075
26163	239	29763
27502	223	27202
15433	258	11778
27669	254	27044
29170	288	15654
19923	258	13030
18918	325	27712
13589	239	15607
27550	325	26878
15656	325	27805
19123	254	29443
13590	254	20248
27129	325	27569
15371	325	29751
16317	325	17139
12030	325	13030
18548	268	20248
16552	325	15180
11719	254	17814
12531	231	29796
20483	278	15106
20161	288	12076
28030	210	10539
18639	214	16542
10966	271	14982
16343	325	11085
12966	257	26151
11396	288	26928
13068	254	25637
19623	288	10730
19197	280	19159
17288	254	16906
25646	254	11579
19275	252	29480
27550	325	10986
15295	280	15836
16259	325	28579
18974	325	28500
29523	325	15907
13895	325	13495
18867	325	10906
17383	258	16269
19456	258	13470
20180	254	17303
14769	325	17651
29968	254	14105
19780	325	29546
27746	325	19719
18903	325	27361
14493	231	16080
14936	325	13121
26946	258	14494
27661	325	29941
15634	325	18744
28765	325	14372
17328	254	11854
11254	288	20338
10879	307	15459
27147	278	18639
14296	325	10716
14610	252	18616
20323	231	28150
13464	254	19850
29187	325	17992
19401	254	14658
15925	325	16824
17054	325	16728
28539	254	20248
27281	325	17360
16559	325	29998
15571	254	14136
18435	288	26878
14529	278	12500
25993	278	28791
18591	254	16171
19903	254	25922
13869	325	13278
29669	325	29546
13000	258	15075
27985	288	29135
28643	280	20399
28058	325	18070
26918	254	11579
13012	325	13376
29734	254	11901
17480	254	14459
14420	325	29998
17821	258	18797
27418	288	25574
27771	254	12871
17879	325	12958
15181	325	25602
25596	325	20590
18469	325	29998
29213	325	25602
28624	308	27203
27339	254	19051
28200	325	11872
29027	288	10943
15796	325	20808
16324	280	20915
13243	220	16325
11802	254	27044
17180	258	20636
27008	258	29998
16686	325	18281
16237	325	11085
26960	219	10796
10969	288	29743
15310	325	14922
13299	325	27900
17358	278	16726
27190	325	29047
17600	325	27732
27162	325	14922
29113	325	29579
14968	325	17635
12516	325	14771
18970	257	27359
27023	288	27473
20577	268	12871
26449	325	29899
26443	325	15198
14074	254	11606
14838	325	16874
11822	325	17634
25780	325	14782
28553	325	15075
16674	278	20930
28523	325	19228
13521	252	18628
16820	325	14458
14698	254	17303
13880	258	10563
11978	278	11778
17435	325	14372
11534	258	26179
19062	268	18490
17716	325	26179
18943	325	17360
18433	325	20974
16416	325	16824
27768	254	20248
26019	325	29047
18333	254	16685
19303	254	12404
20278	325	25662
19400	220	17898
28775	325	12520
15186	254	14136
13016	254	28149
14367	325	20636
10977	325	10716
19033	325	13723
26791	325	14458
27278	325	17314
18215	258	12361
26393	263	29767
20650	273	26713
13204	254	29763
15763	288	16942
20950	288	14376
12658	254	13185
18788	325	12520
14751	257	12497
11934	325	25802
16359	288	26386
29402	325	16388
10676	254	28795
18503	258	18571
13117	325	27902
16428	325	18988
19853	288	20115
18131	220	29478
20155	325	20286
26579	231	15382
19424	254	28931
29866	325	14689
16382	220	26680
15548	325	27983
18609	325	13130
26088	278	16388
15016	288	20338
20559	325	25733
26847	258	14611
28495	325	18726
17614	254	16065
16050	288	20636
28155	278	18931
29335	257	13352
12356	325	29579
15828	282	17972
11040	223	18749
27441	254	28149
25534	254	11199
19621	223	15691
27550	288	12105
20771	325	18797
16123	220	15596
29992	325	20522
13973	254	29125
17909	254	16685
20576	254	10796
18866	325	18070
16953	325	16874
14530	278	13872
11450	258	11084
28024	258	15180
10694	325	27743
14328	278	12662
14025	325	27738
14958	254	11199
27796	288	25619
26196	258	20063
25702	325	13376
12290	254	20248
28672	258	27848
17859	325	26881
12260	325	16942
26629	325	27080
11302	298	11551
16047	325	27361
20143	325	10932
14324	288	19957
14420	325	14611
25521	258	28527
18348	258	20169
26311	325	17652
28247	254	29881
29086	255	20796
15534	288	25586
12803	236	11901
10953	254	17178
11352	254	28149
12861	258	27569
11628	254	14459
19235	325	13908
13160	288	14611
13147	325	17625
19756	254	16171
29392	325	27473
20012	271	17251
20515	288	25619
19925	231	16181
17263	325	28089
14566	227	27635
13617	325	20551
16587	325	27390
28144	254	26297
12436	220	11023
25587	288	12820
29807	252	29007
19593	324	29682
10803	325	20930
27038	325	26767
14091	258	10898
16222	325	18281
28389	325	19885
10540	257	19513
11111	297	27335
15967	325	27738
12612	254	13185
17754	254	17897
16972	254	27044
29346	325	20219
16088	254	29661
15579	245	13483
12214	278	20551
13717	258	20171
11699	325	11144
14355	268	11608
12364	325	25602
29938	258	10606
17658	268	17897
29826	254	13154
26474	254	11901
20222	305	27350
26766	325	16235
20081	325	19753
19593	240	11113
11967	325	17278
14932	325	18797
17995	254	12871
15684	288	25733
11645	254	13417
12342	258	29546
19434	288	27361
29610	254	14126
20433	325	14782
16522	325	15089
29109	325	16874
27415	254	25742
13983	278	18639
17861	258	28596
14471	325	29579
18928	325	12243
29845	325	28236
19363	307	28438
13614	325	10680
29162	288	25602
26810	325	17645
13498	325	19840
13704	325	15697
14860	325	10652
12346	325	14611
11673	325	10730
28197	325	29259
26462	220	14362
16572	325	14633
15016	288	20219
15296	254	16811
16842	316	27439
14503	252	13709
27315	288	27747
18822	254	19979
17860	325	19565
29953	288	17139
15217	254	20248
16004	258	12869
18315	325	10595
17904	325	17300
12519	258	12500
19405	280	12343
15581	278	14458
19586	325	12244
10946	325	14372
27061	305	20379
27302	325	14625
29514	254	14548
20446	305	19979
13873	325	16195
12463	325	18892
28803	219	11638
19754	325	13872
20856	288	28045
26511	254	17897
28014	288	29546
29512	325	18104
15170	325	29751
11804	325	27805
29303	254	11901
10911	219	27044
27567	254	17897
13387	220	26940
19737	325	11085
26527	289	11273
20310	325	15180
16593	243	11901
17105	258	12500
28850	325	27149
18307	254	10796
13135	325	27848
15016	258	20219
27110	254	11901
11203	258	18860
14412	325	13376
17932	235	26188
19200	325	18988
14225	281	15157
27686	239	13808
19897	305	27075
29188	258	28089
20980	325	14917
16461	254	12871
14478	258	17800
28313	254	12871
27630	254	11901
15071	325	29546
18725	325	13121
16770	325	13773
28318	325	16728
12146	280	28453
20735	268	14459
19018	254	13096
19280	325	26043
13689	252	27558
28572	288	15697
28567	280	20034
19792	252	16677
25687	278	15383
27418	258	12846
16401	282	27057
16229	325	13843
26078	271	12043
29418	258	26724
18705	258	15492
15668	282	15602
12608	325	17826
29605	252	26378
14635	325	29488
12701	258	10563
27428	258	28527
15765	325	29789
16383	254	17897
13261	325	28053
20914	307	14459
18545	325	18362
17286	252	14859
15409	258	28338
25684	254	14658
29705	268	14136
12160	325	29899
28495	325	26724
28526	254	10796
29266	252	20639
15457	325	13278
20299	268	28751
11457	220	29255
26274	239	27350
11826	278	20636
26399	325	16824
28332	254	16171
26255	220	26832
12116	280	15001
28145	325	27177
10588	254	11608
16316	231	19547
18517	281	29850
17308	258	18070
28902	325	18054
27377	307	11554
29994	252	20869
26077	254	29308
26337	325	18988
16596	278	17992
17990	325	20808
29204	282	14146
26632	315	11938
12522	214	17471
17885	325	10986
20936	325	19889
12988	220	26489
27513	282	17993
12951	305	27350
13867	258	14839
18477	278	12274
27103	325	20609
25507	252	25541
15040	252	11292
17522	258	14072
18155	325	18104
15243	271	28297
27679	254	20666
14437	325	19561
27609	268	28583
28017	268	20611
16262	297	20167
11561	271	14004
18969	325	27632
28630	254	13185
17960	325	15492
17865	281	20113
17193	325	25619
26128	282	17370
14976	254	13602
17867	239	12853
16829	325	10942
28983	252	11753
18195	254	18418
20192	325	29319
14504	325	26724
27240	278	15724
29950	325	20032
25815	254	18007
13803	258	12500
28248	325	12958
13327	288	14458
15841	325	12820
12821	271	27300
13028	254	12871
14627	325	20022
14565	268	27350
17414	280	18692
29922	254	13239
25725	325	17651
19082	263	16657
12059	325	13723
27627	258	25807
20813	325	20636
27292	325	20032
20766	325	28053
14911	306	14321
26885	325	27473
28882	252	15904
11735	220	29234
27569	214	17023
13250	264	29811
14669	254	20248
11339	325	11085
15408	325	27902
29998	214	18023
12590	325	18362
26543	268	17897
20798	325	16235
13338	254	11863
19525	325	18606
26825	325	19328
28188	325	19719
26800	325	12788
27050	288	13773
15378	325	13773
27197	220	29456
19342	325	18840
28210	258	13376
16710	254	29125
26799	278	29751
27786	231	20340
15695	325	17458
16754	258	27983
19679	231	20905
14939	254	14136
16279	325	16495
15723	282	28907
29708	254	12871
29424	325	28184
18020	252	28802
13896	252	26342
13582	325	20298
19568	242	16523
20461	239	11797
15801	325	11951
26886	325	15106
16198	282	19410
16542	325	13495
14554	325	13588
26244	325	10652
20817	288	16148
19723	258	13872
20181	254	28149
26008	258	11085
26929	325	12822
13825	325	20930
20704	222	26100
15756	325	18988
16702	231	14227
14628	325	17139
13327	325	17021
27907	254	20666
13682	325	18104
20310	325	13072
18210	325	25619
17341	323	25971
29919	325	29998
26841	258	11786
17702	222	16348
18585	325	19885
11293	325	16471
19157	305	17186
13729	258	20551
14945	325	19565
12846	214	12203
15228	254	16811
29385	325	16495
26877	300	28437
29188	288	28089
12845	254	27044
18622	325	18707
15780	325	11811
19833	254	28727
17957	254	14136
13338	325	15396
27103	278	13872
27727	325	14072
13388	325	26836
27811	278	14372
29289	325	12662
12444	325	28236
13357	288	26878
16211	288	15234
10992	239	13808
12463	325	29142
17170	268	14126
29571	231	17195
17204	239	11458
19650	325	29220
28959	268	11996
14375	325	29926
10713	288	16235
19518	325	25574
29726	231	10832
20614	325	15712
12419	254	29881
20888	325	16874
11704	278	27769
20064	325	27902
27263	278	16235
29428	213	14849
20462	220	26318
27699	254	19850
13396	288	27743
26296	325	14611
20044	325	25574
12674	325	16824
29572	325	16471
28022	288	16432
11916	288	18639
11738	325	18797
13614	278	19565
10637	254	10590
29139	268	14658
19017	254	14136
17236	325	14633
13912	325	20782
10885	325	20609
29734	325	12076
18357	254	11901
27074	288	25619
15301	325	20022
20097	325	20522
26945	288	18726
29993	325	18625
20538	294	25608
10530	294	15288
27137	252	16358
16306	220	16949
20592	254	20248
11338	254	28149
27679	268	27350
13077	325	19328
12618	325	29998
26878	307	17239
18756	325	13723
28711	268	29442
16380	325	12820
27994	227	12103
19548	325	12820
20333	258	11951
26753	325	29941
26454	325	20609
20773	254	17897
19769	278	12500
20799	325	27080
13858	231	18783
13848	307	14105
16035	325	11031
20759	325	11144
12574	325	29751
12657	325	16388
11141	258	16726
26335	325	14839
27632	263	17897
18768	278	15724
20425	254	12871
17680	325	20782
11627	278	15883
12444	325	27473
26706	325	18226
19011	220	20713
15431	325	10680
17813	263	29763
29252	288	16345
12831	325	29899
11921	278	29546
16302	258	10595
29405	278	13848
19354	325	18104
12401	254	28149
11728	300	27284
18320	325	29739
20760	288	10932
10507	325	16270
15439	325	14625
25727	254	12871
25571	278	29751
15722	325	17139
20936	254	16171
12004	258	26179
12337	325	13278
26263	254	20248
20962	245	13483
13292	325	13773
15062	271	15776
11712	278	19465
14723	254	13185
10974	258	16270
20760	288	26878
28214	254	17814
12692	325	11085
17335	325	16728
25610	325	13278
13268	254	11554
20453	226	12382
19929	325	20022
17501	325	13278
12833	294	12082
20213	325	15180
17810	325	15180
28903	325	15562
15485	325	28976
19316	281	28090
12338	281	18827
28431	252	28166
13913	325	12076
11360	325	28500
19732	325	18281
16939	325	29941
28298	288	12822
20929	325	29220
20478	290	27924
26577	325	18988
26496	325	13723
28794	317	26205
16590	325	12491
26252	325	12512
12999	325	28805
12056	235	28751
29459	254	14126
27402	325	18104
11649	325	20022
11407	252	28753
13724	223	17604
15183	325	20022
13889	258	13773
10634	268	26217
28651	325	18988
29268	263	20173
28206	254	13185
14476	254	10796
12420	254	11554
25913	325	26713
11963	325	26350
18468	325	17278
18980	325	11526
17036	325	18988
25629	263	28790
14350	268	28727
28163	325	16471
19499	300	29429
10774	288	25602
17276	325	11084
15022	254	11901
12108	325	27983
10977	254	20248
25530	325	29744
29297	325	15883
19284	325	19840
29653	325	28089
19549	325	16874
10929	254	11551
15485	254	14126
27842	278	11084
28290	325	15396
18394	306	26980
20210	325	12164
17878	297	18913
15598	254	14459
26109	220	11051
19984	325	28184
11802	325	27747
29167	325	25551
29932	325	11734
18503	288	25586
13375	254	10796
18225	325	28045
11897	230	26169
19745	288	10595
13859	325	20115
13878	325	10932
12230	254	11901
19813	254	15456
15970	278	27902
17846	252	19139
25832	325	28459
29596	325	15492
12633	325	14625
15850	252	17199
27867	220	28556
19643	325	20115
26395	268	11901
15963	325	27361
16012	258	18707
27456	325	14633
20643	271	20359
15769	268	10796
10544	220	18570
18594	325	27902
18632	288	11085
16063	325	16492
20577	254	12871
18534	325	25551
15497	268	15134
26352	288	28976
29051	325	20115
15424	211	11336
20967	216	26883
18516	254	14658
29239	254	16065
13891	325	29751
29477	254	11901
25640	288	28791
20128	210	10539
27923	294	19991
14740	254	15134
29988	254	16171
11419	254	28727
20566	261	27288
13718	254	17015
29986	325	27902
13497	325	18887
28405	325	19992
19757	325	12243
10964	325	11778
26238	258	13932
26620	325	12076
14436	280	17738
14241	288	15744
11715	325	10563
15260	325	20219
17338	252	14814
29519	220	18049
18138	278	27569
13849	325	28044
14237	325	14941
29110	325	14372
13258	325	17635
17099	281	14457
26671	325	28045
27510	325	13276
29246	325	20032
16028	254	11554
26557	325	13030
13236	263	20248
25860	214	14766
16358	252	28802
17668	280	13355
29111	261	11315
29943	278	18797
14063	325	20991
14460	268	20248
18805	254	28727
18789	263	28450
26219	325	15028
16822	254	14459
27086	316	19538
20337	252	19240
15608	254	19967
15796	254	20666
26954	254	16811
27552	254	20357
13818	325	15180
11065	258	16726
20576	325	17278
10937	294	28772
27370	325	13072
18729	325	10636
14004	268	14136
15556	325	29899
16925	325	26043
25977	268	12871
14866	325	15307
17114	325	20574
20780	288	29751
19824	325	14633
20208	254	16171
27560	278	27569
20025	216	28403
27014	288	26179
11924	258	27361
18082	288	13773
20003	325	19335
12705	325	11179
13299	325	11772
15016	258	20338
28572	325	14611
28305	325	15744
19567	325	16787
29801	271	17273
26612	325	20032
16668	254	13168
13000	325	15075
25888	325	26724
19914	278	12076
18881	266	19164
15507	278	13470
12062	325	13121
28764	220	14993
16381	222	12725
16148	307	27301
28086	325	17494
29324	254	20666
28006	325	14072
28258	325	15396
25633	220	11718
13716	268	17897
27932	325	16824
17234	325	14869
28024	288	27805
11570	258	26386
14867	271	15157
14823	289	27400
18663	278	16345
27048	288	12244
25505	258	14458
26843	254	17897
12280	325	18226
11941	214	27823
29149	219	12828
27310	325	20032
15829	325	11917
29347	325	11084
11329	325	14611
28375	325	14458
17986	325	12869
16204	252	16092
12059	325	25602
14534	217	17686
25924	325	29546
19553	325	17825
12125	280	16018
18801	325	18899
11478	325	18931
15058	258	12820
12929	254	19850
18459	325	26878
15009	222	26100
13681	319	27404
29439	252	16904
20808	263	11554
13002	325	26878
11493	220	15794
17614	254	11863
13920	254	11996
14902	254	14136
29849	271	17993
29317	325	13588
28913	257	17455
15857	288	19565
29543	278	10792
20395	254	18880
28313	325	15712
16770	288	13773
13775	325	29941
16482	325	26043
29116	278	13781
28125	279	27924
18776	325	26970
25614	325	18331
18638	280	28577
26008	325	26386
17525	325	20290
20699	325	15028
27804	325	16962
16397	325	19328
17725	217	11236
28320	325	18726
19814	325	16728
16787	307	28218
29460	278	18726
15368	258	16728
12002	325	13470
26851	254	14459
12394	325	13470
13196	325	16235
18479	268	11608
17784	254	12404
27911	325	28909
20648	325	15712
14601	325	11526
13840	325	17554
26053	258	27473
26218	280	16324
28936	325	16726
13820	325	12491
10519	325	28053
28550	325	29833
13801	325	15574
19518	325	17139
17353	261	26572
29392	258	27769
13270	325	13848
11088	217	14819
15285	288	12244
18032	325	15636
11907	325	13470
14977	254	11638
18984	230	18984
17615	254	15134
12557	254	27075
13601	278	12076
27983	214	16754
29602	297	18455
19375	325	12184
14650	254	11554
10759	231	28398
27591	252	16720
10536	325	26179
27869	325	12846
27545	254	11863
28100	268	25621
18631	252	18717
12477	325	18054
19131	325	20219
29415	288	28089
19079	231	11056
26415	219	17897
11891	219	17897
14925	288	26928
14853	254	11901
27355	325	16492
18883	273	27141
28389	325	26127
20260	325	26589
18027	222	14193
27558	268	29393
13051	325	12164
19140	288	13044
17553	219	14043
26805	325	20930
16715	325	10682
13722	325	12928
13738	325	17139
19783	325	19465
18343	254	18880
13484	254	10607
16100	325	27848
17984	325	12428
28264	325	12788
18124	214	26162
20412	325	20115
12305	325	13376
13719	254	28149
16061	214	16508
13526	325	15727
18737	254	17640
16820	325	10595
20203	278	16874
29036	223	16212
18327	325	15744
14809	325	17314
20756	325	26878
17037	325	18931
13799	258	12037
16419	278	20794
29276	325	29259
19668	325	14697
16862	325	15697
17176	325	17360
10778	325	27747
16177	325	17360
25853	325	20428
17522	258	16728
10835	261	18808
18546	258	10595
12499	325	19020
26739	254	17331
11897	315	27909
29981	271	15525
17068	217	28782
13802	226	28128
25696	325	20820
17930	252	28764
28532	254	19850
15340	273	16450
17003	220	29688
19177	325	16942
10735	258	16450
15713	254	28149
28114	325	27177
10519	325	12520
17997	268	16171
11460	325	28222
20970	258	25802
26040	254	16685
20754	279	12897
25591	325	17554
27131	254	26769
12198	258	14771
12220	325	18036
15296	254	13185
11665	254	11901
19449	230	25866
12039	325	28739
20525	254	10796
19510	254	11901
15134	300	15671
11339	254	16685
18057	325	12500
16865	280	28475
15956	325	27805
10841	254	11996
28555	325	12500
28418	325	16726
27761	254	20248
26419	325	20636
26701	278	13773
28281	254	17352
25873	325	29998
27794	227	27394
17106	215	26361
29877	212	13049
13552	325	19942
26851	325	29259
18481	254	17897
11592	268	20248
14662	219	14043
12313	325	14917
18976	325	11999
26304	325	14276
14498	278	27876
20532	325	19719
25779	325	13843
16708	288	10595
27570	309	11631
17266	325	29579
13228	278	28045
26635	325	12910
15176	325	26444
29904	219	26297
15860	294	15618
29396	258	13773
14395	235	20594
26963	325	12105
14672	258	20930
20312	278	19565
11886	252	13103
12739	243	26049
17371	325	28976
12517	288	19563
29251	254	11638
20214	258	18639
15219	325	17460
20899	325	28527
17229	325	15727
15369	254	20248
20921	231	17096
20232	258	27900
26354	325	18899
17039	254	11901
28732	325	19328
18964	271	29850
16976	288	11266
20137	325	17635
26959	254	20666
14897	258	10563
29009	325	12500
25846	323	25533
16717	318	12086
13192	282	11843
29227	325	14633
17493	288	28500
27874	325	27473
14305	325	15724
28382	220	13822
12818	325	25662
20044	325	12715
12127	322	17006
18133	325	28719
18243	288	26127
19905	325	18887
17554	307	17168
18871	264	13315
27538	325	28053
19240	252	20245
11937	325	27485
14525	325	20169
29166	258	27472
13766	231	15243
26608	325	18036
17784	325	18639
28402	325	15180
19064	325	12428
26409	325	11031
16137	325	20115
14245	254	16065
18643	325	16824
17282	278	18726
12886	325	14458
26468	254	26203
27355	278	12500
18415	254	11517
13454	325	19869
26561	325	15307
20588	325	28338
13357	288	15396
10620	288	29546
13488	325	25662
27698	325	28053
19660	325	12820
20181	325	28855
29433	220	27328
15144	252	12626
12621	254	10535
16780	258	27390
17253	278	26179
26772	254	16171
15368	258	18331
11515	288	17300
15385	325	28045
13265	325	28338
14213	254	16065
28420	288	27569
26360	254	17897
27646	325	19465
29210	252	14229
27112	325	18810
29075	325	15727
15194	263	12190
11196	325	19516
11525	254	16811
11456	239	12466
28005	288	19753
10907	290	14606
15170	254	26720
13164	220	14664
27154	254	12404
16324	231	26218
25821	325	14075
25985	325	16471
28565	254	15134
26674	263	10796
12766	252	15324
18113	288	20551
18259	325	19565
10993	325	13470
16933	288	11537
11891	294	29159
17532	254	17640
17661	325	17796
11722	294	16305
15289	258	17796
15118	325	12243
14293	254	13168
28744	254	16685
20801	268	11579
16118	325	16090
28367	325	28045
14816	259	29411
15795	325	18036
20448	254	29125
19303	288	28607
15006	288	18988
29181	325	13781
17711	220	26005
19523	325	18797
26989	288	26984
25884	288	13278
20383	254	14126
11795	271	12043
26362	325	25619
29723	220	29301
18618	288	16388
27162	325	28500
28948	254	28149
14761	252	17203
17778	254	12865
18267	219	11901
29437	325	26740
18227	323	15508
19040	254	11901
16293	254	11901
19338	258	16726
13839	325	28045
18770	254	10607
14864	325	29998
29588	254	10796
11152	325	14191
26561	288	10879
26921	325	12076
29013	325	26043
20904	252	18720
26076	325	14782
18055	258	20219
18385	280	14361
25748	258	18104
14069	219	17897
16209	325	14191
17293	325	29387
19900	288	28579
10829	279	27924
17115	268	17897
27322	288	18217
14541	325	26043
19022	288	13848
25830	325	14458
29421	280	10538
18662	252	15496
18588	317	13670
27118	278	11811
29931	254	13185
11663	325	14458
27083	278	20032
10663	268	14136
11673	254	16685
20397	278	20574
27316	254	20594
17773	325	15106
16818	258	18797
20084	325	20794
26616	210	13518
29756	254	26188
26071	325	16345
29381	257	14008
19664	227	11447
14607	288	12076
27430	254	28149
15661	217	12492
18980	325	18639
28268	268	14136
26373	325	18281
29496	325	10932
29351	254	29125
26946	288	14625
10697	325	20290
13677	252	12282
18137	220	11381
18903	325	18639
13557	325	27473
25977	254	11996
28509	325	14376
20141	268	28329
26287	254	16685
26160	325	27569
15442	325	16728
29093	294	15079
14569	254	17907
20424	325	12820
13695	325	27848
12386	258	17966
11913	278	17635
26825	325	28184
29672	263	26188
26276	325	15712
19905	325	13376
20448	325	29941
29716	325	20794
14090	325	15028
10559	258	12910
25746	325	15180
13633	223	15134
15837	278	27569
19951	278	19420
18201	278	28045
14631	325	13680
27477	288	15198
26793	315	27573
15789	257	13844
11437	254	11996
19433	278	14465
28904	278	19465
18754	325	16824
11888	325	12076
25760	325	29259
28323	215	12979
28328	325	28500
20698	249	12587
26548	219	14126
16006	325	26724
26164	254	25621
28720	325	27059
16828	235	28862
12848	271	15157
11446	288	28184
16412	325	11778
12808	288	14839
11741	325	14465
27167	219	17897
12215	325	18931
12881	220	17238
13690	325	16726
19423	325	27918
11476	325	28092
27834	325	10595
20508	254	15134
28474	325	28541
28266	280	20989
19682	325	27059
27062	223	17643
29436	239	25922
20769	325	17635
18941	325	17139
29310	288	15078
29928	294	12660
15767	325	13376
27064	325	12500
17157	325	19971
11709	325	29546
15718	217	27991
18808	315	28512
26071	254	16171
20036	325	20782
29385	254	16065
28984	325	20032
18321	254	12404
28408	325	13121
20895	231	19808
26651	254	26548
19584	278	15492
29150	220	13580
16713	278	13376
11531	254	12404
25546	325	13723
12137	325	28460
29352	325	12522
18304	239	11901
28798	254	14126
13099	325	26223
14751	271	12020
28567	282	20103
29580	325	20930
29145	325	13680
16137	325	20290
19266	288	15078
19810	289	15632
27978	325	27712
29331	325	10595
29655	325	14167
10514	325	25662
14717	254	16685
29098	254	12871
28310	325	18797
10952	254	14105
12034	252	28554
19693	278	20032
27000	258	19561
28210	254	20248
10771	325	15492
16567	325	27876
13899	258	20290
28433	325	10606
16818	258	15359
19710	325	19676
16236	254	11900
15668	297	10675
17317	220	25542
11109	288	10986
10821	325	19565
12476	288	15883
20782	307	29909
20079	278	26179
13272	325	13723
18751	258	27983
25656	325	27915
25530	325	16492
13402	325	16824
15081	288	19228
29936	288	29320
12571	231	13124
11460	278	19719
13168	300	25997
13973	325	19135
19723	325	13723
29834	254	13168
14039	220	20743
10574	325	28072
11762	325	10595
26508	258	28045
11131	254	20666
20740	325	27915
16867	239	12871
20458	280	11492
26574	254	13185
20744	263	28727
20674	220	11404
29394	220	28361
13183	254	12871
29243	325	13680
20007	268	11604
26336	278	19719
12186	254	14126
11572	325	15234
28826	325	26043
12970	297	27735
12931	325	29833
12224	325	25586
28866	254	10796
28251	304	12291
11074	254	28149
15339	254	13185
28424	325	20522
16870	254	14126
14157	325	16492
29993	254	28149
20908	254	11901
13867	288	14839
12757	325	18036
17806	325	18797
13202	254	12871
13553	271	18898
20663	219	28727
15435	325	29899
19020	263	11461
16334	288	27902
17671	288	29751
17092	258	28089
27596	278	28089
29790	254	14023
29960	235	11901
26221	325	27948
25688	220	13122
28947	325	27569
18166	278	17521
15791	254	20666
17872	268	29817
28700	254	20666
20680	325	10563
27476	220	13647
11195	325	25802
17824	325	25516
10588	325	20032
27956	278	11085
14211	325	17625
29831	257	19750
27504	254	12871
27009	254	12404
17618	252	14609
11355	258	17825
15168	220	28618
29730	325	14855
15016	254	11901
17740	325	13872
19918	305	12871
16771	325	19135
11285	288	11686
25538	271	17273
17983	288	28045
13083	288	29617
15696	288	16824
15733	252	13386
15668	294	17567
27627	325	28045
18698	288	26878
12156	325	27569
13549	288	13470
29350	254	29763
19912	325	28341
11287	325	28072
29258	325	27915
14492	258	13781
17525	325	28092
26996	325	13236
10575	257	26619
26503	254	27044
14765	278	20219
16196	227	20112
13032	288	19885
28303	325	14922
26816	278	16235
16153	254	29207
26973	325	26444
11244	280	16181
12208	288	15565
27433	306	16230
28369	325	20298
16619	325	19328
13559	325	20609
14306	325	29387
15043	325	15180
14665	325	19228
29295	278	11778
14693	325	17825
26329	254	29904
20541	325	19465
19119	325	28805
17708	258	27747
11512	254	13239
29403	325	13376
28988	288	12820
17917	288	28551
28533	325	25574
28097	288	29751
20486	239	25922
14680	281	17993
18400	254	15624
10981	325	11084
18584	219	12828
13133	258	13966
28440	325	29899
16575	278	17458
29104	254	11901
27199	254	15456
11417	239	29125
16526	325	26386
26068	268	14105
18547	258	28341
18031	288	19971
15243	281	13392
13977	288	26386
10881	325	12910
11063	288	26179
28395	325	14458
27878	254	11504
11369	275	14662
27319	254	10571
15603	288	13376
12143	258	12491
16290	278	18571
12586	268	14658
14140	325	14922
17110	325	11786
17144	325	20636
19851	325	11085
14476	252	15480
17235	288	20551
28927	325	13376
14236	325	16874
18431	254	14548
26540	325	15650
27904	254	12871
25568	325	14465
20074	220	15304
15211	325	14782
27459	325	26724
27936	325	14633
28577	257	27359
12892	258	17651
19846	288	28236
25541	220	18116
29518	325	16726
10584	325	14465
29274	305	11638
16237	254	17511
26125	231	14680
20571	254	28931
13003	288	26836
11429	268	20248
15117	325	19561
13266	288	29833
20355	254	12501
13546	316	16396
17266	325	14855
12318	254	18880
19965	281	13638
11335	252	19755
14720	325	19328
13488	288	12910
19751	268	11551
12523	254	28149
20788	254	17511
17692	305	15458
28576	288	28460
19934	254	12871
13706	278	17314
18864	325	19328
17591	252	19394
13965	325	18036
16049	254	19127
26055	280	28943
14489	254	17640
17393	325	27769
20728	254	11461
28247	254	12871
10919	288	12164
15220	325	18797
17493	258	28500
11142	254	16171
12405	290	27924
12190	225	15547
13692	254	11461
10624	325	27805
13889	288	18988
10666	325	27805
26772	325	28053
18894	254	17897
16026	325	29220
20896	278	18726
29476	259	29411
25592	216	20626
19012	305	17249
17884	325	28236
29370	278	14465
29714	325	16789
27054	325	19565
28293	325	19719
17641	325	13723
18258	257	14466
29764	325	14075
27828	325	29220
26632	315	11600
19747	254	12871
15320	325	13574
20820	214	10673
11505	325	20115
10756	263	29308
15646	307	20248
12117	325	14276
16277	325	25733
14492	258	20298
12317	254	11901
12774	258	20169
29749	268	11996
17304	254	11554
27630	268	11901
26881	307	14459
17075	325	27848
28154	278	18530
16172	239	12197
19411	325	25928
28570	325	28089
29758	325	27569
16277	325	18726
13668	325	25618
27089	325	27614
28592	325	19635
14455	317	28931
16820	325	20032
28870	325	28044
26324	325	13376
12944	288	18070
27984	296	10668
25604	288	19328
26240	280	12688
16174	325	27211
15738	254	11551
28200	254	28149
12515	258	19228
13152	307	16199
13014	254	11901
14662	250	11369
18886	254	14126
20458	281	28158
26671	278	28045
13260	254	28149
11414	268	11554
28041	325	13680
13825	325	29743
13302	317	27404
25555	231	11660
27548	268	17643
28358	288	13319
16336	282	17993
13360	325	25586
16223	325	11941
29196	235	17897
27571	288	17625
11703	288	14276
27001	325	20991
12636	257	12097
26069	254	17897
26598	254	14459
20307	325	25602
16064	254	10607
12019	254	11554
25848	325	27377
29202	325	27902
13633	223	17643
16452	325	12820
19538	239	18884
20635	325	28500
12963	325	10943
16692	325	29751
16900	252	10786
27238	307	26830
16558	325	28184
16658	325	28909
13819	325	14657
11440	325	27805
17270	252	16877
13259	325	17458
20344	215	11744
17017	325	16269
19961	288	18036
11354	279	27924
13417	219	14126
27727	254	16811
12006	325	13723
28778	288	11179
19438	325	27805
16793	254	20666
25759	325	16393
10687	325	18226
12886	325	29220
19927	300	18506
15142	264	13005
20006	325	26970
28478	288	19222
19069	239	29125
19131	278	10595
14157	254	29443
28485	325	26724
28232	325	12491
28989	278	16726
12984	325	26073
25711	278	13470
12251	316	11579
14224	258	12428
12502	325	13723
18829	325	19561
29002	288	11031
12077	325	28045
15350	254	13185
10638	325	14782
29907	288	15492
13479	226	29850
28861	282	11737
14589	305	12871
11379	325	29751
11722	219	13185
26823	325	19565
17936	325	18070
14192	325	28541
27088	220	12539
11842	325	13130
17647	325	14839
20022	214	17105
14781	325	16492
19443	254	16685
11521	325	20609
18672	325	11734
11649	278	12500
10921	254	29763
12005	325	27080
20580	325	14465
27092	278	13072
16316	280	16782
20204	258	26073
26558	325	14075
13199	254	29125
11634	325	16454
15598	325	16824
14286	307	20248
29931	325	19992
28351	288	19635
10658	252	27100
13618	254	16171
29383	268	11996
19205	288	18124
16572	325	11917
25662	214	28428
25507	220	25541
26570	282	12653
11953	325	28791
16391	317	11579
13809	325	12076
18312	325	25629
12843	254	28149
11970	325	18899
17315	325	20636
29258	254	13417
20593	325	25629
14677	268	11901
18161	325	27614
18977	278	26589
13040	325	16235
12445	271	13269
28929	288	13030
13403	325	12928
12519	325	15492
12892	268	13417
27868	254	14459
29642	325	11085
28276	258	10680
19185	288	27712
12515	288	27473
14153	271	18898
15637	288	12431
27904	325	17826
26914	254	20248
18928	325	16235
12925	282	18746
16978	317	13185
26965	278	28045
17235	325	15028
15202	325	20871
13832	235	20379
28435	325	17635
20374	325	11266
14242	325	10563
12992	325	13470
10550	252	20291
16551	288	13680
17313	257	12097
15538	325	13773
18660	254	14136
27327	254	16107
29023	231	12564
27680	325	29998
20389	288	15697
11952	325	20930
26766	325	12243
16059	223	26736
29048	254	12527
14895	268	18880
19821	325	11286
19678	227	16134
16539	211	11424
29481	254	20129
16357	325	25619
29611	325	13966
12496	254	27044
27062	223	25621
20876	325	20522
19364	325	14458
19097	325	28184
17767	220	12816
12208	258	18931
13484	325	16061
16601	273	17426
11581	254	28149
26299	258	27805
28654	268	13417
11285	258	26350
15558	325	29998
20547	268	14459
28834	254	10796
28858	254	14136
17951	325	17992
17484	288	12076
19562	258	18931
27857	254	25621
20023	268	20248
26833	288	19565
11534	258	29387
15553	325	13376
13629	325	28222
17599	254	16811
19972	239	11901
20425	325	12243
14678	278	29998
25942	263	14330
13557	325	14191
18978	325	18726
26107	325	16789
20364	278	29751
19976	239	29262
27237	239	15607
11028	300	27517
15292	288	28053
17770	325	16270
16574	325	19563
29374	325	11085
26629	325	20808
26593	325	13662
15200	288	13574
16441	258	20115
27124	280	18538
12811	325	20022
29409	325	28053
27364	268	14136
20306	325	15724
19188	281	27841
17265	325	19565
17787	278	19719
11090	254	16171
27168	288	28607
14815	288	26589
27141	307	18883
29497	280	16647
29541	213	27546
18629	325	17554
17299	325	17635
28837	288	18639
12327	214	29555
28140	282	29665
28071	300	11879
20449	220	11242
18136	300	11028
15541	317	14105
19204	325	26043
18717	252	13313
19931	325	19869
14882	325	10595
18670	325	29743
19278	254	20248
28717	282	15132
19262	220	19587
15055	325	10636
26658	325	20545
17270	220	16877
14448	325	28626
18464	325	27614
11376	325	20290
11481	239	18550
11006	254	14136
16066	322	17006
26990	325	20032
26749	254	11901
14312	278	13872
19564	325	13495
19990	220	27518
17167	325	10986
18782	325	26084
20811	258	20298
27303	254	18722
11588	254	16171
26761	254	11996
27783	288	28791
14594	258	20452
28458	325	28607
18687	325	10943
17144	258	20551
27819	325	16942
17079	305	16954
14695	231	14463
18307	254	17231
12555	254	11901
27264	325	20551
28441	254	20248
26220	258	13680
25799	325	15744
15991	258	16824
11562	325	27769
10519	254	28931
15660	325	25662
10760	325	12522
16686	254	28727
26015	325	28541
15072	220	16382
11250	325	13680
11267	325	18104
15066	325	28053
26369	254	20248
15556	254	11996
27970	254	17897
16638	325	13278
14722	254	13185
27512	268	16171
11109	258	10986
11659	252	12539
12232	325	20032
13744	254	19208
26733	325	20452
14880	278	25574
18809	288	29941
28256	325	12076
13873	325	11084
13336	252	19527
15336	220	20621
12410	325	15417
18222	258	29998
14938	288	27473
17660	246	28128
15387	325	13376
28354	258	14633
17148	288	14286
15955	239	17897
12408	325	17314
25816	258	20169
12622	226	17273
12466	250	28438
29584	325	16235
18214	325	15106
17885	325	12743
14667	258	28849
25548	254	17897
13073	252	12496
11223	254	16685
16571	325	18726
15109	325	28500
27795	281	20113
18998	325	11778
17100	325	13470
20725	254	19733
27792	257	17455
13400	325	10932
16846	229	16088
26095	258	12822
12736	325	14191
27857	278	12869
25593	325	15568
13045	325	16432
20251	325	15234
11331	254	11901
18150	220	26784
26219	325	20022
15749	254	11901
17581	325	13773
18178	254	18242
12892	268	14126
19232	258	29751
28603	325	16874
15039	325	18124
16133	325	18726
14750	254	11554
19542	325	10652
16912	325	13932
18406	325	12297
16196	227	14253
18156	325	19719
13747	325	18085
26376	299	27065
14792	258	15724
13582	325	26144
11633	325	14922
26078	257	10811
25784	288	19420
17724	222	18506
26956	258	25602
20249	252	15304
10673	288	14034
28899	288	13680
11844	252	13161
19126	268	14136
18905	325	20457
13667	282	29856
11093	254	11901
10806	254	20129
14026	252	25851
19923	288	26386
13692	252	13679
12620	220	11603
29917	219	27044
20456	325	25662
20904	220	12940
17225	325	12520
11853	325	11778
11883	254	14963
16855	220	20283
20666	300	27181
27146	325	26322
26980	235	11901
28902	325	12869
20914	263	14459
29209	258	15198
27740	325	14458
13783	259	12897
12144	231	29272
27746	278	19719
17961	293	20249
18869	325	16270
11860	325	14917
29121	294	27353
26145	325	18104
27191	278	13072
12782	307	13096
20120	325	12411
18498	220	11426
18179	288	12520
17377	325	10652
12151	325	18226
26237	325	16235
15123	254	19850
13697	325	13276
28752	254	15134
18316	325	20338
18575	288	29941
18059	325	27902
10591	227	13173
12808	258	19676
13133	288	25586
26092	231	15338
19897	305	13168
16348	300	16065
29498	217	16669
28406	254	14330
10557	278	27929
18791	325	18217
17598	316	17897
17185	228	11980
18435	288	25602
25651	325	16388
16305	254	14658
14667	325	16874
17537	325	15724
20470	278	12164
25812	268	10732
11956	220	15825
15330	288	18362
20196	294	28602
10527	254	27517
13179	325	16665
14810	254	20357
18603	288	28045
29429	305	17877
15699	220	16518
10921	325	28236
12185	325	15075
18462	240	19637
17519	288	20636
11970	325	16874
12777	325	20452
27921	325	28053
27483	325	13121
14041	239	11901
16595	288	18988
13400	278	12411
14029	325	27346
10686	263	28149
27827	325	14458
29148	278	13470
14542	254	15134
12987	254	19051
25654	254	14509
11344	222	16348
26326	325	20219
14296	278	20636
20828	325	27738
14181	325	17297
12771	325	26451
12585	220	14239
20174	325	18036
12107	252	16945
19978	325	26043
11987	325	26350
17808	325	20219
29639	325	12820
19198	325	17139
28110	325	25928
28652	325	12244
27029	325	13773
14313	258	12500
14863	254	14459
16073	325	15697
26830	250	14329
16969	270	26188
26612	325	25602
12515	325	13470
11907	258	10986
12159	278	18797
15076	294	13392
20993	288	15180
18438	231	27789
11205	231	14924
17759	258	14941
20460	325	18726
12602	254	28149
29922	325	20640
10845	254	15134
15187	258	14782
20644	251	14110
20287	269	28817
18751	288	27983
17027	252	28431
20750	254	14459
27418	288	16450
10817	282	26151
11685	252	13413
18862	325	17651
16118	325	13108
16691	258	26179
25552	325	14697
19636	254	10607
18809	258	20247
20068	278	13932
18892	214	11990
26583	325	13470
20337	268	17897
17985	278	14458
28351	288	27080
29096	254	27044
27721	325	14465
12855	325	17635
29805	254	11638
20608	263	29729
17816	325	18726
15634	325	12715
29710	325	20871
27035	278	29751
12086	227	19344
29031	325	13495
25722	325	14372
11714	263	14136
16956	239	11901
15991	258	12846
26379	325	17635
28166	220	28431
28900	325	25662
19121	258	27569
25675	325	15417
14961	252	16325
15424	251	11424
10952	325	16450
13388	254	16065
26434	325	13708
18740	254	20248
14614	325	20871
16758	325	20115
19331	325	27712
14405	325	27769
12388	252	16431
26804	325	25619
27147	288	11068
16660	254	20248
19891	278	15697
10519	325	15396
26053	325	27848
26668	325	26144
26810	325	19957
19609	271	11475
12517	325	15180
17706	325	28805
19375	254	17897
11694	263	14658
27229	325	12958
19923	288	11085
26522	288	26350
11241	325	25619
11880	282	15132
27104	219	28149
12799	325	14657
16065	250	11863
19978	258	28849
17897	300	18506
25832	325	19736
14069	294	17411
17930	220	27392
27957	288	17245
14323	258	14633
27201	282	28112
11190	325	12820
14380	288	10595
14026	220	29721
13369	231	13926
18878	252	19275
27909	230	18420
14767	278	18797
20992	252	28829
18481	325	13236
12732	257	13746
27500	268	12871
27370	325	16614
18905	325	26084
15342	278	28184
19839	239	29125
10501	288	10879
18685	252	27518
13305	278	11085
25719	254	20666
28583	300	27734
17502	325	17460
27460	254	26033
11514	254	28727
25801	254	18562
14298	254	28149
16871	288	16755
29692	325	28089
28405	325	29546
26439	268	13185
15666	254	20248
13855	254	12404
11226	325	13872
28019	254	18880
17785	254	11901
17257	305	13980
13889	288	13470
26169	316	11897
16343	258	18639
25577	325	14458
29508	325	20219
19188	271	27841
25533	254	13417
17773	288	18104
20595	254	16171
25541	220	25507
29189	323	16973
29742	254	28149
17883	325	27080
19715	220	12240
19958	294	18728
19625	325	19889
28309	278	29546
15688	268	29766
16634	325	19420
28506	325	15724
29878	278	13723
27412	325	18104
15053	254	11901
26011	254	20749
17383	325	28222
14100	325	19328
18805	288	16495
20145	254	26371
13335	325	20115
14298	325	11002
16606	282	17370
15037	325	14545
29285	268	12613
26537	311	10689
18762	258	14611
28504	214	20674
29131	294	25612
16948	325	20298
20763	325	11778
16251	263	12865
15187	288	12505
28655	254	13168
20487	258	29259
29852	216	17802
16173	252	26212
12913	325	20219
27154	325	20171
17772	325	17992
29686	220	11536
12576	252	11439
14254	325	12500
10501	258	10879
26990	325	29220
20276	278	13773
15082	258	18070
15081	258	19228
14134	325	28045
18791	254	11901
16734	325	17494
11392	325	16388
19847	254	14126
26796	316	29384
11402	252	19107
29218	254	14459
26541	231	28396
18243	288	17278
15680	281	29682
18138	254	28149
10848	325	12411
14834	325	11179
28251	217	28710
26587	217	19809
11503	258	19840
15310	325	20184
16714	239	29125
18205	325	27876
16762	325	12244
28990	325	20298
18979	278	20636
19528	278	12910
20675	325	29579
12555	278	29320
15006	325	13470
19423	325	14855
25827	268	11900
11123	325	19234
11427	325	17458
26267	288	14771
25745	268	27404
14003	271	17077
16525	325	26224
12558	325	28791
14879	325	14676
14669	288	19563
27047	254	14904
13668	325	26393
13462	260	16190
11470	278	25662
26711	325	29259
28985	254	18880
15565	214	28189
14442	325	26282
10890	261	17565
20919	220	18241
27271	325	19840
14803	325	27473
13180	325	28500
27145	288	20169
26105	220	17219
26655	217	29829
14663	325	15568
28182	254	14105
27632	263	15936
27235	325	10898
11259	278	26724
12517	268	20248
12048	223	11483
16004	325	18577
16161	217	15643
16154	325	17314
26676	290	12897
25611	325	27948
29545	254	11608
17390	239	18550
27911	325	13121
15654	307	20248
13998	278	17866
17046	254	16556
17868	254	14658
13258	325	19885
18423	325	18104
12777	325	13723
14022	325	18577
13981	325	14941
27152	325	16942
17676	288	28541
29236	325	18931
18897	325	19869
15973	288	11087
16883	325	12958
19732	278	16874
15504	263	15134
14191	263	28149
12381	305	28015
20550	294	18713
29399	325	27059
29079	325	18362
26569	254	11461
28434	288	14846
26475	288	29259
12305	254	20248
17166	239	11901
29118	325	13932
26836	263	11863
10775	254	28149
18978	325	27876
11469	325	27266
26198	254	17961
10741	317	10761
25670	325	28004
15546	325	19420
20104	258	13121
17044	325	25733
13326	325	19465
11703	258	14276
20091	325	12076
27418	288	29926
11044	263	14658
10886	325	14689
26844	288	11084
15799	294	27533
11771	301	16793
28670	278	26589
10559	288	15359
19435	325	14611
12219	252	28183
18422	325	20428
27198	325	28607
20706	254	17640
14102	231	10909
16879	325	13773
26056	268	11504
29351	325	26386
14263	268	19521
28762	258	28053
14706	280	12614
19930	325	29833
29912	258	11941
27764	254	26600
11812	258	13030
29990	325	10506
14234	325	12958
12145	325	16726
12435	325	10932
14847	254	14658
26049	222	18506
13301	325	12958
17485	325	12076
16315	325	25574
18978	325	20452
18200	325	16235
17363	254	13185
11955	258	16388
28635	214	20826
11374	268	16169
14198	325	19248
25852	325	18797
12274	214	13275
17665	325	18840
11859	258	12500
18395	288	29220
16605	325	17825
11063	325	15724
18754	278	18085
20535	325	13121
14031	325	12505
18391	278	12500
28111	325	27902
16372	220	27618
12628	252	29590
28081	325	29579
16963	325	11811
19889	263	11863
27672	263	14126
13994	271	27552
18710	325	18226
17776	325	12076
27023	258	27848
13743	288	28341
19295	219	11901
19857	325	18104
27566	325	17826
19290	294	14413
28799	263	12783
12545	325	18639
27290	288	28092
11454	252	29828
14241	258	16267
13577	254	26265
11165	278	13680
12268	325	25733
18263	254	26920
12882	294	11125
13528	325	13121
11526	263	16304
12144	281	18091
16704	325	15078
28498	325	19736
27675	325	28805
10848	278	12505
19588	258	14465
28729	271	28090
12526	294	25715
26411	278	17360
15076	294	28297
18434	240	13737
26641	278	17021
18346	325	25860
12461	254	29449
27166	220	13573
26029	325	12649
27117	288	19957
12536	305	17897
25700	254	13417
11616	254	29125
28501	254	20248
27109	325	14191
18862	325	12105
15197	268	17897
15683	264	18898
16163	254	27615
12334	325	12715
27928	325	11811
20486	239	13096
27442	239	12853
13358	325	20636
16515	282	29254
13850	325	16388
25624	280	20917
18408	325	14689
15752	278	18931
13867	288	11786
10572	219	28149
11783	325	26386
18088	257	12845
19671	306	29960
12963	254	17897
28545	252	26932
15090	256	28414
18322	325	28527
10700	325	15697
28269	254	11901
11349	325	26724
15552	320	11554
10519	325	12846
15548	278	20298
29399	325	27473
18117	325	12105
14451	281	17993
10779	325	10932
18793	325	19465
16231	217	15927
16525	278	14458
28067	288	19971
28322	325	27747
12394	288	13376
17647	325	27902
12390	325	13698
13507	263	29207
29250	325	13680
19366	220	14649
20841	325	20115
16001	325	19328
18412	318	14043
29352	325	28184
17470	288	28184
27882	325	13723
15867	325	12715
18900	252	14911
10889	325	27346
18567	325	25602
14323	288	29899
17421	258	19335
18414	254	16171
27778	254	20248
17429	325	20286
29953	258	20974
28010	325	12910
15526	260	12863
16184	325	11917
20475	325	28045
10627	211	11424
27111	282	12382
16206	288	18319
20296	325	12520
13153	325	13773
17405	325	29751
12976	254	17897
12641	254	12150
15285	258	12244
19626	325	27334
12557	268	10571
15324	252	12766
17138	325	19565
29166	254	11461
14638	282	12832
17368	288	13376
28334	268	11901
19129	290	27924
25758	325	20590
16359	288	18530
18948	254	14136
11970	278	16824
19935	254	20248
14340	325	15697
12648	271	29850
28021	254	16685
18453	219	11900
15894	254	11608
13076	258	12820
11615	325	16787
26291	252	19034
28632	254	11863
14484	235	27044
10960	254	11554
12649	263	19850
18139	325	26928
15473	325	29135
11866	254	14136
29591	254	11996
27180	325	12703
18433	254	12871
12157	254	14548
14128	252	20293
11110	325	11786
26107	278	18931
26912	258	12788
29570	325	20032
14207	258	20022
15154	317	26188
19455	258	29230
13505	254	26837
29945	278	27080
28576	325	28460
10688	325	26575
19261	213	17516
11840	220	26105
17627	254	17897
18082	254	20248
11066	280	14867
28303	325	18726
19185	258	29833
19249	325	19420
28052	254	19521
12168	254	14126
29311	258	19565
19770	325	26179
26851	325	10986
14540	254	14136
26383	244	27022
29857	325	12958
16478	325	15492
18439	325	29899
28324	254	28727
16496	325	12822
29038	325	20808
19382	290	27924
16167	258	14276
13590	288	16090
26363	325	25602
15380	254	17415
26716	325	26179
17121	325	13698
28102	282	12832
11263	258	27377
18486	325	29941
11897	230	26771
13716	252	28545
14078	325	13108
28830	325	14458
11859	254	13185
17062	288	13773
15889	239	29125
14025	325	17021
17100	254	20248
29289	325	26575
12072	268	14136
26314	217	17549
19560	294	15390
28967	325	12244
27687	325	25619
29579	307	28736
11479	278	27080
26542	220	15105
27860	220	16183
29782	325	12500
16444	254	11901
26810	325	27902
28076	286	12294
12539	220	13274
18235	325	11778
14259	325	16450
20557	325	19328
18796	325	11786
12824	325	27059
12551	278	14458
16443	258	13470
19323	288	18034
26620	325	18726
26255	252	18058
11030	316	27148
28780	288	19561
27238	307	14329
13545	254	26448
14225	231	13186
28656	278	20022
15502	254	11758
18699	252	28448
28328	254	16171
19413	325	27080
27061	305	20358
11793	325	28222
14107	254	20666
26214	254	29125
14523	271	16077
13454	254	20666
11261	278	19328
19548	325	12244
19359	254	27044
18226	263	14459
27822	325	16614
29323	268	11554
26422	220	25929
15207	325	15396
25550	315	15941
28680	252	18049
12657	325	20452
11392	325	10595
16242	282	20172
17140	254	16171
29152	278	13680
10897	325	12820
26036	257	12497
29806	252	29906
17814	300	16348
12263	325	13680
26760	278	16984
18085	263	14459
18783	280	13858
27648	258	12928
20002	325	28976
20333	325	12910
12492	220	12026
13757	220	13779
28568	254	16065
19805	293	26697
17560	288	28551
13408	254	28149
16178	325	26589
19807	268	11554
17118	258	26501
16580	252	13745
25959	254	25621
13295	325	11004
15521	288	20572
26826	288	20609
20187	254	11901
19912	325	20930
20465	254	16685
11962	325	20572
19614	254	11901
13078	325	12946
12099	325	29998
20277	325	18931
13729	258	27473
18000	325	17139
27643	325	17992
13923	325	11179
12710	325	27902
20836	231	13369
14353	325	19561
29604	258	11002
26194	280	13109
18804	271	19410
20065	288	17554
25797	288	16235
27385	252	28654
18912	325	28045
12073	325	28089
10650	254	16685
19743	325	16270
27811	325	14372
27272	325	19719
27768	325	13376
12920	258	16454
16981	325	16824
25907	325	20974
11145	219	11901
14401	268	10796
17561	325	27059
13986	325	18887
11586	325	19465
28486	263	26297
26522	258	26451
28394	278	26970
11145	219	20248
19360	254	20687
16370	258	27472
25878	325	28976
17430	325	26386
28338	307	10583
13930	325	17314
28018	263	18884
11699	325	11778
26391	325	16942
19847	325	29743
27586	325	29546
20332	325	20609
29698	254	14459
29698	278	18281
29689	288	12820
16860	325	20974
29160	215	26495
16458	252	29695
15494	254	25621
26095	254	11579
14270	263	17907
15495	325	12244
12110	325	25733
25558	239	19451
19728	220	13870
11790	254	12404
15152	325	28072
10520	325	14458
26654	325	18726
15808	325	12910
13281	325	29320
27491	325	19420
28188	254	14126
29250	254	28149
26011	278	13394
15426	254	10539
14177	216	15420
12638	323	25533
13674	325	28045
17434	325	27472
15000	254	18704
13811	252	19036
12686	325	16789
12037	263	12871
26300	325	27738
20661	325	19328
29152	325	12491
17643	300	11028
16197	325	18124
28212	258	13108
10645	325	14372
11269	223	20667
25846	215	11645
18229	254	13417
12405	238	15424
16058	258	12500
17157	325	28541
18697	307	27349
12853	300	19106
16720	252	11292
19562	325	29941
27023	325	13723
29808	325	14771
19881	325	12928
16307	325	14458
28478	325	28759
26116	254	15224
28780	258	19561
25732	325	20219
29900	325	28910
17570	325	20032
25885	316	15662
25964	325	18639
18846	325	13495
27806	227	12486
18378	325	14846
28255	278	29220
11383	325	20169
19483	325	10595
11285	258	11686
20618	325	16942
18620	325	17458
18025	325	29789
26018	325	29319
20702	325	10563
29875	325	29998
19022	325	28222
29960	317	11901
16266	220	20563
28249	257	10828
13083	258	18988
12335	288	13495
12701	325	12411
15694	268	25922
18662	220	17897
17152	288	29047
18301	278	25602
17661	325	19328
29883	278	11085
28830	288	27738
19532	325	25619
17364	278	12928
26359	254	14459
26733	325	16270
14313	288	12500
17574	325	14458
26925	254	14136
11276	278	20636
25555	280	17633
13826	325	12965
15012	325	16345
28536	325	14611
19831	219	11901
10631	254	17897
10797	325	18530
28588	325	20930
28200	325	28849
26475	325	13588
12280	325	10686
14154	275	16954
17358	258	12958
19287	258	14191
15298	258	13698
27252	322	25794
20419	254	11902
13493	325	13773
26248	254	13185
11822	254	29125
14625	214	13062
17508	254	29881
15466	325	15712
19946	325	18530
13756	325	27876
16516	254	19850
17457	318	25718
14336	219	11901
27719	325	12105
12214	325	14286
26463	325	20298
26732	268	29012
26631	254	25621
18391	325	14458
29979	240	14745
15195	325	28072
20822	325	18542
27158	325	18270
28640	325	13932
11363	268	11604
29109	325	11002
16396	230	12794
28084	258	10932
12128	325	15883
19791	325	25733
28761	254	28817
26718	325	10595
14851	325	27915
12678	258	27769
19039	220	12100
28994	325	12965
12055	325	16824
15643	252	16580
26507	254	11458
26793	315	13701
12437	325	29751
11486	325	15075
15141	325	10898
12767	258	18639
26580	325	25551
20261	254	29125
18045	254	26297
11920	288	27059
14590	325	15180
19503	325	19328
16916	305	26265
20678	258	27743
29179	325	25586
26631	258	14465
29643	325	16492
14744	288	29751
20607	219	17897
11545	223	12853
10651	325	14633
12188	288	13108
27151	254	29763
11700	227	26788
12055	254	28149
29955	325	20609
11591	254	16065
12105	263	14126
16463	231	16274
16505	325	20930
13509	325	15720
29966	325	15078
14365	325	14075
18524	325	16388
13171	281	13543
29670	268	18880
12707	325	20522
19203	325	27902
29753	325	16520
11095	254	28149
15160	288	15744
18896	220	12625
11777	231	10999
11453	318	11670
12185	325	16061
29467	325	11786
28823	325	14941
13109	271	17993
17431	254	28843
12515	325	14286
28592	325	14799
29680	254	17897
12381	305	26617
26547	258	14458
28086	325	20219
10896	278	27569
18665	316	26585
16966	325	27569
17844	325	26386
13747	325	13910
13866	325	20452
14948	254	11996
15854	254	11996
12225	325	14075
16945	252	28484
19096	222	18506
13742	254	12871
28689	258	13470
15051	278	28541
17500	290	27924
18790	325	19135
15248	295	12632
11113	280	18450
19430	282	15132
26252	254	20248
29043	268	27502
10542	239	12312
17022	325	12076
11983	325	13773
11393	278	18726
20940	288	29579
26746	278	18362
16865	281	13543
11404	220	17853
12763	239	29125
13038	257	16643
16596	325	13030
14391	325	11179
28295	223	27994
18466	325	19328
15564	325	11084
28232	288	12105
25646	258	12822
12087	235	17897
12230	325	20522
29167	325	29420
13863	254	13185
19828	325	28541
29695	220	28745
25989	258	16235
15973	258	27390
20317	325	13680
18298	325	19719
10976	325	29546
29127	325	14922
13201	254	18562
19711	259	17673
29019	288	13781
18595	254	11901
16123	252	28080
19239	254	14658
11206	325	20409
13103	220	11886
15973	288	12327
18546	325	10595
28265	325	27848
14577	325	12076
17713	254	20810
12477	325	15697
13828	278	11002
25964	325	14689
14763	325	14941
28766	239	26217
19289	254	13239
19191	325	13030
12316	254	28149
29592	254	13239
14012	254	14459
26733	325	14075
19948	278	20032
12253	278	18931
14505	278	18797
10830	246	14559
15747	325	27743
11061	252	25912
12575	231	16089
13842	254	17897
17308	325	13108
13875	278	25662
28767	293	29161
18564	325	26575
11768	280	12310
13670	210	10956
27337	215	29251
12384	325	27080
26826	288	18726
12435	325	26589
27403	258	25619
16248	325	13376
16857	325	12910
16157	325	14922
15946	325	26999
29802	325	16235
18703	325	17021
17512	325	29320
27441	254	14459
18649	325	10595
14612	325	26757
29703	325	10730
13917	324	11273
20164	288	15565
27826	258	14465
12263	258	11872
15919	325	27569
17515	288	14625
26506	258	13278
15997	316	15955
28117	278	18726
18914	257	13479
26844	288	27890
11726	254	29443
12288	268	14136
12584	268	10539
12747	325	16454
19338	288	15075
29510	278	10595
12541	258	16614
15742	325	12105
17355	252	13963
26060	263	11461
10965	254	29661
15083	254	28149
19772	288	16270
27960	325	29998
13265	325	18726
11107	275	17280
12027	217	19267
12711	252	17160
10511	259	17041
27569	307	15895
15875	258	18104
17197	254	17897
12098	325	10563
18705	288	15492
16741	278	12522
18863	252	15788
13039	254	28727
17588	325	28072
27826	288	26575
17128	254	12871
11503	268	18880
16385	288	13236
19358	271	12020
29029	254	11901
13669	254	14618
15352	261	17457
26010	212	12709
15667	258	29899
26997	254	19850
15364	250	12190
17116	229	12060
26760	254	16171
12778	325	25619
15181	278	25602
11399	288	15075
10970	239	29125
25981	325	12965
28980	254	19850
19367	220	19233
20801	254	11579
20364	325	18994
28248	325	13495
26007	325	10652
18848	288	11650
26428	278	20298
27097	325	10932
15884	325	20636
26772	325	26878
10740	220	16648
15793	325	27577
29252	288	27769
17670	294	27533
26306	254	18242
14258	254	14136
13044	263	14126
16498	220	12895
16949	252	16306
12774	288	19561
19703	325	11917
20178	325	20636
16805	325	29112
18748	325	27848
12351	325	25955
16487	288	27266
29800	325	27080
12618	325	25662
28027	325	27632
19655	258	15744
13257	254	17897
13186	282	15665
19171	288	27211
10531	261	10743
18283	294	26505
17757	280	26153
11401	325	27738
12554	246	14501
28780	288	29998
18705	278	18104
12714	278	15180
11909	325	25602
10785	325	19465
26224	214	18395
25745	268	14205
11078	325	10595
25636	325	27747
19362	325	20871
25566	254	25621
11990	258	18892
17198	325	26878
10622	325	15697
15289	258	28044
13467	325	14633
17156	254	14126
12013	254	15993
29479	231	15269
25736	288	18639
15318	239	25621
15219	254	17897
17397	257	12497
27349	263	18242
19980	325	16726
27897	254	16054
27468	325	12500
28709	258	16432
29402	254	17897
18633	325	16726
27917	325	17245
16952	258	20032
29755	268	13185
12302	325	18085
12450	254	10607
26813	325	13495
17407	288	10792
29121	289	28088
14743	325	12218
12503	325	18104
16300	288	13932
17639	325	11004
28642	325	29789
28206	325	15106
25957	325	12822
10596	226	19017
11146	219	10607
13478	293	28356
16588	288	13872
27102	325	12105
15014	325	16942
13651	325	26575
11864	325	18372
27652	258	18036
17046	325	19889
13723	214	13956
10800	325	20636
18957	325	20298
19352	325	12243
25506	297	26278
18754	325	12703
13859	258	20115
12143	325	26878
28246	258	16726
27665	281	13269
15250	325	12500
12394	288	28236
14992	254	11996
28059	325	25586
25865	278	20636
19347	325	13470
11134	325	15234
16130	325	18797
20212	235	10761
16341	254	20594
17438	305	18242
17536	325	26451
14583	282	26649
18135	258	19465
15425	231	20681
12482	278	12500
11929	288	12076
20731	227	14835
29174	325	29751
28403	239	11901
16178	325	10932
29143	325	10606
13307	325	17966
10863	325	29751
26236	325	13932
28806	325	26878
20532	258	12218
13277	325	17460
20521	325	13130
15659	325	19465
26379	325	12428
16850	254	14136
27818	254	19850
14593	239	14700
28221	325	10854
14817	252	25778
12209	325	14846
27962	325	20608
12198	325	10595
27004	325	12820
14318	258	16371
10966	281	17251
12893	254	19161
15497	252	18955
16320	239	18550
14380	258	10595
13819	325	13698
16330	325	10595
12535	325	26878
20383	325	17899
20740	325	14191
17788	325	16942
16915	254	14865
29058	325	18840
18710	254	28149
11674	316	26423
14638	280	10824
19456	325	16090
20760	258	29617
29958	278	15724
19860	325	16964
10740	254	11695
17311	325	18931
17853	325	20286
12976	288	19885
19408	325	12184
27270	254	28727
12408	325	26713
10538	231	29421
14860	278	17652
29950	325	16492
25672	254	12404
28503	303	13339
16779	288	11811
16416	325	13848
12619	252	15328
26171	279	12897
20504	325	18797
18979	254	20248
10961	325	11811
17379	254	16171
20303	263	12871
27966	325	29546
18479	325	19335
15206	254	11901
13014	325	12500
27691	288	15697
13561	325	12664
11463	257	13352
26984	263	20248
14770	254	14459
29566	258	16345
12298	252	19202
17828	325	17139
17064	325	29789
20421	254	11901
15756	325	27805
29409	258	19889
18160	325	14075
29901	258	12500
11299	288	12076
26693	254	28149
17470	258	28184
15016	325	12500
27786	271	18898
16006	325	20022
28039	278	15075
17859	325	10854
13461	268	11554
12071	325	17245
16775	325	18104
10781	258	17825
27710	254	14865
16202	288	25662
12228	254	11996
20867	325	28045
13238	251	16539
16658	258	29135
13610	245	13483
12973	325	16492
19861	325	13495
19879	258	25944
26271	288	29833
27054	325	17314
26266	288	12958
16276	325	12164
17421	258	28053
14025	325	20298
25622	318	18067
11873	280	19697
12077	325	16061
18256	325	11786
28731	258	19465
26225	290	27924
16227	254	29881
26995	325	14782
26703	280	28129
25559	325	14922
15228	288	20551
25736	288	27902
17708	325	18492
25567	220	26167
28807	325	17314
26317	288	26386
17587	254	20666
16470	288	27712
26256	258	12910
27323	288	29220
10901	325	12244
16099	325	15724
14740	278	26322
11580	254	28149
28482	325	28607
15689	254	12871
26519	325	11002
18254	325	19885
28762	288	10879
14377	271	12276
16449	325	25602
20886	271	14602
14877	278	20636
19436	325	29579
20221	325	13872
10796	300	16348
12307	254	18880
17482	254	12871
26040	325	25733
26832	254	19479
19112	322	26376
16494	288	29998
17914	281	20840
29752	258	12910
12069	278	15075
17039	258	16471
15703	254	12871
19865	278	29833
28261	325	14458
28109	325	27983
29567	325	27569
16363	325	18606
11519	278	12822
12723	325	18797
15621	268	20027
15042	280	19729
15111	325	29941
13229	252	14993
26343	325	27876
29980	325	26144
10584	325	12428
27698	254	13417
11940	280	27291
18462	324	19519
28758	325	13588
25758	325	12243
28254	254	14136
16637	317	26188
25993	325	26179
13099	325	20991
14077	254	11461
15888	222	18506
13308	325	17458
13632	258	20290
10974	288	26724
29412	254	12336
28679	325	13680
16001	278	16726
26123	325	17825
12149	254	13239
12384	288	27080
14050	278	25944
14505	325	19328
19969	258	25516
20657	254	29125
14294	278	14494
12483	325	18104
18082	288	13872
15175	268	11554
26053	288	19228
11116	254	25922
28427	288	27598
15222	308	26197
16768	325	19563
19555	294	17411
27641	288	17458
10501	288	19719
19836	325	27743
10822	325	12105
27397	325	16787
10907	290	27685
11332	325	11872
16857	258	12910
26178	325	14075
12291	320	17643
26035	281	17993
29431	268	17331
15888	222	26100
14442	325	26386
10574	325	28500
18401	325	18319
13182	257	28112
11859	288	12500
11828	252	12026
16534	325	29546
19875	325	14922
25783	254	20248
17852	220	11518
11780	258	27929
16366	325	25802
12844	325	25733
25865	254	20248
10925	325	25733
28197	254	14459
18026	325	28045
15873	268	18880
15220	325	12428
20988	254	27044
28531	325	29673
20649	325	26713
13208	325	12846
17858	325	14941
12461	254	26297
27862	254	13185
20963	325	14286
18264	255	18537
15115	258	12037
28830	254	11461
14833	254	20666
28409	258	20636
26437	325	28551
27985	258	20974
20790	325	29220
15148	325	11811
28076	295	12008
16788	268	17897
20419	325	14458
11460	325	10932
29725	325	16388
19491	325	29220
28518	325	15234
18008	288	13376
19230	325	12715
12681	288	26084
29847	278	14922
20538	222	26100
25519	254	18253
29490	252	16127
18309	254	17897
16898	257	18323
11720	325	14372
27875	325	17300
13859	258	20338
17461	305	17303
18806	288	14494
10552	278	13236
26315	231	20230
13124	280	12571
26811	325	19676
15659	288	27334
18530	307	12325
20097	325	20338
11071	258	29899
14149	325	18726
10881	278	12910
15243	281	28297
13357	258	15396
13743	325	16824
15451	280	14185
15330	258	12244
26470	288	11031
16865	271	13543
25704	254	19979
14565	254	11554
10529	325	15724
25509	254	26203
12967	260	14454
29016	325	10906
14926	280	18970
13786	325	18744
29437	254	28149
27770	325	19635
29675	325	20871
14485	260	29930
29886	258	25944
16240	268	28149
18082	258	13470
28071	305	29817
20907	216	15420
12773	258	18988
29844	325	26386
11709	288	29998
18056	325	25807
11337	325	14697
12170	325	20115
20841	325	26043
25511	231	11530
11577	325	29789
15819	325	29899
19204	325	28044
20552	325	20871
19273	254	11901
29745	325	17460
19213	268	14136
15160	325	13236
19918	305	11797
17576	325	20286
17761	325	18797
19162	325	20545
14212	325	13680
27816	325	28607
26665	252	15381
12427	325	11068
26582	325	16712
11399	288	10943
16742	288	29926
15572	258	10986
16136	280	18646
13325	235	28066
13237	325	28187
26590	325	28541
28032	325	11941
13000	258	13072
20981	325	27929
15794	288	18577
14894	325	17314
29322	254	11554
17865	281	29850
13592	317	14033
25811	288	16388
14049	325	19465
16493	305	12828
11367	254	27422
16839	325	18217
13396	258	27743
27286	258	11068
18091	254	16853
14667	288	28849
11615	254	27044
27374	288	10730
29211	325	13130
26895	220	29401
14924	231	19175
28225	254	29722
12659	261	18984
19244	325	12244
14918	263	26297
12970	289	12111
28339	254	20666
19846	258	19563
29843	220	12070
14283	325	11811
16275	252	18348
13995	280	11452
11001	281	16550
18888	325	20636
16680	325	28053
19087	325	15720
25847	325	28045
15992	317	26499
26515	254	14126
13451	325	27473
26199	254	11901
28399	307	10728
29026	325	16726
28230	325	17314
25510	325	26127
20181	325	18606
26631	288	26575
15765	325	10652
19864	325	20032
14659	325	13470
26944	222	18506
12862	325	25574
25698	288	16728
11142	325	25602
17181	255	16282
18092	325	12715
29461	288	11941
29354	325	28222
27525	325	14611
12469	325	28053
19884	280	13410
15216	254	14126
26138	254	16171
11377	315	11018
17329	254	10796
28409	258	14611
18678	254	13185
20780	288	18988
19200	254	11461
29680	258	17360
28730	268	13691
19692	325	12822
19228	263	20248
16060	278	25662
16189	258	15574
17461	305	20934
27744	254	13417
26712	288	12958
18890	254	11554
29065	288	11778
29857	258	13030
15107	268	14136
17821	288	18797
15298	254	11461
25995	278	15923
11887	317	20248
13846	325	17139
29599	325	11811
20157	325	16235
27343	288	11286
28997	254	14136
18623	325	11213
20654	325	25802
12580	254	20248
26460	278	10932
25687	254	18007
29793	264	11178
19578	240	13544
14456	263	18550
29667	288	12500
27172	254	12871
27540	254	10796
17892	278	25629
20253	210	10732
18583	254	13096
14427	254	14658
13600	258	16345
12864	254	18380
27164	325	12822
15327	325	29751
12720	325	18726
10780	288	19992
11154	325	27902
19356	311	10689
11521	325	18726
11950	254	28149
16202	288	12910
13036	325	26501
17694	325	25602
29800	325	28976
18544	325	16492
13003	325	27569
10514	288	18475
20931	325	14689
27787	254	11901
18595	325	12500
29152	254	28108
17409	325	20782
25648	325	11786
14156	239	29125
14184	325	16492
10771	278	12428
19352	254	12871
11155	325	10595
29076	325	15075
27758	288	20032
18276	254	26297
13263	219	27044
17963	293	25931
15206	258	20522
17732	325	10932
15784	288	25602
10977	325	26589
19239	325	12500
29268	214	16206
27771	325	11786
10548	282	12832
14688	278	18726
25607	268	13185
26908	325	12428
11331	325	18104
29058	325	19187
18126	325	18182
26866	220	10984
10812	282	16806
13766	281	13392
20036	325	11772
26594	325	28976
14299	288	20298
20091	325	10595
13870	220	13730
10593	258	26179
15519	325	11734
11630	325	11778
20854	325	11087
15161	325	29069
25835	254	13185
20538	294	15985
14028	325	25733
12014	288	20032
13101	325	13781
29035	325	20338
11010	325	27472
13977	258	16728
29534	258	15106
14303	223	19101
26463	325	20452
15462	239	16685
14333	258	29833
25843	268	16065
16417	254	17897
12384	254	13185
11221	278	27876
27290	288	20457
15652	258	11085
19150	325	18860
20760	258	26878
14575	325	16388
14796	231	19800
18673	254	17897
29274	305	12404
10673	258	14034
12270	325	14922
15433	288	19561
28491	316	13118
26829	325	18068
17716	325	27080
25751	268	16171
18628	252	25542
29123	325	29546
28113	325	13030
16963	258	25619
14506	258	17494
14929	325	10595
28146	263	12358
16723	325	12520
20108	219	27044
20826	325	27929
19031	325	14917
13904	254	27044
18415	325	29579
27826	258	20286
27370	325	15075
29678	288	15180
12165	268	11638
27635	223	14566
13429	278	11085
17193	254	18722
14385	325	29579
28367	325	17360
11929	258	12076
16104	325	19736
15923	263	28919
16217	325	11179
16697	254	11901
17914	281	17506
26887	325	28579
29621	254	28038
15945	325	27929
20178	325	15744
16309	325	27848
10841	254	12871
15838	325	26179
16152	325	18036
17684	325	12428
16874	263	14459
20487	258	26575
29591	325	27902
27307	325	28620
12006	325	13872
11096	288	26179
11226	268	10796
27219	325	18226
12434	325	18085
13627	325	15724
15001	281	15834
20443	245	13483
28084	258	17796
19181	325	27769
28045	214	18923
19324	325	19635
29818	254	20666
13290	254	16685
29614	325	14941
26987	278	14458
17048	325	16471
25668	268	11554
16576	325	27890
28576	258	10730
29949	231	12614
20958	325	20522
25872	258	29135
28416	288	10652
28358	288	19840
20302	325	16388
27508	220	17711
14934	278	19248
17732	254	20248
25806	263	25621
15046	258	13781
17733	252	25767
17708	288	29739
26187	254	14658
10585	254	14400
25769	254	14459
16220	288	29998
28640	325	29998
12618	288	10563
11123	325	19563
18918	325	12244
17167	258	29268
17479	325	20991
18208	223	18995
28571	323	20975
18848	288	16140
26023	268	26033
20774	219	17897
26760	325	10595
29217	268	17897
11062	288	12428
19131	258	10595
11851	278	14458
13976	325	14191
11173	325	17440
16519	325	12076
10857	288	26386
19437	254	17897
28924	268	29465
20666	300	15944
19411	325	11031
18299	254	12103
17712	258	15565
19961	288	19565
28313	325	14372
25981	325	14034
20086	227	13548
27386	278	18840
26276	325	12664
12711	220	19653
20183	254	10539
28328	325	10943
20406	325	15492
11704	325	27569
17868	325	19676
11810	325	18797
26969	300	16954
17718	325	15028
26710	219	14126
12214	325	20551
13379	254	11461
11082	288	13030
26396	280	10643
14115	325	28805
14199	325	18542
27471	325	16090
20511	294	29854
25503	325	17651
25760	325	14782
13714	278	16728
11505	325	17635
14967	254	28295
17357	325	19561
19682	325	26043
18447	220	18802
18811	227	17214
20319	325	26589
26041	220	27371
15614	263	17897
13679	252	13692
12864	278	18104
27739	278	14458
27897	254	14126
17461	305	19583
11346	254	27517
14521	254	13168
14719	325	20290
17181	213	14370
26219	325	12428
28554	268	18253
15996	261	29384
16519	325	14075
28396	280	26541
19702	325	16726
14586	258	18252
28071	305	18568
15674	271	17324
27425	258	14072
29292	252	13110
20999	305	11638
27114	325	18887
19147	254	20248
11739	325	19363
12434	325	16874
27108	254	26537
26120	220	28545
29656	271	29933
16926	294	26504
19021	325	14372
15563	325	27080
15109	254	17897
27696	325	28045
25513	288	12910
27873	268	18242
19515	325	11756
26594	254	14126
28590	258	28791
19930	325	15724
14148	254	27044
10985	316	19722
29181	278	27080
14394	254	10796
15513	325	15028
18028	258	28952
19670	254	17492
29954	325	12428
12423	325	17521
18860	263	27517
18767	325	12910
18021	309	27335
19956	325	29220
14252	325	25733
13740	278	15234
20970	288	25802
16041	325	18840
20936	325	16984
26650	325	20609
14966	325	13108
19015	239	17303
25589	254	17897
17650	258	18988
13687	222	26100
15402	325	27080
28828	254	11901
29920	325	17825
25887	254	28149
19465	214	28912
15738	325	26322
27256	325	10898
19703	268	17643
27985	288	15712
29168	227	10523
19515	288	10606
19339	325	27080
28299	325	29259
18687	254	17897
17749	325	26724
15016	258	12428
15707	325	13680
15480	325	13276
11024	271	16077
15568	307	27838
15019	325	13773
11655	325	25619
14527	254	14400
15653	260	20205
17746	268	11996
26431	325	29833
27886	268	20248
18219	325	19565
13136	325	13495
27041	288	20428
20209	325	12411
12202	254	17814
27462	235	27044
26159	325	15396
13579	325	18104
11837	258	10652
12535	325	29743
19793	325	20522
27382	254	29125
10602	325	27902
12749	325	18104
16840	258	20871
26175	288	18639
29363	325	18606
11041	278	12958
26361	268	17603
16561	325	20219
16668	278	19565
17281	254	12871
19501	254	14126
10841	325	11786
26897	254	19850
10720	325	14372
14664	252	13164
12730	288	26386
13851	278	13470
26112	252	20377
12131	278	27569
13406	325	13495
28311	219	11901
18239	325	14917
17011	254	14459
28453	231	12146
14268	252	13694
28597	278	19565
26859	325	19328
20435	257	18948
29954	325	20290
12807	325	18104
18018	278	18931
17095	254	13881
13714	325	13932
14380	254	14658
19549	254	16171
17371	254	14126
11949	325	26757
18970	280	14560
10935	325	18887
15739	254	20248
16935	325	14075
17697	217	19705
11514	325	13574
17947	325	16090
28393	325	20636
17092	325	18726
27682	254	26493
27327	254	25621
16929	325	12820
26765	325	15568
26613	325	11004
20336	325	27805
19279	325	26322
11868	268	11901
16922	316	17516
11232	258	17021
13979	325	13833
20941	258	12076
29384	315	15996
25930	274	12750
16332	325	13108
26292	252	13796
27174	254	18242
28947	268	16171
18439	325	26127
26624	242	16523
10551	325	15712
18225	325	29789
14071	259	14445
19844	325	20452
27561	325	27876
16553	325	16388
13225	325	28500
11380	325	27472
13554	223	29484
17803	325	20636
12158	288	27743
14438	268	14459
14586	325	10898
15729	325	12428
13818	325	28044
13357	258	26878
18293	325	12520
25617	325	19676
29162	325	20032
13909	216	27442
16100	325	19328
13351	258	27876
11637	219	16171
26869	263	14459
19178	325	14075
14027	325	29998
11210	325	28089
16925	254	20248
18080	258	13833
20811	258	13723
12454	325	12411
12469	325	19719
16380	325	13470
10919	288	13121
20255	254	14126
15948	325	20298
15869	325	19736
27985	258	29135
12445	281	27841
11705	325	13278
13070	325	13470
11990	288	16388
26301	325	12428
14297	260	19291
26501	263	14658
29909	263	14459
28365	268	11901
14721	325	17460
11401	325	29112
19631	264	28025
26650	288	27266
16348	300	10796
13260	254	17133
16358	220	27137
27647	288	26501
26267	258	14771
11134	325	13278
27064	258	25802
25963	325	11308
12569	307	28727
12556	258	16492
11205	280	28735
28329	293	15190
29610	278	10986
17464	325	29220
12604	325	28053
11819	288	17966
11042	325	19885
26707	325	28480
29814	325	20298
14057	325	13121
28593	268	10539
20959	278	17826
20599	325	13130
10715	214	27388
29037	325	20219
18945	288	11085
18486	254	19979
19171	325	10642
16618	325	12500
26711	325	25860
20260	325	17139
19022	325	16235
28402	325	27473
17464	325	20608
10503	271	29983
20510	325	28053
18462	212	28907
27347	254	28931
15948	325	20022
15649	325	13470
19153	325	26179
19268	294	29989
16554	231	18561
15185	313	11680
19165	254	29125
14274	325	16090
14986	254	18880
10806	325	11872
17650	288	13773
16110	325	11179
27767	325	12703
26055	257	27359
28265	278	13773
13110	252	29292
14171	325	16728
13937	220	28012
29569	288	19869
28371	325	19563
14306	325	11786
20464	258	14657
28676	325	14611
14428	325	17360
16854	278	16728
15968	254	20666
11454	325	14611
18857	278	19420
13991	325	13588
13320	325	12965
13022	325	25629
29587	257	18865
10619	325	16728
12107	252	14261
16096	288	27473
14791	325	14270
14686	325	15568
12666	325	27080
29570	325	20338
19111	325	12500
18727	325	15492
29462	325	25602
19278	288	20636
27318	254	17897
15947	263	13185
27692	254	11461
11925	223	15254
11025	258	16962
14550	254	14136
16909	254	20248
15136	325	28092
29915	325	20636
27162	325	15106
12033	325	15180
18243	258	17278
15214	220	26134
17445	325	12243
25505	288	20219
26697	274	11898
27367	325	20636
19532	258	26043
29105	325	10652
13217	257	14190
11884	325	15724
20270	325	27614
16017	254	11901
26168	258	11308
13824	288	18104
12694	325	12428
16318	325	17139
28541	263	11551
20195	254	15456
15507	325	18840
28414	305	29817
15179	254	13168
13349	325	27569
14989	254	17897
15071	325	18726
29764	288	27848
13803	325	20032
18043	325	28460
27481	258	29220
26088	278	20794
19637	281	15834
17771	325	13932
14262	325	28607
11754	325	12428
14256	317	13181
26621	278	16726
25634	295	12294
19661	252	16720
11929	254	11901
18235	325	15883
11815	263	10796
29384	315	15843
15034	252	20469
10573	258	18625
17772	288	28739
17402	252	20812
13999	325	16471
16202	258	10563
16771	254	29125
14562	254	14126
14355	325	16824
12488	325	10563
15292	325	12520
20232	288	18887
11787	325	14782
13642	254	14126
25815	254	26297
18014	291	10761
11966	325	18331
11585	316	27107
15292	258	28053
10542	230	10505
17980	268	11554
29548	288	17139
18848	258	13389
12927	325	19561
19039	252	15040
19755	220	11335
27484	325	20636
10971	254	16171
16650	278	18331
19939	325	29751
13378	254	25886
10692	239	12588
11134	278	13773
14515	288	20871
20203	325	28130
17390	316	11938
16871	288	17554
17615	325	14869
29166	288	27472
26935	325	13872
12886	325	20115
16733	223	15134
14297	260	27773
20199	325	14917
28123	288	15417
16001	278	26179
19928	325	10943
29784	325	14633
27957	252	28354
27630	258	12500
20488	254	11461
12704	258	14782
16764	325	18085
28207	325	18815
18094	223	19778
14040	254	16171
16555	305	28583
13277	325	13574
26213	325	29789
17232	297	28997
15454	258	13470
16226	254	14136
13694	220	25851
16249	325	13910
29280	325	13278
17606	254	14105
15905	220	18012
18804	282	19410
13676	254	13185
26631	325	14465
12533	254	17897
11955	325	11617
19130	325	12522
16917	317	12871
27682	325	28072
20479	235	28862
18073	325	13966
13537	258	14782
28353	325	12428
19764	325	16824
17888	288	10932
17089	254	13173
19212	268	28149
10633	325	11917
26498	230	12939
18181	220	29043
26739	278	25955
20421	258	20574
28599	325	29941
20908	325	20115
16183	220	19940
26826	288	10680
13206	254	11901
19830	252	17398
11644	325	20286
20042	325	29899
19764	325	14286
12829	325	13872
26934	325	28092
20520	254	20666
12774	258	19561
18741	325	18988
11141	325	18104
28859	325	10943
13899	254	11901
14085	252	29560
16069	325	15028
16549	325	20452
15888	282	13971
11938	316	26632
27461	252	13847
15184	229	28161
16858	254	16906
28208	325	12243
12455	325	26386
18002	325	12715
27343	258	11286
14371	325	13932
12635	254	20287
28499	325	27805
15429	325	12500
25861	325	12297
14464	254	29125
13706	325	20609
12167	325	20452
27844	258	15724
28059	325	26451
15722	254	20248
16625	243	20723
18772	288	14922
17621	252	29867
16528	278	10792
18282	254	28767
18027	222	12536
15632	254	14136
29300	220	18181
18069	325	11179
16944	288	29546
19594	278	12846
16881	214	15796
17413	258	28184
14502	219	11901
17294	258	14075
17916	325	17992
18506	305	12406
27932	325	18625
17870	254	14459
26829	254	26188
17202	325	27732
19200	325	27473
13763	325	11786
18877	325	17635
19699	317	18550
15216	325	26878
26886	325	26970
13255	325	13872
18505	280	27814
14476	278	15089
19874	231	29837
12160	325	14820
17643	300	29274
28124	254	14658
26041	306	16230
18459	325	10986
14772	325	26928
17916	325	15724
15276	325	13773
25597	278	19328
19067	325	15574
17421	288	15396
13445	325	13121
19403	258	11786
20159	325	13030
13263	289	19410
13199	254	16848
20539	258	17651
18132	252	15434
26129	215	10876
15153	271	11258
12563	278	17458
26702	245	25717
18281	263	14459
16168	217	28695
11099	254	14459
10852	258	15180
15202	325	12244
29716	325	26322
17266	254	28817
12833	215	12060
17464	325	12244
14183	325	11085
27823	258	11941
27559	325	15574
26054	258	12928
20995	288	18988
15329	223	29823
11104	325	28187
16884	223	11901
13430	325	12649
20963	325	29751
17479	325	16492
10559	288	28045
26728	325	12520
29564	325	28045
11215	258	25516
28989	325	27080
18188	214	19171
28631	288	12164
29316	254	19621
13506	254	11638
27236	325	11786
11464	325	15568
16219	325	19020
25585	325	29833
27870	254	17897
13739	325	18036
28887	254	28149
15136	258	28092
15660	325	18797
20624	325	20808
29353	222	13883
11697	252	11773
10959	254	12404
19663	288	16824
13610	229	27419
27835	254	13185
20077	325	29998
28855	263	27986
15502	325	27848
27124	231	27665
17225	288	12218
20397	288	13376
17445	325	12846
28967	325	16614
28534	325	10504
11062	268	11901
10815	278	14611
19743	325	16388
28457	325	12505
18316	325	10595
29144	254	14548
26321	254	14459
25736	258	18639
18259	325	20609
25626	254	26892
10770	254	28149
16509	325	18707
14685	325	28500
29697	325	13121
28365	325	14793
13227	288	29387
11872	263	28149
26408	325	11786
25738	325	16728
14991	325	27080
19810	297	18913
10584	288	26575
18655	254	20248
12311	325	16450
26320	325	12244
19800	282	15132
26764	325	29751
29018	268	16171
19757	325	27902
27444	325	27080
20772	325	13680
18771	325	28130
18628	220	19596
10654	325	26386
20828	325	17021
26044	278	17458
15031	325	17139
16357	258	28719
29358	278	14611
19048	325	13376
11501	254	27350
13053	325	12910
14452	325	15075
15185	286	18271
14592	325	16235
16510	254	28438
13737	280	27513
15048	325	20115
25861	254	11901
18727	325	17494
26904	254	12404
14845	258	14075
28164	254	14136
15479	278	12361
19078	325	14611
26675	261	11897
12714	325	15180
13982	254	29308
19823	239	11901
16282	316	26632
17105	288	20032
29815	254	14126
19959	254	11901
14440	278	17300
14614	254	10732
11767	278	19992
20523	325	17992
20378	325	26724
18357	325	15492
25515	254	25621
26718	325	26127
13682	325	29744
19403	258	19957
12843	325	14705
16450	263	29763
15847	220	29914
19443	278	27614
17410	288	29546
20003	325	26444
15063	254	28931
15711	325	16942
27660	252	10869
16508	325	13773
29053	282	27300
28022	288	13723
25829	254	14658
29956	278	28045
11975	325	10776
19241	254	11638
19466	254	29881
14846	214	14328
27603	254	20666
20089	325	20032
17090	317	11579
27094	252	13438
28770	254	27252
14451	282	17993
14318	258	28045
27627	288	18182
20557	325	16432
29281	325	11686
20899	325	27915
27778	325	13236
25957	325	20808
20813	254	20248
19626	325	20930
28475	271	27300
17320	288	14072
20838	211	13238
15873	288	15359
28171	254	14954
16873	210	10539
26001	325	11786
20470	254	12871
14016	325	28805
16456	325	29220
16150	254	14136
28318	254	13185
17378	325	15712
20017	325	26970
15659	325	13470
27827	325	20219
19320	325	18887
25796	325	13872
29666	254	10539
29951	325	25733
19325	254	11901
20158	280	16602
13532	268	11461
13405	280	18911
12578	220	26942
19005	263	28931
19529	325	11650
16232	254	20248
26332	268	14136
13023	231	18991
26605	227	15518
19820	223	15191
14421	223	19263
18970	271	17113
20306	278	18988
14735	325	29751
12421	325	15198
29718	325	18726
19577	325	18787
15703	325	29899
29311	288	19565
12055	325	16492
28271	245	25717
19260	254	13417
14794	254	25621
17211	278	28236
14588	268	15224
18099	325	28045
12356	325	16728
17154	325	25899
16325	220	14961
13000	288	13072
13790	220	17203
19099	325	27743
11744	254	13185
10905	220	27333
19975	254	19265
29030	220	12691
11850	254	11901
27541	288	12244
26348	277	27053
27150	254	20253
28845	288	19676
19919	325	16235
20059	325	13278
26367	252	27726
26748	325	16492
25784	325	11941
12939	230	10725
15586	325	28541
19838	226	16577
29533	325	25662
20490	305	15573
15878	288	20609
19577	325	11084
29474	325	11305
15989	254	17897
19987	252	13757
11809	239	29125
13575	258	28338
16386	254	11901
15474	325	29047
26301	325	14782
27978	325	16755
14470	317	19850
29041	288	27266
18808	318	10835
17421	254	13417
17045	325	16789
26963	325	16078
16762	325	15180
27604	258	25802
28110	325	20572
16780	258	27712
13110	220	29292
15794	252	11493
17156	325	12105
11533	268	16811
12483	254	12404
20873	325	18226
25514	288	20609
17051	282	26151
13012	258	18899
27623	282	27580
12371	325	14075
28094	254	28817
19776	325	19561
26391	325	28092
27074	288	20794
13148	325	18104
28525	258	16432
18951	254	16685
10951	325	18860
27583	215	19602
26806	254	11901
10886	325	26322
28014	288	20636
19946	325	13507
18469	325	18887
16835	271	29983
16441	268	11901
29978	280	28126
16636	220	26212
15766	325	26386
14589	305	11797
25784	258	18571
14558	288	20115
28575	254	11461
11718	252	25633
26945	258	18726
13769	325	28053
27423	325	29387
11485	325	10943
11529	325	26350
26622	254	20248
13388	325	26350
26401	278	12910
10918	288	27080
27505	325	20636
17471	258	12522
29918	325	26179
14724	254	29763
20097	325	10595
15124	325	14075
29281	325	16614
12329	288	28551
16773	325	11941
20043	252	15731
26906	252	13964
28322	278	18571
17787	325	19719
18323	264	15132
20811	258	13278
19073	325	27138
29390	307	29207
20666	300	14589
10886	254	15134
26827	325	17360
28779	325	19565
16876	325	25602
17765	325	14465
14337	240	17672
28457	325	15492
26895	252	17395
11315	318	27148
18848	325	13376
15764	288	27059
17450	254	10796
14628	254	20248
14234	278	16726
19851	325	15883
29791	271	29983
11500	231	11449
16416	254	28149
20070	261	18808
25665	326	13567
28802	252	13521
25783	278	20871
17662	325	29220
28921	254	20666
16063	278	13680
20439	257	14681
26924	288	28607
28992	325	12500
16290	325	20930
10848	254	19850
15272	325	13278
26106	325	10563
12131	254	17897
25883	252	14423
12621	325	27473
29690	325	18931
19663	258	29488
15667	288	29899
12863	217	16669
13394	263	20749
12710	254	11996
15298	288	28551
13605	325	10652
10908	325	18726
20028	258	28480
25540	325	28045
26824	325	19328
26571	271	17312
14685	325	29833
26557	325	25807
27037	239	16866
14174	223	27777
27332	268	15375
16176	325	12428
16116	254	13417
14571	282	15665
15617	278	14611
28813	325	17360
27563	305	26830
28834	325	13708
12384	258	27080
13829	258	28341
17069	220	28400
17043	325	11068
14524	258	29259
28603	325	15307
18402	220	12561
15678	220	20356
13807	325	19565
25711	325	11772
14815	288	18840
14613	282	12832
16754	258	13872
12381	305	29822
20154	229	25773
12691	220	28524
13640	220	25542
10604	288	26783
25783	325	20871
27579	258	26350
17580	278	15180
12310	257	17107
28752	258	19971
29274	300	18136
25653	325	12428
27992	254	17897
15940	231	28577
26668	258	20452
27369	254	11608
29837	231	19759
26686	258	16824
12021	325	14771
18858	325	12910
26712	258	26179
11355	288	16235
26778	288	25733
17958	300	18180
10647	325	26589
11333	325	20452
28658	254	14105
28946	325	25662
26260	220	14912
19060	268	28149
12604	258	13084
17353	318	16685
13509	325	26179
28667	325	18281
20363	254	14459
15211	325	14286
14478	258	20930
25993	325	15697
29095	254	13185
28626	263	11901
18408	254	13415
20402	254	17897
14110	251	28315
14766	325	12965
17957	325	27983
15484	258	16728
26559	254	11638
18287	325	13781
26343	278	20452
26875	325	16388
25724	254	11608
28243	231	25697
19163	254	16811
14222	220	16531
12207	258	10652
16676	325	25944
10697	325	14075
20795	252	19039
12265	220	20431
10774	258	27569
29364	220	17175
27380	254	14126
26824	325	18217
19985	220	25836
15661	217	12026
19151	282	26649
15301	325	26144
29946	258	20609
18595	325	12244
19432	287	20519
29704	325	12820
27504	325	13121
26994	252	29846
14365	325	13278
19907	325	19565
20021	288	14494
20588	258	25602
15930	271	27300
16174	325	27732
15562	263	25712
19042	320	26064
26162	254	12404
20287	269	27454
17442	219	26837
18809	325	17314
18724	268	28149
14677	325	20290
18979	325	15180
12963	325	15106
27576	268	14459
29018	254	16171
27541	258	18104
18533	288	18931
13526	325	29579
15217	325	14286
11030	261	11315
16247	227	18399
26187	325	10792
14762	268	11638
18334	320	26157
25573	325	20022
25996	325	29069
17322	325	10595
14925	258	29579
11440	254	20248
28454	254	11901
29566	258	13394
10922	288	20219
29801	281	28942
12133	288	19228
17288	325	14494
14787	258	25733
14440	325	13495
13083	258	13376
10813	254	11901
17746	288	27902
11791	288	26081
14655	325	25662
27333	220	13437
28239	325	17314
18267	297	18403
16854	254	13185
25915	325	26282
14175	288	12910
16429	278	10563
28062	254	13417
12489	325	14917
14114	254	26222
28912	288	18104
15822	268	14136
14513	280	17668
11601	286	13814
17127	325	13121
27373	325	14458
19777	325	14286
18050	254	10526
18189	325	27569
14675	325	14286
13442	254	11107
17172	325	13588
12903	325	14276
12940	252	17219
14203	254	11461
13440	254	14136
12177	325	28500
17223	325	10563
16753	258	28236
15109	278	28500
29907	258	20290
12009	325	10854
14275	288	14782
16180	235	29442
16540	278	20782
12429	292	28620
16365	223	18550
11757	304	17068
16644	325	12846
17729	325	13833
12875	325	13108
19214	325	18036
15268	254	20450
27420	294	11850
14006	325	25662
28482	325	13773
18409	254	25621
18859	325	26350
29716	325	13838
20583	328	11855
15408	325	29998
16797	325	28236
17378	325	29135
19761	325	14625
16256	288	26386
20680	278	26179
15522	325	18899
10954	288	13376
13537	258	17139
18049	268	20248
11129	325	20171
14827	281	28158
18322	278	18331
13505	254	28291
28371	325	29751
15235	254	11461
27690	325	12164
12240	254	11504
15171	325	19420
26686	254	14459
13733	325	13108
26660	325	15180
26268	325	25802
27394	223	27794
28640	325	14072
18239	325	14286
25664	325	15180
15498	325	18639
12812	325	18744
27369	288	11526
20230	280	26315
27579	258	19420
17100	325	15180
11583	254	28843
12730	258	11085
20064	325	28092
15077	254	29308
20441	254	11551
26219	325	12244
17901	268	11901
26508	258	17825
20658	211	27022
25981	325	27747
18997	325	13470
27731	325	20298
29557	257	16651
15722	278	20636
27099	282	18746
11916	258	18639
29059	268	10571
29866	325	20551
18028	325	15727
13531	227	11260
16390	268	14126
28786	325	17426
12781	254	11638
16285	254	14459
26268	325	11786
16745	251	13238
16862	288	14267
17757	231	17463
19302	223	14712
14313	325	16492
16486	325	26856
26944	297	16850
18698	325	18362
27145	288	15724
12484	325	29751
25582	278	27080
12773	258	12846
29365	258	18104
29503	258	16728
29784	258	14372
27440	325	15075
14225	282	15665
28141	325	14839
16357	325	25733
27843	325	20290
11503	258	14782
20603	325	29387
13881	300	18506
12433	325	12164
26566	252	16610
19870	325	14611
18201	288	10563
20156	239	26265
27486	268	11554
15330	288	16492
19663	258	14201
13003	325	25602
28060	317	14136
17425	254	28149
26924	325	28739
17522	254	13185
27683	220	14035
13153	325	11772
29190	220	18633
27821	254	11608
12670	254	12783
10847	281	28158
14040	325	18931
25950	258	12105
26497	254	11901
13914	325	10652
16970	263	18242
15071	325	27805
28890	254	17897
12844	278	19992
28253	325	16235
12899	325	14782
12188	325	28089
27406	325	15234
26191	325	28089
25577	325	20032
29695	252	16458
17145	252	11995
12723	325	13236
14481	325	29135
15166	268	18550
14749	258	12491
17507	325	28541
16713	258	13376
19263	227	14421
12113	258	28976
16776	325	18182
15233	317	29125
19430	231	14796
18052	220	20449
25925	325	27472
13220	325	12500
29433	325	14465
29515	325	17314
28804	278	10730
13215	254	20666
27668	257	18467
18594	325	12822
12093	273	16942
14555	278	20930
20897	254	19850
11267	325	15180
12049	325	12076
12637	217	15236
11670	239	11901
14840	325	13470
26308	288	17826
20890	254	29125
26899	211	27022
12508	325	27472
20569	325	12820
15005	325	17635
29198	297	18913
28725	254	20666
15477	325	14611
18976	325	13680
25602	263	11901
16958	219	20248
26765	325	28579
28042	223	20848
17457	239	19880
26708	254	12190
11875	325	28541
29569	268	11579
19048	278	13376
18809	288	28579
27421	325	15744
17978	254	17603
13412	268	26188
11489	282	19329
26818	288	18182
19487	220	20904
12317	325	12244
20353	282	28054
17536	278	26451
13779	220	28545
17158	252	20218
18248	239	19880
16165	325	12910
29910	254	26188
14226	258	19992
14620	325	19971
10918	288	15712
16380	325	13376
17737	268	17897
26998	325	17297
16525	325	17494
29057	258	13698
13680	263	14459
17397	271	29983
12825	325	15234
19216	254	14126
26672	325	18182
27760	325	16345
11037	254	28149
12225	325	28072
20002	288	12105
16717	316	26564
10790	260	10856
14612	325	14191
26224	263	11901
12154	325	16270
14106	220	29134
25565	254	27044
26857	254	10796
29361	220	11749
17225	325	12218
16331	254	11996
20898	254	12871
27872	235	27044
14452	325	26350
13465	252	19822
12366	325	14611
11135	316	26585
25825	252	28955
16913	278	11786
16109	325	20219
10570	254	11901
15437	294	20355
13586	325	29220
25704	325	13278
29139	258	27472
10818	325	16728
12780	254	14136
16897	325	18988
13824	258	18104
20557	325	13108
11086	278	13470
29639	325	18726
10633	254	13239
26578	325	18104
18999	227	14291
27240	254	25637
12468	278	18797
14739	325	13574
19169	254	13185
13401	254	28149
26326	325	12428
15491	325	19246
19431	252	12718
10852	258	25574
13909	239	29125
20843	325	11778
20304	254	17897
18617	325	20286
10765	227	15470
15974	325	15307
10677	325	16270
27708	325	19328
11987	325	16148
17285	231	16033
26871	325	20169
19526	278	11085
17258	254	11901
18457	325	18988
20358	300	17739
17949	325	18281
29244	231	19874
27091	325	15568
16592	278	27472
28264	325	14625
14717	325	29899
14988	325	12703
13729	288	27473
26433	254	26033
28975	325	18797
15115	258	15712
28415	325	20522
16933	258	13470
11431	254	11461
27667	325	26724
16365	223	16685
17149	254	17897
20202	325	25733
19851	254	13980
14626	305	26217
11543	252	27694
28242	252	12974
13243	254	14136
13255	325	18726
13189	325	26724
15659	258	17139
15930	257	12709
19012	300	11461
29847	254	17897
11141	325	20636
27463	325	16726
16164	278	14458
10608	281	29650
13922	325	16787
16253	239	11901
17353	318	17643
19703	325	12822
27733	325	25602
20090	325	13470
19586	325	20115
26955	239	29125
17252	220	27411
28161	301	27445
26922	258	11778
11663	325	19465
11976	325	17458
11963	325	29259
14607	288	19363
12841	325	17360
28879	254	11901
13771	325	12500
17512	254	11901
20587	325	11144
18092	325	18744
26110	325	13376
15164	325	28805
28220	252	14085
19948	325	12428
20362	325	29789
12172	243	13532
19581	325	11811
11976	325	27902
12128	258	12274
18867	325	19228
12659	318	15635
15280	325	15724
13345	254	19642
29424	278	12522
15117	325	16789
26130	325	29743
15164	254	12871
28061	325	26327
16241	222	12536
20908	325	12076
15676	281	29983
15084	325	10986
11116	325	29387
11344	222	26100
14694	325	28072
25939	268	14459
14000	257	19750
27053	258	26348
26592	278	26179
19002	325	29319
11396	288	18577
13632	258	16471
27583	282	19602
13748	288	27080
11497	264	16077
13825	325	26878
11446	288	20022
16783	258	16270
28157	325	16471
11629	268	20248
17755	325	29320
14853	325	13278
26474	258	16492
17857	254	11901
28899	325	16824
11857	254	16065
16526	325	28045
15188	254	20248
27427	282	13011
11147	325	20636
26893	252	26180
11196	325	19719
28769	258	20636
29595	288	15198
13015	288	16388
27328	325	15724
11846	325	29789
18293	325	19719
17936	325	28089
20856	258	12958
15988	219	17643
16011	325	13030
25565	325	11941
11784	231	26131
16976	288	13470
15049	254	28149
19495	268	14105
20793	325	19465
14196	254	13185
15452	325	16726
15875	278	14458
17802	239	12466
19074	268	15456
17144	268	20248
11915	325	26589
19576	325	17314
13578	325	10986
27470	325	20022
26176	305	17640
14217	325	14855
26956	288	25602
12010	325	17651
27647	288	13816
20368	254	11199
13253	325	14922
11408	254	14459
16131	325	28092
17755	278	15492
14427	278	14941
15359	214	16818
28830	325	14782
15895	263	16171
18448	258	15180
14667	288	16824
29260	282	26943
28347	325	17314
17335	325	18577
20466	278	11786
20971	325	16789
13373	325	28092
17705	288	12649
16461	278	27902
28263	325	29203
16457	252	12036
11581	325	11872
19910	288	20914
29524	325	26084
20757	254	29763
17596	325	19719
25830	278	17635
25706	316	27439
19982	252	10556
29508	254	11901
14130	258	19335
18268	325	19465
14240	239	29125
15392	325	28053
12394	258	28236
20192	325	28045
27190	325	28184
27505	254	26548
19150	325	14869
29677	254	25637
19361	325	16789
14581	254	20248
11396	258	17245
12132	289	18244
14125	325	27848
17321	254	11554
18989	325	11778
20999	305	17643
14224	258	12076
28910	263	20379
29243	254	14459
19300	325	29899
28084	258	26043
10650	325	14689
18907	220	12347
15432	258	26386
18246	288	14689
27512	220	27584
26632	239	18550
29338	325	29387
20025	239	17897
17452	254	26297
15600	325	12910
15544	325	10563
17970	254	12404
19312	243	20666
10964	325	27743
14730	254	29125
13557	254	14459
14558	325	14458
13040	325	14372
14077	288	16235
13862	325	19465
13803	288	18104
14708	305	29340
13060	325	12076
28648	223	13037
19457	325	26179
28737	325	14820
26257	325	10504
11159	220	19105
19015	318	28857
19689	268	19850
27975	278	28089
13940	288	26970
12441	325	18542
26854	258	15075
15943	322	16377
17228	325	16450
16418	325	27747
11916	288	26856
28412	258	11778
25960	258	18070
18054	277	12477
11813	258	13872
18833	325	29546
16886	325	29220
26844	288	18104
26966	325	19246
14176	258	12958
13504	325	26144
19274	325	15492
11653	325	27472
13775	288	27080
28663	263	28149
14327	258	13121
11644	254	25621
17058	254	14126
17508	278	25529
12833	294	16093
12424	325	11031
14224	288	12076
25528	254	20379
11366	220	16019
17443	271	17251
16938	325	11778
26149	254	17897
11560	325	26386
14568	273	10586
16934	325	27902
11340	254	18880
15576	254	14459
26931	325	20219
26017	325	19565
27676	252	15839
20994	252	27581
17623	325	12500
16035	325	20290
13728	258	28072
29028	288	29899
27956	325	11756
16334	254	11608
17114	325	16874
29530	325	13278
18885	254	28149
17023	325	27569
12663	278	12500
15527	254	20248
15717	280	14638
15769	258	12846
15396	307	19005
19472	278	16270
25865	325	19563
15000	278	20636
10941	228	11417
14087	325	16492
11171	288	25802
27787	325	20290
17164	231	26894
12273	278	19565
18503	288	15075
11984	325	20609
27048	254	11901
28893	254	11638
15629	268	11996
29698	325	17651
16616	254	17897
17736	252	29948
20098	325	17021
29942	325	26970
29246	325	16492
20431	220	19091
16456	325	27902
20859	254	11901
18644	252	19107
16790	325	26179
11920	325	13680
11416	325	14995
13859	288	20115
16353	325	14075
13317	227	11689
26366	325	26970
13646	325	19957
14510	325	27361
13187	325	28805
20805	325	20636
27306	325	16874
12516	325	18104
20231	325	19904
12685	282	13519
29759	254	14666
12644	254	25621
17829	294	12061
14049	288	14941
19405	231	17831
29099	325	20459
13608	325	15028
12777	325	13872
28935	227	13423
16540	325	13376
28024	288	27473
17387	293	28356
26199	325	20115
13981	278	13723
26381	325	16665
15123	325	17021
27348	254	11901
12542	323	25533
13925	212	27847
20300	254	12871
19149	220	14282
20055	258	10986
16602	231	20158
18650	288	29259
28734	268	18253
19867	227	11054
27752	278	26348
18846	254	13650
13226	325	18639
20484	325	12846
20946	325	25662
15333	325	14276
15729	268	11901
16847	325	16432
19068	325	29220
14581	288	13376
14050	254	14105
14230	254	11638
26998	325	12928
14241	258	15744
27728	254	29125
17038	220	29343
16864	325	12910
11888	254	19979
13357	258	12491
15586	258	29319
17140	268	16171
11590	316	15635
29535	254	20139
10541	325	29112
15308	325	27080
18650	288	28236
17001	258	27472
29116	325	14458
13830	288	12076
17040	325	14611
10546	325	12699
19939	254	14459
20844	325	13470
13017	258	18362
14859	220	17286
17595	288	13932
14600	325	16270
20641	325	18931
15805	280	26128
18133	325	19328
17969	325	13470
19978	325	16824
12965	263	27044
15327	254	16171
19014	325	12505
28452	254	14136
17368	258	12500
26820	254	11638
19532	258	26589
25665	313	12019
14025	325	12505
15396	214	27803
29314	325	13698
25824	325	16090
13560	325	20808
10746	258	16728
26181	325	27346
11668	325	28089
20135	325	13072
19040	325	12244
18409	288	19234
18163	325	14465
17644	325	19635
13003	258	16345
20336	325	16942
10959	325	15883
28917	288	10595
11503	254	18880
14416	325	16345
28835	254	19733
11845	220	19310
16508	288	20022
20217	317	27044
15111	325	27473
13814	295	12294
28533	325	17825
12717	325	20636
27290	325	13376
15002	252	12789
18626	254	12404
11912	254	12404
28649	325	10595
26656	278	28791
26843	325	13872
18379	325	20452
26952	254	20248
19746	325	29998
28007	252	27268
12408	325	14075
11118	254	11608
18338	278	28739
16174	325	13908
16220	325	29998
17281	325	28805
11750	258	28459
10713	268	27517
14250	222	16348
26359	254	28149
20455	325	27171
10821	258	27876
11462	252	17145
29757	268	17897
11782	325	29135
27250	217	18407
14175	325	12910
28339	325	20808
26353	254	14459
19853	325	14458
12242	325	12946
28611	268	29207
25762	325	15697
29314	325	12662
25595	254	26837
11819	254	16685
14897	258	28045
16420	325	25619
26397	325	20115
20363	325	11213
17049	223	17643
27187	325	12076
17771	278	13932
12448	254	20248
29303	325	19561
10701	325	20640
10617	325	20338
17227	325	28089
14809	325	15234
18503	258	28341
16593	220	17398
19204	288	14286
29030	252	17348
15019	258	11811
26008	288	11085
13401	325	13680
11990	325	20298
26544	325	12820
20689	278	15078
15260	325	20290
27336	227	19341
16006	325	20609
28074	325	12857
12385	254	12404
12202	325	29069
17200	278	12184
25810	325	20032
17618	220	16192
26329	325	19561
13585	325	10595
11722	219	14658
29029	278	29220
10629	238	27022
28027	325	14922
14842	317	26297
27290	258	29751
27328	254	25621
27766	255	26793
29681	325	12105
13409	254	13096
18765	254	14459
14396	254	14136
19073	278	18988
17964	254	14658
19452	254	18562
18658	278	27902
13287	325	19328
17671	288	15106
28133	325	15724
15365	325	12428
29121	297	18799
19143	325	13872
19534	219	28727
18591	288	29617
18382	220	27894
12836	325	11179
28584	263	29125
13851	325	13470
19297	282	20295
13686	257	16643
14058	325	27361
29619	325	17245
17162	288	27876
27165	325	14465
13521	252	19792
19859	322	19917
18953	258	18104
15074	289	18244
15651	325	14458
20031	325	28551
28784	278	10506
10525	252	12940
15169	278	13588
12112	231	15309
27374	268	18880
18554	325	12958
28197	325	13680
28260	220	15590
28501	325	13236
25824	325	13680
15169	325	13236
29130	254	15094
14755	258	17314
14709	231	13732
11810	325	29488
28152	280	27401
19562	325	26228
17848	254	20248
16965	252	19070
26945	254	17249
16009	325	13698
26644	325	12928
29028	258	14372
26881	263	28149
15503	288	17360
15231	268	14136
29936	268	11901
20912	254	27044
13191	288	26486
10582	211	27022
19729	280	11660
11079	254	11996
26216	254	12871
13357	325	13960
17680	278	16824
26202	231	16411
17240	325	18639
19564	325	11778
15582	325	12820
19174	278	14075
29000	254	25621
11226	325	11213
13937	252	18006
16232	288	20636
19797	325	20808
25878	325	25955
26749	325	25619
14954	219	14043
26940	220	15847
27221	325	16270
14455	317	15993
19551	268	14136
12622	226	28942
28948	325	16712
27754	325	19465
12818	288	19561
14415	325	18639
18045	325	13910
20951	282	11744
18121	325	20286
11184	278	19565
19460	278	20022
29469	325	18606
15254	300	12712
14819	268	19642
14596	217	26114
14023	219	28149
17432	239	29125
14161	268	11901
18251	318	19395
15540	278	28344
13846	325	17635
20589	282	28997
16816	325	13723
27965	325	12820
13595	288	16726
10845	325	12118
16222	325	16824
17843	268	11901
18409	288	19465
16786	268	20248
18340	325	27472
12976	325	19885
17102	288	19328
10602	254	11996
27819	325	19885
11109	325	29259
15441	258	20169
26781	325	18726
11722	294	11725
29913	254	12871
18705	325	12428
14958	325	14996
14559	254	20020
26828	223	26217
15582	325	28072
28753	220	11995
27657	254	17897
28353	254	11863
11666	254	17897
11640	325	14494
13975	288	14075
15726	258	29259
18450	231	11113
20772	288	16450
25919	325	15234
20420	220	15316
13956	258	15180
11091	325	20609
20618	254	14459
18189	325	14191
20150	320	13185
18409	258	29546
17887	325	14458
27080	214	13748
17046	258	26836
12625	220	15044
15591	278	13843
25884	325	17635
16291	254	25621
27226	278	29998
10774	288	17139
27729	279	27924
12574	258	10792
29376	254	17897
20875	325	18887
29194	325	12820
19169	288	18797
20393	325	14276
26879	325	13723
26638	258	12076
14365	258	17645
13642	325	17651
15886	325	11085
25547	325	29387
27541	258	10595
19095	325	28500
13070	254	20248
17520	268	14136
12516	325	20290
16157	254	16171
16116	325	12715
20498	252	11227
27709	252	15071
29561	325	27747
17591	268	11554
29731	325	19889
14885	309	11191
27890	307	18095
27691	258	13495
15938	239	18880
15494	268	20248
13278	307	29522
14679	212	29682
12877	307	16743
16303	252	26022
13570	325	26127
27647	288	18920
15708	254	14954
14958	254	28149
13090	258	28548
17120	258	15234
17832	257	14681
27005	325	20219
16052	254	28149
19055	254	11461
26739	254	29763
15290	254	16685
26715	258	29926
18288	268	28727
27366	258	12076
27690	325	14372
19781	325	12520
18953	254	15094
14824	325	10563
16954	300	18499
27857	278	14465
25924	258	29941
11685	306	29960
26561	258	13680
25708	325	27569
28253	254	12871
19133	325	19328
19819	254	10796
10999	257	11737
13790	252	26492
20263	240	11007
15679	258	20452
14879	325	29941
14437	288	19561
12055	268	14459
29875	325	28044
12646	325	28909
17642	220	29859
27926	261	25550
11351	325	27732
17671	288	20636
14986	325	12820
18123	288	13723
28792	258	27569
16334	258	27902
19171	288	18188
20011	325	29743
28365	288	12244
29079	325	27987
15663	325	14372
19507	325	27569
27817	325	11786
10842	325	11085
17106	297	26792
20068	325	18726
27506	325	14917
14453	252	12391
17695	258	13470
11371	289	13496
25985	254	28149
14445	317	27044
28226	325	16090
28221	254	17814
12262	254	17897
20042	325	12703
10706	252	25765
28756	264	27314
28354	325	11179
10705	325	16270
12578	252	11796
13583	325	11617
26643	225	28287
17132	254	13881
18096	325	26575
26368	325	26836
18080	254	13185
13267	281	29983
14512	325	12820
20114	325	29751
11149	325	29998
14318	325	12910
18686	282	17993
14820	263	29881
20151	252	29597
10724	325	14458
28119	325	16726
27000	258	18931
17649	278	20825
10839	325	28045
26007	325	16520
28241	223	14621
26807	222	18506
28041	325	20428
11974	258	28791
29331	254	11901
25517	268	17963
26641	254	19850
14849	239	18242
10996	325	26928
26656	325	28791
15016	325	15492
13952	220	28535
17695	288	14611
16693	325	12076
16571	325	20022
12062	254	12871
17207	220	16119
11435	254	28149
27148	269	20357
14526	220	26233
11589	325	29789
13294	254	14126
15258	254	19714
18755	268	12871
13054	211	14110
14713	254	14136
12549	325	10563
29455	252	16019
20232	288	20640
14524	288	15180
25634	254	11551
13549	258	16235
16830	254	20248
15552	217	29419
29783	325	18212
29545	325	16148
11297	268	25637
13600	288	27569
26424	254	14136
17828	325	28236
20844	325	29546
29861	325	10932
13262	278	16726
12956	325	26724
20291	220	10550
16553	278	16388
27344	325	13588
17936	325	27848
15539	325	20930
10867	278	16824
17482	288	13121
28691	258	19869
17740	278	14072
25742	223	13131
27589	239	16954
20310	325	20808
27470	254	20248
13601	325	15492
14241	258	29259
14815	288	13236
25734	278	10563
19247	229	19602
15689	254	11996
14665	288	20551
26134	254	14043
14739	325	17992
20270	254	13415
28011	254	11638
20704	279	27924
16124	325	18571
18677	325	13121
29954	254	11901
14041	216	17802
28084	288	20636
20792	325	27638
25709	325	14372
27406	325	16432
19505	288	18104
10939	263	13808
26408	325	16235
19798	282	26649
20841	325	12428
18590	325	29789
13133	258	25586
14906	325	28044
20361	278	13470
19386	254	19850
18928	258	20686
26135	268	11461
11468	273	27059
27290	288	13376
20970	258	16962
18975	305	17303
15224	219	26837
16502	325	12928
13618	325	13680
27672	263	11175
15578	325	16492
11923	252	11995
12627	325	16824
19018	325	14831
27992	325	20298
18716	278	20115
25844	278	29546
26544	325	13773
25535	288	29998
17168	263	11551
12545	254	12404
26648	325	20219
18332	258	18362
12544	254	25621
14897	325	28045
11334	278	19363
17053	252	28132
15511	325	14034
11542	325	13470
11173	325	11786
17516	261	25550
13430	268	27517
26693	254	14459
11392	325	15180
11254	325	16471
12555	325	12500
20145	325	15106
17885	288	19335
16031	325	14494
28646	268	11554
19657	325	27080
27932	288	11772
12334	325	27915
25627	223	26316
17448	220	12675
18862	325	10932
25891	222	26100
18234	278	15724
11648	254	11901
20301	254	15134
13755	254	12853
28927	278	20636
27748	288	12820
29068	254	11608
11015	325	28184
28600	215	13216
15607	300	15944
15027	325	12820
20561	325	19753
27520	325	29488
11331	325	12076
16036	240	26520
12067	325	18797
29711	317	17643
20587	325	13495
15449	325	20338
20904	220	26901
17138	325	19328
28911	288	16454
12792	294	15282
16988	325	28053
16284	325	25551
27579	288	20930
19345	254	12871
20880	258	17460
27933	325	27080
27030	325	29998
19837	254	29137
29693	254	13239
26264	325	25602
19046	325	14276
27561	325	18726
12634	280	15638
25725	288	19516
19598	325	20219
20354	278	10595
15667	268	12871
12394	254	16171
17136	297	28997
16525	254	11901
15006	325	18887
19578	212	26425
27956	325	15565
18763	254	11863
17282	325	18726
29797	254	11608
19992	214	25576
10954	258	13376
29310	258	15078
19207	325	17635
18023	258	29998
20862	254	14658
28716	278	19676
15476	325	13130
20303	263	11996
29771	268	29125
13176	220	14491
11995	220	17145
16108	278	10932
29591	325	29135
26800	278	12788
14212	325	16345
27219	254	14459
15566	325	29220
26276	325	27614
28305	325	13781
27605	325	15568
12324	209	28583
19171	258	14979
29628	325	10652
27477	258	20286
17304	254	20666
26192	325	15396
15125	220	15029
13432	282	11256
14221	252	20140
14232	278	18797
14219	254	20248
17077	231	13256
29576	325	16471
16616	325	28500
16034	325	15078
16297	325	20551
17871	325	12244
20719	254	16171
27205	325	20298
12901	254	11902
28498	254	11900
25535	258	29998
20889	325	13680
29828	220	18997
18816	294	16772
10639	254	13417
15136	254	12404
18220	325	26081
14607	258	12076
12827	325	14191
20039	325	27059
14850	325	27902
13289	254	25621
16838	325	12569
28949	325	14372
15669	218	10951
15202	325	26043
25570	254	26837
12151	325	11872
12329	325	28551
27070	325	11085
14788	223	12853
13632	258	15492
13273	325	28551
27001	325	16824
11995	220	11923
16181	280	19925
15351	213	14054
15076	303	13392
19655	325	10906
13751	268	13239
11840	220	17219
10589	254	15456
15485	258	12715
17028	325	17651
17317	220	29607
20692	254	28149
16933	288	16942
11059	321	19805
11200	325	14458
19397	215	12060
14602	254	12783
12120	325	14633
29907	288	20290
11090	325	18887
14746	254	11863
28455	325	29387
27109	254	28149
15756	325	29259
27309	325	28044
28310	254	13185
16441	325	20032
27306	325	15396
19851	325	17245
15406	325	25802
12558	325	12274
18693	325	26322
29922	278	11305
27249	325	11213
18464	254	16685
27925	325	17245
19898	325	27234
11672	325	15727
16723	325	18840
17744	239	11901
28830	258	10595
11149	325	28579
17623	325	11522
19479	219	19208
17435	254	11996
25872	288	29135
15446	254	16065
18246	258	28541
17904	325	18036
27857	325	25733
28076	326	25575
12104	278	15724
15001	280	19637
28903	254	25647
17386	325	20782
12734	254	17511
28348	325	28500
29788	325	13376
10616	325	19465
10772	258	13072
11806	258	20609
29541	255	17818
15449	325	18217
29505	288	20522
18753	288	20286
19866	325	18931
29916	268	14136
17371	325	17651
16786	325	11084
28319	325	12105
16564	325	14458
26966	325	12428
10844	325	20290
29604	288	13680
14906	254	20248
11302	312	12150
12515	288	15180
18043	325	12946
29016	258	28044
17400	308	26364
15098	280	12148
27891	325	28222
28414	305	12312
17196	254	14136
28546	278	27929
14309	254	28919
15671	305	15254
19846	288	18840
20715	258	29941
14534	217	12750
14492	288	20298
19249	254	26188
28816	271	28025
15455	254	11901
17131	325	18726
10584	325	20286
27641	258	20184
28119	278	26179
28478	258	19222
29595	254	13096
19784	279	27924
11342	268	11901
12618	258	29387
10885	325	17314
11454	325	11811
28238	325	26073
10994	254	14126
16953	325	14191
10994	325	26878
18607	258	28184
18135	254	17897
10940	325	28905
29049	288	16454
29026	258	16726
27979	268	28291
11688	325	17634
27899	325	26724
27648	254	12871
16879	278	26179
11640	325	14625
18638	257	27359
18199	325	20974
10649	254	29125
18362	307	14159
16978	235	13185
26863	288	25733
28834	325	14917
25741	325	17307
29315	325	28551
20593	325	25944
11739	325	20115
13679	220	13692
17340	325	12662
25784	325	13072
15620	325	17992
14750	254	14865
19396	299	16611
19442	325	15180
20079	325	19635
10878	268	16954
27117	325	27983
14193	300	17433
26686	325	10595
20412	325	18104
20099	254	28790
18622	325	25551
27921	325	18744
15144	220	12679
29569	254	20666
16982	325	25602
13139	325	28338
28969	254	13185
15169	268	20248
29421	231	20034
26392	325	16078
20149	258	12520
28117	325	28089
16767	258	17796
27481	325	29203
28077	281	13599
11541	325	13843
29678	288	11084
16313	325	19328
27465	268	10539
28404	245	27553
19434	254	12404
17070	325	16728
10897	325	13843
12009	278	10854
15866	254	27986
26392	325	17938
27451	254	17897
16732	254	28557
20635	325	17635
12168	325	28976
25673	258	16235
29534	258	17300
16655	325	10595
16678	279	27924
14669	288	15193
28638	288	28952
17118	288	12522
17722	280	12471
16392	254	17231
15060	288	28527
12684	308	26197
16058	258	10595
19995	268	20248
26435	325	28121
27517	300	12712
16908	261	27543
29720	254	12871
26299	288	18887
25874	325	16881
18310	325	28500
15818	286	18271
10769	254	13382
14809	325	27876
27197	252	18908
18507	325	11179
25950	325	19335
13934	325	16388
28846	325	25619
25684	325	14839
16340	325	15724
29624	252	17591
27874	325	29259
29287	254	28192
28107	325	20551
18554	325	28072
15192	325	15028
15419	325	12428
26712	258	12958
20424	325	17314
20720	325	29579
19663	258	16824
10576	278	20290
29590	220	15839
26561	258	12520
12437	278	29751
16772	254	18418
15058	288	12820
26692	239	14700
26976	325	25602
15337	254	28149
19101	227	14303
26442	288	29743
29663	239	26265
19060	254	28149
12104	325	15712
13064	325	16824
12141	325	10595
14850	278	14941
16655	325	16614
17908	278	13872
25644	325	26350
14339	325	20930
18242	300	20280
15086	325	28976
29464	325	12846
29492	325	13680
15428	268	13417
19342	325	19328
11396	254	13185
13326	325	29546
13289	325	19971
13889	288	13773
27802	254	18242
15766	325	10606
17828	325	27948
14803	325	18988
18119	231	29126
13986	325	16090
28819	325	13376
14586	258	12822
29535	254	28751
12098	254	17897
12698	254	11996
14365	325	12820
10895	325	28805
18997	325	18726
11587	288	26589
13441	220	16855
12376	254	18510
13035	254	14459
17480	325	10932
15953	325	18182
11909	254	11901
27332	325	29579
10988	278	28092
12674	325	18988
25777	288	18639
11076	254	20248
25903	254	25637
14778	325	11085
19251	220	20671
14069	297	18325
11307	252	12172
20633	325	14633
10839	325	12910
14245	325	13072
17117	254	17415
25605	215	25998
20528	288	17966
20472	231	13029
19287	288	13276
11583	325	12662
12528	325	18577
14931	254	28149
16236	325	13680
18312	254	28149
27519	325	27473
27541	258	20115
26626	254	10796
25917	231	16025
26761	254	12871
15101	325	12520
28124	288	11694
26899	211	15424
12146	257	17993
15615	325	19676
19445	325	29751
13269	254	26564
20818	325	13276
25704	325	17825
15412	325	25733
11051	220	19715
28003	255	14054
19260	325	10986
20687	300	18506
15667	278	11786
25871	254	13185
18886	325	12520
29760	282	14155
16245	325	28551
15166	258	12782
29000	325	20286
18189	254	16171
20603	325	26179
19373	288	17139
26237	325	25802
13646	254	17897
20393	254	13185
29853	325	14922
26470	258	17651
11503	258	13236
14116	278	18931
20306	325	26451
14690	325	20022
16438	280	17206
26844	325	27890
27366	258	19228
29366	325	27948
29354	325	15744
20774	222	18506
12356	325	13723
12728	254	26625
14531	254	11901
29589	268	14033
19622	325	11734
20053	282	12653
10629	290	27924
11357	325	12910
11669	254	11551
28024	258	18887
25616	220	10892
18663	325	27805
12239	260	10856
20123	268	11901
17820	325	18036
14032	325	14075
29740	254	16171
12854	325	20032
15803	297	25898
12971	278	14917
29587	281	14602
27834	325	15744
15534	258	17825
13275	288	12274
29643	325	26224
19896	289	18195
26366	325	13773
15663	254	12871
17706	325	14633
28478	258	13816
28126	231	29978
28701	220	15327
15549	325	17021
17369	325	20219
20630	278	29941
26917	280	16872
26582	254	16171
15097	258	15565
27262	254	11175
29919	258	26386
17990	254	16171
14335	254	14126
20746	325	20032
18411	239	29125
29067	288	28905
17461	305	20687
17604	227	13724
19960	216	15420
11296	261	10668
10686	263	14459
28239	325	26451
11538	325	26757
13875	325	25662
12090	278	13072
19474	325	14922
25928	263	13052
29147	325	20871
12437	325	29259
14771	307	27529
20976	325	16520
11705	325	26144
19138	239	17638
18667	254	16685
28136	325	28184
19522	325	14286
29564	325	26386
29070	294	15618
26571	257	13746
19467	220	26696
18624	325	20782
10859	254	18880
25929	252	26422
28841	252	14623
13628	325	11004
12666	325	17625
17434	325	10932
20837	325	27080
19818	254	29763
28101	227	26911
15575	278	20551
29280	288	20171
27613	325	28541
17806	254	11902
13306	258	27080
13178	288	19187
13216	254	11901
16329	288	15724
26522	325	26350
29652	254	26265
14931	325	14458
29547	254	12871
14815	258	15180
12332	325	11085
17014	258	13470
13448	254	27044
26148	258	18571
29825	254	12871
16908	316	27543
16623	216	20626
20485	254	11608
19140	325	18606
13011	317	29125
17195	280	29571
14744	288	20636
20056	277	14112
11531	325	18639
11593	227	17142
28269	325	17494
11344	219	20248
29853	254	13881
27679	288	10898
11423	231	29521
19953	278	17635
18698	258	18362
25698	288	15724
18503	258	15075
29019	325	13781
12134	325	19840
11435	325	28976
12377	325	18988
11141	258	14075
14377	231	16335
20859	258	20022
10897	325	29998
12519	325	12244
11960	254	13417
27989	325	10792
28622	268	18880
27014	288	29899
26868	252	16039
26831	254	12404
13069	325	28184
14313	258	12428
29790	325	18226
11956	268	17897
26650	325	27902
28594	325	14458
28519	325	17021
26506	278	13278
18089	282	26649
27194	325	13376
27542	325	20428
17525	278	20290
16569	325	20974
25686	252	15594
29426	325	26878
16211	258	27876
10774	325	18887
16779	288	20452
27599	217	11755
13963	220	17355
19860	254	13239
14415	325	11734
18096	258	28504
26042	220	11735
19409	307	26217
18248	239	19499
19421	282	20113
15669	263	27517
16512	249	29257
20476	252	12172
25577	254	11901
29367	325	26724
29855	254	14963
27855	252	13527
26764	254	17897
13798	254	29125
17258	325	29220
17505	325	14458
13976	325	13680
17704	288	29751
29213	325	29320
15039	325	28551
28572	288	29789
28263	325	16492
18084	325	16942
15437	294	18713
13434	231	13489
29063	231	11001
14804	315	29997
29326	258	15180
12467	325	20551
16762	325	12500
16546	220	19281
20714	325	16824
17725	217	27663
17773	258	29259
14781	325	14458
27661	325	25807
20023	254	20248
26954	325	11778
18683	318	15725
28167	252	29165
11350	325	19563
20670	278	14075
16952	258	29220
19660	278	13872
16539	211	20644
16588	258	13872
17936	325	14075
10942	307	20248
29399	325	29751
13905	325	18707
16543	254	14618
28001	257	27359
18735	223	26742
12538	325	13773
16416	325	11002
13586	254	11901
14492	258	20022
14444	258	14075
27452	263	18821
20517	325	18319
18082	258	28236
20866	325	12500
19700	278	13773
19318	258	15568
12797	278	14611
17195	282	15287
19287	288	18085
16909	325	27473
29325	325	19719
19205	258	17825
10821	288	20452
14040	325	13276
29268	307	20173
19762	325	14705
14002	325	20930
16595	254	11461
18133	254	11461
14948	254	12871
15854	254	12871
27022	251	20658
11385	223	12299
16821	258	14458
12280	254	14459
16994	325	16824
28673	325	28044
29964	254	14548
13307	325	28460
28084	288	16090
12948	325	16345
15207	325	27915
20002	258	12105
29926	263	14135
10509	325	28089
18312	325	18226
13495	214	27691
17072	268	28727
28784	325	12105
18214	325	15727
12643	263	20248
25783	258	18887
14180	325	16454
27428	258	26350
29849	257	17993
19680	254	19850
13841	325	25602
16143	288	14839
11164	254	20139
16892	263	19979
11252	254	14105
20201	325	18931
16110	325	29998
28206	258	28791
29738	215	27837
10602	325	15712
26539	278	29743
19823	216	17802
11532	300	26467
28692	268	29443
27575	325	25602
18734	325	14276
28079	325	11085
14956	219	11901
27869	325	28849
25850	263	28149
13321	268	13417
26544	288	12820
12668	325	27638
10707	325	16881
12157	325	16388
17969	254	26222
29037	254	18242
29202	325	16235
26936	219	28727
18154	325	12076
26519	325	13680
13627	325	25551
17062	258	20636
28489	325	27080
13850	278	16388
11853	325	29387
26845	254	14126
26715	254	14126
16873	321	10539
14485	260	12637
26289	325	13309
27317	325	14633
20929	254	11901
14111	234	28838
28798	325	17651
17977	325	11811
11284	223	26217
28880	235	19850
27101	263	14136
19826	288	29579
19352	325	10652
28039	325	15075
11248	325	12928
12608	325	10652
29444	254	28931
14129	252	18409
20867	258	19561
20395	278	17021
14702	254	20493
28380	325	27876
11024	281	16077
25513	325	29789
29163	297	10795
12995	288	12699
14601	254	16171
26374	258	14941
12225	325	13108
19172	325	20636
16630	325	10943
20158	282	27300
17668	257	27359
15979	254	17511
17463	271	17251
19668	325	13072
16379	325	17460
16590	325	12534
16855	252	12114
13189	325	20452
29604	258	16450
11048	325	13574
13137	254	13185
27124	281	13269
16068	258	19561
15006	258	18887
17694	325	18542
17696	325	20169
12861	325	16874
14129	254	25621
20598	325	26783
14209	254	11554
14243	293	28356
16751	325	14458
11474	325	18810
15232	325	13319
14990	278	14782
25629	307	28790
19719	214	19121
18573	254	17907
15161	254	28149
18591	258	29751
20037	254	20173
18153	258	18639
13700	288	27266
12295	258	16728
18570	252	10544
16804	258	20286
19995	288	10716
20389	325	15697
28934	325	14494
28104	268	16685
19505	288	12076
18173	280	27257
19031	254	16171
19362	325	28044
20703	278	18036
26483	220	16834
29801	282	12832
16588	258	17314
15726	325	27473
28005	325	26348
20747	220	20062
14958	325	29488
29483	258	16267
12198	288	10595
17752	278	29941
19804	217	10804
12403	220	19809
28107	288	20636
18706	325	18104
19669	288	18317
27887	254	17677
29454	288	19971
26409	325	26836
12377	325	20782
16933	254	10796
17870	325	28541
13829	288	27747
28194	258	18797
19860	325	18887
27291	231	11940
15566	278	12076
20421	288	20219
28706	281	17753
13676	325	18797
27027	325	18226
16441	258	12428
26871	325	13843
12724	325	12522
19659	235	11901
14116	325	18931
20729	325	16270
29317	254	20248
11688	325	19561
15116	325	12820
28412	288	29789
19290	294	17862
15586	325	11734
28539	325	28092
14932	325	17992
15775	325	18744
14545	307	15947
28783	325	20794
25571	254	26759
28724	325	29941
16496	278	20169
17841	288	16824
20869	268	11554
20755	322	19917
12811	325	28121
17906	258	10563
16164	325	20032
13186	271	15157
28299	254	20248
27641	325	15106
11805	271	28128
12357	305	14700
13637	325	20572
29724	254	14136
16376	325	16787
17741	325	15724
27856	325	10730
16539	211	13125
13794	254	16171
14690	278	25619
11678	278	17458
26809	223	20877
29534	325	16726
16783	258	13278
29045	239	17897
27687	325	13108
29752	288	12910
29915	288	28579
26419	288	27948
14739	325	14276
17020	325	10932
12304	325	16471
20950	325	29998
12133	288	13376
28253	325	28187
15708	268	14954
16838	254	28149
27183	325	28620
15730	252	18348
28753	220	11407
27604	258	14372
15475	254	11461
18243	288	27918
19377	268	11554
13751	254	13239
25503	325	28976
20454	254	17897
20817	254	16171
17685	258	20298
19892	220	18015
25567	252	18374
27448	325	29135
18337	324	13482
13572	325	28236
11627	325	11085
20558	254	16171
29445	223	13094
19746	325	12958
14130	325	26878
27124	281	27841
18436	254	14126
13321	268	14126
19157	305	19979
15767	325	20871
13303	325	15492
18862	325	19719
13295	254	19829
11974	288	28791
13640	252	12884
14238	325	19516
14852	254	20248
15539	325	26350
12366	254	15134
15817	325	28044
13064	325	13680
16470	268	19583
17381	325	12958
17177	325	19561
26480	325	19565
27866	278	27902
18798	254	13185
17309	254	11901
29913	325	29899
20100	325	20290
12055	288	16824
17015	219	14126
17467	254	15607
13017	288	18988
29739	214	13073
29475	325	17314
11282	325	13309
13600	288	27915
26974	254	25621
11612	289	12255
27373	325	15492
20380	325	26179
12384	325	14276
19365	257	27359
11929	258	29320
14322	288	26589
26118	288	18797
20896	325	18726
12597	220	19085
29403	325	27805
18265	254	12871
29748	325	13872
20712	325	14820
28490	229	19447
18778	325	13121
16604	325	20347
16998	325	25574
26247	288	29751
13283	254	11554
16869	325	29833
12494	325	11192
14529	325	12500
26004	219	10607
27729	222	16348
17761	325	13872
17861	325	11941
29625	254	18880
12189	325	20219
27052	282	20701
27355	325	12500
13316	278	16726
28630	325	16728
17885	325	12715
18808	239	17958
29984	252	18006
12693	325	20032
14899	254	11901
10975	325	16614
13449	325	13966
11738	325	14072
15859	325	11734
13414	325	17494
18249	325	14611
17369	325	16824
29248	325	17992
19337	254	11554
13690	288	12788
27322	288	28626
29029	325	12428
27164	254	18562
16992	263	11461
18348	325	19328
20535	254	16657
26272	220	26832
26231	325	16235
13385	307	13239
11969	325	12500
15360	325	16726
13879	305	15254
25708	254	16171
29845	278	19719
18772	258	11179
11641	254	12871
29810	325	28045
18693	254	15134
13474	273	27489
20950	325	14376
29928	297	20148
28928	271	12382
12035	325	12200
14586	288	18252
29040	325	29941
16160	282	29765
10626	278	13470
19727	325	10595
11121	254	25647
18238	325	18639
28129	231	26703
20814	325	14633
29326	258	10716
14563	254	14136
20469	220	15034
13403	325	27902
16590	254	29442
28412	258	12910
13526	325	29673
11704	254	16171
17959	325	18931
15893	222	26100
28027	254	17897
27957	325	14465
11760	216	18111
28912	288	28500
28420	278	27569
20719	254	29308
12411	263	18880
29588	325	10595
11141	278	20636
26672	325	19135
16357	254	17249
11752	263	12786
14609	220	17618
27733	278	18988
19804	217	26604
27420	219	11901
11626	258	28236
11112	325	10652
18452	325	26869
20447	325	11004
14669	325	18840
14449	325	18988
29849	231	12144
16555	305	29817
10721	325	13680
13824	258	14458
27674	325	29789
19148	254	12404
15603	325	28236
20225	278	14465
20853	220	15496
11779	325	15417
20236	317	26548
16575	325	19971
27160	325	16942
20317	325	18281
17092	288	12820
29087	325	15744
17592	278	18797
26802	325	27805
29515	325	14075
14847	278	14941
19939	325	13680
19865	254	12358
14626	305	12197
19945	325	26724
28599	325	15724
20208	258	12520
17087	288	20169
13378	325	18988
16260	254	26837
17653	278	16726
11780	288	28791
18109	325	29941
25503	325	16078
18072	257	20061
25757	254	28149
11671	254	14658
19783	254	29125
12104	325	15724
19111	288	12500
15295	257	16527
16279	254	28727
18220	325	27902
15775	325	29926
11838	325	26501
20999	305	18884
17236	254	29881
25915	325	16726
11836	220	14732
27205	325	19565
20523	325	29884
18671	254	17897
15424	251	27106
18937	254	15826
12864	254	11901
28571	297	16319
17544	325	17992
11469	254	12404
26429	325	16345
14139	325	26043
17259	325	27080
26792	268	14126
27909	239	18136
12944	258	16432
13612	323	12470
11466	231	26202
17105	288	20022
12263	288	11872
19955	278	14276
27246	263	10796
27035	258	29751
17424	325	28089
20721	316	29384
29883	325	19957
13022	325	15307
13031	254	14459
12031	254	15427
16552	278	15180
28084	258	28044
27221	325	14072
11053	217	12750
26557	254	29125
25540	288	28480
13183	325	12928
27331	288	18931
13434	271	15861
13877	325	29259
20886	280	19871
25891	219	18550
18139	325	15234
26334	288	15697
20386	325	16942
11854	219	14126
12534	263	29442
15441	288	20169
29984	220	14557
12010	325	18523
25539	243	11901
19737	254	12404
20023	254	15900
29776	220	15024
29717	278	17458
28371	325	17139
13381	231	19183
11418	325	17992
18516	325	29546
17317	220	12017
16723	325	19719
16904	252	19481
19503	325	16728
16571	325	27848
16825	254	17897
10746	288	16728
29898	300	16954
18953	288	18104
15279	325	29833
27842	325	13236
28982	322	14653
29964	325	13843
16327	325	25586
20051	268	20248
26735	325	15712
27839	325	25899
15159	325	27080
14649	325	27485
20634	254	11901
20239	278	18797
10673	254	27044
17813	263	14105
29457	254	15134
27108	325	27902
29163	215	10795
18293	288	17651
20735	254	11199
16015	325	17635
12196	254	11608
15526	260	16504
27835	325	19992
20660	258	27569
20691	325	13130
25985	325	15396
17874	258	29387
15366	325	28805
11525	254	13185
19098	325	19971
27062	223	16685
26699	231	17672
10769	325	20184
11830	220	19741
11518	252	17852
18033	325	18070
19971	307	12865
28638	288	27472
15851	254	16477
25682	325	13495
29951	254	13239
15659	288	20551
16056	325	16270
18914	281	29850
20282	220	27192
16437	258	17314
13421	325	19246
29413	325	10716
13489	257	11935
13561	325	19187
17668	282	27359
17173	325	13470
29397	254	18253
18986	258	25733
27927	325	20991
28868	215	20937
14579	254	11900
16249	254	28149
11109	258	11650
10619	325	20219
29712	325	26589
26145	258	20032
28232	288	28976
26094	325	20338
20411	325	18639
16342	231	28087
11186	295	12632
13486	219	10796
26633	325	29579
26677	278	18797
20324	325	18542
15153	257	14671
27153	254	17897
29222	254	29449
20633	325	20974
14056	254	12404
16449	254	11901
15204	325	11144
17419	254	14618
25811	288	26144
29295	325	26179
26555	268	12400
17929	325	11522
16603	268	27016
11095	254	14459
18140	325	25551
26581	223	12748
28001	280	15880
29409	254	16065
16076	258	26127
15301	325	13773
28035	325	27569
20839	249	29319
26852	288	16726
12393	317	14136
27539	254	26188
28253	325	10652
13892	254	17897
14151	325	18781
16768	254	16065
26358	254	27044
28059	254	11461
16656	257	19968
26107	325	18931
11653	325	16728
15707	325	28236
12953	252	10620
14754	254	12404
17882	325	16824
25769	278	14191
11195	325	26043
18370	289	11006
12100	220	25678
17499	325	12076
26431	254	11638
28644	325	16728
18826	325	28092
10501	288	19335
29002	288	16450
28867	222	16348
13324	325	14372
15263	325	19565
20937	254	14136
11098	217	19596
27975	325	27876
26578	254	20248
28886	325	25602
12122	325	28849
16677	220	11281
14452	325	13072
20901	252	26910
13690	288	19635
15830	227	14873
11768	231	13514
20612	268	19850
15127	223	12465
19656	325	11084
27869	254	16065
12158	325	14458
12162	325	28045
19363	263	28438
12142	325	15712
15092	325	28338
19033	325	28072
29216	280	13214
18011	258	12782
11687	209	17274
20895	280	27276
14436	257	27359
25836	220	19985
16330	254	11901
26606	239	25621
27951	325	20808
26176	305	20687
13853	325	29899
16540	268	20248
14747	325	27614
17296	254	14459
26474	258	20219
18007	219	26297
26373	254	28149
17148	288	19563
12069	254	11608
26789	271	19519
16069	325	16789
27652	288	18036
20748	325	27569
13774	260	20924
20938	254	28149
20641	325	29941
29114	325	20032
27318	325	10943
25826	278	26724
26551	278	28216
11581	325	18226
17067	219	17897
17197	325	20184
18313	325	26878
19510	325	12297
26874	254	20248
18455	268	14658
13383	325	18639
20251	325	20290
14038	325	11084
28954	280	12341
16822	325	17645
29377	227	18504
17371	325	19719
29802	325	29899
18563	325	13680
26371	300	18506
11702	289	19504
18513	229	20369
15380	278	13843
25987	325	13030
14974	325	11778
14014	254	12871
17086	238	27106
11351	325	25574
29894	268	16171
28134	278	11085
14092	294	14406
16294	278	11002
20082	290	14606
13650	223	15691
20412	325	20032
26153	271	17251
18480	325	12164
11407	252	11995
28552	254	28149
26921	325	20636
14091	325	20808
18631	268	19967
18575	288	29833
27139	238	14110
17369	325	14458
25950	258	18744
28464	216	27442
26153	281	17251
11929	268	11901
25874	254	20666
19086	325	16078
16173	220	27765
16987	325	14892
12347	220	18907
19631	264	19410
13488	288	28045
18082	258	19019
29396	325	13773
14066	288	13108
15116	278	19328
28357	268	12197
18156	325	12105
14131	268	16171
29742	325	28976
25769	288	16824
13233	325	28072
12762	325	29320
19023	220	26367
12872	254	20666
18596	325	14611
17595	325	19561
15857	325	16388
18160	325	18036
19249	252	14178
29973	325	10932
28897	257	28093
17235	288	18988
14446	220	19088
27927	325	15907
29668	325	12076
29569	258	19869
15758	325	14799
27295	325	29259
10502	278	12820
11842	254	12783
13883	305	15134
19935	325	15180
16006	325	20452
29081	290	12897
26922	278	11778
14425	254	28149
11882	325	27848
12940	220	10525
14843	325	20219
20199	254	26188
17681	325	18887
12065	325	14372
11204	325	25662
16575	254	17897
26832	252	26272
13036	278	18797
13209	254	12501
12858	325	28089
14875	294	11874
14110	211	20644
28898	220	17582
12976	325	28500
27819	325	14458
17341	289	26425
12919	278	20808
27845	258	26350
16546	252	12091
15187	258	13072
11248	325	29899
25596	325	12928
11597	325	19957
14418	325	18362
26269	325	20032
28095	288	17460
13891	325	11004
16508	258	16061
17539	325	29220
13327	268	11901
27046	278	17314
14749	288	18744
18000	325	15744
10614	254	20248
18536	325	29387
28891	229	27419
19868	325	27346
18775	254	11901
17268	254	20248
27004	325	14075
14208	268	25621
13900	325	29751
16652	325	16942
16359	258	28236
28803	294	20394
26491	325	15712
28856	258	27732
12580	325	14286
27696	325	12910
28837	325	18639
29698	325	16874
28684	325	16787
14305	288	15724
25945	325	16874
17301	254	17897
28833	268	26371
14905	268	19967
14619	254	14126
18998	325	28480
14685	325	18931
19472	325	26724
13528	278	14372
16716	235	27044
25911	278	15565
16868	325	25733
18984	230	17573
17045	325	19561
12908	325	14633
14257	322	27217
17473	325	11004
26160	325	12500
26215	278	18797
13401	325	18085
17731	306	26880
11226	268	28557
11560	325	11778
11379	325	14286
11559	325	13843
20609	214	10768
10522	316	19600
12577	325	12500
28133	325	13495
16024	254	20248
19868	254	12871
16085	325	26589
27537	325	18571
20685	325	20286
28418	325	27902
13286	325	29789
16971	325	18317
11471	325	20298
11481	216	14188
27183	325	13507
20619	325	19565
28369	325	18542
29226	254	11554
16830	325	18797
17758	325	25802
13720	220	20904
15872	325	14782
17840	288	12946
12923	325	12500
28875	325	29743
14818	268	13168
27428	254	11608
26547	254	11901
26525	268	11996
28143	288	29789
29612	252	13274
17485	325	12500
27341	325	20609
17188	254	20248
20670	325	13108
16591	325	14917
18527	325	18036
11074	288	15075
18257	254	11901
11150	325	27614
25561	223	29664
27681	325	12500
18172	278	29579
17688	278	14075
27691	325	28045
28793	278	28072
27845	258	12715
18224	278	13376
27550	258	11526
27014	288	14611
10990	325	11786
26560	325	14072
29184	325	25516
17623	278	13784
10891	325	13723
12576	254	19850
13916	325	20290
28414	305	28862
28878	254	13185
14966	325	11811
18859	325	16614
18125	281	12382
15244	278	15277
28659	325	12822
20828	325	12649
27830	252	16275
27462	317	27044
14779	325	26878
27751	325	14276
13927	268	17897
28019	288	26928
17825	214	11858
20696	325	20991
19048	325	14286
29109	258	26127
14817	306	29960
12858	325	20609
11284	223	20248
14815	258	13236
29162	258	25602
26669	254	25813
28279	235	11579
15421	215	20148
14795	282	13927
20118	288	11811
13622	325	28045
27689	325	14075
29350	325	25944
20168	254	13417
28856	325	18571
27455	325	15773
14502	215	18403
14325	325	26878
13756	325	28089
16189	325	14922
14845	288	18124
29782	325	13130
15299	231	29005
26381	325	20338
15875	288	18104
27953	325	17796
28895	252	16155
12102	231	11607
18408	325	18707
20513	268	13417
16981	325	26501
29961	216	26883
13600	325	27569
27588	325	18606
11565	325	13932
13921	278	14075
20582	254	11901
11575	220	29776
12888	325	13495
11633	278	14922
11552	257	14681
28256	325	20551
16818	258	13723
13539	325	12184
16818	325	20609
18430	325	29899
28318	325	28500
28680	220	27413
17952	325	12428
15333	278	14276
15934	231	20662
16886	254	11901
19525	278	16874
13267	257	12497
26463	325	27876
11981	325	20032
18710	254	14459
10955	325	16726
10709	325	13072
13463	252	27673
14250	219	17897
10935	325	19563
17976	325	11144
26170	254	17814
11906	325	14465
17892	325	29220
28024	325	27059
12626	252	14319
12126	254	14126
16075	254	28931
18762	288	14611
14045	254	28149
29057	325	11087
25925	325	16269
13950	258	14782
12037	214	26623
27201	231	16463
26720	250	11902
16174	325	15307
29675	325	26589
29859	220	13220
29106	325	16824
26145	325	18362
26039	325	11114
18376	325	13470
25540	258	28480
16865	271	27300
19369	325	17899
15360	288	16726
20545	214	27164
17421	288	17651
11034	254	14658
14192	325	12500
26440	278	13816
10505	261	10542
17402	268	14954
17155	254	13185
26743	317	14247
28293	325	12520
25552	325	13966
17197	325	19565
26647	325	17314
13668	325	27080
20638	325	18810
27954	254	11901
14524	258	15180
13491	325	18362
16939	325	19561
18648	325	19992
15081	288	13470
12599	325	19635
27431	278	14075
11870	254	20248
28455	325	29998
14832	325	13698
11689	223	13317
11925	223	15134
28040	288	18331
20762	325	25733
27980	325	29546
12899	325	18988
28196	325	17139
28824	325	26589
18893	325	12928
19746	325	27080
11577	325	14611
12493	254	11901
12192	325	29546
20712	325	29899
14992	254	12871
20865	325	27876
16430	325	18085
29408	258	29546
27693	268	16171
15509	297	18913
11732	220	27392
27379	276	25549
19907	325	20115
25997	305	14658
17955	325	18931
14925	325	19248
26601	325	15744
26746	325	11179
27232	325	25802
29829	268	14136
16543	254	18985
20193	278	14376
16407	254	13691
29460	325	11811
18740	325	15744
11074	288	11686
19567	325	14855
13262	278	25551
15136	288	16224
19541	325	28045
15911	252	27663
29323	220	17423
16950	325	18104
18884	300	20999
11801	278	10932
20944	325	18726
12906	325	19885
25540	325	15727
26967	325	28092
15063	254	14126
17689	325	15492
19969	288	26179
28368	254	19850
15334	252	27526
27647	258	18920
15139	254	14105
29607	220	27058
17035	325	14611
15575	325	19328
16770	258	19328
11860	254	14459
17561	325	13470
14938	288	27747
18463	297	10625
15147	280	26523
14934	325	27080
29448	325	27059
29503	325	29546
14959	220	25639
15581	325	12428
17229	325	19971
27292	254	17897
29016	288	28044
17903	325	18606
26432	325	20219
27816	254	20666
12999	325	15636
27975	325	28089
11765	325	28541
14999	227	10888
12401	278	16874
20951	282	10794
11970	325	16824
16478	258	27902
12145	325	13588
28039	325	20219
28550	325	18182
26553	325	20298
19326	325	13680
15409	288	18726
25538	257	12622
15292	258	28976
15975	325	13470
15502	258	11277
28519	325	17992
15512	325	14075
14326	263	13185
15298	325	18988
17857	268	11901
17854	325	16471
16860	325	29135
26474	288	16492
14905	220	13313
16333	254	20248
20579	220	27938
18357	278	12076
11706	288	12643
25970	263	25621
19827	318	26572
16865	231	16602
17887	254	14971
11980	239	12466
29433	325	19234
12753	325	28072
12734	325	12274
16822	325	13680
26923	219	11901
14227	231	28304
14408	258	20808
26963	254	28727
28546	325	15697
29694	325	27983
29044	325	29259
11707	325	14458
26487	325	13030
25702	254	20248
17573	316	18984
10595	214	28830
29305	254	19521
20400	325	12822
12594	325	13072
29214	325	27569
28238	258	12846
26888	263	16054
13235	325	19465
14411	325	26386
29001	325	18639
20208	258	12703
12311	254	14459
17294	325	20609
15387	325	20219
15212	278	17307
11312	325	12428
17534	325	17966
12208	288	11778
12096	325	28044
10620	252	12953
11577	288	27080
25872	325	27902
20882	325	27473
15891	254	26809
12133	325	20636
19194	282	26425
20833	325	14075
12591	325	16614
13195	325	20338
10794	254	14136
16130	325	18988
26221	325	11004
17765	325	29579
26072	325	18810
14213	220	28740
12040	254	29645
13798	325	18182
10742	258	20640
20036	325	28849
14444	288	14075
20479	317	28862
19677	280	11007
16238	278	12649
15767	325	20428
29058	254	17897
20093	325	29833
17738	231	14436
28922	325	12500
18708	231	13381
27136	220	13688
18218	258	18104
18928	325	25529
28258	325	12715
27485	263	25647
18053	222	16348
29742	254	28108
11247	305	19880
27611	325	12076
13767	325	16789
18133	325	13773
14282	252	19149
17482	254	11996
18360	325	26179
13161	220	11844
28829	220	11548
18771	278	19719
29057	288	13698
10843	254	14105
12238	227	20357
13667	281	10558
19625	325	13680
26489	220	12881
28476	278	16388
26172	325	19465
27158	325	18036
25884	254	17897
11075	254	17415
15136	258	16224
25547	325	17825
29344	254	20248
18592	325	28459
17013	325	25733
11608	293	29438
28177	254	11461
20383	325	12846
25682	258	13495
29362	325	11865
15521	288	16495
13112	325	26043
17316	325	18931
25812	220	17495
15024	220	11292
10525	252	17219
17242	278	11778
16908	315	16908
14181	325	12243
25980	325	26179
26059	288	25860
14242	258	12910
17113	254	27410
10555	231	14279
15739	278	28044
26419	325	27473
18233	325	26856
15170	325	25619
12710	288	13121
11026	268	25637
29708	278	27902
14736	325	20636
11430	325	19328
26110	325	11266
16492	307	14539
12959	268	19144
20817	258	29926
11831	239	29125
29858	254	11608
16756	220	13461
25995	254	20248
19578	289	26425
20371	288	29579
28732	325	12500
15477	278	14611
19321	325	11717
15810	278	11786
16605	278	17825
17751	231	29023
16331	254	29284
15260	254	11901
11046	325	28849
20406	325	20338
19975	325	13932
20841	325	15744
27709	254	13185
18380	225	26023
12295	278	14276
14288	282	11737
17628	325	10730
11378	325	26575
26079	325	20871
17224	254	26581
11666	325	19465
14324	288	12715
27647	258	26501
19752	239	29125
13331	325	13680
11195	278	20022
18370	294	25685
25765	220	10706
13586	325	20574
27571	325	15697
14224	288	12428
15532	325	20590
13974	294	12745
16880	325	12500
16348	300	11900
16264	325	13966
12161	325	28805
11037	254	14459
17712	288	28045
20635	254	17897
11507	325	26350
11734	307	15504
26530	325	20032
20368	325	14996
15851	254	28149
11279	325	11085
16360	325	28551
20205	320	26617
11226	325	19246
16388	214	16076
19936	254	14954
14970	254	18253
10922	325	20219
12208	325	11756
19980	325	10595
28462	254	27044
18918	325	18104
29027	258	19465
14085	252	17175
16215	325	27171
27240	278	29387
20756	325	29926
28956	288	13470
17412	254	10796
16383	325	17458
26162	325	27266
19235	254	28727
26137	254	16171
20983	325	16728
27919	220	13720
12517	258	27175
29310	258	13072
18415	325	10898
19801	317	10539
12498	258	18840
18435	258	15180
13155	210	13670
26329	254	26297
13594	254	29881
29216	231	12178
12319	280	15717
10695	278	25662
14925	254	25621
16357	325	29546
17081	325	12500
28210	325	13470
19188	281	13269
15852	254	14459
14092	289	13797
15685	231	26092
14720	325	13781
19846	258	28222
14353	325	20247
12005	325	16726
26253	325	18606
13574	214	13571
15691	227	19621
27886	325	18840
14225	231	26599
13344	260	20606
19780	278	29546
20266	288	12500
14925	288	26575
15391	325	20032
26243	325	28045
13265	325	20794
27190	325	17635
29522	273	13278
16837	268	11554
18521	325	27846
13876	325	27334
18943	254	29125
18010	325	11778
13085	220	11176
14014	325	13121
12014	288	20574
15355	257	19750
17403	325	14611
20982	258	28791
13177	325	18036
17516	318	11412
12445	257	13844
20658	251	14110
13543	254	14136
18435	325	20409
20956	261	29341
15491	254	14459
18074	288	11778
10752	325	16235
17578	215	27657
29280	288	16061
18854	325	16270
20940	254	20594
12968	282	27359
14380	258	28910
10677	325	26724
14076	254	14459
26727	254	13185
29988	258	14013
19718	252	15494
18436	254	15459
16779	258	20452
19494	254	26625
27092	325	13470
12709	264	27300
26562	325	27472
26140	325	28053
20155	325	14465
11888	325	26970
18006	268	17897
14780	278	12500
17072	220	14623
28938	317	27790
27627	325	16726
18477	325	26179
29015	325	16726
20419	325	18797
27641	325	20184
10748	325	28541
14463	280	14695
19416	294	20652
18928	288	27346
11556	325	28072
20418	325	20115
16275	325	19676
13122	252	25688
18071	278	16235
12861	258	13680
25508	254	11554
14395	317	20594
18074	288	26856
17938	307	19654
14271	325	17139
11091	325	14075
27373	258	18104
29594	325	13773
10657	325	15574
16895	325	26350
17685	325	13781
15796	278	20808
26666	325	17796
26883	239	29125
12955	325	10943
15095	227	25947
27590	325	16388
18748	258	18036
29962	294	19252
29953	258	12703
26344	254	11901
11079	258	14633
27028	252	13822
20716	325	13662
12848	282	15665
16860	325	17826
11046	325	26350
26215	254	13185
12313	254	16171
27023	288	26724
17970	258	20171
17959	325	17651
15937	220	10630
13002	254	14126
11461	310	20939
13527	252	26926
14786	325	15565
19773	278	18797
16340	325	16726
28031	325	26878
14399	271	27300
15720	214	18825
12464	254	28241
14455	317	13417
15071	220	27709
15823	278	14075
11265	280	16524
17425	325	12205
12862	325	19889
18348	288	14611
28084	288	10932
16837	254	11554
29362	258	18931
15335	325	26757
10684	258	11085
20729	325	16388
14255	231	13524
14362	325	29739
13322	254	20248
15082	325	18726
29910	325	14917
29902	214	16521
26136	254	16685
28114	278	19248
12666	325	29387
11470	325	13030
14060	288	13843
16729	325	11917
28572	288	26386
19969	288	28460
12151	325	26073
12642	215	26792
19030	254	11902
25818	325	25619
13211	215	27961
12124	258	12788
13915	325	11085
20757	278	16450
28552	325	12491
14581	288	16942
27363	254	12404
29689	258	16270
11822	325	25807
26039	325	20870
19019	307	20248
17065	252	11857
12067	325	26575
29712	268	20248
16485	282	19410
16439	325	28551
20028	325	15646
19947	252	15910
20689	258	29751
29453	252	15444
11239	325	25551
10683	254	11608
29962	294	29887
17427	254	29881
11618	263	11901
10925	254	29125
17809	325	14494
20792	325	11686
11392	278	17825
11719	325	28459
16742	258	12743
10739	253	20695
18055	325	20219
18952	326	13684
20149	288	12520
27618	252	16372
26015	325	26322
17112	322	29645
18359	254	29125
10550	325	28805
14446	252	14872
20538	222	18506
15012	268	16171
15946	325	13588
27863	325	15396
25626	268	20807
18924	223	29702
17539	325	13278
12590	325	18860
16070	325	27848
20235	325	14657
13604	258	27738
17595	288	19561
20102	254	25621
13252	325	20219
11619	220	28743
16083	325	13376
19585	288	15744
25913	325	16454
20301	325	26486
26518	325	25574
27131	325	11772
11105	325	17314
26249	288	13908
29099	254	17415
27881	325	28044
12700	254	19927
17761	325	12076
12033	254	17897
17918	268	29443
25724	278	27638
18456	231	12047
17869	263	20248
27641	325	17458
11864	325	20171
11088	320	26837
29990	325	26757
28162	325	20808
17606	278	16450
18698	325	16078
16515	294	28772
19984	325	12846
25503	325	13276
26862	325	16728
14769	325	15396
29176	320	20666
11297	254	25637
12387	254	17814
13585	325	13072
11079	258	29299
15008	238	11424
27023	258	20636
26062	268	28149
11370	325	14922
14090	325	25899
26810	258	19957
18437	325	13843
27470	325	15744
20760	288	19228
28667	254	28149
29338	325	18362
13243	252	12650
26536	325	18270
14603	325	27569
17379	325	27569
11987	325	15075
17347	325	16824
20805	288	16942
28956	288	27902
12052	219	17897
19731	254	17626
18833	254	13185
11149	325	26386
16319	254	19850
20425	278	12243
27308	223	17897
19059	258	13773
19843	325	10652
13151	258	25662
13931	288	11941
13187	278	26127
17321	268	16169
26271	254	29125
28214	254	29443
28315	211	13238
15974	254	28149
20300	325	14372
12967	260	15542
26818	288	11085
11783	278	26386
12068	280	27901
29002	288	14191
13535	325	14075
11855	291	17226
16649	254	15134
27163	325	13044
16530	238	15424
12457	278	16388
17380	325	17314
12617	254	20755
12364	325	10595
14151	325	29998
26823	325	20022
17688	325	19465
16790	278	26386
12015	325	26179
20637	223	11961
25782	216	16573
15772	210	26643
12350	235	11863
15277	277	18302
12220	325	17314
28069	325	12491
15065	325	11068
14652	254	26297
19909	268	11901
13976	254	28149
27196	219	11901
19766	227	29050
28072	214	14474
17219	252	11713
18554	325	27080
26470	325	13276
12785	254	11901
27965	325	20452
29780	254	18880
27923	289	15798
19128	325	28739
13739	325	13108
18448	288	15180
12133	258	29751
16601	263	27517
27659	258	13030
25949	325	20032
16776	254	13168
29033	254	14658
28136	258	13773
20983	254	17585
29537	325	17314
14336	219	17897
15214	254	11369
17615	254	13415
18889	325	11031
20806	325	14494
16399	288	20219
11045	288	28551
12439	254	13417
27932	325	18085
29730	325	19246
26395	278	15492
13777	254	27620
12309	219	11638
20446	305	17186
20696	254	25886
15195	325	20298
18576	325	25551
19469	325	11085
11026	254	25637
12642	222	18506
18890	268	17897
19089	325	16235
28617	325	20022
26771	239	27517
14906	278	13376
17718	325	20169
14086	294	19264
14615	254	19521
20836	282	11847
17622	254	28931
17347	325	13680
26133	289	28088
29572	254	11901
26304	254	11902
16642	231	26239
28391	227	27861
14577	325	20636
18992	254	16171
15110	325	13376
27751	325	14072
28733	325	29751
29868	325	20640
13167	252	15178
27909	316	11897
26253	278	18606
27905	325	12820
19188	271	13269
18313	325	28184
12208	258	26179
13572	325	28044
17690	325	19561
19518	254	16171
11570	288	12505
19772	258	14465
26086	325	20636
19207	325	19465
29691	288	16393
28899	254	27104
15496	252	16498
11921	325	29112
13747	254	14459
13678	254	14658
13901	325	27472
14973	222	20892
13028	258	27902
27119	325	13848
20123	254	11901
19584	278	16492
17772	254	13185
17450	325	11213
15489	278	14839
18117	254	12139
13630	325	26740
13029	231	26315
29817	300	17739
16754	288	27983
26545	325	29579
17363	258	18797
15794	258	18577
29815	325	18744
26742	227	10958
14203	325	18988
19380	268	14136
13051	325	27902
10748	254	11551
12934	325	14458
13148	254	17897
20716	325	13276
17098	231	17620
16430	278	26740
15616	325	11811
29993	325	12877
15315	325	20115
19933	220	28822
12360	213	11585
13729	288	20551
16645	325	20782
11445	254	11996
14259	254	14105
17821	325	18931
27774	325	20032
16919	325	13680
28750	325	15574
17915	325	13276
14669	258	27473
15620	254	13185
19595	325	26999
18800	254	12103
13782	325	13773
28423	254	28149
14482	325	14276
20193	325	16726
11895	297	13545
15964	258	29833
19191	325	15724
27767	278	12703
15290	288	15417
19712	231	13856
12879	281	13768
18082	258	10932
13122	268	29443
12861	288	13680
12378	325	18104
11494	325	19135
10774	258	17139
16317	325	20428
28973	254	12871
14086	245	13483
13949	278	14611
13804	278	16728
12743	263	14126
26102	271	28158
13559	325	16432
13950	325	26724
18371	235	29445
19622	325	27876
19463	325	29899
13238	211	14776
12967	217	12967
29932	258	28045
27315	288	20820
15656	325	17139
13215	325	11085
20980	325	13276
16346	325	17314
26858	325	17360
28202	254	20666
27545	325	10716
10545	305	14520
14169	325	19904
18526	254	27404
20537	252	12926
14822	220	15044
19395	239	14520
15192	325	12428
19769	325	12500
28016	254	11608
19317	254	14136
17469	325	15383
16652	325	19635
20319	258	26589
10655	254	28727
10886	254	13415
13028	254	29881
12855	278	10682
27487	294	15529
15384	325	14372
27543	230	27865
13572	325	15593
12269	325	14034
16249	325	20991
26477	234	20165
11555	325	15180
15859	254	15134
27589	261	28768
12314	294	29078
28333	254	28843
18558	325	19885
20317	288	18281
26286	325	28072
12378	325	12244
26173	325	27805
11949	325	15396
19792	252	19431
13009	288	18104
20530	325	27632
20558	254	29308
12014	278	20290
14770	325	26757
18848	288	28236
12277	278	13276
27199	268	12871
28103	325	18707
16376	325	12965
14667	254	14459
16752	320	26157
15888	219	17897
18695	325	11004
11812	325	17625
12498	288	13376
11248	325	25529
14167	263	11996
26648	325	15075
17347	258	19719
29412	325	26350
15659	258	29259
17386	325	20636
10501	258	19719
11822	325	15028
12682	325	26179
19451	300	19012
27725	325	17458
19334	325	17635
20769	325	20522
12989	278	29998
29652	254	20749
20659	325	13072
20483	278	26073
25841	325	16874
28077	271	13599
17102	288	19565
16337	325	25602
17977	325	16388
27957	252	17853
17708	254	13185
17173	325	17139
27200	239	11461
16131	325	27473
26880	235	29465
26491	254	12871
25705	325	27805
17401	325	28272
16765	325	16942
18440	254	17897
12342	325	18797
20464	288	14657
20669	325	20991
18128	254	18418
26527	215	11273
19313	325	12662
27821	288	11686
17405	325	14075
10898	263	11554
15855	239	12466
19018	325	17635
27956	325	11085
10922	254	11901
26544	258	13781
20572	307	20744
12181	322	19399
11581	325	12428
12562	325	13588
17471	325	20636
18439	278	14917
16575	325	10943
19887	325	14941
19397	297	12060
18141	325	28089
25759	325	16492
11259	325	27848
15289	288	17796
12066	254	13417
16783	288	16270
19213	254	16134
11565	325	16728
15425	257	27662
26637	278	29789
27679	258	20808
15084	254	14126
20882	254	17897
25926	325	25806
15203	325	13072
13073	288	29739
19525	325	29751
13590	325	13470
13632	258	12076
29329	294	18713
26904	325	26127
29233	268	13185
14711	325	11144
28953	268	19979
29130	325	26043
26025	217	29359
14723	268	13185
26317	288	26179
17906	288	10563
28117	325	18726
11174	278	17245
18681	325	13781
11610	254	14126
18623	325	17458
12401	254	14459
26204	325	13773
26258	306	27121
17690	325	18931
19492	288	27614
29187	254	17897
27740	325	13680
11141	254	20248
20845	258	19719
11488	254	20248
18579	278	25619
19772	325	16728
15121	325	12846
28471	254	12871
13568	254	20666
29787	325	28236
15362	325	12076
13220	325	20636
17443	282	28054
17901	254	11863
16096	325	13470
16246	268	26157
25834	252	14248
13977	254	16811
17727	325	20290
17196	268	16059
27407	216	13251
20803	278	28849
27596	325	18036
15988	326	11251
15570	325	18577
20203	325	16824
13294	325	26878
20165	234	19125
14615	313	25920
27465	254	13181
11027	325	26043
14706	231	12848
19931	325	11917
26177	294	28254
19073	325	27390
14624	325	20590
29889	325	29743
29935	325	25619
27627	325	29941
19241	278	14465
28516	294	28772
14637	235	29860
26000	294	28772
19132	317	13185
16551	325	20991
26832	220	14527
13255	325	11811
26462	288	20930
26267	325	20032
15705	254	16171
16105	254	17897
16822	325	16942
12610	254	20666
13126	252	11840
26524	280	20965
29187	325	20609
12351	254	29763
16090	263	28340
28095	258	17460
11482	325	19885
14347	325	15724
14312	325	11786
27724	258	27902
27898	254	12404
11560	258	14528
16830	325	15568
27024	258	15568
20929	325	14458
20828	325	19563
12782	214	18011
16047	325	18639
20125	278	17245
19362	325	17139
20968	325	16824
13532	220	19011
14739	254	13185
18107	286	28376
11251	254	18562
19081	254	29125
11352	254	14459
13153	325	13236
26210	325	18606
27932	258	26757
28397	325	15078
26613	325	16090
28607	214	19303
14182	288	18319
26854	258	12428
11236	252	19936
19585	258	15180
20542	325	11772
13351	325	27983
11038	325	29751
29027	258	14465
19618	318	25621
19789	325	17554
28477	252	11080
19140	258	16148
29125	300	26100
18684	213	18062
17276	325	26043
12532	325	27266
27996	268	11554
16443	258	12846
29762	254	18511
11332	254	28149
18834	282	13519
20751	254	17897
12646	325	20686
10713	258	16235
27058	252	29607
16281	325	19465
10519	254	14126
18937	254	14126
27713	258	11772
16511	271	28090
11343	325	20219
27878	258	16492
16863	222	26100
27758	268	11901
28238	325	19335
16619	325	19885
11050	263	14658
10757	325	27266
29175	254	14459
28598	316	12354
11941	263	27044
11432	254	27065
17051	271	26151
17608	325	29899
18366	325	11778
20041	220	16720
10519	325	17899
18000	325	17635
16198	257	19410
14591	325	12820
27137	252	29359
13603	325	17314
14843	325	12076
12698	325	15712
26530	325	20290
28005	288	27712
17622	325	18523
15644	278	18182
26395	254	26033
19422	254	14136
10723	280	29267
26522	325	19885
26029	288	13495
18518	254	12404
13725	325	14191
11388	325	13072
17519	325	20452
29655	254	11996
27521	254	17897
11916	288	14372
14292	239	16685
14260	325	15574
16331	254	12871
20856	258	14625
10969	288	13044
20599	325	27915
27643	325	18036
16767	258	28092
28479	288	18639
13268	325	20808
28608	325	27640
13636	325	16728
11546	278	26179
28084	288	10906
12640	325	29751
19171	325	12715
27755	280	18549
20329	258	13838
29808	288	25551
12419	325	16235
26534	252	17658
13377	325	12500
19606	254	14126
17345	325	27632
28731	288	27473
25878	254	29763
16641	254	11554
27180	268	16171
29676	325	18362
19935	325	25856
15586	254	15134
18116	252	14668
11455	325	17796
15516	254	27044
16924	288	28579
14259	258	25944
26755	268	20248
16165	278	18988
17789	271	13543
28588	325	12500
18905	325	11941
19057	258	25994
15642	268	17897
17515	278	13495
18997	325	19328
27751	254	11902
14781	258	16492
15879	325	25586
16396	239	27517
17700	261	11120
13384	325	12105
29795	325	13376
18097	325	15028
11835	254	28149
20213	278	13470
17559	263	25886
11954	258	12820
26839	325	20022
29698	325	26740
28815	278	13470
17703	271	16002
14130	288	27915
15244	254	15134
14306	325	16235
17065	268	11863
29199	325	27059
28064	282	15687
12826	325	11085
19732	278	14191
10952	325	15650
10807	278	15565
28672	325	17314
13835	325	12522
11461	300	19012
25603	325	26783
16954	300	17079
13361	252	14527
14302	325	11778
26334	258	11778
27465	254	10539
18167	325	19942
13060	325	15492
26621	278	29998
28252	252	11536
28349	254	13185
27783	325	27929
29855	325	20551
14803	254	20248
19349	288	25602
19997	254	11554
13722	325	27902
14690	325	20298
13244	325	13278
11782	254	12871
20767	282	26425
19140	258	12846
20461	239	17303
14694	325	27983
26740	307	28149
10852	258	16345
26192	325	11526
26027	325	27080
17406	268	28727
19969	288	11085
26220	288	13680
16801	254	19979
25640	325	28460
14950	220	26241
14082	227	11413
11398	223	10719
15052	258	14072
26248	288	13276
15995	325	20452
28545	252	13647
16494	288	12274
18481	325	17360
20444	325	12274
12331	212	11273
19615	260	26457
26024	278	11734
13429	258	26386
28752	288	11734
25620	268	14136
19049	254	15134
26044	325	27390
25945	325	18606
11920	258	27059
12277	254	10796
13143	325	18068
17463	271	13596
27279	325	25602
20335	294	20860
10758	219	17897
14643	325	26724
19096	222	26100
20372	258	14748
12767	288	18639
12562	325	12076
14845	325	16270
16040	325	11811
29675	254	20248
18943	325	26127
15603	325	13376
20206	254	14658
19075	254	14459
13251	239	11901
13064	258	14191
20506	288	20428
20781	261	17922
18233	325	13932
13594	325	20974
16183	252	27860
26977	325	26783
13378	325	13680
15272	325	14458
28582	325	26986
14056	325	28541
12809	325	11941
28211	288	20219
29691	254	11901
18478	231	29101
27821	288	18813
17082	239	29125
27627	288	19561
26834	278	14611
19905	325	27805
26718	254	17897
29110	258	14372
13869	254	25621
20043	252	18628
20689	325	16345
16302	288	14782
27052	294	12671
26122	325	28072
26807	279	27924
15054	217	28782
28005	325	18362
17565	315	10890
15115	254	12871
13666	325	11811
28409	325	18797
18113	258	20551
29839	317	11554
12946	214	12386
15600	325	12958
20419	325	12500
27677	325	29142
26399	254	14459
19585	258	29617
12906	325	18124
13525	288	12428
17468	254	12871
11707	288	28092
11422	325	20742
29695	220	16458
14239	252	12585
11347	223	18749
16475	325	28338
15604	325	28527
12523	325	14191
11186	326	16299
18719	325	28045
11793	258	28222
11429	325	13470
17067	219	13168
13899	325	25602
20438	254	11901
17558	325	12857
19408	278	27598
27675	325	29135
17888	258	10932
20621	220	28104
27741	254	29207
19287	325	20991
28142	325	11004
16718	288	27983
15409	258	12820
28225	325	14201
20689	258	10682
19498	254	11638
19314	231	28180
25995	325	16061
12961	252	28055
15454	268	20248
12917	254	12828
19846	258	10879
28657	325	19885
29669	325	16728
27927	325	10506
18428	222	26100
18529	254	26297
20760	288	13376
12018	325	25551
20207	254	16171
17822	325	16492
17501	325	14782
15522	325	29751
14880	325	26878
20131	294	15447
27302	288	15565
15555	325	25733
20580	288	20290
14054	315	26793
27875	325	16471
19347	278	27569
28921	254	11554
25768	320	17303
11663	288	19465
25858	325	27983
17322	325	20115
27089	325	15773
29503	288	13278
20931	254	20248
15259	257	27359
14459	219	28149
16219	325	28222
27374	325	12649
28944	325	12500
11233	325	20522
29229	227	14011
19300	325	12243
17783	325	28460
28741	325	11085
29534	258	26179
20421	288	20115
12678	288	27769
11546	325	26179
12604	325	13044
29152	325	19885
20460	278	18726
29793	226	11178
17833	325	20022
11791	258	20974
27868	325	14191
13119	307	20248
20532	288	12218
16344	257	12497
14995	263	11347
19203	325	29135
14314	325	27769
27549	258	15697
14340	325	10730
18138	325	10854
11196	254	14126
12070	220	20476
15311	258	11786
17632	254	28149
28439	254	28149
17657	239	17638
15247	325	14611
27503	254	11358
11820	288	15417
26885	254	20248
20509	254	11901
15287	254	10796
16766	254	17897
18925	325	29751
19821	325	19561
28752	258	29319
29139	288	16726
13844	226	27841
11738	325	26928
17665	325	11213
25643	254	16171
12305	325	28044
20227	231	19988
28159	325	19565
12172	252	29843
11200	288	11811
16758	254	14658
17457	318	15352
16835	280	15676
29983	254	11638
18782	325	18036
14611	214	13291
17463	257	28054
11967	325	15106
17586	325	17651
11508	254	28149
26633	254	28030
28790	219	28149
26139	325	29387
12320	325	15697
27064	254	12871
20024	325	29387
11485	254	17897
16507	288	12957
13451	325	29579
26833	258	25619
18255	325	14782
28678	325	10595
14928	325	28480
18137	252	28104
18129	220	20747
13825	254	28727
27532	325	15697
25817	325	10563
13722	325	12243
26980	317	11901
13350	235	14126
15522	254	14459
12500	214	11859
18809	325	29941
17087	325	18036
20653	254	17897
13224	280	20972
26065	278	25516
13799	288	12037
28225	288	13574
11729	239	19880
11281	220	15731
25577	325	29220
26442	288	29751
20722	231	20288
11825	325	20289
26174	239	11901
16264	325	18988
18709	220	15229
10677	325	28072
20863	325	20298
11281	252	13521
28729	281	28090
27832	288	17825
29772	254	11554
28298	258	12822
17715	325	18036
19961	325	18036
17082	230	11217
13370	254	17231
11838	325	25551
14587	325	12500
26685	325	18281
15692	288	19561
19629	234	17143
18650	288	14286
28486	263	28450
18862	254	14126
13206	325	12428
16701	325	20032
16592	325	26928
20697	280	13267
29166	258	17278
15589	325	16824
26561	325	12520
10944	252	28220
15680	280	14679
12064	231	25917
12351	325	13848
16050	258	10943
15916	325	18797
11783	325	10652
13284	325	18726
27035	288	29751
16096	258	28092
28677	254	16811
11434	325	28045
11988	252	15699
19443	258	27614
29033	325	28089
27230	325	17314
17804	220	18207
26846	325	27915
11238	254	12871
29872	254	12871
28020	230	26762
29464	325	19516
29137	210	29308
11726	252	13110
14665	288	13470
14908	252	27017
27586	252	12811
16052	325	18625
14897	258	11778
16094	288	10595
27588	325	12846
25826	288	27876
20745	325	27361
14946	288	26043
28631	288	29899
12054	278	12699
11686	263	11608
17102	254	17897
17018	254	12871
19048	254	28340
17496	254	12871
14158	220	17590
12342	325	20636
19694	325	14458
28124	258	11694
11916	258	26856
17272	258	20572
27064	258	14372
11010	325	28551
17953	223	15691
17488	278	14191
15102	278	16874
17595	325	15724
13504	325	18988
26122	325	19565
17526	317	11638
28586	325	16471
15887	325	14191
19571	325	15744
16845	235	13417
11101	258	28805
14499	254	11554
16337	325	14458
16597	268	29308
29340	300	14708
27985	278	16726
19206	271	20840
26168	325	29743
15973	258	11087
15676	257	12497
12555	325	20032
15578	325	18988
25698	258	15724
25808	223	13902
20565	254	14126
14669	288	19885
14562	278	18744
13964	254	14136
12905	325	11179
15473	325	16235
25653	325	16492
14892	263	12868
19584	254	13239
29026	325	13030
14332	323	12470
12719	325	19565
13022	254	14459
28084	288	17796
15048	325	12244
15522	325	29743
13076	288	27876
13618	325	15078
12964	254	16685
10940	288	12928
28366	325	26386
28834	325	19246
18627	325	13872
28809	325	20452
19185	258	27712
11251	295	12008
25774	231	13898
26912	325	25662
17709	252	15750
29413	325	13588
25918	278	25733
12858	325	18036
12455	278	15883
12933	325	11778
27054	325	17139
14196	325	17314
26306	288	27171
28489	278	16726
20696	254	28149
29875	325	28805
26243	325	25602
19239	325	20636
29534	288	17825
26442	325	26878
14158	220	27676
19540	300	16348
27884	278	13278
13824	288	14458
26610	220	26895
25846	294	17934
16822	254	28149
12830	325	18331
11557	254	14459
18166	254	13239
19113	231	16490
29981	231	19530
16098	254	17511
11836	252	27392
26528	325	19465
27199	325	27902
11422	325	20808
15228	258	12928
26789	281	15834
27108	254	12871
11714	282	29856
18608	263	19534
16257	254	20248
26536	254	16685
28658	325	16450
14741	254	20666
15155	325	20636
17084	325	10898
14017	325	28976
28418	325	27915
18019	282	29022
17931	326	20949
19216	325	18744
16466	325	15883
28828	220	18351
11444	325	20808
27795	271	20113
25851	252	13694
20616	254	14205
20750	254	20129
20301	254	12150
18316	254	11901
28759	263	28843
20534	254	18242
18117	278	16824
12762	325	10595
14818	325	28635
15804	278	15028
18506	305	25621
14186	325	13908
17418	325	14839
12051	325	19869
17104	281	28090
19309	227	17631
27136	252	12754
14027	325	12788
18079	254	14459
17932	317	10796
16465	231	19245
13907	325	20290
27417	252	26756
10823	316	12286
12063	325	20298
27713	325	13389
29177	325	18104
16585	254	13239
26608	325	28089
11953	278	14072
17919	325	14611
11982	325	17635
10929	325	13495
20899	325	20930
17507	325	12118
26323	254	13185
19364	325	16492
11410	325	14075
28969	258	29546
25604	288	13781
10874	325	12500
20729	278	16388
28928	280	19001
14946	258	26043
20410	325	28739
19473	325	11526
29603	254	14658
27034	307	28149
12994	268	14126
15336	252	28104
17264	243	11551
17972	254	26157
26572	318	29064
18656	268	11901
13392	254	14246
29528	325	20290
18553	325	28620
25939	254	14459
28424	325	20032
18844	278	26127
20682	260	20205
26814	325	20522
26354	325	12428
18552	278	18726
15707	325	13848
14800	278	11865
12237	278	13072
15638	231	12634
28111	258	17826
29416	325	16388
15228	254	13185
16152	325	11811
15037	325	20590
12644	325	14633
11368	325	12244
16633	325	13030
13999	254	14459
26267	258	18217
14166	325	28909
12203	258	17899
11519	254	11579
26403	325	16874
17538	317	20861
29816	278	20636
13533	325	26224
17734	254	20248
19286	325	20551
19777	254	11901
12133	258	11004
13334	325	29387
10669	220	16074
15482	325	12958
18401	278	19719
12462	278	27902
20018	278	16728
27290	288	29751
29857	325	12274
27190	325	28044
16840	325	28236
15115	254	26537
16773	325	27712
29843	220	12172
14766	288	25860
15756	325	19228
18356	325	29220
19599	325	20636
20570	325	20930
11543	306	29960
28904	254	17897
26035	280	12146
20858	222	28071
18179	288	29926
17383	254	12404
18597	222	20222
28049	325	27234
17337	317	27044
18723	325	18124
20928	325	29579
14294	325	29387
27221	258	12820
11272	254	14136
13320	325	18492
18006	252	17697
14345	254	20248
15070	257	28345
26496	325	17460
18478	282	14563
16564	325	26836
16572	325	13385
17614	325	15650
11048	325	13680
11073	325	20184
29199	254	20248
20602	258	13121
15026	325	14465
20140	220	14221
19303	288	27472
11819	258	15727
12536	305	27350
17071	254	17897
20542	325	15654
16219	254	26222
14594	258	16432
12858	325	20452
16031	325	12910
28820	325	10595
15121	325	26386
16946	268	27350
26120	252	28545
13609	320	26188
17427	325	14633
25684	325	28089
17388	325	25619
20986	254	19850
27343	254	29125
12133	288	20636
10896	278	14013
13422	282	27359
13007	239	16685
16358	220	16513
25814	325	15234
25667	278	17139
27542	325	27577
27440	325	10879
13220	325	13470
12640	254	11461
29130	325	27805
17859	325	12520
27320	239	12871
25776	325	17651
27330	325	14352
15449	278	14458
13150	325	16471
20993	258	10932
26525	220	11445
12708	254	11554
26651	325	28976
15082	258	13781
14202	320	19192
19521	223	11169
13252	325	12428
15230	268	14136
28729	231	12732
19164	317	27044
26644	325	28805
28408	254	12871
11574	254	11554
10919	288	25802
15755	288	12411
17889	254	27615
28614	268	29763
25867	220	12754
17790	282	29871
20050	325	10652
13195	325	12428
25691	268	29763
15311	325	16235
13629	254	20248
28377	252	18675
27721	278	28504
12793	325	12164
12365	325	28541
16170	325	18104
14478	258	19420
18432	263	26103
12482	325	20032
17219	252	11840
12693	254	20666
20896	288	26724
13944	254	11901
15982	325	12520
11573	268	26188
18797	214	25576
25706	261	27439
11045	258	20032
28881	325	26386
17241	217	13461
28991	325	18810
28428	288	25662
16336	271	17993
28591	254	28727
20203	325	15180
19687	278	11717
16588	288	27983
16630	254	13239
13542	254	14400
16547	257	13352
26373	325	28538
25670	325	20022
13590	278	13470
29556	325	16492
27760	325	20409
25944	307	29763
13021	280	13621
19978	325	20115
20847	254	11517
14878	278	13773
17853	220	27957
11432	325	18931
13958	325	13680
10703	317	11604
12565	325	14611
12485	288	14075
19505	258	18104
11184	325	20298
25570	220	27372
26299	258	29751
12404	300	11028
15037	325	29899
16540	258	29751
13146	325	11786
26029	325	12411
17039	325	12076
14888	258	16726
12307	325	25662
19931	325	26783
13238	211	11336
28618	252	29491
14832	278	19992
28204	278	13773
29132	325	16726
18495	325	16726
18172	254	25621
19748	325	15398
14382	258	13932
14699	278	28053
11255	268	13194
19347	325	27569
12720	288	16432
26063	271	29682
28533	325	18182
11025	288	10652
25991	325	12662
25573	288	15724
17708	258	18492
10503	281	29983
20900	239	17897
11232	254	19850
28910	214	14380
12429	254	29207
15754	325	17992
28600	297	13216
20092	282	13049
16023	254	26142
11707	325	29751
16235	214	26054
12248	322	29645
17067	282	27735
13687	222	13883
27440	325	12846
28096	258	15883
11856	254	14126
12773	258	15075
13117	325	17826
29426	325	29658
18667	268	16685
16748	325	19420
11352	325	26740
18626	288	18639
11912	288	18639
13799	268	12871
15086	325	12715
26828	223	17877
26630	318	11625
13493	278	20636
19890	278	20298
29473	252	13710
19949	325	29319
28440	278	29899
11076	325	29259
29802	325	25802
27085	317	28817
16896	325	13278
14714	325	26575
10923	325	11002
17358	325	27080
13185	300	28071
13195	325	26179
27119	325	13872
19858	325	17458
12489	325	17314
17201	254	11996
12830	254	27044
28552	325	18281
16891	220	17642
20503	268	12430
13951	325	14657
13012	325	18887
13547	278	12601
14994	325	13872
28457	278	17021
13625	325	20115
16855	252	13441
12161	325	11786
27999	318	15374
17220	278	17554
16109	325	16874
20752	263	19642
16653	280	13935
27193	325	12965
13537	325	20636
13764	325	29579
20647	325	20930
18507	325	11786
25875	325	12244
10517	220	28695
20502	325	18182
18165	254	20248
27022	251	14110
14294	325	27080
26799	325	14286
11063	325	14458
28889	325	15574
29224	231	28613
29321	239	27350
17429	254	13185
26478	263	11901
25667	325	14286
20953	220	15496
18681	325	20032
26687	325	29259
18476	325	27473
13015	258	16388
14665	325	27473
16395	288	20169
11027	325	13723
27082	325	13072
15418	227	10868
26911	223	28101
19506	325	12428
27740	325	20115
25722	325	11305
17011	325	11002
28617	325	15773
26139	325	12910
12590	254	29813
27486	254	17643
11020	325	15724
17163	325	18571
18211	316	27573
20991	307	28149
18221	325	19565
18795	300	12712
28989	325	15883
15073	254	11638
29941	214	20657
11861	227	26726
13923	325	26179
25934	240	19183
18558	325	27569
29386	223	26371
17801	263	20248
12333	282	18733
29347	325	28092
26662	254	13239
19774	223	17179
15695	325	26322
14524	288	29259
16014	231	20887
26276	325	19563
10579	223	17171
13327	288	18104
13242	325	28719
29189	215	25788
17914	271	20840
19666	268	12871
18691	282	14563
29756	219	10796
20917	257	13352
15086	254	14126
27110	325	20032
16478	288	29899
12778	288	28089
16237	325	14611
16800	325	19465
26828	223	29125
27046	325	13773
14399	257	12709
17026	254	16811
16848	322	27140
20539	254	28931
25824	325	11002
11216	258	20808
26456	268	19850
17512	258	29320
18067	213	19080
13915	325	25619
18695	325	14922
26851	325	16824
18602	278	19719
28286	325	16345
17284	325	16942
15983	220	16858
17968	325	20298
17063	254	17897
18004	268	17638
18214	254	17415
27613	254	11461
13728	325	26144
11095	325	18606
15056	325	20609
16516	254	18880
12381	305	17249
19861	258	28791
11869	325	20219
13401	278	13680
20864	254	14459
20750	278	13680
26580	325	29546
19229	325	28045
15214	252	26134
15982	325	14782
26863	288	17314
19133	325	13470
11655	254	28149
10838	325	16824
13356	254	20666
28812	268	20810
29697	325	15359
15965	325	20219
29091	325	28500
16397	325	20609
25692	278	16942
19387	278	10943
18406	325	14458
13252	325	29744
29643	325	12244
15586	325	29319
18770	254	16442
29692	325	28184
20548	325	19465
10655	325	16495
28771	288	20338
14307	239	17897
29042	325	18988
16275	220	18348
10552	325	13470
20719	278	20409
15496	252	12895
17628	325	27614
15316	220	13459
17570	325	25602
17650	288	13470
11480	254	18704
25732	288	16492
15115	288	13121
15405	273	16371
10654	258	16061
14773	325	18797
20034	231	28567
15486	219	11901
25873	278	29387
25797	258	16235
16152	325	13723
27593	325	20991
19529	258	27473
14488	325	28805
28614	268	14105
28771	288	28044
20539	288	18523
15559	325	12910
20938	254	14459
28174	223	18175
19588	268	25621
28689	325	20636
15979	325	12910
28540	288	13121
25523	325	18887
19094	254	11554
29821	254	11461
18307	325	11537
19057	258	13541
16658	288	13121
18969	325	20115
15827	254	28149
29918	325	28045
18198	254	27044
27868	325	18606
26007	254	12871
11430	325	26724
20669	325	13833
11709	288	17992
29227	325	10652
20845	325	19719
11949	325	10506
11984	325	20298
15796	325	20290
10501	258	19335
20075	325	12428
15803	215	10876
13127	289	17551
20314	289	10784
19308	325	15568
14786	278	28596
11891	294	12061
26029	325	27738
27893	220	29867
29561	325	18362
16796	268	20248
11466	280	11880
20196	294	17747
13401	325	17899
12168	258	19719
25505	258	18036
29278	254	14459
19145	254	18562
15631	252	13580
20697	271	12020
15001	282	28907
19435	325	27902
19352	278	16235
14671	246	13599
28932	325	16495
15995	325	18726
28319	254	14126
12710	258	16235
28755	325	15923
14255	257	20061
28507	300	19012
26435	325	25802
17991	268	14136
27472	263	12404
28869	254	20666
17143	234	19629
26484	325	15712
15266	325	13507
12989	325	14075
13420	278	26043
12207	288	11786
20016	325	26928
14230	325	28072
16602	280	16865
26141	220	26926
27199	254	11996
29563	254	17415
29323	220	26910
19875	325	18639
27944	231	11500
14195	231	11499
27947	325	18639
15160	258	13470
17876	325	17314
20410	325	14276
10677	325	16388
29171	325	15106
26715	288	28053
26587	217	27893
16050	325	18840
17503	325	20794
16670	316	18665
20266	288	16235
17719	325	18182
25668	254	11554
19089	254	12871
17969	325	19465
29280	325	13773
14323	254	12871
18809	288	20247
18485	325	13072
20559	278	19328
11091	325	17314
28926	325	20290
17478	252	19815
14668	268	19967
18842	325	12428
17102	288	19885
12476	258	15724
14669	258	15193
27189	260	29930
17063	278	16388
12684	322	27217
17974	288	12820
12474	325	11537
18095	273	27890
27630	288	20115
13656	254	13239
12342	288	16728
27145	325	11085
14764	325	10986
28627	230	10537
19244	325	10595
12712	300	29767
14839	214	16143
28887	268	14459
12704	254	16171
17197	325	19465
18680	254	28919
27452	263	10796
27344	325	15180
12283	252	14580
17260	282	28088
16480	254	16065
27186	325	27876
11432	278	18931
28520	254	27635
20780	258	20551
20043	220	19431
12949	325	14075
18179	325	12105
26247	258	17635
28204	325	18036
20427	325	12500
10677	258	26724
27464	325	17825
16771	325	16789
13793	325	12244
18497	254	19966
12229	258	29387
16336	257	17993
13549	288	16235
11092	263	26548
26436	227	13205
19379	325	19465
20765	254	28149
13426	268	27016
12289	231	26146
20971	258	20169
11548	252	14732
26391	325	13723
10570	325	29941
20353	280	10966
18392	325	12869
25785	278	20169
17337	235	27044
19393	325	27983
13774	260	12863
26565	325	18036
15522	325	14191
18846	325	27080
20219	263	11901
28298	254	20666
26650	258	13843
13632	288	15492
11840	220	18904
20788	278	14611
17413	258	13781
18349	325	20636
18133	325	27902
11341	220	26232
29120	254	11554
20552	325	12076
18663	325	17139
20914	307	28149
19170	288	12958
17650	258	12500
26460	325	27805
26118	254	13185
13556	325	12910
26247	258	19465
27434	254	13185
15077	325	16942
16073	254	26157
28215	254	29763
18150	252	14062
20971	258	11286
19549	325	27732
13695	325	28089
19681	281	12697
28005	288	18362
28387	325	15724
16012	258	25619
29831	231	26949
29708	325	14633
28189	258	15565
12766	254	12828
29901	325	20290
16798	259	13591
14165	325	13495
10639	325	26878
10839	325	20219
17737	220	18907
18409	288	20286
16228	239	29125
20011	325	16789
19453	307	26920
19078	325	11179
11188	280	12256
18029	288	27846
28658	325	27569
14399	231	17789
19289	325	28045
13437	252	27333
13186	280	14225
27340	278	29998
19019	307	27700
17130	325	27848
26352	254	14126
27458	325	13030
14299	258	11085
12680	325	14799
11161	254	29616
12110	325	13932
15173	286	11264
18993	294	16878
16242	289	18244
19102	325	17796
27062	223	19499
26040	258	18810
12006	252	19310
19924	325	26713
28684	325	18714
17974	258	20609
27719	254	14954
26795	320	11797
15256	325	15075
18684	255	18062
11163	268	14136
12357	305	16171
28757	325	16345
26561	325	16874
11688	278	19135
16142	254	11554
12724	325	20609
10515	220	25896
17826	263	29284
13215	325	19328
20211	325	18070
27042	254	19850
28906	258	20338
27648	254	11996
19607	254	29125
25521	325	19420
10547	325	15568
12163	254	14126
10527	325	29751
11933	239	18550
13899	258	20219
12788	214	17883
20705	325	28184
11992	325	27472
15999	254	20248
27843	254	20666
19840	214	12134
14348	258	27171
14134	325	29998
12221	252	14634
11678	325	13843
11646	325	16942
17060	227	12430
16359	288	11085
18889	325	16345
20523	325	29546
25710	325	15075
16601	249	17426
29942	254	28015
17101	254	18511
15196	325	19719
15311	288	29135
26204	325	12820
17959	325	25899
13008	325	12928
26507	268	11458
28392	280	13395
11454	254	16059
28144	254	18007
15311	254	12871
20642	325	13470
12749	268	14658
18153	254	12404
19147	278	16090
28246	258	17825
15696	325	15075
19964	325	16728
18386	254	20749
15386	231	12045
17947	325	15180
27413	252	28680
11583	325	28504
26650	288	27472
25713	278	25733
26518	325	18226
28876	260	14454
25815	278	13376
14747	325	29135
27315	258	26724
14134	325	16726
28562	325	19565
20170	325	26674
16424	273	11522
20362	258	13030
20492	235	10796
11633	325	26127
28494	254	14658
12206	254	25621
11610	325	12520
20454	325	17635
11248	254	11996
14884	288	29789
29691	288	12428
17763	219	12828
29326	288	13470
19403	258	19155
15592	325	19565
20905	282	11847
26540	325	17651
20501	239	16685
18393	254	18511
27758	325	12500
14241	288	29259
27761	278	19228
16604	325	13723
20847	254	28817
10744	254	17897
10501	325	27569
28222	263	12613
15052	325	14276
27604	288	14372
13810	278	12522
16595	325	17635
13256	271	17993
19040	325	17800
18377	254	17897
26269	325	28551
16174	288	14201
18112	220	12850
14296	325	20636
26496	325	13108
18655	325	29751
16859	325	26386
14619	325	26878
27477	254	25621
14749	258	25944
20177	281	29933
28730	254	13691
25664	325	16090
11789	254	15134
11535	231	12343
13419	306	18371
25769	258	18319
20082	290	27924
12664	214	26162
18591	288	29259
27714	254	14658
13765	254	17907
11074	268	28149
11661	254	14136
29019	325	18726
10929	325	28541
14080	304	10856
27007	318	14043
14287	325	28664
15694	254	18880
17378	325	17297
26725	325	16235
27214	254	16171
29232	325	28044
13978	261	26423
17970	258	26981
29623	325	18104
19273	325	25602
11741	325	26856
18827	254	28115
12467	254	20248
12550	302	11638
14437	254	29125
10612	325	10898
28804	325	12958
16300	288	11917
29689	258	13723
28999	219	16175
15433	325	14376
11136	254	14126
17120	325	18726
11406	325	17314
11246	325	28053
15705	325	16874
17019	325	15234
15177	254	11551
14925	325	18797
28195	325	15565
28354	325	19228
11540	268	16134
11979	242	16523
19224	288	11085
10805	325	27902
13653	254	20287
12447	254	17897
14195	257	27359
13126	220	13418
16073	325	12164
27716	288	11085
29239	325	13680
27751	254	26720
14407	278	18571
17368	288	14458
15611	325	15724
19863	254	26625
27626	254	17897
26946	288	29998
27689	325	18036
13113	254	14136
25743	254	12404
19353	254	17897
29950	325	12428
15102	325	20219
27453	325	19635
29469	325	16824
16936	325	16388
29907	325	16471
18081	257	27359
26066	325	27569
19438	325	27769
18425	268	11554
11136	325	19719
16993	325	13084
18092	325	26878
13947	268	18880
11936	278	14191
26105	220	11840
26446	220	29241
20632	325	28459
27607	325	29319
20276	325	27902
26372	252	12768
20445	278	14611
16680	325	19420
13197	325	20247
20643	281	20359
16308	254	14854
18598	239	12853
10528	325	20572
11246	325	10879
10953	254	12871
14382	325	13872
28531	254	26004
29310	325	12105
10596	264	19017
12116	282	28907
19951	325	12076
12151	254	14459
29506	258	12076
19663	258	27034
28483	325	11085
16163	258	15574
18340	325	13966
20880	288	17460
26094	254	11901
16295	254	28291
18809	258	29941
26578	325	14458
15188	325	20551
29596	254	26124
28629	316	19156
12646	254	12871
27856	278	28460
27024	288	17300
13604	268	18880
20968	325	18281
17481	325	26783
11653	325	15106
29383	254	11996
11526	214	20817
20618	254	28149
14281	238	15424
25783	258	11772
14003	281	17993
19875	254	12404
12918	325	26179
16348	300	10607
13830	325	10595
15048	325	14831
18669	278	12846
17998	289	10784
14472	325	16450
27466	254	11638
19139	252	16911
17684	254	26297
13262	325	13278
20441	325	14869
28696	278	20298
17715	325	26327
18706	325	16726
28545	252	13779
17220	254	11551
10559	288	26179
29527	258	15106
11188	231	17260
26373	258	14573
12701	258	11085
29358	325	29998
14919	268	26759
13171	282	12709
19120	325	25899
27586	325	29579
28956	325	26713
26706	254	10572
20704	222	16348
14396	220	13964
15598	254	28149
12199	325	20609
28512	261	18808
29104	268	11901
12785	258	12428
19970	325	12244
18041	220	29927
13520	258	12958
16008	281	29850
20418	325	14458
15736	254	28149
15179	268	27350
18688	325	12076
13853	325	16447
14062	252	20048
13465	220	12889
17173	325	27149
18935	325	17635
17628	325	17966
16691	288	28045
27961	254	16954
28842	217	16893
19742	288	17300
18589	325	17307
29743	214	19043
26095	325	12822
25732	325	20522
10937	309	29164
17638	300	12381
16154	325	20609
17459	325	18797
25814	278	16388
15021	252	14282
25769	288	18319
16933	288	19246
11789	288	28541
19869	263	27350
29915	325	12076
26475	325	26589
15422	305	26157
19882	325	11286
27296	263	12871
13041	254	17897
19750	254	28245
29554	254	14126
13817	294	12728
16583	268	14126
28830	325	12500
14265	223	27078
25840	231	18646
28860	325	20290
28953	254	18511
15833	254	16685
18853	252	16615
25576	325	19992
29350	325	13848
15031	325	16090
12593	325	14831
20765	325	18085
29494	273	13376
26449	325	11786
10762	268	11608
13446	252	10634
27648	288	13121
13877	258	28976
29028	254	12871
10584	254	25621
17787	254	15826
18078	252	28050
15081	325	27902
27959	325	26501
26735	325	20286
20270	325	17554
19969	288	14494
27784	212	20453
18905	325	11002
17910	278	18797
16080	280	14493
11325	307	28091
11322	325	15565
13345	325	28092
18515	325	16388
27579	325	29739
18891	219	10796
11856	325	12105
13561	278	19187
17135	306	26980
28686	220	29364
26748	325	16235
28386	280	11931
17773	258	12076
11762	325	14013
15857	254	17897
18361	254	12871
15835	219	27044
17870	325	13470
20931	254	15094
15667	325	11786
17514	325	13872
28572	258	26386
26921	325	18797
13520	254	17897
18511	223	13131
26086	325	26878
12104	325	25802
25880	254	27044
28517	235	11901
13568	254	17907
19789	325	14705
17102	258	19565
27453	325	25551
19864	325	20522
14639	220	10896
12162	325	13121
14100	252	29828
17021	214	12231
17545	278	27769
11062	258	20032
10501	325	29743
11322	325	16388
12235	254	17897
12281	325	20551
15534	258	18988
20813	258	15180
15987	325	27747
28465	305	29393
17365	254	14854
15975	325	13872
28886	325	20115
29228	230	18808
29649	325	13574
20716	254	26188
28048	212	19264
11847	254	14136
17623	325	18726
11356	289	29022
11841	243	15254
26639	254	11901
20567	316	18870
11614	317	28931
27023	258	18797
12611	258	15396
12104	325	11786
18425	252	28432
12042	325	18931
10907	290	12897
25949	278	12500
12600	278	20609
20527	325	14633
16531	252	14222
17368	258	14458
19756	325	16824
14194	254	20139
10831	325	18571
26588	325	14191
19919	325	14286
18383	254	25621
17204	239	27132
12603	325	16432
19941	254	28727
26607	209	20939
27759	325	27876
12617	254	29125
17128	325	11786
16511	280	19316
19311	325	26350
12835	271	13005
14860	325	12164
13958	268	28149
14306	325	25802
19969	325	12958
12895	220	15496
27514	325	26386
14572	325	12105
15075	263	11608
14403	325	20115
12807	325	14922
14001	254	13185
12283	325	12500
16897	288	17245
11576	325	20794
14965	325	13072
12779	268	17643
13867	258	12522
27747	263	27044
16833	325	29112
10831	325	20930
19950	325	18697
16779	258	14072
16602	271	27300
14242	288	12910
13193	325	25802
11708	325	11144
20334	252	18394
19887	254	14658
16464	325	29387
19834	315	14292
13922	325	28236
14200	254	29125
12645	254	14548
12821	281	27300
10886	325	29319
28084	258	19228
13322	325	29751
16851	269	14666
27542	325	14917
11239	325	11811
19111	288	15194
19618	239	25621
10852	288	15396
11084	214	26263
18650	258	28236
11095	325	14191
14883	326	14392
28731	258	15744
17251	254	14136
16822	325	29751
15330	288	14372
14893	282	18390
28153	239	14700
10815	254	17511
16106	268	29443
14603	325	15396
14730	325	25807
28678	325	26970
17754	325	16726
16933	258	20109
17445	254	14126
13191	325	29319
17520	254	19092
10592	325	27266
16137	325	16471
13715	325	25662
14043	250	14954
27249	325	25663
28521	252	20821
14832	325	19992
16769	254	29125
17177	325	19187
16143	325	12522
15844	325	10986
15304	254	26265
20571	325	12846
16775	325	29220
28724	325	18931
12498	288	18840
20060	254	20248
29180	278	26179
11399	258	15075
29974	268	28149
28571	219	27044
26448	223	17269
10953	278	16447
27259	325	20169
10857	258	26386
17917	325	27472
18819	325	13872
10627	211	20644
19140	254	14126
19260	258	12105
28303	325	19565
11663	288	17635
18485	325	25860
26508	288	17825
15958	268	27350
13064	254	28149
18005	325	12244
27821	288	10682
26728	325	18523
28854	254	12871
29977	217	28260
15437	294	19166
16947	254	17897
11450	325	14013
18306	210	12150
17934	254	27044
14048	271	18637
28079	258	19635
16273	325	18726
26363	325	28072
26729	254	10571
15608	220	13361
13010	254	11996
13128	257	27359
20597	325	20286
18471	261	26274
12541	288	16614
15433	258	18182
14721	325	16432
17049	223	18884
28002	282	28321
11273	254	13428
17236	325	20590
26185	263	15607
28190	252	17147
27826	258	12662
29555	288	12327
11057	220	18657
18418	223	26736
20580	325	16471
26701	325	25602
17033	254	14126
20997	273	13843
18559	220	12624
16652	325	14657
28097	258	13376
16416	325	19957
11266	277	25797
26644	254	11996
19230	288	12846
26952	278	20636
10664	325	16388
20674	258	28504
16847	254	20248
16924	268	29125
16780	288	27390
29028	258	29899
16346	288	18036
20041	220	15040
14175	288	29789
27451	325	15106
26226	325	26386
28212	325	10680
20986	325	11865
20466	325	15712
27887	220	12166
14751	281	12020
17372	288	15883
27007	239	14043
12861	268	11863
18765	254	28149
26989	288	10938
26988	254	15094
26249	288	17938
13082	231	17738
29747	288	11917
29441	325	16432
11750	288	12205
19216	325	12846
13248	257	17993
19185	325	15028
26761	278	27902
14501	254	26625
15978	288	14839
14391	258	11179
20356	220	17213
12014	258	20574
17622	258	12491
29610	325	10986
12713	254	20666
14512	325	26724
12303	259	18881
27231	294	19546
28478	325	16388
17194	325	16195
28239	254	11461
26513	325	11085
10647	278	26589
27667	325	25551
29587	280	15960
20415	322	26364
12713	326	25634
28701	220	27185
19505	288	12428
12537	285	20058
10974	258	26144
10758	294	10995
12424	325	26740
26669	268	26564
19190	325	27472
13374	325	16454
16765	325	27900
16903	325	13773
20117	268	20695
29521	282	25864
14676	263	29125
13653	254	11517
15592	325	13723
16555	305	20379
16765	325	18887
20279	257	29682
14710	325	10563
10717	325	29268
16166	325	10943
29600	325	13843
26235	325	13723
14874	325	18331
27381	239	29125
17134	325	11786
17322	325	11213
14863	254	28149
11078	254	11901
28839	322	19917
20343	278	28045
15167	320	12312
17673	317	13882
18121	325	18860
12046	258	10563
17320	288	14276
20031	254	12404
28527	263	27044
25984	320	14126
18389	220	19054
11629	254	20248
15175	254	11554
10902	288	10563
10639	288	26878
27290	288	20022
14299	288	25551
14130	258	12105
20933	325	20551
13603	278	13723
17969	325	13773
14880	325	25662
27812	254	25621
17320	258	14072
14318	325	28045
29386	223	17897
11224	254	11901
20507	220	26476
17816	258	13108
14339	325	26043
28861	257	11737
20245	252	11021
14446	252	29869
28232	258	12846
12180	275	18586
20534	325	15028
10873	249	20778
26244	325	10642
26239	282	19329
17131	325	20609
27957	325	12500
11374	268	29125
15583	325	11811
15441	325	19465
13809	325	18217
13337	220	19671
17865	271	29850
11070	325	14075
16703	325	26386
27719	325	16454
15196	325	19516
14422	325	29998
27810	294	29606
27093	325	12243
26279	258	27769
25523	325	27059
15187	258	12649
14040	325	13236
26989	278	20636
27716	258	11085
11490	325	14458
29167	258	28338
14138	325	20032
17197	258	17360
28681	325	25602
19070	252	15670
20046	325	27876
15449	325	12428
20923	325	27569
14552	268	29308
20969	231	11654
12412	254	12404
17781	254	27895
16113	325	29579
19073	254	11461
28896	325	16787
11690	268	18502
27839	325	11044
12421	254	29207
12787	325	14372
27143	325	20022
17211	254	20248
13883	305	15254
19701	290	27924
20634	325	20219
19120	325	29941
19486	325	29899
16012	325	25733
11639	288	12243
13976	254	14459
11545	223	18242
17548	254	17585
25841	325	14201
28122	325	26386
19122	322	27217
16063	325	27769
19857	258	16235
13690	258	19635
29574	325	17938
13820	325	20115
10853	325	17360
18634	289	11006
17721	254	16171
13158	325	13072
17058	325	18319
15840	254	17511
28319	325	26878
18527	278	19328
20895	257	12097
11009	278	14167
19537	325	13278
19256	325	12910
15262	240	13621
17399	254	14126
27648	288	17826
20324	325	13278
11200	325	12076
27691	325	15697
26174	216	26883
14807	258	11087
29552	254	11901
19456	254	18942
28077	280	20920
16984	263	29308
19062	254	19966
20837	325	11778
11351	325	28551
29402	325	13843
29913	325	29135
20137	325	15907
17544	254	13185
20300	278	29899
19594	254	18773
27164	254	20666
17950	252	17217
17148	258	14286
15743	280	12045
11485	325	27080
11171	258	29899
11772	263	11218
15361	254	13185
11714	231	13450
15566	325	12076
11404	258	20286
18074	258	15697
29374	278	11085
29713	325	12869
29691	258	16393
13206	325	17494
16005	254	17897
27503	325	14465
15884	254	29137
19506	254	11901
16738	288	16824
16478	288	27902
19060	325	16874
19584	325	15492
29311	258	11811
15781	254	14700
28937	228	20308
28860	325	27569
17868	325	12500
28973	268	12871
12136	278	14458
17482	258	13121
15667	288	28905
19808	257	12097
26929	325	18726
16945	220	12107
12323	325	20636
25699	325	25602
26590	254	11901
13520	288	26386
19961	325	19328
16164	254	11901
16238	278	20298
12129	325	15773
11105	325	18542
16472	325	19420
20256	268	13138
29691	258	16492
27301	219	14126
27917	254	25621
29201	294	29921
20532	258	28976
15736	325	20032
26719	254	20248
11786	263	12871
17311	325	18797
11869	288	20608
16551	325	17938
10852	288	15180
14110	211	15424
28261	325	25602
29473	220	18049
27014	258	29899
20202	325	19565
27752	325	26348
19900	288	18931
28936	278	16726
17608	278	14372
11511	254	28030
10955	254	13185
14162	325	18104
11508	325	20782
12903	278	18797
14523	282	11497
15764	288	26878
17753	280	28706
15502	288	15574
18538	231	27124
17183	254	20248
10996	325	11811
12960	239	17897
25673	258	27846
29507	325	27171
15651	325	12500
17644	254	14548
12685	280	17832
15887	254	28149
11282	325	14657
25545	254	17897
17847	325	28541
15130	325	14995
13837	254	11797
17676	325	28541
20009	325	10595
18533	288	16789
13051	325	10652
12063	254	12853
27091	254	29125
18953	325	25602
28281	325	18931
14298	325	26043
20922	278	27902
28050	220	18078
16963	325	13872
14369	306	18305
11839	325	19328
13468	324	27300
17220	278	11734
20018	325	16728
11556	325	18726
28189	258	26386
20691	325	27569
18312	325	20032
26577	325	13376
29217	325	17360
29362	268	14136
20674	252	18753
17853	325	29579
26638	288	12076
15611	325	19676
17342	325	18317
28063	282	29856
13181	210	10539
25604	258	13781
17828	325	28044
17839	325	11786
14276	214	27776
20140	252	17590
12424	325	16874
17695	288	26386
20142	254	13185
19355	235	13417
11285	325	26350
18961	254	20666
13868	325	15646
20321	325	28635
26761	325	27902
20504	325	26386
18754	258	11002
20821	220	16538
20134	325	15724
14511	325	28500
27899	325	28072
18015	220	11636
14355	325	26350
15692	288	28579
26199	258	14458
12058	254	19255
15017	280	26006
27309	325	13843
26844	258	16728
10672	239	27350
13748	258	27743
11562	325	16824
15108	254	26720
19085	220	17568
12347	252	18907
27416	325	25602
13490	325	16492
17593	268	27895
29567	288	11031
25763	223	14701
12481	288	19885
13629	325	18887
11388	325	20930
26721	288	14528
18401	325	18523
15880	280	19365
18188	263	11369
12732	271	17312
13977	254	13185
16334	258	12857
14032	325	13108
27463	325	15883
19254	258	14267
25537	254	16352
14009	325	11084
15866	254	28149
26832	220	18058
25853	325	28053
26116	248	26837
14626	305	12871
28034	325	18931
27477	258	28341
13809	254	11901
20488	278	18988
20719	325	27569
26698	325	25662
20374	325	19020
18435	258	26589
19301	325	26386
28466	325	26836
13986	254	10732
28700	325	29427
20267	258	11917
12392	325	13030
28845	288	14839
16708	258	10595
19550	239	29125
17641	325	26783
27170	254	26188
15474	254	17897
29611	325	29579
14112	325	17307
29819	239	29125
10683	325	16726
26145	288	10595
11231	325	17458
26858	325	25733
16097	320	17643
25952	325	19563
10734	254	11554
13081	239	11901
15275	325	12428
17642	325	13236
11964	305	20687
29794	325	27059
19515	258	18815
28974	325	14191
14015	258	12428
25796	278	13723
15637	258	12431
11149	325	20169
27723	278	18797
29566	288	16345
14927	325	26878
28564	304	26457
17062	258	18797
20820	263	27044
20677	254	13417
16618	325	13470
19648	268	11901
20508	268	11551
27254	325	20338
15801	254	10571
12047	280	18456
20880	325	10680
14449	325	25602
17960	325	14458
11798	288	29789
12528	325	11717
26948	268	20358
26913	279	27685
20383	325	15396
14884	288	12910
12538	325	12076
18710	325	26881
16468	325	17314
18099	325	26179
11250	325	20219
15478	278	11734
25841	254	28149
17701	325	18726
26259	325	16824
11889	325	26724
17929	254	13239
20094	325	27614
28354	278	11179
26021	254	20594
15825	254	16685
16533	325	18530
11799	325	14034
17372	258	12274
27775	252	25825
28827	231	15899
27022	251	26899
16607	325	25662
11753	220	28983
12458	325	25802
28054	246	14982
17969	288	19885
11676	280	20709
27537	325	26350
15268	254	12871
16627	215	15079
16315	325	29926
17330	325	12958
20193	325	14376
14084	325	14458
17542	317	29860
16579	325	16874
13175	325	12243
27780	268	11608
14234	278	27080
20065	258	26179
28122	325	16345
17906	258	18352
14452	325	29739
15063	325	18523
11888	325	19465
25649	254	28149
12196	278	10682
25650	258	27473
19467	252	13640
19448	254	11902
11724	325	11213
14774	278	20808
12328	278	16388
11641	325	29135
18444	254	20687
27590	278	25733
27490	325	16824
10857	288	10563
11105	278	17314
26475	254	20248
28237	325	19246
29466	325	15307
26687	220	26470
17874	288	25662
17772	258	26386
13601	254	11901
29106	254	28149
27969	280	17619
11079	258	25802
17730	254	11461
28966	325	17494
28341	214	13743
18283	219	20666
28742	325	18988
27882	325	13773
13142	316	11278
13843	307	20997
16093	254	14136
15738	278	28541
13383	325	16269
16076	325	17360
28361	252	29394
26998	325	12164
19254	258	28620
10561	325	13872
29160	294	26661
26590	325	18104
18288	325	12205
14715	252	14282
28418	325	18988
17332	325	18362
27172	325	18317
13176	252	14503
27514	325	27080
11948	254	19966
18374	220	25567
13945	268	16171
15509	294	18913
15008	238	15424
10666	254	20248
10757	278	27266
20760	288	17139
18687	325	13843
20945	252	28712
20580	258	14465
14212	325	16824
27899	254	13185
26110	325	12428
26340	231	28735
19709	254	25621
16373	325	19561
28867	222	18506
26195	325	16235
27145	258	26228
19232	288	28236
27581	252	25639
28103	325	25586
19311	325	16787
20619	325	19328
20318	317	11551
27556	325	14782
28313	258	15712
15739	325	20551
17399	325	19719
27425	258	17992
14379	325	27080
18169	254	17897
14589	305	13808
14135	219	14126
26494	278	19328
17013	325	19328
28024	288	28044
16488	316	25940
10777	325	16726
28793	325	16270
26554	325	14458
11350	254	20248
17030	258	10606
13351	258	27848
27333	252	28280
26264	254	16171
26657	254	29125
18340	325	18988
17065	254	16065
28502	259	17041
27870	325	12184
25722	254	13239
13335	325	29751
17265	325	27876
19227	325	13030
14339	325	14458
29309	325	12522
17878	215	18913
19594	325	29268
13366	257	14190
17484	258	10595
27087	254	11608
25791	254	13185
12962	325	18810
11448	325	18860
27702	252	16812
18272	307	10571
26954	254	13185
18037	280	25527
15981	254	29822
11194	252	10611
11045	325	20115
17453	278	26325
13560	325	15180
19983	325	11686
26444	263	18253
19215	257	20130
11621	288	28338
18381	254	27044
15903	278	15234
20321	325	14995
26764	325	20551
17339	294	15585
20203	254	28790
11897	230	14150
11985	278	19248
15148	254	14658
27547	257	12845
15148	325	16388
11907	278	10986
15839	252	29590
10584	325	26575
29495	294	19410
15301	325	13781
18866	325	13781
16206	254	14126
18593	325	10595
15814	288	13781
19096	259	29411
29457	325	15277
26932	220	11428
18445	252	17477
16708	254	11901
19955	325	14276
19768	325	29833
27908	325	14782
17052	258	12928
27119	325	18036
20862	278	12522
20483	325	27632
16086	325	10715
16528	254	14658
12002	325	20636
11565	325	19676
16035	254	16065
28673	325	14286
18423	325	14771
27095	325	16728
13805	325	15398
13602	223	17060
12874	325	28459
14080	320	17433
18400	268	15624
11927	231	17439
18219	325	12820
20149	325	26878
13798	325	29833
20487	258	20551
12502	254	29125
28146	263	29125
17024	325	19187
27828	325	16492
17703	280	20288
29859	254	17897
27576	254	14459
27956	278	15883
11580	325	26757
14878	325	13773
27934	325	18639
11643	325	15396
12124	288	15565
29615	325	11085
20782	263	14459
29976	325	26350
14382	288	13932
12157	258	27101
13951	254	27517
19760	325	13470
10785	325	16789
27770	325	10563
28674	325	12782
29587	271	14602
20002	254	14126
12263	325	17139
19296	325	12846
11233	254	11901
11473	325	20022
28801	325	28551
10884	217	20391
14807	325	18639
25851	220	14026
26533	325	12500
17906	325	10563
19818	268	29763
25513	325	14376
17907	293	18573
16240	254	28149
27227	325	14372
12245	252	26779
28102	257	28773
15964	288	25602
17933	325	17796
14126	250	13417
17846	220	27558
28695	220	29846
14557	220	29984
12056	317	28751
29624	268	11554
11574	254	14865
27652	288	19565
16746	325	29789
20085	278	17826
20697	281	29983
14744	258	20428
18633	220	29245
18281	214	20317
10668	239	11461
14764	325	27569
16264	288	26451
12726	317	20248
17325	325	11786
17560	254	11461
19249	325	20219
29172	325	19020
28041	325	26740
26063	280	20279
15513	325	29941
28676	325	20452
19336	278	28089
19354	258	16492
17163	325	20930
27980	288	18797
17023	325	17635
29202	254	12871
13794	258	16345
13913	278	25602
16430	254	28149
14845	288	26589
14443	254	11901
28766	230	28549
11428	252	26932
28367	325	14831
27742	280	13522
26682	254	28340
11577	258	27080
28586	325	25602
11203	288	18860
15273	325	13781
27862	288	13932
14271	325	16450
29331	325	25602
26800	278	27080
26146	257	26619
28954	281	29851
12801	252	20062
11634	325	26713
19433	325	20022
28342	325	16471
14500	220	14556
29486	254	17897
15726	268	20248
28804	278	26179
27682	278	14075
14476	278	13276
14145	254	27044
28628	288	16728
13182	271	12697
11792	220	15928
27647	288	12522
27249	325	15383
16988	325	10986
11460	325	18840
13016	325	13680
12259	278	29789
27440	325	29259
13526	254	16171
27152	325	17139
11448	288	17426
15264	325	16789
17905	325	13908
27643	325	12076
27817	325	27902
13141	325	14034
14861	325	28541
18483	325	25877
13538	254	18773
25694	325	17426
11416	325	11811
15074	294	28772
11786	263	29881
11462	220	26260
27927	325	18606
26248	258	18797
16667	271	15157
13991	254	20248
15067	288	26179
16558	325	26144
15422	305	19583
27076	220	25876
14511	325	17458
11284	223	12404
15865	261	11897
20073	258	12500
18548	258	29751
27963	325	12184
18056	325	18182
28878	325	13723
14581	258	15180
15177	325	28541
26634	325	20032
18034	307	10728
25995	325	13781
20573	252	11484
29038	325	11031
20676	252	17918
29919	325	16726
16094	288	20032
27174	325	15568
10844	325	18104
26967	254	20248
20161	325	13376
13200	325	26127
13025	325	25662
19170	258	12958
11101	254	12871
26362	278	16388
16959	325	14276
28069	258	28976
25956	288	16824
14495	258	12243
13151	288	15724
27658	278	14545
29440	325	26144
18218	288	14458
16339	325	20022
29872	258	15712
10960	325	19869
15345	325	10938
20317	325	27569
12135	282	25864
12724	258	20609
28785	254	13185
19139	220	17846
10872	254	11461
26247	288	14465
16910	325	17314
16759	325	12244
27586	325	27848
16517	325	19561
27553	273	12983
19022	288	25944
19677	231	10973
17393	254	16171
20506	258	29259
15667	258	12928
20857	231	16702
15123	258	20636
12428	263	11901
26644	325	14372
16769	325	13723
13772	325	29751
11105	258	20452
11740	278	18988
12118	277	11558
11978	325	11778
27221	325	16728
16854	254	16811
18506	305	26371
15467	254	20248
20313	278	12076
26810	288	17645
15052	288	14276
15533	252	18699
14597	254	20129
28992	288	15028
12198	254	11901
17690	254	11390
14393	325	28791
16160	280	16606
12420	254	27350
18046	268	20253
26898	222	26100
20730	254	14658
13601	325	18726
12488	325	19635
11839	325	17635
27805	263	20248
11150	325	27234
26372	254	14132
18906	282	18733
20619	325	18036
28705	325	15028
28906	258	11266
16833	325	14075
11707	258	28092
12477	254	13980
26385	325	28089
29239	325	17651
11605	227	17678
14749	288	12491
11199	219	28149
16724	254	11863
17773	258	15106
16704	254	16171
10750	258	27080
19913	325	13376
29310	288	20109
26706	254	28149
29210	220	14519
25800	254	17814
17327	254	12871
10576	325	20290
19214	325	14276
20553	220	15472
17566	325	19135
26887	325	14771
18921	255	16282
14149	325	10943
27509	305	27564
18315	254	16685
25904	288	14831
18801	278	16824
20422	231	17206
27091	325	15492
29334	254	13185
19113	280	28118
28800	281	18390
15782	325	18331
11074	258	15078
20149	288	29743
29271	278	16984
17190	235	11398
29105	278	16235
12697	254	15658
15986	268	13185
16249	325	18281
14860	254	11996
20918	215	27269
16172	316	14804
19941	325	20169
19397	294	16093
25614	325	26179
11399	258	10682
26482	278	16874
28024	325	27175
29348	254	16811
29734	325	14458
10684	288	11085
19822	220	13465
29267	280	14848
18376	325	18887
12652	278	19565
11095	325	11999
10587	325	18362
20607	219	11901
14153	231	27786
17522	268	13185
15546	325	25802
11510	268	25621
13151	288	27473
16285	325	12703
17309	325	20522
13053	325	15697
20311	254	11901
17372	288	27743
14867	282	28025
11789	325	17554
29074	325	29135
20035	271	26208
17640	300	18506
17029	278	13030
27701	220	25859
20564	325	17652
14168	325	29220
17892	325	20338
27812	254	19265
16124	258	18571
29633	316	27629
20970	325	16962
16450	307	29763
12232	325	19869
26101	278	18797
20494	223	29767
18769	325	17139
13742	254	16657
13933	325	25802
17176	254	17897
14172	325	12846
16115	278	13376
20634	325	20115
13323	254	14136
18122	325	25602
20102	268	25621
19920	254	20666
25694	325	16755
27149	263	20248
27146	325	28620
26606	239	26371
14437	288	29941
27683	268	11554
25978	268	11901
18328	325	26350
19371	325	11213
16639	239	17897
12944	288	13278
10664	325	13470
14535	263	28149
28393	278	20636
25870	254	20248
15598	325	14191
10799	325	20871
13053	325	25618
18524	288	16270
17077	281	17993
16593	254	26033
20080	325	15234
12970	289	17324
12476	288	25662
16308	252	28446
29945	278	12788
19334	325	12244
19448	254	26720
10733	325	17139
16807	325	12500
12832	254	14136
11279	325	26386
13160	325	16726
18111	228	13909
13555	268	29125
28647	254	20248
18365	268	29763
27716	325	12910
14731	325	12505
15285	325	20032
28920	282	28054
12628	220	19262
13580	252	29150
19667	254	13185
20643	263	14136
27268	220	28007
16845	301	11960
10701	288	20640
15388	254	20666
27380	325	28976
12005	278	15724
20631	258	19635
25687	254	26297
10763	325	15106
15113	254	14136
26118	325	18797
28040	325	27473
11519	325	12822
15925	325	12520
11065	288	16726
15692	258	28579
20096	268	15134
12052	219	11638
20668	254	16589
28717	280	16898
29557	280	10608
11821	278	14611
29460	325	18726
10913	254	11901
16993	254	13417
26269	278	13932
29813	322	28138
17234	325	27171
10715	263	27350
11148	325	26386
29212	325	29387
12014	258	12428
18595	325	20032
18537	318	27350
16191	254	14105
13055	254	11902
10872	325	25586
17977	325	14075
25721	325	29789
18206	325	25619
27877	223	15254
20254	254	11638
26176	305	15458
12257	281	12979
11827	325	11778
12208	288	11085
20308	239	18550
27722	217	29419
26727	325	19992
11152	325	27569
28782	268	29881
13801	254	17897
12263	254	28149
17920	325	20022
15535	249	13770
16321	258	11085
20071	302	28722
14956	222	26100
12617	325	20974
19642	293	28356
12124	258	15565
29866	278	11734
14875	219	14658
20602	288	13121
26046	325	20551
19457	254	19850
29972	325	26724
18179	288	12105
18164	254	11901
12476	288	16235
27438	217	13757
19060	325	11002
27363	288	18639
18345	325	11917
15252	280	18019
13083	258	19228
10696	288	27848
14484	317	27044
11669	278	11734
11516	282	20341
18751	258	29420
11505	325	14075
12916	239	11901
14581	325	20636
20163	288	27266
27305	325	15028
19606	325	26878
13521	252	11281
17452	254	18007
15453	325	20338
27866	325	17826
29418	288	26724
25786	278	20930
27822	325	18988
27055	325	19753
11223	325	17966
16770	258	15234
11360	325	15193
29169	253	11996
16839	254	17897
28218	263	27044
14623	254	19534
10925	325	19565
16980	254	16171
18605	325	25586
11531	325	26928
12658	325	13773
19881	254	15456
18338	325	15712
17458	307	15614
15745	268	14136
25919	325	20022
18579	325	27983
15619	257	16159
19291	320	17897
12010	254	29626
12519	278	12244
27243	325	14494
12752	231	14279
25846	222	20892
17146	254	18562
27421	254	20248
29370	325	26386
28120	254	11604
20817	325	28053
26693	325	10986
20672	220	15168
14851	325	12846
25701	325	28089
11769	325	12910
14236	325	20184
27450	325	15234
15995	278	18726
26200	288	13838
19335	307	27631
20476	252	12070
27073	325	27876
18848	258	28236
13433	254	17897
28449	220	18279
11528	258	20219
25729	254	16954
16455	325	29789
16488	261	25940
20557	278	19328
12785	325	16492
27976	220	12760
15857	258	19565
10858	263	29767
26832	268	19967
19888	280	14463
26611	306	16230
18829	325	16789
14378	231	15151
17550	325	13680
12787	325	25802
17635	214	18276
16545	288	19885
15103	223	15877
17571	282	19329
14315	325	18036
15932	325	29998
14726	325	16789
18575	258	29941
14980	227	17215
20038	325	13773
11438	254	11901
12681	258	26084
27601	288	14458
13640	252	19467
20959	325	16962
19001	281	13768
20783	258	26224
20533	325	17635
16273	325	25619
26038	219	17897
26852	258	12411
14375	254	16304
27254	325	12428
20740	325	16492
26687	254	16171
29898	305	27132
11365	325	19904
20205	217	18145
12662	263	25621
12042	325	29941
19273	325	14458
16613	278	18104
12621	325	18931
12439	254	14126
10849	254	18242
14851	254	28931
15742	325	29743
26296	254	17511
18065	258	12274
11251	219	17643
19657	325	26386
10962	254	14126
15553	254	16171
29993	325	12520
20597	325	13121
11353	278	14458
14172	325	29743
16584	268	19850
15133	254	19341
20859	325	16665
15088	268	19051
26497	325	18104
27678	325	10943
12137	325	17360
10651	325	12164
29031	254	11638
14578	252	20345
26764	278	26970
29715	325	17139
27899	254	16811
12442	281	29983
20327	280	20505
15180	214	27290
14478	288	13773
18533	268	26915
28244	254	14136
26647	325	20609
16948	278	13773
20266	325	12500
11378	254	25621
26395	325	20032
16957	258	14276
11868	288	18104
28154	325	14372
29563	252	20851
29747	325	16090
19605	254	11901
18538	281	13269
19944	325	27876
10798	268	13239
15273	325	13278
10918	258	29299
26223	263	29904
15817	325	20871
18618	258	13723
15121	254	28450
16936	288	13773
17725	217	17402
12881	252	18132
17839	325	19248
20799	325	16235
11239	325	25733
14224	288	18104
18289	254	13417
27248	258	20930
16510	254	11901
26885	325	13470
14528	263	18550
11362	325	19135
26526	268	19521
28534	325	26501
29442	219	29393
14949	220	16894
26437	325	27138
29523	254	11107
16732	325	26674
12261	254	19850
13965	325	19885
16385	288	15744
26472	325	16492
15410	325	13376
15290	325	13574
12120	258	29899
12933	325	28089
11857	220	17065
16521	288	29902
27111	281	12382
27716	288	14494
13949	325	29387
26412	254	10539
28081	254	12853
12843	254	20129
28247	278	25529
17833	288	12820
18459	254	14126
14118	281	17273
11734	263	11551
11193	261	18537
16798	222	26100
16475	325	27876
28069	254	13417
20715	254	29125
27650	220	20403
28370	255	26485
16252	268	17897
19539	254	17897
20135	325	15075
12784	254	11996
12530	325	17458
12094	325	28272
13267	231	20697
16068	325	15450
29979	324	28128
20532	258	12491
11377	239	17249
13289	325	14465
15804	325	27171
14112	325	15744
27256	254	20666
27767	325	20115
28353	325	18217
15919	254	16171
27275	325	15727
16374	223	20066
26817	268	20248
16946	254	20666
20065	325	11734
28075	300	12312
12990	325	16471
18176	325	13072
17095	325	18530
19257	325	17460
11801	254	20248
16043	325	16235
18437	325	28500
19187	307	12942
17884	288	18988
15581	325	19465
19821	325	27743
27896	278	18104
13900	278	29751
14778	325	13495
17391	325	28053
10757	258	27472
26470	288	12491
19543	325	15180
26209	325	28053
17632	254	14459
17564	252	19312
17655	215	13944
13502	288	13108
28956	258	29546
25642	254	28149
26859	288	19328
19853	254	16171
17080	325	13838
14737	254	18880
12968	257	27359
12429	325	12664
18679	254	11579
27402	325	14458
12059	325	13773
13915	325	28045
18065	258	18331
12236	325	13773
19184	325	20022
19614	325	20115
19538	261	11897
18756	325	11811
13313	254	19967
17206	231	16438
16839	325	12428
20343	325	12788
15461	254	20248
26540	325	16195
11009	325	16235
17167	258	12218
14743	254	14126
29193	258	12788
28368	254	18880
19776	325	19135
27674	325	13121
29351	325	29833
17421	288	28053
15235	258	18988
27619	252	29624
13535	325	25619
11995	220	28753
26115	325	15720
15901	257	13746
19287	288	16824
27800	220	10820
17696	325	27080
15626	268	11358
13244	325	28045
14836	252	17221
26220	254	29550
26943	246	16999
27868	325	25944
26447	252	14035
17025	325	14458
15592	325	12820
17810	325	29259
17288	325	12274
15488	308	20927
17386	254	14459
19386	325	11865
27199	268	11996
13001	288	12846
12434	325	13680
17153	325	16345
26942	252	12578
16880	325	16492
16661	325	19565
16648	268	29115
18625	214	13003
20045	325	28053
13353	325	19222
29516	220	12885
26482	325	16874
14342	325	27377
17983	258	29579
15010	325	15724
14191	263	14459
16033	282	28112
17798	268	10851
17508	325	12243
16073	325	14633
26561	288	27915
29437	254	14459
19009	325	17314
29830	325	26928
15380	325	19465
14698	325	26856
19371	325	16500
20770	325	13495
26290	325	12869
17996	325	12820
20510	325	29926
17496	325	16235
26239	281	14457
11603	220	14950
15782	325	16726
17705	325	12411
17709	220	15863
17789	280	14399
25642	325	18625
25957	325	19228
28670	254	20248
13069	325	13108
14776	211	16745
28067	258	19971
18194	220	11159
12055	258	13470
27682	254	29125
15877	227	15103
12334	254	14126
17071	220	28770
29553	220	26489
15806	325	18362
27554	282	29762
28876	260	29498
29214	325	20871
18506	305	17897
18265	325	15636
20817	288	26878
12874	325	12218
13632	288	25602
26695	219	27044
15325	325	28272
11791	325	16492
27286	258	27266
11765	288	14799
15583	325	16432
29300	252	29043
27845	288	12715
13020	254	19341
15486	222	18506
20039	325	13376
20270	325	11734
29836	306	16230
20809	325	12500
16565	325	16942
16414	325	26713
16929	325	13872
18620	325	28500
28383	288	20286
16983	254	28149
15102	325	16874
28218	249	16787
14108	252	29840
25882	278	20298
27023	288	18797
12242	325	11068
19125	234	17881
11331	288	12076
27749	278	16371
26747	278	18352
16109	325	27569
25816	258	26386
25746	325	19019
10774	258	18104
13750	252	20563
19305	325	20290
27447	325	27902
26219	278	28579
26558	254	14658
29953	288	20974
19580	288	13470
16105	325	16388
19389	325	18931
16003	325	12428
16809	263	13185
18113	325	27473
25753	325	11811
27293	325	20115
13743	325	13680
29936	325	12428
20065	288	14689
26247	258	14782
10914	325	17554
10543	254	16685
12773	258	19420
15131	325	13872
13051	254	12871
20214	278	18639
11348	325	12164
18079	254	28149
16229	325	26127
27717	325	20782
11953	325	14072
27918	307	13065
17523	325	11068
27648	258	13121
11009	325	28909
14094	269	28438
14385	254	25621
17750	325	14633
15473	288	12164
19486	325	13121
29591	325	13121
19403	288	11786
26099	270	10571
17019	325	14075
29206	220	20001
27403	288	25619
19054	252	18112
29868	325	29739
14390	325	15724
29543	325	15744
27813	325	17460
17732	278	10932
17258	278	20574
19765	254	11369
17513	254	16685
15833	325	15697
15859	325	17554
10589	252	19646
26267	325	20219
28274	325	13872
13810	325	14941
27063	268	25922
16060	325	11085
19617	258	18571
26113	325	11084
29118	325	13278
27250	217	20062
11937	325	12218
18621	325	10504
13157	325	14034
16405	279	11237
15097	325	15724
16339	325	20794
12604	268	16977
11775	325	25586
15575	325	29259
16440	288	16270
19811	220	17169
28636	271	27300
16919	325	16824
15685	257	28112
15739	325	15744
16694	220	28233
27897	325	28976
15057	264	12709
25804	325	27080
13600	254	16171
28530	325	18726
13248	282	17993
16132	254	15134
10872	325	28607
12144	282	17993
12314	297	18325
29621	325	28541
17647	325	14372
10768	325	25619
19698	220	12988
28050	252	28036
15795	325	16345
20517	325	18281
18754	258	18085
12500	307	11618
27585	325	15574
17126	325	11786
12222	325	14372
29391	325	25733
27501	325	20298
12021	254	11901
19131	288	10595
26434	254	16171
27856	325	27614
13440	268	14136
17721	268	16171
17369	254	14459
14442	288	25551
16245	325	12869
27583	297	19602
28697	325	19246
29654	325	28222
15342	325	28072
27523	216	13207
25605	297	26649
28166	252	29905
15391	325	17800
16229	254	17897
13510	254	15215
26230	254	29817
11232	254	18880
14128	254	15456
15795	254	16171
28219	299	18939
28337	252	11948
10528	254	28727
19857	325	12500
27064	258	14633
13238	251	28315
27428	288	15075
28395	258	14458
11698	220	10905
18448	254	12404
26865	325	29998
20508	254	13415
27120	254	27350
19357	325	15234
15322	325	19328
18950	325	16235
19969	258	11085
26140	254	13417
11596	325	17521
13012	288	26869
11752	307	26309
14665	254	20248
11182	325	19561
27541	258	12244
28724	254	15134
18473	239	11901
10922	258	29320
29032	270	11551
28299	325	26589
11410	325	13723
15191	227	19820
17720	325	14625
18351	325	12244
10567	278	14191
15648	325	20247
15900	293	28356
13332	325	14625
29855	325	17139
16766	325	28089
26491	254	11996
12953	220	10620
29352	325	19971
14451	271	17993
18545	325	10776
20977	325	15396
16365	223	27075
14393	288	28791
12188	258	26724
15097	325	29387
29107	252	17057
17268	325	14286
26561	288	13680
13803	288	20290
13053	325	26393
16666	220	29339
27048	288	18217
19599	325	27473
17000	278	12118
12602	254	14459
20199	325	17825
13899	258	29220
13738	325	29751
26147	325	15720
26944	294	16476
26774	268	29443
15780	254	13185
12002	258	16269
10654	258	19563
13114	294	26546
25713	325	13108
26268	325	27846
17246	288	16432
10918	258	25802
16511	257	13746
10699	325	19971
20318	235	11551
25519	325	28053
19220	254	13882
10986	214	14172
20405	254	17415
18344	254	20248
29528	288	14458
16197	254	16685
11522	307	16424
10629	238	14110
19688	282	19329
18904	220	11840
27119	325	19565
29487	268	26217
10978	325	29743
15979	325	14611
27850	325	19957
18212	214	13165
18805	325	16078
17704	254	29137
13889	288	12500
11087	214	14807
17461	300	11517
19140	258	27211
13367	325	26084
20453	226	13768
15893	222	20892
17832	282	13519
13785	325	20219
11806	288	27848
10745	325	13470
13001	288	27569
27864	320	27350
10940	325	26081
15745	254	14136
18350	278	29751
26986	214	28339
17952	254	11901
26859	258	28089
28188	258	12715
26051	325	13343
17246	258	11811
20729	325	25551
14572	258	12520
17071	325	17458
28014	258	20636
15779	325	13932
26387	254	14459
20832	282	18865
28818	252	25883
19178	325	16726
12732	282	17312
12066	258	19719
16102	254	11901
13109	280	14680
16920	254	20248
18930	263	26205
18184	325	16726
25949	325	12076
29080	325	13723
13933	325	27346
26900	288	10652
11445	268	11996
12567	325	27473
15615	325	11811
20716	254	10796
27744	325	10986
14861	325	12118
11394	280	29880
11130	252	26566
16777	325	17966
12996	258	13872
26700	325	12500
17789	281	13543
26304	278	14276
12704	325	14782
26288	325	18188
19762	325	20636
16596	325	17992
19266	325	16078
12203	288	16345
16429	278	28089
10922	325	14458
18085	263	28149
29693	325	19992
14594	288	20452
13527	220	27855
15742	325	18523
28498	325	14465
19576	325	14465
28804	254	16685
28599	325	25619
10806	254	28149
17247	325	18182
28078	325	18797
27525	325	26179
19883	254	12871
29424	325	16881
18778	325	12243
19303	288	11917
28263	325	26856
13162	325	29546
26233	252	14526
29531	297	29140
27659	288	11085
12785	258	16471
19687	325	28236
15449	325	14458
12498	325	12105
17747	254	14136
15964	288	29833
13416	325	26179
14558	254	11901
20232	288	27900
16644	325	28976
15764	288	16148
13875	325	14376
13993	254	13239
13914	325	18124
14865	250	11554
15643	268	11554
29629	317	26499
25840	271	27300
12168	258	29751
16137	325	14458
29449	219	26297
19939	325	26043
19661	252	15040
26036	281	29983
13150	325	16492
28589	213	29463
20807	223	18995
27518	220	18685
14068	278	10792
19456	325	13376
14714	325	15359
14624	254	17511
16836	288	29387
17948	288	15574
27116	325	26179
12359	261	18808
28937	239	16685
12481	288	18362
15330	254	11901
26399	325	18606
27352	235	26297
15595	325	12946
26336	254	18773
27895	223	14462
13992	325	29789
26162	258	27472
20614	325	14372
27048	268	11901
27377	263	11554
11317	288	18931
28652	254	11901
12263	325	13376
11627	278	11085
28672	258	18036
18722	300	18506
26013	281	28147
12359	316	10835
20084	325	17314
13373	325	27915
19761	325	14611
29569	254	18562
12460	231	11535
29698	254	28149
20890	325	25807
18198	325	29739
25924	258	26228
26810	325	14458
17248	254	14658
27624	220	27673
19792	220	13521
16302	288	17494
17030	288	10606
11971	325	18036
20344	212	11744
14328	325	14276
13584	325	19187
16563	268	11901
20076	282	12832
26377	325	16345
13070	268	20248
18540	254	19966
11832	227	11166
13311	254	14136
20947	263	10796
14620	254	16685
26889	258	17796
15404	325	16892
11025	258	12164
20464	288	11179
19945	325	28184
27740	258	13680
29868	254	20666
17375	325	15568
29158	225	26023
11938	239	18550
26753	278	29941
18848	325	26043
19522	325	29259
18348	252	27843
18841	325	17360
28917	268	11901
29567	288	12105
29271	325	16492
20359	268	13650
11994	254	11461
28286	325	20636
26015	325	29319
13089	280	12135
19983	325	26350
20040	324	18779
12553	278	26386
20089	325	16471
16658	288	28805
17012	239	17897
26129	219	17897
13241	325	19328
10958	223	26742
20991	307	14459
18842	325	12076
19279	254	15134
14577	278	27569
20733	325	15085
28505	254	12404
26055	231	10979
20178	325	18887
15965	325	20551
28176	325	12306
13032	288	26589
13009	288	16388
26359	278	16824
15408	325	17458
20958	325	20338
10974	325	26144
20586	278	10680
13536	258	27472
25531	325	17139
27272	325	15396
12730	288	20636
15567	325	10636
27594	289	17774
29709	325	11179
14975	254	29442
16721	325	28905
13332	325	29387
29982	325	17826
12851	325	13932
14322	325	12820
29828	220	20003
27185	325	20636
19624	268	20248
15074	294	17965
15156	290	27924
14792	288	16726
29512	325	14075
20125	278	19885
26082	316	19449
13133	254	11461
27095	325	12662
14764	254	14126
19552	325	13470
20923	325	29751
26772	325	17651
12124	288	12788
18028	258	27472
15399	254	11901
13326	325	19328
12667	254	14954
10710	220	11021
12913	254	20248
11632	254	12853
27278	325	18542
25748	258	20032
12321	220	13347
11067	220	13573
28654	252	27385
20195	254	11996
27542	254	15622
29956	325	27902
15752	254	29125
14292	261	26572
11274	254	29443
13461	243	20666
11338	325	10686
11508	325	15075
11907	325	29751
15684	325	28072
12105	307	26710
27146	325	29390
26868	254	18136
17864	325	18787
14607	325	12076
15492	263	26033
16344	281	29983
16900	220	26338
15954	254	16685
20325	325	17314
14182	258	12520
19865	325	29833
27604	288	13121
12749	325	10904
27273	325	12076
17689	254	14658
15177	325	13030
18434	289	17993
26902	325	14458
18028	288	27472
16916	300	26265
10715	307	27393
10683	325	28527
16786	254	20248
12551	254	11901
13590	288	20871
27082	325	15075
25972	220	28183
16680	278	13072
10509	325	19676
13071	254	14658
14561	316	26630
27145	258	15724
13613	258	25662
17752	254	29125
17611	325	15720
28697	325	16148
16047	325	27472
11210	325	15234
20874	294	19863
17429	254	16811
28672	258	16270
19700	288	12820
28886	325	12428
18243	325	26127
14522	268	20810
16379	325	13278
26826	258	18726
16389	254	10796
19350	325	17635
16420	288	11811
14830	252	18330
27501	325	18070
11324	268	19850
18219	288	12820
17124	325	29998
16545	258	19885
17010	223	28198
26627	325	26878
25526	257	28112
13158	254	28727
26810	325	26724
16700	325	25551
18828	220	13847
20949	254	11638
14182	254	28149
20275	324	14681
28558	278	26386
12313	325	19420
20856	278	12958
17745	227	18502
19882	325	18931
29419	268	11554
27494	278	26970
11319	258	28579
17551	254	19943
17671	325	20636
28483	325	28045
13808	300	14589
28006	325	18797
17235	325	20032
19079	280	16844
27993	317	10761
16348	300	28149
20698	273	12587
28828	258	18217
17384	317	27044
11586	254	17897
25974	220	12288
15775	254	13417
17407	254	14658
10940	254	11996
18536	278	27080
15081	258	20636
20315	325	20545
16117	254	20248
10684	288	20286
19423	325	19736
15705	325	13276
28402	325	15744
17267	300	18795
18641	278	15724
19433	325	14465
17866	317	18418
29010	268	16059
14336	294	19648
12898	254	28438
29786	325	29546
12867	307	29538
13299	325	17796
11284	223	15134
19924	254	11638
11245	325	20290
10856	217	20180
25653	254	11901
29741	254	29125
16357	288	28719
29811	254	14136
18765	325	27569
28966	325	20115
13451	254	17415
13151	258	29751
17436	278	14611
12251	316	18537
10764	278	15744
11073	254	17897
28256	325	13072
15897	325	17245
17013	325	27848
18955	268	15134
17318	252	25703
28599	325	14611
14249	325	12076
17949	254	28149
27521	325	29047
12931	325	15568
15356	325	18104
12090	325	14458
10757	325	27472
18406	278	14458
25689	254	10899
13149	258	18475
19524	215	15079
11500	257	27359
16905	263	29763
13282	220	17731
16323	325	17314
29200	268	20248
11810	325	14191
14488	254	12871
17238	220	29906
29282	252	29755
14141	282	28687
11914	325	20286
16541	258	15075
15964	258	16789
15586	254	12150
20980	288	26674
11120	315	17700
28802	252	15197
16412	325	29998
11376	278	20115
11554	293	14170
15485	288	12715
18575	258	29833
28238	288	28053
15423	252	27195
14936	325	12243
12977	325	28222
18436	325	26878
17788	325	13872
12639	325	14782
18425	252	26034
19428	325	29789
26622	288	13470
19598	325	12244
15780	325	13872
18348	220	16275
12439	325	26878
14418	254	27517
18591	258	18104
17613	325	11192
19953	325	16432
12426	325	10854
19219	268	14105
11490	325	20022
13295	325	27059
29914	252	15847
28139	254	27044
12249	254	12871
19737	325	27472
27934	325	19971
27649	254	13168
19895	254	11863
18384	278	18931
29139	258	19676
26051	325	13816
25612	254	14136
27840	254	29125
27310	325	20219
29607	220	11773
26399	325	18068
13399	254	11579
18139	278	18726
17678	223	11605
27993	242	16523
15274	325	20636
26254	325	19565
17532	325	17458
12685	257	14681
20106	254	18880
12606	317	13168
28784	254	14459
19360	278	12958
28506	288	12274
27776	258	16726
27011	325	19328
17147	220	13013
16824	214	19287
10681	325	18726
19844	325	20022
28261	258	20290
13820	254	14126
27648	288	20974
14724	325	14917
27358	305	17303
18529	254	18007
11507	325	28527
28911	258	16454
12934	325	10792
14938	258	19719
13757	220	19987
17882	325	20991
12066	325	28053
12272	325	25602
27469	281	28147
27724	288	28187
19361	278	13773
27147	258	14372
20935	278	19328
17292	231	27299
13914	325	11778
18860	214	11203
18108	268	27517
11655	325	15180
28607	263	27350
26435	325	13723
11404	258	28341
12366	325	28541
29988	288	14013
16094	268	11901
19663	325	16824
16272	325	13723
10759	280	14433
28210	288	29751
29509	282	11497
17255	268	11901
18729	254	16171
10979	271	17113
17925	325	25802
19297	289	18195
12738	254	28291
10734	268	11554
19111	258	12500
27285	325	15396
19636	325	12218
20243	325	14465
27437	261	11897
13001	325	27569
28299	325	20636
29185	231	15259
15805	282	17370
26844	288	16728
12564	280	29023
20371	258	26575
27972	325	27915
16545	254	17897
14634	252	26089
12213	325	15744
26917	271	29983
11138	325	18797
13919	325	20452
29994	243	20666
27824	325	11084
18068	263	10796
26631	258	26575
27478	325	20115
29777	220	10786
19110	317	29125
29071	280	29509
20826	254	14658
14129	325	29579
10880	306	16230
15635	255	12659
26178	325	14611
15203	325	13680
29025	239	15607
12474	254	14459
11325	263	29449
13827	252	14830
13915	278	28045
10912	325	14372
18547	288	28341
27362	325	19465
19622	325	17021
20694	220	20141
14029	278	11786
19374	325	18124
13321	325	20572
27088	220	15149
17110	278	11786
13055	325	26724
26511	325	28500
18123	258	19565
10795	254	28931
25502	231	14745
16408	254	18880
26384	256	28414
28087	257	28871
16930	325	28976
10516	325	28607
25748	268	14136
19212	268	14459
26474	325	20574
27105	307	17015
17864	254	15094
10997	325	17314
14875	297	18455
12807	325	29259
13839	325	15180
20027	223	27994
11397	325	15075
12001	325	13278
11915	254	20248
20894	278	18147
16849	325	19561
18155	325	14458
26410	254	12430
25757	325	16824
17567	254	14330
14725	325	13781
28000	325	25551
13536	288	11087
28362	252	14334
26329	325	15383
19203	325	13121
25888	325	13108
15616	325	20298
29182	254	17511
28943	280	13422
17041	317	18504
17440	263	29207
18219	288	19565
27754	325	28607
29889	254	14126
15985	254	12871
29954	325	12076
17335	278	16728
11800	254	27044
27541	325	10595
26860	220	14642
15784	288	15028
28201	325	29388
25725	258	29743
27366	254	14459
20763	325	13495
27575	254	28149
18587	254	11901
29353	219	12871
26447	220	15175
17145	220	14912
12167	325	18726
29974	268	14459
13579	325	16492
26818	325	18182
16618	254	16171
17025	325	12820
27236	325	27846
12517	254	11863
28232	258	26878
27558	252	17846
28105	254	17415
29815	288	12218
26693	325	18226
25905	258	12411
28986	263	11461
13741	268	17303
19998	288	17825
26307	280	17260
16754	288	13723
12740	254	20248
18591	288	12500
26747	325	10563
26766	278	29998
10568	325	12958
20885	275	18453
26196	288	20063
15379	325	17572
17595	325	19135
15666	325	17139
14293	278	14465
14398	325	16874
10529	325	12243
11364	325	16728
27985	258	15712
16778	325	27876
14845	288	28089
15659	288	19719
12439	325	13044
12822	263	17643
18873	325	13072
19225	325	19971
15343	325	28909
10766	231	11973
29742	325	11999
16893	220	19987
11268	325	18571
27925	325	25807
15620	325	18797
12288	220	13796
20845	254	14126
29367	325	28184
10798	325	13507
20286	263	25621
26864	325	16962
12077	325	13843
26764	325	28089
14398	288	29488
13002	325	29743
12189	325	12428
19588	325	12662
19783	325	19187
19910	258	20991
17773	325	14013
29417	278	17458
20588	258	20609
19742	258	13843
15032	263	28149
11574	325	29387
19117	258	28045
16863	222	18506
12177	325	17635
26322	263	11551
20246	278	19420
18021	215	27335
29488	307	28149
29901	288	12428
18912	325	27080
28515	325	25586
29435	280	25961
10951	278	18860
19580	258	13470
17594	325	16728
20487	288	15744
11399	325	19885
16287	254	10571
16188	254	14658
26162	325	27472
27574	268	13096
12659	316	18984
26304	325	16728
10617	254	11901
26831	325	18639
11279	325	14611
20598	254	20666
12357	305	11638
29481	325	19335
20522	263	11901
11736	254	10796
19125	234	20165
20879	252	11698
13758	254	20248
16563	325	12428
10838	325	16345
10752	278	12500
28193	280	17195
26708	325	15492
25885	230	29663
20760	325	18840
26551	254	16171
11583	325	26144
27260	239	11901
27951	325	28607
12399	254	20666
26852	288	12411
27940	268	26096
15679	288	20452
11595	294	29989
17665	254	10796
14721	325	20298
18009	220	13198
26276	325	10943
17227	325	13278
10820	220	17743
18709	254	11901
18435	258	25602
26348	307	14658
20864	252	26387
27096	325	25695
11091	325	26144
28637	325	13108
10652	263	12871
18213	239	15607
16098	325	14611
17575	254	28149
25918	278	19328
26347	254	29207
12762	325	16492
26030	220	10744
20709	257	18076
19321	278	16874
11583	325	25733
19424	325	28976
12874	325	26713
26949	257	19750
19349	258	12297
17667	304	29930
17296	268	16065
29244	280	29978
18262	268	14533
25642	325	18606
10546	325	29579
26844	288	20219
26391	325	13470
29608	288	20298
28659	325	29135
19350	325	26127
10684	258	20286
27761	325	13236
16711	254	11996
27093	288	12243
18135	278	19465
11033	325	17314
11326	264	11178
29725	325	11772
25801	254	11579
11248	325	27902
14885	282	10865
20317	258	18226
15723	271	19519
19239	325	19676
27281	288	16371
20978	325	13470
27264	325	29899
28236	263	20248
17125	325	28551
16829	325	28044
17823	252	26611
27182	325	15724
12450	325	20109
17180	325	20636
15367	282	28472
15495	325	27473
19606	254	26548
17707	256	19012
16236	325	16492
12383	252	27087
12826	325	27080
16489	219	14126
10805	325	28045
11568	325	28338
19276	254	11996
17805	257	14671
26359	325	26757
27275	325	17314
14704	268	27350
19529	258	20551
16050	254	20248
16570	254	18880
25741	325	14782
16650	325	11498
29268	307	12456
28686	252	27634
19973	325	20169
26121	325	25944
17910	325	14072
17884	254	11461
27699	268	18880
26602	325	15568
17853	258	20286
18754	254	28149
26052	254	13096
28463	325	13121
15702	325	12243
11232	258	12411
14225	280	26567
19452	219	17643
14581	288	26589
27112	325	16454
25755	325	17460
17153	254	16171
27886	325	15180
17345	325	17458
13504	254	16171
20726	254	19083
11074	268	14459
13655	320	17897
19671	252	13337
13082	257	27359
18941	325	18226
15777	252	13634
13954	220	11288
16767	325	13470
26168	254	14126
16744	254	14126
27247	231	26313
18674	254	15624
26690	229	12060
12122	325	18085
25869	254	11901
20525	254	26188
11058	325	25551
25894	325	11266
16329	325	16726
16399	325	18104
11058	254	19979
14932	325	29546
20556	325	14286
11250	254	27104
16259	325	20247
13259	325	25551
10730	307	15346
13133	288	13966
25540	258	28045
16818	254	13185
27128	294	13311
12320	325	25662
17071	325	13872
27036	254	14854
26648	258	20290
13329	257	17993
26217	300	14626
29706	288	16728
14428	325	14922
28723	254	17897
20941	325	18104
12120	258	10652
11476	278	20636
14372	214	17435
15558	220	12558
25585	254	20248
29232	325	18887
13692	220	13679
17004	325	27473
11971	252	28911
28354	325	18697
27585	254	29443
10830	264	16902
29275	254	12871
11916	258	18362
17357	325	14611
13493	254	20248
19438	325	28184
19870	325	26073
15185	286	25665
17322	254	26188
15356	288	20290
18460	254	13239
18807	254	15134
12815	254	11461
19018	325	10943
12126	325	18744
13000	258	11686
29170	288	26589
28623	325	29135
15794	254	25621
20958	278	12076
18699	268	14954
19354	254	11901
17512	258	16492
19274	258	15492
28104	220	18137
18179	288	28976
17600	325	10506
26898	294	19648
17471	325	18726
14588	254	26837
11475	254	16448
13873	325	25586
16840	325	13773
29287	268	28047
17634	263	12358
26829	325	11213
17822	325	20522
20642	254	20248
28355	325	26179
14856	271	18579
15416	325	15724
16624	325	25602
26996	254	18253
15273	278	19565
26510	223	17897
27300	254	19966
29859	325	13966
20166	294	13050
15499	220	13811
17723	325	29320
15778	294	15939
14983	325	15106
14250	219	11901
17275	254	12871
26755	254	14459
19809	252	17875
27877	223	27517
18472	231	28175
27819	325	25602
14535	263	27104
12876	219	17643
14606	229	25773
12284	216	18715
28724	258	29941
20695	223	10719
15766	325	26179
16255	281	29933
25588	325	18639
13162	254	13185
15887	254	14459
18082	288	13376
12280	325	27234
14292	316	19834
15115	288	12164
15268	325	15636
15767	325	11717
29918	325	26386
20812	254	14954
14002	325	27902
20659	325	18625
26172	325	15724
15800	288	16492
28320	325	13723
28762	258	12715
19941	254	19293
17560	325	26754
17592	325	28739
16688	254	28727
29925	325	16614
15859	254	11551
17884	258	14633
27145	258	20169
20525	325	13470
13379	325	18988
18006	252	19705
14722	278	18797
20693	216	15420
15660	325	17021
15575	325	13470
17737	254	20129
10990	325	20590
18652	325	18707
25822	325	20590
17362	325	18036
10681	325	27876
14079	252	11840
27386	325	13588
11763	254	27350
13156	254	26837
28135	325	28089
14383	240	10608
28238	325	15396
20689	254	16171
28326	325	15712
17032	317	12871
14690	325	28089
10869	252	27660
18783	282	27300
29893	288	13698
19224	258	11085
14449	325	12500
14756	254	18562
28365	258	10595
11562	254	28149
28582	325	13773
18763	278	19889
16131	325	26043
16829	325	19563
17459	258	18797
27321	254	11554
15403	278	29789
14212	254	28149
29281	325	27915
16699	278	11004
26825	325	20298
12922	325	13966
29611	254	17640
18575	258	20247
20463	325	14458
25690	252	28168
12097	226	12738
11316	325	20572
20221	325	13278
26679	325	17825
18409	258	20286
14507	325	26724
17063	325	20298
28041	325	18281
28210	288	20551
11495	325	17307
19499	300	12951
18773	219	14126
11005	325	11004
28156	278	20636
14035	254	11554
27537	325	12965
28040	325	11179
14107	325	14799
15310	325	26575
10816	268	19733
11780	258	28791
18269	268	11996
11760	239	29125
15150	231	12130
20972	281	13249
28565	268	11551
18594	278	11917
17291	258	29998
16899	325	19635
14556	252	14500
16331	278	17826
16859	325	15724
27235	325	20808
13830	254	14658
29678	254	15094
13160	288	29387
19077	254	29340
12752	282	12832
15692	325	29941
19236	263	17640
28506	278	15724
17286	220	27919
26995	254	14459
13240	258	11266
25538	231	29801
19423	325	17992
20730	278	12522
28934	278	12788
10592	325	20171
11663	254	17897
29505	288	16492
19693	325	12076
27399	271	18898
20221	325	28184
18005	278	19222
19245	280	16465
15123	258	20169
13841	254	11901
13013	268	14136
15547	254	12190
11964	305	17640
16336	281	17077
17459	254	13185
11714	271	25932
18008	258	14782
28644	278	16728
17565	230	28153
27744	254	14126
20189	325	20522
16024	325	13389
20908	278	20115
17735	325	29387
10532	258	13236
15408	254	11996
13008	325	15075
13594	254	12871
26189	254	20248
17896	271	17113
12622	264	28942
19537	325	20298
29710	254	20248
19208	300	16348
27352	317	26297
12468	325	15180
20707	220	17135
27397	325	20930
18135	325	19465
27063	254	17231
29976	325	15574
28681	325	20219
15872	325	14839
28033	278	13495
25919	325	13278
13776	325	11085
29822	300	12381
18775	325	20115
20144	325	13723
10752	325	12428
15944	305	20379
13040	325	12928
10555	257	26619
13000	258	14782
16598	325	16388
20515	288	27848
15555	325	28072
12798	325	27902
29430	254	11901
29496	325	20636
16344	271	29983
16690	268	20248
25790	268	19850
19800	280	14796
17858	325	12522
18218	288	18104
19131	325	10595
29987	325	13108
11252	254	29763
14791	254	17907
13509	325	15697
26666	254	20248
26252	258	28044
11195	325	12782
29475	325	25619
18338	278	14276
26883	239	11901
26635	325	12958
18864	254	11551
26833	288	25619
16422	325	18639
27246	307	17231
16825	325	17635
20304	258	19885
16076	288	16388
16484	254	11901
11349	288	17460
17888	325	26589
28793	288	16270
20489	325	19420
19850	293	13464
20770	325	12428
27648	288	12928
20021	258	14494
17874	325	29387
11005	325	27948
12213	254	10796
26274	315	26274
26352	258	12520
25956	254	28149
18364	252	29082
25852	325	28072
14284	325	20782
15294	215	28687
26452	282	16355
12289	282	12832
15187	288	12649
19522	325	28236
27916	325	27902
16953	254	27104
14626	305	17303
20313	254	26033
13732	280	14709
16538	252	20821
11768	281	20840
20845	258	18523
17610	223	18880
28275	220	13176
16083	254	12404
16058	288	11865
10826	258	11085
16552	278	10938
29886	268	28727
10905	252	11698
16768	325	26836
28672	288	26724
11628	325	18606
15289	288	26043
19765	252	19731
17344	325	27769
28771	288	20290
19812	254	15458
10954	254	20248
11973	231	28998
28087	280	16342
26706	325	18085
10510	268	11579
25769	254	28149
13497	325	28092
18224	325	13376
28270	325	27569
25727	325	26386
19178	278	16726
25919	325	13773
29145	325	16874
12705	325	14917
11675	278	26970
15202	325	27473
16861	231	19314
14192	325	14922
16502	288	16235
29432	325	18726
16091	325	16388
27654	268	14459
17402	268	14043
14554	278	16942
27880	288	17021
28956	288	29546
27053	325	19676
14460	325	27805
26317	288	11085
13161	252	14753
20970	325	27902
27928	325	18104
11318	254	11504
15818	254	14136
17146	325	27902
12149	325	29899
27248	325	15075
19238	217	27166
26784	252	18150
19746	325	12274
26058	325	27848
26732	254	12486
15648	325	15028
29331	278	16492
20350	325	15697
11564	222	16348
12751	317	14126
20424	325	15234
14720	325	19885
17515	325	19635
14136	223	19966
26352	288	10986
25907	254	12871
20149	258	29743
29414	325	11778
14115	254	19979
20266	268	11901
16152	325	18070
26983	325	25551
10949	325	15724
29183	254	16171
19515	325	28791
13141	325	11941
19217	268	14136
17378	254	12871
13197	325	25807
19721	278	18797
16988	254	14126
16904	220	29439
28610	278	12118
15991	258	26878
15667	288	12928
11511	278	20286
17369	325	27569
20124	325	20219
19469	288	15883
13468	212	27300
27168	288	18104
29596	254	11901
12366	325	17635
12168	288	19719
10849	325	11179
20920	282	15401
29783	325	11872
26714	325	11085
13117	325	14372
12519	268	11901
28752	258	28541
26768	325	20522
26110	254	11901
13012	258	13680
11231	254	29125
16170	325	29320
11071	288	14372
12085	254	14658
19271	325	27876
25706	230	16010
28513	254	29125
17332	325	13376
11399	288	17635
20368	325	29488
20603	325	26386
13245	254	18880
25613	325	16471
18641	325	27080
17474	325	27390
25649	278	13680
29524	325	19565
28049	254	29763
16315	325	16824
26520	257	12709
16576	325	10595
29368	261	25550
14638	257	12097
27365	325	10595
17237	223	28028
16268	325	29135
29483	258	17351
28234	278	11084
29046	231	17838
17859	325	16824
18681	325	12244
27194	258	29546
16884	223	27517
10770	325	13276
25924	258	25807
13984	288	11734
29303	325	18104
13894	325	13932
11644	325	11085
11587	325	13470
14795	222	20892
26830	300	27563
16835	281	12020
13255	325	14075
11034	325	16404
29450	254	14658
12694	325	20115
16452	325	14657
20424	278	17314
29039	254	11554
11647	257	18865
29615	325	14611
16404	263	14658
14826	325	28222
19708	231	11692
14636	325	11778
27035	288	27805
14245	325	11213
10644	325	12244
26988	254	20248
15216	278	26878
15166	258	14782
12285	307	20358
14592	258	10652
14933	254	18880
15493	325	13495
12842	325	12820
12929	288	12244
12279	325	20636
26540	325	13960
12696	254	13168
27190	325	14458
13635	317	29125
28097	258	29751
14392	254	27044
20265	258	26724
18689	252	28537
26650	288	13843
13117	278	20590
27464	254	11900
19890	325	27983
17788	325	18726
27038	325	14201
19199	268	18739
19646	220	10589
14505	325	15712
29113	325	20347
12861	288	20572
29913	325	15712
14335	325	20551
15828	294	13311
11020	325	29789
26637	325	29789
14753	254	16685
25982	325	13278
11528	258	14782
29712	254	20248
20144	325	12820
16206	288	29268
28316	254	11554
27386	325	26589
28698	316	18665
18596	254	29125
17942	231	12333
28383	325	20286
12726	235	28170
19638	325	26179
15317	268	11901
25839	325	10606
27484	254	14126
16568	325	26386
15637	325	12520
12377	278	20782
12132	297	20172
20329	288	13838
10955	325	28739
29714	268	26297
11916	288	16492
27510	325	29744
11343	325	10595
20232	258	19228
13620	282	16850
14364	320	20666
12457	325	16270
28643	281	28025
19146	288	27638
28540	288	29899
27039	325	10595
19117	258	14494
11406	288	18542
15556	325	12243
16820	325	12500
15605	217	11733
29462	325	20115
14798	257	27359
17505	325	14611
16869	325	19561
16885	325	17635
13828	254	28149
16370	278	27472
12059	325	12076
16529	288	14458
17435	325	13121
16944	288	19992
25865	325	18104
27869	278	26836
12678	325	25602
14505	325	18797
15814	325	13781
13907	254	27517
16046	278	18797
11194	220	29776
18489	325	12500
13485	230	20900
13325	317	28066
20703	325	28500
18557	254	28149
17632	325	12715
15755	268	18880
17132	325	14705
20943	325	16388
16493	305	11900
12377	325	13680
16293	254	25813
25795	254	11901
19366	252	25749
12588	300	17461
29069	307	14954
26259	278	18899
19874	280	29244
26863	325	18726
19314	280	16861
28992	325	20219
13389	263	20248
19185	258	18931
25855	254	28149
20981	325	28791
14952	325	12820
19899	278	16824
29193	278	28045
15063	325	12846
15619	282	16159
11626	288	11085
15919	278	27569
13799	325	27902
25658	268	11638
18004	254	17638
15220	258	19719
12867	263	18880
16721	268	12871
28049	325	25944
13825	325	26223
25810	254	11901
20079	325	11778
14486	254	29125
16189	325	25733
11747	254	14459
26053	288	20636
19364	254	11901
11893	252	11733
11039	316	29342
26609	280	13737
17333	278	13773
13012	288	13680
11914	325	26575
27867	252	27616
12024	254	13428
12736	325	27080
17368	288	15180
11954	258	27848
15576	325	27948
28286	254	16171
15187	258	12411
25538	281	17273
15484	258	13932
25651	254	29443
18734	325	14782
19956	254	11901
14302	278	28045
14551	325	28460
18793	254	17897
14365	288	11811
18547	254	11461
20822	268	19850
20241	268	20248
29625	288	13030
14450	325	18797
28247	325	27846
11566	325	27059
18848	288	26043
18777	254	28149
15272	254	13185
12141	325	20574
28601	325	16614
27581	220	27372
19776	288	19135
20783	258	20290
15703	325	12928
27195	220	15423
25540	258	17966
13253	258	19885
14388	286	12294
13974	294	14359
20563	220	13750
11435	325	28849
20944	325	12820
27096	254	16175
29129	268	11638
27441	325	26444
18053	219	17897
15872	325	13278
28351	258	27080
18305	235	27044
11223	325	28460
28599	325	20808
14558	288	14458
12705	325	11537
29236	325	16726
12096	254	20248
15467	268	17897
17054	254	25621
18923	325	27902
11070	325	18542
14729	214	12894
28359	254	11901
16202	288	10563
20448	288	19565
15012	325	12076
12854	254	11901
20715	258	15568
15421	297	20148
20439	282	13519
20993	258	15180
15049	254	14459
16227	325	13121
28290	325	26878
27211	263	20885
18817	252	14975
19140	325	16824
26514	220	14047
11332	325	19246
29820	325	15307
17246	258	27876
28271	294	15831
29006	325	14465
27412	254	11901
29497	271	27973
17983	325	10606
29788	288	27266
26860	220	18616
12415	219	17897
26902	254	11901
20993	254	20248
13052	219	28727
14667	325	18226
28397	325	27569
13892	325	20169
29224	280	19876
14660	257	13506
28945	325	13781
27001	254	14459
12861	325	27569
17211	325	13470
28586	325	18104
27290	288	15180
28769	288	20636
27455	254	16685
18664	325	16728
20933	325	28045
13388	325	16726
29078	254	11901
19140	254	14881
13703	222	26100
16901	325	27846
16825	325	19465
27310	325	12428
16608	254	13168
29474	278	11305
26565	325	20609
11716	254	14459
27294	325	15650
15606	254	11901
29309	254	14658
28067	325	19971
20834	280	13643
19757	254	11996
16231	217	17486
20767	257	28345
29418	258	16270
17411	254	11901
13649	281	14982
18083	325	11778
11662	223	27360
11885	257	13506
14567	325	28338
28963	252	13212
20052	325	10932
13794	258	19889
15025	254	11608
18122	325	10595
19901	252	20864
29001	325	29579
11371	294	13026
19524	282	10865
18875	325	29739
12607	258	26179
15683	226	18898
15660	254	18880
20972	231	13224
12559	325	20930
14318	258	11786
14654	325	27902
13502	258	27848
11319	258	14075
17257	305	16415
15206	288	20290
12034	268	18253
11567	258	18988
25734	288	18104
17461	305	16367
14586	268	20666
18246	325	15744
18663	254	16171
18503	288	27712
15553	325	10595
10547	254	29125
28350	254	20248
17512	288	16492
12539	220	11659
29201	289	20761
26194	282	17993
16692	325	28092
18179	325	18744
29278	325	10595
25909	325	27848
15481	220	27195
15711	325	20551
27102	325	26878
10825	322	18612
29528	325	14458
28510	254	12871
28761	325	26928
18869	325	12820
17177	325	25807
27810	323	29826
27119	258	25944
10954	325	15180
28778	288	26179
17043	325	13932
16612	268	11554
26585	230	26585
16767	325	20636
10874	325	12428
16940	257	12525
11586	278	10943
25673	258	27902
29363	278	13680
16579	325	27569
18228	268	11901
28540	254	12871
12589	325	25899
12302	325	27769
28013	325	16267
27029	325	13723
15375	293	26697
15778	294	12759
17518	325	25619
14974	325	15697
25641	288	17307
13476	325	18217
16339	325	16270
19846	288	19563
17527	325	11114
28888	325	28045
27384	325	11069
19109	269	13554
11538	278	16824
17162	325	29420
18548	254	20248
18872	257	14671
10867	325	16824
12802	216	11809
12005	325	17825
12184	307	16664
26355	325	20930
16482	325	17635
29367	325	19565
19582	325	14286
11099	254	28149
28305	278	19228
16367	300	27509
13983	288	18639
27218	258	29833
17948	254	14136
27022	251	20838
17865	271	20113
13714	254	13185
28208	254	12871
15419	254	11901
12737	325	20452
20826	325	13059
11627	254	17511
28740	220	10578
27362	268	14658
11435	254	14459
13537	258	16942
16554	280	15899
14320	243	11428
20041	252	27702
17435	325	27902
12282	220	13677
16437	325	16432
16687	325	20640
12460	280	26396
12677	235	11901
16813	268	26188
14230	278	28045
16050	258	27473
18537	230	29862
26993	325	27848
28956	258	13470
18244	268	14136
29527	325	17360
29932	325	14494
12355	282	20103
27283	295	12876
19665	256	19012
28123	288	15727
16967	325	20428
17909	325	17966
19115	254	25621
28865	325	19248
16756	220	13446
29717	252	28701
12880	254	17897
13792	288	29387
11246	325	12846
26109	220	12796
11733	220	11893
15182	282	19410
15864	254	16685
28944	278	25928
17901	325	20219
29317	325	26589
20780	258	20636
11778	214	15433
29919	288	26589
29837	280	19874
25816	288	28045
27306	254	20129
28166	252	25690
15146	325	26444
29802	325	12243
29176	320	16685
26074	254	11996
13713	325	17314
11666	325	17360
19303	258	12500
26558	325	14458
16750	325	11686
26492	268	16685
29952	325	29998
18460	278	17521
10580	288	29546
13357	288	12491
11042	325	18362
11981	254	11901
25505	288	18036
12766	268	11900
27322	325	16090
20539	288	13044
14372	263	12871
12827	325	20782
18269	254	12871
15391	325	10595
17412	254	26188
11845	258	13470
17857	278	20115
15844	258	16007
20223	254	16171
20470	325	12243
27125	325	28089
19792	220	15197
12458	278	16235
15286	254	12150
12599	278	19465
15289	288	14286
27756	325	25586
17081	325	20219
17255	288	12500
12081	325	17825
29958	325	14458
15819	325	12164
25971	254	17141
20512	258	26783
16980	325	13781
11429	268	26769
13607	254	11901
18067	255	25622
13836	325	10898
14981	276	25549
29068	325	29751
18853	220	15698
14340	325	17625
27073	325	11811
27913	325	20808
13416	278	13030
11766	254	20666
27729	259	17526
12560	282	27657
15232	258	13319
17594	254	13185
13824	258	12076
16795	257	15142
20889	325	15396
12069	325	15075
20264	325	25802
29114	325	20290
27347	254	14126
20232	258	29259
29105	325	28805
20791	325	14372
27767	254	16171
17629	325	25662
15405	263	18795
16167	278	18797
19516	307	19005
11776	268	18418
11233	325	12076
28661	325	19328
26300	325	20825
28854	325	29751
16153	325	17360
17718	254	29125
25578	325	12243
19371	325	28976
28232	288	26878
16767	288	13470
19146	325	19420
29477	278	12076
20929	325	20290
16100	325	26724
15935	294	19670
19831	282	12881
17749	325	25619
26925	268	11385
13787	325	12820
13959	325	14075
17650	254	11461
26995	325	14191
18027	222	18506
15584	325	17278
26874	325	20551
19576	325	28089
11896	254	16685
16385	288	27473
11364	325	13932
11439	268	17897
12231	325	26179
19757	325	15712
14181	325	10652
17762	325	27569
29846	252	28695
16712	263	28149
20211	325	26144
20343	325	15724
26801	325	26878
16686	278	14191
26304	325	14072
19403	288	19904
13849	254	20248
28501	325	17801
29878	325	26713
28016	325	17278
28898	252	13018
15176	325	28184
26196	288	16787
29482	325	29673
16219	325	25586
15230	325	16817
14932	325	26327
16808	325	11085
15207	325	26878
20520	254	26203
16684	325	17139
28310	288	14072
18654	214	20268
16095	325	18331
14256	235	13181
25609	325	15417
17219	220	11323
11535	280	12460
29794	278	15180
19983	325	18571
11298	258	20574
10921	254	14105
12472	325	10652
13109	282	17993
28879	252	14414
16803	325	20032
11046	278	27638
19168	268	16171
14526	252	29605
13560	254	16171
20631	325	14625
10799	325	15574
26206	254	20666
18117	325	15180
13589	213	17457
19622	254	26617
26846	325	13708
15688	248	27404
28628	258	29546
27280	278	27080
12132	282	20172
13764	325	20347
26826	288	26724
12515	258	27902
29397	268	18253
25530	254	11901
15625	254	11901
18197	254	11901
19185	254	29125
10520	278	14458
17205	254	27044
13265	278	18726
20330	227	19277
11787	325	20808
26112	252	17319
20413	278	20032
26558	325	15712
12748	227	26581
27041	325	26589
17705	325	11865
19833	325	16495
17339	215	10675
13529	254	14658
28670	325	26589
15464	235	14033
14882	278	10595
18662	220	20228
25818	325	16432
14349	325	27983
20257	254	20248
19111	268	11901
26839	254	20666
26438	325	12244
15931	252	28240
29977	304	27773
14321	235	27044
29481	325	16824
27142	254	26537
16645	325	17635
20033	254	28149
11361	212	28112
12214	254	20248
28826	254	20248
11922	288	12274
13096	300	17461
14994	325	14075
14015	325	16726
11628	325	10506
12438	227	12155
11791	288	25802
15202	325	20032
13540	271	16077
13322	325	10932
28644	254	16811
18847	325	18281
12772	254	17897
20700	325	16824
17228	254	17331
20750	325	18281
15735	268	17511
29844	325	20184
29191	325	29387
19455	288	29230
16019	220	29455
14524	325	27769
14331	254	20666
25925	325	28187
16276	254	12871
12815	325	28236
27852	252	12245
27988	252	15910
16844	281	12276
14423	268	12406
27469	271	28147
16266	306	29960
27592	317	11901
13938	325	15180
17770	325	16432
12594	325	27747
26419	258	20636
11498	214	26059
13099	325	26740
28399	263	12828
19763	325	25602
28658	268	29763
16027	325	20974
11467	278	16270
19286	325	27473
29107	254	11369
18768	325	15724
12873	325	14276
29310	258	13848
16154	325	13278
27429	223	15242
12871	250	29881
29106	325	18281
25950	258	10986
16256	288	12958
17579	254	11901
10994	325	13044
27579	325	20930
15856	307	20358
17779	325	13276
19376	325	26724
15991	288	19719
12918	325	28089
27166	220	13679
20550	282	16806
18065	288	18331
25634	326	12713
11063	325	11179
25501	325	13470
26762	316	28020
12548	213	19618
27205	278	20298
16335	231	16844
15625	325	14458
29141	278	15724
11773	220	11697
17523	325	27738
15055	325	28480
17973	325	27080
18646	280	25840
12755	325	20298
20305	325	20609
11980	239	11901
26644	254	12871
18144	254	14854
19550	239	11901
18760	223	19047
18356	325	12428
14691	254	14459
13869	254	10539
11708	278	29387
29055	254	11638
25846	222	18506
11716	325	11031
28956	288	13376
15813	325	18104
15849	268	14136
27115	325	11786
11171	288	14372
16496	325	14611
29705	254	14136
11726	254	17814
19529	254	20248
26981	307	26155
29897	325	28460
20060	325	26984
16596	254	25621
20691	325	14855
15725	239	26222
29080	325	25619
14805	326	15173
27503	288	25806
15576	325	14286
15530	325	11734
11999	263	28149
12240	252	19715
19475	254	27404
14759	254	20248
13171	257	12709
20143	278	16140
27888	278	29998
15754	254	11517
20904	252	27919
11435	325	14191
20377	252	26112
28965	325	16728
17259	325	11778
16118	278	20636
14594	288	16432
28389	254	17897
29690	278	18931
19757	325	14167
29886	258	17139
11096	258	15724
11880	257	18323
28138	318	15751
13955	325	14922
12628	252	27676
11410	325	17635
17340	325	20286
15368	325	16728
26939	325	28092
20305	325	25733
18350	325	17139
14735	325	19228
29760	231	15785
27482	325	26783
14495	254	18884
28056	325	19135
13287	325	28184
27997	325	28976
11254	325	14458
13514	281	20840
26290	278	14465
14183	325	17825
20235	325	17825
15389	254	16175
29152	325	16984
10852	325	16824
19290	289	12622
20472	280	12250
26402	268	13417
11333	278	13278
26810	288	19957
26259	325	18899
11562	325	15307
12366	325	18726
20208	288	20636
15645	325	18931
11987	325	27915
28008	325	14941
12177	254	17640
26409	254	16171
14688	258	18726
20906	325	11085
13607	325	20522
17469	254	19574
14382	258	17992
27735	254	13168
14304	325	19228
13707	325	29135
28888	325	12788
14923	220	27726
17120	288	27983
11966	325	27902
14399	281	27300
11752	263	27404
15479	325	12361
19601	268	11901
10631	325	17458
26534	254	16685
16866	300	17461
19514	254	29125
13210	306	18371
26684	278	29617
10628	231	18438
17438	305	27517
15083	325	18085
19221	254	17897
17058	325	29743
20532	254	28931
12143	288	12218
17981	288	26350
14998	288	28739
19352	325	16962
20922	325	17826
11197	325	20219
14332	309	27298
20075	325	14458
28917	254	11901
29991	325	15234
29136	325	17139
13911	257	13844
25664	325	18887
20365	325	28739
13573	254	11461
15409	325	16388
29635	325	10506
13897	325	28719
25678	252	12100
29638	325	25619
13270	268	11608
15092	278	16388
12583	229	27047
27171	214	14348
12708	295	12294
19174	325	14075
29747	258	11917
26079	325	26043
28350	325	13376
27549	288	27902
17754	325	26970
15170	288	29420
12689	325	11213
13435	254	11901
28854	325	12500
29098	254	29881
17259	278	14611
14852	325	10942
17594	258	29546
20408	325	20522
26826	258	29751
18541	316	26585
13190	325	12699
14048	276	27156
11404	254	25621
19911	250	17677
17629	254	29125
28355	325	29047
26696	220	20842
19987	220	28704
11229	325	18697
15382	280	26579
19240	254	11608
12556	254	16171
17263	325	13872
20033	325	12105
13521	220	15197
16285	325	18606
26632	318	28937
28212	288	18840
26865	278	25733
18628	252	16538
26733	325	20298
14607	278	12076
20981	325	15697
27788	325	19465
18758	278	15744
18829	288	25807
11321	325	26501
20000	254	11901
17052	288	12928
13384	254	20248
17044	258	18578
27597	325	17314
18857	325	25516
19529	325	27473
11641	325	12243
16916	305	28727
25721	278	28500
10851	223	13691
20010	288	16492
18035	325	25602
18611	282	18779
19849	325	29833
15930	280	16889
12022	257	28773
17764	258	15180
10803	325	28527
28191	325	28072
29678	325	13470
29499	282	27300
13608	325	29833
16741	254	14658
13680	214	12950
14410	325	12500
18551	268	14126
14649	325	28459
13109	281	17993
29197	325	28045
26256	288	12910
27228	325	10776
20722	280	10540
18431	254	19979
15020	278	18797
29885	257	14210
18591	258	27473
19038	223	26371
11409	325	20169
20110	288	14782
13083	325	15744
29830	254	26222
10855	258	13470
11379	325	27149
27327	325	12662
14288	257	11737
12604	254	14126
11962	325	16495
11578	288	19246
11152	325	11537
18439	325	14917
16650	325	18331
11283	288	16728
10721	325	16495
18614	288	18036
16129	282	16628
27832	325	15574
17123	252	18207
20504	278	26386
16397	258	28184
12949	325	13872
15555	325	20022
18435	288	15396
29239	325	12218
26247	288	14782
17054	325	14465
14085	220	28220
26627	254	29626
13358	325	10716
26207	254	20248
16595	325	19465
12949	325	17458
14319	220	12626
29273	257	27359
26841	258	17021
15769	258	29259
19456	325	17635
18766	254	14126
16361	317	20755
18298	254	28931
17905	254	28751
13501	325	12788
14790	325	16755
16245	254	17640
13238	211	20658
11307	268	11461
12212	325	13910
15454	254	20248
29558	268	17897
19853	258	14771
18239	254	15622
26852	254	11901
29460	325	26724
17036	325	13966
15491	325	11537
12837	268	26188
17420	325	29941
28444	271	12276
13957	325	14276
17697	217	18006
14252	278	25733
16321	325	29833
28012	220	18500
11196	325	10879
29413	325	27473
16157	325	27569
13789	322	26376
11707	325	27569
28142	325	28092
26912	325	27080
11841	254	15254
15982	325	26043
13697	325	18124
29946	325	28089
16371	307	15405
16039	220	26868
19544	325	16726
13363	325	29743
29027	288	14465
16926	294	25689
27840	254	26493
28163	325	29220
17438	256	17267
16434	252	26516
12531	280	12175
27168	258	20522
13673	325	10642
12166	220	28569
16045	252	25859
29402	278	19885
20842	252	29235
19260	288	10986
29999	290	12897
18649	254	29763
15170	325	13773
11717	307	19829
19124	239	11901
28909	263	12871
28165	325	12958
27469	280	26013
14755	258	27983
17714	252	11557
16697	325	16471
19926	254	11461
12002	254	12404
28892	294	11942
17803	258	20551
29553	252	18132
19391	278	28459
26648	288	20219
27921	278	27211
13101	254	13185
14834	325	20169
28605	325	25802
17661	325	25619
14012	325	27569
29552	325	12244
28005	258	13784
19604	254	20248
17377	278	14633
16930	288	15727
11574	325	10898
16013	278	14528
15717	231	12319
15355	231	14000
17020	258	10932
13520	258	26386
11236	268	14954
16094	254	11901
26411	254	14548
17085	254	28931
11048	325	28053
28154	325	19187
26733	325	13723
16813	254	26188
17642	325	18988
10532	258	12500
26419	325	28236
14934	254	25621
20842	252	25542
19204	325	11084
18968	297	17305
17430	325	19335
11357	278	12910
16767	325	10986
29875	325	29899
17073	254	16685
20186	254	11901
29969	325	20115
16035	325	14013
17446	260	26025
17892	254	28149
11111	289	27335
26238	254	13185
26778	325	14075
17585	223	20778
11159	252	18194
16791	325	12076
18353	325	26224
26403	325	19420
14478	258	27712
19257	325	20794
28212	258	25733
14224	258	20032
11117	278	28739
28211	258	14075
14531	325	15180
29301	220	18933
19169	258	17825
29337	258	15568
12268	325	14839
17161	254	28149
11845	325	13470
16701	325	27080
29543	254	14658
29316	268	14136
27131	325	28236
27550	254	14126
10774	288	27569
19049	325	28541
17073	325	17992
11967	325	17360
18300	288	28044
27837	254	17953
26297	300	12432
25629	263	28149
26231	325	18988
12329	325	18639
17896	257	27359
25858	325	27876
20028	254	16685
18917	240	28396
29598	254	20666
20074	254	26265
14194	325	27805
18469	325	20808
15991	288	26878
17586	254	13417
13561	325	19465
12485	325	18726
29537	325	15234
25984	217	26184
16545	258	10943
26937	254	11608
18045	278	15383
29589	254	14136
13178	258	13121
29483	258	28222
26421	254	11901
12081	254	28149
12861	258	20572
10609	254	15094
17960	325	20338
19156	239	29125
15441	325	17360
15731	252	28802
27425	254	13185
16072	280	18561
15273	325	19565
11360	254	19979
19928	278	26127
10742	258	18887
29181	325	17825
13504	325	26836
28261	258	15028
26626	254	26188
20387	278	20219
15399	325	12076
29780	325	12411
28181	278	28739
26951	258	18104
10577	325	18104
20057	278	16726
17540	227	27016
20075	268	11901
25559	254	25621
17581	325	19869
28196	325	20636
14599	325	29546
17430	254	29125
19783	288	27805
20693	239	29125
18342	271	12020
15606	325	18217
12092	288	18797
10580	278	29546
16919	325	10506
28672	325	14075
27654	254	28149
10574	325	20551
29375	320	17897
26978	325	15028
25606	254	11608
20935	325	19328
19978	278	16824
17349	252	14829
20397	325	20115
18652	325	11085
20980	325	19246
29081	290	19785
15061	220	28983
16355	264	13342
20414	325	18887
11093	325	20115
13891	325	27473
12777	278	13872
14368	235	27044
17382	254	14105
15030	325	10652
10532	325	19328
20793	325	12869
12736	325	20184
18547	288	25586
26577	278	18988
15623	325	15724
11399	288	10682
20326	254	20248
25791	325	16728
17772	288	11811
15769	288	27732
26492	252	27389
11527	325	28184
28016	325	18571
11246	325	29743
27323	254	11901
29502	325	12910
18260	325	18988
15244	325	15277
13525	325	12500
14402	325	29387
20748	278	26073
15578	325	12500
26355	325	15028
15387	325	20551
17876	278	25733
17802	228	15537
15020	325	26386
26854	288	15075
19910	325	27569
27798	255	29489
11568	325	28089
28000	325	14458
13373	325	14286
14439	306	18371
12279	325	28236
14570	325	27472
14066	288	10680
15399	325	29220
27048	258	18217
16544	239	11797
25554	325	27472
17792	325	20609
18603	288	26386
25960	258	19328
26348	263	14658
28143	325	25662
15736	254	14459
15192	325	12500
28892	294	15831
13184	325	13838
26759	293	28356
17727	325	12244
28985	325	19971
18113	254	28149
13822	252	28382
16574	325	28551
18028	288	28952
19444	216	15420
20033	325	18226
11267	325	12500
14510	325	18639
12209	254	25621
16274	231	17285
18382	252	27894
11600	261	26632
18887	263	20248
18960	325	14465
12544	325	27846
11930	254	18562
18282	325	26713
16339	325	20452
17941	281	27300
18866	325	19565
17293	258	15724
12920	252	12092
11406	258	18542
17446	260	14454
14068	325	19676
15446	254	11863
15660	268	18880
12638	215	11645
27973	254	14136
28988	325	20609
15703	278	25802
27398	325	29789
26263	325	11084
15630	325	17139
12141	325	18104
25776	325	26878
12636	282	12097
13977	258	26386
20257	325	13588
10774	288	18104
13767	278	18104
15920	238	27022
28941	281	12697
16216	325	20022
11741	325	29387
19001	280	12879
10793	288	29833
15054	217	12750
13892	278	13843
14749	258	18744
13205	223	26436
26325	263	26217
25576	258	18797
11646	325	25574
29286	254	26217
15695	325	28541
13034	219	11901
29312	254	11554
18495	325	20551
27573	315	18211
12635	325	14782
19924	325	27929
11508	325	12491
18772	288	11179
10972	254	11554
17744	316	20781
12911	222	18506
11539	325	16789
15350	325	28272
10840	325	12522
28353	325	10986
13177	278	16388
28921	254	14865
20706	325	25662
14804	315	16193
20186	325	20290
25683	258	18797
13940	325	26970
28385	325	26589
15064	254	15456
16369	325	12869
28023	325	26724
17314	214	17152
12451	257	13352
17127	254	12871
15911	254	14954
13780	254	16685
12605	268	27044
26215	325	13773
19248	307	10539
10688	325	20032
16210	325	29751
20601	268	11996
12522	307	12683
12826	325	16726
25576	288	18797
19456	325	19465
20297	254	18880
16440	288	11811
13769	325	29743
19586	325	25602
26429	288	26073
15681	233	15281
16343	325	18577
26593	254	18821
11179	263	18242
11138	325	29546
14341	252	14617
14607	325	25602
15498	288	18639
19230	325	12218
15097	325	15565
13922	325	27747
28552	325	25944
12714	325	10932
29777	252	27527
25925	325	28551
13208	325	28053
12043	254	28810
15779	254	13185
15946	278	26589
26236	254	13185
27441	325	29743
27891	325	27390
16602	281	13543
26300	325	12649
12289	257	26619
18646	257	12709
11276	325	20551
18204	258	26144
12045	280	10973
29471	325	16270
28314	278	18475
26684	258	20871
28777	264	15445
13278	214	25884
12950	254	28149
19102	325	26043
28376	219	27044
12790	316	28327
16618	254	29308
27760	254	16171
14815	288	15654
17578	294	15390
20591	325	14191
15223	254	25621
17423	268	14136
26284	254	20248
27386	325	13236
28444	281	12276
29735	325	14625
16976	258	13470
19837	254	20248
18055	258	18104
29734	325	16492
14601	325	18085
17480	325	15307
28744	258	12910
11706	288	27473
14951	258	26179
20548	325	27472
14259	258	13848
19566	325	26589
19900	288	15568
20307	325	12500
10587	258	18362
11710	325	10986
14180	220	26889
27004	325	26724
26268	278	11786
18590	254	16685
18440	258	28500
16219	325	11004
11392	325	19328
14845	325	25733
25784	288	18571
29052	254	18610
11200	220	12777
10978	325	13236
29946	288	20609
12203	288	11526
15337	254	14459
18276	258	17635
27777	227	16589
26901	252	20904
25690	220	28166
10901	325	20115
11958	254	15134
28185	325	28338
13146	325	18931
14176	288	26386
15204	325	11213
20666	300	20222
28978	290	27924
12167	325	27876
18332	325	26928
20753	325	11756
19215	271	27973
17268	325	15744
13088	254	11461
26946	258	15724
16957	254	13185
27965	278	25733
27474	254	19850
20915	280	29003
28699	220	29544
28956	258	13773
17435	288	29899
29399	325	13588
18670	254	27044
26176	256	17461
12474	325	18281
19066	254	16171
20323	257	11935
16953	325	20109
11089	325	14611
18267	282	18403
20080	325	20022
17813	273	25944
18895	325	19420
16167	288	14276
28959	254	11996
28235	325	20032
15473	325	27902
16822	278	16345
29795	325	10932
12690	325	27059
17671	325	13470
29617	241	10732
26093	268	17897
12955	254	25621
28436	325	17139
11727	254	16171
18296	325	16235
20716	325	20522
25692	325	26575
16691	288	16235
20793	278	14922
10674	325	14697
18008	325	25586
17947	325	18085
27955	325	27569
15723	281	12670
28643	231	29034
26712	258	15724
20286	214	11404
27342	325	14458
13208	325	12491
17299	325	13872
15192	325	17635
14061	325	14689
19259	288	27080
19710	325	12522
13360	254	28149
28522	325	12076
16351	280	20496
25535	288	12164
26666	278	13470
16379	325	15234
29913	325	10652
15409	288	12820
15084	325	16454
29409	325	26836
18123	325	20609
20325	325	20609
10852	258	12431
15054	217	11445
14690	325	25619
16616	325	17458
18844	325	29899
11813	288	13872
17447	325	29744
18950	258	14633
15725	255	18683
13917	324	15401
17310	231	18258
13728	288	26144
18569	325	20974
15330	258	18639
17457	239	17877
13665	325	27377
12908	325	29135
26567	280	20122
15353	325	20290
29475	278	17314
19515	325	13278
13471	325	19019
18716	268	11901
12528	254	17186
13990	317	17585
16783	288	14075
29800	325	27171
11533	268	13185
16792	325	20974
26859	288	13872
12002	288	18639
13327	258	12428
18777	325	25629
14792	288	15724
26281	254	17897
19136	235	10761
28815	254	20248
11094	258	16824
14815	288	20551
11460	254	14126
20265	325	25733
15991	325	28976
29747	325	12965
18527	325	16432
14994	325	18726
11508	325	13680
20465	325	20298
16615	252	18192
28764	252	14993
19676	307	16254
16736	325	28460
11198	252	18996
26648	258	25602
27627	288	25807
26298	216	16573
14499	313	27120
16158	325	16726
10839	325	26179
11382	288	17360
14284	254	14459
18307	325	13680
12807	325	16454
11453	261	11278
13215	325	29998
19938	288	18571
12354	239	17897
12730	258	26386
13283	254	20666
18409	325	12076
26820	325	26713
17181	213	16282
26760	325	18988
14718	231	26618
18069	325	15744
29539	325	16726
19986	252	18958
16116	325	15396
16359	288	25662
20892	305	27044
13010	325	16235
14703	325	25662
15585	254	12103
12523	325	27409
28657	325	27472
20443	294	29316
13070	254	15094
27205	325	25733
19951	325	19420
26647	325	13932
27754	254	18884
29409	288	19889
14323	325	16235
12428	214	27322
28555	325	25602
29147	325	13872
15308	325	12910
28780	325	28089
29789	277	14752
26741	294	29754
18015	252	19892
12934	278	10792
20638	258	15574
13146	254	17640
14057	325	12243
26329	325	19135
20993	258	27473
14113	268	17897
19925	257	18467
13911	280	15789
17383	325	27361
20918	294	12759
26670	325	18840
26415	219	17303
12731	325	18797
18364	254	14459
11486	254	11608
14717	278	27614
14903	254	25647
18546	288	10595
11468	263	20248
19272	325	18036
16244	211	13238
25874	278	26325
17357	254	29125
11568	325	18036
20001	220	14872
15469	325	15180
16870	325	18744
17002	235	13185
11203	258	10563
11025	288	29135
13942	325	11085
15436	280	14802
20635	325	10943
16828	317	28862
11678	325	17458
13349	254	16171
15063	325	12520
11336	251	19639
18348	258	14611
16302	288	20290
13847	252	18828
28640	278	29998
27869	325	20290
27323	325	16492
11997	325	18362
16770	288	15234
18943	325	14465
18130	325	14458
25661	254	28066
11349	258	17460
15600	325	26386
18721	252	29873
18123	325	28089
28828	258	14771
11528	278	27569
13803	288	12500
20871	263	29137
15964	258	25602
12641	325	12118
20568	220	19990
13754	254	11863
28407	239	18550
29750	254	12358
13934	278	16728
18849	325	18931
27602	254	27044
28416	288	27846
17807	279	20351
29678	288	26043
19771	252	13229
17646	231	14468
28451	218	13059
26374	258	26501
16745	251	13054
27159	254	29207
11168	220	12570
27293	325	12244
18780	325	27743
14734	325	20290
14302	325	19971
10990	278	20590
14200	325	14458
28944	325	28500
16767	288	17796
14667	258	14191
18741	254	20248
29748	258	27876
18564	254	25621
17873	252	19718
15599	215	28997
19477	254	11901
13355	257	27359
10799	254	20248
25713	325	27848
28571	215	16319
11799	325	28527
19419	325	17634
19411	325	25860
20476	220	19892
27819	254	16171
10911	254	27044
19332	278	18931
20906	325	27638
28733	325	12958
15959	325	29789
12341	231	28954
15559	325	14611
27267	325	18931
29666	325	14465
27861	223	28391
19986	220	19417
18981	254	20666
29796	280	12531
28264	278	27080
26891	231	10548
20531	325	20930
16536	282	14155
11036	258	28004
15358	317	17907
10756	263	16171
20900	316	13485
27440	325	16824
28127	325	25602
15279	325	17634
20155	325	18639
12116	257	28907
13956	258	13278
26006	271	19213
14997	325	10792
28826	325	27948
26091	325	26043
29630	325	12184
16981	325	13072
18350	325	29751
26985	325	13680
26844	288	13470
29539	325	17635
14554	278	16090
16742	258	12105
19056	325	28092
19523	254	13185
18469	278	29998
17062	258	14782
15576	325	29751
29068	325	15075
13618	325	13276
13012	325	15307
16486	254	11901
13857	325	28072
26470	252	26687
15956	254	11579
20487	258	18988
19501	325	28664
12073	325	11811
26723	268	12871
14853	325	11266
29760	271	12043
15777	254	17237
15564	325	13236
28476	325	16388
28310	325	20636
12556	288	16492
29544	220	19035
28348	325	15568
12491	307	19536
17163	325	11941
29958	325	25662
13022	325	13680
17163	325	18988
18309	325	19187
27551	254	19621
18575	258	16789
10701	325	15075
29326	288	10716
14349	325	16270
12126	325	12520
19177	325	10943
25734	258	18104
12734	325	15883
12405	290	12897
11888	254	14548
16721	288	29135
20466	325	11786
15474	325	12184
16265	325	17796
12081	278	18606
27094	220	13963
13823	254	19521
11389	325	16726
25921	325	16492
20441	325	12118
14574	325	13843
28138	316	19557
12559	325	20636
18231	268	10796
13157	325	19420
16650	278	12965
26678	254	20248
19074	254	15456
15684	258	13108
20190	288	18810
16297	325	28222
16930	258	18639
28097	288	15744
11551	311	29032
29694	325	14286
10978	278	15180
18343	254	19850
15276	325	18726
20705	325	18781
17727	325	16492
12926	325	26179
13841	325	12500
10696	258	28184
11842	325	13872
17427	325	10652
29174	325	18840
27227	325	15724
18215	325	12361
18614	288	27876
26015	325	26486
12070	268	11461
18744	214	17421
25861	325	29220
12109	325	20022
15399	325	14458
13928	325	13872
17418	325	26043
28234	325	13376
27184	254	25621
12237	325	28004
11003	229	17462
27331	254	29125
13327	288	15028
18200	254	13239
15866	325	20428
16091	325	20609
12572	254	11579
16486	325	14458
12528	325	14846
20455	325	20590
20044	325	12218
17315	254	17897
12365	254	12150
11707	254	16171
17571	281	14457
16363	254	28790
20988	325	14034
28575	278	18988
17838	281	28158
27048	258	14771
18788	254	14126
16216	325	13723
29415	288	26144
13807	278	19565
29602	222	25997
12357	305	17643
17703	282	12832
16926	294	27636
10876	254	11901
20783	258	20219
25505	288	13773
14015	258	17360
19606	325	27915
14271	325	18226
18126	325	28579
26256	258	15198
29015	325	29833
18128	268	16059
29067	268	12871
28163	325	10595
16854	325	20551
29573	252	29785
29567	288	27915
17504	254	11901
16411	257	18323
18690	325	20290
17148	254	20248
18428	219	11901
15809	325	19420
19297	294	26003
17295	325	16728
13593	325	11811
25991	325	12869
14021	325	12782
19879	288	25944
12553	325	13030
18132	220	12881
16108	254	20248
26390	252	27123
13557	325	20032
12695	325	25662
25711	254	20248
27489	317	14136
26290	254	25621
15510	254	10796
20773	268	13554
12826	325	15565
25544	325	15492
20979	325	11537
20630	325	25807
10531	316	19051
11750	254	28727
20795	220	25678
13737	231	26609
15370	252	20622
19042	217	29772
11709	288	17825
29054	325	28089
27027	254	28149
12603	325	18036
14412	254	14865
11610	325	12491
12563	325	17572
28213	305	16954
16872	281	29983
13016	254	14459
20655	325	17635
18675	220	20132
28673	325	10906
29910	254	10796
19296	325	19719
20464	288	27171
29074	325	27902
28270	288	16471
26844	258	18104
19185	288	18931
20033	325	14191
29106	254	14459
27337	294	19252
18174	280	29885
28475	281	13543
15243	271	13392
16822	325	16345
20135	254	11608
13853	325	17297
26416	325	13680
12119	254	13185
19206	280	17914
29759	325	16471
14273	325	27738
16551	288	18281
14159	263	27517
25748	258	29320
10863	325	11084
11885	282	13506
17997	254	11863
12562	278	15180
17788	278	18726
20057	325	28045
11228	278	11756
19826	288	18797
14708	305	26222
25781	254	15134
17935	325	10898
12686	325	12428
20470	278	25529
17954	254	11996
17426	263	27517
28422	220	26351
27117	258	27848
20599	325	11526
19767	215	27269
27937	254	26188
28210	325	13236
28513	325	15028
17708	288	27747
27540	254	28557
26238	325	17992
20804	325	13773
19709	278	29546
15048	325	18104
19035	252	29544
25905	288	12411
18353	325	20290
11720	254	12871
26709	325	28222
12967	260	15853
18534	325	14941
19833	254	20663
10747	325	27473
20161	325	28527
17036	325	28551
11668	325	28072
13409	325	25586
19446	252	25910
19740	325	18931
20858	222	16348
11840	252	17219
28156	325	28089
14680	257	17993
12975	220	26351
29020	325	18988
19508	254	11901
25965	306	16230
29117	254	12048
13017	258	16371
13413	306	29960
11404	288	20286
19814	325	18124
10870	325	12512
29714	254	26297
16701	325	29319
12079	254	12865
18848	258	16140
25745	254	29766
16812	252	11194
28258	325	12491
12957	214	19171
17887	268	11901
18307	325	11815
28779	278	13723
14936	325	29899
10855	325	20636
28033	254	20666
26681	268	14854
16529	325	20115
17201	220	25849
12515	325	28092
14938	325	26589
17346	325	20794
15322	258	13872
28342	325	20115
12342	220	12920
10928	213	14044
18682	325	20930
15802	268	11638
17471	220	17642
11905	325	29387
16124	325	29220
12361	214	18215
19347	325	27805
18476	254	20248
12203	258	12105
18867	254	20248
16182	325	19420
11742	325	12743
27096	254	14430
20317	288	14191
20980	254	10796
15018	254	12406
13178	258	27632
13461	252	13446
25669	252	18223
10666	325	10942
20466	254	12871
11562	254	14459
28331	271	29682
17375	278	15568
13363	325	27915
17122	325	15568
20214	325	18639
29088	307	20248
12226	325	11811
18600	223	15174
10598	254	12404
26465	325	16492
19956	258	12297
10626	325	15180
16248	278	13376
14690	325	11811
26091	258	20032
13577	258	29673
11765	325	27902
16542	325	28045
17584	254	17897
27727	325	25619
25642	325	12428
16145	325	15180
13821	268	14136
27928	278	13773
14287	325	18188
15027	325	18362
14269	288	15417
29047	307	18441
16629	325	15180
26666	325	13470
15246	325	12520
29054	325	13278
29373	325	11068
29084	325	14528
10664	325	11179
27374	288	29751
25587	288	16388
17534	325	10730
18030	325	11786
18652	254	14658
20418	325	15492
15983	325	26085
15844	254	14126
16833	254	17897
18427	325	19248
15392	254	14126
25884	258	13278
17757	271	13596
14162	254	11461
15976	325	28504
27262	278	12846
14763	325	26084
28964	254	17897
12727	268	20248
19274	288	15492
26815	252	16580
16446	325	12105
15139	325	12500
19696	275	16609
25719	254	18562
28196	254	20248
16154	325	26144
19866	254	18795
20421	325	20574
15503	325	16726
10754	325	12715
27679	258	10898
14581	258	26589
13729	258	20636
28367	254	17640
11822	254	12358
12001	325	20298
15495	325	14458
27491	325	13680
15053	325	25602
15991	288	12491
12426	325	10652
20489	325	16492
13628	325	12512
15433	258	19561
10800	254	12613
10987	252	28524
26374	254	14658
15625	258	14458
12081	325	18606
25594	325	13236
29906	252	18604
25745	254	27404
16720	220	29206
27082	325	25802
12302	288	18625
17362	325	25733
14251	325	15697
16880	325	10595
26299	288	15646
10630	252	15937
10685	239	16171
25811	258	16388
10601	254	28066
16804	254	25621
28084	258	10906
26772	268	13417
20902	254	20666
11691	325	26970
28890	325	16388
15141	325	28607
12739	254	15936
28645	325	29998
15809	325	18571
27110	325	20115
25818	325	16388
17808	325	27473
10969	325	29751
26727	325	25733
26356	325	29789
17130	278	16388
29841	325	20338
15488	322	27446
20528	258	10730
27793	254	13185
17446	260	15542
17100	325	27473
28325	268	11551
16032	325	12522
11862	254	11901
15130	325	26713
17530	223	13885
16334	325	28527
20811	325	13773
16516	325	17360
25770	325	27614
18822	325	13278
18250	325	10652
13322	325	17139
26299	258	18887
11856	325	10986
15821	325	29579
20652	268	12103
15729	325	20574
19722	315	15208
11884	325	16726
18788	325	28053
20917	231	25624
28655	325	27983
17075	325	26724
29084	325	13121
19877	278	17360
28889	254	18253
11111	309	27335
17348	220	29030
27277	325	19635
26522	258	26350
16055	254	12404
18563	254	28149
28764	220	25690
16883	325	14839
17614	325	11031
11721	254	20129
20104	325	14167
14603	325	16942
11957	325	28045
27408	325	17458
11623	325	28222
17602	268	20248
14175	258	29789
26047	325	16388
16885	325	25733
13151	288	29751
15993	219	14126
27964	300	29763
14207	258	13723
29711	317	11579
29228	239	17958
26397	325	17139
29600	254	11390
18950	288	14372
12096	254	16328
29584	325	13121
16638	325	20022
29039	325	20808
28409	258	18797
10914	254	15134
20817	325	12491
28106	254	14837
12596	227	13428
14220	282	16628
10655	325	27983
13805	325	26444
28069	325	12520
25752	325	20338
11279	325	12428
11616	254	14666
19491	325	20219
20761	268	15127
12848	231	14065
26815	243	20666
18328	254	11608
16748	325	26350
27832	325	12500
26923	245	25717
16824	263	14459
27287	325	25602
27661	325	19561
14478	288	20930
18829	325	19135
16527	246	17324
25794	299	27252
26351	220	19414
29567	258	28341
20011	325	18887
19003	278	13773
17046	325	26836
10828	268	17603
20709	231	11676
19869	214	25559
19040	325	12428
16010	318	29064
11893	252	14661
25579	325	11786
29615	254	17511
20317	288	16824
12390	325	15234
14346	254	12404
12970	323	18934
25691	220	13129
27343	258	29833
12970	219	13168
17447	325	12428
17925	254	12871
16419	325	20609
14248	252	27765
10735	258	12846
19742	325	28500
25943	213	27883
11907	254	13417
14111	234	14553
27153	268	17897
28965	325	27848
16209	278	14191
14467	239	27075
11276	254	28919
11062	258	12500
17094	254	19850
16101	325	13932
11893	252	17354
19978	325	18281
14779	254	28931
17764	258	11717
11293	325	27769
28111	325	29135
14189	254	19979
14120	254	17814
25740	268	11996
15226	325	27747
27844	288	29387
13987	255	15655
28221	254	25647
17058	254	26710
19088	220	17767
11649	278	25602
10797	325	26856
26154	325	28538
18344	325	15923
28223	252	15863
14367	254	13185
18328	325	13072
29716	278	28089
26859	258	13278
19330	325	20452
12035	325	20665
10702	280	18173
17023	220	19018
11342	254	11901
27958	325	25802
12541	258	19420
11189	297	25723
19064	254	20885
17075	325	27983
29938	288	10606
19373	258	17139
14549	325	25662
17245	307	25970
14068	325	12522
12206	325	11734
27538	325	19719
17445	325	14372
11112	325	14922
27804	325	12037
28463	325	19187
27068	230	15257
19944	278	25733
13361	252	15608
29407	254	28751
15023	325	17360
12155	223	12438
20141	220	20694
16983	325	11002
17978	325	11526
27007	239	12828
13609	217	13800
12203	258	15078
26580	325	18707
28097	325	19453
20554	215	16806
15605	217	17354
28970	325	10563
25918	325	20298
12329	325	19971
11911	325	18726
26817	254	18942
29249	325	29546
19030	278	14072
26825	278	19328
19001	281	12382
29939	263	16954
19478	288	13833
27714	325	14941
26668	325	29420
18071	325	16235
17773	288	12076
12410	254	20248
15807	231	17174
11931	231	28386
27968	268	13417
16930	325	27473
25695	263	18007
11285	258	19420
19432	273	13592
18837	325	27915
16017	325	18217
18938	325	26783
12839	325	20808
11758	223	28028
14138	254	11901
18585	254	13239
10918	288	10652
29103	258	19676
11073	278	19465
16963	288	17460
16434	220	26975
18525	254	13185
28343	254	17897
13133	258	18988
11424	251	13102
16375	282	28112
16503	254	20229
15988	295	12632
12732	281	28090
25641	258	17307
29884	263	19805
19120	258	18182
28778	258	11179
12168	254	13417
14741	254	11579
11381	220	18347
13513	257	26208
13508	231	28913
18311	231	29355
18056	325	29941
12407	325	28184
16055	325	28551
13067	325	19420
26650	258	27472
18585	278	11305
27337	294	19886
28604	325	13495
11214	263	11901
26896	325	20808
15472	220	20477
20065	288	14869
29690	325	12500
13614	325	19565
15006	278	18840
15693	263	16065
25786	325	20930
12253	325	20169
12912	258	17800
12029	235	10796
20233	325	10730
15283	254	16107
19022	325	12662
10954	325	27473
16117	325	19563
14572	288	29268
14278	325	20930
26896	254	14865
15860	282	27820
26019	325	27632
18928	325	12164
12920	325	28739
12053	223	18446
17397	281	29983
16233	325	11811
19459	268	18562
14533	223	26853
19802	254	11554
15932	288	29789
17153	325	14013
12286	318	27200
29842	325	14465
15875	288	10595
29497	281	27973
27767	325	15180
18729	325	29751
15403	325	29387
29916	254	13478
11837	254	12871
10635	325	13300
12817	325	29319
13075	278	16235
28960	325	16432
25888	325	20609
13374	325	14465
11571	254	27404
28691	254	27350
29159	254	19915
17642	325	26350
13518	225	14163
12852	268	12197
20811	288	13773
10720	254	11900
16380	325	28092
15684	258	25733
19040	325	20522
26897	278	12505
27184	268	25621
16801	325	15697
27366	258	11002
18672	325	19869
25501	278	13470
26559	268	18094
14699	325	29926
16273	325	18036
13684	326	18952
14249	288	12076
29428	255	14849
14744	288	20428
11207	258	28236
12122	325	12244
28081	278	12076
29354	325	18887
29320	263	11901
19276	254	15456
27506	325	18625
14498	325	27876
13008	325	20930
11633	254	13154
29869	252	20001
19232	288	15180
26663	254	12871
28666	231	11552
15639	325	29220
11668	325	12820
11448	325	12411
20908	288	20219
20750	325	14855
11063	325	25662
12808	288	19676
14236	254	14459
15667	258	28905
18835	254	15456
18914	282	13479
17702	219	14126
18570	325	13278
14605	254	11901
29849	280	15269
18243	258	17635
12309	297	16628
28522	325	18217
17596	325	12520
28246	288	16726
28143	258	29789
11267	254	17640
11581	325	14191
14703	325	11778
17394	320	20666
17545	325	13773
18317	263	12871
14722	325	25602
26670	325	10932
18788	254	13417
27067	278	14611
29969	325	14576
12443	255	11938
25985	254	14459
27218	325	12522
26777	325	14799
20224	325	13108
16919	254	14881
27309	325	14922
16767	258	13470
28604	278	27080
27774	325	20115
17633	231	25555
25613	325	18707
15234	214	27709
14845	258	28089
16414	325	20665
19881	288	16235
11153	325	12958
26369	278	13376
10855	258	27473
16004	288	12869
27958	278	11786
26644	325	29135
14017	325	28053
29521	257	12671
12607	288	26179
28497	254	16811
28439	325	15307
20532	288	29926
12273	325	19565
20378	254	17897
12566	325	10938
13349	325	20551
19394	220	29624
14411	278	19676
28765	325	29135
14938	288	19719
12662	214	10587
14860	254	12871
17772	258	27902
15041	254	17897
29700	325	28791
12593	254	17303
20259	325	18639
17885	258	19335
28270	325	17139
12713	295	12294
17446	260	29498
29680	288	17360
18848	325	29937
11099	325	28551
17955	325	20169
28815	325	13470
27813	325	12820
12259	325	18542
26544	258	13773
27647	258	13816
29823	227	15329
10717	325	12846
11569	325	12715
13682	325	12428
12198	258	20522
27844	325	15724
11891	222	20892
28718	269	11385
14707	263	25621
28328	325	17635
28409	288	14611
11207	288	15180
27957	288	12869
29582	254	28149
13748	258	15565
19970	258	12243
11490	325	20290
20506	288	29259
29172	254	19979
29060	254	17897
26040	325	18810
14130	258	28976
17928	325	20290
14097	325	29259
28335	252	20140
12149	325	12164
26513	325	14782
10919	254	12871
20098	325	29789
13858	281	20349
14058	325	27472
20758	240	16033
19251	254	20939
28750	325	15724
12785	288	16471
27418	288	16345
17393	325	26043
19057	325	17635
18347	252	11381
10984	252	26866
20783	288	12428
26276	254	13239
13876	254	20248
10608	280	19231
27067	254	12871
27369	288	16195
28800	280	15774
12318	268	29125
16175	300	16348
26804	325	17314
20368	325	18281
15784	258	25602
20062	220	12801
29563	220	27891
29653	325	20609
18736	268	20807
15530	325	27080
17705	258	19561
28374	258	26179
29250	325	18281
17475	325	27472
20149	288	29926
12390	325	27473
28708	271	10782
29907	258	15492
28336	252	11183
15093	252	18863
19566	254	20248
29885	231	18174
19846	288	20551
14574	325	12500
20656	278	11778
12168	325	12520
28303	325	20452
17399	325	16454
28010	325	13030
10864	325	12243
11794	325	13470
14624	278	11085
26266	288	11085
11331	325	12428
26329	325	25695
15475	325	27138
20392	325	10595
11816	325	14191
28351	258	19561
14796	282	15132
18820	254	17897
17443	257	28054
15660	325	26575
12498	288	17966
15052	258	18577
19663	288	14201
27054	325	11811
26735	254	13185
16617	316	27148
20281	220	17018
15180	263	20248
11465	325	25802
28708	281	10782
19836	278	13495
26148	325	15075
19560	282	15602
12196	325	19420
16297	325	14286
14629	325	19328
14300	254	16081
17565	230	14593
28013	325	14286
19140	288	12846
26104	252	15740
27014	258	14611
13165	325	19328
16691	258	16235
19239	325	18797
13471	325	20572
17695	258	16726
16206	325	12520
16903	325	10898
14158	252	27703
15921	264	19652
13238	211	13054
19077	325	12869
26566	254	12828
12824	325	12520
13692	220	13573
15051	325	10730
26804	325	29899
12827	325	10506
29540	325	18744
11636	220	28831
11613	268	14136
20568	252	18407
18162	325	13470
29847	325	14922
29523	325	29579
11751	252	26784
11116	325	13495
12926	325	27876
29392	288	27569
15206	325	20290
29651	325	29579
10501	254	29308
16257	325	13236
12947	254	11461
11281	252	11697
19492	325	26713
17000	325	26322
27440	325	27569
27374	258	29751
20002	258	29926
14866	254	28149
14423	220	25883
15212	325	17307
28782	254	11996
13960	307	26936
13408	325	16824
28724	325	19561
11101	325	13121
20654	254	13239
14909	325	28045
27796	288	13278
18294	258	20289
26634	254	15134
29087	325	19563
19260	325	19719
20980	278	14917
28872	254	29151
19469	258	14611
15485	288	28976
11970	325	20782
27522	325	15727
11119	317	27044
18029	258	27846
20537	258	17825
18858	325	28791
14133	306	18371
14595	282	29856
18862	325	29743
15108	325	28739
28673	325	11084
11536	252	29686
12633	258	14494
12105	214	27550
17701	325	27848
29233	254	26720
11074	288	26350
29278	325	16874
11451	254	29125
28075	305	12312
12613	293	28356
19438	325	12715
13832	317	19915
17473	325	27473
12671	254	18418
29910	325	28184
15409	325	13773
26150	326	13814
13115	325	19420
14600	325	17314
28447	325	12105
27222	325	15028
20164	258	12958
29242	254	10888
12316	325	11002
12287	317	29125
19979	300	18506
20474	325	12411
19333	268	11554
18434	324	17993
26918	325	15574
29728	325	14922
11207	288	20636
20455	325	15417
11396	288	17245
20890	325	20247
14049	254	14658
12993	254	19451
13067	325	28053
14770	325	16824
16751	325	12428
16176	325	20219
11801	325	17796
11334	325	20115
10549	254	16685
19489	278	27080
27264	254	17640
29582	325	15307
29539	258	10943
17999	325	13030
13006	325	19719
10691	325	17314
28667	325	16824
18809	254	29125
15985	254	11996
11709	288	29546
11778	277	27532
25599	325	20032
17311	254	17640
26219	325	25602
15641	325	19561
18116	252	20891
17561	325	27948
12595	254	13185
25720	253	26625
27344	325	17796
29016	258	10906
15464	317	14033
15499	252	19036
20471	268	26188
16177	325	15727
18563	325	20551
26852	258	12910
10549	325	14376
18434	215	17993
29588	325	29220
29742	325	13680
15395	325	11811
12101	325	12500
20889	254	14459
29437	325	15307
28084	288	19228
26503	325	11941
20913	288	26179
29658	307	18930
13870	252	19728
11528	325	18104
25776	254	16304
20406	325	20115
18548	325	29751
14543	325	13723
26387	268	14459
16411	281	15132
18033	325	18726
15033	325	20032
13849	325	20974
29640	254	13239
11875	268	15134
27494	325	19465
19762	325	20551
12316	325	25629
14687	325	15234
13117	254	12871
16163	288	18147
20830	254	12404
16445	325	20974
15672	325	20109
13267	271	29983
10954	258	13470
27587	325	16270
17636	288	26179
18000	325	15180
13421	258	27732
16428	288	25586
18539	317	27044
16496	278	16789
12703	307	10915
13351	288	27876
17905	325	18319
20803	254	28149
10729	325	27171
20306	254	11461
13182	231	25526
11232	325	20032
12068	231	11007
14105	219	29763
13624	325	18530
14931	325	13680
13628	325	13376
25606	325	14191
12730	258	20636
28342	254	11901
26005	254	11461
15940	257	27359
19871	257	18865
13116	325	18726
19316	257	13746
26440	254	14658
29899	214	11966
17663	325	17458
15815	325	29579
10940	254	12871
12067	325	20609
15495	325	10595
17886	325	28187
14235	258	29135
15957	254	12871
19116	325	16728
28434	325	12662
10967	325	14611
19711	279	27924
29946	258	18840
20931	325	14099
29594	325	12820
27776	288	14276
15102	325	13680
27766	213	26793
14180	325	16726
26168	288	13044
16116	325	29743
17590	220	20140
17947	325	16824
14543	325	10595
15672	325	19420
12131	325	13470
26632	230	16282
11707	325	20551
18506	300	11390
17360	277	15376
25716	254	16685
15463	325	16270
11868	325	12500
16165	254	11461
28780	258	29998
10697	325	15180
15833	278	25662
15187	288	13072
20145	325	26386
17509	252	17026
14843	325	28044
11029	263	29393
17044	254	13239
17501	325	29998
11167	280	29100
28434	258	14465
13575	325	20298
17004	325	28500
28343	325	19187
27358	305	12588
19059	288	18988
12151	325	28987
16719	307	20358
14324	258	19420
15785	282	14155
20780	288	20636
19262	252	19587
16054	219	14126
20785	252	28171
11171	258	14372
26684	258	17796
29321	239	15607
10752	325	18104
19336	325	16270
12565	325	13495
16534	325	18797
10818	325	26856
20098	325	12243
29001	278	10858
19819	278	13276
12230	325	12500
28058	325	13108
20149	258	29926
16582	325	11004
14971	210	26033
16892	263	14548
11653	325	17635
26559	252	26555
15930	281	27300
14721	258	17460
16385	288	13470
25632	325	18036
29326	288	15180
27866	325	10652
19368	325	20808
18460	325	13385
28420	258	16345
20238	239	29125
29567	254	16171
15096	325	18931
12342	288	29546
20179	290	12897
14150	261	11897
14302	325	28045
12749	254	14658
29110	258	28909
29371	227	16882
15100	254	29763
18822	325	27632
28216	307	16171
13579	278	18104
16160	231	26128
10749	325	20347
12007	325	17825
13598	280	20662
18618	325	13773
27530	239	26064
13165	325	12076
13753	227	29559
15397	278	17314
12200	307	14429
19018	325	19885
14236	325	26724
17622	325	28053
11680	295	14615
25826	325	26724
13780	325	28596
19001	271	13768
13942	278	10563
26096	223	18757
29913	325	27846
27274	328	10899
18098	215	17993
11849	325	28341
16673	263	16811
19533	257	18323
14513	282	27359
27648	288	16962
12477	325	28620
28040	258	18331
18756	325	15574
26124	225	14163
14772	325	29546
28912	258	28500
17233	268	10796
11448	325	11778
15630	325	18840
20270	325	14689
15276	278	13470
27286	325	27472
17305	254	20248
16648	254	14126
29184	254	16685
17294	258	17314
10810	325	29789
13520	325	26970
28832	325	13680
20968	325	20991
19970	278	28045
20512	254	20666
12753	325	28184
15757	325	18362
28456	316	10531
18461	325	27769
18866	325	28184
12912	288	17800
12932	325	18606
20764	325	29789
28775	254	29626
26747	325	13495
15276	278	19228
20963	325	11004
12533	325	19885
19373	254	20248
10771	325	18104
16168	217	15750
26746	288	18331
16753	288	14494
17739	305	17607
15160	288	18840
15953	254	29125
13035	325	17635
25845	268	11608
12954	286	12632
17272	254	16171
29596	325	20338
26381	325	28551
26343	325	18726
27616	252	16125
17903	325	16450
26858	325	12500
14875	222	25997
20499	266	29411
13690	325	29998
28808	316	18067
26276	325	15180
16187	216	15420
27862	325	16728
11837	288	10652
19171	258	18188
14480	325	18217
19338	288	29833
27726	220	26367
20532	325	28976
26243	325	20032
13837	325	10652
10891	288	18182
26597	305	16415
27460	268	26033
18219	258	12820
26645	325	28044
28686	220	20420
19338	254	19850
27281	325	20184
12258	261	11897
19510	325	18104
19527	220	15990
29108	223	13808
19615	260	28564
17381	325	11144
12686	325	20551
17157	325	11734
20503	254	17060
12523	325	16148
11181	288	12928
20149	258	12491
18334	320	12588
13410	271	11234
14009	325	26043
27370	325	10943
13297	325	26757
12157	325	14075
15081	278	18362
15978	258	14839
28075	305	17897
29363	325	26740
28967	325	19885
14324	258	16614
16359	258	11085
14073	325	28045
11697	220	11281
13275	325	28045
14931	254	14459
14749	288	25944
25858	325	16270
14765	325	20219
29863	258	18571
16883	254	25637
19438	325	16492
19497	214	15894
14770	325	15307
10561	325	28044
27784	240	16524
14712	227	19302
26006	271	20429
13935	231	16653
27678	325	29833
27622	254	11461
16335	280	14377
14398	258	11872
17376	227	27705
15319	254	27044
28845	258	15180
19244	325	14458
16883	278	16726
20073	288	20290
11528	325	12428
18776	254	11043
19946	325	10652
16285	325	11002
16740	263	14658
10763	268	11996
15118	254	12871
15879	254	17249
16109	325	27915
27230	325	12820
29234	268	25813
11225	325	20219
28868	222	20892
13792	258	29387
29386	223	11901
10752	254	13096
11266	214	28906
17424	325	13773
13160	258	14611
26476	220	15126
27813	278	18726
26614	222	26100
14896	254	11901
26443	325	14748
28374	258	29789
29334	325	11734
29676	325	27141
29946	278	14075
15864	325	28460
25657	268	20637
28234	325	14286
11670	216	20626
13055	325	13932
16902	254	25808
17842	325	18931
17846	254	29393
18556	325	18217
18215	288	12361
19731	252	29107
20317	288	18226
15346	263	16685
11556	325	20298
28859	325	16471
13357	258	14191
17401	278	14458
16933	278	14917
10896	325	26350
20935	278	25662
19390	254	29125
20427	325	14458
13063	254	27044
15673	254	19979
20065	325	26179
27041	258	16267
28926	254	25621
11386	325	10716
11706	254	20248
15799	294	14359
19538	239	18550
13439	325	15106
17014	288	18988
20999	305	12404
12457	325	27983
13039	325	13960
25737	325	18931
15292	325	15396
28529	254	12404
20238	216	11809
13292	278	13773
28742	278	18988
18167	254	29125
27579	258	20930
19450	278	12428
26654	325	19565
29232	325	10716
18546	325	18104
20542	325	27948
19843	325	25802
15427	223	16212
15528	280	19509
11349	325	18726
18653	294	12082
29451	231	20954
27717	325	15307
11224	325	10595
14379	325	18797
12227	254	27252
13857	325	27848
17046	288	11031
18443	268	14136
25566	268	16107
10800	254	20248
29145	254	28149
12848	280	14706
27364	254	14136
18197	325	20219
29754	254	20250
27427	219	29125
27614	214	17909
26959	325	12822
19788	325	16492
18307	325	27246
15864	325	17966
14332	297	27298
16982	268	11901
13830	288	14458
27879	325	17825
27984	239	15900
12344	278	20298
25646	288	12822
18710	325	13680
15866	325	16345
17263	325	18036
12555	258	12500
17820	258	18036
17822	325	10595
17580	325	15180
28196	325	16942
16569	325	28909
13525	254	20248
27050	288	20022
14894	325	20871
11062	288	20338
29249	325	12500
14076	325	12428
20532	288	12491
14669	325	15646
16292	254	11901
26308	325	27080
15437	289	15798
14569	288	14922
13439	325	26386
13691	227	19051
15903	325	20452
15783	325	28551
26274	315	18471
19280	325	28092
20814	325	12164
29407	254	20139
28404	294	16852
26468	325	26083
17892	325	12105
19939	325	19957
15330	278	12076
17444	220	27664
16626	271	27314
26629	325	18212
14524	325	18104
27315	325	16984
19429	278	28460
11923	220	11407
12985	278	15883
26029	288	20171
19607	325	16789
28671	252	28753
19591	325	18606
12599	325	19465
16473	257	17609
17194	325	20572
20171	263	16141
17717	325	12184
15660	268	19850
13198	220	10517
25548	325	19465
11962	325	12105
14876	325	29926
27299	281	28871
17942	280	18906
19289	325	18530
19906	249	14352
15890	254	17640
20449	252	13811
26956	325	20115
18977	278	13236
12872	254	14865
16470	288	17278
13256	282	17993
17728	278	13276
29037	325	14782
12948	254	16171
27622	325	26451
20296	325	12846
29994	220	29165
18155	254	11901
29372	278	11786
14218	325	10932
11959	268	13417
12560	215	27657
14436	231	13170
27164	258	20545
26561	258	27915
11469	288	27266
20263	289	18093
19080	316	18067
13210	252	13419
29105	325	16235
12812	325	11537
18951	325	12274
27070	325	18726
10799	325	27805
20445	325	14611
28754	325	17992
10799	325	12105
12890	231	16465
20655	254	13239
15275	254	11901
12270	254	17640
26491	268	12871
29788	258	27266
26006	281	15824
11478	254	29125
18313	325	26575
17445	325	16942
11864	325	16892
29124	243	20723
28200	325	12877
20539	258	29926
16877	252	17270
12589	254	17897
10921	325	13848
28966	254	11901
28566	238	15424
11645	254	14126
16913	325	27846
16245	325	10595
18225	254	25922
14840	278	13470
27823	288	11941
26334	288	11778
15716	254	11863
11642	282	10513
11601	254	20666
29170	288	15744
19987	220	13757
15941	261	25550
27035	254	20248
10695	325	28791
15060	325	18104
14207	325	13723
11610	325	10986
13786	325	20930
20362	288	29387
15349	252	11844
29576	325	10595
16579	288	13680
28132	252	14872
18391	325	12500
16833	278	19885
13736	254	11901
11075	325	11179
13230	271	17993
27034	263	28149
19460	325	20452
27484	325	16454
28368	325	12649
28590	325	16726
17020	325	20636
19761	278	14625
14382	288	19992
12272	325	16345
15906	325	10595
12834	325	14458
19641	254	29125
25701	325	27983
29599	325	16388
13905	254	14658
15356	258	16471
15851	325	13680
11379	254	20248
12831	325	10652
26395	325	12076
18767	278	18475
27025	254	13239
13991	278	13470
16455	325	14611
13799	325	20974
16258	325	20169
16188	325	14458
14029	254	12871
28359	325	15492
15187	258	12505
29890	268	18242
19955	254	13185
19039	220	20795
11769	325	13495
19686	325	13843
27214	325	16984
19095	325	11179
20397	288	10595
11109	268	16171
27520	325	13236
28369	325	14075
19949	278	15277
15637	254	26548
18255	325	13872
12546	254	20666
18753	278	20286
14199	325	18036
16812	220	27702
27659	258	11085
20149	288	18744
18848	258	26043
26384	305	19499
15392	325	19719
18533	258	16728
28565	254	11551
27442	239	17897
17283	239	11901
18866	325	25733
14300	252	18685
12188	325	28217
11634	325	25942
11597	325	27948
15319	325	29739
13215	325	14611
12742	325	17360
25842	325	17458
19817	258	18840
19075	325	18606
17857	258	25602
19371	325	18068
20660	288	18887
19663	288	18281
12898	325	16492
20297	325	17021
14911	220	18900
19798	309	11438
10832	280	29726
13296	220	29043
15471	227	18066
11871	278	13872
28691	254	20666
29875	325	14782
25956	325	15075
11319	254	11901
20065	288	26486
12833	294	29138
14384	325	17796
15770	325	10939
15459	219	14126
19839	216	27442
29206	220	12414
28053	214	27803
11246	325	29926
15658	223	12722
16336	231	14003
16127	220	29490
15966	223	16286
27143	278	17360
29165	220	28167
13889	258	18988
19981	325	19187
15965	254	11901
13047	282	26132
19258	288	18797
29395	230	15613
12755	325	15234
15804	325	20169
14867	271	20113
14684	278	18860
10855	254	20248
20035	281	26208
14009	325	29259
19483	325	13773
19041	325	13773
12973	325	20290
20129	219	28149
20593	325	18606
25807	214	20715
13526	325	10986
17883	288	12788
17281	325	13121
10589	252	27562
11671	325	18104
15136	325	26724
26862	254	13185
19255	223	13661
15143	254	11638
26826	258	20609
11449	280	11500
18687	288	18270
12633	325	14494
15668	294	13887
20030	316	13988
13019	258	13278
16300	258	16728
29356	268	11604
26587	217	29867
20122	271	15157
14192	325	19465
28069	288	28976
12642	219	20248
17437	254	16811
28339	325	26179
27572	325	29135
26097	254	16685
16439	254	20248
16897	288	12662
19891	325	14611
14975	252	28190
11774	325	11686
28150	280	20323
19299	325	14072
17316	325	16789
29893	325	19971
27884	325	13278
29668	325	11213
29965	252	14947
19128	325	16235
25890	325	26878
16658	288	29135
26123	325	27080
20157	325	28909
26320	325	11085
28189	325	26386
17959	254	16171
18179	258	29926
20584	210	13670
15908	227	11327
27491	254	12139
29042	325	19885
29678	288	19228
28631	288	25802
26539	325	26878
17472	325	20452
13814	295	12008
17480	254	28149
12986	325	12788
29482	325	28053
12774	258	29941
18772	258	19957
10940	278	28905
13178	258	14372
27752	325	20169
13746	226	28090
17083	254	11517
11433	231	20610
29331	325	15028
11780	288	27929
13218	325	13698
17354	220	11743
26751	325	28044
17035	278	14611
12899	254	11638
15246	254	27631
11105	325	20022
13453	294	15618
13958	254	28149
26370	254	17897
29567	258	27915
27220	252	14039
12992	254	11901
12751	235	14126
27438	217	20743
14404	325	13680
15181	325	12076
27165	325	13872
15817	325	27805
27484	325	16942
28420	288	26878
11260	223	13531
18727	254	11901
16375	231	17042
15820	227	18277
20199	278	14917
19291	217	16045
28867	222	26100
12386	288	15773
26596	288	17314
12253	325	18931
25893	258	15712
20510	325	25574
20720	254	20666
15415	254	16811
15637	325	12431
19675	220	19755
13327	258	14458
13997	219	16065
16738	288	26878
12148	231	15098
28319	268	13417
14783	325	10595
16042	254	28727
13055	325	11734
15818	295	18271
28886	278	20115
10967	325	16728
29067	254	11996
12545	325	27902
19232	288	19465
14586	258	10898
13783	259	19209
18189	325	20930
10617	325	12428
28393	254	20248
13470	263	20248
11508	325	16874
11329	254	11608
15410	325	15923
17087	325	19228
25523	254	20248
11417	216	10941
27524	271	13596
13834	288	27712
13786	325	19155
17629	325	29833
20879	220	11698
29118	325	18036
12839	254	20666
11793	254	11461
20940	325	28045
14058	325	28551
28798	258	17651
16967	325	13376
28573	220	16091
26249	288	27902
26701	325	13773
12707	254	11901
26484	254	11996
26358	325	27747
25611	325	26999
28337	268	14136
15640	325	13470
14873	223	15830
20539	325	15396
13630	325	12205
15356	258	16492
25766	254	10607
16211	288	27876
14760	254	17897
14242	258	17278
16443	254	20248
20841	325	15727
14745	271	28128
18096	325	14465
17427	325	29578
20822	325	13723
26344	325	20032
26773	264	16548
16929	325	17314
29855	325	26043
26789	231	19637
15511	325	15396
11382	258	29998
20497	278	11734
19826	288	12662
28456	316	19051
14301	254	10571
14870	268	29443
14170	254	20666
13331	278	11002
28123	288	15724
17764	258	27948
17018	325	10652
19162	325	14799
14363	325	28551
27919	252	17286
15866	258	28849
15873	254	19850
18204	258	20452
26121	278	25944
28535	252	13952
19286	325	15180
16875	325	11286
26716	325	18362
27147	258	12243
17916	254	13185
25779	325	26127
10609	325	11084
18905	325	19420
11934	325	14075
15662	239	16171
29808	258	25551
16320	239	18884
20132	252	18675
10752	325	25733
20817	288	12520
27549	258	16235
19625	325	28053
15226	325	15075
17057	254	14954
14305	278	27080
26355	325	12076
15864	325	10898
17689	325	12076
28544	325	15396
14809	325	27983
29619	325	14075
19300	254	12871
27005	325	13495
14376	214	20843
27209	325	26350
11058	325	16432
29668	325	10879
18300	254	20248
16548	254	13168
10846	268	10571
17243	254	29308
26295	254	16171
28418	254	15134
12162	325	27987
14888	288	16726
18117	254	28149
17139	263	20248
17655	222	26100
26914	288	12846
10960	325	10898
14324	258	27902
16518	252	11988
15302	219	27350
16221	271	18579
16925	325	28044
15028	263	14666
27322	288	16492
29308	223	29137
27434	268	13185
10908	325	29420
29769	317	20248
15298	325	19020
20660	288	15923
27541	325	20032
20858	222	20222
28939	278	16388
18608	263	28727
28183	268	11551
29987	278	19328
18928	258	27346
19177	254	16171
27920	222	18506
13700	288	18639
27604	258	13121
19429	254	16685
29466	325	20428
16814	325	27632
29584	325	11786
19555	289	13797
10787	325	16454
29306	325	12965
16357	325	19328
27857	278	17245
15721	325	12788
14120	325	12957
18517	280	15062
16918	254	14954
12308	325	28045
14060	258	28500
29900	254	14658
10687	325	29259
28947	258	26836
19284	254	20594
19158	325	19561
26930	257	10811
28403	239	12406
17746	258	28905
14755	278	25619
13763	325	19020
16733	223	18136
29479	257	17993
20760	258	27473
28313	325	13121
27549	288	15697
26839	254	10571
13421	258	18432
15852	325	27246
15580	239	12466
11586	325	10943
26884	271	15525
20654	325	28620
20445	325	27346
14734	325	14633
13524	280	14255
29968	268	14105
18199	254	14658
18319	307	16951
28446	268	11146
15361	325	14072
14614	325	10942
29966	254	14459
20941	288	16726
26963	258	26073
11951	263	10571
14697	263	11461
17428	254	26217
29734	325	18217
18047	325	14276
26627	325	19719
25734	325	19465
14822	252	18896
20031	258	28551
26430	325	26144
12061	254	19915
28912	254	17897
20939	328	16278
29327	254	11608
11675	325	12782
11168	252	28106
15696	268	11608
27519	325	13588
11429	278	29751
18967	325	15574
14365	288	20609
15302	219	20666
18179	258	28976
16860	325	16235
18865	264	11475
12768	220	26372
18877	325	14458
27510	254	10796
18769	278	13470
12303	222	13883
15517	254	14126
14871	231	16647
15603	288	13276
11074	258	27569
13261	254	28727
13937	268	16171
18534	278	16728
20006	278	14922
19487	252	29806
26740	307	14459
12296	325	17992
12160	325	12243
17870	325	27149
12323	258	18797
13522	257	15411
19346	254	11901
12241	254	11901
11490	278	27569
25618	263	29767
26952	325	17796
20833	325	18036
13253	325	19885
11155	325	11213
20746	254	11901
15544	325	12910
25640	325	28791
28878	254	16811
29618	325	14191
19892	254	11461
27636	254	12783
29580	268	11608
14937	325	20522
20566	239	29125
20506	288	26589
19593	212	29682
13772	325	13872
14380	258	25602
13782	325	25619
29167	288	28338
15053	325	12500
27023	258	26724
13488	258	27080
29144	254	19979
26851	325	16874
15769	258	19465
10637	254	11901
16960	229	15687
18152	325	15574
18241	252	20919
15082	288	18070
15761	325	20290
15052	254	13185
11562	325	27569
17235	288	15028
29183	325	14372
25734	325	10563
15114	325	17021
19608	216	13207
17508	254	12871
19663	325	26757
18108	258	28905
25505	288	18104
28909	214	29110
15731	220	13521
25630	325	18931
19105	220	18927
29329	323	29826
11578	325	11213
27368	325	16235
15253	325	16874
19466	254	12871
20431	252	12265
28142	325	18887
11592	325	17245
19770	325	14625
29364	252	28686
20838	211	11424
14825	254	11901
26369	278	20636
14450	325	16728
14592	254	12871
26601	254	17897
16698	215	15079
12051	254	17640
19848	263	29767
12530	325	14839
28434	254	25621
18765	325	13236
17629	325	18182
18387	288	10854
25534	325	18085
28355	254	17897
12018	325	19676
26797	290	27924
17185	239	11901
28536	254	14658
18670	325	18492
15556	325	29135
13410	231	19884
16881	263	27350
16073	325	10652
25753	325	12820
19086	325	12076
17948	258	15574
13833	214	19478
28657	254	17640
15366	254	12871
18923	288	28045
20699	254	25621
26433	325	10595
19316	271	28090
28754	325	11085
11219	288	15574
20065	258	14869
25606	268	18007
12203	254	16171
11920	258	13680
16897	278	14465
20267	325	12822
16867	239	12197
27731	325	28184
17763	317	18584
18981	326	18358
19122	308	13893
11665	325	20219
26445	325	11941
10507	254	14548
14908	220	27017
10687	325	13680
20449	252	18052
27456	325	14372
18823	227	15915
20834	281	28088
12073	325	19565
14251	325	17825
25600	325	12500
27745	239	18884
18973	325	12076
12549	325	16726
17051	271	13481
29997	239	13808
19763	325	12076
11538	325	18281
20387	325	20219
29198	294	15551
12538	278	19992
29992	325	10898
28472	254	26188
27706	216	17283
14675	325	10686
20210	325	20590
14505	254	13185
17748	278	13030
29329	294	28858
16660	325	13376
25841	325	28849
29691	288	20290
20201	278	25899
11674	261	26423
26760	325	15075
27897	325	26878
10544	278	14458
26659	254	20248
13147	325	15565
18333	258	17966
29340	300	18506
29679	254	11901
12673	325	29259
17382	325	13044
13406	325	18639
11947	325	19020
25953	254	17897
19514	325	18931
16019	220	17549
12973	325	12500
29753	325	25802
13200	325	28222
17488	325	19885
20481	268	19051
12270	325	14633
11936	254	28149
15238	317	11554
12175	280	17557
11652	278	16388
13942	325	10943
17632	325	16874
29631	279	27924
17361	227	27233
29618	325	16874
18626	258	11087
16780	258	27902
28439	254	14459
29138	254	11638
11845	252	27160
18313	325	19246
27630	288	12428
13623	320	20058
16867	239	17303
25544	325	14458
18440	258	19465
14819	254	26837
28716	325	26348
19404	278	17139
29991	254	11554
26130	325	18744
11966	288	29899
14840	325	27948
12275	325	12411
20414	325	15180
11474	325	15078
15395	325	13781
12397	325	26575
17285	282	28112
18122	325	27902
15917	258	20032
28327	223	13861
11250	254	28149
11713	254	17891
17518	325	10932
25893	325	29546
14396	268	14136
19995	258	10716
13961	240	16819
26603	227	11803
13258	325	19465
29540	254	16126
27671	235	26882
28774	252	29238
29452	325	12664
18771	325	17367
13917	212	11273
15483	278	26589
28080	254	16169
27313	254	17897
26757	263	14023
15924	325	27472
12826	278	27080
27682	325	15028
11108	325	28187
12105	263	26710
26246	254	17897
12516	278	18104
25687	325	27805
17292	257	28871
20848	227	28042
19204	325	27059
27772	294	13685
17092	288	28089
13379	278	18988
20733	325	26185
15812	325	12200
27611	325	27569
16373	325	28184
12912	325	12500
29425	217	18194
16662	325	25856
11361	240	17285
17890	325	14458
25871	325	14771
15514	325	17360
18521	325	29899
12081	254	14459
25826	325	18726
14298	325	18085
16770	258	13773
16431	220	12388
27724	288	10652
15319	278	26085
25505	288	17635
19176	325	15712
17309	278	14458
13313	268	19967
10622	325	14611
18552	325	26386
20923	254	16171
19558	290	27924
25862	305	27132
29972	325	27983
18718	254	10796
28210	268	20248
28645	325	13072
27186	325	20022
26847	278	16726
18055	288	20115
20542	254	20248
15990	252	19527
19895	325	19561
18578	214	28412
12861	288	14191
28084	268	20248
15534	288	18988
16681	278	18797
16105	325	13843
18113	288	16090
13260	325	13680
16846	282	16088
19588	288	26928
17152	288	18840
13141	325	12965
13508	257	17455
20826	288	28635
18650	288	15923
17779	278	17139
17457	316	13589
26461	325	19328
19614	325	20219
18858	278	28791
14287	254	28149
17716	325	11085
14667	258	18744
29749	254	11996
17853	254	15375
11867	254	14136
17589	254	11390
14968	325	16471
17857	325	20115
27673	220	13463
14909	325	13843
28475	282	27300
12870	325	16824
13999	278	16824
17461	305	26157
29875	325	26179
27451	325	20184
12269	220	13946
12701	258	28045
19254	254	17897
13345	325	27473
13187	325	10943
14857	325	27080
14140	254	16171
14419	238	14110
18241	220	14870
11348	254	16685
11286	214	27343
18459	325	28976
10564	278	19328
29280	258	11498
25872	325	16235
18257	325	12428
16732	325	11213
13679	220	20671
14927	325	27769
25796	325	12820
13776	220	29190
16363	254	28149
19744	325	19971
13421	258	19246
14310	325	10595
10516	325	19885
14229	254	14043
13840	254	15134
26466	229	13339
11329	288	28527
28597	325	12428
13022	254	28149
29908	268	11551
14766	325	14611
27425	258	13932
15951	278	13470
20397	254	11901
14749	325	27569
13461	252	16756
20468	325	26754
19069	216	27442
13606	325	14748
20614	254	12871
14818	254	13168
10568	325	18577
13911	271	13269
15108	325	29579
16114	254	20248
29796	231	28559
14815	288	15180
20510	325	12244
29710	288	20636
13745	252	16799
14414	220	18132
27019	254	15993
20308	239	16685
27950	317	27044
17011	288	16824
20780	258	29751
11937	325	10642
17313	282	12832
26547	288	14458
17879	325	14494
18908	220	27197
20340	271	18898
17746	288	29135
15409	288	18988
15667	258	15712
19279	325	28541
16901	325	28909
27913	278	20808
13597	325	15883
16083	325	18639
18293	325	19228
20966	325	13130
11431	325	15724
26812	305	29763
16174	325	25850
15950	289	28088
29667	254	11901
11932	252	17301
16783	325	13278
28212	288	25733
11506	263	12588
26019	254	17897
26473	325	20115
11647	231	19871
25544	288	15492
25984	217	19446
20207	278	27569
17343	237	17542
25702	325	29751
10751	325	27876
13784	263	27517
15736	325	13680
14659	325	29259
18033	325	13872
17350	325	13773
14412	254	20666
12196	325	10682
13534	227	12315
18191	325	28045
14215	263	18884
29548	288	28092
11798	258	29789
17277	294	14898
18246	325	13376
19716	227	14904
14342	325	11917
13730	252	13870
29713	325	29579
26965	325	28045
10618	325	12243
13015	258	20636
13865	317	17897
12899	325	29789
26154	325	12428
15844	258	12715
26248	258	13276
11106	254	17897
19725	254	13417
26638	325	10595
12517	325	27059
26663	325	16235
10859	254	19850
27955	254	16171
18040	254	14126
20001	252	25678
17162	325	17314
11039	261	29342
29311	325	17314
16298	239	17897
20255	325	15396
20221	325	12820
18179	254	14126
28506	258	12274
14819	268	20248
11327	223	15908
10745	254	20248
19788	325	11087
12495	254	28149
28900	325	11085
20091	254	11901
20283	220	14609
19204	278	11084
11281	220	13521
15493	325	15724
11574	254	20666
27581	220	20994
27748	258	18036
14241	258	27473
18801	254	28149
10757	254	12404
14084	254	20666
29663	239	16065
13824	288	12076
25903	325	12910
17860	325	27876
20864	268	14459
26751	278	28500
25799	325	14072
29326	254	20248
26334	278	14376
14238	268	13417
10777	258	15198
14655	325	29998
17173	325	27473
25632	325	13278
25600	325	28089
13348	294	27533
16904	268	11551
29068	325	15417
16419	325	20794
28888	325	16726
29511	325	28527
10789	325	28538
12340	325	12184
15046	288	16432
26944	323	28746
10812	219	17897
12101	325	20219
29551	268	11901
11106	325	14465
20366	325	16235
14744	278	27473
18382	268	17897
28792	288	27569
18829	254	29125
10772	258	26350
19624	254	20248
16182	325	13470
26366	278	16388
28046	254	17640
17809	254	17897
26011	325	28184
26988	325	13470
14777	254	27404
17566	325	29833
13153	325	15744
13820	325	18988
28265	325	15234
29771	325	18182
14506	288	27472
14731	325	13495
20490	300	11390
16822	325	18726
13079	317	27350
19507	254	16171
16244	211	20605
29965	220	17217
28163	325	18571
27776	288	29546
10999	282	11737
11113	257	29682
19881	254	11996
13019	258	28072
13914	325	19465
14502	297	18403
26046	325	15180
17302	257	27359
17881	234	19125
27388	288	10715
27982	254	13096
15012	254	16171
27447	325	16235
14008	264	13638
16187	239	29125
11034	325	16740
17974	325	13278
12506	231	20824
29891	325	13376
13318	325	14941
14217	325	13574
13748	288	27743
12504	325	17800
16908	230	16908
28097	254	20248
13728	258	26144
20686	263	19356
11474	325	27569
26673	279	12897
27358	305	11797
15664	268	14136
14803	278	27473
12016	254	26188
17925	325	14372
26993	325	19565
16029	254	19850
28771	258	20290
19611	268	14136
12360	239	18550
11053	304	14534
13488	258	12910
19562	325	15028
18534	258	14941
19611	254	14136
17757	281	13596
14298	325	10686
26623	258	14372
29666	325	25602
26519	268	28149
12906	325	26386
14238	325	26878
20267	268	11579
28888	325	29789
29811	254	19966
15829	278	11917
25580	307	20248
29291	325	27080
29742	325	19889
20785	220	19464
26131	280	11784
15108	258	29579
12802	239	29125
29043	252	13296
17515	258	14625
26496	325	15234
14858	288	18319
19254	258	13507
28212	325	13108
20669	254	14459
12133	325	10716
17539	325	12428
28238	288	29926
25724	325	10682
28088	254	14136
28524	252	11052
13590	258	27948
28552	325	26740
15151	281	15157
11740	254	19979
29954	278	12076
26775	325	18988
28732	325	16454
20777	325	29259
12733	325	13773
11099	325	18988
16450	263	14105
20089	254	11901
25585	325	29941
26227	258	29941
19137	254	14548
18732	268	27394
13631	316	18449
19532	258	19228
25727	325	14611
12319	257	12097
15991	288	12846
27123	252	10706
12543	317	14126
20024	254	13168
11931	257	29648
27087	325	11917
29417	325	17458
19935	325	29751
11207	258	20636
11812	325	14494
26957	325	14855
12486	223	27806
19974	325	17139
12795	325	17139
16453	325	11085
27578	325	19676
16099	325	19561
25915	288	16726
11742	325	15396
17773	288	10943
13415	311	29032
14973	222	16348
14173	254	13168
13471	325	11537
11189	294	20932
13177	325	18124
18154	325	12428
20135	325	26350
17757	281	17251
29495	323	11696
27745	239	18550
17220	325	13495
26427	254	19714
17900	294	15306
16597	254	16171
20523	254	13185
13776	325	20428
18204	258	14075
18915	268	14136
27630	258	20115
15315	254	11901
26859	278	13723
11258	254	18157
12736	278	14191
14131	254	16171
17421	254	14126
13328	254	19967
10604	258	26783
20661	325	26724
14094	239	11901
12992	325	18104
28961	278	12788
28558	325	29998
29103	325	27983
14570	268	12404
15228	288	12928
20008	325	29751
17235	325	18988
12370	325	10932
18428	294	25608
27520	325	11872
16098	325	12274
29334	278	16728
20136	304	26457
14298	254	14459
12817	325	17554
26248	258	26878
18845	325	20338
13971	254	11901
19120	288	18182
18316	325	29320
19515	288	18815
12336	219	10607
12636	282	12832
26996	325	10504
19788	325	18639
26472	325	14771
12719	258	28184
11399	258	17635
27937	325	10932
11246	325	12520
20144	325	20298
14816	279	27924
19710	254	14658
15844	258	10986
13879	305	15134
25917	280	12064
14929	254	16171
20257	325	17139
26944	222	16348
27435	216	16573
16727	325	15180
15449	325	25602
25949	325	18104
14274	325	27059
20021	258	26386
25968	254	11579
15810	254	12871
14496	254	16065
15160	254	20248
27001	325	27569
10864	325	14372
20397	288	18104
15161	325	20991
11937	254	17814
28211	258	10595
17927	252	28055
25935	325	18797
16779	288	14072
12567	254	20248
25664	254	20248
12609	278	18797
19102	325	13236
14520	300	10545
18097	254	29308
29017	325	19135
10912	325	14633
28922	325	18104
19898	325	26223
14801	254	16171
28922	325	12428
10885	325	27876
11620	325	15565
16202	325	29998
27283	254	29125
16312	254	28149
14450	325	19992
20631	254	20666
15975	325	16270
10781	288	17825
28938	235	27790
27504	325	14633
18206	325	28184
15141	254	20666
11805	282	13049
11681	239	17897
16604	325	19565
27597	325	20169
17244	220	26245
11954	288	12820
29654	325	26043
16652	325	18571
20859	288	20022
13571	254	14253
13266	268	29125
13581	239	29125
27418	258	16824
25839	325	19736
15899	231	16554
12567	325	14465
26175	258	14782
29100	231	11167
14744	254	20248
16764	325	18606
25823	325	26501
29349	259	28417
12970	222	19897
15727	214	20995
18531	325	27743
28845	288	15180
11221	325	13773
14254	325	15028
27069	268	12404
13054	251	16338
25706	239	16685
17850	219	10607
12450	325	20930
11403	278	15724
29127	325	17635
11225	325	26350
15285	325	14458
29548	325	14458
14185	257	28773
16536	231	14378
26737	254	20666
20725	325	26386
16682	325	28538
27868	325	28216
19403	258	12243
13883	305	12404
18894	325	19187
18593	325	12910
26473	278	25602
19384	325	18036
16705	231	13641
28474	325	27080
27302	325	11085
12482	325	12662
26385	325	16388
28753	254	25637
11281	252	16677
26268	254	12871
13714	325	27848
27763	268	14136
19846	254	20248
25923	325	16726
13115	278	18571
29986	325	12928
13424	280	15743
26457	217	13063
12504	325	17825
20813	288	15180
15155	325	11004
12808	288	28089
17389	325	16235
12893	325	16789
18435	288	26589
15837	325	27569
28860	254	16171
13869	278	18797
13590	325	19228
28342	325	17494
26267	288	29744
28278	325	17139
27843	254	11554
10705	254	19979
15206	288	12244
17679	259	14368
16294	325	25602
11397	325	18571
11415	254	11901
12882	219	17897
12516	254	11901
28938	317	29125
11355	258	11179
17591	243	20666
12148	257	15142
20332	325	20794
10610	325	18639
14597	325	14191
19633	325	27569
25989	325	10943
20125	325	26575
17814	250	29443
26397	254	11901
16880	254	11901
13230	280	19182
15969	254	28149
18106	325	20032
25544	254	16171
20575	306	26880
27505	325	16942
19371	254	26188
11109	325	26589
20636	307	15728
14345	278	20636
15679	325	20452
26399	325	14191
27743	214	17372
29236	325	11085
20660	325	27569
29672	273	11213
18089	294	16878
12223	281	18898
14759	325	29899
14688	325	18726
26521	254	12871
19059	288	13773
25624	231	20643
13145	258	18815
14711	325	28045
29690	254	12181
29500	278	12500
25663	263	26297
18387	325	13698
25552	325	27334
18950	288	29899
15775	325	28053
17250	325	27743
26958	279	27924
17146	325	26386
29346	325	12076
12393	235	14136
17777	216	15420
26408	325	12243
15187	288	15492
10717	325	27915
17765	325	26084
10822	325	27569
29535	325	25928
27840	268	29125
18960	258	14465
28948	325	16789
28765	254	11996
15749	325	12297
20509	258	16471
13659	280	28390
10514	278	11085
29972	325	28072
17932	317	26188
17228	325	13773
17712	288	15565
20302	278	16388
17884	288	29259
14418	325	29998
16021	288	15744
16041	254	13185
27118	325	13872
17586	325	29926
27917	254	11358
29166	288	17278
18997	325	13872
12878	325	11087
12499	325	12243
28398	271	10828
26770	325	13495
11020	325	27743
15164	325	10652
12898	278	12244
28627	316	27288
16648	220	18932
15276	325	13376
28132	254	11901
26613	325	26589
15312	325	19635
29709	325	17635
11044	307	25522
20304	288	19885
28851	252	29339
20526	325	17652
19999	325	26999
10845	325	14689
17533	254	16954
19818	325	25944
20772	258	25944
14853	325	16728
12005	325	28045
18545	254	16685
11197	288	20219
11393	258	28089
13791	325	16454
11503	288	13236
26277	325	19719
11203	325	14075
10589	254	16081
26691	325	20782
29163	219	20248
11881	268	11554
13640	220	19467
12682	325	27747
13914	325	15106
13232	325	18726
14142	254	11608
13255	278	16388
16950	288	10715
16591	254	14459
28495	325	11811
12464	268	27081
20292	288	14820
20196	323	16973
13375	325	25602
18870	213	20567
19493	254	19208
15206	258	14458
18197	325	20574
29505	288	20115
29009	325	14611
15419	268	11901
11815	263	20737
19249	254	10796
15705	325	16495
27178	254	14459
20185	254	28149
29512	325	16371
12042	325	15234
17046	254	16065
18086	260	11098
12835	231	27912
26730	325	26724
16379	278	27876
27789	280	18438
14727	255	28808
26335	288	14941
26288	325	16874
26423	315	13978
19949	325	15277
13445	325	16235
18175	227	28174
27325	278	14458
20366	325	14372
11270	325	11734
18189	325	18988
20077	325	14611
12493	325	14465
26108	217	19388
19308	325	29047
17220	325	19561
12517	288	20871
12943	325	25586
18284	325	17458
14410	325	20871
20337	220	28690
16227	325	12243
19973	325	18182
15500	220	27261
27421	325	27059
20792	325	17021
12097	226	27540
20156	239	16171
15268	325	16235
27719	252	14042
12961	220	15316
19655	258	26043
13916	325	20219
18002	254	14126
16521	325	12500
14786	254	13670
27117	288	11811
13502	258	13108
27763	254	26564
13535	325	11811
12724	288	20609
15982	325	29751
17323	325	14372
11373	325	12928
19287	258	18281
20537	288	17825
11399	258	16614
20777	254	17897
12794	239	27517
12502	325	28184
14781	288	14458
16691	258	25662
20660	288	13470
13238	251	20838
15244	325	14689
16193	261	14804
14736	278	20636
20571	325	17651
20515	258	25619
14800	325	11778
26459	325	27712
25966	254	11901
13006	254	14126
19806	325	15744
15549	325	12411
25713	325	17460
11791	258	28905
26272	252	18116
16297	325	28092
12295	288	14276
16414	325	27101
20999	305	18880
28638	325	20298
11651	252	18528
26518	325	16148
12861	288	27569
13859	288	20219
12779	220	17658
27617	254	14658
13252	258	29744
14660	271	10558
26516	254	29442
29191	325	27080
11719	254	25647
28094	325	14941
14050	325	10595
27256	254	11554
14226	258	14276
26714	254	13239
14802	282	11497
17529	325	26589
11285	258	15075
14573	307	28751
19412	252	10963
11720	325	10652
15640	325	11004
15729	325	20219
11097	243	20666
27684	325	20545
27180	325	20219
11022	252	26591
14627	325	15744
16437	258	18726
28993	268	11458
12922	325	11786
19383	254	17897
17368	288	28236
26276	325	18578
13860	325	17635
26475	288	13588
20748	325	12788
17577	278	29387
28131	231	13366
20348	220	11619
29848	316	11897
11588	325	16942
27383	254	29125
18417	220	16594
16753	325	12910
25601	258	29998
11107	219	11900
28589	255	14044
29820	268	14459
26219	278	15028
17860	325	12820
20588	288	17460
15123	268	20248
16302	288	12428
13229	220	19771
19857	288	16235
26637	254	13185
10988	325	19465
18448	288	19563
18714	307	20358
26571	271	28090
11917	307	18341
25519	325	28459
17773	288	13470
20162	278	25662
19559	220	20850
13402	325	13960
29281	325	26350
12218	263	14126
25607	325	13376
20928	325	29751
28979	325	10652
12968	231	13759
29049	258	16454
29938	325	10606
27826	288	14465
14946	288	13470
16599	325	20338
15520	325	26179
12656	325	12428
28211	258	12500
13620	323	28746
28003	213	14054
28836	290	27924
11207	288	28236
29782	254	13239
20789	268	28727
12133	288	29751
18554	278	16388
14001	278	16388
14012	325	18789
13384	288	13044
16504	217	15927
16395	325	20169
28992	254	11901
29297	325	16726
17362	325	20636
12077	254	13239
28153	316	17565
19323	288	16824
25542	252	20842
19265	210	10539
27477	288	28341
28667	325	13680
11823	219	11901
29167	325	14075
13436	254	26837
13408	254	14459
27677	254	20027
13022	325	16874
19892	252	20476
18353	325	10595
16237	278	11085
27658	325	14072
26931	325	20636
18008	254	27391
12704	258	18124
20990	325	19904
18543	290	27924
14391	258	11085
27621	258	28635
27180	325	12428
17188	325	13236
18546	258	16471
11047	325	18988
26727	325	17992
18928	254	12871
27724	288	11786
15594	220	25686
20527	254	13185
20873	254	28149
25643	325	13680
17562	325	15234
15896	325	19676
12402	254	17897
29515	258	11811
26455	278	26179
27891	325	19885
27526	220	15334
16326	213	27437
11105	288	20452
11634	325	12200
19861	325	11778
19442	325	12822
20611	219	29763
28668	325	11179
28305	325	18887
18855	235	28862
11338	325	13588
20880	325	11811
29929	215	13216
13837	278	12243
26138	325	28976
11612	245	13483
16005	325	15028
16178	278	10932
27230	325	26724
28310	258	14072
19812	325	13872
26029	325	17021
19249	325	14917
27759	325	13108
27733	325	18988
27288	318	27442
29849	281	17993
29731	325	10595
20597	254	17640
28937	239	18550
15257	316	18242
19299	325	13121
16138	278	18726
26356	278	11756
10946	254	11996
16876	325	14771
26628	271	28297
16684	254	28030
28693	278	13495
29585	282	11497
11424	251	16539
28692	252	25688
27106	211	20658
28386	231	11433
28850	325	13236
27485	307	13871
29454	258	29427
11174	325	12782
26368	254	11863
15981	325	12522
19560	294	19863
28374	325	28045
19525	254	28149
11291	325	16492
18334	217	13847
11032	254	11517
18533	288	17634
14841	254	13185
28394	325	13781
28849	214	19978
12482	278	18639
18636	325	14458
19537	325	14465
10673	288	20820
20029	325	12244
28058	325	20022
29123	254	13185
19532	325	28089
12285	263	20358
11572	325	12820
25968	254	20666
27883	316	25943
15124	325	11811
13784	307	10653
16239	227	16853
19515	288	28184
17197	325	17360
29947	278	19561
27843	325	12822
14504	325	19565
13228	325	16726
26512	325	12274
25783	288	18887
18592	325	15907
19587	220	19262
15639	325	20219
11077	325	13470
17773	254	16171
20591	325	13680
20768	278	29751
25855	254	14459
14987	325	12327
26113	325	18331
10519	325	12715
29165	252	29994
12853	300	26100
16728	263	16811
12152	295	13120
28245	227	27376
15229	220	11943
12730	288	25662
12257	271	12979
15451	257	28773
27649	268	13168
11084	263	20248
26046	325	17139
18033	288	18070
16250	325	20032
27711	257	27359
14248	220	25834
12264	254	13185
28578	250	27946
28177	220	19240
14444	254	16954
14285	254	19621
14373	254	14459
17926	261	16067
13595	258	16726
17136	323	25533
29703	254	16685
27418	258	16450
28021	325	12244
14250	219	20248
13365	280	14000
11834	278	28092
12142	278	16726
19625	325	14191
28845	258	13781
28807	278	13872
15539	325	18331
29288	278	16726
10909	280	14102
12971	325	26350
14721	325	28089
17864	278	26043
19436	325	11085
26100	300	16203
27352	242	20198
18750	263	14126
17527	325	27987
19041	325	26179
17554	263	11551
20798	325	12965
25849	252	17201
18533	258	16789
20358	300	18499
29785	252	29573
20483	254	17897
19747	325	29135
15909	278	18726
27768	325	29259
12378	325	12500
17184	316	12794
14895	268	19850
17637	254	14658
19881	288	28905
20777	325	17635
16578	268	14105
13408	325	19889
17034	325	19019
19154	325	28504
14256	235	25621
25996	325	28459
17499	254	28149
19735	323	15508
26946	288	15724
26089	252	12998
11493	325	25662
26091	288	20032
15058	258	13278
14003	282	17993
14298	325	16345
13907	325	20870
20598	288	20545
19096	222	16348
20551	263	20248
10853	325	27473
16983	254	27986
12934	254	14658
18688	325	14458
14774	254	11554
17212	239	27517
12656	325	29998
26704	268	20755
28627	315	15318
17719	325	11778
12498	288	15650
11839	325	16270
14366	254	26188
25519	325	12520
29178	325	19248
11025	288	12164
26189	325	15180
19723	288	17460
13700	254	12404
13859	288	20338
13118	230	28491
17061	320	15955
11110	325	20590
17147	252	13013
17545	254	16171
19817	325	13588
16115	325	20636
27420	219	29125
12332	254	19451
19116	325	13833
15965	325	20115
26318	252	20462
14965	325	13376
26663	325	29135
26299	288	17139
11099	325	12500
26621	325	13376
18349	325	13470
29716	325	28089
13825	325	16078
19599	325	19465
12642	222	16348
12641	288	26322
11352	268	28149
20878	219	29763
20866	278	15106
17528	325	11085
18567	268	11901
16858	325	28341
18505	231	11452
25803	254	14459
15250	325	13470
13054	211	16745
13110	220	11726
15441	258	20286
26862	278	29546
19893	325	13108
15922	280	11761
11664	278	12037
13840	325	11734
14430	219	16175
17975	254	14548
17220	325	17360
29466	325	20551
28065	220	19695
27238	263	26830
10973	231	12045
20137	325	15396
19732	254	14459
17466	254	16171
26920	293	28356
16544	316	28857
11429	288	10636
20111	211	14110
20149	258	26878
29542	239	29125
20868	288	17625
18885	325	10506
26753	325	25807
10951	325	18362
18301	325	17635
15502	325	13574
26442	325	10932
12365	325	12118
19692	325	12820
15842	325	26589
15291	254	11901
26079	325	13236
26052	325	20289
14298	325	16874
18291	268	27065
29561	325	14034
15181	325	20338
17501	325	19465
17968	278	18726
18076	264	17964
14183	325	20298
11928	325	10986
10671	254	16171
11837	288	12243
11748	325	27473
28467	322	25837
10562	254	26265
14292	230	25671
11111	215	27335
13364	254	18562
25852	325	15218
28874	325	20794
17078	325	11085
27048	254	26033
17347	288	13044
25880	325	14034
27749	325	16371
15097	288	15565
17299	325	28044
13180	254	25621
29058	325	29546
18569	278	11786
20506	288	26043
11681	239	29125
28556	220	11257
18808	315	18251
29401	220	14244
13648	278	20636
29752	325	14611
17360	263	17897
26482	325	12428
28672	288	17314
25895	254	13185
27651	325	16388
26838	325	14611
19758	325	15180
20615	223	13929
14381	325	14075
13421	325	13680
25994	263	18722
18170	220	26941
14387	280	28205
28832	325	26757
20332	325	13108
13460	306	27121
17573	230	10646
15316	220	28704
16445	325	15712
18243	254	16141
13237	325	27361
14807	325	29789
20972	280	16557
25890	254	16171
13537	258	28092
14321	317	27044
13028	258	14633
18359	325	20247
28826	325	27059
25989	325	19465
13183	278	16235
12551	325	16471
17316	325	19885
13137	254	16811
18132	220	29553
10581	325	11085
13388	278	26836
11978	325	17825
19974	325	19563
19429	325	28460
10976	254	13185
15978	258	19020
14923	252	18572
19469	325	16726
12144	271	17993
17289	216	17912
15335	325	13680
28718	255	11030
12123	219	11638
25786	325	25586
17878	294	18913
15583	325	26724
18675	252	18149
19144	223	16212
11943	220	15050
12926	325	25619
16738	258	16824
20314	309	11191
26777	325	18331
28499	325	14782
11005	325	28092
25611	254	20248
20097	325	27080
16569	325	10652
13538	325	28976
12812	254	26188
15607	300	20222
13915	258	12910
18693	258	26322
28226	325	11004
14497	325	17360
28728	325	20115
20982	288	28791
17905	325	25928
18324	238	26899
20671	220	27166
17334	254	17897
16545	325	13843
26043	263	15094
17114	325	15396
27041	254	20248
29889	325	14075
19130	325	14922
28234	325	11084
19240	220	27673
19682	254	20248
12817	325	26486
17323	325	18887
20582	325	14458
19200	325	16992
18923	325	16235
18020	220	11281
15803	219	11901
14810	268	20357
17243	278	27569
28192	223	14641
12515	325	19228
12623	219	17897
16337	325	19465
12907	278	29789
19011	252	13532
18274	325	12928
10620	288	15712
13916	288	12297
26790	219	29125
28632	252	26470
20074	252	17775
14443	258	16492
27011	325	20298
28402	254	20248
14124	254	11461
12865	300	13883
19994	252	10944
17144	258	27059
17202	254	26188
28546	325	29998
17078	325	18931
13314	254	26837
16691	258	28045
17704	258	29751
11121	220	26774
16836	325	29387
15442	278	16728
26976	325	12500
26716	325	27712
28479	278	18639
29110	254	12871
17372	258	15883
14332	309	11631
19996	264	29117
26344	325	20338
20973	278	16726
19118	278	25662
11145	222	11532
14926	231	27944
17494	214	26806
29405	325	26350
29166	258	14782
10779	325	27149
16120	325	16270
28988	288	13723
27354	325	14625
13834	258	27712
16775	278	29220
12116	281	12670
16872	281	12020
10564	325	18036
19702	325	28236
17092	325	28089
20093	325	19736
26336	325	19719
29655	254	12871
28372	252	12969
15885	254	29207
15730	254	13168
17029	258	19635
26293	325	27738
26691	325	28092
28594	325	16492
20798	325	27902
15649	325	15180
11589	325	20574
25688	220	28692
29566	288	13394
29108	298	11554
20607	215	13831
10622	325	28045
26312	268	25838
28397	278	27569
14382	325	16942
12564	231	17557
17380	325	25733
29211	254	28727
14116	254	29125
16750	254	11608
11224	325	25602
16388	307	29812
27379	257	12845
10656	254	13417
10961	325	17314
12157	258	14075
19590	268	12404
10633	325	26783
25584	294	14702
18694	325	13376
29783	325	16942
14861	325	18931
26446	252	19822
27390	214	16780
26679	325	28045
13384	288	12105
20044	325	11031
29070	294	28602
29890	325	26575
12072	254	26297
26996	254	11900
18602	325	19719
14342	325	29751
19280	254	20248
17623	325	20808
18204	288	14075
13521	220	11281
12394	258	13376
26718	325	29546
11796	252	12204
18874	325	14941
18331	214	26746
15170	258	12820
16933	258	14917
15976	325	29789
12645	325	13872
12371	325	11811
12769	320	17897
25707	325	13236
13061	325	27848
15618	254	14136
20116	325	26713
26417	325	29546
27932	288	18085
25945	254	14459
26488	254	20594
17344	325	11872
17917	258	26575
10820	252	27800
27009	325	28551
12301	220	13896
20045	254	17850
28591	325	26073
26360	278	26970
26577	325	13723
15971	254	27075
11171	288	29899
17385	325	20551
29197	325	17521
29409	258	12491
28755	325	25602
19167	254	18880
29736	325	13121
28496	325	27983
10562	252	18701
12673	325	17216
17695	258	26589
26914	268	14126
18259	325	28089
25723	254	19302
26160	325	15744
11053	320	12871
17974	325	12820
29582	325	13680
11928	325	28053
19416	222	20892
27064	325	16235
14769	254	14126
28968	325	14545
14783	254	11901
28752	288	19971
18940	325	20930
26961	325	29899
17410	325	16728
16732	325	12715
20819	264	29380
17034	325	15744
18008	258	27805
12920	258	13872
29543	325	10792
14866	254	14459
18296	325	27915
18062	239	12871
18719	325	19889
20060	278	15180
26331	278	14458
12642	219	17897
15842	325	27473
12894	325	12958
14130	258	13044
12785	288	25602
19722	239	19499
29237	325	12428
10742	288	27948
28733	254	16171
19599	278	19465
20154	290	12897
29765	254	14136
13123	294	20355
28445	239	20939
28149	250	14459
18023	325	29998
20662	231	13598
27318	325	19465
12724	278	12522
25559	252	27957
13537	325	20551
16099	325	29833
14358	325	20347
25969	268	14136
27148	213	11030
17040	325	27929
27093	325	12928
18734	325	27080
28940	325	17494
26723	254	15456
11556	325	13108
12251	318	11579
18224	325	15744
12262	325	17635
12018	254	14658
28965	325	14072
17550	325	18281
28915	325	12244
12813	325	20247
28781	325	29789
27083	254	11901
16862	325	19971
18583	325	18639
17473	278	26984
12091	220	16546
27318	325	28500
20209	288	12505
12429	292	12664
17396	220	28007
20818	325	27569
13097	309	11438
17020	254	20248
12140	282	19410
11074	288	27569
27258	254	11901
14415	254	12404
15053	325	20574
26813	325	27743
17434	325	29789
18295	325	17899
13986	325	28092
27877	223	18884
18196	280	15994
19097	325	25619
20666	300	12266
28040	325	26393
17619	231	27969
28709	325	12820
20106	325	15697
12092	254	13185
28519	325	13781
28999	275	27757
18493	325	11002
16363	325	13680
13829	325	27747
19772	254	16811
16538	268	17897
29188	288	20022
26557	278	20247
17671	268	20248
26749	325	20522
16250	288	25602
16911	220	17218
10687	254	14459
19565	307	27467
10633	325	17521
14826	325	10730
17340	325	14545
17366	325	12243
20039	254	20248
16180	317	29442
19325	325	25602
18925	325	26451
28024	254	15007
10749	325	19736
29539	278	28500
13616	263	25621
28917	258	10595
18043	325	10730
28351	258	19635
14851	325	12218
25573	258	15724
15168	252	20672
18011	288	12782
13725	325	26757
27520	254	28149
17368	288	20115
26154	254	10607
10977	278	26589
13839	325	27805
12994	325	12105
17277	294	11866
17194	325	16078
13232	325	13773
15982	325	10986
14650	268	11554
16027	325	17297
28732	325	19565
28417	317	26625
15010	254	16685
19507	325	11213
27549	258	11085
19117	288	15724
26594	325	12743
10694	325	19971
20706	278	25662
26961	325	26179
25976	325	28527
28933	317	17331
13708	263	16134
27832	258	17825
14529	325	20032
25578	254	11996
19339	278	27080
14881	219	28149
27516	286	25665
26808	325	10986
12419	254	12871
13585	325	10943
16727	258	29112
15949	254	14658
16283	278	13121
11208	223	16057
27919	220	11201
17297	263	12871
14864	325	15106
20995	288	15727
17773	268	16171
18082	258	12500
15696	258	20930
19505	325	16388
14449	258	25586
16928	258	28791
25659	219	14043
12266	300	19880
17364	325	25529
12446	254	12871
10668	230	11296
28281	278	18931
19088	252	28132
27561	325	15234
20599	325	27105
14979	263	18610
10704	254	26188
16273	325	26928
27294	254	29763
14635	254	14459
28075	305	28437
19215	231	14871
11823	294	11808
20320	325	29789
14863	325	19561
14896	268	11901
10780	288	19676
14733	325	25733
25564	325	16942
11897	230	27437
28552	325	18226
11303	325	13376
28726	254	12871
29433	254	17415
15645	254	29125
27572	325	16235
26459	325	11734
18055	258	10595
13297	325	15307
29452	325	26878
26575	307	13616
15862	254	27044
15228	258	20551
12121	254	17897
18293	288	19719
20740	254	28149
26011	254	26265
11891	219	20379
19176	278	17635
16932	220	12023
20512	258	13698
25649	325	11068
27423	325	16726
29041	288	20171
18607	288	17314
28360	325	11085
11515	325	26127
19735	222	18506
18888	254	20248
29491	252	28829
26989	258	10938
26715	288	18744
16919	325	18085
12699	214	12995
28069	325	28976
19771	220	20151
27377	263	27350
27813	278	25602
29053	231	10834
25830	254	17897
26806	288	17494
15187	288	12411
20371	258	29579
16821	258	25602
26058	278	14075
10744	252	26030
20209	258	12505
25676	252	27581
25870	325	26589
10720	325	26444
29147	254	26600
27285	254	14126
27534	325	20032
16767	288	28092
19372	283	19092
19910	288	10506
10912	254	12871
28188	325	12520
26221	325	13376
27490	278	19420
12861	268	16065
20780	258	27059
15794	258	29884
13577	325	16078
11635	278	29833
29872	254	11996
11226	254	10796
12398	288	15359
17874	258	15724
29659	252	17018
14897	288	10563
12279	325	18840
18328	325	19420
27393	273	10715
17888	258	26589
13776	325	26386
18861	325	14793
28424	325	25602
15498	325	28551
14232	325	12076
13810	254	14658
19374	325	12782
20702	325	25802
19295	215	14605
25621	300	28071
16780	258	17849
12529	325	15492
27223	317	29137
17933	254	20248
17838	271	28158
26385	258	13574
19334	325	12076
27513	231	13737
19308	325	19465
17128	325	12037
14393	325	13495
17294	325	17314
11313	317	14265
28492	325	14465
17671	254	20248
29242	268	11662
29002	288	29673
29272	231	27513
16494	325	14611
13099	254	14459
18885	278	16824
20032	263	11901
26145	288	16471
18557	254	28108
12719	258	12820
19167	268	18880
20643	281	29856
13825	325	18744
18763	325	14705
19204	254	20248
16579	325	18226
27769	214	10532
26220	268	14459
13078	325	15234
18412	239	11900
14682	294	19545
15349	220	15594
25748	288	15492
17024	278	19187
14166	325	29546
26316	227	25627
19723	258	17460
11362	325	20247
11493	325	14465
26763	325	27948
27494	325	27902
26551	325	28216
19526	325	14494
16971	325	20870
11655	325	28044
18297	325	20452
27556	325	19328
27241	216	11177
29775	325	17360
12121	278	17360
13133	325	18988
15275	325	16471
26663	325	11786
15672	254	16171
14906	325	14286
12694	325	17635
12543	235	14126
29806	220	19487
14401	254	10796
29404	325	20169
12478	254	11608
11680	326	15185
15398	307	12828
16964	263	20248
14038	325	13376
15380	325	13843
11378	325	18577
19996	226	29117
13001	258	27569
15357	278	29941
20625	254	12404
13258	325	15106
11529	254	11608
20548	325	10682
16385	258	13470
19803	255	26082
28134	325	18475
26596	325	26144
28857	239	11797
18658	325	12184
11925	312	11551
14591	325	13108
18412	239	12828
12029	317	26188
29990	325	16984
29927	254	25647
27673	252	19240
25878	325	16450
17347	258	13044
15782	325	25662
13101	278	18797
15131	325	17314
28318	288	28739
17167	254	14126
18452	254	27986
17201	268	11996
20300	325	12928
16343	325	18639
14401	268	26188
17674	325	27712
17992	307	12106
16220	325	15724
18938	325	19228
19908	325	11085
19242	215	29634
13969	325	13130
20059	325	28045
18277	223	15820
27630	258	12428
28507	300	28414
10697	254	14030
27365	278	10595
27796	325	18726
12831	254	12871
11916	288	18362
25716	325	27080
13078	325	28480
13594	325	12037
28659	254	12404
12609	325	28739
11740	325	18887
17602	252	11848
28926	278	17245
25757	325	15307
28002	294	19166
28204	325	13773
25869	325	29220
29495	294	29850
28947	288	27059
15308	288	14611
10547	325	20169
25870	325	15646
13729	258	15744
12717	325	11004
18844	254	17897
19478	254	20248
13578	325	11526
28180	280	19314
14075	307	27854
18878	306	26186
13057	325	12076
29779	254	28727
15837	325	19971
29768	220	28449
28355	325	17360
18910	325	12500
27859	325	18714
15967	254	18880
28187	307	20690
11707	325	15180
29163	282	10795
17105	278	10595
10927	325	28045
20174	254	13185
26239	231	17099
26962	268	11330
17694	325	25733
15239	220	18241
15723	257	28907
28911	325	16454
11196	325	12715
11159	220	17945
20468	325	28044
19633	325	25602
26889	252	14180
29125	300	18506
17150	257	28756
26852	258	16726
13060	325	20338
16340	258	17825
16105	278	13843
14488	325	19082
28991	325	16454
14145	252	17911
26903	325	20636
29160	297	26495
17543	325	15724
17017	325	14922
13671	325	20219
13244	325	15180
14290	235	14105
11607	280	12102
29253	325	12500
19071	239	15918
29459	254	13417
25665	295	12294
28616	254	15134
17067	215	27735
10808	278	25733
26428	325	18036
25593	325	19561
17137	275	16609
18691	280	29101
19244	325	15075
28251	320	12404
20995	325	18988
25893	258	14276
29260	231	28487
15052	325	28272
26702	222	16348
14241	288	16267
28696	325	18036
27267	325	20169
12779	252	19007
26584	288	27266
16138	325	20022
18493	254	14459
28364	257	16737
13075	254	12871
28710	252	18013
29424	325	12522
20982	288	13495
12792	294	18497
17854	325	15492
25915	325	29546
11849	278	18571
12084	282	26649
19040	325	12076
15807	280	29273
26272	254	19479
11281	220	18020
12705	325	14611
28803	294	17047
20821	252	25542
28385	254	20248
25641	325	10939
18263	325	27473
16924	288	20169
20138	278	12928
13792	254	17511
29957	325	19635
27014	258	25662
12954	295	12632
13575	288	28338
26220	325	16078
16395	325	26179
20756	254	14126
29099	325	29390
17508	325	12164
29002	258	14917
29555	254	11608
29141	325	12662
20506	325	29751
17023	254	16171
16023	252	17924
16417	325	17360
14007	217	16834
19824	325	16235
15115	258	13121
18177	258	27472
10735	254	14459
20882	325	17635
20145	325	19465
27244	254	20611
15512	325	20609
17357	278	19561
20610	257	29648
28673	325	11004
11407	254	25637
17462	254	14136
28212	288	11811
29950	325	18104
28745	252	29695
12162	325	29387
28708	282	25520
19465	263	17897
17570	254	11901
25505	288	13376
13504	325	27569
14663	254	29125
14048	282	16159
17597	325	16726
26266	258	11085
10631	325	19885
20372	288	14465
17988	325	13072
10983	325	28719
25819	254	13185
27484	325	28072
11224	278	20115
26238	288	20286
28193	231	16342
18120	325	15028
11820	288	17966
25809	325	12820
19312	252	11097
14003	271	17993
17605	254	14459
19944	325	14075
14087	325	20574
18057	325	29220
25699	325	20115
20817	258	12520
13450	257	13352
29860	223	27078
29771	254	12181
28534	325	13495
15972	227	13726
25515	325	16061
19650	254	11461
11142	325	12820
28773	264	25933
29527	288	29751
27877	223	18550
14514	278	26589
11731	325	26757
10771	325	12428
16120	325	26724
14577	325	27377
12304	325	12076
19248	263	10539
10721	325	12428
15326	254	14459
20919	254	17814
19717	268	29125
20494	223	18795
12657	325	19328
12859	246	17506
25553	325	12076
20666	300	29274
16579	325	16078
13557	325	14633
25665	254	11554
17710	254	20248
10861	325	29902
12917	325	12200
12773	288	29751
14965	325	25928
19632	219	14126
27811	254	12871
14425	254	16477
10990	325	15712
19306	325	18104
19730	268	26837
26680	252	16382
29448	254	16171
17610	223	18795
13211	219	11638
17570	254	28438
18405	268	17897
13340	226	11847
11660	231	19729
14765	254	11901
27438	217	19076
20140	252	27676
11079	258	26179
17848	278	15180
19173	324	15401
14744	258	29751
28995	254	11638
27271	254	20594
13807	325	29420
15442	254	13185
14863	325	11872
14186	325	16078
14990	325	16492
26245	252	17244
15239	268	17814
28277	325	16148
11291	325	12076
17193	325	14922
10540	276	25549
13492	325	16874
14313	288	16492
16470	254	20594
11125	254	10796
26934	325	27948
11943	252	15229
26464	325	26144
26317	258	26386
14655	325	16726
12548	255	19618
26463	325	19565
14762	254	11638
16242	294	29733
11748	325	20219
11092	249	20236
11337	278	14697
11706	258	27473
18155	325	12500
12931	325	15028
18348	325	13059
16456	325	11266
20593	254	28149
17764	258	10932
25725	288	29743
29011	278	27473
12614	280	29949
13700	258	18639
13298	325	19020
13080	325	11002
16300	254	13185
18257	325	14458
14373	325	14191
25711	325	16090
19287	288	18281
28542	223	17897
28383	258	20286
27050	325	12076
16095	254	27044
17525	325	19563
25977	268	11996
29081	290	14606
17841	325	27769
13118	261	29384
11804	254	28149
12452	258	11085
29592	325	27948
11914	288	20286
10564	325	25733
12727	325	20636
26516	252	29361
17194	254	28727
26899	211	11424
26709	254	20248
15026	258	14465
28798	288	29926
12151	325	18085
17478	254	18424
16624	325	26856
12447	325	13872
14097	325	13376
12416	325	16728
11248	258	16235
27539	258	13662
12014	288	12428
18204	288	20452
13804	278	18797
20009	325	25602
27785	254	19850
16508	288	16061
28346	304	12744
19057	288	13541
29376	278	20184
14736	325	18726
19482	254	11901
26442	325	28976
29404	254	17640
26530	325	29220
20252	254	27517
13794	288	19889
16862	325	15883
11525	325	17825
18158	254	20139
16211	325	28184
26201	260	14454
17499	325	26878
20586	325	26144
19607	278	19328
12150	311	29032
14910	268	11901
26540	325	16078
29280	288	27614
13346	325	11917
26583	278	13470
20894	288	15574
17011	254	28149
27808	220	17165
26194	257	17993
11207	258	29259
19974	325	27983
15749	325	14458
10971	325	27769
26271	288	20169
15749	278	14458
15345	325	29751
10922	288	29320
27322	325	12428
27425	258	16728
10617	325	12076
26238	258	18797
17797	325	27902
18172	325	18797
25951	289	11744
18295	325	19335
18956	325	27747
29191	325	28045
29314	325	14465
10758	294	29887
28389	325	14922
25930	270	12871
18607	258	17314
19090	268	11901
20941	288	19885
18055	288	12500
14920	268	14459
10869	220	27660
25690	252	28764
16348	305	20248
12455	325	13030
18343	268	19850
17162	325	14075
26471	268	18007
18439	325	17938
13902	227	25808
14235	288	29135
17327	268	12871
13922	325	27569
17219	252	26105
27147	288	14372
29140	254	18418
20166	282	19779
26035	231	29479
11627	325	14633
17526	266	19164
26898	297	18403
13303	254	14658
17673	235	13882
17974	278	13278
19081	325	19561
19059	254	11461
27771	325	12958
14622	325	26878
19322	299	28908
12774	288	20169
13454	325	27377
17005	325	25602
28562	325	13773
12130	280	15150
12364	254	11901
20048	252	25828
29852	239	11901
17485	325	20115
27586	325	29884
13242	325	27390
17152	325	28500
18457	325	20930
28585	325	16270
19955	254	16811
27715	252	28384
29207	300	17461
19858	325	19869
17063	325	25619
27354	325	13773
18765	325	18281
14491	252	13176
14776	251	14110
11076	325	27805
16954	300	29898
19280	325	17139
12012	254	14658
28809	258	16432
13126	220	26105
12764	325	16195
13783	279	12897
16944	288	19719
19347	325	20636
13341	254	13417
12232	325	20522
17686	268	11996
14458	263	11901
16335	271	12276
27567	278	12500
13087	252	29439
19754	325	17635
13256	280	14003
11524	227	13487
12458	254	12871
12879	231	19001
19477	325	20522
29303	325	10595
19949	254	15134
19185	258	13723
15011	316	26919
16512	273	29257
25891	294	18713
14931	325	14191
20617	254	16171
25768	304	10856
10597	254	19850
10655	278	20572
27480	325	27915
13683	254	20666
17185	239	12466
12133	258	13376
26833	258	19565
27375	268	19850
16976	258	12076
29863	258	15075
26389	322	13749
26349	278	28089
25566	325	12500
25619	214	18977
19231	271	29650
13550	294	20937
12113	325	17899
16800	325	13843
26878	277	14619
28463	325	28504
26532	325	10986
15395	325	16270
11073	325	15724
26430	278	13723
14827	271	28158
13230	257	17993
12326	325	15883
20445	325	29387
11036	325	12965
28597	325	12297
15633	325	11085
18808	315	20070
27731	325	12820
13443	325	20286
29783	325	10932
17293	288	15724
20161	288	12500
14312	325	17572
10536	325	29884
26580	325	17572
11043	300	18506
17685	325	17314
10895	325	29135
17892	325	15492
15123	258	27059
18568	310	13185
28966	325	14458
19243	223	27994
13829	288	20930
28630	325	29546
26475	258	29259
20421	288	10595
28923	302	28722
25601	288	29998
13446	268	11554
16842	239	16685
19515	258	10606
29301	252	29723
14465	214	27382
29027	258	25586
16469	325	14611
14770	325	18226
14157	254	17814
19232	288	29751
29969	325	16492
28590	288	28791
26152	257	16737
18189	325	16492
12626	220	15144
13170	231	13355
19429	325	27614
17883	258	27080
19351	254	29125
29919	288	16726
17883	325	12520
13141	254	27044
28857	316	16544
15050	252	11943
26896	258	20808
12821	231	28636
26301	278	26127
29127	278	17635
18552	325	13108
11304	280	18508
14236	325	18606
19852	254	18880
27857	325	18726
17512	288	29320
12208	258	12910
28830	258	18931
26485	318	28370
28602	268	14136
27228	254	16685
26421	278	12076
29890	288	15106
15166	288	14782
13963	252	27094
13110	254	29186
28273	325	29926
10679	325	13276
27315	325	28089
20440	325	29941
29680	258	14922
14051	325	29998
28534	325	13816
10817	257	26151
18073	325	28224
12333	280	17942
27905	258	29578
11131	254	11554
19366	325	25619
29926	307	18750
13261	325	27569
17622	258	12105
12163	325	17651
14951	288	10563
29901	288	12244
14689	263	13415
27724	258	28187
16530	238	14110
10970	239	11901
26609	281	18091
26517	317	29125
20876	325	12428
12044	288	16270
28049	325	16450
29679	325	20032
29620	254	11996
27024	288	17458
18082	258	19328
11399	258	19885
13507	307	29207
26910	220	20901
15969	268	14459
27648	258	12243
26975	254	29442
17064	254	18242
20776	325	11786
17028	325	27915
28177	252	29821
18410	325	14528
10540	282	12832
10701	254	11608
13056	263	11461
13397	254	11901
15458	300	17692
18765	278	16874
13860	254	13185
27241	239	11901
20151	220	12739
19742	258	17360
28815	325	18887
18589	254	20666
27880	325	27876
12454	254	18880
11652	325	19565
18075	254	11608
16301	294	29854
16713	325	29259
28247	278	27846
15318	239	26371
19446	268	13417
14988	325	20808
27784	324	12382
14005	325	17635
29882	223	13657
15020	325	29789
14259	325	25944
29325	325	12491
12601	263	13239
12923	325	18988
13196	325	25602
15014	325	15744
16132	254	11551
27740	254	28149
29622	268	16685
29927	252	18041
20563	306	29960
13916	325	10595
19565	214	17246
26368	325	26878
12827	325	15307
15067	258	15724
14815	258	20551
25574	263	16171
13099	325	18571
11667	254	28149
25867	252	17318
19623	288	10904
20647	325	13680
12814	278	16728
11482	254	17897
16903	254	20666
26053	258	19228
12110	325	16728
15316	220	19987
17368	258	15180
16595	220	13088
29561	325	20665
28212	258	11811
17287	254	19850
13435	325	12076
26392	325	18639
26142	219	12828
11680	254	11901
15160	288	10932
16804	288	20286
28461	325	12500
20390	322	26376
11616	278	15028
19962	268	11901
29486	325	13843
13570	325	12601
17924	220	16023
13603	325	25733
20460	325	27848
18113	288	16824
19134	325	18070
20674	258	20286
12621	325	12428
20493	223	13657
16840	254	20248
19086	325	20219
17048	254	16171
26288	325	25629
27964	305	10796
18404	254	27404
28061	325	16432
12785	258	20032
13836	254	10571
26961	325	15712
19205	288	28045
15209	325	27915
13101	325	18797
16317	325	11778
20772	288	13680
11722	219	13168
26684	288	20871
11207	288	29259
16495	307	20744
15452	325	25899
17636	258	28045
29794	325	11004
26195	254	14658
18690	254	29125
13780	254	20584
14404	254	28149
11433	280	28386
20421	258	20219
10659	325	29941
27579	258	29739
20405	325	17992
19849	325	18182
29628	325	25802
18847	254	28149
20532	325	27915
29879	290	19630
20001	252	29206
19353	325	29135
18716	325	20290
17555	235	16171
13000	258	18571
19892	268	11461
16735	315	26261
15741	223	26905
26234	325	14494
11056	280	19079
14855	214	17812
13213	325	29789
17909	288	17966
10612	325	10939
28169	280	28077
15327	325	19328
13256	281	17993
17749	325	27876
28352	311	25930
13547	325	26228
19603	325	18988
12069	325	26350
19760	254	20248
16598	278	18726
16728	214	13934
16923	280	28001
29984	252	14557
17235	325	26073
19684	304	15456
18155	278	10595
28119	325	26179
15131	258	17314
29897	278	20545
18008	288	27805
17609	226	17324
16375	280	15338
26135	220	20476
14450	254	13185
14445	235	27044
11607	231	18088
19321	325	16874
27640	307	19850
17122	325	25733
16448	223	28493
15056	325	16270
14857	325	14611
26114	252	14919
26952	325	15180
12189	258	14458
28787	325	28089
12609	254	18985
29076	325	16345
19374	278	26970
15392	254	16126
27549	288	11085
26655	320	17897
28870	325	29259
26017	325	16270
15460	325	17460
26969	305	16954
17898	252	19400
15139	254	29763
29250	254	14459
27689	325	13574
16736	325	15773
17235	254	18880
28668	258	11069
25961	231	29435
25522	273	11044
13771	254	15772
28129	280	20961
26826	288	27848
14299	258	20298
12887	325	15724
26912	325	26386
11827	325	28541
26961	288	29899
18266	254	26837
14637	317	29860
26388	325	14782
27050	325	18726
18705	254	11901
14052	325	20409
16579	258	16874
16933	258	13276
29505	288	17635
28755	325	20636
28317	325	20298
15254	300	11852
28375	325	12428
25709	325	10652
12135	280	29521
14019	294	29606
15015	288	19565
20581	325	16270
11317	258	18931
15003	325	13300
10943	263	17897
19515	325	15724
28145	254	25621
10815	325	13121
17461	305	17638
11509	325	19565
14513	257	27359
13851	254	20248
18648	254	26217
13712	254	17814
28572	288	14611
12923	325	20219
28954	231	26452
19146	258	19420
12638	297	10656
11749	254	29442
13194	293	26697
14905	252	18717
28009	325	13309
16379	325	27876
16868	325	14075
11788	271	28025
26609	282	17993
20408	278	20522
20108	294	16484
20856	288	12958
13189	325	13773
19942	263	29125
26102	271	15163
14845	278	13108
17808	325	14458
10657	254	16059
20539	254	14126
15631	220	18245
14190	254	17897
16320	239	16685
11568	278	20452
12453	300	17461
14478	288	19420
13017	258	27902
16333	325	28044
29063	281	10558
19928	254	17897
15769	288	16824
17726	325	14465
15629	254	11604
16365	223	13168
17437	258	17021
26286	325	11811
14449	252	19721
18974	325	28089
25569	325	25662
13928	325	28089
20928	325	16942
14324	288	26350
25647	219	17814
26517	235	29125
11872	263	14459
25732	325	10595
12116	271	12670
25764	282	18467
10777	325	17360
16265	325	28044
10884	304	12744
18665	315	28698
28811	258	14611
14933	325	16432
25847	258	11778
13244	254	17897
27878	268	11901
17198	254	14126
16040	325	19328
15556	325	17297
16814	325	19904
12924	325	29387
27630	288	12500
28388	317	14126
18312	325	16824
17328	325	19719
12264	325	25602
16383	325	20286
29357	325	14625
25572	325	27846
10918	258	10652
19737	325	13495
14451	231	13329
20999	305	18242
13717	325	26928
29604	254	14459
28544	325	25662
20739	325	15724
15696	258	11537
15977	268	14126
15170	254	11902
10564	325	28089
12772	278	19465
16871	258	17554
26286	325	28338
20781	316	17922
26894	257	28345
28878	325	13932
11206	325	15907
17602	252	14311
14140	325	25574
29129	254	11638
16177	254	17897
11864	254	19979
29363	325	18625
18925	325	29259
10763	268	12871
13809	325	15492
11425	322	27217
17774	254	10607
18777	325	18606
29124	254	20663
12218	214	17225
13868	325	15180
14952	325	13723
11189	215	25723
15718	217	13452
16521	258	29902
10978	325	15180
14003	257	17993
11648	325	18104
13819	278	14657
14438	254	29626
18524	325	16270
12113	254	14126
27295	254	20248
16762	278	12500
14410	325	28551
18641	325	12910
26972	325	16824
18369	325	11717
13820	325	20022
11771	235	11554
11824	308	16848
19571	325	18797
20012	271	13596
16928	258	11778
11725	268	14136
16633	325	12274
25822	325	27846
27942	325	27149
29400	268	28295
25575	254	20666
28624	322	25837
29971	222	20892
16742	288	17899
13309	214	28009
15987	254	27044
14124	219	11461
14112	325	28092
28015	300	18506
14586	268	11554
18476	325	16090
18284	325	16874
12232	254	26033
25703	220	17318
13975	258	14075
14020	325	29135
26794	306	16230
17053	220	17767
19498	268	11638
13370	325	20290
13160	325	28045
27524	271	17251
25757	325	26740
18273	254	13168
26678	325	20636
14015	288	29387
19758	278	18887
16437	288	18726
15722	258	20636
20318	235	15134
11753	254	13702
12972	252	15175
17388	325	20609
19163	268	16811
27255	325	27361
26689	325	11811
27281	288	14782
12323	258	20636
18867	325	28044
16975	254	28149
26757	263	28149
27367	325	13236
12698	325	10652
20306	325	28909
27689	325	13872
28173	325	14458
16858	252	15983
14239	220	15590
12498	258	12520
28298	325	20298
27273	278	13843
11794	325	28976
11442	325	10606
18527	325	19328
11416	325	20298
18220	254	29881
15901	281	28090
13533	278	12428
15906	325	12076
27062	223	17897
26204	325	20609
12630	325	11213
15450	214	10951
19910	258	13680
16414	325	16454
12921	325	12428
20533	278	28579
26013	281	20800
26812	300	29763
27455	325	25586
16542	288	18639
29267	231	10723
13815	254	11461
27249	325	29259
27174	325	29387
15898	325	15574
16847	278	19328
12682	254	27044
15183	325	26144
15230	254	10571
28430	239	20248
10532	288	13236
13916	325	20032
20941	325	12076
29706	325	17966
20473	235	19850
12050	317	13185
28622	254	19850
27493	325	20808
28581	325	12965
28276	258	29420
19320	325	13680
17144	288	17139
26299	288	10504
19734	325	18887
11416	325	13108
29670	268	19850
19868	325	20686
17277	245	25717
28575	325	15923
13501	254	20248
11920	325	20782
26460	325	16388
17806	325	14072
28427	258	27598
15426	254	25621
13326	258	29546
17790	289	18244
13828	258	11002
19826	254	13185
10929	325	14625
27965	325	14075
10901	325	28541
15206	288	14458
18677	278	13121
12035	325	14855
10551	325	15106
17335	254	25621
25613	325	25551
15543	278	28460
28411	305	17897
27899	325	17139
10624	325	18931
10781	278	11756
28925	325	10595
26047	254	17897
13443	258	26575
26423	239	28727
26390	220	18192
15501	239	29125
18429	271	20800
28156	325	28184
20292	268	12871
26931	254	20248
12335	325	13495
16596	325	12662
15116	325	13278
18074	325	25662
25564	325	11084
13175	325	17652
26863	288	28089
17704	254	20248
19325	278	20032
13074	227	27213
27074	258	25619
17280	219	11900
16767	288	16235
13836	325	17992
12489	254	10796
20544	325	18726
15330	258	18362
29482	325	20109
15246	254	14126
26857	268	26188
11484	220	20573
16429	325	28045
20880	288	18070
17506	254	14136
19879	325	27059
18632	258	11085
28610	325	27171
16996	239	18550
20585	279	27924
11289	267	26690
14181	325	12164
13562	231	26780
25748	258	15492
11649	325	20290
15082	288	13781
15660	325	29998
26313	231	15438
29252	325	28044
18031	254	20666
27481	288	20574
29252	325	15180
28071	305	25621
16524	281	12382
11870	268	20248
20821	220	28521
27225	316	25550
14212	254	28108
19910	254	28108
14129	325	17458
13736	258	25602
17136	294	18580
18096	258	29884
11490	325	27569
16822	278	14191
28657	325	14270
19605	325	20219
16679	211	20644
29940	235	20749
12909	254	16685
15566	325	20032
17058	325	12105
18015	254	28507
26887	254	13239
14506	288	18639
15711	325	13376
27383	325	15028
27475	231	20620
12133	254	20248
26916	325	29789
11393	325	20298
27582	278	20169
27530	239	26217
20712	254	12871
12291	320	18242
19108	213	27999
18204	258	13781
29540	325	19719
13553	280	27399
26604	220	19554
14090	325	28579
20440	325	18182
15482	325	25516
17298	325	15180
17309	325	25602
25810	325	12500
11957	325	26179
14716	268	29442
17102	258	19328
20661	325	13278
20381	315	18946
10809	252	14244
19553	325	14657
14866	325	18281
17416	254	25621
15994	231	18196
15121	325	17139
19286	254	17415
26646	252	14295
20559	288	25733
16302	258	14782
19458	254	15456
29222	325	20290
26267	288	18217
17896	280	18081
15250	254	16171
13316	325	12910
11977	325	12076
19232	258	19465
18056	254	29125
14327	258	28805
11381	254	16685
13454	258	26986
16444	325	14458
18895	325	27080
17684	278	20555
28679	278	13680
15784	288	18104
16478	258	29899
11889	325	27848
19321	254	28149
10735	288	16450
28747	325	18362
19502	325	28045
12415	222	18506
20455	325	14611
15320	254	11517
18121	254	29813
29694	325	11084
26767	263	20129
15807	257	27359
29784	325	11786
15806	325	25602
12210	325	12505
28369	325	27983
17952	325	12500
29039	325	27902
13031	325	18625
14488	325	20974
10993	325	14611
10534	325	28541
10553	254	16685
12102	276	25549
10733	325	16942
15602	254	19521
10802	254	29125
29167	325	15234
14114	325	26575
11762	254	16171
29681	325	26878
18623	278	11213
20366	254	12871
14283	325	26724
11536	268	11554
18688	325	10595
17835	220	19294
28285	223	27737
29263	258	26144
28928	271	13768
14845	258	27876
15524	325	28486
29586	325	13872
14609	252	20283
28186	254	15254
19063	254	20623
18051	254	14136
18896	252	11242
28387	278	15724
13165	325	13723
11553	325	12500
14815	258	18840
15155	278	20636
12394	258	13470
10878	254	16954
19632	222	16348
26474	325	16471
28130	307	12195
20985	223	15225
16591	254	28149
18848	288	14286
29171	325	11085
28720	325	20640
11534	325	26386
28159	325	25619
15849	254	14136
29128	219	15456
18826	254	20248
17637	325	20022
14351	325	13108
18583	325	29319
20766	254	16171
26561	325	16824
29114	325	12500
29667	258	17800
13826	325	18104
13830	325	12076
14344	325	16235
18182	214	19120
16464	278	28045
27736	325	17992
19998	325	17825
17469	325	14465
14528	307	14456
25664	325	18797
18170	220	14434
11683	254	12871
10712	280	29378
16689	322	26376
18961	325	12822
16698	282	10865
28752	325	15277
25940	318	27350
13943	254	20666
15443	254	20666
25699	325	16492
28416	258	27846
18003	220	20853
18534	288	14941
17504	325	16492
18351	254	13670
12923	325	19465
27503	325	17245
18809	258	20169
27501	325	25733
28616	325	29319
25968	254	18562
25605	294	20860
26658	325	11114
11511	268	25621
11222	325	27846
26645	254	20248
19285	325	12076
29510	278	14458
17595	325	13932
19132	317	16811
17541	238	13054
20838	211	27022
28346	320	10796
16869	278	18182
28636	281	27300
19470	212	10596
29326	325	15180
16991	325	28222
15367	219	10796
13889	288	18726
16032	325	10898
27114	325	16942
16821	258	12500
28013	254	20248
25513	258	12910
13031	325	14191
20162	325	12958
10748	325	17554
11940	231	20673
17306	268	12404
19026	325	26451
13886	279	27924
27440	325	19420
19541	325	13030
19727	325	12244
26345	252	26696
12262	278	17635
20047	325	12428
10532	288	13376
13203	254	11579
20509	278	20032
14308	325	14458
27405	254	12871
15410	325	20298
19970	288	12243
20506	288	19228
19945	325	17458
14907	325	28976
17064	278	27171
19483	254	12404
27539	268	10796
25505	288	10595
19326	254	28149
20331	252	17582
27380	325	17651
18448	258	18639
28123	258	15724
14879	325	15568
20279	281	29682
11949	325	13680
10849	278	17825
14215	307	26782
12187	325	25551
15999	278	13470
29344	325	29751
11693	288	19957
14832	254	13185
14916	219	14126
11231	278	20247
15487	254	11461
17644	325	19248
17975	325	17635
29562	325	18707
27230	325	13278
25797	258	20808
27809	325	14611
16684	254	25621
27878	258	16471
16472	325	20930
28625	278	27902
13330	254	11554
17598	239	26371
13171	281	27300
10698	254	20248
28029	268	11608
14384	325	11084
19131	254	11901
12568	268	14205
26544	278	13773
28835	268	27336
18923	325	15180
12870	325	16874
11284	223	11901
13686	231	13038
11528	268	11901
11564	279	27924
28705	325	28579
28486	307	26297
17144	288	20551
19585	258	15744
19457	325	12411
16708	278	18104
18319	214	16206
26637	278	29546
27335	268	29125
26771	230	28721
16118	325	20551
17466	278	20636
19260	325	28053
11399	258	26350
14041	239	12466
20862	325	12522
20844	325	18797
17122	325	13872
15024	220	20041
14738	325	12822
26748	325	25602
16742	254	16171
28036	252	19032
14318	288	11786
27235	325	19845
18663	325	25574
18930	263	10796
27653	325	26783
14683	268	26188
18857	325	10730
20276	325	13773
25517	220	13644
20045	288	26878
15764	254	16171
27187	254	11901
10606	214	17030
25833	235	11901
19916	286	12713
13556	254	20666
19890	325	28089
18658	325	28620
12707	325	20032
11816	254	14459
11871	254	13239
14440	254	17897
11791	268	12871
12720	325	27983
17755	254	26033
18935	278	26084
28917	258	14771
29804	325	18104
14670	215	29558
27985	288	20974
27896	325	20219
15362	325	12500
27428	288	27902
17901	254	16065
20715	288	29941
12044	258	16270
15582	278	18726
13933	278	25802
19288	325	18085
27822	325	19020
18079	325	20782
25523	325	14286
18226	307	14459
11817	268	11638
16283	278	29899
11167	276	27156
16056	325	20452
15703	325	25802
25660	325	20636
27505	278	20636
12133	258	20551
27114	325	17796
11795	257	10811
20265	258	19565
10603	325	14465
27539	288	13662
11145	219	17897
14649	325	12428
28658	268	14105
10843	254	29763
20828	254	19850
18084	254	16171
16027	254	11996
20078	214	17720
25600	325	19885
12638	282	10656
19893	278	28072
26110	325	20032
18982	239	18880
25502	280	20092
26995	325	11999
19572	254	14136
11197	254	11901
18982	239	27517
27116	325	29789
12656	325	29833
14182	288	12520
16120	254	20666
27040	220	16722
29136	325	16492
10754	254	28727
19300	254	11996
25652	325	20169
16983	325	13680
28870	325	15923
10809	268	11461
27315	258	13872
15206	258	18988
11359	254	11901
12267	325	15180
27215	325	29546
26932	252	13779
25630	254	29125
27633	254	14666
27748	258	12820
11797	300	17461
19137	254	19979
28412	258	29789
12216	223	15918
20650	249	26713
13051	325	12243
12742	325	28236
13629	325	17139
14200	325	25602
29932	254	11551
18168	254	20666
26053	258	26043
29012	223	16354
19478	325	20636
26399	325	18226
16536	282	15665
28420	325	12500
12974	252	28242
11456	216	20626
17367	263	14126
29795	254	11461
19369	325	19335
20106	325	17021
28797	254	18832
11292	220	16720
11431	325	13574
29929	219	11901
11405	294	27335
13028	258	11786
28324	254	19293
16993	254	14126
10935	325	27473
20889	325	16345
19483	325	14458
12641	258	26322
12598	254	16685
29921	254	27422
11933	316	16842
19917	247	20755
16763	254	17897
28008	325	18036
20803	325	18899
26290	325	26575
27601	258	14458
28412	258	27080
14919	220	26114
26303	254	19051
28603	325	18226
18334	217	27991
14078	325	16432
26530	254	11901
14381	288	28184
29534	288	15106
14616	254	10571
15124	325	13773
17426	307	16601
15202	325	18887
18803	325	25602
28374	288	26179
12467	325	11084
20233	325	25516
25833	317	11901
16337	325	25619
14955	325	26386
14853	325	19155
17351	263	26722
15763	325	25580
12775	252	27036
19471	325	12076
15098	257	15142
28828	325	20032
10616	254	17897
19425	281	15816
18416	238	15424
25820	254	14136
15769	258	13276
12720	325	14075
18687	325	29259
13112	325	29259
27862	258	13932
15415	254	13185
27936	325	19971
14580	325	29998
12277	325	27059
11201	252	27919
28351	258	14267
17403	325	26179
20919	252	18241
16983	325	18319
26137	278	15078
15175	252	26447
14937	325	26224
11765	288	11734
28314	325	12910
16325	268	14136
17750	325	12164
12110	254	13185
29395	239	18739
19109	269	18490
28780	325	16726
19540	300	19012
26978	325	19561
13293	325	16090
28668	258	11179
29215	325	11811
11706	288	26589
10926	268	28066
25838	223	26736
16325	252	13243
29426	325	19516
19896	323	11209
12210	254	18880
10929	254	15134
11797	300	12582
15956	325	12822
20007	268	12588
10711	325	27805
19665	305	27391
29350	325	16905
13414	325	16492
26989	258	20636
17223	278	16726
19963	282	10865
26545	325	25802
20214	254	12404
11421	244	13238
10925	325	13376
13791	325	15574
13563	305	29207
25955	307	29763
16342	257	28871
14232	254	13185
18645	254	12404
25793	325	25662
13776	252	29190
28717	257	18323
20183	254	25621
19945	325	14276
10969	325	19516
19512	222	18506
28418	325	29259
14354	278	20636
14172	258	10986
28114	325	17021
15322	258	14075
16519	254	11901
17727	325	11811
27425	278	14072
17955	325	29941
16943	276	25549
18854	325	16432
29100	276	27156
26290	325	14465
11387	325	26350
26334	325	14376
13357	258	13680
29231	254	20666
15430	220	12884
20858	222	12357
17488	254	28149
16831	268	14136
12115	254	12404
29529	325	13278
28489	325	26386
13934	325	20636
27279	325	20636
20036	278	20782
11798	288	19465
29842	325	26724
28709	325	17635
20618	325	14458
27363	325	18639
29986	325	16235
15982	325	15646
20528	258	28460
20080	278	13278
11745	220	13870
17756	325	10595
14541	278	26043
11846	325	12910
18841	254	17897
25544	258	15492
20124	325	14611
15035	325	14276
16540	258	13376
28585	278	20298
29605	220	14526
13061	325	25619
27378	325	27361
15754	325	14465
26013	280	18429
14214	325	17825
11063	258	26179
20094	254	16685
28798	254	13417
12687	254	11901
26251	254	11638
14612	325	20782
20318	317	15134
29290	254	10571
28593	254	10539
13353	278	19222
17044	325	16235
27521	325	27632
19663	325	15106
19514	325	15028
16360	254	19979
14996	263	11199
15541	317	29763
18902	325	27848
28253	325	17992
17055	278	15724
17382	325	12105
17999	278	12910
27719	325	11031
28577	280	15940
25632	325	17314
11123	325	17139
16276	254	29881
16204	220	12884
11526	263	14126
11175	219	14126
19607	278	25602
10774	258	29751
14013	307	14089
11386	254	20248
18609	325	19328
19389	278	18931
12816	252	20910
15067	258	26179
28672	288	27848
14362	252	26462
15066	325	27915
15604	325	19420
16899	325	13030
20936	325	14633
26057	325	16345
17867	239	11901
28915	254	14126
16921	220	29361
25525	325	12500
14081	261	18537
13370	278	27246
18849	325	16270
29163	219	14126
25673	288	15712
28016	325	20930
13553	281	18898
27347	325	27805
28679	268	28149
16647	271	27973
28775	325	18744
19935	325	17139
16899	325	25516
19146	288	26350
11349	325	20609
29562	325	14922
12118	263	13415
10833	325	18931
19849	325	27712
26339	325	12958
20726	254	10796
11931	282	29648
18396	278	19328
13911	231	19188
20246	325	19420
14675	254	26297
11095	325	25629
18869	325	28089
16473	231	19713
19442	254	20666
16379	325	17314
20311	325	29320
11154	325	28089
17372	258	27743
16060	325	18654
14656	325	15744
18913	254	14136
28792	254	16171
20414	325	28044
14551	254	16685
17729	254	11608
13857	325	13781
15885	325	12910
19468	217	28959
26344	258	14458
19287	325	16874
19585	325	15180
18082	288	10932
13972	254	25742
15096	325	11085
12241	325	16492
29629	235	26499
25966	326	19346
28560	325	17796
16991	325	28236
14492	325	20022
17834	325	17494
29748	325	25733
11005	254	20248
14332	294	18836
20852	325	28044
17427	325	12243
11284	223	12871
10516	325	29751
17935	325	10939
13652	280	20439
12676	301	27602
16357	325	16454
25649	254	14459
18576	325	19676
18243	258	27918
12741	254	17907
11720	325	28805
14839	307	11050
17031	258	27769
17105	325	20338
13815	258	27390
13588	263	20248
25964	325	11734
15410	278	13376
14009	254	20248
14681	254	19966
18010	325	12958
27482	325	17554
29467	325	11085
16178	325	16726
18848	258	15923
14991	325	14494
28230	325	19328
29404	325	29941
19140	325	27915
20664	325	14494
26521	325	13030
29560	220	14085
13045	325	17572
29844	325	16728
20817	258	15396
10718	280	11991
26587	320	19451
26521	278	16726
13642	325	27915
19793	325	20219
26143	254	13221
16957	325	16728
25757	325	18281
27957	220	16825
27447	254	12871
10853	254	17897
13234	294	26312
18790	325	29941
15684	325	28184
12172	220	20476
13549	258	13470
27253	254	20666
19052	254	29125
17771	254	13185
16891	278	18988
14815	288	18887
14682	294	25537
25513	325	12910
15453	254	11901
27087	220	12383
25874	325	29427
17132	325	15568
28531	325	12520
14750	295	19072
29511	325	25662
28992	325	18104
19668	325	27390
16005	325	17635
11332	325	29488
12379	278	12662
12731	325	20347
12892	288	15396
14863	268	26297
14067	254	14459
29752	325	12910
19868	325	15636
27232	325	14372
16821	258	20290
11422	254	10571
11045	288	15492
29472	325	13574
15696	288	13072
20308	216	28937
17174	257	27359
20475	278	28045
12835	281	13005
19541	325	29387
27736	325	20115
15120	268	14136
28781	288	29998
15096	288	18931
12768	268	11551
15613	316	29395
12426	254	17814
25505	258	10595
13360	325	25802
17235	258	20636
10638	254	13168
25542	220	19467
17840	325	11865
16782	231	16316
25949	325	12428
18509	257	11737
19359	325	14034
18768	325	12958
20864	220	19901
15894	288	19497
16827	325	18840
15651	254	11901
18559	306	16230
17079	300	16954
29787	254	16171
20232	288	17139
17133	219	28149
26698	325	12788
13928	325	26327
15107	254	14136
15032	273	15307
15815	325	26575
14413	254	16261
17812	325	27876
27933	254	17897
15539	325	13072
27045	254	12404
13148	325	14458
19169	325	14276
17129	216	13207
19980	325	16061
11511	325	20286
19347	254	16171
13729	325	20871
27932	325	18281
20905	280	19679
10710	252	19809
26748	325	12243
14584	325	29546
26764	325	14286
26085	219	27044
17504	325	20290
17560	258	28551
20404	288	17460
28729	271	17312
28380	325	16432
28726	325	25802
11259	325	20609
28843	300	14742
13048	325	18571
14307	316	14316
28706	257	17753
13013	220	17147
12462	288	27902
27366	325	12520
19614	325	13376
29067	258	28905
15171	325	20930
13787	325	13278
11783	325	20974
26688	325	13278
16530	290	12897
20873	325	13680
12603	325	12820
28658	325	13680
17828	325	29751
25946	268	27065
27863	325	12105
12215	254	17897
27087	278	11179
17614	325	18571
12873	268	16685
27440	325	16874
16952	325	20522
12182	323	28746
26288	325	28272
29178	278	19248
11248	258	25802
19082	263	12871
20938	325	13680
18467	264	18798
28691	288	19869
26317	258	25662
14673	210	10539
26924	258	13932
10982	254	13417
19791	325	19565
18451	325	28338
12667	325	29069
14412	278	11084
26236	325	14276
10855	288	13470
14176	288	12958
12134	278	15359
16665	263	11901
26777	325	27377
14665	258	27059
26450	325	13723
13613	325	12500
13116	325	13872
16086	325	20808
18022	254	12871
25972	268	11551
13076	325	18542
27774	325	12428
28747	325	12965
26035	282	17993
16733	223	12404
11002	263	14459
14584	325	20452
15842	254	20248
14384	325	15193
28524	220	10987
15533	268	14954
20236	317	14126
27118	325	19328
20976	325	28805
19541	325	14494
20447	325	10942
29836	252	27371
27236	325	27346
12610	325	20808
16483	254	14136
29263	288	26144
20898	278	16235
29533	325	26713
12014	258	20032
20538	219	11901
28877	254	11554
28806	254	17640
15344	231	13395
17773	288	10595
16928	288	11778
20776	278	18362
25893	258	18797
18023	254	18880
13916	325	15492
18560	325	27738
14798	280	17896
19779	254	14136
14087	254	11901
28140	294	14109
13499	325	17572
13900	325	13773
20979	325	20991
18386	325	15078
13705	235	17897
15220	258	18797
13216	254	20165
15253	325	10686
18873	325	16450
28601	325	27138
26873	220	18012
19531	325	14625
17713	295	13852
29214	325	15923
10946	254	12871
27831	222	20222
16024	325	27059
27125	325	19222
15583	325	14075
29405	254	29763
29017	325	29941
11094	325	16824
20729	325	26386
20653	325	15727
13292	325	20794
19198	254	20248
29533	278	18726
17592	325	16728
26454	325	13781
17070	258	28759
15601	325	10606
28731	325	20636
15535	273	13770
19855	254	20248
19278	288	13833
20757	325	16450
28831	252	11636
25847	288	11778
11780	325	28791
11882	325	18726
29092	325	11786
13877	325	27915
27077	268	17897
17521	263	13239
15001	271	19519
25762	325	12274
12370	278	13470
12379	325	12662
20347	307	19796
26596	288	26144
15066	254	14126
14330	223	19192
19121	288	27569
14536	325	18530
27911	254	11996
12842	325	16492
28668	288	27902
26158	317	11901
18918	325	15075
16933	288	27569
20913	258	26179
26630	261	10672
18910	325	18104
26075	325	27080
19326	325	18281
15009	219	11901
17050	222	18506
14199	325	27848
27917	325	20286
12066	325	13044
18190	325	11085
17502	325	13108
15253	325	16824
11099	325	11872
15160	258	13236
20932	254	11638
13493	325	20636
29623	325	17458
20539	325	12846
20976	325	29899
13903	289	11661
15000	325	20636
14630	325	25516
26645	325	28236
17874	325	15724
12424	325	18899
11431	325	18182
28631	258	12164
11504	225	11318
19980	258	13030
20635	325	19465
29258	325	10986
18254	278	19885
13669	325	14072
26736	227	18418
26349	325	28089
20851	325	13470
27099	257	18746
17243	325	26724
27343	288	29833
16051	325	27876
19025	325	27569
11845	288	13470
10530	219	14126
13100	325	11778
20069	220	13133
27117	288	27848
29106	325	18606
13538	325	29743
20599	325	16148
10918	288	27902
27581	252	19786
20671	252	13679
16715	325	19155
14412	325	27473
28395	288	18217
26833	325	20609
16681	325	17307
25642	254	12139
28720	325	27334
20629	325	20636
10503	257	12497
12206	325	14611
14470	317	18880
25699	325	20032
18153	288	18639
28809	288	16432
18812	254	26837
27796	258	20609
11985	288	26928
13265	325	15234
17816	258	17460
11124	239	12466
16364	325	19885
19690	268	25621
26334	325	25662
16593	252	25539
13493	325	13376
13634	252	17767
17215	223	14980
11587	288	13470
14427	325	29546
17676	258	28541
25900	231	19223
13981	325	19676
16152	325	17460
19473	325	15075
28860	288	29223
27741	258	28620
13240	325	15492
20757	252	18351
16545	325	20219
16396	239	29767
18204	288	26144
18433	325	12243
28870	254	20248
28000	325	26043
16357	325	19228
26975	220	28711
16623	239	11901
28084	288	28222
18289	254	14126
27546	316	29541
14779	254	14126
27558	254	29393
25635	325	27569
11859	278	18797
15676	271	12020
19025	254	16171
16178	254	20248
18776	278	26970
13083	288	18988
20173	219	14126
15812	325	13680
26451	214	18008
17600	254	14459
14210	246	13599
26266	258	12958
26271	258	20169
18765	325	17651
14790	325	26322
11153	325	12274
14768	253	11901
11291	278	12076
14143	325	16388
19918	305	15254
25687	325	15383
16579	254	28149
19404	325	27149
29141	325	29899
12874	325	12957
12014	325	14458
28188	325	18523
25803	254	28149
16775	254	11901
20380	325	28045
20091	278	20115
25770	325	17021
19568	235	10761
12189	288	14458
19693	254	11901
12287	317	20755
27418	258	25574
29000	278	12662
11239	325	16235
13773	214	14558
15679	325	11811
14597	325	15307
10933	222	18506
20005	268	17897
13992	254	17897
12981	294	17830
15896	325	10792
12114	252	25914
29467	254	29881
20654	325	13319
29966	325	16824
28259	215	14424
28929	325	16726
13028	288	12243
28683	325	12500
28547	254	11879
17481	325	15724
26771	239	12853
27564	300	13939
20317	325	13072
15092	325	20452
20430	238	16745
11025	288	14633
10978	254	20248
28869	325	28607
12532	254	12404
20337	254	11461
20629	325	10932
13429	258	11085
20013	248	14126
14938	258	28236
17547	239	20248
28005	325	13784
27992	325	19465
13174	254	16175
28435	325	27266
12290	325	29751
27723	325	18797
19464	220	26950
28433	325	28089
26224	307	27002
15235	325	19020
13500	325	14372
20121	215	16319
17985	258	14458
29587	282	18865
27088	252	28618
18669	325	12105
20774	294	26370
27736	325	14458
12559	325	13072
11674	239	28727
14827	280	26102
20850	252	19559
14925	325	20286
11903	282	20295
27418	288	12846
16613	325	14458
11003	303	17462
13828	258	10686
18112	220	19054
14354	254	20248
12364	325	13376
25892	325	17245
26609	257	17993
13284	258	28089
20941	254	11901
28296	254	27301
25559	258	14465
18121	325	29579
15560	325	11811
11407	220	28833
13508	271	29270
11288	252	13954
19140	325	17651
14516	254	27075
17512	268	11901
19485	254	11901
12944	325	27848
18547	325	18988
18284	258	28459
12143	288	27915
16446	254	28751
15612	220	27990
16571	278	20022
11345	325	20022
17077	280	16336
17594	288	29546
14273	325	13932
19920	325	19869
12303	222	16348
11013	325	20022
26423	230	11674
14601	325	20991
17717	325	28044
27293	254	11901
28856	258	27246
20135	325	18813
27802	278	11179
28008	288	13108
18733	254	29393
12583	282	27047
13500	325	17826
14253	223	16196
29147	254	20248
16381	222	17786
17242	325	28045
11887	235	26600
25908	325	14494
11383	254	16171
13968	254	27016
26400	239	17897
13552	325	16789
25951	212	11744
17353	239	16685
26900	325	16235
29774	325	29743
12050	301	26639
13032	258	19885
25541	252	25507
25666	254	12871
15131	288	14075
11333	325	25619
13948	325	13848
28170	293	28356
18573	254	20666
25535	258	12164
28508	288	26083
29528	254	11901
28614	254	29763
10567	325	14191
20700	325	19420
27834	325	18124
11450	325	27246
19430	280	28717
25865	325	20636
13046	325	18931
19786	220	27581
27199	278	27902
12988	252	19698
15020	325	29998
11150	325	15773
11560	288	14528
19983	325	20930
26831	325	27472
12398	258	27473
15952	254	11554
27137	220	16358
12690	325	20930
19941	325	29546
29876	254	16134
26522	258	13072
20410	258	17825
29286	268	17907
13016	278	13680
18877	254	14548
16441	288	18988
15763	325	16090
29677	325	15724
19669	258	18317
14648	239	12823
13445	254	12871
20550	294	27353
20159	325	11144
28299	325	29751
27646	325	19885
28544	325	17800
29623	325	13072
29858	288	26350
15610	268	15134
16688	325	18104
26227	288	29941
12182	222	18506
13627	325	28089
12231	325	11778
11077	258	20078
26039	325	18317
11950	325	16984
11355	288	11179
18796	325	29579
20602	254	12871
15019	288	11811
12799	254	17640
18687	325	17360
11765	288	19971
27826	288	17245
17706	278	29546
18109	325	15028
13378	325	16345
26970	214	16163
19185	325	29789
19033	325	27983
11494	325	12243
19029	254	15966
16404	214	29719
12730	268	17511
17580	325	26724
29180	254	14043
14667	258	26740
12836	325	20078
16757	325	12500
10855	288	29617
15916	325	12500
13844	226	13269
18711	325	28527
17878	219	27044
27315	325	20409
26198	252	20249
26145	258	12076
27192	252	20282
19447	254	13417
12062	325	16235
13277	325	26724
15789	282	13844
18568	284	11879
11709	258	29546
17014	258	18988
29548	288	13781
15910	220	27988
12553	278	11085
12872	325	14072
15769	325	13276
18640	254	17897
10902	258	10563
12101	254	11901
16933	258	11537
16854	325	16728
16331	325	14372
14152	325	18797
14314	325	18744
29988	258	16824
26461	325	27876
14009	325	27900
20815	325	14372
26687	325	11031
29260	257	26943
25667	254	20248
26933	254	20450
28932	325	16195
12372	254	12404
26995	254	28149
10604	288	18475
25642	325	25850
18585	325	27902
15338	282	28112
26246	325	10943
11287	325	29926
10966	271	17251
14870	252	18241
17031	288	27769
11400	325	11213
16316	282	29811
12581	325	29789
14915	325	26043
13890	325	10776
15852	325	18281
13228	258	17825
18512	258	19845
20497	325	11734
26929	325	11917
11950	325	14191
11453	316	11278
12659	315	10641
29666	278	29579
18803	254	11901
17465	254	16685
26599	271	15157
12598	325	27614
29892	325	27915
13587	254	19979
26667	268	28291
15454	325	13470
15466	325	14276
16680	325	20930
25938	290	27924
10652	307	12363
19361	325	29941
28000	325	19565
27596	325	13108
18708	280	15252
16781	325	10943
18109	325	18931
29084	325	26783
13898	280	25774
28608	325	12649
17947	254	14459
27823	325	27747
10850	278	14372
11511	325	27059
16486	325	12244
15744	307	27488
15400	254	11554
20237	254	16685
17431	325	26928
26571	281	28090
12525	268	14136
11679	325	20169
28390	231	13659
10912	254	29881
28940	278	12500
27241	239	12466
26059	325	25860
17944	325	27983
11356	215	29022
11323	220	27919
15429	278	18362
27830	254	13185
16541	325	26350
15112	325	19420
13180	325	13723
26956	325	25602
19318	325	16345
11492	231	20458
12422	316	12354
17785	258	12500
13127	282	25717
16236	325	18104
11319	325	25602
15051	325	28480
19870	325	15396
29725	325	16942
16147	254	11180
19461	325	11778
28433	325	19736
28622	268	19850
26324	254	20248
19760	325	29259
26071	268	16171
16929	325	19565
16021	325	15744
16380	254	20248
27482	254	15134
26211	254	25621
18713	254	26448
28213	305	17303
27622	278	26451
26565	278	14075
16068	288	28045
25964	325	26981
19657	288	13495
20477	252	15472
15121	254	26297
16358	252	27137
14364	217	26201
17651	263	14126
16976	258	11266
27539	325	27246
10960	254	20666
12422	261	12354
19283	219	16175
13849	278	13119
17821	288	20286
12951	305	15607
17423	252	29323
20096	254	15456
15006	254	20248
15089	263	10796
28703	259	19699
28109	325	19565
15409	288	13108
14629	325	29220
17892	325	25629
18339	234	26453
29875	325	14611
10824	282	12832
18246	254	15134
27813	325	18726
28486	307	28450
26215	325	16728
16157	325	15028
10881	325	11778
16202	258	29998
20818	325	25574
16982	258	29320
12912	325	13470
29504	325	29899
13750	306	29960
16300	254	16811
12905	254	18242
20214	258	19971
16738	258	26878
16378	305	17897
29366	325	15180
20131	294	25771
15058	258	13723
14238	254	14126
26279	325	27569
11274	325	25733
15409	288	20298
26818	258	11085
28713	258	27743
14942	325	15492
27932	325	20782
15971	254	10571
14900	325	15744
16416	254	14459
11003	282	17462
18228	278	14458
26679	325	29998
29741	325	25619
26594	325	12105
13710	220	29473
18228	325	14458
19353	325	14372
27441	288	20991
18846	258	18810
20726	325	27805
26885	325	16942
27136	252	11014
20317	288	27569
28813	254	17897
19669	254	12871
29503	288	16728
13906	325	10942
27402	325	25662
11474	325	16345
28656	325	27876
18270	263	17897
18003	252	20853
28135	325	13108
20521	325	15574
27430	278	16824
20292	254	29881
27545	325	14286
15763	325	29751
13589	213	18248
18244	254	14136
11741	325	29546
16572	254	13239
27312	254	12404
17577	325	29387
17962	219	14043
26509	325	16388
15768	216	17283
16558	325	26724
26107	325	29744
27451	278	15106
29527	325	19885
28009	254	16685
12814	254	13185
12203	325	12703
12598	325	10730
15886	325	15106
13335	254	11461
19303	258	28607
18494	325	11734
15662	239	28149
25578	254	12871
16441	258	12076
11373	325	28805
20256	254	13138
16249	325	29488
18738	252	17618
10751	325	28072
27612	325	10642
17859	325	13680
10949	254	11390
14944	325	27632
20821	252	26345
18594	258	12822
29341	239	29340
27226	325	15697
11011	325	16726
11352	325	13680
13743	254	28149
14024	227	29115
16533	254	14548
17261	325	25733
19951	325	15180
20770	325	27614
19064	325	12500
17092	325	20636
15161	254	14459
27580	254	29115
14515	258	20871
14653	316	11897
19989	325	15883
26841	288	25662
26192	325	19155
15322	325	13278
11406	258	12820
27157	254	14136
19733	223	27336
20430	238	15424
29689	325	13278
14879	325	16789
10815	325	10652
12468	325	13932
17329	254	28557
14772	325	13108
13991	325	15593
20592	268	20248
29746	280	11795
12203	288	17899
17450	278	13276
17746	258	29135
20531	325	13680
18647	325	12846
11639	258	18317
16897	325	27177
28744	288	12910
15617	325	29387
11433	282	29648
15909	325	18070
29727	288	15574
15197	220	28802
19663	325	17938
16348	300	29763
28733	325	19561
26550	325	19676
20710	325	25619
25589	325	19465
19434	258	27361
17034	325	28236
11669	325	20808
19700	325	13723
15764	325	13470
25610	325	11085
15289	258	26043
13411	254	29729
19528	325	10563
26771	239	18242
19304	254	14904
15866	288	18226
14444	325	14075
28762	325	13044
18909	325	13843
14974	325	28791
27721	325	28504
18439	254	26188
20096	254	15134
13669	325	29546
28917	258	20219
13692	252	13573
15844	325	12715
18535	254	17897
13524	257	20061
26440	325	13816
17860	325	13723
19184	325	28072
20001	220	29869
29471	325	27848
19351	278	15568
29127	325	20452
29763	300	16916
14168	325	16471
17345	325	12243
26366	325	16388
27648	278	29578
18950	258	14372
29963	268	17958
20940	258	29579
19921	325	27915
29324	325	20032
14614	325	19228
13473	254	20248
20097	325	17139
15809	325	17635
13728	288	20022
13825	325	28987
20030	261	14264
19052	278	18931
17645	214	26810
29105	325	29135
14645	268	11504
13736	288	25602
19817	288	18840
10945	263	19850
27680	278	29546
15675	254	17897
19257	325	20022
11839	254	19979
12899	278	18988
19266	258	13276
11897	315	18982
16339	325	20298
13067	325	14633
15429	325	20522
16326	255	27437
14965	325	20572
12723	325	20636
11074	258	11686
20765	325	15028
10639	258	26878
19366	325	15574
15160	258	10932
13290	325	26724
15812	254	14459
12081	325	10506
29094	282	12060
28801	325	18085
19756	325	14611
18613	325	19465
26426	325	26757
17414	282	15186
19953	325	17635
27126	220	19822
11920	254	14459
28899	268	14459
29130	325	10942
20675	254	15375
28274	325	25733
10900	231	10628
11288	220	10930
28631	288	29135
25601	288	12274
27038	254	28149
13733	325	18036
28252	254	11554
29725	254	18743
11231	325	15724
26513	258	18124
20073	258	20290
28639	220	14473
11295	325	16388
16566	325	18810
20647	325	16824
26620	254	14658
20612	254	19850
25872	325	10652
19218	254	13185
14973	222	18506
26336	325	29259
11798	288	27902
26417	325	28910
18595	278	12500
18621	325	29998
26500	254	28149
28186	278	18182
14186	325	28987
15264	325	11085
14680	282	17993
14380	288	18104
10802	278	15028
27263	325	16235
14110	251	13238
25593	278	19561
27849	254	14459
14469	254	13980
29582	325	17796
27522	325	25807
13062	278	14625
15785	271	12043
13308	325	17360
15356	258	20290
26888	263	14126
15441	254	17897
12586	254	14658
18615	325	19328
17976	325	27743
17766	325	14458
11586	258	10943
12295	254	13185
10950	325	26878
10673	325	28527
26161	325	20115
17502	325	20609
11555	325	29259
17053	220	20910
15667	258	16235
25549	317	14136
11610	325	19719
18082	288	19019
12161	325	25802
15916	325	20636
27248	325	16824
15529	254	11447
27001	254	28149
17128	278	12037
16620	325	13843
16876	254	16171
18782	258	19186
25592	239	12466
18005	325	13723
27098	258	25516
19914	325	12076
11217	239	29125
10638	325	29546
18357	325	20219
27272	325	17651
12386	288	10776
17838	282	18390
14508	280	28619
15322	288	14075
11509	325	12820
14408	288	20808
12556	325	12500
10561	325	16942
15835	254	27044
28294	325	27929
16524	271	13768
15318	316	28627
13144	325	28791
17414	231	29726
20930	214	26462
25624	257	13352
15881	325	10563
25587	258	26724
19603	254	20248
10563	214	13880
15671	305	18880
28650	325	18362
13304	239	11461
28105	325	13588
15356	288	16471
29524	325	16270
28617	325	13698
12347	268	14459
25749	325	11811
17473	325	20636
28477	220	11080
29029	325	20115
27779	254	13185
14780	325	26144
25596	325	27902
17605	325	17635
13361	220	15608
15063	325	29743
11974	325	28791
17526	235	11638
13291	258	14611
27430	254	29722
15769	288	13276
15969	268	28149
29426	254	10796
15424	251	20838
17366	325	27346
20896	288	13108
17323	325	11786
29310	258	20109
13341	254	14126
12066	325	12520
18451	325	11811
18152	325	14995
25539	254	11901
12944	258	18070
20320	325	11085
18695	325	27569
11566	278	13470
20313	325	10595
18517	282	13479
14972	325	14458
14182	325	17651
11903	297	20295
20405	325	16728
16195	307	16581
18569	254	12871
18559	252	25965
28371	325	28092
26822	309	11191
26946	288	26386
27927	325	28855
15444	220	29453
13283	325	15180
17427	325	11786
11132	240	29746
15495	325	27805
12716	325	18362
18720	268	12466
26473	254	11901
11913	325	17635
19803	213	26082
28453	282	17993
13127	245	25717
15815	278	14465
29534	288	26179
18739	300	20222
28940	254	11901
14207	288	12965
13805	254	17187
19604	288	13376
25778	220	14817
16397	325	28184
18666	294	19991
11366	252	12235
12721	254	11863
26799	325	20551
25996	325	16078
19756	325	27569
26934	325	13236
28702	325	26724
28641	325	28976
18796	325	26386
14375	325	18744
25783	325	18887
19940	252	16183
19351	325	15568
19795	278	26085
12217	325	27902
16211	288	13278
26168	258	13044
29446	325	26350
19909	325	25602
20675	254	25621
26928	307	10539
13601	325	12076
11889	254	16685
26561	325	28236
27884	325	16388
18458	309	18393
11991	231	10718
26392	254	28727
15890	325	29387
28150	257	11935
16886	325	16471
15227	325	18085
18040	325	12491
11592	325	18887
11139	325	16728
18703	254	12404
18292	325	26451
28197	325	16874
11055	317	11901
18647	325	14191
16957	288	14072
18060	280	19152
26374	288	12522
19204	258	11084
17014	288	13470
28518	325	16432
26196	258	16787
14758	220	20345
13338	254	16065
14525	325	25807
25571	254	20248
12007	258	26179
20409	263	29308
15378	288	15234
17467	326	27321
29422	254	14126
18902	325	13278
18637	268	16126
17816	288	13108
26253	325	13044
19835	268	17237
16443	288	13470
29611	325	28500
25607	268	16811
16017	325	12076
18392	325	10904
18325	268	17897
13008	254	11608
12328	325	10680
18793	325	17635
13143	325	13680
29114	254	11901
20457	214	12878
26238	288	18797
19139	254	29393
10598	325	18639
13015	288	16726
20271	278	16874
19269	278	20808
17788	278	11266
25573	325	27848
14589	305	17643
13787	325	13723
18849	325	16726
12944	288	16432
28764	243	17160
27720	325	14494
12787	325	12243
14628	325	20636
17336	280	17302
29237	325	12244
28420	325	27569
13628	254	20248
13682	278	25602
15804	254	29125
20214	288	27472
16792	325	11786
27425	288	14072
27611	325	13773
12237	278	18571
16486	325	16492
18591	288	27473
27853	325	20032
11207	288	15744
12857	214	16334
20134	325	16726
19935	325	20636
29791	281	29983
18670	325	15923
17437	288	13723
19259	325	14771
29947	254	29125
26365	220	11730
20245	220	19240
27628	268	11863
14065	271	15157
28127	254	11901
27646	325	18104
26902	325	20219
18489	325	16432
10767	254	12871
12337	325	15234
27045	325	13495
28395	288	14458
25760	325	28500
15913	325	14075
12433	325	26783
27459	254	29125
17691	213	18635
10519	325	19719
20013	254	13417
29773	325	27473
19060	288	13680
17617	239	13096
27453	325	18707
19904	263	27350
10690	325	29387
19459	268	11579
26319	325	20347
29425	217	27683
20043	254	13096
13402	254	28149
26821	220	20869
11187	325	16492
18283	297	25898
14777	254	29766
15177	325	11734
12223	271	28520
13769	325	29926
27004	325	17314
17254	325	15744
15053	278	20574
16385	268	20248
11957	325	12788
28369	325	28184
16930	288	18639
12232	254	11901
27756	325	26127
29656	281	29933
13017	288	27902
11405	289	27335
16595	325	18988
15321	288	13574
15326	254	28149
26200	254	20493
12170	254	18880
15243	280	13766
27376	223	28245
29419	254	20666
17309	325	14458
27260	316	20781
14741	254	18562
16668	325	19565
12189	288	20022
15389	220	16622
27656	282	29838
26560	325	18797
17180	288	20636
20530	278	13843
20659	325	16345
14077	258	28719
19502	325	15724
10935	325	14075
13031	254	28149
27525	254	17511
18282	325	15574
11916	258	16492
19533	231	11880
27342	325	20115
15981	325	13816
27866	325	29135
14938	288	15180
25644	325	18887
16933	288	27805
15530	278	11734
18069	325	16726
13314	268	14136
20202	325	26724
20104	254	11996
15659	258	27059
25757	325	25629
16729	325	29899
12168	258	12520
16569	254	26537
14104	254	19733
27521	278	10943
17836	288	13470
27342	254	11901
12480	295	11264
27206	254	15134
28665	254	11461
29214	254	16171
29031	325	19736
18519	325	19465
10822	254	16171
25894	325	12244
27985	254	12871
18378	325	18362
19846	288	10879
14604	254	16065
14324	288	14831
13232	325	27876
13265	325	14075
20456	325	18887
10763	288	20974
20935	278	29789
28076	254	20666
19300	325	14167
14259	278	16450
20641	278	20169
18927	252	19105
11585	239	18550
27993	235	10761
28573	325	28184
13549	325	15923
20320	325	29998
28252	220	26534
14678	325	29998
29076	325	20930
14733	325	13872
28398	257	10828
17796	263	20248
11198	220	17201
27849	325	26073
10745	325	20551
28868	297	20937
26812	256	16916
29275	254	19426
26761	325	17826
29361	252	16921
11380	254	12404
12013	268	13417
19905	254	10732
20593	254	14459
20925	325	20290
29567	258	11031
11283	254	13185
26927	254	14136
12512	307	20248
15749	278	20032
29541	213	17818
20194	325	20609
11181	258	16235
15753	325	17635
18675	220	18149
14612	325	18281
10789	325	19561
10589	268	15456
19520	240	16033
29019	325	19565
11810	278	14191
12101	325	12244
11864	278	16892
17350	325	26386
19437	325	17245
13953	325	18988
12523	325	20991
17870	325	26575
18809	258	28579
13308	325	15106
14159	249	18362
28310	325	12076
19116	325	11617
18234	325	29387
26159	325	18523
18072	282	20061
12368	325	12512
19705	220	17697
19483	325	29220
15399	258	25602
27661	325	16789
11918	325	27472
13163	219	16175
18100	268	14435
27254	325	20522
18008	258	13376
19616	227	27239
20298	307	18496
18614	288	17314
16446	254	20139
29411	235	27044
10989	288	25662
27173	325	19561
13965	278	19885
16067	239	26297
27399	281	18898
26408	325	12928
28936	254	14658
26668	288	17314
19059	258	12500
16662	278	13470
12724	258	25551
25960	325	13108
12963	325	19465
18480	220	20291
20204	268	13185
15047	325	26501
13983	268	12404
19656	254	16685
26623	325	13121
27480	254	13417
17903	254	14459
20203	254	28149
11514	325	14276
17437	288	17825
29267	282	18093
16634	278	27638
20433	325	20930
26506	288	13278
29963	254	17958
27957	220	25559
27435	239	29125
26833	258	19328
20247	263	28038
14574	325	19465
12191	254	26448
11765	325	17554
26707	325	13495
14495	288	12243
18429	271	28147
20533	325	28579
11798	288	18331
14328	325	26575
12442	271	29983
15046	325	19328
10755	231	12614
29179	325	12244
26168	325	28053
15160	325	18840
17368	268	16065
14867	231	11066
17809	325	15720
27641	325	14465
13694	220	14268
15037	278	26386
26207	325	17139
19478	278	20636
11097	268	11554
27825	268	11638
18470	325	12428
12281	325	17426
28410	239	19499
13060	278	12076
14724	325	28664
16735	261	26498
19385	325	18036
14231	219	12828
20335	294	15677
12124	258	27080
17187	219	11900
26719	325	15923
14680	271	17993
17148	278	20636
16613	254	11901
29345	325	20930
26267	325	25602
25712	250	29443
17773	258	14458
27588	325	14013
14960	239	14700
15598	325	12491
18807	288	11734
29494	263	20248
18546	325	20290
20525	325	12500
25598	325	18104
28057	254	14030
19536	219	14126
13607	325	25602
14728	282	20369
10979	257	27359
20740	325	15396
29594	288	12820
12495	254	14459
10997	325	29420
15651	325	20290
12231	288	11786
13357	325	13072
13633	223	12404
17862	254	18562
27764	325	15923
10918	258	27902
28585	325	26724
20091	325	12244
13899	325	12076
20837	278	11778
11465	254	12871
18113	325	14286
26120	252	27855
14530	325	13278
11635	325	29833
17241	217	16580
28899	254	28149
13951	278	18362
26034	268	11554
11270	325	17554
26323	325	17992
29151	219	28727
17094	325	11865
20157	278	16235
15102	254	14459
26247	258	18797
25724	325	19420
13240	258	20338
11248	258	14372
19587	220	28639
11999	263	14459
17372	288	12274
12519	258	20290
13868	325	20636
27570	297	27298
18215	325	26386
12774	288	29941
17147	220	28190
19881	258	12928
15556	325	14633
11753	268	14136
29488	307	11330
27870	325	17360
15409	288	16432
25505	254	11901
12547	279	12897
10805	278	28045
19866	325	29941
19530	271	15525
29668	325	16874
15710	271	28520
20680	325	26179
16984	307	10756
14343	325	13130
12012	325	19676
26077	325	16345
11378	278	14465
12824	325	19228
27532	325	25662
28917	325	14771
29785	220	29573
12744	217	13800
29514	325	15697
25774	280	10882
25643	288	12105
18309	254	15936
13282	306	26880
11466	282	15132
25995	325	13376
18351	220	20757
18668	288	12649
18777	325	16824
14130	288	28976
27493	288	20808
29130	325	14286
16153	278	14748
12891	325	18036
27962	325	20115
27739	254	11901
12057	288	27614
29318	254	11901
29491	220	15168
27693	325	19465
19269	325	19904
17987	325	13680
11103	325	16270
13503	280	19421
20537	288	15883
29710	258	26043
18238	288	18639
18549	282	18093
19049	325	26322
27520	325	16078
29775	325	28089
11848	254	20248
28282	325	16824
25785	288	18931
28419	325	17572
17785	258	29220
13180	325	11811
10596	246	13481
19978	254	28149
26121	254	14105
12304	258	29320
11801	325	13389
14596	217	19262
20515	288	13872
16360	325	16892
26019	278	29047
19221	325	17635
10780	258	19992
13536	288	27472
18951	325	11778
17092	278	18726
16868	325	25619
18206	325	18104
18769	325	20022
26088	254	13168
15692	258	29941
15534	288	20169
16209	254	12139
19048	325	10932
13098	325	27929
28917	325	10595
17735	325	26981
10532	325	13376
17377	325	20590
29027	254	25621
18730	231	15962
15298	288	13698
19577	254	20248
26950	220	14277
19025	325	25602
26615	255	18412
15643	220	16725
28084	258	11717
29108	223	27350
15204	325	27743
12154	325	16388
17463	281	17251
17746	325	28905
19358	280	16344
17969	325	15744
18238	325	14286
13214	231	29216
25980	325	10563
13297	254	28149
12380	325	19328
20740	325	13680
12627	254	28149
15564	325	18887
19457	325	28045
14594	258	25733
27142	325	29135
20416	254	17897
29152	325	20782
19491	325	18104
28083	268	29125
16233	325	12820
15951	325	14286
18968	215	17305
12445	281	13269
29520	252	28843
16935	325	19565
27859	325	16719
29227	254	12871
27796	325	20609
12231	258	25662
20660	325	13470
15634	254	16171
16654	258	28045
14759	325	15744
11467	325	25733
18352	214	20680
15401	254	14658
15051	325	16393
19218	254	16811
13951	325	18362
29530	325	28089
18867	325	28236
13018	220	28898
11871	325	13872
18209	254	26720
12040	268	16171
18974	278	28500
27325	254	11901
16986	325	18931
11597	325	29658
17108	293	16969
11451	325	20169
25614	325	10563
13567	295	12008
18332	325	26127
17776	254	11901
18627	325	14075
14194	325	19228
25500	325	11811
27250	217	14949
18970	231	14926
12689	325	18931
15684	325	27876
11601	286	11264
11794	325	10932
10560	293	28356
10679	254	10796
17119	325	13278
11972	258	12820
26394	252	12107
29506	288	12076
18612	299	10825
11248	278	16235
17988	325	26350
13866	288	20452
11075	325	20347
19531	325	26179
13043	220	10931
13803	258	18104
20914	263	28149
12764	325	17360
19964	325	14276
16277	325	13723
19334	325	15180
29897	325	15085
25953	325	14855
11465	325	29899
11910	231	17103
29016	288	26043
27934	325	27472
28068	254	12871
17068	320	11797
29552	325	14458
16058	325	11865
17726	325	17635
25964	254	12404
27341	325	28089
14867	271	28158
25996	254	29443
20841	325	14917
26638	325	12500
11403	278	29387
10841	325	25802
25646	254	20666
18351	254	16685
29130	278	26043
27180	254	16171
16313	325	16740
13714	325	16728
18977	254	20248
20748	325	13495
14679	324	29682
12860	325	18988
13106	325	27848
14541	325	19228
27138	307	13056
19384	325	27848
28171	254	14043
20509	325	20032
17841	258	16824
25505	288	14458
12459	254	14658
17967	239	29125
28238	325	13680
17894	325	26350
13697	254	10796
29013	325	13470
20456	254	16171
16727	254	25621
13931	288	18492
19259	220	20537
13370	325	27246
28253	325	18988
16666	252	25834
28652	325	12076
14165	325	14625
26183	227	28379
10567	254	14459
16361	317	29125
18954	216	15420
25783	325	20551
13494	325	17938
12772	325	19869
27908	325	19420
11954	288	25733
15124	325	13278
19045	325	19561
18626	325	11087
17639	325	26589
28123	258	15727
15884	325	20871
18554	325	16388
13799	258	14372
17066	288	28089
10750	288	12788
17671	258	29751
29783	254	28149
15347	254	11551
28317	325	29420
29463	316	28589
13484	325	27915
18521	325	13121
19529	288	20551
16994	254	28149
28393	325	18726
12719	288	12820
18847	325	16824
29604	258	13680
18280	220	16580
13532	220	29821
15761	254	28149
26392	325	16345
18556	254	11901
12611	258	20409
20554	294	26312
25797	325	10595
16770	258	26724
26992	220	26341
19574	219	26297
26202	257	18323
19655	288	26043
18053	294	13777
19188	280	13911
28787	325	14465
18810	214	18846
15897	325	28092
27894	268	20749
16345	307	13372
14945	325	20298
25791	278	18797
19287	258	16824
27560	325	28541
26828	223	12404
25521	288	28527
27957	278	14465
19984	325	28805
29099	325	15359
12097	264	27540
12775	254	11146
27506	325	12520
29531	294	27785
11440	325	18887
20886	281	11475
15016	325	20290
28682	254	11901
12939	261	26498
29090	238	15424
13859	325	12500
18068	263	26205
16723	325	29751
27776	325	14276
27559	325	18810
10981	325	20551
13482	254	12783
16767	325	29751
11952	325	12822
20993	258	13470
26153	282	28054
20279	271	29682
19551	254	14136
10615	317	26720
20943	325	17314
29196	317	17897
18693	258	29319
13285	254	14136
17422	316	11412
18115	254	26600
19379	325	11811
18194	268	14700
20588	288	20609
16935	325	16270
11969	325	20115
10902	258	29941
26180	306	16230
11921	325	29546
14260	254	28727
18451	325	28089
28479	325	18639
20378	325	17458
26012	263	26564
11984	325	14075
14821	268	26188
15920	229	17542
16407	268	19051
12795	325	16061
18190	325	16726
12778	325	18726
16178	278	20428
16872	257	12497
11222	325	12164
29879	290	27924
19141	252	14098
29145	325	12703
17834	254	11901
20506	288	15744
18932	220	27968
15540	254	27705
28881	325	12076
26729	254	26203
26040	325	10730
12174	231	14288
11294	325	26783
11393	288	28089
28828	325	20115
18376	254	26759
18348	288	20169
20844	325	12076
18454	254	14459
20786	325	17645
18981	254	18562
19727	278	20219
16276	278	11786
16465	280	12890
28475	281	27300
11079	258	27902
16056	278	16270
12971	254	10796
16384	316	11120
17913	254	18880
11285	288	19420
10763	288	25802
19599	325	13376
18308	220	12980
12791	231	27099
12320	325	29789
26024	254	11551
17219	252	18904
27347	325	26878
17656	254	29125
11333	325	25733
10708	246	15165
17793	280	13038
14506	288	20338
14978	325	20574
11962	325	26073
27018	325	13108
13339	254	14136
20095	231	16053
15766	325	27080
14804	316	29025
19012	300	19451
27179	325	18639
20860	268	20807
12199	325	28089
16206	288	12715
27045	325	10504
13000	288	14782
15586	325	12118
11882	325	14075
13080	278	11002
27134	325	20169
18548	288	29751
26650	258	27266
15110	278	25574
13286	254	16685
11735	252	26042
29470	254	18007
27019	268	13417
15559	325	28460
11816	325	14013
19633	278	27569
11257	252	28556
11822	325	20169
17469	325	20286
20617	325	12205
17651	214	26470
26780	280	13562
16043	254	12871
27163	325	26878
27290	258	28092
18095	218	26145
28981	254	28149
13290	325	18726
28555	258	20290
20468	325	14372
28490	245	13483
29782	278	12500
29365	325	28626
17596	325	29743
18611	280	14632
12751	235	13417
27480	325	19719
12941	254	12150
18888	268	20248
19981	325	14922
11909	325	14075
14894	325	26043
28616	325	12118
27114	254	20248
17746	258	26081
15637	325	28053
17016	227	28066
10904	307	29532
29219	268	14136
17731	252	13282
17647	325	18372
26150	295	12294
10834	231	18367
15098	282	15142
20580	288	14465
29618	325	10942
28137	325	14458
27308	223	20248
19931	325	14528
26701	325	18887
19503	325	27848
20396	325	27080
17694	278	16726
16463	282	28112
17295	325	14075
12594	325	29259
19445	254	20248
26249	258	14372
17136	219	13185
19011	252	12070
18754	288	18606
19740	278	18931
11944	325	15720
18696	254	12871
18621	325	13072
16127	252	17027
20317	258	16824
27278	325	17460
20364	325	16090
17461	305	16866
11759	254	16171
14069	215	18403
20598	258	26783
20419	325	20636
27374	268	19850
12509	325	12715
18355	254	11996
29005	257	27359
12858	278	19565
14267	307	29207
15544	325	16726
17741	325	20298
12846	263	14126
27120	326	14499
12337	325	17314
19455	325	11941
26339	288	10563
11749	268	29442
29370	254	25621
20376	325	27080
28932	254	28727
19861	278	14625
18895	325	19020
25708	325	28976
27066	254	12404
18593	325	11085
17453	254	20666
15905	252	26873
14315	325	16270
26695	254	27044
18209	325	13932
17985	268	11901
16574	254	16171
14014	325	29578
12484	258	18931
10559	258	28045
13254	254	27404
12872	278	14072
27873	278	11179
19596	220	27137
19448	278	16728
27307	325	15724
29545	325	20930
26249	254	27517
11913	325	28089
20791	325	15396
18825	288	15720
27970	325	19328
15145	268	11608
11171	254	12871
26034	252	17654
14426	325	13072
28912	325	17458
18549	231	27755
20421	258	20115
13907	278	18362
17783	325	14625
14118	257	12622
13653	325	20286
13970	231	19182
11287	325	12500
12831	325	17826
11037	325	16824
18390	254	11996
28416	258	10652
17928	325	18104
16202	288	28045
15261	325	26179
17528	325	29387
17219	220	28611
17014	288	18840
11158	268	15134
15069	322	27217
17809	325	12361
17795	271	13005
18022	325	18887
11406	288	12820
17632	325	10986
27708	325	10792
18156	254	28931
25673	258	15712
14066	258	10680
15867	325	19719
26708	254	11901
26352	258	10986
13327	288	12428
25586	263	11461
20722	257	19513
15246	325	28976
15027	325	11786
11954	288	27848
13668	278	20407
16072	231	16702
17844	254	16685
18359	325	20169
16011	325	12958
11484	252	20573
12342	254	13185
10509	254	14658
10690	325	18931
20715	325	19561
12914	254	11554
16424	249	11522
15150	280	18037
19700	325	13773
20017	325	14372
20598	288	11786
15307	263	14459
19159	282	12832
29056	325	25899
26079	325	18639
14595	280	15870
20361	325	16090
10940	325	14167
11750	258	26073
20991	263	28149
14796	257	18323
29824	325	11811
16412	278	29998
29918	254	17640
28333	325	13872
10570	325	19561
25864	254	18061
29763	250	14105
18714	263	20358
29815	325	27915
27817	325	12164
10952	325	29546
20342	325	20290
11566	254	20248
28917	288	14771
13701	230	13333
15271	220	27683
14309	254	20248
17035	325	14494
20104	325	29899
19799	264	26890
20822	325	26724
14961	268	14136
15652	325	29387
17960	254	11901
16885	258	17245
29003	280	20954
15122	254	16685
27587	325	18726
26076	325	25551
17611	325	14625
13407	254	16065
15819	278	20686
14927	325	25602
19442	254	18562
28024	258	20636
17143	234	28438
13595	325	13030
27530	239	12197
12313	325	16824
19709	325	16789
20268	288	18654
12719	288	25619
18486	254	14548
17336	281	17113
28928	231	16524
29143	325	27948
17561	278	13470
16091	325	26724
29026	325	27080
10519	325	29926
11460	325	16388
29618	325	25574
10724	268	11901
14398	258	14996
12128	288	12274
29982	254	29207
11355	325	26928
19454	254	11638
10731	254	12871
13959	325	28500
20653	325	10943
17157	254	11551
14884	258	29789
29043	252	18181
10900	280	25628
27100	220	10658
11620	278	17021
15080	254	26188
28022	325	16432
13291	288	13030
14732	220	11548
13031	325	13680
17203	252	13790
17615	325	14689
29181	278	16726
14897	288	18124
15679	325	13723
16294	325	11002
14224	254	11901
16408	254	19850
15595	254	16685
12870	254	14459
28748	220	12616
14856	281	18579
20208	288	29751
10948	280	28816
18479	325	26350
29238	220	28774
28238	325	18625
26819	268	17897
14660	271	13352
26519	254	28149
13764	325	28759
18064	239	13980
29380	254	28291
12488	288	19635
18237	268	19850
26518	325	17367
26337	325	15180
11219	325	12500
19663	254	28149
12880	278	10943
16113	278	25733
17160	252	17602
11738	288	18726
11215	288	10730
14734	325	15078
12862	325	26836
12290	325	19563
20644	251	16679
14415	325	12118
16954	300	18180
28081	325	27171
20488	325	26451
13321	325	29743
17202	325	11213
26870	220	13566
27355	325	20219
13097	215	27837
28617	325	15417
15033	268	11901
19900	325	18931
20481	254	19714
17335	325	13932
11532	305	26467
26851	254	28149
18261	268	11579
11421	238	13238
12134	254	20594
18833	325	16270
26531	254	16685
14574	325	12428
13178	258	20184
15356	325	14771
18134	325	25619
10883	254	19521
15347	254	15134
13291	288	17825
14016	325	16789
16707	254	20666
20798	325	14633
25781	325	16090
16639	316	19156
11794	278	13470
19617	325	25619
16436	254	11554
25734	325	18104
28544	325	14013
16939	258	18182
11089	325	11085
19253	268	28727
26171	259	13865
27483	325	17307
14562	325	10879
12538	325	16270
13064	288	14191
20818	254	16171
16249	254	11330
17325	254	12871
15063	325	12715
20839	263	15134
18095	263	27517
17046	288	26836
20413	254	11901
20734	325	28184
16234	220	14018
20589	294	29876
15408	254	12871
26074	325	12928
20768	325	26043
29396	325	25733
28856	288	29268
25827	268	20885
17898	220	19063
27545	278	11031
11123	254	20248
20474	325	27738
25629	307	28149
26090	254	17897
18662	252	12895
15534	258	20169
27369	258	16195
14969	214	13857
26137	325	15078
12951	305	17877
18935	325	26084
17267	305	18795
20542	278	26589
19176	254	17897
15874	325	18571
16372	252	10578
26694	220	19201
29481	325	12703
10778	325	11941
27985	258	12164
13039	325	12500
27714	278	18797
19726	231	26907
19307	268	11797
16047	254	12404
18207	220	17123
15077	325	12076
11011	254	20755
16649	325	14689
13420	325	16942
20474	325	14494
16777	325	10776
16989	223	27012
19806	325	26043
27567	325	20338
20284	320	17249
28141	325	29789
13000	258	18988
11478	278	20169
13850	288	19565
11688	325	16789
17247	325	20551
20371	288	26575
14886	254	16171
17493	278	19465
14336	222	18506
11740	325	27902
19658	254	17897
20329	325	20930
11985	254	25621
26956	254	11901
17161	325	18281
14589	305	15607
19984	254	28727
29987	325	18036
12641	288	29319
12412	325	27738
25634	254	15134
17157	278	28541
15753	325	15593
26934	325	10932
15350	325	25551
29696	258	20808
27046	325	15574
20428	263	14963
29801	280	25538
11542	325	11786
29280	325	12428
16129	297	16628
28739	263	13185
29004	325	29739
11134	325	13773
29993	325	16874
18825	325	29387
15546	325	12184
20717	325	17314
12371	288	18070
12088	325	29941
28687	254	26581
28635	307	26842
16870	325	10986
20836	280	11818
26966	325	11213
18751	325	20609
25911	325	11085
17648	254	14136
28715	235	20695
20052	325	11811
27592	235	11901
16709	261	11278
16370	325	18639
20602	258	14633
12339	278	29299
27230	325	20298
26175	258	18797
27710	268	20666
19871	282	18865
12212	325	13960
28478	288	13816
11204	325	11085
25865	325	13723
29236	325	15697
19829	293	28356
11971	220	29828
27896	325	14458
15561	325	29789
28540	288	28909
13002	325	12105
25887	278	16824
26378	220	29605
29145	258	13680
28915	325	15574
15293	268	20666
20084	278	17314
26428	325	12820
27403	325	16432
16634	325	26350
25902	325	18639
17461	305	12453
13355	231	17668
16399	258	20219
14733	325	16388
29472	325	18988
18629	278	10563
18148	325	12522
15252	282	29022
16565	325	10932
16172	239	12871
17664	325	10563
26285	325	27890
17428	268	11554
28006	325	20184
13826	325	18931
26961	325	27902
20372	258	17245
10550	254	17640
10837	325	16270
20246	288	19420
26407	325	26783
12719	258	25619
19691	254	29125
27776	258	14276
26486	263	18306
19959	325	10595
18655	278	28092
15035	254	25621
28326	278	11734
16182	325	20551
28721	316	26771
29007	220	29807
28757	254	16171
18834	281	10883
25575	326	28076
28320	325	11811
13261	325	26073
10892	252	25616
27201	280	17042
28274	325	26724
16330	325	16492
26214	325	20169
13183	325	20590
26818	288	20247
18269	325	16492
13443	325	12662
16094	325	12500
17092	258	12820
26594	325	28053
29574	325	29743
29578	263	29881
18056	325	18931
11664	254	12871
26522	254	11608
16588	258	27983
16048	317	29125
27843	254	14865
18232	223	29616
27275	325	12820
12641	325	26322
19093	258	20078
28023	325	26179
29248	278	13773
27159	325	29833
13540	280	29071
20670	325	20609
13682	254	11901
29638	325	16270
12747	325	29998
10681	278	29751
12329	325	28541
11025	258	29135
14044	318	28589
18338	325	14276
29344	325	16090
15938	239	18884
10778	325	10682
17527	325	11522
27604	258	11786
17705	258	19840
11940	282	15186
26249	258	17938
13993	325	17635
11548	252	28829
11265	257	20453
27579	288	29739
26989	258	12512
16312	325	18085
15422	305	17303
15292	258	27915
26778	258	28072
19022	254	14105
15999	278	29751
29363	288	15398
28842	320	26157
16050	288	27473
11185	268	29443
29158	210	26033
17292	271	28871
28501	278	13236
14607	325	12428
26442	288	15180
17272	288	20572
26086	254	16065
15279	254	29125
11628	325	20782
28421	325	25802
11953	325	28739
18246	258	14689
14472	268	16065
26292	268	29442
14398	254	28149
11071	288	11786
27193	325	20930
15906	325	25602
28967	278	16614
16691	258	15359
15974	325	27614
15043	325	29259
14743	325	12715
19696	219	14043
26375	254	18880
11071	288	14633
12695	325	27080
29515	288	11811
12558	252	15558
28156	325	20636
26644	278	12928
28837	254	12404
19817	288	27948
29728	325	28500
17833	325	18036
26691	325	14013
25544	325	20219
19977	304	15054
11173	254	26222
10797	325	26393
27416	325	20871
13378	325	19420
27541	288	10595
16732	325	27915
18379	325	13278
12595	325	29998
27779	325	28272
16599	325	20290
27736	325	27059
28196	288	26986
12133	258	20636
13007	213	27439
19456	288	13470
27627	278	25807
14480	254	29158
13859	258	16492
20498	254	20666
10542	239	27132
20115	263	11901
27434	288	18797
29515	258	18036
16645	325	12820
26205	219	10796
11145	289	13831
28706	271	17753
19033	325	11811
12338	281	27943
19114	268	11554
20484	325	26878
27237	239	19499
25959	254	10539
13803	258	20290
20524	254	15134
29462	325	17139
17384	235	27044
19777	325	25602
20334	306	26980
12437	325	27059
28941	280	25744
11751	268	18453
17674	325	16471
28278	325	25733
18727	325	12244
15597	288	12297
17023	288	16824
28874	325	25619
13377	254	11901
13548	223	20086
29482	254	10607
20179	238	15424
19700	258	12820
11176	252	13085
10640	325	17139
15517	325	10986
28912	258	27632
17545	325	25602
28865	325	20974
18503	258	27712
18447	268	11554
20532	258	29926
13825	325	12520
13799	254	12871
20333	325	20808
29504	325	17297
29466	278	14191
19232	258	28236
19607	325	17314
20320	278	29998
18218	258	25602
19379	325	19885
16223	325	14705
12376	268	16853
18357	325	20032
18219	258	19565
15719	294	19545
29116	325	18104
27240	325	29387
27441	325	18606
27210	254	20666
12342	288	19992
12257	282	13823
15220	288	19719
15673	325	15359
12130	282	15665
28145	325	20286
15926	325	11786
19258	325	18797
15742	278	19719
12283	220	17676
15316	252	13688
13492	254	14459
16551	258	15078
27179	325	11087
25508	268	11554
15039	325	27472
12547	279	27685
29887	254	29707
27878	288	16471
27194	325	18797
17859	254	28149
19776	258	19135
11307	254	11461
27188	325	15773
12038	307	20248
18591	258	29617
19140	288	16148
18549	280	19197
28423	254	14459
16676	325	28053
19044	254	17897
14769	325	29743
27701	268	13185
18406	325	20522
14983	254	19979
17662	325	20290
25905	254	18880
26898	215	18403
27312	325	12244
11116	325	12788
18069	325	14782
27180	258	12703
17982	254	14136
19222	263	28843
14590	325	13376
13934	254	13185
15241	252	18202
28162	325	29744
28117	325	20452
27741	325	28620
12454	325	11865
10717	254	14126
16114	254	15094
25546	325	29546
11121	252	15002
19398	254	28149
20120	325	27987
27470	278	10932
20673	280	11940
13234	294	29887
27717	325	18625
14027	325	27080
29809	325	13574
27868	288	15307
10516	325	13773
19160	325	13495
17612	222	26100
19043	325	29743
11462	252	28833
16050	258	26589
26352	258	27915
18525	325	19992
27165	254	25621
13799	288	29135
26235	325	20022
25751	254	16171
12342	288	18797
20090	325	26878
28615	305	29817
13367	325	12699
11902	219	26720
28353	325	11031
17290	254	28283
18422	325	20551
13549	278	28222
11574	288	20808
25991	254	11517
20271	254	28149
14227	280	16702
19056	254	10732
26617	300	11945
15962	280	18730
28378	325	13108
15976	325	20347
27938	252	20579
13697	254	26188
28282	254	14459
28115	223	13813
13632	288	16471
11840	220	11201
26247	258	29751
16629	325	29751
11396	258	28121
11444	254	20666
15199	268	13417
28690	252	27574
12296	254	17640
29147	325	26043
12559	325	12076
28369	278	14075
15910	252	19947
15912	220	29241
14314	325	29926
26561	288	16824
13128	282	27359
16579	288	16874
26022	252	18572
15416	325	14611
28548	307	20358
14767	325	15744
18628	220	12718
25568	254	16171
12806	220	13727
16619	278	19885
18703	254	16141
14181	325	13121
18121	325	28044
12377	254	14881
16410	325	26144
26821	243	20666
26442	258	29751
16819	271	27314
27062	223	18739
28856	288	27732
13735	254	13789
12691	252	29030
27842	325	26589
12218	263	16489
16565	254	20248
26156	231	18290
17616	304	12637
26689	325	28089
18623	254	10796
10684	258	16235
26105	252	11840
13111	325	12820
16507	325	14075
29696	258	26783
29434	325	18639
15498	254	12404
28555	288	20290
17368	258	20115
20201	254	26413
16579	325	17938
20252	258	26856
27905	288	15727
28483	325	14611
25701	325	19635
11392	325	20290
19844	325	16270
14320	220	26694
26392	325	16984
13213	325	18931
16094	258	18104
13179	325	14458
19146	325	18104
17333	254	13168
27373	288	18104
11065	258	19465
13027	325	16270
28587	289	11006
11964	305	11390
10775	325	18606
19694	325	25602
26531	325	18036
14171	325	18571
25562	254	13239
10993	325	19420
25854	325	16726
19288	254	14459
18771	325	19719
17919	254	17897
26300	325	12505
19783	258	27805
11256	268	17585
15235	288	14782
17884	258	29259
26248	325	14276
27655	268	14330
25591	325	14869
26064	239	13808
15825	220	14753
20360	254	18880
27869	325	26836
27160	325	19465
13093	325	28805
10640	325	29751
26353	325	14191
17874	288	29387
28469	325	19885
28862	300	28414
18594	252	17642
14736	254	20248
18464	325	28460
14346	325	12505
28383	278	29579
29505	258	20522
17637	325	19676
11625	255	26630
29069	263	14954
12996	325	13108
26560	278	14072
11746	231	11968
12555	268	11901
20880	325	25733
12839	325	12822
20266	325	20115
26829	325	13662
14590	254	15094
18466	325	11085
12680	325	15085
11506	263	11604
10918	288	25802
29910	325	11179
15717	257	12097
14398	325	15075
19194	282	12671
11595	294	15585
12135	231	13089
14872	220	14446
15024	252	29776
16018	282	13968
19131	325	12500
25540	288	17966
19178	325	19328
12116	231	15723
14506	288	28551
26339	325	27929
13305	254	17511
11759	325	16345
16831	254	29707
13198	252	18009
18650	258	19563
10703	235	11604
27532	325	28791
10646	261	18984
19337	254	20666
19509	231	15528
26252	288	25856
28742	254	11461
10921	325	15724
28572	258	15697
15263	288	27848
29354	325	28044
17130	325	28338
25897	325	15075
13858	271	20349
12343	231	19405
12532	325	28952
27468	325	20338
18596	325	26724
19492	258	27614
13830	258	14458
25903	278	15724
20851	252	29976
14994	325	25733
20689	258	16345
26250	254	26625
12074	242	14037
26383	290	27924
17841	254	14459
28807	325	20022
26335	278	14839
17945	252	19105
26113	325	12822
11639	258	12243
26252	258	25856
12413	325	28500
18249	325	19565
28932	325	12569
19781	325	18744
11610	325	28053
11889	325	12946
10863	254	20248
28274	325	27848
19844	325	27983
16277	254	17897
26270	235	26548
28631	258	16235
12035	325	13574
14983	254	14548
19254	325	20289
15022	288	12869
29808	288	18707
12555	288	12500
12395	325	16432
16064	268	14854
28422	252	18582
18082	288	28236
20806	278	29387
17398	220	19830
13737	282	17993
28351	288	19561
18518	268	17897
16210	325	26350
29567	288	28341
17484	288	15492
14161	325	18104
28914	288	15724
18276	288	17635
26189	278	20636
10666	325	27059
16558	278	19565
26762	239	29125
27258	325	25602
18330	220	14830
16759	325	20930
17406	254	27404
19929	278	16388
28948	278	13680
12234	268	25621
18199	325	29135
14130	288	12491
13513	280	27469
11840	252	20904
17664	254	17415
14436	282	27359
28360	325	29751
14021	254	13096
15685	280	25526
20950	258	15697
15193	307	20248
28606	268	16171
28237	254	26188
14989	325	29047
17496	325	14372
19025	325	16728
20817	288	29743
20149	254	14126
26688	325	20032
26469	270	11579
27447	325	28905
11954	258	16388
10901	278	20290
13530	325	25602
19831	222	26100
13911	271	27841
29175	254	28149
11435	325	18085
13277	325	27848
28731	288	20636
28230	288	19971
17882	325	20522
26767	307	28149
29699	325	17651
20901	220	16390
29627	278	15180
15001	231	12116
28920	280	20353
26944	294	20616
17752	325	29833
18788	325	29268
13825	325	11526
14744	258	20636
15842	325	14458
13648	325	18104
20856	325	14611
12950	325	13680
18947	254	14658
16692	325	16267
26798	325	27473
20674	258	29112
27447	288	12274
13526	325	27769
28947	288	26836
18677	254	12871
14538	254	29443
17827	220	12789
27248	258	26350
11515	325	13680
17472	325	28089
20757	325	18988
27786	280	14153
26834	278	26386
27010	325	20032
26561	258	29268
18287	325	13773
11581	325	28579
17681	254	19829
28833	220	11462
19435	325	19248
11546	325	25662
19845	307	17907
15563	325	16726
25950	325	29743
10696	258	27848
11990	258	16388
18593	325	29789
26638	325	12244
14203	258	14697
27760	325	18639
16357	325	18104
15410	254	20248
12866	325	18797
19158	325	18988
17243	254	16171
20078	263	18242
12191	268	26911
17815	325	29941
18008	325	10932
27147	258	18372
16482	325	14782
16022	254	11901
10529	325	17458
28467	308	27203
16925	325	13470
11230	268	14330
14797	254	19850
15732	325	20219
19563	263	20248
14077	288	28719
14868	215	11645
15532	325	27138
15667	268	11996
17983	258	28045
16952	325	29320
20762	325	14075
13010	325	17297
12095	254	28790
16552	278	16942
19177	325	20808
14622	254	13417
29575	280	12978
15511	325	12520
13722	325	16371
11542	325	25619
28704	220	18193
15387	325	12076
18082	288	12500
11265	231	18125
11691	325	19187
10568	325	29998
20404	258	17460
18535	325	26179
27196	215	19602
10545	305	16954
28309	278	17992
11276	325	29937
18407	252	11622
19747	325	10652
26226	325	10563
29248	254	14658
18551	254	18880
13772	254	13936
14894	254	14963
17272	288	27769
11181	288	16235
25941	325	15724
19260	325	15396
28723	325	19465
29202	288	13121
11396	288	12869
26409	325	27569
11181	288	11786
25874	325	19869
17622	254	14126
27374	288	12649
28653	268	13417
16543	325	26724
18623	325	11537
16116	325	27915
28057	254	20248
25743	325	26981
17235	258	15028
13006	325	18523
25526	281	12697
12744	217	19495
10692	239	12871
18846	325	16454
27575	325	13680
27367	325	13376
19505	325	28089
28179	227	18510
25884	258	17635
29604	258	14705
26259	254	28149
10665	271	17324
19756	325	15744
17409	254	28149
16897	325	14465
19436	254	16685
26553	325	28072
27033	259	13591
12122	254	29722
27905	288	27902
19063	268	14954
12197	250	17907
26816	325	16235
29300	254	13888
25777	258	18639
10577	254	11901
12006	325	25733
29990	325	14191
16198	280	15557
20068	325	16728
19743	258	16388
17191	254	28843
16416	325	26878
27457	325	20347
20087	254	13417
18113	258	16824
27089	325	25586
19961	258	18036
12515	254	20248
10821	258	20609
26527	289	15401
27343	254	20755
18565	325	17021
29119	254	16477
13480	306	16716
26214	325	29941
27593	254	28149
10764	325	13376
14164	252	17533
12827	254	28790
18790	325	19561
26178	325	13723
15793	254	10796
19807	254	17643
29327	288	17651
11334	254	11901
13658	254	28149
13075	258	29135
20412	278	14458
11204	325	29789
19033	278	28072
14601	325	26757
26242	325	16492
14498	325	18036
16876	325	12076
29565	325	29319
29685	325	26724
26443	325	17278
27015	311	25930
29467	278	12243
13760	325	29899
28412	288	11085
11364	288	16728
16164	325	29744
16654	288	12788
15466	325	28739
29758	325	28053
26728	288	16454
18900	306	14321
12892	258	26878
17106	222	16348
18831	325	12910
28776	325	29387
17430	254	28038
27428	288	26350
11520	245	25717
17040	325	14494
18737	325	26127
13400	254	19850
11300	325	28072
13092	252	12034
15182	231	20399
26851	325	18281
15649	254	20248
28732	325	13723
11441	254	28149
10700	325	11085
29044	325	12164
14799	263	15607
11081	325	15198
18621	254	11608
27041	325	15180
16368	325	29899
12778	325	19328
18241	268	29443
12560	297	27657
25758	325	27346
12317	325	20338
28962	278	16492
16323	325	18726
12089	278	11085
10954	288	13470
19180	325	20184
13489	271	15861
29483	288	28222
11632	325	17554
15101	278	27569
29056	254	26413
27255	325	28551
15026	288	16728
15530	254	15134
25759	254	11901
29225	254	20248
18048	254	25922
28496	325	14075
18321	325	26928
20195	268	17897
11976	254	14658
15777	252	15024
10948	271	19410
16446	325	25928
12153	325	29546
18883	263	27517
25748	288	29320
16635	325	20572
20878	254	14105
13618	325	18988
14221	220	28335
18517	231	12648
17793	281	15132
13890	278	12946
14863	325	26223
16658	325	17297
15025	325	12500
11966	325	19565
17056	325	14167
16799	268	11554
29391	278	26084
26577	254	11461
14735	325	19563
17773	258	10943
28137	288	20022
26935	325	14995
29738	215	19832
11647	271	14602
18295	325	28976
19681	280	28941
14997	254	14658
16854	325	13932
11803	223	26603
27923	297	26111
27529	263	11901
11622	268	11996
29352	325	16404
28408	325	17826
16771	325	20290
14978	325	20032
25797	288	25662
13582	325	16388
28238	254	28149
25824	325	15180
19542	278	29998
27503	288	14846
13905	325	19736
16069	254	29125
16051	325	27101
12733	325	19565
28392	282	18733
17372	288	11778
26916	325	15724
13729	254	16171
15523	254	11901
12566	278	20636
17908	325	20452
20175	278	15568
15746	294	15585
20765	325	20032
27217	299	26413
13863	258	14276
16207	254	25621
19456	325	19328
14811	325	12244
28086	325	12244
29907	325	20219
28906	325	12244
12774	258	15727
27750	220	29686
28019	325	12649
13149	278	11085
20179	290	27924
17588	325	13723
19556	231	20088
11345	278	13773
15062	282	13479
15150	282	15665
17335	278	18577
16276	325	11786
25911	325	29387
19002	254	15134
27477	288	20286
26027	325	25662
25987	254	13185
12024	325	14855
26803	325	18726
12983	317	14136
11553	325	14075
17883	288	27080
26249	258	13908
29174	254	17897
20756	254	19340
26047	325	19465
10814	325	16492
20055	258	20290
17514	325	28089
26826	258	17314
13156	254	28291
26359	325	20782
15429	325	29220
13333	316	13701
13306	258	15724
14710	325	26179
17405	325	10943
19719	263	14126
26020	254	14136
11289	215	12060
14098	220	19141
12124	325	27080
18209	325	20545
14188	239	16320
18572	220	14923
19131	288	25602
17940	288	12715
16062	325	27080
14815	258	15654
14531	325	14458
20782	214	19910
13069	325	28072
11252	325	13848
26859	325	13723
12271	325	27848
19625	254	14459
18507	325	26501
16676	254	17231
28261	288	12500
18022	325	18797
19828	254	28843
13427	325	13773
15153	231	18872
27934	254	12404
11639	288	18317
15790	282	12832
17233	268	26188
15409	258	13773
10788	278	15697
14458	214	29508
11225	325	10595
15473	288	12928
29886	258	20636
16206	258	18319
12742	254	16685
17600	254	28149
28482	254	14865
15710	280	12223
28596	307	17837
17620	280	17098
14724	254	14105
12692	325	18492
15982	325	28236
20183	325	20609
29790	278	18085
11620	254	18880
20004	325	12788
29415	325	28089
18693	254	11551
28300	325	25586
26214	325	20247
16450	307	14105
20548	325	11686
25924	268	29125
10550	325	10652
11446	278	28217
19881	288	12928
19354	288	18104
20697	271	29983
15187	288	14782
18149	268	29442
19071	255	17971
26913	279	12897
12953	278	18797
16884	223	12871
17259	278	13495
11465	278	16235
16036	324	27300
26999	214	12435
25719	325	12822
26062	325	12076
13859	254	11901
28979	325	14372
25897	325	19885
27822	325	27472
20147	325	26084
19344	223	12086
27877	223	18880
27703	252	20600
26215	325	27473
27212	325	18744
19688	280	20942
28181	325	28739
28484	220	16945
15012	278	27569
27045	325	27472
27003	325	16432
12913	325	13470
12864	325	18104
15026	325	29546
14314	254	16171
20361	325	15744
10852	288	25574
12219	268	11551
26407	254	20666
16929	278	17314
27331	325	18931
15887	325	18625
10771	325	12076
12186	325	18319
16475	288	17021
29310	288	13072
28098	245	27637
11950	254	14459
27663	268	14954
11582	263	12871
20516	325	18571
18365	268	14105
15435	325	18840
17463	231	17443
15737	325	28459
19529	258	14705
15731	220	16358
12213	325	20290
28364	271	29933
12991	254	28149
11216	288	20808
20139	250	28751
11835	254	14459
17762	254	16171
14778	258	12946
19093	258	27171
20783	288	16471
12456	263	14126
16100	325	28184
28701	254	11461
11153	254	16685
19973	325	17021
11805	281	28128
17049	223	18550
29285	268	20248
29656	231	26640
11141	288	16726
28830	288	18036
27624	254	11608
15983	325	27747
12996	258	28089
28738	264	25787
19762	278	20636
17922	315	20781
20298	214	11916
11466	257	18323
16742	258	17899
27761	325	20428
17705	268	19850
20581	325	18070
12311	325	12520
13442	268	11900
26377	254	16171
26007	325	29135
14666	322	29645
18904	252	11201
14579	254	11107
26561	288	29268
12974	220	28242
17117	325	18530
17833	325	13872
27319	325	28187
26296	325	15883
13845	254	14136
12963	325	17635
29057	254	12404
28424	254	11901
18765	325	15180
26199	288	14458
15195	325	13723
18192	252	26390
13177	325	13708
28830	288	13781
29787	325	17651
18553	254	29207
15301	278	13773
16259	325	14376
29782	325	19957
14015	288	17360
20274	305	17814
14193	305	12197
12007	325	29998
16871	258	18362
19987	252	15316
18950	288	14633
16071	317	10732
20919	254	25647
26491	325	28905
16295	254	26837
11617	214	13583
12639	325	16432
14524	268	13417
16154	325	27848
16692	325	19563
19175	280	14924
20428	307	20248
26071	325	27769
28947	288	27569
18368	239	10796
11920	325	16824
20992	220	11014
26522	288	26451
29790	325	19420
19923	258	26386
11011	325	15724
28383	325	29579
26799	325	11004
18805	325	16495
13219	278	26350
14213	254	11863
15960	281	14602
17140	325	20930
27178	325	13680
11045	254	11901
10855	258	29617
15084	325	12520
19481	268	11551
12377	254	28149
18288	325	13960
17070	288	28759
29282	220	28373
12795	325	19155
18794	212	13049
26108	217	11151
16307	254	11901
29602	219	14658
13511	254	16261
13375	278	14917
29581	320	19583
18935	325	28500
17435	258	14372
14733	325	20022
28691	325	19869
18204	288	13781
15476	325	17645
10889	325	17297
26666	325	26043
25572	325	17826
11313	235	14265
10790	219	17303
29719	325	11786
20447	325	15180
26635	278	15724
28708	280	16706
19645	223	11877
12113	325	28976
11973	280	10766
14128	268	16954
19793	278	29220
29454	288	29427
10757	288	11068
26602	254	17415
28096	258	19635
13036	278	14276
29318	325	16471
19269	254	11554
19883	325	28909
18002	325	12846
14207	288	13723
12364	325	20290
18928	325	12928
13972	268	18511
16795	271	13005
12515	288	29751
29527	288	19885
16721	254	11996
14043	300	16348
19900	268	29125
10811	264	12043
10836	243	11901
10587	258	11734
10812	215	16806
12337	325	28072
20075	254	11901
11076	278	27473
16349	254	11517
15213	254	12613
15036	254	13168
15237	325	12822
20266	278	12500
28747	325	17800
10670	325	27569
26150	254	11554
15196	268	14126
19160	325	13030
17946	223	10875
11706	288	29259
16718	325	26144
19757	254	12871
25891	222	18506
20178	325	27948
17287	268	19850
16435	254	11554
12565	325	26179
26090	278	26127
10991	325	18639
14380	258	18036
12384	325	29739
25783	325	29259
18218	288	26724
27871	324	16577
14380	258	14075
12318	254	19850
27397	325	29579
16108	254	14963
12785	258	25602
16428	254	11461
15979	258	26386
12072	254	16479
16343	258	28551
10767	325	29135
27059	214	16660
11089	325	16471
15420	239	11901
14447	325	27472
17727	325	19328
18141	325	28184
27934	325	27266
19814	325	13932
16538	252	28802
28485	325	20609
29523	254	11900
26328	325	13495
12092	252	12920
27707	254	20248
17323	325	27902
20000	325	12244
12259	325	29833
14981	257	12845
13758	325	16942
17892	254	14459
20418	254	11901
20529	301	14487
29218	254	28149
20771	325	18362
19972	239	12466
11359	278	20219
27191	325	12274
27294	325	16450
18759	325	26223
17895	278	26179
19830	254	15364
25749	325	13278
15115	288	11786
25658	254	11638
28156	325	15180
29814	325	17314
11133	254	27044
11857	254	16556
11142	325	12500
14644	220	27031
11324	254	19850
26706	325	11002
11284	223	17897
20772	288	25944
25773	317	11638
17532	325	13843
18043	325	27614
28270	258	29751
26529	326	14388
12633	288	14494
19448	325	18707
25707	254	28149
18029	254	12871
12310	231	11768
16210	325	25619
29337	288	15568
25672	325	11917
12066	325	27915
29820	325	16824
13084	263	14126
28975	325	14611
29279	220	12246
18247	288	11872
11529	325	29998
25990	258	28045
13132	325	18036
18843	274	16625
25872	325	14372
20712	254	16451
20862	325	16404
20869	220	29994
16519	325	15106
19700	288	20636
14612	254	28149
16079	271	12020
14594	325	25733
15959	325	11778
29325	325	28053
16946	268	11554
13930	325	20022
17180	254	20248
11505	325	25602
12168	288	10932
29397	220	12930
15760	325	28053
19435	325	29899
19530	280	29981
18063	325	15744
15731	220	11697
26951	258	15744
10850	325	14372
25960	288	19328
15369	278	13470
17749	325	19565
14669	288	20808
29146	325	25733
12237	325	18331
29568	325	10686
14204	220	27701
11835	325	18226
29067	254	15456
20122	231	26567
18224	325	13236
19609	281	11475
26640	257	16737
26717	268	11901
28331	281	29682
15724	263	25637
26401	278	14611
18904	252	11840
28942	254	14136
18021	282	27335
26966	278	11213
28811	288	14611
11975	254	16685
29276	278	20636
27433	220	18559
17833	325	16235
17590	252	14158
29025	239	13808
17219	220	10525
29053	281	27300
10565	325	15697
19691	325	18931
12937	325	17572
12563	325	17458
25969	254	27016
19089	278	12928
19604	258	27059
14012	325	12520
26387	220	20864
11115	325	15697
18814	235	27044
18399	223	16247
19883	325	13121
17505	278	11213
27516	286	12294
25944	307	17813
19254	288	17440
14797	325	26386
20772	268	29763
11448	288	11522
15101	325	26350
12892	288	17651
19669	325	16235
20547	268	28149
16466	288	15883
18618	325	16388
17588	278	13723
15844	288	10986
18630	282	12653
28104	220	15336
12455	325	15697
27145	258	16726
20588	288	14458
27490	325	19420
26880	317	29465
12246	220	19367
26222	300	12381
19542	278	12164
11955	288	16388
25718	316	15352
26878	263	13417
25599	325	12076
13062	325	14625
12188	288	26724
18149	220	18675
14540	268	14136
27045	254	10526
20341	254	14136
11400	254	10796
17757	257	28054
15235	258	14782
13428	223	12596
13338	325	29673
13835	325	28341
13258	254	17897
26882	223	18749
12066	325	28976
27256	325	20808
29842	325	19248
27367	254	20248
12827	325	26444
14667	288	16874
14946	325	17314
28553	325	20930
26074	254	12871
13738	325	20551
29790	325	25850
17690	325	14922
12176	254	10796
13948	278	25944
17808	325	17635
10988	325	13470
20317	288	14996
28090	268	14136
17157	325	13495
18082	278	13470
20264	325	14376
13590	288	27948
14938	254	20248
15615	254	14658
20655	325	17825
19367	252	12246
16469	325	15697
26069	325	19465
16887	254	13239
18448	325	20551
14042	220	27719
18771	325	12218
14182	278	13680
17131	325	10680
12252	325	14625
27947	325	18372
12672	325	14270
29758	325	14782
17677	219	14043
17034	325	17139
10808	325	15574
27831	222	20892
13260	325	18281
28585	325	16432
29869	220	14446
16642	271	14457
11268	325	12965
27767	325	10595
10736	254	27252
27953	325	15180
25830	325	16388
18203	290	27924
16422	254	12404
13915	258	15883
26231	325	29220
18353	325	20115
17100	325	20636
20325	278	19565
28300	325	27138
14003	281	17077
14723	325	16728
12812	325	12715
29814	325	13872
27669	325	14034
11290	325	20022
14120	325	15565
27092	325	13072
26252	288	28044
20850	220	19559
15223	325	14465
11049	288	17572
16057	227	11208
12769	320	15955
18179	258	15396
14273	254	13185
15452	254	13168
19159	282	29765
17558	325	19465
28813	325	19187
20169	214	14333
15901	281	17312
19540	300	18506
18603	288	14611
10637	268	11901
28365	288	10595
18922	325	15565
10700	325	11778
29792	254	28727
26859	288	13278
29637	268	15741
17644	278	19248
13938	325	25662
26973	254	17187
16148	263	14126
13613	325	25662
27014	258	26179
15603	254	16171
20474	288	27738
16292	325	29220
17461	305	25922
11907	325	18887
14337	324	13482
29404	325	15028
14169	254	20666
11693	258	28480
11017	268	17897
13224	257	27642
19804	320	17643
14558	258	13773
14076	325	18085
12267	325	10595
15331	254	14548
26210	325	15106
20912	325	29739
17650	288	18988
14404	254	14459
15780	278	13773
27638	263	11608
26027	278	27080
28273	325	20636
29304	254	14126
19581	325	29546
12884	252	16204
11538	325	15712
13083	268	20248
27464	325	11085
17340	254	25621
28055	220	15316
26686	325	27805
27400	254	14136
26654	325	28184
15874	325	20930
11355	258	16235
15368	288	18331
26763	254	20248
15355	280	11873
26588	325	18085
19637	271	19519
18448	325	16942
29770	223	20434
12295	288	14072
10552	325	17139
19586	325	20032
13307	254	16685
17372	288	19971
18973	254	11901
10899	300	18506
27366	258	14191
11976	325	13343
28099	280	27379
25681	325	12569
14957	325	16726
12443	213	11938
15460	325	13278
18875	288	29739
16334	288	12857
12170	325	20032
27510	254	26188
28069	325	12743
29254	324	29606
10926	254	19277
20451	252	26380
20219	307	11072
15897	254	17897
13824	325	18104
14537	325	11617
12792	323	11395
10923	325	26757
14960	316	14593
12804	325	20794
13551	325	18104
27971	254	17511
26791	258	25602
11682	220	17855
11880	280	19533
18790	325	18182
28709	325	16432
11410	325	16388
18146	325	27805
17086	238	14110
27721	278	18577
11441	325	13680
18135	288	19465
13189	325	18036
13403	278	27902
19595	325	15180
27627	258	19561
26686	288	16824
17236	325	27902
18982	239	18884
12502	278	15568
15267	268	10796
13595	288	28045
18937	325	29743
28492	325	14922
28688	325	15724
27959	254	14658
10813	278	14458
19327	220	17956
20589	294	16772
29636	325	18931
16460	282	13968
26401	325	16235
27351	325	20169
20363	325	16824
20292	288	12243
19871	271	14602
13304	239	20939
20402	325	13872
19739	216	10941
12970	282	27735
14476	325	15089
11382	258	17360
12585	252	14239
20487	288	29259
12611	325	15396
17676	254	13415
19585	254	20248
29539	254	17897
20273	273	15464
11677	325	17554
17236	325	11786
16083	325	20169
16625	248	17643
17989	325	17245
10989	325	15028
27847	254	20248
28318	258	28739
17234	278	26322
20821	252	28521
27697	278	11069
13466	254	20248
18423	325	20522
28586	254	11901
11641	325	25802
11339	288	11085
20037	254	14126
16176	325	12244
16744	278	29743
13275	258	14611
19622	325	29135
16703	325	13470
16359	288	17139
19695	252	28065
28681	325	20522
13469	239	12466
12402	325	12184
26647	325	18124
12807	254	14658
18274	325	29833
17819	325	20452
20877	227	26809
15077	325	29259
29981	281	15525
15511	325	29546
28171	220	20785
18325	254	11901
20971	288	20169
14774	254	20666
26993	325	26724
26332	254	14136
27582	254	29125
18570	325	14075
27480	325	12105
11779	325	28045
15278	325	19420
17824	278	28460
19813	268	12871
17664	325	19248
20790	254	11901
28111	254	12871
13332	325	10563
29344	325	28044
19577	325	11650
17226	322	20583
15115	325	14820
19954	254	16171
18025	325	13784
27181	305	27350
29259	214	26475
20832	257	18865
25811	258	26144
28372	220	12036
15082	325	16270
14157	325	19736
27849	325	11068
11454	220	11971
29401	252	26895
15561	325	15565
26297	300	16348
14683	254	10796
17395	220	26895
15566	325	20338
14633	263	12871
11384	325	16235
27046	325	14075
11090	325	20219
18640	254	27252
26678	325	28976
20168	325	10986
15777	220	12100
27315	288	13723
12935	280	27829
20068	325	27902
20089	325	20338
15489	254	14658
11794	325	28044
12521	263	12404
13454	288	19869
14691	268	14459
27147	288	27266
19606	325	28976
29656	280	20177
12686	325	20032
13403	325	14633
25773	235	11638
26195	325	19676
17924	252	15506
28930	325	29833
17936	325	18542
28498	325	13130
14207	288	20022
11463	282	29620
28409	254	13185
17954	268	11996
26691	325	26713
17679	259	20514
16280	220	20546
15809	325	15075
17017	254	12404
29105	325	12928
11796	220	12578
11570	258	15724
25893	254	13185
12445	280	19188
27816	325	28500
18200	325	18931
27911	254	12871
19216	325	16148
28623	278	17360
17490	317	28862
13537	288	14286
26889	258	25574
25724	325	15075
16258	278	11286
28483	254	13239
15198	263	29207
11707	325	18988
19492	258	28480
17408	288	13816
11474	325	26878
16395	258	20169
26688	325	25619
19585	258	15106
10991	325	27472
27587	325	25619
15951	325	13470
17772	288	27902
13943	254	11554
10826	288	11085
18869	325	27848
14345	325	20636
15869	325	14625
19893	325	25733
10634	220	13446
14853	325	18217
18961	288	28607
11827	325	13843
15011	261	29395
26294	325	18104
17465	288	14782
12004	258	25662
17597	278	26179
10922	325	29320
29427	263	26217
29424	254	14658
12635	254	11517
27356	252	17165
29136	325	18362
18599	219	26297
14653	315	16377
13614	254	29125
12257	280	15303
11122	325	19187
12120	258	20974
27732	307	28557
10775	325	29488
15521	254	28727
17748	325	11085
16184	325	19420
16845	235	14126
17601	309	19217
17876	325	25733
16988	325	27473
26688	325	13680
25789	325	12428
19625	325	28341
20353	231	28920
12639	254	19451
27029	325	17314
20866	325	27080
16004	254	25621
19871	281	14602
16117	254	10732
13430	254	17897
16842	230	11933
14795	222	20222
26009	325	20286
29833	263	20755
20689	288	16345
19148	325	20825
18520	325	14625
25525	325	14458
19932	325	26144
28213	305	19880
19204	288	11084
28447	254	15826
12385	258	28551
13288	254	18511
14236	325	11537
13242	254	11461
13993	325	17245
17289	239	29125
20780	268	20248
19353	325	19328
27987	307	27645
14599	325	10898
26160	254	16171
16537	288	12910
15323	254	10607
14977	325	10563
14725	325	20298
18345	325	14372
11036	325	16454
19582	254	20248
13779	252	13757
13009	258	18104
27985	288	14633
11523	268	11554
15342	325	17314
19140	288	17651
28229	254	19979
14783	325	12411
13477	325	26144
15893	259	13865
28226	254	20248
10735	325	26878
12879	271	13768
26711	325	19019
20710	325	20452
10809	220	12403
28889	325	19335
15674	257	17609
15510	325	16235
27035	325	12500
14592	325	14372
17048	325	15106
14142	325	20930
11242	220	18896
12166	268	26297
16218	316	19600
26014	254	19426
28433	258	19736
28672	325	27848
29046	281	14550
19325	325	20338
19527	252	14556
29710	325	16964
13488	325	15724
13388	325	19420
13421	288	27732
18590	325	10730
13125	251	16539
29753	254	11996
13139	325	20286
16291	254	10539
17483	316	29384
20833	325	11811
20809	325	12244
11594	254	13518
10852	288	16345
28913	282	17455
19793	325	29220
18521	278	11786
28828	325	20574
19489	325	15106
27844	288	15724
15035	325	20219
18025	325	14846
18474	252	29077
29359	220	27137
29208	325	16726
12709	246	20349
18754	325	11002
17983	325	19736
16706	281	10782
26706	325	18606
13490	325	29833
16686	325	27059
25960	288	18070
29576	325	20032
11281	252	18020
17928	325	10595
29253	325	20636
26749	325	20022
16331	325	17826
13312	235	11901
11992	325	18988
17246	288	11811
28124	325	29546
26118	288	12662
29470	268	28727
12790	261	29384
15379	325	12957
28212	258	18726
15960	231	29587
20254	268	14136
18589	325	10939
10592	325	27472
26172	325	29998
12094	325	27983
26324	254	18942
15769	258	16824
14223	325	20636
17364	278	27902
12252	325	10563
19066	220	13982
12323	254	13185
25587	288	20609
12462	254	11996
12933	325	28045
18442	325	15218
19270	220	14919
13001	254	16171
26352	258	12846
25660	254	19704
15372	325	25942
27690	325	16726
28666	280	28800
11091	278	13278
27025	278	12076
15871	297	12194
10648	254	29207
12503	325	12244
16628	254	28862
12313	325	29673
19431	220	18628
26299	258	10504
13570	254	13239
20506	258	19228
20289	307	13096
29533	325	15883
28014	288	28072
11565	278	16728
26943	246	25933
20207	325	27569
27269	268	29125
15761	254	14459
17503	325	18036
20604	325	10932
29444	325	12491
15740	220	26104
16044	252	13521
11001	271	16550
19795	254	27044
19039	252	16720
14667	254	28149
17748	278	25662
18049	252	13710
15515	254	11579
15873	254	18880
27037	239	16367
13308	254	17897
25731	254	26205
20464	258	27171
16012	288	25619
13572	278	13376
15887	325	14535
27228	278	15417
18216	254	18562
29544	252	28699
19601	325	10595
27125	325	14075
29503	325	12662
17039	325	25602
10872	325	20551
19401	325	12244
28574	325	14075
10649	325	18182
13166	254	28066
11375	254	16171
29344	325	26043
29729	225	13411
26267	258	29744
28049	325	12218
10948	281	19410
16427	254	19927
18005	325	19222
10620	325	14465
29326	268	20248
14224	288	10595
18517	271	29850
29725	254	17897
12441	325	11811
26253	254	28149
11969	325	17494
27774	254	11901
12122	325	11002
27916	325	20808
15035	278	14465
16263	252	14519
11791	288	29135
13373	325	20551
14201	263	28149
28376	254	27044
11970	254	28108
17903	254	28149
27752	325	19676
14992	325	29135
16050	258	18840
27445	254	12783
19510	325	16492
13646	325	13843
18017	288	18797
27403	325	20794
27150	325	13470
27210	325	16726
28068	325	26970
12188	258	27848
15896	278	10792
17994	325	16728
27279	325	29751
26499	223	16271
18401	254	14126
28436	325	13872
15052	288	18577
27362	258	14941
26808	325	20109
29352	278	12522
25904	325	15075
18435	258	26878
16833	325	17314
17557	282	20103
13981	254	14658
28157	278	20219
29609	254	29443
11819	325	17966
16911	254	29442
18320	254	27044
18826	325	19563
20068	254	13185
29869	252	12414
20326	325	15180
16359	325	26386
13978	316	26423
20887	280	16014
19885	263	17897
27406	325	26724
11958	325	17554
15514	325	15574
12907	325	29789
29278	278	26757
10997	325	20298
15196	254	28931
29311	325	18726
16358	252	15731
25722	325	20347
15206	288	18104
20068	325	16388
13760	325	10652
19958	294	14406
26157	300	17461
20530	254	17897
18563	325	14191
16766	325	15712
13639	252	11993
11846	325	15450
20365	258	17992
16456	325	20290
20259	325	28952
10753	325	20522
13715	288	29789
20629	254	20248
10742	278	26589
11727	325	10636
19469	325	25662
20002	288	29926
12312	300	28075
28846	325	20298
12920	325	13773
12725	305	18884
17019	325	27876
11768	271	20840
14310	254	11901
27557	220	29279
10516	325	27902
16523	253	10761
19190	325	28952
29845	325	13773
20261	325	17634
27448	325	18317
28414	305	20379
19483	325	20171
13559	254	13239
14551	254	13670
26914	268	13417
27593	325	29743
12790	316	29384
14527	252	26832
26273	239	29125
13874	325	13843
29067	288	15712
27262	254	14126
11032	254	28817
29932	325	26322
12520	263	20173
28614	325	13848
13664	282	14563
13904	325	26856
20999	300	27517
26946	258	29998
18438	257	19644
10685	239	10796
29957	325	17278
25564	278	11084
28423	325	11084
27155	231	27554
13712	325	10642
10696	258	28072
29200	325	13376
25602	214	26956
12850	252	18112
10650	325	10730
20630	325	29941
19328	214	12004
20793	325	20286
14897	288	28045
29078	268	20248
19910	325	27769
15553	325	20808
19699	235	18550
29327	258	18744
10586	235	17897
20822	254	19850
27430	325	20782
16451	210	29881
18449	316	13631
12267	278	20636
27152	254	20248
26826	258	26724
18136	300	29274
20619	325	17314
28096	325	19635
16092	252	29266
13525	325	29259
29851	254	18418
14853	325	29220
16560	254	18562
28912	288	27632
27191	325	27211
14564	254	27410
29166	258	13470
28183	252	25972
15887	325	13848
11219	325	12428
16966	254	16171
10888	223	14999
16821	288	20032
29716	254	11166
19433	325	26575
29043	220	29300
15735	325	15883
15335	254	28149
20783	254	11901
29618	325	11872
14182	258	18319
10947	325	28045
25562	325	18578
20148	254	14136
12129	254	16685
27932	288	28849
20765	254	14459
28807	325	11811
16151	278	14458
27897	325	18744
20232	288	19228
19352	325	29899
14343	325	18797
28041	278	13680
16928	258	11756
16159	254	17237
18085	307	28149
20641	325	15028
17480	325	29751
17840	258	11179
29611	325	28719
17834	325	11214
18957	325	29743
13974	294	16150
12573	325	11179
19752	213	16709
18302	325	15277
25989	288	16235
28110	325	13908
15969	325	13280
15475	325	25733
19924	325	15574
19059	288	28607
28622	326	16731
18139	325	18726
10561	254	20248
12861	325	20636
27056	258	12274
19658	325	26970
20324	278	27876
18193	252	28704
17105	258	20022
15228	288	12649
11485	325	20169
11921	254	13185
17495	220	19628
10918	258	27080
15885	325	17360
14211	278	15724
27910	231	26193
28303	325	14831
28540	288	29135
29566	325	16345
16575	325	19328
18409	258	28045
11976	325	20032
13192	294	29447
17180	325	11004
12862	325	17651
27156	235	13185
18238	325	27948
26974	325	27472
19031	325	13276
16058	288	12500
14408	254	20666
10890	239	14700
17668	231	14513
20691	254	16171
14407	325	11786
15534	288	26043
28051	325	25516
27126	252	16501
26840	324	18779
16994	325	15307
19057	254	19979
29452	268	18901
28754	254	17511
12925	280	27099
17578	294	14564
11782	325	17297
13826	254	17415
17689	325	14458
28462	325	27747
28433	288	19736
29974	254	14459
17636	288	27902
17496	325	11786
11882	325	11811
27818	254	18880
13896	252	12301
13578	325	18523
28261	325	20290
13306	288	15724
17149	268	17897
13652	282	13519
13095	325	12703
20017	325	12297
14910	325	12500
16551	258	20109
27278	325	27876
18296	325	18362
18055	288	20219
19772	258	27177
12853	300	17786
12239	260	26795
26622	325	13470
11299	254	11901
16205	240	29509
29752	258	26386
27107	316	27439
11647	282	18865
18939	322	28219
15292	258	26878
28109	278	16388
14286	307	14247
20189	254	11901
27541	288	18104
26484	278	14167
26866	252	26245
17225	258	12218
18632	325	15724
18487	271	17324
14864	254	17640
18724	325	12500
10889	325	18317
13568	278	14270
13918	316	19156
15621	254	14291
11978	325	29789
29682	254	14136
26816	254	12871
20062	252	20747
25766	325	17651
12839	254	11579
13986	278	13470
29890	288	11179
13308	325	10943
17033	325	29926
12635	325	26501
27120	254	11554
17009	325	20298
29881	311	10689
28065	252	26056
20105	325	17314
13137	325	27983
13601	325	16492
20029	254	26188
15793	325	11815
15123	288	29617
20712	325	20491
17258	325	20574
16134	223	19678
28234	325	18887
20556	325	11004
27264	325	28620
29055	268	11638
27935	325	20428
19543	325	29259
16145	325	28044
14711	278	28045
27430	325	16712
16469	325	26386
15249	325	28089
11391	325	15712
27044	300	20892
17945	220	18927
11594	254	11901
10914	325	28187
17219	220	12940
16275	325	18797
10950	325	12520
28026	316	11278
14775	227	14033
14390	325	26386
28248	325	18577
14481	254	12871
11071	254	12871
11190	325	20022
12152	254	17303
18284	258	18034
11788	257	19410
17176	278	17360
28155	325	18931
25691	254	11146
11144	214	14305
13448	286	12632
17206	280	20422
25530	325	12428
14554	325	11084
15153	282	12832
17816	278	18726
13565	325	29488
11091	325	13278
26931	325	19328
28666	276	25549
12383	252	19195
10549	325	25516
29115	223	14024
29747	258	18104
28312	325	25602
28668	288	11069
12902	325	28044
29439	268	11554
16223	325	12965
28574	325	28072
18018	325	20169
11360	325	13236
15577	215	28848
27147	288	10652
29038	254	16065
12976	278	28500
19870	254	28727
18452	325	13680
10735	325	28976
19075	254	28149
13473	325	29751
26966	254	26188
20796	318	29086
11215	288	25516
27068	239	18242
10923	325	18226
28097	325	29751
27991	252	12083
16819	281	27314
15065	325	10898
15424	251	19639
27759	325	13781
12203	258	11526
26601	325	16432
26595	280	11973
15173	326	14805
12535	325	20572
29240	325	28551
18074	288	15697
10993	278	19420
26136	325	15106
11636	252	28690
20484	325	14892
13061	278	16432
27450	325	18036
10772	288	13072
19708	281	16548
15819	254	12871
13191	325	26486
25725	258	19516
19532	325	12820
18349	258	11686
14770	278	16824
29370	325	15883
13712	325	29069
13202	254	11996
26772	268	14126
26650	325	14922
17139	263	26600
18348	258	27983
28246	325	12076
16783	325	25733
25955	307	17331
25707	325	15307
17189	254	10732
15381	220	26665
13926	280	13369
15060	258	28527
12395	325	13872
15111	325	16789
20413	325	20032
17024	254	12453
26301	254	18880
16533	325	15724
26399	254	28149
13263	294	15585
15212	254	13808
12892	288	26878
26456	325	11865
18628	252	19431
19209	235	10958
26750	238	15424
11667	325	15028
11112	325	14465
19231	257	16651
15123	288	20636
12515	258	29751
20433	325	27805
28165	325	29998
29776	252	11575
20134	325	18797
11519	325	26986
27538	254	13417
29690	278	18182
28256	278	13072
15230	325	18272
27581	268	27404
12455	325	29998
18033	258	18070
16487	258	27266
19448	325	26144
15890	325	13495
10956	253	13670
27075	250	10571
14214	325	17021
12477	325	15565
14054	230	14054
17916	325	27848
14130	288	12715
16730	215	26495
20414	325	13236
19788	254	12404
26831	325	13376
19673	231	17646
25905	254	19850
12380	288	13872
28124	325	19328
29946	288	18840
10684	258	26179
29156	325	14799
28209	245	13483
13499	325	13833
11109	288	26589
16595	258	18988
15563	325	15724
28540	258	29899
15063	288	18523
10530	222	16348
20745	325	18639
28762	288	12218
29678	258	29751
18433	325	17826
18293	258	17651
10584	288	14465
27035	258	11717
19220	325	29546
20804	325	15106
16248	278	20636
29399	278	29751
27469	281	20800
19241	325	16728
17998	297	26278
18851	254	27044
10777	288	20289
19046	254	11902
29514	325	10563
11812	325	26386
15160	288	13470
20131	297	26495
13649	257	14466
28142	325	13588
29068	278	15075
28562	325	17458
28425	325	12428
26504	254	14136
25725	325	28053
28672	258	26724
13550	294	15891
26462	288	19155
14061	325	15712
15625	288	14458
29295	325	11778
19019	263	27700
11301	325	13108
13874	325	17635
20216	282	13166
13538	325	19719
17656	325	18931
16141	322	20964
19858	325	20184
11138	325	12662
19647	278	29789
20777	325	17300
13759	257	27359
19132	235	13185
11164	252	27049
18941	278	18226
17127	325	14372
15866	288	20428
12330	325	12958
15941	316	25550
19795	288	26085
18413	231	11885
12842	325	20409
18065	288	29789
18624	254	14459
27468	254	11901
16715	325	13072
16801	325	12274
25578	325	14167
20916	325	18104
20516	325	12105
17383	325	18639
28862	300	28615
20783	288	20219
15266	254	11390
19492	254	16685
29625	258	13030
14772	325	19328
25836	220	14113
14324	258	15075
25878	325	25944
14179	219	17897
18665	315	16670
11672	254	12404
14781	288	16492
19057	288	25994
14815	325	15654
19911	219	14043
12463	288	29142
12785	288	20115
14198	325	11179
10769	325	11068
16027	325	10652
12508	254	12404
17575	325	19420
15522	254	28149
19398	325	11213
13303	325	15028
13775	258	29941
26650	254	12404
20537	325	20636
29000	325	12662
28598	239	17897
26588	254	14459
12873	325	26179
28130	263	12195
27970	325	19565
13599	254	10958
29034	231	16485
16578	254	14105
28761	325	18726
16869	325	17458
18446	227	12053
17419	325	12958
29026	278	13030
29457	325	19565
18565	278	17021
29728	325	26386
12088	325	26179
18977	325	13470
17375	258	14676
20856	258	28045
26464	278	13723
28992	325	12076
20340	280	27786
19140	254	28149
27614	307	29024
11528	258	10595
29513	317	26625
27035	258	27805
29042	325	16614
12595	254	16811
15590	220	16659
11429	258	10636
13016	268	14126
26411	325	14782
19997	254	20666
14022	254	13239
10705	325	16432
29508	288	12076
26977	325	19904
16600	317	17897
13500	254	12871
26709	325	18994
13726	223	15972
11275	257	28345
19512	219	11638
14084	325	26127
13226	254	12404
12225	325	25733
15549	288	13389
14083	254	20248
27277	325	15697
19485	325	20219
13235	325	18036
14284	325	18606
27484	325	17139
14027	325	14494
16748	325	12822
17436	278	11085
26945	288	13470
14339	325	17139
16111	268	20755
11754	325	20115
13877	254	14459
18506	300	19979
15596	252	16123
27539	258	16500
28609	325	19885
11060	325	27738
19147	325	16090
20433	325	13072
26522	288	19465
20414	325	13470
16437	258	13872
17764	288	10932
28238	258	10879
27550	288	11526
29861	325	17139
11372	325	12076
29148	325	27334
12922	325	18362
13448	286	18952
10577	268	11901
16486	325	20522
26106	325	19635
20967	239	11901
27009	325	11087
29964	325	12500
10815	325	14611
27897	325	29743
12808	258	26724
12138	268	11554
17267	300	18242
26419	288	15744
13987	213	15655
19207	325	14922
11916	325	12500
19435	325	15724
18427	325	14465
29532	263	14658
20397	258	10595
15055	325	15646
27021	325	29751
29264	278	16371
26087	325	18797
13642	254	29626
10934	254	29207
16486	325	18104
19174	325	13130
28828	325	14458
19490	254	20594
17443	231	27524
16609	219	14043
20876	325	10595
26730	254	20248
29787	325	16942
26242	325	20115
13230	281	17993
14898	254	14136
14733	325	12820
17750	254	25621
15854	325	18182
18239	278	14917
17168	263	15134
27731	325	28072
18179	288	18744
11958	325	14458
20006	325	19465
29761	258	28184
11722	294	18183
27702	220	20041
12474	325	26757
18788	325	10986
15382	231	18119
14426	254	10607
12794	239	18795
20903	263	29763
20908	325	15574
18059	325	28909
19910	254	28149
13298	325	20930
13183	325	16235
12102	257	12845
14381	325	26724
28996	325	25619
15935	294	20668
13630	325	18085
13439	325	17245
25875	325	20032
16255	280	28364
19218	278	13932
16545	325	19465
28903	325	12957
18319	263	16977
20055	288	12105
28471	254	29881
12189	254	11901
26296	278	14611
11906	325	20286
13975	325	16388
13408	325	18606
14531	258	10595
27370	325	19420
15387	325	27569
20049	325	28500
16569	254	12871
26738	325	12327
13804	325	16728
12906	325	28184
26213	258	29789
19690	325	18577
14705	214	16551
14114	325	17458
15840	325	19635
14834	325	19869
25918	325	27848
27904	325	13121
11983	325	29751
13663	280	10702
18082	288	13470
15220	258	26327
15219	325	17360
26997	325	14458
27506	325	14201
18587	325	16789
17666	223	20741
10782	254	14136
26594	288	19719
14941	214	26335
17928	254	11901
27668	280	11244
15653	260	28481
28802	220	16538
29719	278	12522
20072	325	12243
26065	254	16685
12770	325	27805
18537	315	26406
25692	325	20551
25649	325	18226
17650	258	13773
12435	288	10932
25797	288	20808
13577	288	29673
15902	258	11756
17888	254	20248
13212	254	12312
27302	325	27929
13301	325	29789
27736	278	12428
10777	325	19465
13230	231	28453
19963	297	15079
12192	288	19992
18049	252	29473
16771	325	28579
12246	252	29279
28024	258	28044
10774	258	25602
27604	288	25802
20660	268	20248
26611	220	17823
27194	325	14465
28823	325	12662
13200	325	29617
13799	258	29135
25599	325	20219
15821	325	27080
14417	254	13185
29779	325	14917
17383	258	11068
14558	258	14458
11181	258	12928
18369	254	20248
14140	325	16078
28904	325	19869
14416	254	16171
19310	252	27160
15729	254	11901
15842	278	26589
26689	325	20298
16161	320	20666
12232	278	14458
27481	288	20522
12012	325	10943
26404	231	16782
29009	325	12857
13911	282	13844
29591	325	12243
18673	325	13574
28776	254	19979
11174	254	17897
16428	258	18988
27185	254	28149
15505	325	15724
19244	254	11608
18628	252	12718
17294	325	13872
11110	325	27171
14380	288	28910
27176	219	16175
17080	325	12200
28665	325	18988
17229	254	11797
14050	325	25944
26129	222	26100
14077	258	27848
17466	278	17216
27707	268	20248
19969	288	25516
17976	325	28045
12884	252	28400
20783	258	16471
14952	325	19565
18038	268	27350
29713	325	26575
12879	282	12382
10525	220	17219
17359	325	11786
28154	254	29207
12303	222	25997
18533	258	17634
25757	325	16345
28084	258	29259
14389	325	28527
28840	325	12076
19079	257	18484
28226	325	26589
20322	223	13094
17723	254	11901
27129	325	13680
19515	325	14075
26497	325	12076
13349	325	26878
20647	325	13072
28412	288	26179
11312	325	26444
16877	220	19007
18716	325	15492
12498	258	17966
27075	300	13264
14857	325	20032
13216	254	12466
27061	256	28414
26061	325	14625
20244	325	29751
20259	254	29442
12755	325	25733
12269	325	28910
26807	222	16348
14744	325	17796
10949	278	27080
29708	325	20590
14963	293	28356
12951	305	18739
20714	325	12428
15814	288	27848
11730	252	26365
17807	279	27924
26658	325	20825
13948	325	25802
20045	325	20109
12160	268	12871
16798	222	16348
12608	325	13121
19834	239	16685
27127	260	12637
10633	325	18578
16421	258	17360
29231	325	26986
10593	288	10563
29944	325	26144
11868	254	11901
29556	278	13680
14362	220	11329
16895	325	19328
16534	325	14465
19307	254	19583
19881	268	11996
13603	288	16432
12869	263	20058
17620	276	25549
14161	258	25602
18816	215	13944
18523	214	15063
16700	254	25621
20138	278	16235
12227	268	17897
28394	325	28500
20623	219	14043
16318	325	19019
15933	325	27769
28866	254	26205
28865	254	17415
20223	325	27569
11152	325	28236
27589	316	28768
12923	254	10535
11691	254	17897
27920	219	17897
10850	325	13121
17791	325	19971
18105	306	26880
17310	257	14466
20658	251	13054
16043	325	11786
26961	258	29899
13582	278	16388
15035	278	26575
28857	239	12871
19935	325	13470
26547	258	16492
26018	325	17554
14930	220	17880
11587	325	29751
11303	325	14782
19640	325	16471
25938	238	15424
29719	254	14658
26791	325	12500
28300	268	11461
25940	315	16488
26972	325	27747
29643	325	20290
16302	258	16492
16110	325	18104
16135	325	18797
15673	254	14548
19119	325	18988
16895	254	11608
26471	254	18007
26405	254	13726
27353	254	20493
19846	288	12512
19872	308	20927
29150	252	16310
19881	258	16235
26978	254	29125
11826	325	17139
19027	318	27995
27475	231	25999
16129	294	26020
13297	278	16824
18609	254	17897
11684	322	28219
11569	325	14013
29788	254	12404
17944	254	17897
12489	254	26188
19507	325	16345
14900	325	11179
17401	325	14458
27771	325	27902
10885	325	20022
18673	325	13872
28522	325	15574
14345	325	20551
25614	325	11085
28724	258	19561
12490	325	19465
29971	282	15602
16880	278	10595
18942	293	28356
19371	325	12491
11081	325	19465
25570	252	27372
13647	252	27476
18636	325	15078
27048	325	12076
19146	258	27638
15592	325	20022
20092	231	25502
26808	254	14459
19776	254	29125
19770	325	13495
27933	278	17360
29693	325	11786
27612	278	10642
14584	325	18707
15286	254	15134
13911	281	13269
19676	263	14658
20537	325	17825
15466	325	29546
12010	325	26878
16381	222	26100
20483	325	17635
25672	254	10526
10914	325	11734
16381	222	16348
11036	288	28004
11883	254	20248
28107	325	18797
14785	278	25529
13283	278	20808
28232	288	12846
26301	325	26127
26753	254	29125
14020	278	16726
29491	252	11836
11924	258	19971
20015	325	11085
11345	325	13781
28436	325	18797
17012	261	12354
25823	254	13168
26814	325	18104
19403	258	19904
16618	325	18104
20150	320	20248
20191	252	29410
10962	325	29743
28764	220	12711
15803	219	20666
25512	325	19465
13991	325	29259
27358	305	12871
25882	325	20298
17054	325	29998
26442	254	13417
29319	307	20839
29929	282	13216
18215	325	28045
14990	325	12428
14288	231	11777
16732	325	12105
29401	254	19451
16312	254	14459
20429	268	14136
20215	245	13483
10566	252	13140
28307	325	12184
26044	325	17458
20124	325	20636
28576	288	10730
26872	325	15075
26985	325	11002
25817	254	17415
13710	252	29519
11478	325	29941
27504	325	17826
20711	325	15568
14772	325	14611
27307	254	29207
20621	252	15336
15246	325	12431
16083	325	13236
15061	252	14715
16696	255	27883
27562	220	15612
12208	288	12910
12842	325	19020
12006	325	19565
14089	263	16171
25716	325	11778
16629	325	20636
12645	254	19979
16721	325	29578
18126	325	20169
25815	325	13376
28344	317	12783
29290	254	20666
13111	325	14782
28813	325	17635
17243	325	27569
26165	325	27638
27928	325	13773
26456	268	18880
27168	325	16665
14345	268	20248
18630	294	15282
18367	231	25840
13358	325	16090
26428	325	27876
28856	325	12520
11862	325	29223
18141	254	16171
10567	325	15194
28334	325	14458
16411	271	15132
14987	325	13773
28946	278	13495
19205	325	13376
18031	325	19971
17597	325	18104
18437	325	26970
12847	239	20248
11799	325	20930
15810	325	11786
16136	257	12709
11215	258	28596
11299	325	20115
13060	325	20032
19505	258	12428
12798	254	11996
20662	280	15934
11479	325	12274
11063	325	14611
28182	325	16728
15301	325	13278
18468	254	26297
15684	278	13108
29505	258	13781
17564	243	20666
12076	263	11901
28331	257	29682
18552	325	26144
28720	325	29259
17007	294	12756
25611	325	29751
26918	325	16454
12335	325	11778
12621	325	15568
14598	278	17300
27534	325	18104
14119	261	11278
13583	288	11617
15868	227	25916
19588	258	26928
14760	325	27334
19909	325	16471
19287	288	17938
20092	271	28128
15210	254	14459
15714	316	28003
18370	294	26649
15292	288	28976
13234	219	17897
13651	325	17458
18116	268	19967
15933	325	16471
11771	235	27350
19081	325	16789
14888	325	26386
10543	325	18639
28977	325	12662
29120	325	19869
26881	263	14459
15299	280	13128
16094	325	25602
20016	325	27848
13866	325	25619
11030	318	28718
13827	220	16155
19762	325	15180
16937	254	25504
19953	325	20298
10645	325	18571
15019	258	27983
28868	282	20937
11826	325	14075
18570	325	15574
19216	325	15396
20374	325	18988
10957	239	11901
14434	252	18170
15719	245	13483
13561	325	14633
13502	288	27848
12977	278	20636
29818	268	20248
26856	214	11916
12902	288	14633
19025	325	12500
29500	254	11901
27109	325	18085
27131	254	20248
29871	254	14136
11598	268	10662
11035	254	14658
27372	252	25570
28873	254	27044
29054	278	28089
14829	220	17349
13729	258	27059
16803	325	16393
14064	223	18739
27191	325	12958
20249	220	26198
29678	254	20248
19313	325	17992
29075	278	14611
28476	325	25619
20177	257	16737
11480	325	17552
17584	325	25802
17728	325	20286
15332	254	11638
26252	258	20636
12618	325	26386
12384	258	29546
20495	325	20290
26774	252	11121
12300	316	15929
27933	325	26386
13235	325	12076
16800	325	17635
29513	235	26625
16026	325	18104
10736	254	17897
11909	325	12500
27282	254	11901
27571	325	15565
11117	325	18797
12002	325	27266
19230	325	10986
11106	325	17635
13153	325	15180
28672	258	17314
19532	288	29751
12561	254	28931
20802	216	20626
28566	290	27924
13606	254	29207
13515	252	16402
13299	325	14286
15022	258	12869
19140	288	12520
27066	325	15697
10774	254	16171
11095	325	16824
15797	220	20367
20935	254	17640
20912	220	12496
20410	258	19155
28689	254	14459
14652	268	18007
27097	325	17139
12597	252	19085
16635	325	16078
13483	317	14136
14214	325	27080
27384	325	20115
15633	325	25807
27520	325	26740
15058	288	26144
11479	325	27080
11551	293	17264
26826	288	17314
15991	258	17651
25985	325	14191
16386	325	12076
13992	325	19187
25549	235	14136
12187	325	28184
28887	268	28149
20333	288	11951
25692	325	16942
20674	288	29112
19174	325	19465
12590	278	18860
14994	278	13872
28102	231	12022
20468	325	20871
13193	325	28909
11155	325	14771
12796	252	26109
29746	271	12043
28278	325	14072
16396	230	13546
14464	325	29833
13454	258	19869
28833	252	11407
11626	288	26386
14255	282	20061
27474	268	18880
20588	258	17460
14033	223	14775
10742	325	26589
14511	325	19465
29202	288	27346
17469	325	20590
15496	220	12895
29252	258	16345
19922	278	18036
25501	288	19328
19622	278	27876
19131	258	25602
25816	325	28045
20728	278	25586
10559	258	26179
12708	295	12008
10874	254	11901
11690	254	17745
14964	268	13650
29515	288	19565
29972	325	18036
18668	258	12649
11383	325	29941
19058	325	17635
28683	325	12076
28912	288	17458
29002	258	11031
20065	258	14689
15634	258	15396
14427	325	14941
17791	325	14528
28752	288	28541
10682	263	11608
16413	325	13376
11927	257	18323
16174	288	15307
16281	254	17897
16821	258	20032
28427	325	27598
18334	217	14473
28521	220	20821
15051	325	27472
29068	325	29546
13357	325	12491
29177	325	12428
16174	325	18085
29414	325	27743
27833	325	12327
28755	325	13376
26326	268	11901
17479	325	13680
13242	325	13966
20198	253	12702
12751	317	13417
13132	325	28338
17866	317	29707
29984	220	20107
19744	325	18931
28994	254	27044
28540	325	27902
28107	258	20636
25799	325	27473
11105	258	20022
18077	325	25619
18793	325	16388
15676	231	16835
20801	268	18562
17202	254	10796
20321	325	17635
11399	288	13072
11426	252	18498
18560	325	18362
10784	254	14136
16891	325	13470
15902	325	11756
27519	325	19563
14451	257	17993
13133	288	18988
14310	325	12076
13319	307	15129
20846	223	13472
25534	325	14191
16399	325	12076
28927	325	20636
13595	288	19565
26738	278	14922
14717	325	27614
28338	214	11621
13094	227	20322
11357	254	17511
28122	325	26878
28189	288	26386
28434	258	18577
26286	325	16270
12805	325	12846
20788	288	26179
14656	325	19465
20764	325	11144
12371	325	13872
14035	268	11554
25818	325	27876
26764	325	26970
13280	307	14459
13142	318	12183
11201	220	18904
18785	325	29998
10848	254	18880
19046	254	26720
15806	325	27848
17517	254	11517
18143	258	17572
16318	254	20248
11156	250	13455
20286	307	14707
25911	278	10563
14759	325	18887
16538	220	16358
20053	294	17101
20414	325	19019
15921	264	13510
11015	325	16270
14279	257	26619
13572	325	13376
27498	254	26911
20295	254	14136
26976	325	12076
16068	258	28045
11009	254	11996
20822	325	18036
16631	217	28223
27332	254	25621
14496	325	28053
13785	325	15492
26248	288	26878
20740	325	18744
27467	249	19565
27090	288	18931
14377	280	28444
19597	325	14995
12381	305	17638
17952	325	20032
14851	325	15396
18165	325	28092
28972	325	12715
13421	288	28053
28570	278	28072
28631	254	12871
19909	254	28149
19373	325	20636
17148	258	19563
17588	325	16432
17057	268	14954
12776	211	11424
17165	220	27356
16526	288	13495
20743	252	27220
19137	325	13872
16149	317	10899
11740	325	28909
17693	239	15462
27565	252	27161
28302	325	20219
19633	254	16171
14017	325	12715
29436	239	13096
11891	294	27492
20980	254	26188
16911	220	19139
20317	325	16824
16267	307	20248
18396	254	17186
17800	214	14478
29527	288	15106
29810	278	28045
11376	325	20032
28211	288	10595
19628	252	17495
20689	288	10682
12319	231	27276
29736	254	12871
13467	254	12871
18509	282	11737
25518	227	11016
16942	307	12093
28347	325	19992
19463	254	12871
13538	325	10879
29430	325	12500
12344	325	18036
14592	325	20974
29828	325	26713
20265	288	26724
19708	281	18273
15859	325	15234
12890	280	11001
13913	254	11901
13757	268	17897
19021	254	20666
16206	288	12105
27035	325	18104
16588	288	13723
14524	288	13376
14515	325	17634
11838	325	27080
29021	222	18506
27692	325	18988
17617	239	20486
13950	288	26724
20826	258	28635
17937	278	28089
12798	325	17826
17070	325	28759
29064	239	16685
20270	325	26322
26730	325	10595
12903	325	28739
12205	307	28727
27927	325	13680
11429	254	13936
12396	325	27080
17094	325	16432
10624	254	10607
16907	220	18329
19873	254	26297
29274	305	15607
18286	258	18285
11493	325	17635
17759	288	10792
20835	252	28851
25620	254	14136
28615	305	20379
11374	254	16685
11365	254	11551
27680	325	16728
10936	278	10986
17740	278	16728
29841	254	11901
13945	325	27569
19180	254	12404
12001	278	19565
11085	214	12452
18355	254	12871
27659	288	29387
15202	254	20248
29505	288	20290
28649	325	11811
29506	258	10595
25557	325	13278
29331	258	12428
27342	325	17494
19898	325	10506
20181	325	10506
26660	278	20636
11986	325	26127
12014	325	20290
16871	288	18362
13400	325	12411
16480	278	11031
16516	278	12649
11592	325	11084
11708	278	26179
26202	280	11466
17359	325	27632
14825	278	20574
10597	268	14136
29250	325	29259
27650	252	20403
11848	220	17602
20960	325	16726
11738	258	16726
19727	325	14771
28262	312	17097
20802	239	12466
29031	325	28551
14475	325	15697
26561	258	13044
17775	252	15304
11629	258	15923
13051	325	14633
15688	254	29766
25599	278	13773
27304	325	17139
10681	325	29751
27688	258	18331
28778	268	18242
29735	325	15565
14465	263	25621
16667	281	15157
25512	268	17897
15132	254	13138
18552	325	18726
12000	325	18797
15666	325	20551
15485	258	28976
27573	318	15374
16466	278	17314
14275	258	26179
20782	263	28149
20728	325	25586
20459	263	29207
20237	325	17966
28932	325	26073
26648	288	25602
19375	325	15724
27712	214	19185
15269	257	17993
18344	325	27059
16561	325	27473
11085	263	17511
17025	278	13276
26872	325	11031
19276	268	11996
12416	325	28272
28133	325	19992
18759	325	29319
19266	258	16345
12347	254	14459
17125	325	11002
28415	254	14459
14279	280	10555
18676	325	14611
28914	325	12274
28248	325	29789
27874	325	28092
27542	254	10796
27911	325	20590
18582	220	28422
14373	254	28149
11688	325	29941
25979	282	11497
17734	325	27473
27048	258	12244
16027	325	28909
20631	325	26986
29546	307	14326
27999	316	19108
12021	325	12244
17818	230	27546
25644	325	19420
18231	254	10796
13612	309	11631
17927	220	26056
20805	268	20248
10633	325	27377
11762	325	10506
28822	220	29470
26426	325	20782
16365	223	14700
17932	235	10796
29169	263	11996
12444	254	20467
29434	325	27472
17239	263	13417
28077	231	28169
27500	325	14633
27754	325	14215
18782	288	19186
17438	305	29767
28553	325	19885
26686	325	28044
20353	271	17251
19172	254	17897
13035	325	16874
29326	268	10732
15527	325	16267
28631	278	16235
14614	254	20248
11406	258	17314
18976	325	20991
16540	288	13376
26904	325	13843
25747	261	29342
27506	325	16824
14460	254	20248
20963	254	20248
27928	325	13781
16162	252	18514
17772	258	11811
27173	325	15492
12418	325	15492
18056	278	18931
16522	325	14917
27530	239	13808
27001	325	16492
12896	325	12076
12254	325	11778
18647	254	20129
16532	325	28045
10717	325	11526
16050	258	27059
26604	254	14658
19970	288	16235
14732	252	11836
25738	254	13185
16790	278	12910
26175	258	17635
26571	281	17312
13512	325	15724
11445	220	28782
29534	325	10563
13489	281	15861
29549	325	28460
11365	325	29998
16252	254	17897
14224	278	12076
12266	256	28213
29727	258	15574
17045	325	29941
26523	231	15147
20946	325	15697
25553	268	11901
14127	325	13121
12467	325	27101
10821	325	27876
27849	254	28149
26547	268	11901
17546	304	19291
28475	231	16865
13889	254	11461
12999	254	12871
20118	325	28072
26704	268	29125
28519	325	14465
15333	254	13185
28927	325	10716
16699	325	13470
19116	325	28236
14661	220	17354
19679	282	11847
20446	305	11517
16085	254	20248
28918	325	20808
15764	258	16345
10519	325	13084
14511	325	14922
26263	278	11084
20476	220	12070
26136	325	10776
28820	325	14458
14851	254	14126
19784	259	17673
14867	281	28158
19905	325	13236
12752	280	10575
19284	278	19840
19424	325	19719
29035	325	29899
27684	325	11917
29225	278	20636
11564	259	18881
20116	325	18810
26311	254	11996
28908	322	19322
16990	299	18743
20700	325	13470
19761	325	26179
19470	324	19017
10962	278	29743
25856	307	20248
25785	325	20169
28787	325	13278
17522	258	17992
18986	325	27848
17308	258	17314
15362	254	11901
13828	288	11002
11222	325	15712
17806	325	19992
29655	278	12928
16538	252	28521
29198	215	18913
10552	325	13376
26835	268	26188
18043	325	28480
13903	297	11661
13133	288	19020
16209	325	29223
10796	250	26188
11621	258	28338
11448	258	17426
26288	254	12139
18500	252	28012
19942	263	19859
13785	288	16492
19741	252	11830
14811	254	11901
20107	252	29984
28086	254	11901
17298	278	15180
29276	325	18797
14592	325	12243
19298	254	16811
15066	325	18319
17001	278	27472
28672	325	25733
29534	288	17300
13397	325	25602
16730	297	26495
11566	325	13470
13914	254	13239
26029	258	20171
16746	325	13130
10569	254	11901
25739	325	16492
15376	254	17897
11679	254	12404
19586	278	18571
26634	325	29998
13788	254	17907
18544	254	11901
19067	325	13574
18409	258	29579
15907	263	18253
13953	325	26350
20775	254	11554
18547	258	25586
12817	254	15134
20868	325	20286
19743	288	16388
29016	268	20248
11946	325	25674
10593	258	15724
19106	305	18880
13760	254	12871
29988	325	16942
18220	254	12871
11122	325	13843
17870	254	28149
28669	325	11114
27504	325	14372
16313	325	13278
18013	220	28710
29573	220	29785
29002	288	14917
18585	325	26179
12009	254	17814
20079	325	15565
28133	325	14611
12141	278	12076
14996	307	28149
26021	325	15359
15432	288	26386
15780	325	28184
12854	278	12076
20700	325	14611
14217	254	27044
26535	252	27071
11527	254	16685
20118	258	20609
13859	258	12244
25779	325	28500
26778	325	25733
29162	258	12500
15755	258	12411
11312	325	15907
14194	325	16824
13324	278	27902
12887	325	15697
17756	325	18226
12568	254	12786
20806	325	15724
15975	278	25619
18068	307	18930
25897	325	12965
18039	325	18988
16108	325	10932
25846	219	14126
16238	254	18880
28577	231	18638
17235	288	20636
16143	258	14839
27679	268	11554
14562	254	28931
27612	254	17814
19723	288	17314
17299	254	28149
15827	325	13680
26078	282	14155
29370	325	27743
18443	254	14136
12618	325	15724
29444	325	17651
13207	228	28178
28405	258	29546
27736	325	17494
17418	325	26724
13758	325	14286
17624	255	17922
13690	258	12788
10602	288	14372
29992	325	17966
12392	325	29789
27859	325	11756
27587	278	17314
19526	325	11085
11360	325	12184
20072	325	20590
15333	278	18797
16708	258	20290
15325	325	14372
29033	325	20636
15898	325	17992
17033	325	12715
13015	258	16726
29548	258	19234
15360	325	27080
12591	325	17825
18235	325	14611
28736	263	25621
20599	325	16454
20325	325	27848
27048	288	14771
10698	325	12820
13912	254	27986
11972	258	16388
12386	288	17966
12860	325	19420
19379	278	15568
11098	217	17873
13383	325	16090
14398	258	29488
11306	254	16171
12954	313	29293
14988	254	16171
17741	325	25551
20117	254	29125
11671	268	11901
11587	258	13470
13912	325	14013
18879	261	26632
26234	278	25662
11739	325	17494
28802	220	15731
18921	213	16282
20517	278	18226
19182	257	17993
25875	254	11901
26533	268	11901
15404	254	19979
17987	325	26767
16184	325	20930
26284	325	10932
13969	325	17825
18055	258	20115
29365	288	16492
15360	278	16726
11770	305	18136
13910	263	26297
17105	325	10595
13673	254	28751
13449	325	29112
14256	317	25621
18162	325	26393
12028	325	16728
15696	288	26350
13814	254	11554
25914	220	12114
26574	325	14545
25503	254	26188
20012	281	14982
15783	254	16171
13453	222	26100
10781	258	11756
27593	278	13680
13729	258	20871
18168	325	20808
14536	325	28620
18996	254	11996
29448	325	17139
29458	325	13843
29026	288	16726
19944	325	19565
26207	278	17139
29167	325	18726
25924	325	18362
28697	325	27234
13921	278	15180
28595	254	14658
20414	325	27900
14567	325	28072
27480	325	29268
13595	288	25662
12532	325	27361
16356	314	17159
26854	268	11608
28471	268	12871
13688	220	15316
18519	325	12500
29668	325	28976
11375	325	25574
26768	254	11901
25983	268	11608
26197	322	27217
17820	288	18036
19745	258	10595
25646	325	12822
15925	325	16874
13034	294	26758
17031	288	29743
13562	257	28112
10674	254	10535
11878	254	16685
11278	315	11453
25503	325	26878
11082	288	13495
29142	263	20646
11698	252	20879
14656	254	17897
28662	222	18506
17332	325	28976
26145	288	20032
18753	325	26575
15315	325	20219
26929	325	14075
19893	325	14075
17382	288	13044
25725	254	14126
14667	258	16824
27331	278	18931
26802	325	25662
12717	325	27948
27150	278	13376
18515	325	20022
11966	258	29899
14182	325	13044
20661	325	20609
19855	325	20551
16285	254	28149
15919	325	29751
11609	325	16728
19413	325	28791
28417	266	17542
12740	325	29751
20084	325	27848
26119	325	20169
26648	325	20032
29511	325	29739
18202	220	15241
12310	282	18660
28784	325	14917
17382	268	14126
16600	235	17897
11025	258	12243
29292	268	29443
12841	325	17635
20079	325	26179
12913	325	15180
28688	325	13574
13091	219	28727
16441	278	20782
28419	258	20022
13895	325	14611
10556	220	19982
27827	325	12076
15081	288	29751
29280	258	27361
28689	258	20636
12207	288	29135
17439	257	18323
28307	254	17897
12993	325	19187
25905	325	12411
28531	325	15744
26169	261	11897
18161	325	25662
25890	325	16345
26817	254	20248
12483	325	18217
28856	258	29268
20419	325	12076
28070	299	28038
27629	261	11897
29327	258	17651
14242	288	17278
28069	254	14126
15933	254	16171
12231	258	11786
20872	252	17201
29461	258	11941
15264	288	27080
14640	322	26376
17222	254	16685
26195	325	10792
26189	325	20636
11082	258	13495
18398	254	11996
28977	254	25621
29660	254	20666
17129	239	29125
10654	288	19563
12724	325	27848
12021	325	12428
29627	325	10942
26799	325	29751
12300	261	15929
13484	254	12336
14411	254	14658
16721	258	29135
13257	268	17897
29801	281	17273
15589	254	10572
13702	219	28727
20313	325	12500
11449	231	29185
11280	254	20666
26220	325	13680
10659	325	12910
13332	278	15724
15787	235	14265
26304	254	26720
15109	278	19465
26315	280	13029
27648	325	27902
17543	254	16685
15603	258	12715
12946	263	16685
15123	258	20871
27050	258	20022
11198	252	17201
15409	258	20298
16528	325	10792
11714	280	20643
19249	325	13376
18163	254	13185
11570	258	29789
29466	325	25662
25503	325	11213
15837	325	20871
13414	325	20022
17584	325	17314
20149	288	26878
16064	254	14854
16872	271	29983
14740	254	11551
11860	325	19420
28741	288	15883
12133	258	19228
20808	263	27350
16232	258	17139
28423	325	15078
16981	325	26836
17349	306	26880
17087	258	20169
29947	325	18931
15433	288	18182
13076	288	12820
19753	263	27517
16672	220	18185
11197	325	12500
14743	254	13417
26135	252	11307
26539	254	14126
13900	254	20248
26216	325	20974
29360	325	12958
13728	258	13872
11828	220	28151
26198	220	18701
25952	325	15923
16370	254	12404
12747	325	18810
28424	325	20290
15828	297	12612
26118	325	20219
29403	325	16235
14659	325	16942
11017	254	17897
14813	325	29941
13607	325	29220
29689	325	12244
29118	325	14352
27107	239	18550
19062	254	14136
11863	219	16065
12395	325	28184
19354	258	18104
13762	325	18810
10583	249	28338
10791	227	29646
11569	325	29743
18243	288	17635
25862	300	16954
28775	325	12491
20028	288	10932
20317	258	27569
18993	294	15079
28836	290	12897
20631	288	19635
15840	325	11085
28682	278	29220
16645	254	25886
29947	325	19561
29118	325	20298
15024	220	15777
16376	254	27044
19244	325	20115
16957	325	14465
12348	268	19850
20332	325	18542
11141	288	20636
18247	325	18625
18741	325	27149
29637	254	14136
15248	286	12632
19724	305	16954
29790	325	20109
12204	220	11796
12167	325	19565
28478	288	27606
17518	325	26043
17746	258	27902
17740	325	19328
11391	325	14372
15351	255	14054
11591	278	11031
27397	325	16614
16265	325	15180
16068	325	19561
29627	325	15180
13514	271	20840
17515	325	14625
16524	281	13768
11011	254	29125
18115	220	17189
19772	288	14465
12452	288	11085
26623	254	12871
10672	315	29321
19239	325	19885
27403	325	19565
14130	288	19335
20716	325	17825
13618	325	28551
15094	293	28356
28319	325	29259
15291	325	14458
27708	254	13168
19380	254	14136
11864	325	13541
13223	268	14136
11336	251	15424
12905	278	11069
20946	325	29998
29576	325	14465
29920	258	17825
17039	325	10595
12423	254	13239
14774	325	20808
20026	268	11797
10603	325	16270
27892	268	16811
19207	220	11404
20425	325	27902
11373	254	16657
19513	226	16002
10819	325	13030
10610	325	27361
26647	325	16728
27932	288	13680
15619	281	16159
20151	252	19771
20696	325	13680
20328	297	13545
29327	325	26350
14193	305	17303
14176	258	26386
15928	252	11792
16370	325	27472
25595	292	12664
27788	254	20666
16426	254	17897
17037	254	29125
12209	325	26575
29486	278	17635
20075	325	16471
18516	325	14782
17248	325	16404
17425	325	26757
25621	300	18506
11754	325	29751
16802	325	14625
12887	325	12788
26687	325	16345
14076	325	14771
16722	252	27040
25523	325	26043
27691	288	13495
15205	220	20884
28954	281	27536
26693	325	25850
15538	325	13108
20073	258	20219
26013	271	20800
10733	325	10932
25664	325	26589
11942	268	14136
14365	288	17645
11643	254	11854
17767	220	13634
26889	288	17796
16315	325	20109
10903	325	10715
18678	325	13376
20666	300	11247
12509	325	18319
28954	271	15297
13700	258	27266
15240	325	14689
25909	325	20609
20841	254	10796
27024	325	28500
18460	325	10932
13169	258	17634
26502	220	27268
16643	254	19521
13820	325	26878
16302	288	10595
13355	282	27359
27340	325	29998
13471	254	16171
27731	325	25619
15505	278	26386
26401	278	26386
26442	288	28976
28989	325	11085
28360	325	13773
27453	278	27080
12412	325	27266
13916	288	20574
18575	288	20247
12627	254	14459
12498	325	18840
11654	280	20969
12207	288	10652
28034	325	26724
20384	307	17869
11903	289	18195
11697	252	15731
28798	258	29926
17669	255	11315
15756	254	20248
14728	229	27580
27627	254	29125
26600	300	11532
10698	325	13781
12528	325	27390
28056	325	15568
20741	227	17666
17778	325	19971
29586	325	26386
17022	325	13723
29548	258	20808
26123	325	29998
12582	305	17877
20740	325	12431
25546	325	25860
19223	280	25900
15817	325	13236
17794	268	26448
19961	325	20609
25691	252	13129
20760	258	17139
12303	222	20222
27284	300	11728
11876	305	17640
15713	325	10506
11211	325	28045
12678	254	16171
26810	325	19328
28799	273	28344
10590	225	10637
26161	325	12076
14880	325	20115
10714	325	20930
18929	316	17691
29276	278	26984
17981	325	15075
25805	227	11143
20283	252	29333
26457	217	28699
18750	218	29926
20028	258	10932
26967	325	20636
15663	254	29881
11065	252	20757
13462	260	29393
18506	300	13881
10541	325	28092
26470	220	26687
25713	325	25733
10830	246	15861
27372	220	25570
14315	325	18070
20147	325	19736
29248	325	13773
12682	325	29789
19214	325	27614
11136	254	28931
19995	258	17139
20629	268	20248
29564	278	26386
28350	325	27983
14478	288	17800
28416	254	12871
20045	258	26878
25803	325	27769
29591	254	12871
26214	325	16789
15640	325	10595
11707	258	20871
10705	254	14548
29668	278	16824
16586	325	17825
12844	325	18797
15497	220	27436
16286	227	15966
13560	325	27473
14910	254	11901
27793	325	15180
26778	258	14075
18247	325	16824
28976	263	16126
26495	254	13423
14914	325	10595
20364	325	29751
29028	288	14372
19212	325	16824
16189	288	15574
28917	258	12500
16562	263	18722
13639	254	13185
27450	325	16388
15780	325	13773
28598	318	17497
11117	278	18797
28716	254	14658
20437	268	11604
19772	258	16270
28969	288	17992
10912	278	12164
17913	268	19850
13281	325	17494
10684	288	27902
26016	254	12871
13929	227	20615
15743	231	13424
28940	325	27473
27179	325	27472
12628	252	15839
13444	325	15697
16630	325	14782
10757	325	19020
12503	254	11901
27292	325	12500
29691	258	12428
25682	288	13495
19041	325	27805
18241	220	20919
18785	325	12910
17198	325	12846
13694	252	14268
16857	325	19465
27056	325	14611
12704	288	18124
19916	254	20666
29714	268	18007
29580	325	25586
28231	254	14658
10708	226	20113
29327	325	17651
13883	305	12871
27380	325	13044
28277	254	14126
17461	305	29207
20980	268	10796
15047	325	14372
11663	258	14458
14093	268	29125
20971	258	18182
18261	268	18562
26130	325	12205
28552	325	18068
14562	325	26878
29631	259	29411
13674	254	15134
20941	258	13773
20004	325	15724
29500	325	29220
13195	325	20290
28286	325	20551
17902	294	18183
27977	254	26188
11045	288	17494
13118	316	29384
14593	261	17565
26426	254	28149
25781	325	28541
18652	325	18217
17333	325	20247
16897	325	15028
11695	219	14126
11564	222	26100
29783	325	17139
16620	325	26724
25726	288	29833
27036	220	12775
14068	325	10792
18234	325	27080
18807	258	11734
14067	325	16824
20132	254	29442
27879	325	11941
29243	254	28149
20547	254	28149
15267	254	10796
29736	325	20974
19282	231	20832
20604	254	16171
26725	325	29998
20403	252	27650
14558	258	20115
25598	325	13376
15944	305	15607
14346	325	17021
26570	294	15079
11235	254	17897
16197	325	28460
14313	258	18217
14913	268	11996
13484	325	17938
26238	325	29546
25711	325	13470
13525	258	29259
18700	254	20666
11215	258	10730
27263	254	11996
19971	307	16251
12057	325	13932
12421	325	14922
20845	254	16977
10780	258	17278
26099	274	16747
15884	254	20248
28068	325	11786
27717	325	12105
20297	325	20022
14998	288	18797
28900	278	25662
19781	325	12491
17346	325	26144
25785	288	20169
19647	325	29789
20079	325	29789
13000	288	20930
18466	254	17640
29667	288	14458
12029	317	10796
26584	258	27266
12475	219	17897
28343	325	12243
29002	325	13280
14987	254	11461
12145	325	19328
11416	325	27876
19532	288	19228
10789	325	15712
29539	325	28500
12708	254	20666
28948	325	13680
19068	325	29744
11510	268	20058
19364	258	18217
25883	268	12406
28278	325	19563
27199	258	27902
12019	326	16915
14276	263	13185
27679	288	20808
17949	325	15307
12161	254	12871
15066	325	13084
19691	325	26228
14603	325	14286
18687	258	18270
16120	325	17458
14864	325	15450
17605	254	28149
29365	288	28626
20061	226	19029
27998	268	25621
28563	226	27552
29469	325	18571
18301	254	11901
14927	254	16171
12388	268	11901
15218	263	13239
15692	254	16685
27783	325	11756
17284	325	13236
16311	325	16270
10885	325	16432
29790	325	27805
20063	263	27044
26193	231	11561
16674	325	13072
16037	325	28480
29061	325	26179
16014	257	19996
16176	254	11901
20352	280	29737
14061	325	11734
18769	325	20808
13591	317	27044
20408	254	11901
16731	268	19850
28175	282	12832
18532	248	26837
26684	325	29617
20706	325	18654
18333	258	10776
17405	254	26222
14888	325	25662
18596	325	29941
20902	325	20808
17992	263	13185
13253	288	19885
11721	325	18281
13184	325	12200
11869	325	14458
15653	260	15167
16602	271	13543
27727	278	14072
11751	220	18528
26810	254	17897
12941	325	18036
27017	268	26625
19818	325	15650
10850	325	29135
26489	220	19698
28740	252	14213
28515	325	19020
29604	325	13072
15206	288	18988
14555	278	13072
12773	258	19465
14380	288	18036
17862	254	11579
19391	325	28459
12535	254	28727
12861	258	11031
11384	325	12910
16875	254	29125
12921	325	20219
28631	288	16235
11754	278	18104
19270	252	19653
29483	288	17351
17905	254	20139
27370	325	19020
20492	235	26188
14957	325	29579
20993	288	13470
25853	325	12846
20094	325	28460
29805	268	14136
27932	258	20782
12838	263	26960
16220	325	29789
18008	325	29259
10879	214	10501
28956	254	13185
26847	258	15724
27236	325	20590
17884	258	18988
20647	254	28149
16031	325	27743
27765	220	14248
18842	325	13781
16821	288	12500
16170	258	29320
26538	227	17698
16552	325	16942
25910	252	19446
12656	254	29125
27275	278	27848
15310	254	25621
29471	325	13781
14443	258	17494
12113	278	15396
11339	258	14611
13751	325	15565
17091	258	27472
26966	254	10796
29388	263	20357
27844	325	29387
15279	278	17634
26727	288	17992
28444	231	14377
18801	325	26073
20118	288	20609
11368	325	14458
19770	325	12184
26143	325	13470
27762	268	19850
18159	325	14276
16094	288	18104
11657	254	13417
11956	252	18194
15290	258	15417
18233	325	19565
10877	325	18182
16561	325	20115
15652	325	15724
13270	325	11686
13849	325	11084
16886	325	20115
16062	325	16726
28678	325	12244
25825	220	27775
17788	325	10595
16872	280	12442
27856	325	28460
28992	288	18217
15608	252	13361
25527	280	16667
16671	254	29882
15889	216	15420
18030	325	26928
20100	325	12244
29111	318	19109
13241	325	16432
13135	325	15234
19634	254	29763
28918	325	19869
16017	278	12076
16540	258	16824
27263	325	13121
18259	325	19328
12177	325	20184
14541	254	20248
20555	307	28091
25741	325	19971
18941	325	16824
15031	325	27473
28956	288	13773
16930	325	26878
19729	231	15042
15021	220	14715
12811	325	10595
18210	325	19328
14986	325	17021
29901	258	29220
16551	288	14705
13652	257	14681
12366	325	13723
11203	258	14611
29855	325	13376
29215	325	25733
17833	325	12820
27531	238	11424
27443	325	13072
13901	325	27171
14183	325	19635
13596	254	11413
16206	325	27915
27909	261	11897
11785	325	18639
28454	258	12076
26353	254	28149
17019	325	20298
18613	254	28149
14118	231	25538
27425	254	16811
28531	254	10607
17765	325	20286
28825	268	11996
13302	242	14889
19708	271	18273
19084	325	28089
26418	254	12404
12879	271	12382
18509	280	10999
12023	252	16932
11513	295	18271
13749	299	26389
14499	254	27350
29063	271	10558
29603	268	11901
29049	325	13574
16137	278	14458
19806	325	29751
20024	278	28635
17662	325	10595
26738	254	17897
18428	222	17461
27725	325	10943
19915	300	28414
26498	230	12945
17075	325	27876
28317	325	13723
14803	325	15724
11584	254	11551
13859	288	15492
18381	268	27044
18120	325	26767
20936	325	16345
26793	239	27350
28554	254	11900
25628	257	19644
18187	217	17686
25617	325	11084
13725	325	13276
26168	325	10986
12754	252	17318
25680	268	11638
28943	257	27359
28373	252	29282
17183	325	28044
25634	295	12008
12843	325	14831
14665	325	16090
15924	325	16728
15701	254	27044
13017	288	16235
11170	325	18931
16796	254	20248
16378	305	11390
27170	268	26188
20193	325	14611
19015	239	11797
16349	254	28817
19599	325	18104
25655	278	26179
28252	268	11554
20692	325	12846
11222	254	12871
15575	278	13470
10705	325	13872
20448	325	25602
12776	229	17542
29382	325	17458
20411	254	12404
13630	254	14459
17062	258	19155
18973	325	20219
27340	325	14633
26253	254	14459
17471	325	16728
19392	219	28862
18936	223	18972
11392	325	14458
20791	325	19420
19575	325	16492
27303	325	17635
20365	288	14276
29280	325	27848
17864	325	11772
28792	325	27569
13353	254	28843
17014	268	11461
18809	278	29941
14032	325	17460
25739	254	12404
26464	325	13278
14223	325	29751
26892	227	12706
28871	246	15287
19386	254	18880
28657	325	15593
20660	325	12703
20190	325	14625
26554	325	10595
14687	325	16432
18468	325	11213
25705	254	20248
18874	325	11778
13725	325	27246
17596	325	19335
28143	325	29789
16124	258	16061
27633	325	28579
20643	282	29856
25918	325	19328
15880	231	28001
11592	325	18726
20715	288	25807
11418	254	13185
17838	280	29046
28148	235	26625
29161	254	28767
28717	231	19430
18547	288	26451
12399	325	26783
26381	325	17494
17219	252	10525
15647	325	25662
12930	220	29397
10648	325	15198
19423	254	11517
18286	288	18285
25792	254	27044
27501	325	19565
17092	325	16726
18700	278	13278
13211	222	19724
12075	325	13072
14399	280	17941
16269	214	12002
26701	325	27632
15399	325	18104
15764	325	25574
18214	325	12411
29717	254	17897
14431	325	13278
11990	278	20609
16621	254	27044
13130	263	12783
11101	288	14633
29365	258	28626
25809	325	13773
18119	280	15382
16115	325	13376
16441	288	12428
16192	254	29832
19404	325	12512
20430	238	14110
15613	261	29395
26506	325	20609
28765	254	12871
13006	325	17651
18579	325	26144
18752	252	18802
12482	254	12404
26227	325	18931
12442	231	16872
17759	288	14941
12895	252	16498
16987	254	26188
26840	240	19988
16182	325	13072
11798	258	27902
19345	325	25802
16359	258	25662
27487	294	29078
20288	280	20722
26972	325	18988
14723	258	16728
17162	258	29420
25915	278	26282
15325	325	27902
13179	254	11901
19464	252	20785
17943	325	12958
11319	325	14458
29327	258	27915
29597	220	20151
28489	325	16235
12673	325	27334
15537	216	17802
19594	254	14126
15153	281	11258
20302	325	25733
19271	325	18036
20028	288	28480
12762	325	12244
20666	250	11554
10927	325	11179
26275	325	16942
10874	325	20338
12140	257	19410
12757	325	27876
19026	254	29763
19732	254	28149
14122	325	14458
29107	268	14954
17280	250	11107
26481	268	20666
11310	240	13089
28473	325	25551
15285	288	25602
17217	252	29965
15505	325	26386
14524	288	26878
18333	325	20298
19544	278	14494
15845	325	14689
27333	220	28280
12653	254	26297
11688	254	29125
14373	278	14191
15647	325	26179
27117	278	27876
10644	325	20290
14532	325	17826
18301	325	25602
29367	325	13773
19453	307	20248
27524	281	17251
28810	223	16212
27275	325	27848
29180	254	14954
26671	325	19635
27083	325	20219
16302	258	20522
11915	325	10942
27151	254	14105
14870	254	17814
20365	288	14072
17023	258	16824
14392	219	27044
15737	254	29443
14841	325	11786
17410	254	13185
28705	325	20115
11471	325	19565
28466	325	12205
18657	252	11057
26554	325	12076
25901	288	20665
16307	325	10595
15056	325	18036
15800	325	17494
18592	254	11107
27391	300	19012
20532	254	14126
11511	254	25621
13383	325	15180
12344	325	20298
11062	254	11901
12203	258	16345
11723	280	15348
27727	325	13781
10931	252	13043
15065	254	12404
20175	325	29744
20889	325	29220
15475	325	18988
17913	268	18880
27494	325	17360
18064	318	15573
10974	288	26144
20272	325	19869
25604	325	15234
13582	325	27848
18125	257	20453
10987	220	18375
20487	288	20551
27358	305	12197
25780	325	26043
25579	325	29899
15784	258	27902
10662	319	27404
20297	325	12820
18231	254	26188
10502	288	17314
27674	325	11144
27750	254	11554
11411	325	27948
13880	288	12910
13785	325	16471
18889	325	29751
16702	280	20857
27134	254	29763
26360	325	17635
19369	254	14126
14160	325	13723
15546	325	11085
29855	325	16942
26011	325	11917
14097	278	27473
10971	325	12846
15480	325	27473
12701	254	18880
28592	325	13030
16273	254	10539
15932	325	29789
17695	288	13470
19171	258	10642
14809	325	20022
13256	257	17993
11251	254	20666
17531	325	16388
13407	254	11863
20729	325	17992
27179	325	27361
13169	258	19561
27378	254	12404
28420	258	27569
10884	320	10796
29863	325	19420
11571	268	27404
13445	254	26537
26482	325	20032
20049	254	17897
11984	278	26282
28865	325	28909
15374	239	27350
25536	320	19583
29337	325	17635
12909	325	17992
20361	325	15180
20827	325	28635
27317	254	12871
28033	325	29387
17456	240	13737
13622	325	27929
13146	325	25802
11714	281	25932
27765	252	16173
12598	278	27614
16423	254	28450
14287	325	29488
28282	325	14191
26801	254	28149
15361	278	18797
10583	273	28338
20546	252	16280
12556	325	12428
18301	325	12076
29924	281	25685
15263	288	17314
27972	325	15574
15490	254	20666
12114	252	26260
26376	247	27065
17200	254	17897
19667	325	16728
18256	278	11786
13390	268	25621
10536	325	15028
19773	325	14072
18314	254	26203
28019	254	19850
20880	325	28072
19970	258	16235
11727	325	12512
10917	216	15462
16763	325	17300
10512	325	11778
16654	258	12788
14064	223	19499
27060	215	19602
20010	254	11901
16411	280	26202
10951	254	29813
12014	325	16492
13731	268	15607
20633	254	25621
15178	254	12828
12841	254	10535
12546	254	10571
16595	325	14458
17815	254	29125
14388	295	12294
16637	317	10796
11928	325	12520
17589	325	19565
12967	260	29176
15509	222	18506
29130	254	20248
11334	325	19363
18156	254	14126
11719	325	13130
26828	223	13808
17499	325	14201
19939	254	28149
18238	254	12404
18675	252	20132
20410	288	17825
20015	278	29789
28246	258	14458
15784	288	20219
16244	211	20658
29049	325	20298
26302	268	18380
19740	325	15724
26728	325	15396
16691	288	15359
26368	325	16090
29570	325	16471
14667	258	16874
15280	325	27747
19339	325	28045
19033	325	19565
19910	258	10506
26747	325	26179
16434	254	29442
20729	325	25586
29426	254	15622
27760	325	27361
27402	325	11085
29943	325	18797
11624	240	14255
28112	264	12697
10653	263	27517
13471	325	13394
28675	325	20032
10604	325	29789
19117	288	14494
14443	288	25602
11644	325	20609
16149	317	29125
19900	258	25899
17368	288	18887
29619	325	19465
29033	325	26386
26352	288	12846
17066	258	28089
17130	325	16388
26935	325	20298
16314	325	13843
20448	325	20169
17379	268	16171
20178	278	20636
15484	288	13932
15779	325	16728
20488	325	11179
28418	325	28541
13039	325	27569
15959	278	29998
26168	278	17367
19204	288	26043
11919	254	14356
29483	325	29617
26419	258	27948
15543	325	28460
28066	223	17016
26686	278	16824
28720	254	20248
28972	325	19719
17254	325	13072
19200	325	28551
19290	294	18580
10750	325	26179
29717	325	16726
26908	254	11901
18189	325	16078
14746	254	16065
29507	325	29998
26807	259	18881
26173	325	18887
16526	258	28045
15053	325	12076
12487	325	16270
29432	325	19565
15722	325	27059
11831	216	17912
20033	325	16824
13109	231	26194
18955	220	15497
29001	325	28541
14104	268	19733
27440	325	28053
17803	254	20248
28411	305	29125
12474	325	11002
20100	278	20290
10687	254	28149
26885	278	27900
19456	325	20551
15829	254	20666
17701	325	16270
12940	220	17219
17597	325	12244
19040	325	20032
26117	252	28514
28563	264	27552
18292	254	26297
18701	220	26198
17783	278	27614
16290	278	13072
16309	325	11811
27073	325	17314
28225	325	26713
19026	254	14105
28173	325	20219
11651	268	14136
12623	297	29517
26191	325	25733
26470	288	17651
20851	325	14782
13875	325	29751
27124	271	27841
19896	297	20295
17427	325	25802
27975	325	13108
20367	252	15797
18263	325	20636
29530	325	20452
11285	258	13072
14343	278	16824
29040	325	13044
18969	254	28149
28226	254	14963
29675	325	18840
20337	252	28690
19229	325	14922
11772	214	27131
12610	325	26783
28263	254	17891
15692	288	29941
19914	325	18217
20660	254	16171
14205	319	27404
11842	278	13130
25836	252	19985
26161	278	18797
27684	254	20666
15116	325	19328
19474	254	17897
10688	325	25602
14015	325	29387
11633	325	17635
17536	325	16235
29325	325	18744
28845	288	13781
11401	325	11004
27813	325	17314
11051	252	26109
19256	325	14465
17191	325	14633
18648	278	20636
15337	278	16824
12116	281	19519
15665	254	14136
16656	271	25933
28262	223	11863
25996	325	29743
25505	258	13376
13593	325	17460
16936	258	13773
20883	294	29754
17498	254	14658
29489	255	15655
11858	254	20248
13858	257	12709
11600	316	26632
11172	254	11996
14090	325	16789
17075	278	18036
29173	325	27902
15155	278	27473
14327	288	28805
25548	325	27632
29016	325	17139
17152	258	20184
15682	252	16518
14727	239	27075
20440	325	19561
10735	288	25944
16524	280	28928
26746	325	18362
16708	288	20290
14460	325	26589
14719	254	11901
27515	325	25602
16557	282	27642
15274	325	27473
28670	325	28222
11837	325	16962
18276	254	18599
20338	214	27611
15738	325	11734
11721	325	20782
12515	258	27473
14748	307	29207
20590	263	12871
28553	325	19420
13557	325	20219
13060	254	11901
14333	325	19135
16974	252	13018
15482	254	16685
17970	288	27472
12231	288	17021
28550	325	20247
17250	325	16726
29057	288	18639
14946	325	20794
14968	325	10595
16912	254	13185
14598	254	17897
29534	258	18530
29171	325	13843
17522	288	16728
26640	271	29933
19707	318	18368
20187	325	12244
28158	268	20188
18860	263	29813
11971	325	18887
29879	238	15424
10517	252	13198
15198	307	29207
12701	288	11085
15482	325	20169
16163	258	18147
13590	258	13470
28212	288	18726
25531	325	20115
17613	254	14658
12147	252	26070
15703	325	12164
26165	325	13072
12526	289	27400
27145	288	26228
17431	325	16728
18998	254	16685
14631	254	12139
13249	254	13138
17493	258	19465
17022	325	12820
27979	268	26837
15321	325	16388
26668	325	27983
17368	258	18887
26095	254	20666
28000	258	10792
18058	268	19967
18061	223	27084
12374	252	17880
15285	258	10595
11314	220	15377
15997	239	17897
12435	288	26999
27810	289	26776
25712	219	17814
15924	254	12404
18187	217	28959
26728	278	18523
17247	254	17897
15560	325	20290
29178	325	17992
11914	254	25621
15753	325	28500
18941	325	14573
13973	325	20169
13275	325	13495
14061	254	15134
14475	254	26222
14211	325	27743
16522	325	11213
13849	325	16224
28023	254	27044
25730	325	29789
12350	317	16065
28744	325	12910
10780	288	17278
27535	278	25733
16860	325	10652
16099	254	29125
18837	325	20032
16516	325	13495
18960	325	18577
14214	325	18797
28572	258	15883
17847	325	29579
18103	325	12910
17856	288	26084
26121	254	29763
13855	325	27266
16082	325	26386
20911	304	29930
25957	325	11917
13241	325	18036
29617	241	20248
13667	271	10558
27724	254	12871
18577	307	14707
20530	325	17245
10759	257	10828
20950	258	16061
19104	239	29125
18819	254	17897
15292	254	13417
14492	288	20022
16164	325	12244
26844	258	27890
15579	229	14280
13584	254	17897
11738	278	18797
12163	325	28976
28127	325	12244
12792	309	11438
17695	288	26179
20003	325	11085
28354	220	27957
14410	278	12500
29446	325	28579
16998	325	13680
11794	254	20248
26001	278	12910
25937	231	18730
25667	254	26600
15330	258	14372
28820	325	16492
26865	325	16728
18370	294	15445
28017	254	14105
18821	219	10796
27423	325	27743
27258	325	10595
27129	288	27569
26121	325	16345
26555	220	26559
10752	325	12500
11893	220	11743
20468	254	17897
18292	325	15712
16718	325	19328
15022	258	14458
18152	325	13574
27282	325	10595
17990	325	18726
11279	325	16726
26843	325	25733
16613	325	16492
26284	325	14075
27921	325	16454
15360	258	16726
11929	288	20219
20942	231	19688
19918	305	12588
10793	258	19676
13398	325	28909
28328	325	12703
28024	288	20636
28495	325	16432
15422	305	12588
27315	258	27747
18834	282	10883
29828	325	16454
27997	254	14126
17397	271	12020
14241	268	20248
16893	252	14609
19637	257	28907
14339	325	12500
17578	219	17897
26720	300	28071
27717	254	14459
20802	239	11901
17766	288	27983
13367	325	16787
20484	254	13417
28883	258	13376
29345	325	19420
17246	325	18726
29392	288	29751
27287	325	10932
11032	278	20551
13835	325	18707
19128	325	12243
13083	258	15744
11137	257	19513
16963	258	17460
26369	325	20551
11471	325	14276
28351	288	15883
27662	254	11901
15117	254	16611
14790	325	17426
27826	258	26575
18206	254	20594
15378	288	13781
18947	325	28805
29074	254	12871
14589	305	27350
12677	301	26639
26168	254	29626
15557	231	16198
12904	252	17699
28211	254	11901
26516	220	16434
13373	325	27805
10679	325	11213
28046	325	25516
28611	220	17219
13605	325	12243
26092	257	28112
19244	325	18104
15269	271	17993
18324	238	15424
19205	258	18124
15737	325	29546
14953	268	13185
11648	325	16471
20135	325	13680
18650	258	14286
18673	278	19885
10848	325	12649
16200	234	19629
25996	254	17814
11411	325	28236
15216	325	12105
16727	325	26043
27025	325	12076
15289	254	20248
20350	325	14611
16109	254	16171
16420	258	29546
14324	258	12715
18903	254	20909
27328	325	20286
28771	258	28044
19993	254	26188
16909	325	19328
14141	280	20435
15867	254	15993
27200	239	20248
17182	282	27662
18724	254	28149
16830	325	20636
12246	252	19367
13512	278	15724
29552	278	14458
26119	325	14075
11469	325	18639
12357	305	17897
12608	325	16235
11514	325	15574
14918	263	18007
20919	268	29443
29943	325	19992
19533	280	19800
12199	325	18036
28505	325	18639
19919	254	20248
12163	325	28053
28056	254	29125
12121	325	17360
14594	288	13108
12777	325	25733
12077	325	12076
11567	254	13096
29588	325	12500
20607	289	13831
15142	246	25933
14432	235	14105
11042	325	19187
19022	325	25944
19439	239	17897
14474	325	14075
11045	288	12244
13552	325	18182
17079	305	11458
29280	288	27361
20780	258	15180
17198	325	28976
20008	325	20636
26756	220	27417
20138	254	12871
19637	282	28907
13526	325	28538
19293	219	28727
29172	254	14548
16163	288	15574
10671	325	27569
12507	226	15949
15692	258	19561
20315	254	20666
17195	231	28193
28021	325	17966
19073	325	18988
13149	325	11085
16108	325	26589
15963	325	18860
26321	325	18899
16179	325	18797
17490	235	28862
10991	325	27983
13925	324	18779
12569	307	19534
28025	254	26625
12239	260	12637
28911	254	19521
18132	252	14414
18579	325	27848
29915	325	28579
16530	290	27924
26442	258	20551
27150	325	27805
18110	254	11638
20442	249	11114
18180	300	16954
12083	220	27991
25542	220	18628
15990	220	17207
27817	254	11996
10746	288	25662
19898	254	28149
29950	325	10595
14518	254	14136
20893	254	20248
15340	263	14105
29919	325	15883
20143	325	13588
26814	325	12428
14719	278	18104
26283	325	13030
29698	325	26878
12534	307	11029
26624	235	10761
16118	254	17640
16736	254	16685
16128	254	11901
20570	325	26350
12514	325	12243
16094	288	25602
13806	254	28149
28156	325	13781
29808	325	19565
10722	288	17635
19258	254	13185
12611	258	18744
17949	325	26757
27493	268	20666
28776	325	10606
12921	325	20338
16815	325	12910
27891	254	11461
27815	278	15396
29327	288	19719
17156	325	28976
19641	325	15568
20552	325	29751
12441	325	20298
13357	288	12715
25950	258	16007
29691	288	16492
13231	296	27877
16869	254	29125
12479	325	26073
20692	325	16874
29753	254	12871
16950	258	20808
13980	300	18506
10803	325	27712
13530	325	12428
16762	278	12428
16348	300	20139
17968	325	28184
11508	325	26869
18594	288	12822
19277	223	20330
12703	263	16171
27534	254	11901
16142	325	20808
13206	325	20290
16276	325	14820
28261	258	28626
29625	254	19850
13462	285	16121
28980	325	12076
28049	325	28976
17498	258	14839
29392	325	25602
26317	288	12910
14968	325	20522
28126	280	17831
14172	325	19335
17505	325	16726
15284	258	12910
19582	325	20551
17519	258	20636
17480	325	16824
18741	278	17139
12706	223	26892
28608	254	18880
19945	325	17460
11596	325	12788
26352	288	12520
12835	257	15142
13494	325	18281
12834	325	27101
29536	254	10539
11588	278	27569
20532	258	12105
18570	278	14075
14767	254	13185
27497	220	29323
20681	231	17182
16556	219	16065
16522	254	10796
28080	220	16123
13378	278	13680
18428	215	18656
11013	325	19565
16162	220	18090
28255	254	11901
12665	325	27983
17218	268	29393
14350	254	20248
29379	254	20666
26803	325	20022
12908	278	18988
10575	282	26619
20659	268	16171
25530	278	12500
26700	325	17494
17461	305	20594
10959	325	26179
11463	231	20917
28526	325	17825
12280	254	28149
14754	325	28541
14703	325	14611
29094	289	12060
19503	325	28338
13354	220	12650
20674	288	28504
27556	325	12820
18565	325	28092
12051	325	26179
18049	220	28680
13570	252	10550
14417	254	16811
27512	252	27584
13072	214	11399
27392	252	11732
27440	254	28149
17447	254	11901
26455	325	14625
25949	254	11901
11801	325	27059
28520	268	14136
12444	325	17139
11929	288	28579
18523	307	19005
29800	325	29926
27000	254	29125
14166	325	18797
10546	325	18036
15904	220	28882
20284	320	17638
25785	258	18931
14635	254	28149
27654	268	28149
20532	288	12105
20336	325	29751
11890	288	25586
20759	325	12788
18552	278	19736
14119	318	17897
26867	215	16788
17529	268	20248
11079	288	29299
18246	325	29751
16811	293	19903
16154	325	28072
20971	288	20247
27113	252	27356
27154	325	27472
12236	325	14839
12549	278	27080
19656	325	10776
20073	288	14458
26247	288	11179
27021	325	17139
20125	325	18639
16441	258	16492
20478	238	15424
12989	325	29998
28826	325	29751
26950	252	19464
11326	264	14602
14840	254	20248
28950	210	11551
13528	325	14372
14928	325	12569
20902	325	26783
11261	325	19328
16341	325	19840
19185	288	29833
13984	325	15724
13349	325	19465
15002	252	13174
17429	325	13932
27925	325	16789
12277	325	13276
19398	325	14191
17085	248	14126
26763	325	13236
28388	235	26548
25699	278	20115
14665	288	27059
13431	239	17958
20561	325	10858
20141	252	20694
12823	250	13163
29508	258	12076
27885	235	27044
10855	288	27473
13075	258	16962
17475	325	10504
15817	325	15646
19668	325	12327
28420	325	17635
11232	325	12428
25696	254	27044
11355	288	17825
18420	316	27909
28873	219	27044
16445	325	25802
28209	294	17889
11788	281	28025
17432	216	27442
16765	278	16942
27484	278	12846
25797	258	25662
14992	325	12243
13577	325	16090
15048	325	16061
15328	220	12619
20244	325	13680
16118	278	29259
12529	325	13932
11821	254	17511
16228	216	16573
18808	230	27144
17720	325	11179
17425	325	20991
28293	325	12431
20072	254	12871
11071	258	14633
15790	257	12097
15973	254	11461
10607	250	14854
28261	288	20032
15323	325	20022
19718	220	17873
17145	220	11462
29698	325	25629
19868	325	29578
29209	288	18530
25989	288	10943
17182	280	20681
13310	325	13121
16429	325	26179
12595	325	20609
11743	252	11893
29959	254	28843
17220	254	15134
14843	254	11901
14934	325	19248
14317	219	11901
26228	263	29125
26334	258	14494
14680	231	13109
25749	325	17314
18693	288	29319
28183	254	13415
27503	325	12662
14360	254	14548
12342	288	13376
27027	325	18744
26092	280	15685
25810	278	12244
19683	263	27044
27276	280	12319
26885	325	27900
13549	325	13470
27629	315	29633
11603	252	12620
14114	325	17635
11216	288	10898
12541	288	19420
27744	278	10986
12229	325	11085
20492	317	26188
29213	325	14458
12719	258	16388
28397	325	18744
28875	278	29743
25632	278	18036
16507	254	17814
19832	254	13417
13175	325	29135
16075	325	28976
25873	288	27080
25698	254	13185
18579	325	19565
15291	325	29220
15211	325	26043
29912	288	14625
26802	325	12076
29363	325	13680
13916	258	20574
14390	325	15883
20111	211	13054
11247	305	20379
12811	325	20286
25872	258	13121
26484	325	29135
14749	254	16171
14486	325	29941
26976	254	11901
16884	223	29767
28256	325	18104
27648	325	26081
10780	325	19992
12517	325	26836
27979	254	26837
27282	325	14771
14970	252	11164
16557	231	20972
18977	288	25619
26644	278	17652
26136	325	18331
17738	280	13082
15076	282	25549
19043	325	29926
28509	325	12274
14478	258	28341
11770	305	15134
18650	258	29259
28667	325	20930
15343	325	28480
12032	325	16787
25846	222	16348
29515	288	18036
19734	325	28236
18587	325	16492
14184	325	10595
15980	317	29860
15228	288	19992
16650	325	25860
27420	222	26100
15268	278	15636
29926	263	14126
20719	288	27234
10896	325	17800
29613	268	11901
28704	252	19987
26317	258	12910
28046	325	12411
15197	252	13521
25857	325	10730
11692	281	18273
12792	294	14413
17225	254	14126
12374	220	13967
20780	258	26589
14648	239	16175
15181	254	11901
13449	254	13239
11859	325	20636
15188	325	27149
11860	325	13680
13015	288	20636
19692	325	19465
16773	325	15450
27814	231	18505
11607	276	25549
26015	254	12150
17809	325	29789
20817	258	26878
12635	325	11734
27055	325	18362
26247	288	18988
20965	231	26524
12996	325	20609
15158	222	26100
11203	258	26589
27306	254	28149
18017	325	20022
12798	254	12871
16620	325	20808
18271	326	16201
26025	304	14454
27515	278	16874
11587	288	27473
20160	325	12505
26673	259	13865
27004	278	14075
26852	288	16789
27388	325	19155
19121	325	27569
11538	325	16824
28796	254	26297
29722	219	28149
26776	254	26448
17816	288	17460
12551	325	16492
14399	281	13543
14813	325	14633
13862	325	12500
20215	282	27057
20948	257	11935
13903	309	11661
19552	254	20248
16181	231	11244
13035	254	28149
11712	278	27080
14944	325	20184
12732	280	28729
26368	325	11031
27594	229	17774
11184	325	19565
29886	288	15923
11720	278	14372
29355	280	18311
17746	288	28905
29622	254	16685
10860	254	11554
29156	254	15607
25535	325	16726
27658	254	13185
14148	325	14034
29696	325	11084
20414	325	26043
27761	325	26043
28883	288	13376
17051	257	26151
10537	239	17897
27052	294	14413
27438	217	29356
16844	231	19079
27826	254	25621
16825	288	19465
16177	325	19187
16294	254	16171
27503	258	14846
20957	325	28791
27157	268	14136
12953	325	18797
19196	227	11550
29924	271	12605
15443	326	14833
11041	325	12958
29342	230	11039
11722	219	17897
28108	219	28149
16761	249	25942
13009	258	12820
20325	325	19565
27014	258	29998
29264	325	16371
13889	258	12500
26200	258	13838
28848	254	14136
14281	290	27924
10617	325	20522
16715	325	26350
29585	271	16077
27330	325	11786
10921	325	14782
17524	279	29090
29785	254	14459
26035	271	17993
17652	263	12871
13475	325	15085
18598	261	11897
10896	325	27569
25942	307	16761
27527	220	29777
18528	252	11751
11994	325	18988
27142	254	12871
12804	325	11811
18110	268	11638
29144	325	26127
16346	258	18036
10935	325	13376
18493	254	28149
19868	325	25802
20532	288	15396
20917	281	16350
12044	325	19328
11360	325	17300
18064	239	15573
26906	268	14136
18747	325	17796
13781	214	16163
16968	254	27252
10673	325	14034
19929	325	17314
19406	254	29125
18057	325	13872
13727	252	12806
27600	268	26413
17544	268	25621
13555	254	29125
13350	317	13417
20780	288	27473
15313	216	10941
16635	254	12139
14042	325	16454
29907	258	20574
12886	254	13518
18910	254	11608
28097	258	28236
18057	278	12500
14380	288	25602
26432	278	20219
29635	325	16824
13443	288	26575
27505	254	14126
28731	288	12512
14517	325	20794
14432	317	14105
20666	300	12951
16492	263	11901
28974	278	13680
14556	220	19527
28530	254	10607
11872	307	28149
16430	325	13680
20292	258	12243
10797	325	12869
19537	325	16454
15421	219	17897
13922	254	27044
11106	278	17635
20515	258	13872
12348	254	19850
15110	325	28607
13493	278	15180
17586	325	26179
27507	305	17958
29528	258	10595
19680	258	12428
28971	254	27044
18969	325	16874
27156	317	13185
16300	258	13932
11455	254	20248
14478	325	16614
13001	325	12500
17695	288	16726
12224	325	18571
20916	325	12428
11181	325	16235
17838	271	15157
17600	325	14995
13418	268	11901
20030	239	29763
15652	288	11085
26048	290	27924
12621	325	20169
13204	219	29763
28684	325	16719
20512	325	11941
16197	325	15417
26413	322	27217
17695	258	26179
16136	231	16889
29545	325	15075
13950	258	20298
11901	300	26100
10618	325	14372
14418	325	15106
28649	325	19676
28151	220	29356
14747	325	15773
16058	288	10595
17244	252	14018
29555	288	27138
26374	288	26501
27010	325	12500
10786	252	29777
26566	220	11130
15013	258	29299
28546	278	29998
15790	231	25863
13337	252	13750
25827	325	26444
20052	325	27948
19000	268	12406
18992	325	12105
29753	278	16520
18758	254	26297
27212	325	12846
12231	258	17021
18420	239	12404
10893	322	25837
18637	268	14126
25899	263	29125
13079	317	11554
16835	271	12020
29925	325	26127
13170	282	27359
28409	288	20636
20391	268	17897
27605	325	17634
27061	305	12312
27480	325	18744
14524	325	12500
28521	220	16538
18547	288	17139
11406	325	27848
17842	254	20755
11994	325	27472
13913	325	29902
19411	325	13908
19204	258	26043
19229	325	13781
18368	255	19707
18213	316	29025
25601	325	14611
17050	222	16348
20817	325	12715
16291	325	20286
26015	325	15277
29814	325	19565
28232	325	19335
15051	254	11551
28221	325	15562
17017	325	18639
13389	307	20248
14628	325	15744
29446	325	16789
29686	252	27750
17960	325	20115
19093	325	17139
19432	263	14033
26026	220	10585
19305	325	27890
27278	325	13278
28621	268	17511
26208	264	28147
12760	254	11461
12345	325	27948
25956	325	27569
14723	288	16728
17698	223	26538
28426	325	11941
16368	325	25802
25751	325	27769
19814	325	17825
11838	254	13168
12476	325	16789
12966	271	26151
26211	268	25621
26872	325	19889
26594	258	10879
16206	258	12846
19919	278	29259
26237	325	29135
15404	325	27614
13279	239	29125
29889	278	14191
10777	288	15198
16876	325	29751
14845	288	25733
12733	325	16270
29472	325	15106
17576	325	18577
12770	254	20248
15869	325	12958
13865	235	17897
25885	239	16171
11092	273	20236
15330	288	18639
19158	254	11461
12179	320	20594
12727	325	29751
19776	258	19561
13358	325	13236
18256	254	29881
11774	325	11778
20258	325	12274
19273	325	15492
17641	325	16388
19889	307	27265
13774	260	26457
15681	282	12060
20819	246	16999
16403	259	13591
12176	325	13276
27029	325	28184
20941	288	14458
14577	325	27569
11820	258	17966
28353	254	16065
17282	325	14075
10874	325	16471
16116	325	20409
14046	254	29308
19260	254	14126
19860	268	20248
13738	325	28092
15824	268	14136
12924	325	12910
25759	325	29220
27731	325	18036
29835	325	19565
11702	294	16484
15688	268	27404
26472	325	18931
15569	254	19850
12360	255	11585
15851	325	14013
14726	325	18726
18300	258	15923
26299	258	11650
19247	245	13483
16106	254	17814
26872	325	13394
16956	216	17283
15322	288	13872
13112	325	16090
28807	325	13872
12933	278	28045
28938	235	29125
13477	325	14276
28501	325	10716
19652	254	14136
17239	273	12389
27295	325	20551
19406	325	29941
14178	254	10796
11791	258	29135
18082	288	19328
17914	257	17107
26379	325	18104
28960	325	12820
26658	325	27614
14693	278	16728
26753	325	16789
17001	254	12404
28194	278	18797
27716	325	28045
13711	325	14922
28293	325	29743
17528	325	11778
17255	325	12428
28752	258	11734
16302	258	17494
27921	325	17651
26775	325	20032
19825	286	12632
11314	268	11461
19348	220	27356
27026	248	28727
11099	325	13072
11164	220	14970
20582	278	18104
19340	219	14126
18548	258	29259
11342	325	12428
17944	325	18036
28185	325	17314
15013	288	14611
29297	325	27080
27619	243	20666
11520	229	12780
11905	325	27080
14851	325	17651
26854	258	14458
10679	325	16495
28024	288	13723
13123	282	13545
14616	254	27075
15424	251	26899
20620	231	28827
15008	290	27924
20464	258	11179
26834	325	12910
28885	308	12127
15460	325	13872
15175	220	12972
15240	325	26322
18468	254	29449
18481	325	15744
26388	325	14191
15101	254	16171
27652	258	19565
16502	258	16235
19640	325	12428
12258	239	15134
19440	325	12243
17124	325	26386
17208	273	13470
29157	325	27876
18455	254	14658
18463	282	20668
17167	288	12105
14815	325	18840
12378	325	14458
18348	252	16275
13712	254	29443
29187	278	13843
20938	325	19420
11821	325	17826
18826	325	20551
15429	325	12428
19138	261	29341
27457	325	10932
15641	325	19135
13991	325	17139
11637	222	16348
14807	325	11087
18008	258	18988
16998	254	28149
27298	254	11606
10576	254	17897
20309	325	10898
14091	288	10898
17493	325	17458
12523	325	27234
15273	325	20609
17805	231	15153
18398	325	27902
10976	325	19992
20747	252	18129
19061	325	15574
18397	268	13185
25736	258	27266
15533	254	14954
18902	288	13781
19287	254	28149
26053	325	18726
28165	325	27080
26728	258	16726
12110	325	27848
14882	325	26043
10711	325	25551
15350	325	13278
13846	325	18931
14427	325	16492
17676	325	20636
12515	258	15180
14393	325	11778
12410	325	27805
12914	254	20666
20660	258	15923
26493	322	10968
17084	325	19222
17417	235	27016
14284	325	11872
16567	325	16270
28157	325	14458
28414	305	20358
19086	325	20290
25557	254	18562
11964	305	15573
18967	325	20286
13621	280	27554
20151	243	26049
12480	254	11554
28040	325	18331
28827	280	20620
16797	325	27902
12554	246	25532
27350	300	20222
18433	325	12928
26008	258	12910
16916	300	10607
11918	278	18797
28131	257	14190
11977	278	12076
10940	325	12928
11365	254	15134
14489	325	28184
26059	325	29739
13237	325	27614
20588	325	27876
14939	268	15741
10792	263	14658
26894	280	17164
28176	325	19222
20329	254	11608
19830	254	25775
16493	305	14043
26398	288	17139
26519	325	16824
28322	325	17278
13892	325	10943
15844	325	12520
12201	325	27171
19059	258	28607
29529	278	13781
17140	278	27569
25814	325	20298
18737	325	20184
11381	252	18137
19312	220	17564
17654	252	19114
12345	254	20248
14534	304	15054
25950	325	12846
10540	280	11137
11094	325	14191
27937	254	10796
29232	325	20636
15256	325	27473
10993	325	14458
13936	293	28356
17574	325	26970
10966	231	20353
26221	325	13236
11014	220	27136
28008	288	17314
16700	325	26575
25506	289	10784
19690	254	25621
12447	325	19885
17429	278	16728
17726	325	18797
13716	220	29778
28363	260	18761
26408	278	15724
27056	288	12274
20779	268	28931
10908	278	18726
29979	212	13049
19590	254	12404
17917	254	12404
17268	325	19563
11376	325	15106
25559	258	12662
19221	278	17635
29635	254	14459
17260	231	26307
19800	257	18323
28996	325	16270
25584	294	19264
19607	325	19561
12462	278	28905
27781	268	14136
29986	325	29135
26828	223	19499
28237	325	25856
17639	254	20248
28020	239	29125
18947	278	26501
12954	254	20666
29567	258	12105
13448	295	12632
12241	325	20522
15787	317	14265
18138	254	14459
18547	258	26451
14560	280	17336
13325	242	25720
29302	231	19925
19956	325	18104
13786	325	14917
18267	294	29078
28234	325	28044
20506	288	20551
16192	252	17618
11237	235	27044
17135	252	20707
18482	325	20298
17656	278	18931
26854	288	14458
16683	254	18066
18026	325	14611
13090	288	28548
28319	268	14126
11570	288	26386
17445	278	12846
28412	258	26179
15788	220	18863
17323	325	18362
29874	325	18639
27103	325	13872
13989	268	11554
14304	325	26043
27544	292	12505
20052	325	19563
28523	258	18639
14496	325	19889
28947	325	17938
19240	220	27574
20301	325	11734
28784	325	16345
25722	325	26501
15549	268	20248
13679	252	27166
10996	325	18726
11499	231	13422
26814	278	12076
27628	254	11863
11528	288	20032
18888	325	11004
28225	258	13574
10696	288	28184
11094	325	20782
13755	325	28338
16167	278	16728
28459	263	25647
27086	239	18550
28474	325	18797
16706	257	25520
11263	288	27377
20161	325	13072
19878	257	12859
13829	288	28341
27585	325	20347
15722	288	20636
27571	258	17625
25950	288	16007
14514	254	14963
20171	214	17970
26516	268	29442
28946	325	13495
25872	325	13121
29636	325	14922
26311	325	10652
20083	223	15691
15506	220	17924
27590	325	28072
12693	278	20808
13157	325	25662
20072	325	14633
28487	280	29260
19190	325	15727
14476	220	18414
18793	325	25662
27323	258	29220
12107	252	26394
28534	254	14658
18312	254	27986
29298	268	11554
25985	325	16824
15257	316	27068
15414	268	20128
14524	258	14917
13139	325	14465
11224	325	20115
26733	325	19328
16163	288	26970
26594	325	12520
16467	239	15458
11331	325	20219
15270	252	26258
28731	268	20248
17437	325	28739
10593	258	10563
11439	254	29767
12607	325	15565
14514	325	26589
16673	263	13185
19557	230	28138
20768	254	20248
17257	305	20687
13542	268	19967
18889	325	26836
20209	254	18880
25770	325	26179
17940	258	12105
18804	281	19410
20789	254	28727
26752	254	12871
14600	325	20022
15200	325	13130
26556	293	28356
16449	258	12076
11309	325	13276
16622	220	19815
10992	239	26217
29655	325	20974
19941	325	29833
15910	220	19947
28731	288	13376
16933	258	14075
20044	325	29926
11441	325	12703
11187	254	11901
14335	325	10986
12124	254	29125
29966	325	14191
16334	325	20290
19120	288	29941
28610	325	11734
11201	220	20904
26557	278	25807
19522	254	20248
19760	325	15744
11805	231	20092
27231	297	29140
29732	254	14136
29473	268	29832
14797	325	11778
10580	325	29546
29266	220	26345
12729	254	12486
18861	325	28045
15768	239	12466
12391	220	14453
10829	259	18881
25681	254	11461
15769	288	15180
14699	325	28053
12524	325	25662
19692	325	12076
28988	258	13723
15444	220	15099
18899	263	28149
17644	254	19979
11907	288	10986
19230	258	12846
19681	271	12697
18074	258	11778
27178	325	20991
29484	227	13554
16582	325	26783
11920	268	28149
19658	325	26327
29814	325	27876
11432	325	19561
16466	325	17460
29438	254	11608
16171	300	16916
25755	325	20609
19681	231	13182
29890	258	11179
28084	288	26043
11148	325	15724
27264	325	29833
12401	325	16874
17498	288	14839
11626	288	11778
26398	288	20808
10902	325	25662
11079	254	12871
10838	325	18606
26311	325	14633
16011	278	14611
26215	278	28739
15812	254	28149
15394	219	14043
16755	263	27517
17267	305	27517
20251	325	20286
19036	220	15499
27935	254	20248
18140	325	20347
28974	254	14459
16050	288	10943
11435	325	16824
15289	258	20871
26653	252	28895
12742	325	27059
19298	254	13185
11332	325	12877
16879	325	14352
16403	259	12676
18780	325	19635
26985	325	20782
12550	254	11638
29211	325	12569
29794	325	15180
13498	325	18372
14675	325	20782
25715	254	14136
20064	325	14286
14130	258	12715
17710	278	29751
27387	325	12076
26277	254	14126
17890	325	20032
19801	235	10539
25531	278	14782
10696	325	28184
27617	325	27876
17643	250	11579
13012	254	28149
28095	288	17314
28633	325	14611
27290	258	20022
20396	258	18124
20962	289	10594
25502	271	28128
19419	254	19979
17391	254	13417
29076	325	18571
25726	258	12946
28914	325	29789
15603	258	15078
20476	220	12172
17035	325	29899
10866	268	26033
29666	254	25621
26752	325	27902
26012	214	12665
19900	258	28579
20852	254	20248
19318	325	15568
18659	325	26179
14751	280	20697
14292	239	17643
13991	325	13470
11338	325	26757
19024	263	14459
29919	258	26589
19842	252	15314
29901	325	12076
28476	325	16432
15532	325	14697
28744	325	11085
11855	209	20583
17152	258	18840
18440	258	19187
17430	325	20169
25656	254	16171
19471	325	18931
29265	316	18541
13577	254	20749
17661	325	11811
15080	268	26188
18401	254	16489
28708	257	25520
27625	268	19243
25872	254	12871
20947	273	12029
14136	293	14789
15162	254	25621
26521	325	26713
29548	288	19234
16408	325	20808
26875	325	20298
19649	325	17458
13194	210	10539
26561	258	10879
12411	263	19850
15570	325	14465
26735	325	26724
18866	325	26144
14654	254	12871
27836	325	13470
13951	325	11522
26874	325	16090
26400	316	10537
26966	325	29899
18982	315	20964
14479	252	19842
18598	315	27068
14506	254	11901
28442	325	12428
13888	223	11547
19138	239	29340
25935	325	20286
13678	325	19676
29543	278	14075
20772	258	13680
16840	288	20636
19772	288	27177
18536	325	11778
17857	288	20115
28741	258	15883
13815	258	28551
18217	263	11901
16825	258	19465
11951	263	27075
16723	254	13417
11290	325	26144
20696	288	20991
26596	258	19328
29255	252	11457
14056	325	18639
19602	254	26809
15677	254	20027
11446	258	28184
13533	325	12428
26253	325	18217
28729	280	15901
13501	278	13470
12476	258	16235
15407	268	16685
25930	274	17686
25776	325	12491
12976	325	12500
26902	325	12428
27972	254	14459
20387	254	11901
14042	325	26713
14108	268	15943
13843	214	26650
12785	288	12244
26761	325	12928
13017	288	16371
14399	271	13543
28346	217	19495
27980	325	18797
17915	268	26188
10750	288	13495
10831	325	18988
28073	223	14700
12775	268	11146
17935	325	20022
15015	258	19565
18108	288	28905
15875	258	10595
29486	325	17300
13287	325	19565
18617	325	19248
17600	325	12520
11263	325	12822
28984	254	29125
12773	288	18571
29632	325	12820
19566	325	10932
16544	239	12588
25744	281	12697
19486	325	11786
25673	288	20491
27151	325	25944
26522	258	15075
29878	325	13723
27139	238	27022
25678	220	12414
15040	220	19661
17087	325	18931
10671	325	15078
28552	325	28849
19720	254	25621
25675	254	16685
18705	288	20522
16241	282	16029
13471	325	29673
28933	317	29763
18705	325	18104
15118	278	12243
26957	325	29833
10668	239	20248
20188	223	14070
18717	220	14905
19237	223	15609
13712	325	27485
11822	325	11286
19041	325	19992
16453	325	14611
26801	325	16824
29280	258	27266
17449	215	28848
27008	325	25662
28689	288	13470
18958	220	19417
26619	246	15113
17853	252	11404
28988	325	12820
12912	325	14458
20679	254	20248
26451	307	28986
12947	268	11461
10772	325	25619
19320	254	14459
11846	325	28548
26193	280	27910
10702	231	13663
26293	325	12505
13351	325	27848
13955	278	17300
25633	252	11965
17279	317	29125
25821	325	11811
20055	325	17635
12007	288	26179
28537	252	13730
17062	258	14072
10697	278	17139
13743	288	16824
14553	234	14111
11041	325	14633
11706	288	17139
28724	325	13495
15871	222	16348
13421	288	18432
12773	268	11608
27204	325	27983
16604	325	10606
29973	325	19565
19207	254	17897
18163	325	19992
29866	325	17554
14955	325	18931
26466	245	13483
18506	300	29393
17820	288	17314
19965	231	29381
29133	254	16171
20403	220	27650
28724	288	29941
14021	325	20289
11308	263	11175
27402	325	17825
27519	325	17139
11922	288	12958
19528	278	26386
17059	254	20755
20878	254	29763
18238	258	18639
19040	325	16492
29566	258	27234
25730	325	12274
17391	254	14126
28957	290	27924
15006	288	18887
11177	239	12466
17321	268	29125
19002	254	11551
15487	325	16432
15848	271	28090
11591	254	11863
11586	288	19885
28885	322	17006
11573	268	10796
27772	294	14518
13273	325	15724
28056	325	26043
15209	325	15396
29344	325	13376
18966	223	27794
26510	223	29125
12203	288	12105
28729	281	17312
26560	254	16811
20372	258	19465
29370	325	15697
11450	254	16171
12511	268	11554
26462	258	19420
28907	264	19519
12943	278	25586
18267	309	29104
10891	258	18182
20532	325	15396
13266	288	20169
19878	231	12571
29404	325	10636
18186	239	27517
17920	254	17897
27819	325	20636
19403	288	19155
17714	220	11557
14924	280	11205
26054	258	16235
26203	250	10571
29155	325	10563
11644	325	26928
12375	254	10761
14869	214	20065
29710	325	11004
14466	264	14982
11190	325	16388
19178	258	18036
27414	229	15602
25923	325	15724
26022	220	16303
27549	288	26179
29139	254	27517
18341	263	17643
17306	288	27266
18031	325	20298
27830	325	12500
11623	325	15180
11651	254	11900
13705	317	17897
14235	258	12243
13910	263	28227
14619	325	19719
17706	254	25621
27049	220	11164
12481	258	16789
14889	253	14205
16445	325	12243
13413	220	11685
20294	308	19937
17535	325	14034
27813	254	11901
28365	325	12076
27005	325	12244
18487	281	17324
18293	325	27915
20324	325	28089
20155	254	12404
20243	325	18571
26518	325	18625
17301	220	11932
12984	325	20338
10853	278	17360
18470	325	12076
10553	325	10776
18503	288	18571
12902	258	15712
10777	258	20289
18102	280	17569
14161	288	25602
11812	288	13030
12133	288	11004
16219	325	14633
27681	254	13091
27033	279	11237
13215	325	12910
17061	320	17897
15236	254	11797
17370	254	14136
26339	325	10563
15084	325	28976
10735	258	16824
14837	293	29406
17979	308	16689
28581	325	28004
27576	252	18364
19604	258	13376
28991	325	27983
14310	325	20219
16967	325	20871
20268	325	25662
19497	263	27044
25677	325	28184
18633	252	29190
16467	318	15458
19567	325	18285
19049	258	28541
13161	254	16685
25949	325	12500
27450	325	19565
29107	220	19731
29304	325	28053
27101	307	13672
28487	282	26943
11555	325	27473
14149	254	17897
14262	325	26783
18558	325	14922
27558	268	29442
13484	325	20572
12804	325	18726
14907	325	27915
29109	254	14459
10995	254	20846
15228	288	18797
29358	325	14611
12773	288	19465
14773	325	16726
19508	325	12428
20525	325	27473
15139	278	25944
27469	231	13513
19768	254	29125
13828	288	10686
19358	257	12497
19467	220	13640
27428	258	15075
14390	278	10563
29127	254	17897
11626	325	26386
13571	325	13574
28947	258	27569
12785	258	20115
11705	278	28072
10560	300	16348
13338	325	26878
17347	254	28149
27145	325	11179
16695	325	20115
19610	254	28149
11709	258	17992
18690	278	20169
20978	325	12076
26582	325	14633
11829	254	13168
12541	325	18571
14034	263	27044
25648	325	15180
12462	325	17825
27000	325	18931
26053	288	26043
19323	254	28149
20916	325	12297
26359	325	18085
28983	220	19149
27866	325	29899
13203	325	12822
11235	325	19465
18179	288	15396
16104	325	28551
16115	254	20248
10673	258	20820
26500	325	18085
13294	325	29743
19831	222	13883
15025	325	26224
26378	252	12619
26937	325	11686
11692	271	16548
26101	325	15744
12707	325	14771
26947	325	15234
13446	252	16756
29653	288	28089
16236	325	14771
15958	268	11554
17453	325	29789
10879	263	15459
15343	325	14372
20101	293	26697
28948	325	19561
28791	214	27783
26895	220	27976
17761	325	13376
11434	325	26386
28002	294	29447
14433	281	15165
17153	325	29751
18427	254	25621
10589	220	27562
15716	219	16065
27399	231	13553
27713	258	28222
17870	325	20551
27366	288	18085
27849	325	18226
11041	325	16235
12014	325	20219
19341	223	27336
28274	325	28338
11181	258	12243
17421	258	18744
15960	271	11475
25924	325	15724
20237	325	28596
27759	325	20022
10887	325	25551
19666	254	15134
26689	278	11811
29444	325	13574
20288	282	12832
27968	252	18932
28762	288	12715
15942	254	11043
26477	234	14111
20475	325	25662
16779	258	11811
14183	325	29387
20055	325	10986
14937	278	12076
15517	254	13417
26108	304	19427
12316	325	10506
18786	268	20358
14130	258	15396
18494	325	26322
27245	325	20169
16708	325	18104
25505	288	29751
14412	278	13470
12717	325	25602
28212	288	13108
18447	252	26653
27507	305	20358
12368	325	18217
11419	325	25944
14312	325	20115
14504	325	17314
10605	219	14043
28142	278	13470
14760	325	20551
18065	288	12274
26660	325	13376
11936	325	16824
12481	258	19885
26749	278	20522
12279	325	13236
27267	254	29125
16013	325	17645
18935	325	18726
17623	278	18362
19601	254	11901
17923	268	13417
19220	325	13574
27018	325	16270
18523	263	28931
26921	325	13773
17074	231	13023
18295	325	11537
18732	254	17530
27029	325	13872
18531	325	11778
15982	278	20636
28445	239	11461
12135	257	12671
16256	258	12958
19466	325	14372
28654	254	14126
10609	325	26043
29160	294	12031
17463	282	28054
11977	325	29220
19274	258	12428
20037	325	28976
18247	325	14191
15398	263	14231
11777	280	14288
17846	268	29393
17029	325	19635
14382	325	12076
28592	325	12788
17688	325	29546
17622	288	12491
14096	263	17814
19682	278	13470
29828	325	16726
28499	278	18797
13080	254	14459
28875	254	15993
16300	258	14072
16329	288	28045
18496	273	20298
18105	252	27135
14990	325	14782
17027	220	11061
28957	238	27022
10516	325	29546
14318	288	28045
29080	325	16432
19480	254	19850
14051	254	28843
18206	325	18797
27297	325	10521
25982	325	19565
29163	222	16348
11086	325	27805
15058	288	13723
18729	325	20551
16174	254	28149
16064	268	10607
11360	254	14548
29110	288	14372
16026	325	12164
18342	257	12497
26694	252	14320
28473	325	29751
20660	288	27569
26488	268	17897
15723	280	12116
12476	258	25662
28294	325	11144
27695	325	27918
11788	231	12140
27955	325	29259
26622	258	13470
27172	254	29881
14544	268	19706
12342	258	25733
18206	325	13723
18040	254	15993
12938	252	16030
16821	258	10504
28635	263	13168
29146	325	16388
27545	325	17139
15390	254	14136
29025	239	17877
15580	239	11901
12412	325	27472
19133	325	15727
26308	278	26179
13388	325	19563
28199	325	20169
20333	325	29789
20532	325	29926
17431	325	14465
12398	254	11461
17425	325	16078
17234	254	11551
17336	271	17113
25888	325	16432
16860	325	25529
15294	289	28687
19329	264	14457
20176	278	16728
11060	325	20590
11091	325	18036
27328	325	29546
26173	325	20636
20300	325	15712
12462	288	20590
12558	325	15697
29441	325	17314
26149	325	17458
18293	278	19719
10918	258	14657
12624	252	10880
26044	254	17897
11079	288	26179
26032	325	18070
17529	254	20248
18123	325	13723
13557	325	14458
27043	325	26836
15679	325	13872
26509	258	15234
26684	288	17796
16744	325	29743
18969	325	13470
18932	254	13417
15438	280	26313
15007	293	28356
18489	254	17897
13139	254	25621
11353	325	14458
17773	258	20032
27538	325	12520
16632	325	15697
16764	254	14459
27541	288	20115
14343	325	16824
15159	325	20665
19604	258	16942
12746	268	11554
18565	254	19850
15718	217	28242
13877	325	12846
16366	325	14372
17425	325	20782
18611	231	20227
19276	268	12871
20681	280	15425
16959	254	13185
26926	252	26141
27611	220	19301
19893	325	13278
13524	231	18072
14983	325	19465
20189	325	20219
28608	278	17021
17437	288	27080
26531	325	14465
16805	325	29546
29215	288	25733
20711	325	15028
27932	258	18226
15841	325	19465
27354	278	14625
26891	282	12832
15963	325	18362
12141	325	12076
14506	258	18639
10628	257	19644
12172	220	19011
13089	282	25864
20036	325	12118
27436	220	18009
14235	325	19885
12515	325	29751
14266	325	29319
12334	325	29743
19349	325	25602
19128	325	11811
29810	325	27080
16644	325	10986
26058	288	18542
14989	325	16432
20851	325	13773
11203	258	26179
16006	278	26724
10528	325	10943
16264	288	17849
15157	254	26809
17517	254	28817
12919	325	20808
10815	325	12164
28201	325	15075
16802	325	28791
28005	258	18362
17624	213	17922
26707	325	14611
14431	278	18362
15866	325	16824
18893	278	28500
15062	281	15776
27119	254	29763
19585	288	15180
17785	325	14458
12860	325	10595
28616	325	28541
27648	258	14633
14077	258	19020
12182	219	18550
27845	325	14611
12007	325	16726
16385	254	20248
11799	278	20930
16265	254	20248
17680	325	20871
29641	254	20248
29970	254	11579
19158	325	13376
10924	254	11554
13949	325	14611
16580	220	15643
14915	278	18797
19211	325	20794
10772	325	13072
19219	220	27707
16291	278	26928
20625	254	15943
20162	325	15724
12344	325	25733
14897	258	15724
13240	288	11266
11404	325	12662
17368	288	12500
12311	254	28149
16191	325	20290
12435	288	17796
17344	325	29488
12484	254	29125
16291	278	19248
10907	290	27924
12698	278	16235
15023	325	20808
16214	325	17825
11630	278	10563
11147	325	16432
18538	281	27841
28157	325	25602
18409	325	29546
28746	254	19521
11045	258	15492
27290	325	13470
28220	220	10944
18245	252	15631
16529	254	11901
15233	235	29125
20296	278	14191
15031	325	29259
28425	278	20115
14760	325	20640
15206	258	20115
28915	325	20636
12648	281	29850
12971	325	20930
26747	325	19635
26973	325	28184
27646	325	13470
25519	325	26444
11631	254	19521
14411	325	28045
13365	257	19750
26561	288	12105
17000	325	12118
14212	325	16874
12517	258	19563
17757	282	28054
26654	325	25733
16661	325	17314
26822	282	10865
19909	278	16824
27817	325	16235
15739	325	13376
12882	294	17965
17072	254	28727
12607	325	15883
29385	325	12520
26843	325	14075
11707	325	13470
15690	325	25602
13246	325	12958
20002	325	27915
17144	288	20636
11450	258	13276
13521	268	17897
29034	282	19410
25842	325	15106
26311	254	12871
27084	227	18061
20644	251	10627
12264	325	16728
14343	254	20129
17161	325	14191
19600	213	10522
16027	254	12871
19768	325	18182
25503	325	29926
29549	325	14782
11969	254	16171
15513	325	20169
11259	325	26724
28197	325	16824
11104	325	17307
18864	254	15134
25721	254	17897
15399	288	18104
26834	325	15720
27315	258	20820
11129	254	12404
16119	252	17207
18609	325	17635
11947	325	13966
16544	315	20461
20572	214	15521
28049	325	25955
14322	325	27876
16128	325	11114
18770	220	17365
10602	254	12871
27342	325	18104
13690	278	28045
26577	325	14782
12314	219	17897
18803	325	20219
20143	325	16140
19180	325	14922
11779	254	16685
16676	325	15383
14667	288	26740
28818	254	12406
27787	325	29744
13092	268	20885
26361	254	20248
15412	325	12500
17997	254	16065
11529	325	12500
19824	325	20930
15148	278	16388
20680	258	18352
15057	264	13543
27597	254	29125
11712	325	19465
28856	254	26188
14049	325	12522
26213	278	14611
14115	325	15234
13290	325	20022
17728	325	12431
20495	254	11901
25822	254	12871
16509	325	20609
19364	325	12244
11626	258	12958
14733	325	20609
26841	258	25662
18328	325	18988
12153	325	19719
26419	288	20636
15026	288	15724
19402	325	27876
20751	325	19971
14324	288	15075
29385	325	28053
11666	325	17300
12016	268	26188
27871	212	19838
11025	258	14633
27687	325	18036
17007	282	20295
27122	254	12406
18481	325	20636
19582	325	10932
12915	278	18797
29630	325	17360
18115	252	17189
27324	325	29579
29720	325	25802
10853	325	29751
29548	325	25602
29237	325	28551
16857	325	11085
17917	288	26575
18436	325	11526
27633	254	29125
27756	325	17635
17086	238	27022
11747	254	28149
11054	223	19867
10528	325	12569
27930	245	13474
19740	325	18182
28211	258	20219
20349	254	12103
27208	268	14136
20309	325	12822
26652	239	26467
16290	325	18571
29528	325	20219
29288	325	29789
26802	325	19420
25673	288	16235
27879	325	15923
15507	325	13470
29306	325	28527
16397	288	28184
19003	325	12820
11365	325	16881
18809	288	16789
19877	254	17897
17107	264	20840
19764	325	16345
28226	325	11084
27541	268	11901
28043	231	12856
19404	254	20248
16070	325	20452
14223	325	20551
29555	258	12327
18565	325	29387
18650	288	19563
19680	288	20032
26703	257	16651
11170	254	29125
10793	258	29833
15353	325	20022
18809	288	15028
13188	252	20628
12516	325	15492
26001	325	29789
18263	325	13470
12618	258	10563
14844	240	20288
13159	254	14136
29656	257	16737
15046	288	13781
25857	325	10776
26159	254	14126
13811	252	15499
28573	325	16432
18027	219	17897
14867	281	28025
13500	325	18182
18018	325	18182
10626	325	27171
13839	254	20248
11890	258	25586
15737	325	26575
18790	325	16789
18428	294	16484
13069	325	18124
20717	325	18726
29042	254	11608
12199	325	20298
13083	325	13376
11503	288	14782
20636	263	20248
20552	325	20551
15031	325	20636
16225	239	29125
28416	325	11786
18167	325	29833
12425	254	16020
12559	325	29259
20837	288	11778
26791	325	18104
15696	288	11537
14191	307	28663
26425	254	14136
20448	258	19565
12672	254	17640
28494	325	16388
13646	325	19328
19685	222	28071
28792	268	16171
29054	325	25733
27880	325	28089
18025	325	29579
16786	254	28919
16413	278	20636
28409	258	11085
12919	254	20666
28314	325	14625
17362	325	13723
27386	254	20248
16976	288	29751
11641	278	12243
14821	254	26188
10768	258	25619
19427	217	15832
14398	288	11872
16522	325	13276
26627	325	29926
15611	254	14658
27709	220	12953
29615	325	15724
16009	254	17897
16117	325	28044
16188	325	11085
18482	325	16388
26991	325	14276
12887	325	27080
17450	325	19246
11706	258	26589
13631	261	10508
17421	288	18744
13689	220	18240
17981	325	11686
13804	325	14633
27698	325	10986
13188	254	18157
11246	325	12715
27351	258	20169
19595	254	20248
11223	220	29190
20512	288	18639
17931	254	11638
29859	325	11085
20346	254	17814
29505	258	17635
20051	268	29137
25893	252	27830
27975	325	20452
20606	320	26606
26268	254	29881
19439	216	26883
26864	254	12871
25832	254	29443
17309	325	28551
12773	288	18988
18236	254	26033
15366	325	20974
12598	325	15417
17856	258	26084
26040	325	12411
20521	278	18726
26561	288	12218
18756	254	13168
20133	246	20724
10580	325	14072
18358	326	18981
15769	258	18988
27985	288	12164
28892	289	18421
26641	254	18880
27494	254	19979
16052	325	18281
12353	268	29881
26220	325	15307
14849	318	18795
28854	278	16962
19659	317	11901
29808	258	18707
14900	325	20452
14529	254	11901
18886	268	14126
12830	325	29230
28011	268	27615
28005	325	19753
18855	317	28862
29185	280	11449
28828	288	18217
28420	325	27747
13771	288	16665
18194	252	17852
16001	325	14611
15330	258	12500
29004	254	27044
18479	325	18571
16529	325	29320
10838	254	28149
19619	254	14136
27670	294	15143
11628	325	13680
13351	325	17314
14289	220	14808
16227	254	12871
15647	325	11778
20585	279	12897
17839	254	25621
28393	325	25619
13829	258	20930
16579	254	14459
15794	258	28504
17959	325	29998
13762	325	16454
28458	325	26724
27858	261	27288
18028	325	20808
29304	325	29743
12611	258	16148
13555	325	18931
20913	258	14611
15854	325	18931
28086	325	16492
13818	288	15180
17870	325	13680
16076	258	17360
28425	325	20115
18063	325	27747
26738	325	14922
27072	254	10607
14823	222	19157
26299	254	20248
19952	252	29490
26577	325	25602
17883	325	15724
17398	220	16593
27848	214	14077
16933	288	13470
28419	325	19328
14754	325	27472
16385	258	27473
28660	325	26179
26822	294	18051
10813	325	18217
17317	252	15731
29869	220	28132
15081	288	20551
20852	325	11084
28654	220	27385
13936	210	10732
25956	325	20428
26093	252	27968
26532	254	14126
13947	254	19850
28003	213	15714
28041	325	29941
26015	254	15134
26672	325	25807
28740	254	16065
28103	325	29112
19641	254	26493
20400	254	20666
12473	215	29732
12157	325	14458
18501	325	27059
17780	306	16230
26235	325	20286
18395	288	12297
16170	325	12076
10891	325	27983
10681	325	17139
26823	278	13278
16890	325	16235
26299	288	27805
15628	254	14136
20436	325	29259
16318	325	13236
17779	325	27569
19376	254	11638
16792	254	12871
26793	315	27999
19443	258	10730
10550	220	13570
29457	325	28541
19719	263	28931
29017	325	16789
11117	325	19885
27381	216	11809
19002	278	11734
12101	325	16471
17471	288	12522
10822	325	28053
10758	297	26050
15786	325	15697
11878	268	16685
12174	257	11737
27086	239	18884
14872	252	20001
29413	254	20248
27379	280	16653
28689	258	16824
14600	254	28843
16016	254	20666
28521	252	16538
13625	254	11901
13318	325	26501
28805	214	11101
26836	307	15693
13884	325	27569
27666	240	17703
19949	325	12118
27106	211	27022
29601	268	20666
28742	325	11179
29250	325	29743
15298	258	19971
13988	239	29763
18118	325	14839
29704	325	13108
26932	220	28545
16823	325	16270
10552	325	28072
13190	325	14576
18606	263	14459
15022	325	14458
17445	325	10986
10524	254	20611
26252	288	10716
11382	288	29998
28385	325	14782
14562	325	18744
14117	254	11554
18206	325	15744
27996	254	11554
26629	325	29998
18266	254	28291
17863	268	28291
12110	254	16811
10643	280	19223
29334	325	13932
20206	268	14658
27970	325	13376
27666	212	19513
15070	231	18363
13860	325	16388
26392	325	13908
18263	254	20248
28809	325	18726
26379	325	12500
27405	325	16235
15793	254	15622
19404	325	20551
17581	325	13236
15362	325	12428
18294	254	29125
26304	278	18797
29262	291	19976
12025	325	25662
10727	219	20139
27571	325	11085
18122	254	11996
26381	325	20290
26239	257	19329
11609	325	15724
15521	258	16495
28480	307	20182
11298	258	12500
15752	325	14625
26808	254	28149
18167	325	19561
28618	220	12539
12550	268	11638
18983	263	10796
29468	325	13030
17315	325	18104
14367	258	20636
28795	223	17060
14727	213	14467
28850	325	19328
26331	325	20032
25717	273	27489
27329	268	11996
25559	325	14465
27963	325	18931
13695	278	28089
12334	325	28976
26664	254	14105
26186	317	11554
28334	325	12076
11907	325	28976
10735	268	28149
27883	318	16696
27320	239	11797
26289	254	16685
11172	254	12871
18485	325	19420
16102	325	20219
11743	252	17354
14235	258	12928
16655	325	20930
10567	254	28149
15885	325	18530
29900	325	11811
12434	325	13300
27550	325	12105
17724	219	17897
18572	252	25560
19172	325	10943
16838	325	25629
14196	325	18797
29835	278	14075
13755	325	28184
17817	219	28149
17600	325	16824
28972	325	18319
16987	325	13044
16490	231	26346
19169	288	17825
29335	280	13450
18926	299	12358
12611	258	14917
14286	214	17148
13740	325	15234
20736	254	13185
29500	325	15565
28345	254	14136
12227	268	27252
11679	325	18639
26731	231	29674
29133	325	29751
17092	288	16270
15137	282	29856
11538	254	14459
12398	288	27473
13793	325	16471
13916	278	10595
20423	258	12910
19666	325	27902
15123	325	12505
11534	288	26179
10933	323	15508
17109	325	29998
18153	325	27472
27869	325	18104
13247	325	20409
18349	288	11686
14845	288	14075
18008	288	14782
19938	258	18571
14305	325	16726
19637	280	26789
26345	220	17069
29249	325	20636
11315	230	29111
17836	288	18362
26324	325	16942
25607	325	28044
15312	325	27743
28716	325	12522
16277	325	25602
20120	325	16755
17627	278	18726
15041	325	13574
12223	281	28520
25625	278	14191
16833	325	14922
28947	258	27059
27373	254	11901
28062	268	14136
12485	325	14075
17177	325	19753
19463	254	11996
20534	325	29220
16717	318	19344
13700	325	18639
27721	254	25621
10838	325	18226
27762	254	19850
18170	252	12739
17107	264	17506
11200	325	27848
25514	325	19328
16413	254	14943
20734	325	13723
15227	254	14459
20373	299	17352
26417	325	19957
12005	325	26179
11233	278	29220
27229	325	28045
13569	325	20078
11158	254	11551
16571	278	18726
15970	254	12871
28246	288	12500
13877	288	28976
20456	325	20409
15209	325	14892
26320	325	26084
29220	263	11901
14282	220	15021
19577	325	14286
14025	278	17021
26533	325	14458
28683	278	12076
10805	325	14633
13526	325	18124
13869	325	29751
18253	219	11900
17836	288	13376
13582	325	15234
29070	297	20172
16959	258	29579
16108	325	27900
26221	254	20248
19649	278	17458
20912	325	18492
16798	222	18506
20993	288	18887
19864	325	20115
16275	325	13059
16884	223	17897
19819	325	13276
15265	325	12820
15228	288	13470
29298	254	11554
17884	325	18988
20973	325	15565
16791	325	18104
17983	288	29579
16905	307	19816
11874	254	14658
26687	325	27059
28666	257	14681
12645	325	28500
13228	288	17825
16264	325	17849
27845	325	12715
16411	231	20500
13016	325	28976
18107	295	14615
13268	268	11554
12987	268	19051
18056	325	25899
12927	325	28500
25727	325	12243
11012	254	11579
18100	254	14435
17359	254	13239
12818	254	29125
11476	325	15646
20272	325	11786
11939	254	11863
12773	258	29751
16429	278	26179
28694	325	20974
13064	254	14881
25753	325	12699
15684	325	25733
19686	325	25602
18136	300	20222
13866	325	17314
15030	325	25662
13595	258	28045
16216	325	25551
27948	263	20248
13304	239	26607
25727	278	14611
20016	325	16432
19357	325	20298
29075	325	15724
29922	325	12958
12316	325	29488
15062	257	13479
10810	258	11179
28224	263	11461
11248	288	14372
11823	219	20248
20118	325	11811
28073	223	27075
16062	325	29998
17720	258	17278
27405	325	11786
12544	325	25802
11464	325	28500
16551	258	18281
25854	325	20169
13377	325	25602
27835	325	28739
13196	325	12244
20483	278	26970
13136	325	10563
19469	258	15883
16453	278	27743
18945	258	15883
27461	252	13688
19311	325	18331
12242	325	15417
10619	278	16728
12172	252	29821
15293	268	11554
18479	325	29751
25907	325	12164
14867	271	28025
19331	268	16906
12862	254	11863
10974	288	16270
14978	254	11901
17680	325	15307
14543	325	13236
19280	254	10732
12698	254	12871
16359	258	17139
16470	325	15359
10991	254	12404
12331	324	11273
27815	325	29743
13720	252	27919
14127	325	18530
27423	278	16726
12962	325	16454
11376	325	16789
10513	246	19775
17741	325	18542
27702	252	29776
16995	325	15078
18028	254	12404
20517	325	11002
20233	325	16728
28697	325	13394
11663	258	17635
17752	325	29941
26734	325	27080
14061	254	12150
26815	268	11554
18041	268	29443
13762	325	26713
26853	227	14533
20910	220	12816
20106	254	19850
16790	325	15697
19278	258	20636
17240	254	11901
29143	325	19222
14828	215	19579
17409	325	11002
14443	258	20338
18622	254	14837
19795	325	14611
26231	278	12327
18067	239	27075
19826	258	12662
19743	325	11811
29503	254	13185
17908	325	11811
16890	325	13121
12717	278	20636
14994	325	17460
17118	254	14658
17062	258	13773
12885	252	29516
28825	268	12871
11103	325	25619
15566	325	18104
29530	258	14072
29076	325	19420
12168	288	29751
11849	325	18571
13363	325	18744
19378	254	13417
15812	325	27805
26995	325	20782
13953	325	13072
28936	325	15724
20643	280	25624
20906	325	11686
14499	313	12914
14313	288	12428
28287	268	26643
15760	268	19536
16891	325	17635
14866	325	16874
27504	325	12243
26871	325	19465
13228	325	18931
12142	325	12243
27029	325	20298
13964	268	14136
16918	268	14954
16593	254	11901
15626	254	11358
11896	325	15417
20572	263	28727
29868	325	28607
15308	258	14611
29031	325	13723
14346	288	18639
10534	325	28551
10705	325	13541
17357	325	29833
26013	257	26208
10983	325	16492
17444	268	28727
26368	325	14917
15763	325	13376
29447	254	14136
25738	278	16728
29662	325	16471
12549	325	15697
17705	288	11865
25505	258	29751
12026	220	28151
14773	325	12076
18543	238	27022
11373	325	19082
29187	325	12782
29794	254	20248
26310	268	19850
17144	254	20248
13364	268	27350
15038	325	16235
11919	268	14136
19542	325	12243
20160	325	27640
17505	254	26188
29384	315	17483
16656	281	25933
16466	325	11085
20225	325	14465
12519	288	14458
16372	254	11863
15232	258	20289
27744	325	17651
10772	325	18988
13828	325	13680
13513	271	28147
20194	325	25733
27449	325	18797
26146	282	12832
15845	325	29387
13411	268	29729
28350	325	11004
18597	297	25898
15137	271	15816
29867	252	27893
18617	325	27177
25576	254	13185
28358	325	26228
14580	254	17303
18218	258	14458
16936	288	16388
28138	316	29813
26827	325	12910
28014	288	18988
27964	305	29763
25954	252	18245
18243	325	17300
17727	325	20219
17658	254	16685
19264	254	14136
12369	325	20219
29280	325	18639
13916	325	18104
14519	220	16263
12918	325	16235
12917	254	18584
12055	288	13470
28496	325	11617
26244	254	29443
25862	305	16954
28503	289	11475
28884	254	19521
16862	258	14267
25910	254	28931
18024	325	27876
11441	325	18625
26754	263	11461
15920	238	15424
10821	288	27876
26482	325	20522
20880	258	10680
10610	325	27472
19732	325	29751
16847	325	17314
26955	216	11809
18218	325	28089
18415	254	20287
28807	325	10521
17566	325	19561
10679	254	26188
28028	227	17237
15946	254	20248
28261	258	16789
12169	325	18726
14621	227	28241
18029	325	11786
15853	217	16669
15493	325	18124
17306	258	27266
12742	325	20298
11423	282	12671
28553	325	19889
29537	325	12820
12064	280	27289
28399	307	18584
18419	281	15157
26140	325	10986
12220	325	16432
20182	263	16685
25755	325	17314
29692	254	29125
28360	325	12500
11386	325	15180
16508	254	11901
16310	220	29150
17788	254	17953
17354	220	11893
13068	268	29125
25515	325	29546
27481	254	29125
20016	325	13723
14015	288	12428
18829	258	20169
25871	325	10943
25546	325	14855
18148	278	12522
27815	325	16148
11090	325	10506
12171	278	20115
14324	258	10595
14404	325	14917
19826	325	18797
13064	288	20551
17915	268	10796
11045	254	26643
17308	288	18070
15498	325	16269
29351	325	29941
19876	231	28613
25845	254	11608
20968	254	28149
11806	258	27848
27593	325	13680
29948	220	17736
26187	278	10792
29466	325	12500
13563	256	17461
14168	325	18104
11420	325	18726
16995	278	15078
28238	288	10879
18489	325	29546
25590	258	18797
18353	325	29220
26838	325	12243
13745	220	16580
13101	325	25662
10837	325	15234
15039	325	14799
27419	254	16261
19643	278	20115
13877	258	12520
11576	325	13773
13842	325	29135
18205	278	14922
13807	325	18036
29741	325	25807
17600	278	16824
28638	254	12404
29505	258	20032
17605	325	16874
26877	305	12312
19084	325	29135
12305	278	26589
13433	325	14922
20852	325	13376
15592	325	17314
29382	325	28500
15573	300	18506
20104	325	27902
26095	288	12822
26878	263	14126
20995	258	15727
19758	254	19829
17582	220	20331
17662	325	12500
19695	220	26926
14094	269	14553
12431	214	15485
13918	261	19156
26309	263	27404
19064	325	16471
29825	254	11996
20974	307	27296
27519	325	12244
13473	278	20551
18910	325	10595
16934	254	12871
15356	325	29744
28162	325	12076
29097	305	14520
18006	220	13937
18031	325	13872
14338	325	29941
29804	325	17278
29240	325	11734
11222	325	12243
11873	257	19750
10993	325	12076
26808	325	11002
25650	325	27473
15051	254	15134
27630	288	29320
11834	325	14458
26540	325	14573
18162	278	26393
26500	325	11872
12066	254	14126
14403	254	16065
28355	325	14748
17705	288	27738
19073	325	14782
26388	254	12139
15936	232	27169
13729	288	15744
19172	325	12076
27912	257	15142
18279	252	28449
26522	288	15075
13375	325	14917
19899	325	26043
28207	325	17314
17755	254	11901
18280	268	11554
27487	289	10513
15521	258	20572
28426	254	17640
14058	254	12404
14824	258	17307
28992	288	12297
29568	325	16824
29432	325	16235
19900	258	15568
27455	325	13278
11160	258	16454
25785	254	29125
11452	280	18505
29079	325	13470
12660	254	14136
20904	252	19487
28932	325	13910
14050	325	15078
25790	254	19850
18626	325	13698
27713	288	19563
25597	325	19328
26746	258	18331
29552	325	20219
16198	231	12409
26587	217	12403
18274	325	16726
26832	252	26255
12907	288	18475
20209	268	18880
13219	325	10682
14115	325	16432
29201	245	13483
18597	219	20666
20550	294	15985
29101	280	18478
17380	325	26724
18112	252	14026
26299	288	11650
14304	254	20248
16938	325	17992
18369	254	11218
14138	325	18104
10918	288	14657
17264	254	28950
28645	325	19420
27020	325	19565
16966	325	14201
16490	280	19113
17221	220	14836
11692	281	16548
15746	289	13496
28768	239	16954
11387	254	11608
15837	254	16171
12381	305	27939
13754	252	25843
17507	325	14372
18316	325	14458
17608	325	14372
10815	325	12910
19614	325	15492
13359	325	29387
20158	281	27300
14824	258	20457
19391	325	18797
29382	278	17458
19206	281	20840
19806	325	20551
13308	278	17360
13029	280	20472
18320	325	27747
29654	278	26043
13584	325	29047
26725	325	14625
28370	239	27044
14797	278	17021
16264	258	26451
13699	294	17781
28078	325	14458
13517	251	20119
12621	325	11811
27119	288	25944
13456	263	25712
15738	325	29319
19537	254	25621
15644	254	29125
15046	325	13781
27024	258	28500
10863	278	13376
18429	231	26013
15411	254	19521
11001	231	12890
29040	325	27915
17887	288	20522
20714	254	14459
17170	268	13417
13003	288	16345
13915	288	15697
29170	258	15654
28401	325	20022
14717	325	25516
19392	273	20479
11365	278	28541
15245	325	13872
12969	220	28372
26221	278	13376
18497	254	14136
26159	254	28931
12451	282	29856
26648	258	14771
27582	325	16388
20973	325	16726
16307	325	16492
12577	325	12076
10768	288	25619
18409	288	28045
26814	325	14458
14888	325	14611
17220	325	25662
20497	325	14689
17033	325	14892
12000	278	18797
11074	258	18606
13785	325	28551
19575	254	11901
27725	325	19465
12638	222	16348
26645	325	18887
18598	318	12466
15123	325	20169
14193	305	26157
13448	286	27283
18433	278	27902
28985	325	13698
11198	254	11996
29454	254	20666
27180	288	27769
18991	280	13023
13647	220	27938
12299	227	11385
12188	325	25733
18356	254	17897
20671	252	19251
20971	258	20247
29938	325	16235
29133	325	18887
11155	325	18104
26954	278	29546
18155	325	10595
19687	325	20871
19862	252	26338
11321	278	26501
17021	263	19850
18536	278	16726
15986	254	17897
27863	325	26878
12128	325	11778
25625	325	14191
15756	325	16942
18207	254	20248
16930	325	13723
13034	222	26100
27581	252	27372
19760	268	20248
18123	325	20022
12473	294	28268
18101	325	12500
27539	268	26188
12798	325	12243
18677	325	12243
13306	288	27080
18721	220	29873
10621	325	11786
11369	219	14043
10936	325	15398
19184	325	12820
28732	325	20298
11820	258	15417
26700	325	12076
17915	325	19246
18269	268	12871
20811	325	17635
14233	254	15456
15440	217	28639
18237	254	19850
28222	263	20248
29471	325	28541
14597	325	26757
17029	288	19635
17275	325	29135
28267	216	11124
27110	325	12076
16663	316	27766
26295	268	11901
16968	325	19187
28920	231	26153
17328	325	29926
12588	250	11604
12010	325	29926
16638	325	11811
18755	325	27902
12472	325	15712
25914	252	11462
12929	288	19719
29959	325	26501
11632	325	28541
16709	315	15448
10720	325	15396
28093	254	26625
15560	325	28910
13979	325	20078
29667	288	20115
18561	231	16072
14122	325	20290
18979	325	18797
14555	325	13072
18740	325	20551
17332	325	16942
18018	325	15028
26274	230	26274
16754	258	13723
10906	263	20248
13466	325	28044
14956	294	17111
14525	325	19561
26549	268	11604
14670	219	17897
13104	219	17897
13758	325	20428
26783	214	25848
16993	325	26878
11253	252	29520
10989	258	29941
12124	288	27080
13736	258	12500
14839	263	14658
13889	258	13470
26201	260	17394
26688	325	16432
13592	235	14033
26755	325	15180
19837	268	28727
12067	325	17992
27948	214	19817
11312	254	11900
27682	325	20522
14613	257	26619
28762	258	12218
13803	288	14782
27042	254	18880
20603	254	13185
15219	325	19465
11079	288	14633
28945	325	13773
28651	325	20930
28441	325	28222
18940	254	11608
27372	220	27581
16952	258	20608
20511	289	10784
26379	325	12076
28378	325	16270
29175	325	16874
16433	254	20248
11920	254	28149
20765	325	13680
19663	288	29488
14627	325	29751
13095	254	16171
17022	254	25922
17856	325	26084
20181	325	15307
28264	325	10563
12881	252	18709
28320	325	16432
18520	325	11941
26608	325	25619
16299	326	11186
16734	325	20338
11203	288	26589
13956	258	13723
19308	254	17897
16543	325	17460
27397	325	26350
12630	325	13072
13458	254	29125
20380	278	10563
15800	258	16492
29250	325	25586
26770	325	12274
18971	325	20574
26275	325	29751
25953	325	13130
19918	305	19583
20064	325	17139
18192	220	16615
27392	220	11836
13627	325	25733
20805	254	20248
13017	288	18362
15723	281	19519
27405	325	29135
17945	252	11159
14478	258	13773
27628	254	16065
20183	278	19248
10667	325	12822
19287	258	17938
17534	325	14528
18383	254	28030
17688	254	13185
12410	278	20636
26811	254	14459
16486	325	20338
16359	258	26386
29548	258	13781
20523	258	13278
13274	252	12539
26527	212	11273
17066	288	26282
14119	316	11901
20832	280	19282
17344	325	18606
28785	278	19992
29792	325	16495
20452	214	11105
18218	288	12428
17067	297	27735
12218	307	16489
15866	325	18899
25628	231	10900
12353	254	11996
28854	325	27902
28038	322	28070
20910	252	19088
19404	325	28236
18471	316	26274
17512	325	14458
11579	293	16625
14643	278	18726
10986	263	13417
13401	325	10986
10674	325	27138
29964	254	19979
17681	325	15744
28967	325	20032
14879	325	20247
18819	325	10943
18658	254	17897
29776	220	27702
27725	254	17897
26092	271	14285
11825	325	18317
28510	325	12243
29506	254	12871
26162	258	18124
26324	325	13470
13446	220	13461
19227	325	15697
19808	281	27540
16821	288	20290
13151	258	15724
28365	258	12244
13752	325	17825
26921	254	16811
12363	263	12871
27949	227	26625
27061	305	28583
14815	254	20248
28248	325	28045
11221	278	13773
18143	325	17572
11262	239	18550
13824	254	11901
11485	325	28045
27585	278	10854
18594	325	13723
17840	258	12946
27368	325	11085
15434	220	18132
29092	325	13121
10751	325	28184
25780	325	15744
15552	320	27350
28617	325	13309
13654	254	28149
11255	254	10539
15772	225	28287
19256	325	18797
10733	325	26984
11183	220	28336
12863	217	17654
13057	278	12076
18813	263	11608
17435	254	12871
20040	240	19988
18588	317	16685
16542	325	18639
17227	325	19328
20834	231	13410
15878	258	20609
14328	325	12662
27503	325	26928
27514	288	26386
25846	222	17461
15977	254	14126
18022	325	20808
17413	258	25733
17132	325	26856
19012	305	26371
20678	325	16726
13829	325	13072
20047	325	16492
17193	325	13470
20993	325	13470
17860	278	27876
13619	254	17280
19123	268	18424
15640	254	20248
10554	325	11811
13262	325	16726
13743	258	16824
29922	325	12788
28277	325	27915
12501	223	27794
10696	288	28072
17977	288	11811
29232	325	15180
16575	325	17458
27163	254	14126
26222	300	18506
11298	288	12500
27062	223	15607
27388	258	10715
11355	278	11179
15115	288	12037
14824	325	26386
27255	325	27472
15672	325	19957
13645	227	25543
15698	220	20234
28479	254	12404
29321	318	20379
10691	325	27848
18688	325	25602
18774	325	19635
28617	325	15234
12203	325	12846
19522	254	14247
27859	325	28548
19932	325	13278
28573	252	12496
28474	325	26386
25650	325	27805
26642	325	25662
17393	325	25602
16618	325	18931
20867	258	18931
13081	216	18715
12920	252	12342
11594	268	13518
17977	278	16388
19557	239	27517
11740	325	25586
10624	325	15180
29440	325	17460
26470	220	28632
11074	288	15078
27145	258	10563
14244	220	10809
19198	325	13376
19246	307	20947
15903	325	13278
28536	325	20032
13850	258	19565
13876	325	29259
17807	279	12897
20315	325	14799
29221	252	14453
18560	325	14633
19547	280	16316
27006	252	28983
26208	264	20800
13896	220	12301
28920	271	17251
29146	254	20248
10558	268	14136
26062	268	14459
13562	282	28112
26847	288	14611
16916	305	29763
17636	288	15724
20538	215	27657
19308	325	15106
19689	268	18880
13178	258	19187
17229	325	27918
25744	271	12697
16550	254	14136
15597	325	12076
14203	278	18988
16149	235	10899
17153	325	20428
20372	325	14465
12851	325	18492
20396	325	16726
14100	325	13723
29991	325	19904
25520	226	10782
28210	288	13376
13451	325	25733
16002	254	17907
11395	254	14136
16767	258	27805
18171	254	11901
26872	325	20572
16441	258	18988
13115	325	13470
20664	325	12958
12831	325	20590
26651	325	12431
13763	325	15712
28720	325	11084
15843	316	29384
14530	325	13872
10774	325	29751
29721	252	14026
10815	325	19635
15475	325	19020
29218	325	28849
29543	325	20452
13654	325	18606
18011	325	12782
29719	325	19676
19031	325	27569
19758	254	20248
16540	254	28149
18678	325	27473
10697	325	10943
16706	282	25520
11350	325	27805
28915	325	12715
29650	254	13168
12365	254	15134
12808	288	19328
14607	258	19363
18377	325	27059
13131	227	18511
15587	254	25637
17094	278	11865
20029	325	20338
18741	325	10932
29122	254	26837
10895	325	13872
17728	325	10932
12409	280	16198
13860	325	14276
15228	258	16728
18538	257	13844
26839	325	16388
26357	254	14865
19703	268	11579
11748	325	10595
17887	254	11901
14247	293	28356
16395	254	29125
13361	252	14905
15932	254	16685
17346	325	12649
15898	254	13185
28207	325	13781
25737	325	14494
27464	254	20885
11777	257	11737
19644	254	14136
16005	278	17635
29816	325	20551
11312	325	10595
13603	325	25619
18512	254	20666
26148	325	13072
26331	325	20522
13160	325	11085
29079	325	12822
17263	325	27876
11283	258	13932
17810	278	15180
19811	252	14216
11160	288	16454
19846	258	18840
29048	325	29926
25803	325	20782
18018	278	26228
13674	325	28480
29044	325	26451
11062	258	20338
16959	268	13185
19546	254	14136
18769	325	29751
29640	278	12500
26873	220	15905
15748	325	19420
15396	263	14126
20183	288	20286
13178	288	27632
11296	316	10668
29468	254	20666
29838	254	29115
26859	325	25619
27845	325	29069
27351	288	20169
10897	325	15180
17242	325	11144
15674	280	19713
25631	254	26188
28891	282	27419
26931	278	20636
11114	263	27517
29534	325	10943
14183	325	16726
26543	254	19979
19147	325	20871
16124	325	26350
10708	246	11256
19343	268	18007
12992	325	12076
26838	325	13121
29501	252	26341
25592	239	11901
13830	258	12076
10903	325	10932
15871	215	12194
11894	325	14075
13589	239	19499
19121	325	25602
12340	325	10932
14410	254	13239
28545	252	26120
20793	325	14922
27255	325	13236
14907	325	12491
29395	318	15011
13024	258	14611
13766	271	28297
26046	325	27915
15433	325	15697
20399	257	19410
19776	325	29833
15123	288	15180
19462	271	15157
29886	288	20636
29678	325	26043
18082	258	13872
29569	325	19869
19609	271	14602
27499	254	11461
11053	217	28959
17688	278	16728
15165	254	14136
12970	309	27735
20370	268	28727
10798	254	13239
29404	325	28500
26797	238	27022
11032	325	20551
28222	307	12613
29728	325	17021
28005	258	27712
29075	325	14611
29592	325	10932
28860	325	10595
25613	325	12820
27582	278	16388
10901	254	11901
28971	325	28527
27634	252	13847
12893	278	16789
12207	254	12871
12101	325	14771
12113	288	28976
15637	325	12491
14740	325	12822
17738	257	27359
17080	325	18810
19806	254	17897
27442	239	29125
15776	254	19243
20269	281	15949
16517	325	12327
14506	258	20338
27846	263	12871
20510	325	11002
27131	325	16942
15734	220	26552
27596	325	16270
16311	325	19328
18489	278	12500
18984	230	12659
26512	278	26179
10907	229	17542
12009	325	12957
17683	254	11901
16638	325	20609
15754	325	18124
20990	254	15134
28022	258	16432
29326	258	20551
17978	254	14126
26841	288	11786
18603	258	26386
15978	288	26501
27456	254	12871
29460	325	19565
20332	325	28184
20666	300	13264
12749	325	25602
18893	254	17897
13150	325	12076
15453	325	20219
17545	325	18726
17491	254	18157
11078	325	18104
11774	254	11608
15343	254	20666
16973	268	14136
12386	288	28460
12066	325	12715
13373	325	16942
16852	254	14136
18614	258	27876
18618	325	18726
17443	281	17251
15206	258	12244
17347	325	27569
20417	220	27555
18730	280	25937
20104	254	12871
26077	325	20409
17595	258	18182
17583	231	12112
27322	258	18217
14983	325	10943
26945	258	13470
14596	217	14055
11639	325	12243
19022	278	25944
12367	239	11901
20087	258	12715
16620	325	18639
28985	325	17021
20134	325	18104
13402	325	18085
14066	258	13108
11775	325	18988
26562	278	27472
20073	325	25602
17967	216	15420
28246	288	12076
25642	325	20609
17326	254	17415
16062	325	11179
29982	278	29899
13719	258	20782
16676	325	13848
20918	294	29757
19171	325	18887
27414	245	13483
10885	325	28184
16301	303	17660
18017	268	13185
15293	254	11579
29452	254	10607
11626	258	26386
13942	325	10563
13014	278	12500
20760	258	10932
13099	325	18226
18903	254	12404
27822	325	13966
26921	325	13932
25814	325	16388
19738	246	11272
17685	278	13781
28353	325	19889
27292	325	13278
12723	254	13185
13112	325	11004
17580	278	17360
25784	325	16824
16836	258	29387
11835	325	15744
28501	325	10932
18868	325	10563
16268	254	11996
17746	254	12871
17023	325	19885
14344	325	20590
16610	220	26566
19700	258	20636
11602	325	16726
29039	254	20666
10532	288	16345
11750	288	28459
28466	325	16824
28660	278	28045
27972	254	28149
27249	325	27334
18448	325	19563
10989	258	25662
26330	305	16954
26589	263	20248
10918	288	29299
11081	325	28620
18257	325	20115
20192	254	29207
16704	268	16171
26093	254	19536
27913	325	11734
27471	254	17897
27198	325	15724
16519	325	12500
15220	254	11638
20272	325	20636
20867	258	20808
11268	325	26878
11572	325	11811
12491	263	14126
29188	325	16388
26886	278	26970
19979	250	14548
20804	325	13872
28032	325	19971
20753	325	28791
27071	220	26535
14101	325	13723
12481	325	18362
15141	254	17907
26841	325	29789
19731	268	14954
20567	239	29125
14380	288	14075
12133	258	29617
12678	258	20290
11970	254	28149
12302	258	18625
19269	254	20666
16953	325	18226
17896	281	17113
19700	258	25619
28333	325	16270
16798	222	20892
19985	220	14103
29041	254	12404
26613	278	17314
15253	325	16712
15412	325	13773
15447	254	14136
19680	258	14793
20658	251	27106
25503	325	11537
15819	278	27902
10561	325	13376
19256	325	14611
13977	288	16728
28270	258	16471
28720	325	17139
27050	258	12820
16053	280	20095
15873	268	19850
29795	325	13872
29405	325	19676
28901	245	13483
16767	258	28044
26859	258	13872
20489	325	17635
28421	325	20686
19197	282	18093
15845	254	15134
11559	254	12404
10735	288	18625
13947	268	19850
17812	325	15574
18125	271	12382
25588	254	12404
17533	220	14164
10936	325	18034
29706	278	16728
25793	325	11085
13884	254	16171
18941	254	28751
16526	325	14611
15170	288	26928
10707	325	18362
27510	325	20286
16499	325	12820
28211	288	14075
27470	325	16090
16209	325	29546
18216	268	27350
26906	254	14136
13019	288	13278
16579	325	11537
26623	288	14372
20598	258	11786
14449	288	25586
17563	308	13893
15135	222	16348
15615	325	29546
28246	258	12500
25634	286	12294
14137	254	27016
12730	325	15697
26951	254	20248
17127	325	16235
15015	258	28089
27491	254	28149
18452	325	27569
16991	325	16090
20888	325	16824
11219	258	15574
16646	325	12958
17460	214	17816
19491	254	11901
27427	219	12466
15887	325	13680
17630	325	26724
18959	217	26835
27905	258	27902
13919	325	17572
12535	325	27473
27327	325	14276
19738	246	14285
13295	254	20248
18563	254	14881
13111	325	29998
29720	325	17826
28024	288	20428
14547	288	17300
16151	325	17494
27873	288	11179
29852	239	12466
27691	325	29998
15435	254	12871
11007	282	18093
19316	231	16511
17575	325	20991
29667	258	12500
28881	325	16726
12917	325	26713
28426	325	11811
19898	325	26757
18459	325	18744
27484	278	20636
17905	325	26073
17918	254	29443
27114	325	28092
18408	254	15134
17725	217	28569
28511	268	14459
26789	257	28907
26818	288	11286
25746	254	27700
12923	325	14465
13299	325	16942
16676	325	15089
15206	258	12428
28844	226	16038
19723	258	17314
12583	294	27047
12065	325	14633
27189	260	20606
11368	325	13966
16841	288	17634
18744	307	11854
14375	325	12218
20203	325	16874
16844	257	18484
19550	216	10941
16182	325	28849
20617	325	27769
13441	220	12114
13416	325	13030
19080	230	16675
14929	325	12500
18344	325	13588
16485	280	29034
26168	325	12846
20243	325	13072
19777	325	16492
26220	254	28149
19846	258	20551
18470	278	12076
18626	258	18639
11912	258	18639
19070	268	11551
20400	288	12822
25881	325	28480
16100	325	18036
18410	325	14465
28084	258	20636
14509	223	16146
13607	268	11901
13165	325	16726
14245	325	27569
20258	278	11085
26048	238	15424
11101	258	14372
26163	216	13042
28947	258	17938
16287	325	10904
25736	254	12404
28210	258	29751
27447	258	12274
11357	325	14729
15288	268	13417
17427	325	12928
12815	325	15727
25542	220	20821
28529	325	18639
18059	254	16657
20822	325	20609
20639	220	29266
15307	307	15032
19899	325	27805
27410	223	18757
19297	294	20295
27714	278	14941
19305	278	27890
11656	238	15424
27786	281	18898
20361	325	27948
10557	325	12788
28106	220	11168
29167	325	28338
25683	288	18797
28925	325	12500
13974	294	15282
27621	288	28635
13453	282	27057
11580	325	18281
11597	325	14191
17307	263	13808
27515	254	28149
19134	325	13108
26904	278	27472
27221	325	13773
25777	254	12404
20862	325	16728
29993	254	28790
28731	288	19465
11351	325	28187
13776	325	27473
12055	325	20636
18643	325	25955
17109	325	28045
16823	325	18104
11933	316	16685
16468	278	13278
18804	231	11788
29005	280	15299
14122	325	20032
17503	325	16388
18442	254	13239
19969	258	26179
27106	211	15424
18159	278	18797
27567	325	12500
11822	325	18182
26764	325	15568
29317	325	10932
16041	325	18797
27891	325	10943
14497	254	17640
29152	325	13680
15256	325	11686
19610	325	14191
17993	254	20695
20607	297	13831
17756	325	27473
17941	231	14399
15948	325	17245
14636	325	11144
28435	325	25733
11897	230	26675
18522	325	16432
18809	288	25807
16922	261	25550
28380	278	19328
15920	237	17542
18475	214	26001
13381	280	18708
14751	271	29983
26388	325	14286
10940	325	29135
17924	254	29149
26256	288	15198
26577	325	26451
13959	325	18036
14219	325	13470
15757	278	13784
27490	325	11068
20385	227	29008
11485	278	10943
28459	307	13871
18356	325	15028
18544	325	20290
10501	325	18744
15424	251	20658
26117	220	15201
27397	325	16728
18196	231	29981
19625	254	28149
26660	325	16942
10684	288	16235
15709	325	26185
13401	325	18226
12719	325	27876
17824	254	16685
12949	325	14922
20886	271	11475
28754	325	29387
26029	258	13495
17098	276	25549
14225	271	15157
17467	295	11264
25993	325	28791
20728	325	28805
17886	325	15180
11357	325	14633
15333	325	28739
28112	246	14285
29614	325	20286
16770	258	13872
16194	254	11901
19936	220	11236
19265	321	10539
12015	254	14837
28996	258	16270
12943	254	11461
12303	222	26100
16587	325	29319
16112	254	10607
14512	325	13723
27618	220	26458
11643	325	27915
27438	217	14085
26007	325	25802
13865	301	27122
14857	325	20169
11781	254	26297
15440	217	28882
13571	288	13574
14322	258	26589
17375	258	25899
27928	325	19328
28582	254	28817
29289	325	27361
17819	278	26144
16987	254	10796
14475	325	11778
25671	316	14292
29901	258	12428
13377	254	29158
25631	325	27732
28649	258	12522
26299	288	27473
13101	325	14276
15888	219	11901
28366	325	15883
19364	288	29744
26598	278	14191
20488	325	13966
13316	325	14611
11476	254	26467
13868	325	13376
13053	325	26179
26009	325	25662
12477	325	29884
29123	278	14072
15736	278	18281
11567	325	18988
16327	254	11461
26248	288	18797
10916	319	12883
11922	325	12958
29466	254	28149
12952	325	14458
25911	325	15565
26903	325	16942
26388	325	26327
29172	325	28092
13891	254	20248
12972	220	20881
16542	258	18639
25749	325	28072
27367	325	26589
15012	278	16345
18169	268	17897
11264	254	11554
16732	325	28976
20874	282	19863
28627	239	17897
28781	258	29998
29863	288	19020
26243	325	12910
11237	317	27044
11615	325	12965
18710	325	27473
15534	288	17825
27955	325	25574
27315	288	13872
27773	320	16954
26355	325	19420
29906	252	17238
20259	325	26451
19106	300	11901
12389	317	14126
13140	220	10566
26828	223	17897
11692	257	26773
14474	288	28072
11532	305	20248
11016	223	25518
18439	325	19246
16553	325	27876
16343	288	11068
28834	254	26188
25666	325	16235
28887	325	11002
28553	325	18571
26380	252	26382
29303	325	20290
16957	325	14276
29518	325	26878
19772	254	13185
15570	325	14799
29013	254	20248
13062	288	14625
29614	325	14611
26600	300	16348
28158	254	14136
29467	288	12243
26691	325	15712
11096	325	12958
11673	325	18639
16333	278	27805
28195	254	14658
12825	325	17460
12054	325	14276
16036	212	12709
28153	261	17565
27082	325	13470
14226	325	18797
29886	258	13376
25706	318	29064
16449	325	12076
29807	306	26880
11762	325	27569
14405	254	16171
28232	258	12105
20134	278	16726
19802	268	11554
26059	258	11498
12280	325	16824
19913	325	20219
12156	325	27805
12117	325	17992
29041	325	18931
25851	254	11638
28380	325	25733
15115	258	29899
14129	220	17853
29073	325	12958
20181	325	11002
27667	325	20347
28210	258	13470
16914	268	17897
25901	325	20665
15073	268	19208
26161	325	18797
14665	325	29259
16021	325	20636
18027	219	12197
11962	254	28727
16148	214	19140
17258	325	20522
27849	325	14633
14030	300	11532
13856	231	16144
17436	254	17511
11053	217	17686
18350	254	20248
16545	288	10943
29483	288	29617
17371	254	13417
28941	271	12697
25754	254	15134
15045	252	18443
19060	258	13680
28709	325	12076
13557	254	28149
15429	278	28579
11502	254	11901
10501	325	12703
10779	325	18840
11795	282	10811
16521	325	25733
29905	220	18965
26802	325	20290
13272	325	10606
10553	325	25516
17346	325	20298
25524	252	27894
29222	325	29744
27788	325	12428
11649	254	11901
14122	278	20115
20760	288	29751
15043	325	16235
12232	325	14458
16767	288	28044
11717	307	20248
15300	325	28184
11660	280	25555
11852	305	15134
15974	325	25586
12323	325	18797
26989	288	20636
28084	288	29259
13404	280	28175
18979	325	16942
29095	278	18797
15827	325	20991
28804	325	28045
16980	325	20219
20970	288	17297
19902	325	27747
20866	254	17640
11108	325	27361
16716	317	27044
14076	325	28849
11397	325	26350
19027	316	25558
20950	258	14376
16933	288	14075
18539	235	27044
27508	254	11461
13238	211	14110
16683	268	19051
18971	254	11901
19963	294	15079
14464	254	12181
16721	325	16235
26207	325	27473
13976	325	11002
20587	325	15697
26130	325	28976
29987	325	20452
17558	325	16388
17413	325	28184
18239	254	10796
29875	325	29789
16131	325	15646
12755	325	13130
14951	288	26179
26381	278	25602
29166	288	18988
16227	278	12243
20153	252	27974
14228	325	29220
14845	325	28089
25920	326	14615
27062	223	27350
26752	325	27846
29132	325	14611
12493	325	18104
15823	254	18884
18454	254	28149
29123	325	18104
16273	325	13108
13837	325	12243
14168	325	12428
26766	325	11786
17750	325	20974
10981	325	19563
16903	254	11554
25531	325	18104
17136	219	17897
26097	325	15417
18165	325	16090
11505	254	17897
25666	268	11996
19312	268	11554
27824	325	18362
20523	288	13278
18626	325	18577
17926	239	28727
27853	325	12076
18598	316	11897
19841	258	13152
10952	254	29763
25792	325	28527
15261	258	27929
29621	254	29125
13916	258	19363
16163	258	13781
13668	325	17139
15244	325	28541
14760	325	19563
19002	325	14689
27174	325	14846
13241	325	17314
18165	325	13470
16808	278	12788
28826	325	19563
11393	288	12522
13357	288	14191
20536	254	17897
19402	325	28072
27302	258	15565
16590	254	29393
29799	325	15697
29016	325	26043
17576	325	25619
14157	325	28459
18937	325	13044
12595	325	16728
16519	325	19328
28368	325	20298
26338	220	11956
25876	252	27076
15419	325	14458
15764	325	26878
28816	231	10948
26401	325	28045
14998	254	13185
28896	254	27044
18765	278	18281
18766	254	13417
28419	288	20022
16720	220	27591
12701	258	26179
10845	325	11734
15292	288	12520
26924	288	13932
28178	239	29125
14685	254	17897
20834	271	28088
28856	288	12520
11365	325	17554
20904	252	29906
11906	254	13185
12816	252	17767
14927	325	13376
26351	252	12975
20600	252	28774
19028	325	13773
26908	325	14458
17821	258	20286
25504	227	20250
19010	254	26710
16161	217	16669
28420	325	10595
12977	325	27472
27518	252	19990
13089	257	12671
14192	254	17897
10593	288	15724
26110	325	14458
17618	220	18738
29604	288	16450
17447	325	12076
18120	325	14191
27223	317	20248
29779	325	20572
25573	258	27080
28006	278	18797
11916	258	14372
14398	254	14459
16547	280	28847
19386	268	19850
17100	278	27473
18507	325	12522
10780	258	12699
18642	231	19500
11633	325	15106
29898	305	16954
29469	254	14459
16125	220	27616
16069	278	18931
19535	325	20247
28031	254	14126
17859	254	14459
29130	325	15923
19949	325	14869
19899	325	25733
29066	325	11085
18804	257	19410
26788	223	11700
11825	325	28620
13139	278	26575
20715	288	29833
11071	288	29899
25910	268	13417
12977	325	20636
26227	325	29941
13930	325	25619
18037	271	15157
27960	325	19971
10638	325	16728
15010	325	10730
14784	254	10796
25575	295	12008
17505	254	10796
15771	235	27044
27345	254	28291
29035	325	26724
15146	254	11900
27495	254	18007
28374	288	14611
11865	263	19850
12283	325	17635
29543	325	16270
20670	325	20298
14020	325	10652
13939	305	27564
19416	294	15618
29906	252	12881
29481	325	17899
14806	268	11554
20705	325	13723
16725	252	15643
13280	263	28149
18048	325	17458
16941	325	11786
27093	258	12243
13689	268	29393
14858	258	16148
14529	325	14458
20966	254	11517
17836	258	13376
29236	325	25733
16624	325	20522
12785	325	29320
11825	325	20545
18107	295	28376
18541	230	29265
26334	258	15697
27952	325	29941
11391	254	12871
28473	325	13773
28434	288	14465
11945	300	16367
20147	325	25551
12990	325	17634
27717	254	28149
11462	220	25914
10936	325	28399
20495	325	14458
10602	325	14372
26167	252	25567
19935	325	20551
28447	254	14126
19354	288	16492
16933	325	14917
17474	325	18988
29266	220	16092
15913	325	17992
27286	288	27266
12789	220	15002
13832	235	19915
29625	258	29998
20329	325	19420
18029	258	11786
10672	318	26630
26620	325	25733
18179	258	18744
26125	271	14451
15629	254	15456
11495	325	25802
20506	254	20248
27041	288	11650
14076	325	29488
28214	325	10642
17723	288	14458
16551	288	15078
25605	282	15849
11038	325	18797
15121	325	29743
10793	325	19676
18800	268	12103
27875	325	17635
11577	278	14611
14328	325	28045
13447	254	27350
19321	325	11002
16738	254	16171
26668	258	17314
25566	268	25621
13494	254	28727
14472	325	16824
27651	325	13773
17928	278	18104
29548	258	17139
11757	320	11797
19256	254	11554
29552	325	12500
18605	278	18988
28904	325	19465
17195	257	28871
11970	325	18226
16995	254	16171
26739	325	25944
20031	288	28551
26247	258	11179
26884	281	15525
27808	254	26371
11096	258	14494
16551	258	28341
20676	254	17814
13766	281	28297
18437	325	20184
17391	325	29743
19592	325	13698
18448	288	18639
28800	271	18390
11062	325	20032
17119	325	12820
20586	325	28072
19617	288	18571
13445	325	20686
26155	263	12404
12015	325	28791
28207	278	15234
26926	220	13527
20793	325	26043
28679	254	28149
20179	229	17041
29283	268	19293
14164	220	12552
29742	325	18085
15548	325	13781
12196	325	15075
25845	325	15075
29488	263	11330
26073	307	28085
28495	325	27983
11291	325	29220
28100	254	25621
27173	325	15568
10871	325	12274
29543	325	14075
27836	325	18104
14252	325	16388
28364	282	16737
20313	254	11901
20176	325	16728
25839	278	18726
29052	254	17814
17419	254	18985
19087	325	27606
16116	325	12105
13434	257	11935
27057	317	11901
19977	320	26064
20095	281	16077
27373	325	18104
14050	325	16471
15702	325	14372
11476	325	10716
12655	325	13843
28605	325	14528
27713	254	20248
20281	254	11608
18776	325	26127
15634	258	11526
18606	307	28149
28184	214	27103
27097	325	15744
14122	325	20115
12627	325	13280
13885	227	15624
27180	288	12428
11842	325	11811
17203	220	14761
29457	325	29744
19022	258	13848
13331	325	11002
13537	288	20551
20759	325	28045
11522	263	27517
11909	325	20290
26510	223	11901
26278	254	15215
20729	325	11778
18040	325	18319
14475	278	15697
13037	227	28648
28201	325	12200
13538	325	18319
26299	258	27473
26145	288	12076
16674	325	10682
16928	325	27929
27779	325	29546
20976	325	14372
13421	254	28149
12514	325	14372
13276	307	18318
11648	325	20219
19221	325	19885
26593	254	10796
28082	254	13168
16774	252	12003
20157	325	26081
15609	227	19237
26330	300	18949
14763	325	25551
15003	325	12505
20544	258	13376
14114	325	12869
13867	325	13108
28206	325	26928
10810	325	11179
18182	263	12181
11362	278	13843
14340	325	16726
16639	261	19156
28339	258	17307
13121	263	16657
29382	254	17897
27151	325	13588
11986	278	26127
15462	228	10917
29956	325	14611
13983	254	12404
13806	254	14459
17452	278	16450
26024	325	11734
27874	325	25586
18597	294	26505
15325	254	12871
15187	288	18988
10578	220	16372
17425	325	10506
29524	325	26327
18978	325	28072
29847	325	15180
17372	258	11778
14216	220	19811
29194	278	16388
28122	325	27805
20684	254	28931
15089	263	13486
28618	252	15168
13011	235	29125
26407	325	29427
16804	288	17458
20140	220	28335
12515	288	20636
12945	261	26498
11332	325	10506
12207	325	16235
15785	280	29760
19902	254	27044
26351	252	28422
19469	288	14611
17952	278	12500
26976	325	17635
13621	282	28687
17561	325	28044
26749	325	16492
27291	280	13395
12664	263	18901
27909	318	15998
16406	243	20666
28496	325	17314
13537	258	14286
27934	325	27361
12735	325	11085
13884	325	14917
28157	254	11901
26490	227	28722
12196	325	18988
26299	258	26043
16810	325	27080
28784	254	28149
26870	252	13566
11566	325	13376
28267	239	29125
16916	305	10796
27864	217	18752
17484	258	15492
15603	288	15078
18031	258	19971
29248	325	13495
16713	325	20428
13197	254	29125
10874	325	17139
28024	258	13470
29571	280	16640
26466	282	13339
26987	254	11901
13326	325	13773
27532	325	11778
17368	325	29751
14825	325	16471
28597	325	14286
14063	325	26757
15264	325	26179
13090	325	15856
13998	288	13708
29531	215	10675
27428	258	25955
20265	288	14075
27185	325	19328
27724	325	27902
18969	254	14459
28095	258	17314
12901	268	13185
18085	307	14459
27817	254	12871
10838	254	14459
11938	315	17390
19012	305	11461
17201	252	18279
10930	252	11288
14139	325	27948
15338	231	16375
20924	320	12324
28206	325	20609
15572	254	14126
15162	325	28504
28979	325	17825
28634	254	17897
14194	258	27805
26424	268	14854
29087	325	20022
20007	254	11604
13322	325	26589
26792	268	13417
19594	325	27105
25716	325	26386
14888	258	29789
16950	254	20666
14746	325	17651
20314	222	16348
11323	252	17219
20310	254	16171
25639	252	14959
17941	271	27300
12888	325	29789
29352	254	14658
29323	243	20666
29358	325	15724
14674	254	20666
10742	288	28222
26173	278	20636
27160	325	20636
29090	229	11313
29082	254	14459
20244	325	14191
29002	288	15307
17073	325	13932
14645	254	11504
10984	220	15328
12465	227	15127
12555	258	15492
11954	288	16388
13175	325	13121
26648	258	20219
29604	325	13680
29240	325	20930
19647	325	29998
17772	288	29546
19493	254	14400
27990	252	15612
12252	325	12958
10867	325	15307
14250	282	26682
17238	252	12881
17191	325	28759
19323	288	28399
16897	258	12662
17701	325	13108
29907	325	20290
10722	325	15106
13459	252	19987
18753	258	20286
19773	254	13185
16897	325	18577
19386	268	18880
17505	325	11213
17939	254	14330
13004	252	15590
26561	254	14459
28212	258	18840
29524	325	11811
28116	254	28149
12403	252	10809
12779	254	17643
17341	294	16560
28137	278	20574
15794	325	20286
20956	239	29340
12166	252	27887
26392	325	28987
20751	325	11068
11451	325	19561
17184	239	18795
16135	254	28843
20577	268	11996
14245	254	11863
17495	252	25812
18692	231	29726
16459	325	16728
26702	282	25717
13818	258	15180
29557	281	29650
18755	254	12871
19723	288	13872
16991	254	20248
20397	325	20574
26715	325	28976
16958	222	16348
12217	325	14458
16551	258	26836
11571	254	29766
26303	268	19051
13046	254	29125
19423	325	14831
19345	325	29899
25750	325	12965
27906	254	11901
20386	325	19420
13167	254	14231
12715	263	14126
11904	325	28719
16320	228	15998
27997	325	12491
27043	254	16171
11969	325	29220
26706	325	20347
26717	325	14458
11197	325	18104
18491	254	15134
28251	217	16877
13940	258	26970
14132	210	11551
18643	254	28149
29820	268	28149
15834	254	27044
29013	325	29259
14057	254	12871
29547	278	12243
20106	325	17625
20703	254	17415
29002	258	13908
13838	263	17585
18252	263	17907
28604	325	27080
27206	325	11734
14539	263	11901
26326	278	14458
27824	325	15593
12871	300	13883
14565	268	11554
12611	288	14917
26945	258	15574
25848	325	26783
29326	258	13470
27254	325	10595
15514	325	13843
12908	325	18988
28518	325	28072
17259	325	14611
27081	223	11926
26854	254	11608
12918	325	13574
29025	213	28766
16880	325	29220
18218	288	25602
18824	271	17964
11626	288	12958
18902	258	13781
18564	325	28607
27423	325	25807
13818	325	29259
28360	325	18988
16654	288	28045
17535	254	27044
18520	325	13030
16535	268	13417
11742	325	18523
10767	325	12243
12517	258	27059
25526	231	15685
11983	325	14458
18096	288	29884
14536	325	17825
17461	305	13096
13135	325	17314
11880	231	11466
28673	325	16090
13012	325	18281
13443	258	12662
10903	254	11554
28856	325	13276
27209	325	19889
16605	325	20825
26677	325	29546
13931	325	12965
29472	254	20666
13266	325	25662
28446	254	11146
27896	325	10595
18452	325	16824
13319	263	13096
20242	325	28551
12874	325	29069
12793	325	27473
15227	254	28149
13792	258	27743
12892	254	14126
11500	280	27944
26428	325	25619
26080	317	10761
27458	325	13495
14066	325	15234
19119	325	19020
13734	278	20109
12665	288	26012
14433	281	10828
19075	325	16874
26765	325	15724
19152	231	18060
14906	325	13376
16513	220	19596
17833	258	13723
13762	325	15574
12806	306	18371
15914	254	11608
14612	325	17651
27868	288	16874
16765	254	20248
29025	213	14054
15604	325	17800
27265	263	11863
17008	258	27614
13054	211	27022
13729	325	14013
18774	278	25662
10777	254	12404
14725	254	13185
19585	288	29617
13745	268	20666
17842	254	29125
11243	325	17800
17322	254	10796
29284	311	25930
17435	258	25802
13329	282	17993
17933	268	20248
14962	325	14941
27870	325	19187
19143	325	13030
20288	231	17703
29271	254	16171
26338	252	16900
20307	325	18797
29997	316	14804
13529	325	10792
25599	254	11901
25816	288	26386
15661	320	20594
16592	254	12404
11203	288	18352
27980	325	25551
14952	278	13723
16437	288	13872
16273	325	16270
11486	325	20930
26492	220	13790
12893	254	29125
17785	325	12500
15371	288	15923
16555	305	20358
15337	325	25619
20108	323	28547
25728	254	11901
27029	325	27983
20220	254	11638
17104	271	28090
15317	325	20032
20241	254	29870
13240	325	16492
26879	278	13723
12894	325	12910
15854	325	26322
18191	325	13319
16874	263	28149
10505	316	10542
10840	325	20347
16167	325	14276
27357	325	12958
10680	214	13713
18960	288	14465
15395	325	16388
19392	249	20479
16347	325	28541
16413	254	20248
16380	278	13470
19332	254	29125
26560	325	14782
15207	325	29926
18591	288	18104
16046	254	13185
13274	268	17897
28958	325	12820
26544	325	16388
13769	325	10986
12912	325	20219
17742	325	17360
16677	252	28802
27522	325	19561
15732	254	16171
29360	258	17625
13816	263	14658
13384	258	12105
17235	325	20551
11282	325	15417
19510	278	18104
13223	254	14136
29988	325	14013
10655	325	14075
19332	325	18931
26186	235	11554
27539	325	11213
19963	215	15079
25552	278	14697
15726	254	20248
15134	250	11551
17036	325	19020
14259	254	29763
20899	325	19420
13220	254	11461
13830	268	14658
17822	325	16789
14844	212	19513
28014	258	28072
13136	325	12274
29095	325	14276
16807	325	20290
15957	278	28805
20977	325	28053
20076	231	14613
20876	325	20219
20788	325	11085
14700	300	27181
19954	325	27569
19849	278	18530
11807	325	12184
12934	325	20032
28039	325	13072
18603	258	14611
29007	252	25615
19339	325	27614
15323	254	12336
12199	325	13278
13776	325	18887
14026	220	18112
28944	254	28727
28448	268	12828
13662	263	18821
26628	257	15076
20534	325	12500
19682	325	29259
19444	239	29125
19140	258	12105
26554	278	18104
20817	288	18744
15890	325	27080
27792	281	29270
27774	325	12500
20619	325	19228
12249	325	17297
27416	325	14372
19885	214	14669
12843	325	20782
29788	325	28222
12767	254	12404
12001	325	19328
10810	325	29387
25704	325	19328
28099	231	27547
11334	325	14771
13962	325	29387
10860	254	20666
10574	254	19979
18346	254	27044
14100	325	13872
17236	254	12871
13535	325	16270
27603	268	17877
29190	252	11223
28000	254	14658
19640	254	11901
11329	220	10951
29946	325	13781
18249	325	11778
11739	254	11901
16985	254	11554
12727	325	19889
13175	254	12871
20780	258	27473
11883	325	19453
19943	223	13107
12469	254	13417
20580	325	20290
20105	325	26144
27483	325	10939
13227	288	27080
19782	325	16726
27481	258	16471
18448	325	17139
25593	325	18182
15695	325	28044
11142	325	10595
14603	325	27473
26584	325	14465
13235	254	17897
25601	325	11085
17269	227	26448
17062	288	18797
11212	254	17141
14935	325	11085
27776	288	16726
16117	325	27805
18260	325	13773
28288	280	26307
28859	325	19420
15748	325	10682
26872	254	16065
17650	258	13470
25993	325	14376
20994	220	27581
25831	278	18726
10947	325	14611
26592	288	17625
26824	254	11901
12143	288	26878
12028	278	16728
10580	254	13185
28850	278	19328
19461	325	27929
19411	254	28727
11117	325	27902
18387	258	10854
28326	325	18124
12538	254	13185
28140	294	28452
26938	325	18988
27720	325	11778
13632	258	25602
15223	254	11358
29386	223	29125
16238	325	27080
13719	258	15307
13082	280	18638
19352	325	20974
18081	231	17896
14785	325	29135
13894	325	16728
12168	258	10932
18058	220	26255
20874	215	19863
17793	271	28738
29194	325	16388
29060	325	17360
15844	258	12105
13368	325	26856
13745	243	20666
17336	231	14560
16780	288	27902
27824	325	10716
12663	325	12500
29280	288	11498
13557	278	14191
14381	325	28072
11619	252	20348
20703	325	26144
14406	268	14136
29586	325	12699
17067	222	19897
26180	252	17780
27955	325	15078
25638	325	16235
14896	325	20032
15748	325	15574
11924	288	18639
25727	325	15697
18448	258	19563
29476	259	20499
17235	258	18988
13247	325	15396
15228	258	26878
27333	252	10905
28210	288	13470
10863	325	10932
10610	254	12404
14549	278	25662
15038	325	15565
10959	325	11085
25604	258	20022
10816	254	19733
20593	325	26757
13864	280	29204
11677	254	15134
20858	222	13883
20803	325	14191
25842	325	19465
11429	325	29617
14139	325	28541
11508	325	14191
13137	278	16728
25692	325	14286
26560	258	14782
14308	325	12500
11280	254	11554
17892	325	18281
20363	325	16874
13721	325	25619
16068	325	29941
18606	263	28149
15221	254	14136
20305	325	28089
14188	239	18884
15634	288	16345
12921	288	10595
25669	220	26525
26130	254	28727
18397	254	13185
25950	288	10986
10671	325	16874
28886	325	16492
16948	325	27876
26718	325	25802
17136	282	28997
19058	254	14658
15634	325	12491
15504	249	11734
20955	254	20248
13264	305	27075
15981	325	12500
27572	254	12871
17461	305	11797
14259	288	15650
15800	254	11901
17627	325	14458
27739	325	29220
20528	288	10730
16545	325	12500
11282	325	13108
11529	325	13723
19254	288	13507
13525	288	29259
27749	325	14372
16382	252	15072
29303	325	12500
16297	325	29751
25744	257	28112
20176	254	13185
28366	325	12910
25902	325	27361
12418	278	14458
19595	325	18887
15420	239	29125
19932	325	12820
15395	325	20794
19722	239	18739
25945	325	13376
17909	258	17966
13446	243	20666
19366	254	20749
14669	258	13376
14860	325	17652
13839	325	26043
18386	325	13394
17959	325	18124
26095	258	27377
13906	325	15568
26842	263	13168
12834	254	11901
25513	278	11756
15344	282	15186
28839	308	20816
26557	325	20169
26343	278	18726
12810	325	25586
11970	325	18523
28087	231	17292
18978	325	17314
29395	239	15607
19418	325	18606
12144	280	29849
16695	254	17897
27341	325	13108
19999	325	26589
17586	325	28053
16497	325	19971
16839	278	14458
27173	325	29833
12329	258	28551
19343	254	26297
11435	325	12520
20255	325	29743
17235	325	17021
11810	254	28149
29569	325	12822
12794	239	29767
19952	220	19076
28904	325	28541
17656	325	15028
19466	325	12164
20372	288	14748
12487	325	25733
15954	325	15773
10819	325	25662
27290	258	15180
27898	325	18639
13728	258	20298
29278	325	26757
18297	325	13278
14405	325	16942
11538	254	28149
17565	230	26692
28235	325	20338
20440	254	29125
20185	325	29833
12679	252	15144
18161	325	10595
26631	288	14465
18087	316	13007
28348	254	26222
19287	288	14917
26028	325	29387
26403	325	12500
15960	271	14602
17921	299	16186
12631	325	25662
13284	288	28089
10815	325	13495
14474	258	28072
17882	254	28149
14580	325	29299
14284	325	10686
27147	258	10652
11765	258	11734
14368	317	27044
19680	288	14793
25905	268	19850
25847	288	28045
11738	288	20636
13498	325	28045
16106	278	14979
28222	307	20248
19378	268	14126
26054	288	16235
27484	325	13723
15128	268	17897
12120	288	20974
14312	325	13872
20857	280	16072
26122	325	13872
12509	325	11526
12645	325	18530
17471	254	14658
14214	278	16728
17579	325	20115
26508	288	28045
16437	288	17314
17326	325	19561
13955	325	25619
26951	288	15744
15000	254	26297
29097	305	18949
12215	325	15646
16499	325	18070
28944	325	19957
17347	288	19719
27750	268	11554
27828	325	27171
14323	258	29899
28761	254	11517
11502	278	12500
27676	220	12628
28881	325	20930
11528	288	20219
15833	325	14494
15954	258	15773
13857	325	28089
20995	325	16992
13752	325	12243
26160	325	16388
10807	278	10563
27191	325	19420
28620	263	29207
16284	254	14548
29594	258	12820
19419	325	29833
27188	325	20825
12342	325	29546
25546	325	25662
19661	220	20795
11337	325	28719
16341	325	20286
26644	325	13121
26345	220	20821
12424	258	18281
17344	254	28149
12396	325	11778
20190	258	18810
18581	288	28217
10573	288	18625
18494	325	13121
17446	260	27207
19014	254	19850
11048	325	12957
20231	325	10715
25824	325	12500
10616	325	17458
28951	268	10579
18876	271	14964
26281	325	25802
14009	278	27900
15575	254	12613
13193	325	20974
15746	289	11006
14120	325	17625
17375	288	25899
17499	254	14459
12409	231	15182
14029	325	27846
15084	254	29975
29145	325	13848
11627	325	10652
18783	271	27300
20241	254	20248
28238	325	12520
12039	254	13185
14572	325	28053
29582	325	16148
20772	325	15307
27681	254	28727
15817	325	16090
15282	254	27895
18424	219	16175
17974	288	20609
15300	325	18726
15470	223	10765
28299	325	13236
29050	223	19766
11203	288	14611
19703	254	20666
28763	325	29789
19072	268	27350
19584	325	19869
26558	325	29546
17014	258	26589
27957	325	13843
28602	254	18418
27768	325	16942
29943	325	16728
29897	325	20545
12950	325	11002
18243	254	12404
14994	325	18070
26689	325	27848
11316	254	16171
12981	282	16850
12335	258	14494
20536	325	26127
10793	258	26348
20269	271	15949
11982	325	17300
17595	254	16811
26985	278	16824
17127	325	11786
17231	219	10796
10559	288	12910
29701	325	29135
29485	263	11551
28067	325	18797
16011	325	14611
26452	231	18555
17618	254	29832
18604	252	20904
19103	223	29083
10697	254	20248
12089	325	11085
15291	325	12297
27605	325	18931
27064	254	11996
17417	317	27016
17941	280	28636
20100	325	12500
17057	252	16263
29258	325	29926
28211	325	20032
25501	258	13376
28301	320	27404
16640	231	29571
17306	325	27598
12049	325	27805
12545	325	13376
14880	254	16171
13291	278	13030
27095	325	26575
19855	268	20248
18892	263	12783
10989	288	16726
11979	235	10761
12735	325	18331
11635	325	29941
13387	254	11461
20692	254	14459
26862	325	29998
29354	325	16388
11675	325	26970
17770	254	13239
17418	325	19676
12566	278	10716
29911	216	11809
27109	254	14459
29768	220	19458
17890	325	20115
15115	258	29135
29413	325	26043
12639	325	18887
20964	239	18880
18183	268	14136
20766	325	26878
19694	258	20219
18743	322	16990
28110	325	12569
25863	282	12097
12868	219	14126
12922	325	18285
26645	278	28044
19938	325	26043
17070	325	19222
28784	278	16824
15177	325	11085
20527	325	20022
19721	325	14465
19063	252	17898
29009	325	16726
16063	325	28551
10746	254	13185
14546	227	12417
26633	325	14276
26553	325	20609
16281	325	13872
19663	325	11084
14964	254	15470
15316	252	12961
26924	325	13932
10599	325	19904
20164	288	12958
17757	271	17251
11897	230	18598
20233	278	16728
20863	325	19328
20951	231	11746
25528	325	19957
16302	288	20032
20777	325	25733
27913	325	20545
29022	254	11554
26468	254	10571
16712	307	14459
19910	258	20782
29365	288	20290
25693	268	14136
17425	325	16495
28533	325	19135
20139	300	16348
14454	217	19718
29698	325	16824
25635	254	16171
17007	294	28452
27297	325	19565
15318	318	26606
11502	325	12500
13820	325	12105
14386	260	20205
11464	325	18124
12253	254	29125
14284	325	16874
14002	258	20930
26381	254	11901
29372	254	12871
14476	325	28089
15052	258	14276
27793	278	18797
26551	325	14782
13813	227	28115
25898	254	20666
15170	288	12820
17680	254	28149
29408	325	29546
11353	254	11901
25598	254	13518
25672	325	27472
26959	254	18562
17793	281	28738
13793	325	29220
18482	325	19328
27985	258	14633
16504	217	17486
12002	325	18639
11985	288	18577
15988	254	20666
14414	220	28879
11441	254	17133
25554	254	12404
25804	278	10504
25631	325	26674
17299	325	16824
26113	254	20666
28107	288	14072
18609	325	19465
15953	325	15568
19051	223	13691
13866	258	20452
18747	254	20248
13632	288	10595
20952	325	13784
16931	278	19465
29585	281	16077
26384	305	18739
27611	325	25602
20790	278	29220
14351	325	14075
13671	254	11901
15428	254	14954
20377	220	26112
17183	325	13376
16687	325	29751
14560	257	27359
26388	325	16824
20003	325	14191
15666	325	13121
18586	250	17626
10700	254	17511
29658	263	26205
27645	263	27517
18753	325	20286
28479	258	18639
29696	288	26783
14997	325	19676
28073	223	18880
28099	257	12845
17760	258	29998
15870	282	29856
11716	325	18226
15206	288	20522
13306	325	25662
17736	220	29948
28859	325	28341
27160	325	17635
17808	325	18104
27166	252	13692
27151	325	26043
16443	288	17139
15769	288	18988
28311	222	26100
19203	325	25802
15991	254	16171
26053	325	16432
28673	325	27900
18321	278	29546
26226	325	19635
12656	325	16492
16225	316	27288
25607	254	16811
13133	258	19020
14580	325	16726
17851	254	14136
12762	258	20290
12123	229	19126
19390	325	16789
25606	325	12703
29429	305	15607
19464	254	14954
29625	288	29998
27524	280	17443
28907	264	15834
16540	325	16824
11895	282	13545
17479	254	28149
15232	288	13319
26147	325	29387
28614	254	14105
20913	258	29998
19508	278	18104
18077	278	27848
26188	219	10796
11911	325	16432
26818	254	12181
17368	268	11863
28595	325	19676
26961	325	12928
29461	325	25662
10852	258	15396
17708	288	18492
15726	288	29259
28024	258	13723
27960	325	28045
17571	231	11489
15407	254	17643
10770	325	16824
11086	325	18887
29683	254	28727
13458	325	29941
11998	252	17169
19815	252	16622
28250	268	11554
16363	325	25629
13604	325	11865
11727	254	29308
12849	216	13207
11927	280	20500
25831	325	20794
18877	254	19979
11865	307	19850
18575	258	26179
17761	325	20636
16302	254	11901
27369	258	11526
16739	325	17307
10818	254	25922
29280	254	12404
17764	258	20428
28127	325	20115
11860	325	26350
16748	278	10682
27090	258	18931
15623	325	11085
18081	280	15259
19011	268	11461
29924	281	12605
16208	220	28306
26571	280	12732
27357	325	18810
29681	325	27915
26883	239	17897
15136	325	12076
28884	268	20480
10819	278	13030
13537	288	28092
16017	278	15492
27653	325	27569
27119	325	25944
10743	230	10531
11754	325	14771
18206	325	26575
25958	239	29125
25806	263	11358
20485	325	26179
26650	325	26981
25601	325	29998
28257	325	15417
18699	220	15533
11279	325	16235
29141	325	29833
14888	258	25662
15111	325	19020
20005	254	15254
20065	254	15134
26665	220	15381
14069	219	11901
13687	222	17461
15507	325	12820
10835	316	12359
11834	254	20248
14639	325	20930
11093	325	18726
27322	288	12428
12493	278	18104
20121	297	16319
16458	252	28745
10661	231	17682
15669	249	18860
28628	288	29546
26563	325	17360
19746	325	19736
17375	325	20169
11075	325	14465
29739	263	27044
18985	250	14618
14985	268	14136
18557	325	16824
17524	279	12897
26143	254	20248
14184	254	11901
12916	216	15420
13893	322	27217
17808	325	20290
26031	239	27517
27056	325	29789
27534	325	12076
15970	325	27902
17971	318	15918
19910	325	13680
17941	257	12709
12371	325	18070
15976	254	28843
26311	325	12243
15187	258	18988
11476	278	28092
12861	254	28149
28111	258	10652
13227	258	29387
11944	325	27743
29796	282	20103
14391	288	11085
26034	220	18425
16780	258	18988
26429	325	11213
20017	254	17897
14915	325	16388
10787	325	15574
27102	254	14126
14425	325	19676
12424	325	18085
15736	325	12076
27556	325	19465
26855	254	28149
18755	325	25529
13469	239	18715
11153	325	12788
27315	258	26836
10947	325	18810
19468	304	14534
20844	278	29546
26596	258	17460
19776	325	29998
27706	239	12466
20006	325	13773
29828	325	14611
16753	288	28236
27647	258	12522
20487	258	15744
13332	278	29387
13197	325	20169
27470	325	11772
15991	258	12491
20057	325	16726
26650	325	17278
14675	325	13680
19345	325	11786
20048	254	18253
15944	305	27350
20941	288	13773
20952	325	13966
15784	258	20219
14119	239	17897
28540	258	13121
26212	220	16173
11055	301	26639
20868	278	15724
17899	263	14126
25919	258	17460
28499	254	13185
12621	278	15568
26428	325	17460
26964	317	14136
11626	288	28236
27245	278	17634
16076	258	16388
16039	268	11551
13352	268	14126
11624	324	20061
29863	288	18571
26398	258	20808
12448	254	14243
25980	278	26179
14146	254	19521
26271	258	29833
16587	325	19020
27538	325	29743
27664	252	17444
20404	325	16432
16824	307	19193
27822	325	10682
28296	254	14126
18715	239	12466
13521	220	15731
18212	263	26600
18448	325	11004
19436	325	29789
14439	220	14133
28963	254	12312
11891	219	19915
16110	325	17635
19825	295	14615
10845	325	13121
11808	254	14136
20046	325	13108
17057	220	29107
28436	325	29259
11664	325	12037
13196	325	14782
29727	325	15574
19323	325	13276
26122	325	20298
28181	254	13185
20319	325	15654
12722	227	15658
25611	325	26589
19440	254	15134
26162	258	12664
19636	325	20109
26968	302	11040
27418	288	16824
16721	254	12871
13289	325	25551
28845	258	14839
29896	254	12853
20532	325	18523
29980	325	13773
27880	258	17021
29409	254	11863
16899	254	26222
13070	325	26043
12746	254	11554
29915	258	28579
25539	252	10836
29964	325	26575
14858	288	16148
13374	325	13773
20109	263	14854
29365	258	12076
26789	271	15834
27511	325	15085
17375	254	29125
19393	325	26327
16188	325	12522
18074	258	26856
29630	325	14782
18953	325	15180
18957	325	12520
20047	325	12076
17919	325	18104
19066	268	16171
13908	214	29002
17051	281	26151
16708	325	10595
19693	325	16492
29597	252	13229
15634	254	14126
13593	325	13108
16725	268	11554
18547	258	10504
20855	252	16531
26968	254	11638
17485	325	10595
27008	288	29998
14167	263	12871
16354	227	29012
13628	325	16942
14997	325	18931
11448	325	19971
17834	325	12076
28569	268	14954
29752	325	26386
27190	325	13843
29566	254	16171
14547	325	17635
20183	258	20286
17859	325	28053
20665	214	25901
10502	325	20298
18491	254	11551
13439	325	17458
15460	325	20298
17831	231	28126
25879	325	26836
27484	325	26043
29590	252	13566
26406	316	18537
15603	258	13376
27424	325	14458
29625	325	11786
28511	254	14459
26681	254	11146
19672	325	29259
13075	325	16235
17693	239	18884
18401	325	12715
12249	325	16962
28962	325	18217
19059	288	13723
12338	271	18827
12617	325	29833
29624	220	27619
20294	322	25837
19097	325	18542
29131	294	29876
17004	325	13723
17466	325	12500
11372	325	20290
19469	325	27902
12008	326	12294
19131	325	25602
26561	325	18625
19287	325	16824
28842	217	12974
16037	278	10730
13946	325	13773
27601	325	12076
18795	300	20280
14764	254	13417
29965	220	12233
12030	325	12788
18740	325	28092
16462	295	12294
19232	288	11084
19373	254	14030
26192	254	16171
25588	268	12404
18435	254	16171
25935	278	26282
20076	257	26619
12209	325	19465
19703	258	12822
18938	325	11114
26247	288	17635
18816	294	13323
25980	258	26179
14305	325	27080
29668	254	28149
13536	258	11087
19681	257	28112
17359	325	17300
15559	254	16685
25667	325	12649
11082	325	29998
12378	254	11901
25729	268	16954
19727	325	20219
10707	325	14372
15879	325	18124
28945	278	13773
15377	220	26610
28364	281	29933
14506	258	27472
28713	258	15724
18532	254	20810
17386	325	26043
18179	258	12715
26132	254	20695
16978	301	26639
18092	254	14126
15409	258	18726
18647	325	20219
26906	220	14396
25830	325	12820
18961	288	11917
27520	254	14459
18581	258	28217
12424	325	18281
13587	325	12958
17350	278	13773
29429	305	19499
20201	254	29125
27352	235	16479
18680	254	20248
15883	263	17511
27648	268	11996
19266	254	16171
19188	257	13844
13175	325	27902
26302	254	18380
14734	325	26836
16961	279	27924
27815	278	16148
18139	325	20452
16750	325	26350
17768	254	20129
18347	268	16685
13590	278	18887
28160	325	17635
10919	325	25529
28270	254	16171
17940	325	15078
16879	325	12788
20120	325	14633
19842	220	14479
13563	305	16415
29778	220	19327
15917	258	29320
26582	325	20428
11928	325	12218
12026	252	12492
14177	239	29125
28457	254	18880
11410	325	13470
18494	254	15134
17630	325	28089
12090	325	13072
28552	325	15028
17810	254	20248
11216	325	20808
15601	254	13168
27845	258	18331
29846	220	26994
18563	325	19563
13767	325	18104
17235	258	20551
20670	325	14075
29644	254	14136
12694	325	14922
19367	220	12246
27675	325	10652
19098	325	27472
26824	325	20290
28769	325	20636
14130	288	12105
14393	288	11778
28915	325	17635
15151	271	15157
15220	288	26327
28319	254	13417
13360	278	27569
11474	325	16235
11442	325	18726
12773	258	18571
29726	280	18692
27626	325	29220
29841	325	16492
20710	278	25619
27246	307	10796
12261	254	18880
18658	325	19885
27805	263	10732
13878	325	29751
20762	325	11498
19181	325	28987
16443	288	16090
19428	325	27902
15937	220	11102
26229	325	13781
19159	282	18093
25650	288	27473
11494	325	25662
28432	220	18425
29128	217	20578
29861	325	16824
26134	268	14954
16771	254	16611
17183	325	26043
15951	325	11650
11399	254	11608
16583	268	15993
13590	258	20871
17488	254	12139
11898	254	13181
12842	325	27569
26979	254	12404
29877	240	14745
28753	252	11995
20320	325	13495
20745	254	12404
20290	263	11901
19910	258	25629
12994	254	16171
17508	325	27846
11139	325	13932
17955	325	16345
11894	278	14075
20087	325	19719
25752	254	14459
27082	325	18104
12326	325	29998
12099	325	12500
11080	252	28477
16339	278	13723
29680	325	10943
29694	325	20551
17685	325	27983
16762	325	18887
16359	258	18530
16976	254	11901
29147	325	29259
13915	288	15883
26452	280	28954
18761	320	18242
16079	271	29983
25664	325	28222
14014	325	12243
13430	325	18104
19003	325	13773
20771	325	15568
20073	288	12500
12314	219	11901
15634	288	11526
28189	258	12910
11074	258	15075
13414	325	10595
18668	325	12649
29512	278	16371
18384	325	11811
26179	214	12007
20580	278	14465
26827	325	17625
10755	282	14155
12198	258	20032
15696	258	26350
11611	297	11661
14478	288	27712
15518	223	26605
20175	325	15568
11435	325	10686
11783	325	14633
29890	325	11179
20041	252	15024
16096	258	27473
11129	325	12500
13520	258	27080
26997	268	11901
10707	325	11084
19211	325	12820
17870	325	27569
27021	325	13072
16439	278	29751
29873	252	18721
17169	220	11998
14409	223	26683
29547	254	16451
13566	220	29590
20529	317	20250
15325	288	25529
28899	258	13680
26828	223	18880
11615	325	18492
15647	254	11390
13595	258	11085
26140	325	12491
12345	278	26589
12158	258	27743
13374	254	13239
11358	210	26049
25989	258	17635
11094	254	28149
26810	325	16388
27102	325	12218
15047	254	14658
13233	278	28072
16551	288	28341
28570	325	25619
15767	325	10932
27935	325	29259
16806	254	14136
14054	315	14054
19438	254	16171
19133	325	15744
18504	223	29377
28105	325	11004
15369	325	29259
14834	325	13495
28340	293	28356
19024	263	28149
13083	288	13376
13915	325	15883
18724	268	14459
16649	325	11734
11292	220	15040
15461	278	16942
13294	254	13417
16767	325	11085
13964	220	13821
27730	325	10943
16845	317	13417
19687	325	13236
15023	325	13236
14029	325	20590
17228	254	29763
12977	254	25621
10511	279	27924
15318	261	28627
15576	254	28149
16344	271	12020
27539	254	10796
15365	325	16726
11137	231	10540
29966	325	20991
20437	254	11604
17497	261	12354
14126	300	16348
28351	288	10563
27189	260	14454
27957	325	17635
27481	258	20522
26838	325	13030
14855	263	11638
17776	325	14458
27110	325	20290
14876	254	14126
29326	288	20551
19734	325	26043
19368	325	16881
11282	254	16685
25861	325	20115
19636	325	29926
29052	325	27485
13326	288	13773
12266	305	19880
27052	294	18850
17730	325	12327
27431	325	27983
15534	258	25586
15156	290	12897
17719	325	16789
12959	254	19144
19796	273	20347
16221	271	10828
13600	258	17651
10605	275	16609
28232	254	14126
26437	254	11461
17773	288	14458
16746	325	17825
17759	254	14658
29944	325	16270
28347	325	28184
14052	325	27569
12537	285	25621
29787	325	16345
20769	254	11901
11852	305	15254
27251	254	14136
15367	297	28472
19204	258	27473
19146	325	15075
27003	325	19020
18784	325	27473
17712	325	28045
20280	305	18242
27942	325	18070
26068	254	20611
25516	307	29798
11301	288	18070
20208	288	16345
26686	254	28149
14879	325	18931
18386	325	28053
29261	279	12897
13016	268	17603
29417	325	17360
16840	325	20636
29346	325	16726
10657	278	15574
27586	325	14465
11471	254	13185
27311	239	12466
18706	325	14611
11528	325	20219
28594	325	18104
29134	252	14106
12505	214	11570
28663	263	14459
27648	288	14633
16971	325	16371
13385	263	13239
11219	325	20794
11773	252	29607
12631	325	29833
20227	282	18779
15495	325	26724
12952	325	20115
13107	227	19943
12903	254	13185
16083	325	16235
12454	254	19850
29913	325	11786
25559	258	19869
18200	325	19561
16549	325	13278
12760	252	27976
11884	278	16726
27366	258	13680
20828	258	17021
17752	325	20169
18284	268	28149
13557	325	13680
26421	325	12428
10936	325	17899
11401	278	20636
29431	254	14105
18808	316	29228
29863	258	19420
28794	317	10796
18826	325	12643
27041	288	16267
29002	325	20109
11703	254	13185
26175	258	28551
16537	258	12958
26308	325	27902
17795	257	15142
13600	288	17651
18221	325	20298
16358	252	19792
13600	288	16345
10584	258	14465
27014	288	29998
17056	325	20974
12929	258	28905
12344	325	14075
29761	288	20452
28453	257	17993
26810	325	13470
25892	278	19885
18802	220	18752
29367	325	13781
27549	258	10652
28516	219	11901
13721	325	28909
28932	325	17938
20822	325	16270
18598	239	18880
28188	254	28931
13740	325	13781
12375	254	29817
28503	229	14197
28572	258	14611
15135	294	12660
25933	254	14136
12920	220	12092
20868	325	17625
11404	288	26575
13590	288	13470
29718	325	10943
15844	254	13417
16240	325	16824
20931	325	13236
29689	288	13723
18017	258	18797
12253	325	11778
14203	325	13470
20554	282	16806
10857	325	28045
12657	325	28338
11299	325	14458
13666	278	11811
14636	325	29789
13568	325	18707
26867	297	16788
27845	325	19420
11150	325	25944
12315	223	13534
14891	254	11604
17684	254	28227
27693	254	16171
29934	325	25551
17653	325	16726
13525	288	16090
28142	325	26043
16907	252	16954
29139	288	27472
17105	258	20219
20909	322	29848
29133	325	19328
15422	305	16415
20311	325	15492
13108	214	19384
19844	325	20298
10975	325	18331
10735	254	28149
17125	254	28149
13804	254	13185
15848	257	13746
13360	254	12139
10903	254	14865
20822	325	28072
11678	254	17897
11450	288	13276
19106	305	18242
17435	288	20974
18345	325	27846
17066	288	28092
12168	288	12520
13221	293	28356
11300	325	25619
20534	325	20522
26648	288	20290
19857	288	20636
28228	325	28053
10990	325	27902
29420	214	17162
28067	325	14075
29136	325	12428
27086	318	27745
16545	325	28500
29178	254	15607
18343	258	27614
28172	281	28158
11999	307	28149
27117	258	19957
19010	254	14126
11215	254	16685
11949	254	14459
26685	254	14459
15126	220	20375
12533	325	28500
11915	325	13588
16924	258	27080
16015	325	20022
18986	325	25733
10651	325	10652
15380	325	18331
17119	325	13723
11982	325	12500
14516	254	10571
17480	325	13680
19393	325	19565
27756	278	26127
12497	264	29983
13550	294	26504
13857	325	19635
25760	254	17415
29742	325	20782
14375	254	14126
16412	325	12274
19374	325	26970
26443	254	29207
16522	325	12105
14324	288	19420
15644	278	19561
15306	268	14136
26235	325	19328
20569	325	14075
29294	263	26936
27514	325	12910
19300	325	15712
19618	261	27288
19700	325	12820
25702	278	13470
27801	261	10738
14039	220	27220
27979	254	28291
14888	288	29789
15442	325	13932
25501	325	13376
15108	288	29579
11947	325	10652
18618	258	16388
16240	254	14459
28238	288	12846
27904	325	28805
25505	258	13773
27370	325	18571
15876	282	29856
11616	268	29125
29954	325	18104
15298	278	18988
16821	288	10504
18769	325	13470
28610	325	14372
17070	325	15724
26951	288	20636
11460	325	15744
27622	325	18988
26982	325	12958
20216	294	17321
18082	258	13376
27776	254	13185
18655	325	25733
20500	231	11927
12088	325	15724
12971	325	12428
28194	325	18797
25817	325	26386
19401	325	19676
19950	325	11179
27232	254	12871
16149	235	29125
15737	278	28459
12818	288	29941
27646	254	16171
28423	325	19889
15863	252	17709
19468	217	17686
26213	288	15724
29450	325	16404
29557	231	20961
20494	223	18242
18767	325	18475
17473	325	17139
29171	325	10943
29030	268	18880
26741	294	25772
27682	278	15568
20786	325	26754
27787	325	12428
19566	325	27473
20425	325	20974
26693	325	14201
12198	288	20032
14799	214	11765
10639	258	11526
19156	239	17897
19115	325	12869
16909	278	27473
13477	254	13185
17957	325	12820
20589	282	28308
15811	254	29308
27290	325	20551
28541	263	15134
29715	325	26043
19585	325	15106
29253	325	12428
29663	230	20156
29173	254	12404
11794	325	27805
19165	254	14666
16441	288	20115
19548	325	28044
13842	325	20184
12342	325	16728
18294	258	15568
28208	325	29135
27665	280	27124
27758	258	20032
29627	254	12404
13992	325	18931
20275	212	14681
18949	300	26330
13073	254	27044
17987	325	26444
15232	254	13096
16763	325	17314
15666	278	13470
15599	282	28997
26159	278	19719
19585	268	20248
12812	254	10796
15978	254	14658
12540	239	20248
25892	254	17897
16012	325	17314
19481	252	19751
15696	258	15075
29907	258	19363
13874	325	19465
28612	316	11897
12481	288	16789
10670	325	28976
20816	322	19917
12167	325	11811
25988	254	13417
18205	325	14922
27733	254	11461
20654	325	28341
12211	325	20298
14329	209	26830
28631	258	12243
25910	220	19446
26244	325	11786
28478	325	27848
26087	254	12404
11905	278	29789
27549	258	26179
26859	288	28089
12098	325	17360
14463	231	19888
11370	254	17897
29638	325	10680
27935	325	13376
19922	325	18036
27142	325	16235
19216	325	12105
28443	325	29789
17685	325	19565
12678	258	15078
25903	278	16726
29716	325	20298
13007	255	27439
16441	325	12076
29253	325	19885
20705	325	16270
19633	325	20551
18148	254	14658
14850	254	14658
17227	325	15234
27334	307	20248
17463	281	13596
26313	281	10883
28754	278	11085
18824	281	17964
15984	263	10607
26919	316	15011
17575	254	14459
15992	235	26499
29406	254	14837
18407	220	20568
20630	254	29125
20809	325	12428
29714	325	20555
13897	254	19451
17132	325	17635
16295	325	29388
15774	257	14681
20533	254	29125
18298	278	19719
27008	325	29998
17005	325	28072
26869	307	14459
11989	282	29856
27315	288	26724
14926	257	27359
18818	255	17082
17389	325	11786
28519	325	10932
26285	278	27890
11245	254	11901
19946	325	14372
13595	288	11085
10933	219	17897
19424	268	14126
11437	268	29881
13682	325	17494
27057	235	11901
27315	325	19885
16052	254	14459
12843	325	19234
28326	325	11734
28308	254	19915
12609	254	14618
10788	325	15720
11929	258	20219
19527	254	13185
26709	325	29751
26839	325	28635
27600	268	29125
25574	214	15634
10895	325	16061
16147	254	26837
20144	278	16388
20232	258	17139
15256	258	15075
11646	254	16171
25605	215	17687
27311	239	11901
18431	278	15106
14324	288	19020
29803	252	29612
12611	288	18744
16298	316	16474
20908	288	20032
17330	325	15697
28548	263	20358
27418	268	16171
13151	288	25662
11408	254	28149
26761	325	25802
17916	325	18797
20676	268	29443
17981	325	26350
27585	254	17814
27338	325	13872
16075	325	26878
16128	325	12820
12003	220	16774
27865	316	27543
28990	325	20609
25965	220	18559
20535	254	12871
15213	252	14055
11834	278	29751
20467	210	14247
12642	297	26792
19882	254	29125
11663	325	10943
13300	263	29125
19266	288	16345
16691	288	25662
27788	325	15923
14122	325	20022
14620	325	15727
12567	278	20636
19232	258	26589
28600	219	11901
20633	325	10652
15292	258	12520
18974	254	13096
15476	278	14839
20114	325	26043
29064	239	16320
20928	325	15180
12202	325	15562
25587	325	26724
10749	288	20347
18607	325	28184
28169	271	13599
17510	296	28857
26924	325	14072
18172	325	19248
18422	254	20248
15483	325	26589
13521	220	16044
18254	254	17897
14667	288	18744
11248	254	12871
29341	239	20594
12110	325	10652
15736	325	18281
26596	288	19328
15274	325	14458
11477	254	14330
13584	325	18124
17385	325	13072
27977	254	10796
16058	325	17021
19697	231	11873
17159	250	16356
18328	278	26350
28683	254	11901
28483	325	26386
29506	288	12243
17960	325	20219
15031	254	20248
11306	325	14013
28544	254	16171
25858	325	20298
18737	325	14922
11786	214	15311
12163	325	26878
11126	235	11554
11091	325	17460
28776	325	13843
13771	325	12428
19161	322	19396
27845	254	11608
28948	254	14881
29480	220	19275
18113	254	14459
10708	246	15445
17849	263	11461
12472	325	29135
28254	268	11901
26375	268	18880
16316	257	19547
18971	325	25602
29091	325	15106
18350	325	18840
15560	325	20457
20767	280	18363
19160	325	11778
16184	325	28500
12171	325	12244
28339	325	19409
14600	325	15234
12651	252	18742
20344	289	11744
17642	325	19420
12277	325	19246
20162	325	27080
10779	278	16388
17916	325	29546
14274	325	28222
20760	288	29617
19303	288	16235
29314	325	26575
19685	219	13185
18537	230	14081
11424	211	15424
19081	325	29941
10760	254	13168
12766	220	15324
18471	315	18016
29462	254	11901
18848	325	17139
18391	325	12244
19610	325	27569
20439	231	13652
12206	254	10539
16481	325	13030
10742	288	18887
29800	325	12244
16253	239	29125
19550	216	27442
11702	294	19504
16021	325	29751
29771	325	18931
15795	325	13470
17359	325	28480
16203	300	26100
16332	278	13108
16825	278	17635
11290	325	26724
25803	325	26740
16731	254	19850
20464	278	11179
16939	325	15724
18359	325	29941
28549	261	28766
11859	258	18797
28177	268	11461
27259	278	15724
13020	220	18443
11183	254	11996
18649	325	20636
12028	325	14072
16559	325	14494
20560	254	27350
14397	325	11778
28364	280	26152
13100	325	15712
17008	325	28500
14187	220	19267
13859	288	16492
25672	325	18887
14176	258	13030
12920	288	13872
27577	263	15622
27112	325	26713
18524	325	13872
27637	272	13011
20941	258	14458
28820	325	12244
17705	258	27738
27707	252	19219
15641	325	18931
27803	254	13417
14823	294	20067
15415	278	16728
14867	281	15157
18567	325	10595
17725	217	19936
20096	268	11551
13095	325	18625
10935	278	18887
18461	254	16171
15335	254	14459
14590	254	20248
20105	325	13278
27537	325	15075
17911	252	20884
13558	268	14136
28111	288	10652
29002	288	16824
28822	252	19933
26519	254	12139
13876	325	28044
15721	325	29387
12592	254	26448
18551	268	28931
18506	300	12406
13802	264	28128
17218	220	16911
16885	288	17245
11514	278	15574
16131	325	11084
27844	258	29387
20771	325	29998
29780	325	14782
10928	255	14044
25989	258	19957
20073	325	20115
13391	325	27712
29835	325	10595
14473	252	28639
17484	268	11901
12715	263	19340
13222	254	28149
10701	325	25586
12467	325	29751
29919	258	16726
27630	258	29320
16315	325	13848
29209	254	17897
17480	325	20808
15165	268	14136
18168	325	26986
17002	317	13185
10806	325	14705
18848	258	14286
26551	325	16345
27663	252	28569
19418	325	18571
11206	278	16824
13919	325	12699
20185	278	16824
15101	325	27569
26963	288	26073
11630	325	15565
27142	325	27846
26753	325	19561
19183	280	13381
15317	325	20219
14541	254	15094
18585	325	16432
18841	325	10943
14325	325	12520
28510	325	20491
11405	323	15628
16742	325	17651
15619	271	18637
17917	258	28551
29384	318	13105
19490	325	15359
12631	325	15568
15040	252	20041
12566	254	20248
29625	325	17245
11413	223	14082
12154	325	15234
29318	325	29220
19880	300	12266
17597	325	26179
13887	254	18094
11713	252	12940
17294	325	14075
28277	325	28976
20843	325	26386
20181	254	27986
17378	254	29881
10623	220	17448
18515	325	20609
18018	254	29125
17968	325	18726
28609	254	16171
19043	254	16171
18959	217	15080
18254	325	16942
16700	278	26575
13729	288	27059
15240	325	29319
27372	268	19967
17075	325	18036
29057	258	15727
18986	288	25733
13722	325	13470
28888	325	26386
12532	325	18639
15814	258	27848
10836	254	11901
14721	288	17460
27083	325	20032
20721	261	29384
20202	325	13872
12434	254	14459
26115	278	26179
19403	288	19957
28513	325	19561
29651	278	17992
18969	325	10636
29214	325	28551
11382	325	29998
17167	288	12218
27020	325	18036
20400	325	28791
16629	325	27059
10967	325	29546
18050	325	12428
14230	325	26144
11929	288	29320
12077	325	12500
20758	212	28112
15780	325	20609
29491	268	17897
13799	268	11996
26807	222	13883
16179	254	13185
17493	254	17897
14838	254	12139
29446	325	16345
29844	325	29546
17761	254	13185
28609	325	20219
14882	325	20338
19323	258	16824
18250	254	17511
26657	325	29941
28877	268	20666
29647	220	11701
18243	258	26127
28852	325	13376
12483	325	12428
20082	290	12897
10847	280	28172
29269	220	18394
19090	254	11901
14140	325	27769
13547	325	18578
17853	252	14129
28140	297	29665
19752	269	26413
13423	223	28935
26993	325	19328
19846	258	28236
26086	325	11031
19754	278	28500
13513	281	28147
19744	325	25662
28400	220	12884
14480	278	15492
19871	231	20886
15368	254	16811
29271	325	27473
18293	258	19719
26238	288	13932
27583	294	15571
29678	258	26043
18411	216	13207
13277	258	13574
11669	325	14372
16427	325	14922
11280	325	20808
19898	325	10686
18001	254	16906
11920	288	13680
19903	220	17026
27921	254	11900
11675	254	17897
16950	288	20808
25600	254	17897
13729	268	20248
16166	325	19465
19833	325	17245
11117	254	13185
20841	278	14917
15692	288	25807
26329	325	29833
29483	288	20551
17316	325	19561
16957	325	18797
29604	325	10595
28889	254	11900
20339	325	13236
14279	282	12832
12117	254	13185
11246	325	15396
12071	325	17360
29070	294	25612
27516	295	12876
13772	278	27805
26909	316	11278
27280	325	15720
27121	317	19521
17050	222	26100
15253	254	14459
15757	325	13784
12857	263	16954
14103	252	19985
26398	325	15744
26040	258	10730
28647	325	29579
27395	325	14782
15030	325	16235
20956	239	17638
27314	254	15134
13502	325	25733
29745	325	15180
20032	214	20908
28965	254	11902
20483	325	17458
27729	222	26100
13665	325	16881
15081	258	29751
10573	325	12428
14583	294	15341
26083	214	28508
12693	254	11554
17710	325	29751
25529	263	29881
28973	268	11996
19571	325	18988
28832	325	15907
26014	254	12871
28084	288	11717
14572	325	19246
12059	325	16454
12447	325	16432
28781	258	13030
12133	288	29617
16327	325	15744
28054	264	13596
28181	325	29546
26443	325	29390
13571	258	13574
11997	325	17825
11157	325	13773
27574	252	19240
19189	325	27080
17418	325	18797
16524	271	12382
15711	254	20248
29527	288	18104
19834	261	26572
10705	325	12184
17465	258	14782
13228	325	28045
12494	254	29125
29584	325	12243
12386	258	15773
19854	278	27614
17326	325	20290
17690	325	29833
29470	268	19293
13643	231	20834
20393	325	20640
28346	217	20391
28059	325	14799
18759	325	16345
13675	325	12958
26987	325	14458
17470	325	18726
15019	288	13723
25924	288	25807
15696	288	15075
20039	325	20428
19342	325	16090
12468	325	18797
11589	325	29744
12041	325	19565
11345	325	26928
26769	293	28356
19466	325	12243
20332	325	20298
16580	220	19394
29706	254	16685
15778	294	28244
11077	325	14782
27655	254	14330
13769	254	14126
10772	288	26350
19749	325	11179
17705	258	11865
16742	258	29926
27472	214	28638
26018	278	11734
26590	325	18217
18568	300	28071
14235	288	12243
25893	288	18797
18627	325	20609
16053	281	16077
20874	289	17551
16525	325	12244
13776	325	17825
19505	325	15234
25832	254	17814
18351	252	28828
20922	325	14633
16650	254	20248
12795	325	27569
12042	325	18182
17152	258	29047
27456	325	11786
20674	288	20286
19672	325	20609
11231	325	29941
17174	280	15807
18503	288	16614
19846	288	28222
28865	325	12164
15371	258	29751
16841	258	17634
16617	316	11413
18526	254	13681
13959	254	10535
12813	325	18931
26230	254	14435
26500	325	13680
13877	254	28149
10853	325	19885
28806	325	12520
26075	325	26713
18246	325	20640
20720	325	16728
29930	320	17897
15676	281	12020
18751	325	29420
29035	325	18036
17840	268	14136
12159	325	28541
29398	325	12243
28856	288	11537
29144	325	10652
14260	325	19565
20821	252	16358
26957	325	14458
20251	325	20022
11676	257	18076
11673	325	20171
15578	254	16171
12325	263	29207
19610	278	14191
28084	254	15094
16690	288	11717
15882	239	29125
18972	227	18936
27064	288	14633
25857	254	16685
20752	263	20248
29966	325	29658
10767	325	20974
28726	278	12243
16026	325	20930
28840	254	16203
12346	325	14922
16309	325	17314
27340	258	12910
11624	212	20061
14259	288	13848
26699	282	13482
19585	258	29751
26288	325	29192
29307	252	16139
28136	288	13773
15120	254	14136
18961	258	11917
27767	325	13278
29212	325	10563
14363	325	20974
20277	254	16171
27878	325	16471
29859	252	17642
28540	258	28909
18215	254	26371
25565	325	18331
28427	325	17458
14592	288	10652
18046	268	20248
13735	254	29125
27698	254	14126
20002	325	12105
29183	325	13276
20395	325	25662
14575	278	16388
12472	325	11786
14781	268	11901
15314	220	19842
14824	288	17307
26910	252	29323
29731	254	16065
13024	258	29789
13356	268	11554
13854	261	26274
12676	235	27044
18451	325	14075
11808	268	14136
20389	325	12958
26399	325	29673
26876	322	29645
14897	288	15724
15780	278	29546
14379	278	15720
26910	268	11554
12260	325	15574
12398	258	15359
12727	254	11863
19639	211	27022
29321	316	10672
11465	325	16235
14961	254	14136
12880	325	25806
26379	254	11901
27003	325	20247
16627	282	17972
14111	234	26477
14848	231	29267
28776	325	18707
16533	325	14748
26032	278	18726
11555	325	26043
26810	278	19885
13447	295	14750
11200	325	25602
12834	325	12500
10785	254	17897
29953	288	13376
10722	325	19885
29452	325	29926
19169	258	18797
13284	325	19736
25512	254	17897
15267	268	26188
27713	288	13389
29174	278	18840
10742	288	20640
15030	325	11786
15634	288	15396
13433	325	16471
15412	325	15180
16991	325	20636
26368	325	12520
14785	325	25529
14315	325	27848
28211	288	12500
17316	254	29125
17829	219	17897
14333	254	29125
17816	325	20298
29120	278	10898
16322	254	18242
27688	258	11085
19777	325	14458
11908	325	29579
28543	254	11996
15917	258	12500
16732	325	11537
19274	254	11901
11706	258	17139
19454	268	14658
11074	258	16824
13086	254	12195
17028	325	11213
18962	235	17303
29834	268	29125
27143	325	20290
18809	258	15028
20822	268	18880
20720	254	11554
16018	231	12125
19530	271	14374
20110	268	16685
27425	258	29546
11626	258	11085
29148	254	20248
20236	235	14126
11222	325	11786
11446	325	20022
15767	254	20248
18391	254	11901
28508	254	26203
27916	254	13239
17789	281	27300
25769	258	16824
15564	325	17801
29113	325	29833
25889	220	11622
26743	317	20248
14845	325	13108
11765	254	15134
28117	325	18036
29623	325	13932
14153	281	18898
12515	258	17139
26626	325	11537
25734	325	14611
18768	325	27080
29290	325	28541
12822	307	16425
28689	254	28149
26767	263	28149
13591	235	27044
12701	288	26179
14949	252	20062
11232	288	17021
27087	325	16388
26213	288	29789
20497	325	29998
29399	254	26556
28175	280	18472
15942	325	15568
20720	278	10898
10554	325	16270
18348	325	14611
27639	325	10682
19297	323	11209
27146	325	13507
26961	254	12871
14909	325	19236
18503	258	25586
13600	258	27915
16185	325	29259
28968	325	15724
29479	282	17993
10573	325	27569
16241	222	18506
10557	254	11043
16635	254	28149
27293	325	18104
10815	278	15883
14826	254	16685
19745	288	12411
15291	325	29744
27464	278	26444
17425	325	27769
27384	325	27171
27098	288	25516
20897	268	19850
15671	305	12404
18615	254	18880
16058	258	11865
14325	254	19340
10748	325	26322
10501	288	18744
10979	280	26055
18650	258	15923
12824	325	29751
13432	257	11256
18163	325	14276
18029	288	11786
29373	325	28541
17369	254	28149
15019	288	27983
10614	254	14243
13426	254	29583
17705	258	12411
16936	258	16388
27338	325	27876
19906	273	14352
27850	325	13072
28939	325	16388
16615	220	18853
25724	325	13072
20938	325	15307
17891	210	11504
13996	325	16787
27261	252	15500
16258	254	29125
20869	243	20666
27923	294	15985
19192	227	14330
19605	325	20032
19891	325	15883
16302	258	20032
10620	258	15712
14524	258	26878
16684	278	12662
27022	251	11424
16268	254	12871
19783	325	15568
14260	325	16454
26095	278	12822
28380	325	19328
28901	294	11544
26279	288	27769
27387	325	17635
19389	254	29125
11235	325	12184
28008	258	17314
12701	288	28045
18083	325	19565
10821	325	25733
27550	258	12105
12231	278	11778
15476	325	14839
18326	252	11487
11145	297	13831
12226	325	15724
28815	325	20290
15807	282	27359
26667	254	28291
12556	325	12076
10564	325	28184
20051	254	20248
29816	254	14963
15206	288	12428
15255	278	15883
15352	316	25718
10918	258	15712
20780	288	27059
28483	325	27080
10742	258	27948
20168	254	14126
12898	325	12244
12630	325	20930
14282	268	28727
26740	263	14459
11534	288	29387
27977	325	29926
19128	278	18797
29503	288	14276
18835	268	14136
13134	325	27472
13498	254	20594
13492	325	16824
12176	254	26188
12049	325	27848
15520	278	29998
14428	254	17897
28558	325	26386
29336	278	14276
19749	325	29387
17114	325	25602
20821	220	25542
18867	325	16942
18097	254	16171
29209	288	15198
18125	281	13768
11158	254	15134
20542	325	26589
20272	254	20666
15953	325	16789
13632	288	20290
27356	220	27113
16235	277	18696
20817	325	26878
16916	305	10607
15339	325	16728
19691	325	29833
29661	223	11832
17260	280	11188
12418	325	12500
19600	213	16218
27820	254	14136
20736	325	17992
29366	254	20248
15769	288	29259
19438	325	12428
13429	258	20636
16335	257	18484
15902	325	14611
14681	254	14136
27984	296	18942
11639	254	15134
14410	325	15492
13805	254	11900
16301	245	25717
11635	325	18931
28213	305	13808
16210	325	13072
16302	288	20338
26712	288	15724
20141	268	11461
10994	325	12491
28608	325	13495
10921	325	28053
26435	278	13723
20234	220	14187
20142	325	19992
11181	325	12928
27646	325	18726
29932	254	15134
11544	254	14136
15280	325	16964
26748	288	16235
26345	252	20842
10813	325	14458
16729	325	16881
18670	325	27948
20319	288	26589
10724	325	25602
11021	220	20245
29426	325	10986
18646	281	27300
29466	325	25602
15806	325	18840
16786	268	28919
20984	325	13723
16814	254	27044
12362	288	28805
19032	220	28036
11602	325	26713
29641	254	26600
17779	254	16171
28155	254	29125
20177	271	29933
27896	325	16492
27695	254	13980
27877	223	16685
26392	254	18651
26297	250	18007
26560	254	13185
29208	325	15565
28518	325	27983
18480	254	12871
13759	231	13128
28261	268	14666
10731	325	13121
16621	268	27044
28568	248	16065
15967	325	14465
20392	325	14465
20125	254	15458
27115	278	14465
17461	305	12588
27482	278	17554
19334	325	17300
10998	325	17314
16732	254	10796
28754	325	26386
11879	250	14618
14720	254	17897
17017	325	28500
17255	278	12500
29655	325	20590
20104	288	29135
19935	258	17139
13721	325	13773
16640	271	15287
12167	278	18726
13747	254	28149
14275	258	26589
20890	325	25899
20550	294	11658
27660	220	10869
12874	254	17814
28148	317	26625
26398	325	13376
12994	325	18744
26687	252	26470
12730	288	16726
10949	325	29789
26249	288	14372
14841	325	29135
12071	325	12869
13259	325	28089
17704	258	13470
19649	325	13872
12906	325	20032
19783	288	15568
10518	325	27950
11283	254	16811
18546	288	16471
26800	325	27080
15650	263	29763
26964	235	14136
27326	325	16235
26053	288	27473
16381	222	20222
26818	325	29833
13907	325	28541
28343	325	17635
16576	278	27890
18377	278	26970
14642	252	26860
15408	325	14465
13874	254	28015
29652	325	27234
13928	325	13773
17325	325	25802
20224	325	26724
14590	325	16090
27985	288	10652
10913	325	12244
19060	254	14459
13116	278	10943
15620	325	28089
27416	325	13376
13544	257	26425
29625	325	12411
17694	278	19565
14962	325	15923
16256	325	29789
25803	325	18281
12603	325	13108
14823	294	26305
12884	220	16092
19406	325	15568
19890	325	20298
15237	325	12958
12803	254	11901
17257	305	12453
18647	325	12500
20175	325	20115
26219	325	10595
26650	258	27361
15492	263	11901
15655	318	29489
12574	254	14658
13955	325	15724
13729	325	13470
18226	307	28149
26433	325	15492
28326	254	15134
10742	254	20248
12113	325	15396
29892	325	16345
18332	325	18362
27150	325	13376
12283	288	16726
15409	288	13773
10571	311	26971
26987	325	29220
29154	325	13072
15290	325	27080
27022	251	13054
16737	264	26151
27232	278	14372
19410	254	11638
19330	325	11811
13134	325	27266
12476	258	15883
27951	325	26783
28652	278	20032
16424	263	27517
17188	325	11004
20805	258	16942
28273	254	20248
18101	325	28620
18834	271	10883
17908	325	28184
16824	263	28149
12217	325	18988
12678	288	20290
27628	268	16065
28611	252	17219
18395	288	26224
25821	325	13843
27285	325	26878
13368	325	12664
28418	254	11551
27168	288	20522
13863	258	14072
18838	220	26483
18181	268	18504
14398	325	13680
14461	325	19885
11238	325	27346
27491	325	14013
16677	220	19792
16245	325	28626
15187	254	19850
10503	231	26036
28564	217	13063
20896	325	13108
12835	280	17795
20926	239	16954
29889	325	12715
11213	263	26188
17988	325	18813
29472	325	10898
20634	278	20115
14099	263	20248
20805	325	13389
19926	325	18542
28830	258	27738
27378	325	18639
15152	254	26720
25534	254	28149
14920	268	28149
17917	288	28187
12949	254	17897
11536	220	28252
12654	227	27608
28743	252	11619
29801	257	12622
28760	254	11902
18230	220	26779
13905	325	19676
15876	257	13352
16933	288	13276
11145	282	13831
26939	278	29751
14160	325	26724
15077	325	13872
25673	288	27846
27024	254	17897
10519	325	29268
13435	325	10595
14099	263	27620
27719	254	14043
15755	254	18880
16631	217	15863
16474	239	17897
26640	281	29933
12555	325	29320
14206	325	12910
10750	258	13495
11739	278	20115
12410	325	17966
12582	300	17877
28872	248	28727
27289	231	12064
14120	254	29443
12081	325	16874
27133	254	27065
29845	325	19719
16871	258	16755
19368	325	26783
11819	258	17966
25854	254	29125
27226	325	29998
13369	280	20836
26811	254	28149
16075	254	14126
12271	325	14075
11161	268	28066
26255	268	19967
29694	325	12038
27631	219	14126
11492	257	10693
29488	263	28149
18279	252	17201
19575	325	20115
27741	325	27712
27906	325	16393
14391	288	11179
26063	231	14679
12881	252	15229
25898	268	17897
15150	281	15157
25683	325	26144
26430	325	13723
26281	325	15712
13330	268	11554
29139	258	16726
19533	282	15132
11300	278	11811
15844	288	12715
13041	325	19328
20793	325	20974
26252	258	10716
17272	258	27769
16676	325	27246
16766	325	26970
18443	252	13020
27890	263	27517
25928	307	13052
19893	325	28072
12414	220	14872
28231	325	26084
16216	325	20298
11549	254	13185
15060	325	13072
15469	325	25619
14386	260	12324
26826	278	19565
16472	325	17552
10526	322	28612
10915	263	16171
14581	325	15180
11058	325	11811
17413	254	20248
14324	258	14831
15718	320	20594
15320	254	28817
26162	288	18124
29609	254	17814
20190	325	13495
13899	278	15492
18886	325	17899
27068	239	18880
29842	325	28504
10554	325	13278
17300	214	27024
29345	325	17800
11985	325	19248
18140	325	19736
19379	325	25602
12208	258	11085
28855	307	27986
12732	281	17312
20484	325	12105
20073	258	14458
17892	325	17651
12131	325	27569
11345	278	29546
15452	288	14969
28856	258	12520
20717	258	29420
26046	278	13470
27219	325	18606
13283	325	20636
26044	325	20609
27682	325	18726
10737	325	18988
11370	325	19465
27944	257	27359
13747	325	15307
29440	278	19565
16564	254	16065
12029	235	26188
28829	252	19952
28377	220	18426
19173	212	11273
18082	288	20219
29051	325	13072
29717	325	19465
13036	325	11786
12158	325	25662
26975	252	16434
17082	261	27288
17789	231	28475
18005	254	28843
13378	325	29751
14726	325	12788
10742	325	26999
17034	254	20248
12141	254	11901
25603	325	10898
17448	252	10623
15924	288	27472
10535	300	19012
15866	288	28849
17558	254	17897
19446	252	11657
11114	307	20442
15038	325	27902
11072	263	11901
11977	254	11901
20182	273	28480
17134	325	29899
25884	278	17635
29828	278	14611
10622	254	17511
18918	278	26350
16078	307	25986
25673	288	27902
20514	317	27044
13931	258	18492
29175	278	16874
27167	222	18506
11252	325	16450
18605	325	12327
16805	254	25621
17685	325	27876
26785	252	28488
26535	268	17897
27218	258	19676
19554	252	26604
15477	254	17511
12682	325	13588
18073	254	17186
14101	325	25733
17409	325	15307
15177	254	15134
17033	325	29268
14492	288	13781
29804	325	28527
16688	325	14782
12169	325	17460
20399	280	15182
13611	268	12466
11739	325	25619
15406	254	12871
28453	280	13230
29604	325	18571
18871	264	18266
16124	325	13072
19742	288	13843
18171	325	12076
18409	288	29546
25500	325	15234
28339	325	14075
15996	316	29384
28351	288	29998
15784	288	16492
27545	325	28222
12198	258	16471
10725	316	12939
15100	268	29763
26118	258	12662
19675	252	19755
25757	325	16874
19426	210	11996
11804	325	14191
12250	231	20472
11791	288	28905
26770	325	12788
16982	325	10595
25779	325	19187
10527	325	26970
18186	316	26031
13120	268	11398
27160	325	26350
25601	258	27080
29596	278	14458
12151	325	20782
12996	288	13872
17476	254	14658
29958	325	16726
29027	268	25621
18055	254	11901
28226	325	18840
17408	325	13816
13227	258	27080
15714	318	19600
18189	325	16345
18351	278	28596
27604	325	13121
19486	325	16235
18801	325	13680
12015	325	13030
27859	254	27044
13475	325	14799
15637	325	27915
27352	242	16479
12858	325	19565
28407	316	11938
20913	288	16726
13398	254	17897
19217	254	17643
27604	288	12243
20225	254	26222
11791	288	20974
17550	258	20109
19935	325	27473
18503	288	26350
18964	257	13479
10890	239	16685
20528	325	28460
18669	325	27915
27455	325	16728
16111	254	11579
27077	254	17897
11135	261	26585
26733	325	11811
29582	325	18281
27875	325	10932
20885	219	11900
29613	254	11901
13811	220	18052
26008	288	12910
13648	325	17494
16935	325	13872
28558	325	16726
15722	325	15744
25726	325	29387
18403	268	11901
16939	288	18182
17031	254	16171
20875	325	20347
16767	258	16235
19232	254	20248
12142	325	16726
25868	223	19476
13272	325	27876
16674	325	20930
17756	254	28149
17905	325	14573
15836	231	15295
20268	258	18654
15814	258	13781
18426	268	29442
10837	325	28338
14998	258	28739
16481	278	25662
14800	254	18880
17461	305	26617
16097	217	17658
29358	325	29387
18123	258	13723
28316	254	27350
28777	264	25685
11914	258	20286
29109	278	16824
18049	268	29832
12573	325	27805
12785	288	12428
13326	254	13185
20648	278	19409
20434	227	29770
20638	288	15574
12762	258	29220
15046	258	16432
17832	280	13652
20866	325	15106
18422	325	13723
26369	325	28089
17531	254	16685
27737	227	28285
15748	325	25619
14977	325	26179
25974	252	12247
13743	325	11084
20656	325	11778
16742	325	17899
19050	325	19971
15064	268	11996
18984	315	18984
11035	325	13376
10929	325	17554
12813	278	20247
29582	254	14459
20071	302	27410
29256	268	25621
18205	325	20609
15454	325	15744
29933	268	18094
14055	220	15213
12414	252	25678
26903	325	20551
28301	320	28583
16590	325	13908
17716	325	26386
13736	288	12500
15545	325	13784
27315	278	20409
12910	214	28412
12345	325	27149
20143	254	20248
17445	325	26878
27444	258	27080
29892	325	28216
18071	254	12871
20228	252	18662
17334	325	14494
20251	325	26724
10578	252	28740
12409	257	19410
12778	325	20298
25536	320	12588
26244	325	26575
17209	254	13185
26612	278	25602
14046	254	16171
15840	325	27743
13625	325	15492
13150	254	16171
19977	217	28782
28925	325	16061
14498	325	25619
18957	325	18362
20338	307	27002
13116	325	10943
15350	278	14545
10936	325	10986
29492	254	11900
13427	325	16388
13370	254	10796
14201	214	16174
19274	288	12428
16980	325	28092
13748	258	27080
20779	254	19829
15420	228	19444
29204	231	13864
14770	254	28149
14443	258	20032
28493	227	16448
19757	325	17139
12362	254	12871
16580	243	20666
28100	325	17245
17647	325	14465
17840	258	20636
29844	254	13185
12714	254	20248
15032	263	14459
19709	278	12500
18968	219	20248
17573	261	18984
12724	288	12522
13294	325	17651
25570	268	29393
10557	278	28089
28494	325	25733
10748	325	11941
29504	325	14633
27966	325	19155
17919	325	17360
18753	325	14465
29657	268	16171
17063	325	16388
10848	325	12505
15280	325	17139
14792	288	29789
28256	325	16614
29747	288	18104
29286	268	12197
17981	258	15075
27341	325	13872
26081	263	12871
29346	254	11901
28897	282	18093
13730	220	28537
27863	254	28727
15376	325	17360
17437	258	13723
16033	231	13562
27697	325	16726
27195	252	15481
13179	325	29220
26947	325	28184
20990	254	11551
16592	325	27472
13151	258	27080
28586	268	11901
17087	325	28089
19637	231	15001
12275	254	18880
13274	220	29612
20354	254	11901
29318	325	16393
28673	254	20248
18361	325	12243
20487	254	20248
13277	325	19328
20883	229	25772
14046	325	29743
26069	325	14922
28562	325	19328
13324	254	12871
16552	325	17139
26379	325	13470
27453	278	19328
28259	323	11395
15858	318	15537
26662	325	20286
19941	325	17825
29569	268	17643
19605	325	20290
16399	325	10595
17052	258	27902
16118	325	26144
15006	258	18988
16452	254	11902
19086	278	16078
17983	325	29998
20008	325	17139
13713	325	12820
28551	214	26029
15041	278	26127
15506	254	12828
26213	288	12910
12902	288	15712
29357	254	17640
11052	252	28524
19809	220	10710
29381	271	13638
25694	325	18860
26806	325	20522
15029	252	15125
17091	268	18880
15840	325	15565
29056	325	26386
19211	325	20022
15827	254	16477
12323	288	20636
16272	325	17314
18484	264	12276
26528	325	10932
19747	325	13121
29509	231	29071
28500	214	17493
11592	325	18036
28846	325	20794
28934	325	12788
13380	325	18217
17545	325	27769
18650	325	29937
19351	325	29941
14087	325	19885
10834	257	12709
16495	214	18805
17970	325	27472
16106	325	12957
12307	325	12411
15210	325	18281
14498	325	13723
13055	254	26720
19516	263	28931
15345	325	13680
13767	254	11901
19751	220	19481
16533	325	12869
26871	254	17415
17777	239	29125
29384	230	26796
11100	325	15697
16507	288	13456
11770	305	17643
13880	278	10563
27344	254	20248
16275	220	27830
13532	252	29843
19040	325	10595
25688	252	13122
15695	254	15134
29018	325	20572
10827	289	27400
12645	325	19465
19118	325	25662
29987	325	25619
26252	288	15180
11289	233	15281
14986	325	18988
11277	214	15502
12353	254	15456
13535	325	28089
27278	325	11811
20925	325	11004
11840	252	26105
25552	325	10942
27451	325	14922
13299	325	19228
11132	212	10811
11027	325	13773
29466	325	19957
19133	325	27149
12765	254	20248
18593	325	18352
18379	278	20452
28840	325	20032
10806	325	13680
13362	220	12322
18762	325	15883
20087	325	18887
10773	322	27217
18720	268	20165
12156	254	16171
16384	261	11120
26583	325	25619
13145	288	18815
29152	325	14917
28601	325	17360
15634	258	16345
28113	288	13030
20372	288	11786
13516	325	19561
19745	288	16471
19317	268	11554
20724	254	12404
26684	288	19563
13685	254	14136
18143	325	20298
20006	254	17897
13646	325	14458
27297	325	19328
14311	268	12613
29324	325	20286
12579	220	12947
28787	325	20298
25789	254	11901
20828	278	12411
18861	254	14658
25837	299	27203
12623	215	29517
26289	325	20825
17773	288	20032
26554	254	11901
16768	278	26836
27855	220	26120
27863	325	29743
15058	288	13278
20210	278	29789
13768	254	14136
13000	288	15075
13291	325	13030
26333	254	29207
19595	325	15654
26755	254	28149
15385	325	19635
10882	231	25774
18635	316	17691
13537	254	20248
29704	325	18726
20630	325	29833
14226	288	19992
26227	254	29125
13483	235	14136
15714	261	14054
29493	318	17151
26647	325	16432
10937	294	11763
10946	278	14167
15794	288	29884
20164	325	25662
18246	325	28541
16238	325	12649
26294	325	12076
17404	322	20964
27137	252	19596
16153	325	14748
17240	325	13588
11565	254	14658
15588	325	16061
25889	268	11996
18556	325	29203
16089	280	12575
17601	282	19217
17616	320	16906
14363	325	20551
27799	325	10595
19181	325	19635
14915	325	12820
29574	325	16824
28137	325	13773
13009	325	12820
18501	325	13588
13528	254	12871
16720	220	19039
26627	254	14126
12412	325	11917
14658	300	19897
17445	254	26548
29292	220	14903
27952	254	15573
27145	288	11085
15292	288	27915
20794	214	28525
16468	325	13278
17561	325	11084
13217	276	25549
13138	223	19127
12695	325	16755
13621	231	13021
20599	278	28053
26483	252	18838
14583	294	14702
13442	268	11107
26833	258	20609
19542	325	12164
28189	278	12958
28570	325	28072
15290	325	28596
27408	254	13881
28807	325	28072
15639	254	11901
11663	325	14922
14076	325	11815
15221	268	14136
25688	254	29186
28033	325	17992
17165	252	27808
12604	258	28053
19818	268	14105
20068	278	16728
15469	325	28719
12247	220	25974
28303	278	19236
13918	316	27252
28312	325	16492
28175	231	13404
26414	231	18830
25888	278	13108
19991	254	19521
15254	300	13883
15945	288	27929
16220	258	29998
27249	254	18007
14482	325	14545
15172	254	27044
15667	254	15456
13349	325	10932
26563	325	25733
15700	254	11554
14992	325	12928
16475	325	16432
17253	325	29789
20628	254	18157
19212	254	14459
20817	325	28976
18307	325	11213
11165	325	13680
14517	325	13278
14572	325	12520
25869	325	28607
19835	254	17237
17106	219	14126
19854	325	17625
13367	254	11638
10889	325	20974
19772	258	29579
26037	325	17360
11025	288	14372
29787	325	29743
26447	268	11554
17636	258	19561
15603	325	18988
28693	325	12958
18873	325	13848
11436	254	16685
29523	325	14465
20168	325	26878
12469	254	14126
12351	325	25944
28625	278	17992
28444	257	18484
19402	325	28089
12821	282	27300
13245	325	19135
14587	325	16726
13172	235	10761
16593	252	17398
28388	235	14126
11529	325	20930
19955	278	18797
19641	278	15568
13360	278	16874
14735	254	20248
18724	254	14459
11071	288	12243
29715	325	29259
12774	258	17278
26719	325	18887
18304	216	11177
16840	288	17139
29505	258	20290
29954	325	12500
18060	231	28429
29662	325	15492
15284	258	14528
12434	325	11772
28724	258	17634
18305	317	27044
15176	254	11900
15371	254	20248
26702	219	14126
29091	325	17458
26810	325	19885
28633	288	15883
11995	252	28753
19415	281	18827
29577	268	11554
29374	325	26179
17880	220	12374
16017	325	20522
13162	325	16728
29557	271	29650
27002	263	11901
18121	325	29884
18997	278	19328
14197	254	13417
19745	254	11901
18071	325	16962
17046	325	19420
20700	325	16726
27004	325	25619
28294	325	12788
20918	289	11006
18711	254	27044
25776	325	12431
12278	325	14072
27134	325	26501
16812	252	11575
18294	288	15568
20671	252	13573
14875	294	16305
20823	325	18639
15096	258	18931
28604	325	11778
10793	254	14658
29691	258	20290
29960	301	26639
16338	211	16679
18067	213	28808
19594	325	13044
20081	278	19753
16353	325	16270
15696	258	16824
20549	325	12662
28332	325	14917
16016	325	26179
26577	325	20551
20944	325	26144
25865	325	14458
28706	231	17753
26010	324	20349
12710	254	12871
13075	288	29899
19181	325	26073
27053	254	14658
19721	325	26575
11299	325	12076
29901	288	12500
16933	288	20109
12829	325	14465
28880	317	19850
17004	325	28805
18566	325	27747
28259	294	15341
19378	325	10986
26533	254	11901
26314	320	29207
18440	288	19187
19262	252	12628
13787	325	19328
19853	258	14458
14759	325	20286
20423	325	29998
10810	325	14611
20194	258	27848
11613	254	17530
12772	325	26127
13328	254	19208
20447	254	20248
28434	258	14846
16145	325	26043
28814	268	17897
29090	290	27924
12151	325	18606
12284	239	11901
27402	325	27080
13794	325	16345
12314	297	18403
18016	316	18471
19637	271	15834
14363	325	15089
10993	325	18104
16179	325	29546
25771	254	14136
10852	288	12431
26946	258	14625
17076	217	27562
26002	235	13185
14063	254	14459
19250	252	19982
13682	325	10595
29588	325	25602
14669	258	19563
12807	325	14465
28857	239	12588
27259	325	15724
27428	325	26350
27793	325	17825
29864	240	10596
16606	231	16160
13711	325	27569
29235	220	15430
29344	325	16964
12203	288	15078
29525	325	28045
16875	325	18931
11233	325	29220
13420	325	20551
18992	325	27915
20499	301	28139
26145	325	12500
14282	254	28727
19059	258	18988
13275	325	14611
12309	323	25533
29280	288	27472
12861	254	20129
18343	325	11865
16924	288	29833
14338	325	10730
20868	258	17625
15803	222	26100
28606	254	16171
17246	288	27876
14982	254	19966
14937	325	12076
16686	325	20184
15158	219	11901
26084	214	28231
15261	288	27929
25699	325	12428
14669	288	27473
28581	325	20930
12930	254	18253
20328	282	13545
28688	254	26809
12996	325	11811
26405	268	13726
29825	268	12871
25874	325	12822
17450	325	13276
18260	268	11901
15715	254	26188
17691	239	15607
17137	219	14043
12462	258	26081
26334	325	11085
15402	325	16726
13335	325	17635
26924	258	28607
13799	258	11786
28405	288	29546
13012	288	11213
19938	325	28004
17455	264	29270
11988	220	16518
15345	254	28149
25526	280	13182
27707	220	19407
13955	325	17300
27205	325	14075
11118	268	11608
10757	258	11068
27242	325	28805
27665	271	13269
15371	325	18887
19672	325	26127
26151	254	14136
18223	220	25669
17005	254	11901
27558	220	13689
25587	258	16388
19601	325	12076
11045	258	17494
11818	231	13926
11100	254	16685
25725	325	15396
26437	325	26451
12418	325	14458
11513	286	18271
15480	254	10796
12736	325	13470
28667	325	11213
11125	254	26188
18055	325	20115
12789	252	17827
15659	258	19719
27507	305	27132
27850	325	26350
18655	325	28184
26686	325	16824
28832	325	28664
11086	254	20248
18452	254	28149
28731	258	29617
28900	325	29387
13800	268	28291
26789	281	19519
27208	254	14136
25883	220	28818
15991	288	28976
16202	325	28045
16889	257	12709
18634	294	14406
25585	325	18931
19569	325	15697
20297	325	12428
27946	275	28578
17441	325	26451
18384	325	18931
13683	254	17907
20049	325	29751
18666	294	26890
15543	325	17966
20483	325	28500
28883	325	28236
29059	254	10571
15284	288	12910
16447	263	12871
17665	325	20636
13187	325	26127
14947	220	29965
15286	325	26486
17828	325	28092
19102	325	27059
20867	258	18182
26713	307	20650
25927	293	28356
15108	258	18797
11840	252	11201
20059	254	16685
25982	325	25619
26700	254	11901
12458	325	14372
11309	325	12715
19406	325	14676
13728	288	13872
14122	325	16471
20760	258	19228
17970	325	10504
20957	278	14494
12686	325	25602
26429	258	26073
13128	231	15299
27152	325	27805
17975	325	15106
15019	258	13723
16857	325	10943
26917	257	12497
15310	325	13843
20904	220	17219
20593	325	14855
29474	254	13239
26864	278	16962
10781	288	11756
29873	220	18721
16000	325	12118
11350	278	27805
16557	257	27642
29029	325	29220
16928	288	11756
29663	316	25885
16470	258	17278
19787	254	12336
25749	325	20609
12179	217	11755
29652	325	16942
17144	288	27059
28883	325	29259
29704	325	28184
29405	325	13848
13466	325	29751
29530	325	25733
13760	325	20974
15229	252	18709
28539	325	26043
15793	325	12877
17291	288	29998
29458	325	20290
28633	254	16685
13658	268	14459
10949	325	27080
26088	325	20794
14730	325	19561
14194	325	19885
29986	325	14372
10693	226	28158
17695	288	26589
29874	254	12404
29619	254	25621
19531	325	19635
19246	263	18891
29912	268	18242
17167	288	29268
11525	325	15106
17539	325	12244
14628	278	10716
18957	254	10607
20950	288	15697
27013	289	28563
13524	282	20061
26988	325	18840
26170	325	10642
14659	325	28092
27663	220	15911
20851	220	29563
27901	282	12832
16044	220	28802
18021	289	27335
13378	254	28149
16296	252	20613
11169	227	19521
17768	254	28149
12503	325	15492
17636	258	27902
27665	271	27841
29737	231	20352
11038	325	29259
16995	325	27080
15040	220	19039
29422	325	12218
14075	214	11141
10981	325	20871
19530	281	15525
26511	325	15106
16246	254	26157
14557	252	29984
18545	325	28596
28378	325	27876
13565	254	28149
12533	325	15568
26612	325	17635
11412	213	17422
18651	219	28727
12467	325	26327
26989	258	26984
12099	325	20032
29685	278	18726
25909	325	18070
13359	325	16235
15302	222	20222
20211	325	15234
26029	325	13495
19782	325	19635
26369	325	18887
29548	325	18797
13071	325	16740
13934	254	16811
27542	325	26713
15653	260	16752
20996	254	13417
29970	254	20666
17210	254	14548
27292	325	17494
15871	289	12194
19849	254	29207
16613	325	18104
16576	325	20115
12562	325	15180
20506	258	26589
12286	239	20248
25666	268	12871
16346	258	27848
20506	258	20551
26529	286	12294
25884	258	15106
29766	319	27404
26965	325	11085
12710	258	13121
12902	258	14633
12600	325	20609
27404	250	14205
11520	294	12780
20660	278	27569
20208	258	20636
19761	325	28045
10861	254	17897
18302	325	28541
12489	325	26724
18997	252	29828
14690	325	18070
15767	325	18840
14017	254	14126
28489	325	16726
12599	325	12184
27732	307	10796
26473	325	14458
26941	252	18170
19287	254	14459
29432	325	19736
12888	278	29998
26381	325	12244
14507	325	16388
16370	288	18639
28847	231	16547
16770	288	19328
16136	282	12709
17734	325	10942
13490	325	28045
17178	311	25930
29520	220	11253
26293	254	18880
15210	325	16984
29051	325	29751
28453	281	17993
28971	325	29739
26828	223	18739
18030	325	28121
27357	325	20665
17073	325	27614
14480	325	15492
12394	325	13236
15619	281	18637
11575	220	16812
13443	220	11404
13200	325	27396
26550	325	13121
14797	254	18880
29446	325	19889
28878	325	18797
13878	325	13470
17885	254	14126
10996	325	16270
11857	268	11863
12210	278	25662
12570	252	11168
12547	259	12606
29403	325	13236
28617	325	13723
26869	307	28149
11667	325	12297
17459	288	18797
13473	278	29751
28525	288	16432
20986	254	18880
29106	325	11002
28702	325	29420
19238	217	13692
29006	254	25621
15583	325	18726
20887	271	29117
10772	325	15744
11533	254	13185
10837	325	20794
13525	325	20636
27538	325	12715
28204	325	25619
13267	280	29791
14271	325	18606
10683	325	14034
13222	325	10686
11806	288	20609
17099	282	19329
11655	325	18085
17172	254	20248
27717	325	26127
27688	288	18331
29812	273	16388
14076	254	28149
11092	263	14126
25673	254	12871
29044	254	11461
18718	254	15627
29247	325	16078
14495	258	11786
16433	254	10732
25542	252	20821
13525	258	12500
14305	258	15724
15598	325	18226
17461	305	16415
18366	278	25662
13539	325	11068
25581	325	26575
29482	325	10986
20594	300	17461
18506	300	20687
16537	258	12910
19137	325	16270
13211	282	27961
29000	258	20286
29004	325	11941
14683	254	28557
28420	258	26878
17975	254	19979
29593	325	26451
11888	325	10943
19930	278	29833
20884	254	27044
19764	325	29751
13371	268	11146
29870	293	28356
26062	254	28149
10992	239	26064
14223	254	20248
16865	257	12709
26806	288	12297
19486	325	20974
27713	288	28222
29139	258	13152
17268	325	17796
28530	325	14286
20912	325	14276
26269	325	29220
16209	254	28149
26949	231	19697
16857	288	12910
16644	325	12105
16373	278	19328
13367	325	16719
20042	278	12703
11766	325	14372
14301	268	10571
29045	261	12354
15978	288	19020
17859	325	17796
20275	240	12685
18548	288	29259
14085	220	10944
17549	268	20248
14073	325	12958
28899	268	28149
29016	325	13236
11268	325	29739
28076	295	12294
19366	254	26265
18676	325	12500
19496	325	15574
18075	268	11608
15455	268	25813
20979	254	14459
19414	268	11458
13990	242	10873
10780	325	17314
18528	268	18253
15014	254	20248
13916	288	19363
25685	268	14136
27550	325	27915
28261	288	28626
11505	325	13574
11334	254	28438
10627	211	16398
19643	325	20338
16655	325	12244
16443	258	16942
11709	258	17825
25560	220	18572
28350	325	15180
13485	239	17897
14675	325	16874
13600	288	11213
28398	280	10759
26750	290	27924
10783	325	18815
18946	316	20381
29748	288	27876
17744	239	12466
11492	271	28158
17062	288	14782
19420	214	19146
25865	325	16942
16333	325	29259
15974	254	14459
13291	258	13030
28940	325	12500
11203	325	26179
26011	325	19420
14412	325	16942
27997	325	19719
20970	258	17297
17118	325	26501
14928	254	28727
15679	325	19465
11204	278	11085
27760	325	12703
12866	325	28849
12286	261	10668
11287	325	27915
18423	278	10595
20645	254	14136
10666	325	29259
29110	288	28909
27932	258	18085
20692	325	17938
16394	295	13120
11284	223	18242
25824	325	13236
15932	258	29789
14207	258	12965
28156	325	11811
18725	254	12871
14914	254	11901
19847	325	13084
26687	325	20551
18786	254	20358
29198	294	20708
28137	258	13773
13378	325	19885
14129	325	26575
17126	325	28805
20838	211	14110
12524	325	10595
17052	254	26537
12104	325	14286
14236	325	18281
17184	261	11897
16392	268	26188
28638	325	27472
19440	325	12928
16386	268	11901
18406	325	20032
11586	258	19885
20717	288	29420
12055	258	16824
27674	278	29789
18541	261	26585
27933	325	17360
16895	278	26350
29635	278	16824
13462	260	26795
11816	254	28149
13830	325	12428
25699	254	11901
13167	268	18584
16574	325	20871
11154	325	27983
29467	278	14820
19463	325	29135
27395	325	19676
12502	325	14458
15002	220	11121
29120	254	20666
19672	254	25922
27815	325	27915
13142	239	11901
12249	325	14633
19232	325	26589
11751	268	11900
11972	288	13723
19382	238	27022
25738	325	13932
11276	325	15180
26061	325	11778
28685	325	18577
28276	288	29420
26264	325	13470
17511	293	16888
19577	325	13588
12249	325	20590
15169	325	13470
20307	254	26720
17621	220	17875
26972	325	18571
11929	258	16492
19841	325	12958
26373	325	13680
15805	282	29765
28883	258	20871
14531	288	10595
10574	325	14922
19205	258	28045
12770	325	16942
26260	220	12114
14383	212	16651
19287	325	29259
28929	258	13030
17903	325	16824
16112	254	14854
26872	325	26836
16767	258	11085
26683	227	14409
18677	254	16657
11597	254	28727
16860	254	12871
16387	252	18738
11587	258	27473
25890	325	14075
12772	325	17635
18848	288	13389
26829	254	10796
16982	254	11901
13036	278	16728
16268	325	20974
25995	325	18887
18174	257	14210
29023	280	17751
20941	258	16726
17795	231	12835
11097	252	16725
14367	325	18797
13277	288	13574
28054	264	17251
10862	318	13881
25792	325	27747
20155	278	18639
10690	325	28045
16653	257	12845
10903	325	13236
26252	325	27334
11225	325	18331
28116	254	14459
27277	325	12274
28731	288	15744
18701	252	26198
18880	250	19850
25888	325	11811
19975	278	16728
14614	325	11004
14478	288	16614
13245	325	18931
14569	258	14922
11322	254	25637
14921	268	29443
19560	215	13339
19636	325	29546
18843	270	11579
17302	231	17336
20488	325	28551
11516	282	18798
28731	254	20248
18055	288	10595
16026	278	20930
13877	288	12520
14713	268	14136
14925	288	12662
29701	325	12243
26806	325	18104
19747	325	20974
29786	254	13185
26662	325	13385
14059	254	18610
14339	325	10595
13797	254	19850
27550	325	13044
13600	258	27569
29760	257	10811
12491	214	12293
19657	258	13495
27832	325	16726
18740	325	17796
13638	254	25621
15532	278	18988
18556	325	20574
28371	325	28236
15548	325	12820
16053	282	11497
15578	325	27769
15077	254	16171
11411	325	17216
12756	254	29008
28966	278	20115
16405	259	12676
16983	325	12105
14788	223	18550
19108	213	26793
13539	325	26724
26757	307	28149
12700	325	14458
13151	288	27080
12580	325	18840
28940	278	15492
10611	220	11575
20028	325	10932
18603	258	26179
14687	325	26724
29943	254	13185
27279	278	12076
15803	215	25898
29984	252	17697
11532	305	17897
11742	254	14126
15217	325	20551
13348	294	25820
15368	254	13185
27823	254	27044
15086	325	26878
19045	325	28045
20534	278	11179
26229	325	19328
27124	257	13844
28578	219	14043
15016	288	12500
20463	325	25586
15866	258	18226
27570	294	18836
17983	258	19736
27534	325	20522
14515	268	13417
16047	325	13495
19897	305	27350
13745	252	13461
12710	325	16235
12772	278	17635
10937	282	29164
25642	325	13680
26922	325	11778
13275	325	12910
14554	254	20248
18679	254	20666
29863	288	15075
18508	231	11304
29588	254	26188
25936	325	27472
27648	258	29135
14833	326	15443
16816	278	13723
18964	282	13479
29883	325	11085
15160	258	18840
12846	263	26548
15778	294	28052
26749	325	20290
12515	288	19228
28114	278	14465
15763	325	16942
18396	325	28541
17950	252	12233
26472	325	20522
13728	288	20298
15281	254	10579
26207	254	26600
17126	278	11786
11724	254	26188
12510	254	11579
29640	325	12500
28750	254	11390
29408	254	13185
17136	215	28997
20514	235	27044
26691	254	28149
28249	282	15776
14495	288	11786
11285	288	26350
29154	325	11917
25992	254	17897
14154	275	20379
20149	288	12491
12346	325	13495
19379	278	19885
16967	325	28607
29057	258	12243
29327	288	27915
13754	268	11863
11455	325	29937
13751	325	12910
26047	278	19465
12798	325	14633
12797	325	27743
19775	254	19521
17051	281	13481
15412	325	20636
17793	257	16643
28924	254	11169
16275	325	19328
16118	325	18840
28630	258	13932
20719	325	20409
16329	258	28045
11887	317	26600
16889	280	16136
20868	325	18931
26453	234	18339
28992	258	29744
29352	325	15574
12719	288	16388
28607	277	26737
27204	325	20022
13307	325	27614
16167	325	15697
11511	325	15106
12286	316	10668
16473	282	17609
16567	325	20298
13634	252	20910
10978	325	18887
15684	325	19565
19883	325	20686
14241	288	27473
19569	325	12788
11058	325	14782
20988	325	18492
12950	325	27473
16010	316	25706
26032	325	18726
16302	258	20338
19945	325	20609
18210	325	19565
17836	258	13470
15122	325	13309
29398	278	12243
18919	222	17079
25887	325	16824
20771	325	27141
17284	325	13588
27072	325	20109
18419	231	14893
13537	288	14782
18802	252	18447
13760	325	29135
16244	211	14776
20186	325	15492
27700	300	16348
19155	263	20379
17792	325	19328
15612	254	15456
19105	252	19674
29180	325	12788
19370	254	14136
28202	254	11554
17782	300	11532
14983	325	26970
18045	254	16479
20476	252	26135
10615	235	26720
20006	325	13470
12665	258	26012
28819	325	27059
28724	325	11734
16466	325	16388
20067	254	14548
12255	254	13185
11845	252	16822
13179	325	16492
11924	288	27361
17162	258	27876
15675	325	14276
11816	325	17139
19666	288	12928
18649	325	20551
27733	325	20636
28434	325	14465
19698	252	29906
10988	325	20636
27304	325	28044
26029	258	28551
28911	325	20609
29548	325	20636
12004	288	25662
27449	254	13185
29016	288	11084
13252	254	11901
14571	282	14155
29450	278	16404
29088	263	20248
25563	325	27902
29182	325	11085
28731	258	18104
27326	254	16685
14886	325	20219
17342	325	17307
19285	254	17897
15087	255	11681
14181	254	12871
19968	246	12738
27253	254	11554
20197	309	26111
20774	294	15985
27905	258	15727
27764	254	20248
20028	325	14376
28313	325	14633
27716	258	12910
28841	220	11753
19674	220	19105
27515	325	16824
29218	325	16874
27691	325	14611
18690	325	29833
20396	288	18124
13624	254	17897
28819	325	26350
26919	261	29395
26532	325	13084
11508	278	16874
13957	254	13185
14784	254	26188
20648	254	26217
19934	325	11786
13500	325	28579
27962	325	15492
16832	254	16685
25525	325	18362
14594	325	20452
29017	254	11608
25522	263	14658
27056	278	14611
13429	288	11085
10827	294	29876
15079	254	14136
27228	325	27171
29866	325	11734
29109	325	26127
19607	325	16492
19274	278	14458
15690	325	20338
18343	288	27614
26837	300	16348
18831	278	29789
10636	307	20248
15819	325	28909
29291	325	29387
19147	325	20974
29509	281	16077
12761	325	19328
27878	254	11901
18976	325	18085
29830	325	11085
27294	254	14105
19203	254	12871
18395	258	29220
15769	288	19465
28069	325	10986
28239	325	29259
18396	278	13773
19127	227	29707
11424	229	17542
16133	325	13108
16412	325	27743
29313	239	13808
15553	325	12428
26461	258	19328
16534	254	13185
15251	227	16020
11933	318	18042
17696	325	17458
12224	325	12965
20780	288	20551
27680	254	13185
26385	325	27983
29462	278	20115
28569	220	27663
27117	258	11811
27898	254	20909
18066	223	15471
19868	325	12928
29103	288	19676
28621	254	17511
28944	325	18988
19049	254	11551
13532	243	12070
26021	325	14376
10975	325	29998
28988	258	12820
14744	258	19228
10968	299	26493
29604	325	20782
14826	325	18988
25875	325	15492
26561	325	18606
17639	278	26589
27699	268	19850
14755	288	27983
12755	254	12783
12720	325	19565
28236	214	26207
13241	278	19328
26374	258	12522
16641	268	11554
12467	325	20636
18010	278	12958
12129	325	10932
20088	280	19556
12116	271	19519
28831	220	19240
11441	325	17651
29483	325	13470
18738	220	16387
16151	325	14458
25503	325	14917
11442	325	26724
12514	254	12871
12906	325	14494
12774	254	29125
29976	220	20851
20307	254	11902
16817	263	10571
29718	325	18797
20933	258	26179
18615	325	13708
20913	288	14611
20080	325	20452
16794	278	19561
20395	325	28045
18594	254	20666
16839	325	27473
15331	325	11087
17018	220	29659
28944	325	25928
16052	325	13680
14353	325	15028
18080	288	13833
17513	268	16685
16167	254	13185
11745	252	27123
27874	254	20248
13934	288	16728
20132	220	18675
14110	211	20658
28523	288	18639
28845	254	20248
11838	325	20347
26678	268	14126
13815	288	27390
20250	223	25504
15334	220	19794
15917	288	12500
14415	288	28551
16481	325	13495
28838	234	14111
29315	325	18124
29794	325	13833
27764	325	18840
29387	214	13792
18231	268	26188
18121	325	17992
18444	325	18054
14561	261	10672
15482	325	14376
28365	258	18104
18538	271	13269
14910	325	10595
28500	263	17897
20803	325	16148
17211	268	20248
26001	325	14611
14864	325	26084
25643	258	12105
17009	325	11811
18870	269	12181
17421	288	19335
28282	325	13680
17870	325	18281
11295	325	28222
13577	325	11213
29527	258	18104
12462	258	27902
18256	325	28909
29162	288	14075
27277	254	20666
29568	278	16824
14847	325	14941
15433	325	11778
14394	254	26188
14271	254	28149
12488	325	15697
18145	254	26617
14604	254	13997
28651	325	13121
13533	325	17494
14773	325	10595
13225	325	19561
18449	261	10508
14249	254	11901
26017	278	19565
17661	325	27848
26930	281	12043
15549	258	13389
28672	288	18036
11018	316	11377
12952	325	12500
13032	258	15180
12469	325	10986
16006	325	12820
20265	258	14075
13136	325	27080
16753	325	26386
17636	258	26179
29446	325	29833
16171	300	26100
28284	223	18882
10840	325	11778
15409	288	28338
13692	220	11067
16042	278	13470
10830	226	16902
19323	258	28399
16702	280	16072
29713	254	25621
17389	325	29998
19481	220	16904
15115	258	12164
17943	325	28224
28409	288	18797
10536	325	20219
12622	264	17273
27243	325	10563
25762	325	14376
12296	325	28805
29190	220	17649
20582	325	18104
17154	254	16171
26976	325	20115
18835	254	11996
17023	325	16824
14981	231	12102
16913	254	29881
27199	288	27902
26848	254	17897
28242	220	12974
14542	254	11551
17594	254	16811
20319	254	20248
17973	278	27080
28073	223	16685
15489	325	14839
15854	325	11085
12033	325	12184
18159	325	18887
13701	316	27766
16571	325	20452
18771	254	14126
19959	278	12428
18676	325	12428
29423	325	27915
15432	325	11085
27929	214	15945
19714	223	13691
11581	325	15028
16890	254	12871
29749	254	15456
27166	252	11067
13612	297	27298
20839	273	29319
17131	325	18036
19349	325	10595
27550	325	12520
17111	254	14435
12281	325	14922
20648	325	15234
15378	258	15234
16015	325	25860
18764	254	16477
29549	254	16685
19177	325	29743
29397	252	12930
13636	325	28089
27964	305	26265
14678	325	16726
26442	325	19719
27981	325	13376
15881	325	17634
15304	220	20249
14234	325	29387
14005	325	17458
16189	325	20022
20886	231	15960
27586	278	14465
15285	325	25602
16998	325	18226
27611	252	18613
27975	325	27848
17614	325	19420
12920	288	16454
25922	300	17461
16163	258	26970
16482	325	14633
28911	252	11971
13368	325	14705
29483	325	13236
29327	288	18744
12173	252	19986
12267	254	20248
15597	278	12076
13540	281	16077
28779	325	27876
29312	268	11554
18941	254	20139
19071	269	12216
27497	268	11554
18008	325	28719
17766	325	12500
27422	223	28028
14856	282	29856
12738	254	26837
12547	279	27924
17020	325	27747
14767	325	18797
16389	325	13276
11498	263	20379
28420	254	16171
14258	268	14136
11721	254	28149
15001	257	28907
11204	288	11085
16010	239	18550
26625	223	20434
20769	278	20522
12065	254	12871
17416	325	14276
15135	294	12082
20916	325	10595
15566	254	11901
16174	254	14459
12694	254	17897
17755	325	15492
28349	325	16728
13859	258	15492
17049	223	17897
13559	325	17314
28550	254	29125
20087	288	12715
19505	288	20219
14224	258	12500
14130	288	15396
16529	325	20219
18943	325	11085
17982	268	18418
19260	325	11084
26596	258	17314
12389	317	13417
19214	325	29546
10779	325	29751
11814	268	26625
17102	258	19885
27901	231	11007
27439	315	16842
15843	261	29384
27304	254	26600
28297	254	20646
29784	325	12928
20509	268	11901
19204	258	20551
20856	288	14625
11716	325	26740
25685	254	14136
10769	325	16269
13261	325	25574
14878	325	27983
28436	278	20636
16699	278	13470
28770	325	15106
16229	325	17635
12778	258	28089
12725	305	18550
27656	215	12060
29304	254	15459
11364	254	13185
29085	220	14901
10553	325	18988
26302	248	11901
20683	261	14264
28676	325	19565
20155	325	26575
14317	222	26100
29899	263	12871
29162	278	20032
20680	288	18352
27291	282	15186
14706	282	15665
18882	227	28284
28290	325	12520
17996	325	20022
11514	325	16270
19654	263	28727
26779	252	18230
20267	254	20666
18376	254	20248
11731	254	12139
27554	231	13621
12773	288	26350
27704	325	14625
16723	325	28976
17191	278	28759
13370	325	12500
19452	254	20666
11226	254	26103
13593	325	28072
11775	325	13376
26357	254	20666
25802	214	10919
10855	268	20248
25841	254	14459
16050	288	27059
27166	252	20671
26287	325	28480
17232	294	14359
19687	325	25580
27017	220	14908
17138	325	25733
17139	214	20232
18106	254	11901
11552	282	13519
12442	271	12020
13818	254	20248
25527	271	15157
14130	254	26188
14669	258	19885
26166	282	28406
28470	254	26625
17888	288	26589
19110	222	20222
20859	258	16492
13889	288	20636
20646	223	26905
25737	278	18931
29468	278	16726
17058	325	12715
16433	325	27805
27524	282	28054
26781	325	18036
17561	254	20248
16829	254	11608
27023	258	27473
29274	300	17643
13740	325	13723
14052	325	27769
16930	325	18639
20081	325	12428
29434	254	12404
16318	325	14286
27697	254	12853
18558	254	28727
15523	325	11266
12084	219	11638
17014	325	18840
12454	325	12505
27168	325	20522
19475	254	14205
13676	325	27848
15855	216	18715
15220	278	18797
12403	268	11608
27787	325	20522
10633	325	20298
25545	325	29902
19732	278	18281
29128	224	28543
12323	278	18797
26058	325	17460
15106	263	17897
18386	254	26265
12862	325	11811
14365	258	14075
11464	254	17897
12045	231	15743
13521	252	15197
14534	217	28959
16006	325	18036
12487	325	27983
16760	307	17907
20565	254	13417
12716	325	26393
12717	254	20248
13856	280	19712
26929	325	13278
17591	220	29624
14110	251	16539
26241	252	14950
27514	258	13030
18284	325	16824
27788	325	29751
18333	258	15417
20012	257	28054
27654	254	14459
26088	325	16388
19910	288	20991
13743	254	14459
19274	325	29320
12070	243	12172
16721	268	11996
17121	325	14782
19810	215	18913
27724	288	27902
13153	254	20248
12461	325	13910
14966	325	27876
13443	254	25621
13431	261	29228
27670	294	10965
16794	325	18182
14865	300	20222
15933	325	27377
25840	257	12709
12323	268	20248
10688	325	12500
15119	268	14136
28385	325	13236
19635	214	25682
14100	325	28089
15938	316	18982
28830	258	18036
17680	254	14459
27824	325	10932
10798	325	11084
20743	252	14039
29056	325	11778
26127	214	29109
18864	325	17554
12151	325	16078
11539	325	15075
15603	325	17651
29685	325	18726
20313	278	12244
29953	288	26043
29643	254	11901
20074	268	26265
12954	326	26280
15925	325	11002
14393	258	28791
28478	254	28843
16420	288	29546
14454	217	29359
12080	254	10539
27728	254	27065
27315	288	26836
14677	254	11901
27686	318	10992
27809	325	29135
11354	259	17673
28354	325	20636
18214	325	15568
27478	325	15492
28612	261	11897
12193	254	19451
28332	325	16345
29842	254	13185
29215	258	25733
19812	325	18104
27503	258	25806
19177	325	27569
18982	230	15938
20713	220	19240
16079	281	29983
17353	239	17643
14316	239	20248
27524	281	13596
15704	288	12958
13537	258	20428
25606	278	26350
16473	280	18661
16156	254	18007
18914	271	29850
29378	231	10712
15232	325	20289
11061	252	17027
18460	278	18578
28954	271	27536
19403	254	20666
29302	257	18467
27074	325	16388
10620	325	29546
25829	325	14793
11868	325	14458
15356	254	11901
20984	325	20636
13273	325	20171
20202	278	13872
29791	231	13267
12999	254	16657
17936	325	16270
20201	325	18104
15484	325	17314
13213	325	17825
16476	254	25838
15735	254	17511
20296	325	14191
29311	288	11811
12996	258	11811
15169	254	20248
27258	325	20290
29909	263	28149
10722	325	12076
12497	264	12020
20832	271	11475
26593	325	19246
26592	325	17625
29649	325	15492
14090	254	29125
19585	325	13470
19965	257	14008
16486	325	12428
28353	325	26836
26748	254	15456
28408	278	27902
28751	219	20139
17023	288	27569
26721	288	13698
20010	258	14771
26317	258	11085
18604	220	29906
26252	258	15180
20395	325	17021
15286	325	12118
25630	325	26179
16782	280	26404
16445	254	12871
12600	325	13773
28238	325	28053
20264	325	28805
20438	325	20032
13878	325	15180
25920	254	27044
16952	288	29220
12096	325	14286
17828	254	17640
12419	325	12243
26957	325	19561
18598	239	11901
19391	325	12957
20589	294	14518
26957	278	14458
28138	239	27517
28041	254	14459
20277	278	27769
29346	325	12244
15641	325	15028
13145	258	13108
19639	211	15424
25593	325	19135
16430	325	17651
25510	325	27598
25677	325	14633
26613	254	20248
28704	252	15316
11329	258	28527
10821	325	15180
26633	278	29579
26676	290	27924
10801	254	29137
19870	325	29789
26265	300	16348
12744	320	10796
17171	227	10579
27807	254	14435
19768	254	20755
20745	258	16061
20570	325	16614
25824	325	18625
27609	254	28583
13168	300	19897
15841	254	17640
12378	325	25602
15256	254	11608
16381	222	12357
10643	281	11272
20894	258	15574
15116	288	19328
26279	325	12218
26086	325	26043
12025	278	27080
14451	280	13256
16470	258	15359
13660	325	28045
16823	325	20347
14808	252	14289
18931	214	25785
12157	325	12500
25788	268	14136
11396	258	18577
27440	325	29673
20281	325	18362
13343	263	14658
25587	288	26724
18695	254	16065
17046	258	11031
13725	254	28149
12777	325	25602
15409	325	13108
19800	231	19533
20113	254	14136
29396	288	13773
27866	254	12871
28735	280	26340
17190	317	11398
18916	279	27924
17055	325	11085
12233	220	17950
10826	254	29125
27436	252	15497
19397	294	29138
20300	325	29899
11015	254	19979
12498	258	15650
10996	325	28072
20149	258	18744
20601	254	11996
12873	254	16685
20793	254	17897
26647	325	19565
26588	325	16824
16769	325	20022
13859	325	16471
14511	278	26970
15077	325	13236
13291	288	14611
20589	215	28997
10896	325	13276
26930	231	11795
20558	325	19885
17458	263	17897
25941	325	26386
20220	325	25942
12787	288	25802
13759	282	27359
15404	325	13843
15923	307	20248
18864	325	12910
11279	278	16726
18550	300	12725
17371	325	28053
14360	254	19979
14358	325	15744
13940	268	17897
12100	252	19661
15659	288	27059
14313	325	14458
11360	325	17360
12350	317	11863
27931	268	14136
28353	325	20871
15244	325	29319
11647	281	14602
17819	325	20298
18945	325	15883
12896	325	19465
12708	295	11264
12952	254	11901
12485	325	25733
28960	325	26724
14275	258	16148
14407	325	26386
11348	325	18639
11365	278	29998
27706	239	11901
25894	254	15134
27321	254	20666
29159	254	20379
19134	278	20298
13242	325	27805
14902	268	14136
28107	325	12076
14314	325	13276
27658	325	29546
17857	258	29220
18282	325	20665
10554	325	18070
16843	254	29813
19140	288	27211
18378	325	26856
19381	268	26643
13326	288	29546
15949	268	14658
19088	252	14446
16626	282	15569
17222	325	14072
26622	278	13470
11947	254	11461
28188	258	12491
27954	325	12076
26574	325	14072
28323	212	12979
27633	325	29833
16186	322	17921
18709	252	12881
12039	278	18797
19230	325	28976
13397	325	16492
28216	263	16171
13225	254	16171
16913	325	11786
13860	325	19992
29013	254	15094
15022	288	14458
12686	325	11917
26672	254	29125
11068	214	10757
20689	288	19420
11907	258	19563
20262	234	19092
15570	325	19248
18016	261	26274
10620	220	12953
25687	325	26575
25897	325	13072
15000	278	28236
19727	325	16492
13444	325	28791
18154	254	17897
28199	254	29125
14349	325	28341
29991	325	20808
27515	325	15396
16441	288	29320
14188	228	11481
28800	282	14681
10679	325	16450
12585	252	20718
19150	325	27472
13377	325	28089
14060	325	20609
16985	268	13478
13659	257	16527
17659	254	20248
18956	325	11941
14843	325	14458
12005	278	16726
27991	268	11604
29747	325	18104
17847	325	29420
27332	268	25621
16598	325	13108
20734	325	26970
13326	325	25619
28302	325	20032
13344	260	29930
13911	281	27841
28694	325	19248
25730	325	12910
28610	254	13415
28978	238	20644
29139	288	20169
28954	271	13511
26087	325	18104
14159	218	18362
18912	325	26393
19219	252	20513
16430	325	26740
11791	258	25802
15004	254	27044
11232	325	26179
19980	325	26386
20506	258	26043
13788	325	16760
13437	220	28484
16741	278	19328
29662	325	16492
29187	325	13843
14168	325	12244
14598	278	19885
10503	281	12020
10971	325	10595
28123	258	15417
19824	325	19420
26677	254	13185
29819	216	13207
28964	268	17897
26032	325	13872
29319	263	12150
12101	325	20032
15804	254	14666
17042	282	28112
20378	325	19465
17241	217	16756
17421	325	28053
28522	278	12076
15160	258	26589
29990	254	16171
27836	325	16388
29031	325	18036
16741	325	20022
11409	325	19020
10735	258	26878
15054	217	28959
12999	325	13121
15909	325	16432
12770	278	19228
29048	325	29259
16764	254	28149
25744	231	28941
14001	278	16728
11134	325	17314
19877	325	19465
28783	325	12910
15068	322	17006
27679	254	11554
13900	325	19328
17042	231	27201
15634	325	10879
18973	325	10595
14051	325	16235
19983	258	25955
11009	325	29135
16277	325	13872
20740	325	15075
29192	263	26297
19445	325	28236
11414	254	11554
19900	258	18931
12230	325	18104
13742	325	26081
26944	282	16850
15959	325	29998
11491	325	29427
26364	299	17400
20257	325	28044
17841	325	16824
13991	325	28092
25769	325	14191
28513	325	20169
16647	231	29497
16491	240	28897
16050	258	20636
19703	278	12822
14252	325	13278
18840	214	16021
15174	227	18600
19968	246	25933
11663	278	14922
15707	254	28149
20104	258	16962
14904	223	19716
15831	254	14136
13747	325	18606
17908	325	13872
26121	325	13848
28261	258	20032
14076	325	18606
16701	325	10595
12827	254	28149
26377	288	16345
20127	254	17511
20960	325	26386
26039	325	26393
25873	325	15724
25975	325	13773
11710	254	14126
14144	254	28843
12171	325	16492
19273	325	12076
15324	220	12766
12493	325	20338
20423	288	12910
10930	220	15910
16580	254	17643
19544	325	17825
11287	325	13276
12929	258	12244
14176	288	13030
18958	220	19986
12909	325	20871
27545	254	16065
29508	288	14458
19808	281	12738
17771	278	16728
27892	254	16811
27259	325	16726
19973	254	12181
19035	254	11554
13109	257	17993
13327	288	20032
16486	278	20338
13535	325	19565
14251	325	11085
12611	288	15396
19879	325	20551
20494	223	15254
14363	325	29259
17487	268	20248
19680	258	20032
16942	214	19204
12951	305	19880
26321	254	28149
15086	254	13417
28536	325	26501
16233	325	13773
29327	258	19719
18409	258	19234
17236	325	12164
11025	258	14372
27951	254	11554
14514	254	20248
20591	254	14459
19891	278	14611
29638	325	15234
29671	254	11901
14610	220	18839
29041	258	20171
29452	254	14854
17754	325	19328
11418	325	14846
27927	254	28149
18225	278	26179
28962	325	16393
28823	325	25714
19781	325	28976
14993	220	17160
10999	280	11777
16792	325	12243
28956	258	27902
29741	325	18931
28293	254	15459
28432	252	17654
26522	288	13072
29329	294	16476
17710	325	13376
25981	254	27044
14886	325	16345
15874	325	13072
28636	231	17941
27362	325	12662
16060	325	19635
12012	278	19676
28013	325	16964
20194	325	13108
18880	300	17786
14752	325	26386
13374	325	13872
12649	307	10945
18464	325	15417
25827	254	11900
26367	220	17880
11416	325	28217
19938	325	18988
15761	325	16874
14284	325	10879
17536	278	18988
17456	215	17993
25616	220	26483
28976	307	16126
16819	282	15569
17110	325	15712
28310	325	25619
19472	325	16270
16250	325	25602
20427	254	11901
26691	325	16874
25708	325	27769
17388	325	14075
25505	325	16492
15087	213	11681
29039	325	26043
19896	282	20295
17574	254	17640
26645	325	16942
26522	325	15075
19786	254	14400
16608	325	14839
14938	258	15180
27408	325	20298
29794	325	27948
11407	252	11923
20783	258	12428
11405	297	27335
14441	280	20948
12435	258	17796
13908	307	19654
16574	325	28236
20006	325	16388
14433	231	10759
20539	258	12715
26653	220	18447
14361	231	18385
27869	325	13072
18141	325	13773
19790	325	13574
28731	288	18104
18450	271	29682
19090	325	14458
16533	325	15727
11705	325	12820
14449	254	11461
16456	325	20032
14632	282	18779
18431	325	11004
19538	315	27086
26168	325	17651
12005	325	27743
19880	300	20222
16206	325	17899
15681	267	26690
14582	254	29125
26153	280	28920
15484	325	13470
14277	252	26950
27886	325	20636
13462	260	12637
27826	288	12662
13729	288	20636
19776	288	19561
29011	325	17796
15177	258	12788
28318	288	18797
29006	325	29789
20518	217	13412
17786	300	27517
26831	325	27059
26014	254	11996
19713	231	15674
29508	325	15492
28104	252	20621
18483	254	29393
18801	325	15307
28188	288	12715
29700	325	13030
16791	325	12500
19102	325	14286
13809	325	17635
20804	325	12820
16658	325	12928
12995	258	12699
13312	301	26639
11383	325	25807
10581	325	28045
20712	325	29578
19698	220	18709
26288	325	18085
26398	254	20666
14642	220	15125
27593	254	14459
16287	325	19736
12476	325	10563
14614	325	19563
13623	217	10786
16898	231	28717
27648	258	20974
13060	325	12428
20014	325	20115
25579	325	12164
18755	268	11996
12870	325	14191
25951	215	11744
11964	305	13980
11071	325	16235
14035	252	27683
29079	325	28045
28610	325	12118
19958	294	15585
26479	325	11778
17235	254	19850
25590	288	18797
17820	258	17314
13970	257	17993
20104	288	27902
18754	325	10506
17241	217	13745
26169	239	29125
11971	220	28911
15255	278	11085
12872	254	11554
28633	325	15883
26620	258	13816
20232	258	20640
15948	278	14465
13132	325	27983
19477	325	14458
20573	220	11484
26164	268	17897
27572	278	16235
29066	325	14611
28735	231	11205
28481	320	20139
20963	325	17796
14240	316	28020
29815	258	12218
28689	325	16345
18963	219	14043
18852	252	12023
19959	325	18104
15270	306	27121
10694	278	13030
19948	325	20574
12827	325	26767
18996	268	11996
19100	325	13932
17028	254	10796
28306	252	16208
13303	325	12428
18762	325	14611
25572	325	20974
26924	254	13185
27034	307	14459
13026	254	20695
17278	214	16421
16723	254	14126
26130	325	29268
10532	258	16345
12485	258	14075
15681	215	12060
17409	325	13680
20354	325	10595
29726	282	15186
15645	325	19561
17189	252	18115
16881	277	15968
16950	325	18988
15697	214	20389
20353	281	17251
27793	325	18797
28958	325	19328
16781	325	26393
18876	282	29620
27114	325	29259
25756	268	16856
11024	280	16053
16444	278	14458
10814	278	25602
11308	307	11175
29845	325	20871
15115	258	14372
28454	288	12076
20329	325	13838
26988	325	26043
27346	263	12871
25815	325	28092
18840	263	20248
17716	325	15724
26767	307	20129
13595	258	19565
20556	325	20871
13810	278	19676
11563	275	28578
28064	245	13483
28569	252	12166
13419	220	13210
25660	258	25856
19549	325	18226
28497	325	16728
17090	317	17643
10894	316	19156
16987	325	12491
28019	325	26928
19505	288	26589
17211	258	13470
25576	258	19992
25750	325	20930
16872	271	12020
28358	325	28579
18097	325	19971
26310	254	12404
19094	268	17897
26648	288	14771
28941	257	28112
26629	278	29998
13740	254	28843
17605	325	20032
25679	254	13417
13656	325	13108
20624	254	20666
15869	325	25662
27902	263	27015
13366	280	28131
15739	325	18797
27611	278	27569
13022	325	12205
13125	211	27022
20471	254	19850
25988	248	14126
28217	214	18581
26373	288	14573
19042	217	14830
14896	325	12076
19948	325	16789
26852	258	12076
26597	305	20687
12208	258	11778
16389	278	14917
19443	325	27614
16122	278	19420
13025	325	13030
13427	254	17897
28356	274	17804
27758	254	11901
11489	280	17571
19034	220	26291
26586	325	19957
20627	258	19328
15909	325	26724
16844	280	16335
16032	254	28843
26284	325	13470
27470	325	16388
15371	325	15646
17270	254	17643
29874	325	20169
10761	219	29817
27374	258	12649
14870	268	17814
12154	325	27983
26998	325	28805
17234	325	26322
15795	325	12500
15190	274	17711
29031	325	20347
14804	230	16172
16602	282	27300
27245	278	11286
12723	325	28089
20384	263	20248
12513	282	10865
15064	268	12871
16691	288	26179
12528	325	25586
14614	325	11772
14076	325	20991
12457	325	13773
20643	271	29856
27146	325	18530
29992	325	27614
18712	227	20229
15982	254	20248
11493	252	14385
28232	258	28976
26238	258	20286
13986	254	20248
18293	254	14126
13539	325	27472
20045	254	10607
28439	325	10686
12523	325	25629
16079	257	12497
11780	278	11778
29206	252	12100
29165	243	20666
13201	219	17643
12723	325	10943
29209	258	18530
11706	258	12643
16860	325	28805
28864	325	10595
19704	293	28356
17473	278	13470
18222	288	29998
28677	268	16811
19957	263	20379
26329	325	17552
13263	294	18051
13458	278	20169
29784	254	12871
26239	271	14457
29311	258	28072
13583	258	11617
11115	325	13030
14547	258	17300
17905	325	12957
15332	268	26448
20162	278	29789
13603	325	19328
29959	325	15697
27547	276	25549
11588	325	13680
15951	325	29751
12254	325	28272
15226	325	12965
29861	325	27902
18458	289	13496
19106	305	11901
26152	282	16737
26131	231	12349
13629	325	13470
19597	325	14855
15206	288	20115
26399	325	26740
29327	325	15396
12710	288	16235
15844	325	28976
19486	325	14465
14381	325	19565
29212	258	11192
27894	254	20749
18274	254	12871
13514	257	17107
29004	278	11941
14527	220	13361
27354	325	14611
14776	251	13238
19495	254	10796
28819	325	10595
12036	220	16457
27366	325	18226
26257	254	20379
16262	215	20167
27744	325	29268
19909	325	20032
19336	325	16432
29466	325	16824
28555	325	18362
18866	325	27983
29153	227	28047
10972	268	11554
18950	254	12871
11062	325	12500
13012	254	14459
15197	220	16677
13459	252	15316
13150	325	12500
10698	325	26043
15253	325	29069
25594	254	15134
20229	223	18712
16883	325	16726
10644	325	18104
11076	325	27473
14774	325	19869
29306	325	15075
12994	325	29743
28191	325	12820
11254	258	20338
28947	288	17938
28208	325	20590
26281	278	14922
29924	271	15445
28720	325	20752
15763	254	20248
27756	254	17897
20206	325	18104
11112	325	12662
25532	254	26625
13240	288	20338
15392	278	19719
27024	288	15568
25525	325	29751
13019	325	28072
28960	325	16388
14286	263	20248
29505	325	20032
12424	325	13280
27209	254	16171
13320	325	20930
18912	325	25618
26349	325	18070
25644	325	20930
27830	325	16388
28058	325	28089
11201	252	18604
17619	282	12832
29132	278	14611
20497	254	15134
12278	254	26720
19157	305	11517
12557	254	10571
10850	325	29751
15272	278	18797
26917	281	12020
29010	254	14954
19871	271	11475
27018	325	25733
28693	325	12788
15152	325	26724
20446	305	13980
26854	258	18988
28588	325	18104
19989	278	11085
25515	325	12428
26847	288	15724
11677	325	28045
18918	278	16614
14478	258	16614
20500	281	15132
12272	325	14465
13163	275	12823
28646	254	11554
25878	325	20572
17442	317	28291
27936	325	11734
15819	325	12243
11321	254	14658
26573	306	18305
28585	325	20022
26715	258	18744
10678	254	16685
28084	325	26043
12145	254	20248
19846	288	19228
25510	325	20184
19212	254	28149
16325	254	19966
26420	219	29763
16219	325	27473
27210	325	27743
29051	325	20219
20813	258	11004
10758	294	13311
29110	258	29135
29327	325	15075
15325	258	25529
25957	325	18887
29689	258	12820
11248	288	16235
17193	254	17897
28413	239	11901
18638	231	13082
29085	252	26104
13004	220	27914
16658	258	13121
26195	325	18840
27290	258	13376
18787	307	20248
27953	254	20248
11900	250	18253
16924	258	19561
29764	325	17314
19031	325	13908
17974	258	12820
27366	325	26740
12824	325	29268
19030	254	26720
29365	254	11901
15269	281	17993
10501	258	18744
16887	325	17966
14063	254	28149
11211	325	20289
13800	254	20248
29910	325	20551
12819	268	28722
16421	288	17360
27639	278	19420
25698	288	29789
28103	325	19020
26391	278	13470
18184	278	16726
11944	325	15565
12793	325	18639
11207	254	20248
26843	325	26144
20214	288	18639
13433	325	18217
14443	288	20032
29392	325	14771
27828	325	20522
17422	261	25550
10871	325	15565
19362	325	16388
12523	325	20782
10962	325	12846
17861	325	28500
19366	325	27234
20108	289	19504
15063	325	12491
29953	288	12500
28544	325	20808
12767	325	27266
15764	288	16345
16344	281	12020
18804	271	28025
11067	252	13692
18837	325	26350
27607	325	27743
28675	325	18104
17230	223	29888
29208	325	29998
29194	325	26144
19254	288	28620
13429	268	29125
27633	325	15028
16633	278	12274
28853	231	13664
10679	325	14917
18363	257	28345
26612	325	14458
15912	252	18389
14028	325	26724
28040	325	29546
17600	325	13680
20813	258	11084
14433	271	10828
26889	325	13276
20740	325	12846
20350	325	13121
28802	220	16677
26331	325	25602
25748	288	20032
18601	223	29377
29218	325	20782
27938	220	26932
27432	325	14270
18514	220	16162
28128	254	12783
27584	252	14664
20910	252	17053
20160	325	17021
17861	288	28596
10996	325	13278
25746	254	20248
19171	254	17814
15671	305	27517
28631	288	13121
13002	325	17651
26275	325	18887
11240	263	11461
27194	325	26282
15873	258	15359
28830	288	12820
11916	288	13574
17436	325	19635
12434	278	16824
13164	268	11608
14863	268	29904
15550	268	13417
13759	280	12968
29751	263	20248
28032	325	13698
12929	288	16235
29179	325	16345
16202	258	28045
25941	278	14625
20660	325	15180
27932	258	13680
12194	254	10796
15851	325	26757
18028	325	27472
28763	325	27080
26385	288	13574
20769	325	16492
12701	258	12411
16688	325	20022
29674	280	26731
17210	325	19328
25990	288	28045
29162	325	25602
27787	325	16471
14510	325	20022
15326	325	13680
19500	231	18472
27913	254	11554
19638	325	12910
18349	288	26350
27374	254	18880
15885	325	14611
18980	254	28727
25521	325	15075
12966	281	26151
15239	252	26774
12233	220	17217
10764	254	11608
25870	325	11772
18846	288	18810
20021	288	15724
26429	288	27569
20094	325	15724
28458	254	26297
15269	282	17993
16466	325	17314
26660	254	20248
15473	278	16235
13707	254	12871
28906	254	11901
20809	254	17897
19043	325	12520
28741	325	15883
15796	254	11554
29717	325	29047
12092	325	12076
12517	288	27175
27897	325	29926
29258	254	14126
20485	325	18931
12396	325	15565
26143	325	20636
19095	278	18988
11229	325	17825
20696	258	20991
11706	325	12643
12410	325	11084
28587	282	20172
15960	280	20886
20317	325	18085
16108	325	27983
13113	268	14136
26628	281	13392
16558	325	19565
29070	294	20652
28876	260	27207
18092	325	12846
15202	278	27473
28996	325	27876
27411	252	17252
19124	239	12466
27177	263	25621
12707	325	16471
20470	278	12243
11706	288	14286
16786	325	20636
28263	325	12428
26938	325	17800
28528	227	17811
27190	254	17415
13147	325	11144
28721	239	18795
18429	281	20800
17266	254	11517
18211	318	15374
13319	214	28358
17754	325	19465
20302	325	26724
11833	325	19565
17377	325	14633
26077	254	16171
12745	254	14136
27767	325	20032
12892	288	28976
28771	258	20338
28387	325	13495
12408	325	13872
14620	325	27614
20643	257	13352
20843	258	11144
25797	325	12076
19050	325	29941
27366	288	11002
12381	305	26222
19939	325	17139
15731	220	28802
16566	325	13574
16466	258	15883
27623	229	27580
27821	268	11608
27279	325	20115
19330	325	26724
12488	258	19635
16283	325	13121
27469	257	26208
11953	254	11902
20372	288	19465
15713	325	16824
28247	325	12164
20114	254	20248
18907	252	12347
20421	325	20115
29374	325	12958
28788	254	12871
15575	254	20248
13184	325	14995
15378	258	13781
10514	325	11085
28408	325	29899
26863	258	17314
16359	325	25662
15465	325	10686
13003	254	16171
11611	215	11661
13747	325	17938
16003	325	12500
17007	294	15531
12990	325	12500
16230	317	17897
14018	252	12947
29403	254	10732
17427	254	12871
12701	258	16726
20487	258	28236
16409	254	11579
15177	325	14689
20702	325	26386
19928	325	26127
27050	325	12820
20565	278	10986
18114	254	17897
11985	325	18577
18679	325	17245
26271	258	18182
18034	263	18584
20991	263	14459
14740	325	26322
27826	288	20286
14437	258	19561
12494	278	26228
19735	294	11764
14123	254	26188
19939	258	18085
17874	258	25662
27428	258	27902
26934	325	29751
29167	288	20609
13899	254	26033
12861	258	29069
26963	325	26073
27176	275	19283
11079	288	25802
18728	268	14136
13255	325	20452
16037	325	17966
19427	217	11151
12406	300	18506
14313	288	18217
18414	252	15480
17788	325	11266
13940	288	26575
14446	254	11901
19169	288	28272
20532	288	19719
10814	254	11901
12323	288	18797
11247	305	18739
14887	325	16235
29731	325	28184
12129	325	10730
13175	325	25529
26623	325	12928
29901	325	12244
14912	252	26260
18899	263	14459
27845	288	26350
14054	316	29025
16194	278	12076
16894	220	14949
18310	325	29751
29483	258	29617
20501	261	27439
11049	288	12699
12419	325	11786
12007	288	17825
13876	325	26043
26090	325	26127
11246	325	18744
20560	254	11554
15463	325	14625
19492	288	28480
14236	254	28149
11706	258	14286
16746	325	28045
18791	325	16492
26441	254	13239
19279	325	29319
19095	254	11461
28190	220	14975
19402	325	20609
18328	325	27902
29960	317	13185
12962	254	27016
18871	264	15186
12084	297	26649
17769	316	11278
12074	242	14889
12362	258	28805
14806	268	20666
10506	263	28149
20667	227	11269
18459	325	16148
14386	260	12637
17862	254	20666
28125	279	12897
10608	231	29557
16870	254	19179
15558	325	28045
13051	325	14372
16417	325	17458
18842	278	12076
29932	258	14494
29341	239	17638
26323	325	12910
13099	254	28149
25791	325	14276
26637	278	19992
12419	325	25802
15069	308	13893
13123	297	13545
25701	325	14611
27484	254	26548
18218	288	20609
14544	268	29296
19008	322	29645
28877	268	11554
26908	278	14458
19220	325	18707
11578	258	19246
26040	288	18810
15358	235	17907
27651	325	27983
25550	315	29368
12132	294	20860
28778	325	26179
15603	258	13276
27688	288	11085
16867	239	13808
28574	325	20298
27959	325	28045
27213	223	13074
11668	325	18036
12446	325	14372
29761	288	28184
10780	288	12699
11942	254	14136
20532	325	12520
26826	258	19565
25506	215	26278
17201	220	20872
19118	325	12037
14849	239	18795
17499	325	16824
27372	252	25676
27440	278	16874
13038	231	17793
29350	254	14105
12280	325	26757
29815	325	17899
11692	280	19708
19600	255	15714
13646	325	10595
26479	325	13495
10944	220	19994
18643	325	18281
13982	254	16171
28371	325	19228
26358	325	12965
29414	278	12910
27022	251	13125
17461	305	16906
19575	325	20032
27303	325	17460
17032	317	29881
29483	325	27396
13873	325	14286
14402	325	15028
17816	325	14072
13983	258	18639
14356	219	26297
20554	294	15571
28084	258	28222
26067	325	16454
27168	258	28607
26062	254	14459
13146	325	17360
16300	325	14072
19256	254	20666
27648	288	11786
29399	254	20248
13835	254	20934
20038	325	25733
20898	325	20974
12665	325	20022
15960	281	11475
12736	254	14459
28581	325	28551
27287	278	14458
16387	268	27620
10552	278	20428
28415	325	18085
20136	217	13063
16542	254	12404
10545	305	18949
20091	325	12500
17106	215	26792
28450	219	26297
10896	325	28910
19107	220	11402
19238	217	12301
12229	325	29387
28786	325	28551
19795	258	14034
13652	231	17832
18026	278	14611
28832	254	14459
15999	325	19328
20779	268	14126
28225	278	14201
14067	325	18606
17886	254	12404
20010	258	16492
27350	250	11554
25587	258	12820
29926	307	14135
19566	278	13236
19786	252	27372
27919	252	11323
15357	254	29125
13604	268	19850
26338	220	19862
16538	254	17897
11890	325	20401
28775	254	14126
25928	307	28727
28067	254	20666
14494	214	18806
26903	325	13072
12513	215	15079
26368	254	16065
27132	300	27507
20730	325	20290
11916	288	20298
14778	254	16685
17580	325	19563
29157	325	20298
12984	254	19293
12147	220	17199
20707	306	26980
17575	325	13680
14365	325	25733
28394	254	17897
26667	268	26837
13924	254	17897
13547	325	29833
17045	254	11901
15503	325	12076
16835	257	12497
28207	325	17460
26594	288	10879
29077	220	18474
14660	281	13352
18988	214	18008
29634	254	13239
29903	240	16033
11259	325	20022
12014	254	11901
29929	297	13216
17836	268	27517
15247	325	16726
29179	254	16171
16051	254	17897
20705	254	11900
29336	325	14276
17368	288	27059
11033	325	25619
29872	288	15712
15532	254	11461
26366	288	13773
13240	254	11901
11108	325	28551
16794	278	19135
27147	258	27266
18748	288	18036
15726	325	13470
18953	325	20636
28878	325	27805
13397	325	15028
19680	325	11865
18012	252	15905
20931	278	26043
18440	288	28500
29146	325	19885
26462	288	19420
20711	325	16061
12434	254	28149
26229	325	28072
17366	278	12243
26473	325	17494
29574	254	18651
17326	325	29833
15197	254	13096
29960	235	13185
10758	294	13323
18993	294	14280
17261	325	16388
27403	288	13773
18556	325	20032
12787	325	15712
10608	257	16651
11820	254	16685
18343	325	17021
20644	251	11424
29495	289	13479
16015	325	28341
19052	325	18931
18396	325	19328
11916	325	15492
20174	254	11902
28515	254	11461
15814	325	20609
15925	325	11213
20861	322	19917
17765	325	29546
11623	254	20248
14868	297	11645
13321	254	28727
17290	325	25662
10989	325	18931
19231	231	10608
11141	325	10879
16067	239	28727
17764	288	15180
19280	325	27805
29392	258	27569
29172	325	27473
20460	325	18070
17201	252	11198
27279	254	11901
19983	325	15075
18965	252	29905
25811	258	13773
13635	235	29125
12442	280	18342
29932	258	29319
13003	325	12244
10948	271	28025
12407	325	26724
29007	306	26880
25902	325	20974
25604	288	20022
14324	258	27747
25990	325	28045
11474	254	16171
20850	254	14700
19967	219	19208
10619	254	11638
28912	258	18104
18053	219	20248
28141	254	14658
16052	325	18226
16584	254	19850
27231	282	29140
17587	325	27614
20929	325	20219
13312	317	11901
18440	325	26127
29528	258	14458
15608	268	19967
26944	294	17889
12539	252	28618
11096	278	11756
12960	316	15955
20044	325	15396
15115	288	12243
17797	325	16235
13988	316	20030
27360	227	11662
15111	254	17640
18008	288	26451
12519	288	20290
11767	254	11902
13028	288	11786
10989	325	19561
12770	325	16388
26324	325	20551
28130	263	14126
27810	297	18745
17665	325	14075
14186	325	16824
20361	325	13470
29991	278	20808
13051	278	14633
17968	325	28089
12384	325	18797
18278	263	18901
28221	325	28459
28206	325	18797
16748	325	10682
16426	268	17897
11162	325	20636
20749	219	26265
13651	254	11390
18956	254	27044
25598	325	10595
11935	246	15861
15181	325	20219
17592	254	13185
26989	254	20248
20448	258	13773
11215	288	28596
11983	254	11461
18923	325	11786
18032	258	27902
20765	325	12428
28381	254	16367
17896	231	14798
27905	325	25733
15356	288	20115
15469	325	20452
14389	254	27044
12308	325	15883
13651	325	17245
16570	268	19850
15999	325	29751
20785	254	14954
16309	325	17460
15235	288	18988
19098	325	17825
11664	325	11786
19011	252	12172
11404	252	20674
26066	325	14013
19275	220	18878
11542	325	12243
18434	212	17993
12896	325	14922
12346	325	25662
12213	254	26188
28758	325	11004
10729	325	11179
10822	325	25574
29413	325	19563
11505	325	12500
27905	288	17460
26236	325	28272
26778	288	28072
17136	219	11901
13468	240	25840
25980	288	26179
14850	325	14941
12673	278	20636
27588	254	14459
25605	294	17687
27889	254	17897
20783	288	12820
18344	325	13470
11095	325	18281
15391	325	20115
15290	325	29833
25995	278	13376
13015	254	13185
20787	325	15712
25887	325	15028
18519	325	13376
29901	258	12244
20543	325	25733
26146	281	15113
29487	325	10898
27749	278	18988
12781	268	11638
29231	325	15085
14077	325	18988
20235	325	17021
13322	325	20636
16620	325	17460
29593	325	16061
14510	254	20666
11953	254	26720
26818	258	18182
27221	278	14072
19462	281	15157
12257	257	27536
11440	325	29751
19655	254	20248
11048	254	28149
17658	220	26534
13373	254	13239
18348	288	27983
29109	288	26127
20461	316	16544
29444	325	29743
25858	325	18036
25830	325	17314
13803	258	14782
26408	325	15724
29866	254	15134
12808	258	14839
19254	258	17440
20127	278	11085
28784	325	20930
17285	280	16274
13375	325	27569
26684	254	20248
12435	254	20248
13181	293	26697
27801	316	10738
19634	254	14105
20402	325	13773
14925	258	26928
20746	325	14458
13516	325	27080
15948	278	17245
20414	254	20248
18055	325	12076
19663	258	18281
26981	214	17970
19393	325	12820
15330	258	12076
14667	325	26740
29167	325	18036
14423	252	18933
25578	325	10652
17399	325	28053
15255	254	17511
28830	325	15180
14730	325	19135
12232	325	20290
13186	281	15157
11031	214	17046
25850	263	14459
16664	263	17897
26339	325	26179
11979	317	10761
14515	325	15568
27321	295	11264
26263	325	20636
25982	325	13773
17659	278	26589
14932	254	13185
11928	254	13417
16968	254	17897
29467	258	11085
29556	325	20522
14152	254	13185
15679	325	27848
11060	278	26451
29783	325	15568
15099	252	15444
18422	325	20636
13729	288	20871
25709	325	15712
19447	254	14126
19480	254	18880
11171	325	25802
20226	254	17897
15412	254	17640
12942	263	17897
15389	252	17478
10973	280	19677
28258	325	16148
26419	258	26043
20408	325	20290
10997	325	25733
13313	252	14905
13799	288	11786
20605	290	27924
28367	325	27918
10923	325	20032
15020	325	12910
13380	325	25602
29900	325	26501
10789	254	16171
11531	288	28551
19539	325	17360
27182	325	16726
29303	325	25619
17401	278	18797
12474	278	18281
16248	254	20248
17267	305	18242
19612	254	28149
25563	325	18104
29500	325	12500
29015	325	20247
11765	325	11734
19873	325	26223
29338	325	29941
14555	325	16614
14002	288	20930
15322	325	13872
15619	271	16159
14266	325	25802
16162	268	29881
28282	325	20574
16565	325	13588
25791	325	18797
27697	325	11069
18251	261	18808
16333	325	27900
25599	325	20115
26082	261	19449
16649	278	11734
13740	278	19222
28610	254	15134
14471	254	20666
26686	325	29259
10724	325	20338
13471	325	16345
17711	254	11461
25941	325	14625
25901	258	20665
15774	231	28800
25582	325	27080
19686	325	17245
20928	254	20248
19488	325	29899
16212	227	15427
17020	288	10932
16729	254	26217
25797	254	11901
28801	325	14191
15345	325	14191
19133	325	29259
27496	254	11901
19145	325	12822
26844	258	20219
28719	307	11240
17268	325	13376
20077	325	29789
17523	325	28551
28923	295	13120
12861	288	29069
29790	325	16824
11285	288	15075
18565	254	18880
27756	325	15568
16172	239	17303
11647	281	11475
12340	325	19465
18164	268	11901
28332	325	15078
15989	325	17635
19251	252	17568
28426	325	19885
14856	271	10828
29249	278	18813
15321	325	28072
18512	288	19845
29556	278	20522
27430	325	16824
19158	325	17458
17987	325	25629
13605	325	12928
26865	325	27983
18294	288	29941
26349	325	18577
13593	278	18726
27673	252	27624
18897	254	20666
17568	252	19085
27362	325	29546
26119	254	29125
16868	325	20298
29534	258	14922
17279	235	29125
28172	231	10847
29953	258	17139
13569	325	19248
19693	325	26224
27093	268	12871
27316	268	20594
17739	305	28583
11782	254	11996
15038	258	16235
12580	325	16942
27691	325	11085
10731	325	14372
14986	325	11865
15656	325	26043
27713	258	19563
10923	325	20022
12422	239	17897
25548	325	26724
18342	231	12442
11875	254	15134
17474	325	10563
14807	288	11087
11025	254	12871
18120	254	28149
20077	325	28089
13873	254	28727
11012	254	20666
27538	325	17651
14705	307	18901
28020	261	27288
26847	325	16726
12260	325	11811
28969	258	17992
19473	325	10986
29868	325	26043
25962	325	29387
17162	288	29420
26324	325	13723
11635	254	29125
18321	325	17021
18759	254	16171
12764	325	18988
12563	254	17897
28562	325	20609
20787	325	29899
14224	258	18104
10691	325	18070
18751	288	17314
17872	268	10761
27575	325	20428
16721	258	28905
19910	258	26757
28988	325	13781
28980	325	12500
16810	325	29998
28591	325	12076
28537	220	18689
19443	288	10730
13142	261	11278
29781	325	12076
14169	325	20808
11267	325	20032
29263	258	20452
27645	273	27987
19488	254	17897
20104	288	29899
19275	306	26186
11539	254	11608
26477	234	28838
16184	325	19465
25617	254	14658
29147	325	17216
26648	325	12500
27514	258	26386
29906	220	29806
27032	325	18797
17772	258	28739
14313	254	11901
14987	278	18988
29821	268	11461
26612	325	12244
18423	254	11901
17368	254	16065
12805	325	15078
17512	258	15492
17420	325	13932
20859	258	19363
16094	258	10595
14293	325	14545
10626	254	20248
11957	278	27080
20539	258	13044
11446	258	20022
20326	325	13588
14598	278	14075
14784	325	27246
19379	325	14922
27671	317	26882
10723	282	18093
17439	280	11927
14577	254	16171
20893	254	14963
11862	325	10595
26529	295	12008
16073	325	29899
14296	325	10932
17974	288	16432
12810	254	11461
15115	258	11786
29495	294	13506
29065	325	29998
15049	325	16874
27892	248	13185
13901	325	10652
28613	280	19876
15345	254	10572
17363	325	18797
11123	325	13781
26144	214	29263
13087	268	11551
20669	325	14201
17261	325	13773
14226	254	13185
18125	271	13768
10713	254	27517
15335	325	16824
12571	280	19878
11962	325	28987
14453	220	29221
19961	258	19565
27905	258	17460
19168	254	16171
14794	325	20286
12380	325	13872
17694	325	19565
20908	258	12428
26608	254	13239
20127	325	15697
17172	325	19563
19467	252	25542
14543	254	11901
11200	258	11811
11037	325	12500
13017	258	16235
17672	282	13482
28051	288	25516
16821	258	12076
20674	254	25621
12317	325	20032
11958	278	17554
16693	254	11901
29572	325	14458
12902	325	18797
18534	278	16740
26081	263	11996
14018	220	17244
17641	278	16388
25909	325	11811
13988	261	14264
26247	258	14465
15933	278	28216
29594	325	13723
15138	220	13425
14464	325	18182
17773	258	18104
19713	282	17609
11181	288	14372
14272	254	28066
14524	325	14917
27958	325	29899
20859	288	16492
14384	325	11004
20765	325	11002
25510	278	27598
17755	325	14458
17312	254	18880
11332	325	16874
14344	325	27902
12893	325	17494
19505	258	20219
13634	220	15777
27827	325	28579
12509	254	14126
28314	278	11085
17758	278	16726
16284	254	19979
29468	278	12788
19564	325	15720
12442	281	12020
15409	258	13108
12294	326	12008
15845	278	14689
10868	223	15418
25905	278	12411
28109	325	18036
16803	278	16492
15671	305	15134
28439	325	18281
14579	325	15907
19318	254	16171
12055	268	28149
16859	325	12699
11626	288	27080
19097	325	16432
25772	254	20250
16177	325	17458
13273	325	26043
20626	228	11456
15952	268	11554
13603	258	16432
11971	252	12049
28896	325	28527
13055	325	16728
20271	325	16874
25894	325	14075
15071	254	13185
16534	325	14072
29228	230	13431
26584	325	18577
20232	288	29259
10501	254	16171
11810	325	26783
12399	325	20808
27718	288	11179
28800	257	14681
13375	254	19083
16529	258	14458
18463	282	10625
18247	254	14459
26897	254	18880
16071	235	10732
29171	254	17897
11876	305	19927
19709	278	14465
15369	325	13470
14506	288	17494
13999	278	14191
27578	325	25551
18928	288	20686
16486	325	10595
29011	325	28236
11684	308	18939
18650	288	17139
18797	263	13185
27325	325	14458
11046	254	11608
14920	254	28149
18731	263	20248
28594	325	12076
27490	325	17966
18191	254	17897
26722	210	14243
16994	278	16824
13867	278	13108
20397	258	18104
17161	325	14545
17985	254	11901
25859	220	16045
18480	252	13398
28235	288	20338
14886	325	29220
29336	325	28272
26398	258	17139
17461	305	11517
10651	325	20590
10588	325	12500
15546	325	27902
27749	325	27614
13673	254	20139
20429	254	19521
29758	254	16171
11594	268	11901
15161	325	25629
28962	325	29744
19592	325	28551
10998	325	26724
11949	325	16824
29426	325	11815
26685	325	16824
20574	214	29907
28615	305	19706
19502	278	19565
18824	282	17964
16720	252	20041
28351	258	13848
16096	254	20248
29927	220	25688
29327	325	10986
14722	325	18797
26570	294	17774
14524	288	14917
27829	276	25549
29854	254	14136
28821	231	12629
19182	231	13230
26769	210	19829
14110	211	27022
15840	325	25662
15885	278	18530
26189	325	13470
29604	325	18281
11389	325	29789
26752	325	20590
19453	263	26920
18144	268	14854
29716	278	18726
18869	278	16388
19418	325	29488
26319	325	19222
13429	325	11085
11971	325	13130
12378	278	18104
20836	282	15665
11423	257	12671
14481	325	11786
14631	325	12846
14166	325	19992
27561	325	16388
28669	325	19848
16144	280	13856
15298	258	28551
27236	278	11786
15869	325	29998
17055	325	29387
27932	254	16477
12474	254	28149
28906	288	20338
20073	288	20219
13267	281	12020
11342	325	12076
13077	278	19328
28001	231	16923
26247	268	18242
20415	308	26364
13824	325	14458
18285	263	14033
20960	325	15565
15465	325	13680
28693	325	15883
16538	220	28521
20406	254	11901
19895	325	18182
28581	278	20930
26102	257	10693
11929	288	18104
19301	254	16685
17949	254	20129
26515	243	20723
19120	258	29941
29689	288	16270
27221	254	13185
13978	239	28727
15785	257	10811
13975	278	18726
10774	325	17139
20740	325	18085
17056	278	14167
25682	288	19635
10832	231	15344
29366	325	11084
15209	254	11854
27930	219	11638
27303	325	28500
29734	278	14458
18568	284	13185
19349	258	25602
20656	254	17963
17795	280	16795
29825	268	11996
28494	325	10792
14375	325	28976
29687	324	11744
26416	254	10572
19527	220	15699
15839	220	12628
14877	325	10943
13287	278	18036
17381	325	27743
25693	254	19521
20694	254	15943
27849	325	16345
18363	280	15070
15769	288	11537
29534	288	18530
19362	325	27473
16927	239	28583
20922	325	25802
10999	231	18509
18467	226	18798
18126	254	29125
16983	325	10879
11791	258	26081
20806	325	29387
29865	254	14136
26337	325	25586
16170	288	29320
14811	325	20338
28086	325	20338
29492	325	26444
16253	216	27442
17626	219	14043
10593	325	26179
25505	258	18104
20419	325	13723
15331	254	19979
16954	300	19724
12628	220	19587
18809	288	19561
12485	278	18726
12720	258	20298
18582	252	18852
12761	278	19328
18037	281	15157
28729	257	13746
18671	325	14922
15667	288	15712
26768	325	12428
13794	325	20184
29938	325	12522
25824	254	28149
11331	268	11901
26974	325	15106
17917	288	27472
29276	325	20636
15399	288	25602
12206	325	18797
13329	231	26125
28145	325	29579
10700	278	11085
29582	325	26836
15702	254	12404
19511	317	10761
29874	325	25662
15123	325	20636
26270	235	14126
15060	325	20930
28437	300	26877
11308	307	27672
16950	258	10715
11376	254	11901
18916	259	13591
29574	325	12569
12107	220	26394
25707	325	13680
19176	325	17635
11529	325	19420
28381	325	18797
26353	325	18281
26009	325	12500
28313	288	20590
26093	220	27385
16389	325	26350
16642	282	19329
29264	325	12164
29200	254	20248
29893	258	13698
17549	220	28764
29202	258	13121
12172	243	12070
18216	254	11579
19921	325	29926
27219	254	28149
20803	325	12520
29678	258	15180
18148	325	16404
16713	254	20248
18535	325	12958
16564	325	20115
11389	325	18577
16654	325	15565
17720	288	17278
16222	278	18281
29365	288	20032
16997	254	16685
16291	278	20286
29604	254	28149
12979	254	27376
13617	325	10943
11570	288	15724
27141	263	27517
11745	252	19728
12510	254	17643
11711	220	16234
28514	220	26117
14925	258	12662
11790	325	27472
20488	325	18988
28636	257	12709
15924	258	27472
20375	252	15126
17855	252	11682
16164	325	18217
29758	325	12428
20811	288	13723
12899	325	28551
15973	258	12327
14731	278	29998
19981	325	17458
12316	325	11999
16662	254	19583
12356	325	15359
17664	325	29112
19394	268	11554
12481	325	18797
19871	281	11475
15796	325	20032
15548	325	20452
18971	325	20338
27782	278	13495
14828	289	13496
26528	325	13773
19968	264	26250
27713	278	27059
16937	268	14126
16441	254	14459
10620	288	11786
27124	271	13269
19594	325	17899
27590	325	27848
15961	220	18308
15209	325	18744
10626	325	15234
12508	325	11085
14490	220	12391
13956	325	15180
29193	288	12788
19535	254	29125
13093	325	12243
10681	278	13723
14147	325	25662
15123	288	27059
11387	325	17245
12337	325	27983
19662	325	29387
28203	263	15573
15883	214	28096
13953	325	18362
14416	325	27569
13313	220	18717
28714	279	27924
13779	220	13778
13862	325	10943
25677	325	14922
18298	254	14126
19260	325	13376
12402	325	26127
20361	325	19019
16243	257	12525
15369	325	14892
14537	325	13833
14209	325	25733
14952	325	25619
19204	288	16942
20047	325	18104
16917	317	17178
29325	325	12105
16607	325	29546
14936	254	12871
26039	325	16755
28731	258	13376
26431	325	20169
10639	254	14126
10722	254	11901
13007	213	18087
26433	254	11901
29288	325	15724
26588	254	28149
16211	258	15234
27263	325	12164
19216	325	26878
10592	254	12404
10716	263	20248
15498	254	20909
15495	325	16492
11556	325	26928
20776	325	18362
11003	289	17462
19110	222	16348
15326	325	10506
29555	258	27138
13626	220	27161
11738	288	18797
25748	288	18104
29389	231	29737
13801	325	16726
27903	257	12859
29145	288	13680
29678	288	29751
12873	325	16728
27509	305	16367
25906	325	13816
10502	325	17314
11884	325	25662
13224	271	13249
12631	278	15568
15920	290	27924
20203	325	12105
29344	325	27473
15520	325	12910
11601	295	12632
12087	317	17897
17220	325	17554
25995	325	28092
12732	271	28090
17865	231	27795
27835	278	18797
27011	325	25619
19374	254	17897
28257	325	20347
14656	325	14922
11400	325	18217
20516	325	18744
15400	254	20666
14252	325	18840
13537	288	16942
18899	307	14459
28580	325	20794
27278	325	25733
15257	239	18242
18940	325	15075
28757	325	19563
26926	252	19695
12157	254	19979
18096	325	29884
26609	271	18091
14581	258	16942
10593	288	26179
19111	254	11901
12542	297	10656
25875	325	10595
15659	254	16171
15821	325	18797
13527	252	18193
19668	325	11778
27804	254	11996
11268	325	11002
15081	288	15744
12630	254	10796
25859	252	27701
16777	325	28460
11426	220	19053
10603	325	12522
29774	325	27915
15067	288	15724
11569	254	16065
12542	294	11866
26663	325	15712
12478	325	20808
11048	325	12520
26443	325	12910
18395	258	26224
18293	325	28053
11378	278	26575
16763	325	20298
26500	325	20991
20274	305	20139
18940	325	28527
20865	325	12522
12122	278	14201
12247	252	14716
20099	254	28149
20595	325	11537
19133	254	20248
17563	322	27217
13040	325	27902
29863	288	19420
13940	258	26575
29972	278	26724
16591	325	13680
20976	254	12871
17861	325	19465
20654	325	16235
20372	288	17245
28172	271	28158
13728	288	28072
12909	325	18988
20887	257	19996
19488	278	29899
15514	325	19465
16485	257	19410
29659	325	28909
20692	325	15307
17719	325	12958
19230	254	16171
12247	268	29442
10665	231	18487
16767	325	14611
17078	325	19561
19894	325	10898
27981	254	11608
28949	325	29899
19745	325	10595
11033	325	27848
14739	325	15028
20444	325	14625
13717	254	12404
12156	325	14075
14934	325	14465
16084	301	29513
16475	258	17021
12997	300	16954
20201	278	16789
12818	258	29941
15970	268	12871
20424	325	20452
28926	254	11358
25843	220	13754
17510	239	12588
10925	325	12076
16289	227	20651
12996	325	26724
10950	254	13417
11301	325	20452
29001	325	20078
16558	325	27983
15025	325	13773
26844	258	11084
29779	325	13872
18744	263	11854
26861	254	10539
14420	325	15724
17549	220	19771
15149	252	27088
29550	219	28149
14814	220	17338
11287	325	18068
29519	220	13710
26857	268	10796
15973	288	27390
25519	254	11900
15313	239	11901
29659	254	12871
26145	325	25602
15171	325	26350
29690	254	29125
15914	325	11686
19390	325	25899
12256	282	12832
17282	325	13108
18533	258	29941
18039	325	28541
26808	325	13680
14701	227	25763
17714	254	14459
27601	325	18104
26594	258	19719
15919	325	27473
28762	268	19340
13454	288	26986
20956	316	17657
19178	288	18036
13956	288	15180
16818	288	15359
25944	307	14105
11949	325	20782
15432	325	26386
19690	278	18577
27599	320	12588
14659	278	28092
19713	280	16473
27648	288	12243
16587	254	11461
20941	258	19885
19567	254	27044
26282	214	17066
29263	325	26144
16245	325	20290
27624	268	11461
13787	278	13723
11143	223	25805
10742	325	29751
28802	220	16358
16800	325	16235
19304	268	14904
17661	325	13781
26599	281	15157
13251	239	16203
28928	281	13768
25796	325	13723
18754	288	11002
29697	325	16235
25746	325	15744
28410	239	18739
16094	258	20032
29422	325	28976
29697	325	11786
16487	254	12404
19004	254	11579
18010	325	29387
20556	254	20248
29906	220	15229
19730	254	26837
15081	325	20551
26198	268	17961
26930	271	12043
19984	325	15396
26935	325	20752
13414	325	12244
28350	278	15180
13572	254	20248
26219	325	20219
27778	254	14963
20873	254	20129
19474	325	13843
28540	258	29135
11949	325	18085
14063	325	20782
26918	325	12958
16654	325	28045
11298	288	20574
13508	281	29270
13871	263	17814
17013	278	19328
27249	254	26297
15950	294	14359
25736	288	27266
16328	293	28356
26254	325	20298
17532	278	19236
28530	325	16942
16589	223	27777
29139	325	11865
11907	325	10986
19437	325	29319
12734	278	11085
17848	325	26043
27587	325	18542
19910	288	25629
11435	325	20991
28300	254	11461
18617	325	29884
11771	317	27350
12425	268	14136
17836	258	18362
13807	325	25619
17536	254	11461
11069	307	16970
20365	254	13185
25501	325	28236
17039	288	16471
17184	239	27517
19910	325	27059
29193	325	15883
12931	278	15568
19394	252	28167
11427	254	17897
29163	282	19447
28786	325	27141
12109	278	26724
13326	278	29546
10671	268	16171
18693	288	26322
27503	254	25621
11191	254	14658
16096	258	19465
16538	220	18628
14958	325	14201
29412	325	26856
20393	325	14072
28530	325	28184
25900	282	12832
12435	258	26999
28941	231	19681
29857	288	13030
16008	271	29850
29535	325	14573
28991	325	20609
14988	325	14286
27909	239	12404
12529	254	13185
28455	254	16685
14412	325	13470
16856	223	20285
19232	258	15180
20622	220	15370
16418	254	27044
19413	325	29387
26485	239	27044
18357	325	12076
15122	325	28480
28565	268	15134
25984	217	10816
17940	254	16171
20208	258	29751
25956	325	16824
15417	214	15290
12557	325	16817
26818	258	18931
19929	325	16388
25632	325	16270
15624	223	13885
12785	258	12244
29891	325	28500
27506	254	28149
26512	325	15697
11986	254	17897
20364	254	20248
15902	288	11756
26011	325	20930
19104	239	11901
26397	325	20032
20817	325	12520
16003	325	20219
12007	258	17825
18706	325	17278
17783	254	16685
17985	325	25602
28313	258	28805
13778	252	13779
28289	235	27044
20365	258	14072
27652	325	17314
10698	325	13470
17911	220	14145
26586	325	10932
26426	325	10506
28390	257	16527
17937	325	12820
13664	257	14004
18815	214	19515
15864	325	10730
13609	304	12744
27011	325	13278
13877	325	12520
14807	325	27472
14638	231	15717
19313	254	25621
19956	325	20115
17845	325	14633
15818	326	11513
14693	325	13932
19572	268	14136
28039	325	26350
28105	325	27948
10587	258	12662
10923	325	20219
29969	325	10595
29326	325	20636
27338	325	14458
14109	254	14136
16999	268	17897
18961	325	11917
18019	231	15252
10726	280	17454
25758	278	12243
16723	325	26878
26561	325	13680
10701	258	20640
11924	258	18639
14138	278	18104
27556	325	25602
14435	219	29817
20528	254	16685
29953	288	12703
27123	220	26390
25528	278	19957
12823	219	16175
15414	254	20128
26620	288	13816
19170	325	12958
19793	254	11901
14385	325	14846
27995	255	19027
17499	325	16874
17410	258	29546
18459	325	19719
15811	325	12500
29392	325	12500
14400	219	19208
28425	254	11901
15249	254	17897
26793	261	14054
13603	325	16432
13733	325	20452
26895	252	26610
17643	300	20222
13979	325	11179
26653	254	11554
29373	325	15106
17144	258	20636
27819	325	20930
12614	282	14155
28238	254	17133
14283	325	18726
16158	325	11085
13912	325	13680
17884	288	14633
11108	325	18639
16322	325	11179
20283	252	16855
11795	231	29746
17857	258	20115
14665	288	29259
28265	325	13781
15092	325	18542
19847	325	10986
14856	281	10828
20824	280	12506
13357	325	13680
17332	254	12404
15671	305	12871
27899	325	16728
11262	261	26632
19478	325	16942
27767	278	25574
12545	325	13495
12168	325	12715
26723	254	11996
25664	325	15744
29657	325	27246
18002	254	13417
27130	254	16171
28435	325	18931
20982	325	18352
15228	288	16728
18616	220	14610
19561	214	28780
11395	268	14136
18724	325	13680
19423	254	28817
18801	325	20991
14754	325	28952
20726	278	14917
26608	325	14705
12065	325	13121
15314	268	29442
19020	307	26060
19617	325	10943
12334	254	13417
26823	325	26724
15746	294	15618
17188	325	15744
20812	220	17402
11399	288	26350
17508	325	11786
13923	325	14782
14734	254	16065
10684	288	14611
16323	325	27848
19241	278	28089
14781	258	14458
28494	325	29833
19769	254	11901
29325	254	14126
18133	325	18988
17559	307	25886
17105	288	20219
20971	288	18182
15705	268	16171
26939	325	18994
11795	281	12043
12030	325	29387
16460	231	16087
20053	294	18580
19016	263	29125
27012	227	16989
11008	256	14626
18159	325	18797
18754	325	13680
14000	231	13365
15020	254	19451
11959	254	13417
19217	254	11579
11916	325	13574
20979	325	18606
18845	325	14458
27796	288	20609
26664	325	13848
20968	325	26869
27428	288	25955
19259	258	27080
25936	325	18124
13948	325	15650
10897	325	13773
14344	254	12871
26102	231	14827
26634	254	11551
20360	254	19850
11352	268	14459
12042	278	18931
25866	261	19449
20768	325	29751
12844	278	18797
14396	252	26906
10946	325	29899
20017	325	14458
16313	325	12820
27444	288	27080
14643	288	26724
11648	325	20290
27494	325	16235
27003	325	29998
20149	258	12105
14130	288	13044
28702	325	17314
10569	325	20032
29156	325	20545
13129	252	25691
25600	325	15574
29417	254	17897
26868	252	28183
20822	325	14075
25775	210	12190
19640	325	20219
19570	223	10875
18566	254	27044
12120	254	12871
20418	268	11901
29235	252	16092
12995	325	11617
13045	325	14075
11162	325	17458
15959	325	15883
20014	325	27141
26482	254	28149
16439	325	29751
13970	281	17993
18173	231	10702
11771	317	11554
11501	268	11554
18347	254	16685
11387	325	18931
20917	271	16350
10557	325	26179
18603	288	25662
26985	254	28149
16314	278	26970
26037	258	28500
25502	281	28128
28333	325	20609
13463	254	11461
15789	231	13911
25822	325	11786
20468	325	18988
28408	325	29135
16449	288	12076
25804	325	10504
19757	325	11786
20500	280	16411
14130	288	26878
11293	325	20219
28351	258	10563
12259	325	29998
12342	258	13278
11365	325	28541
12256	280	27903
27800	252	27136
20978	325	12500
15775	254	14126
27773	320	11461
11336	251	13238
27029	325	13278
11122	278	13843
17799	254	20248
29092	325	29899
28543	268	19880
20552	325	13236
28936	325	18036
29625	325	26575
17665	220	15480
11991	280	28304
19403	288	12243
15442	325	13278
19070	220	16965
17386	254	28149
19186	214	18782
11298	254	11901
29764	258	12820
26355	325	18571
17748	325	25662
18120	325	11031
28930	278	11286
15633	278	26179
17703	281	16002
16933	258	16942
20055	258	12105
27493	254	20666
18751	288	29420
27711	231	15940
19502	325	19635
29181	325	29998
20512	254	18562
14972	254	11901
11609	325	18797
29080	325	20022
14719	325	16492
11712	325	13781
10741	235	10761
11343	254	16171
28850	278	20636
17293	325	12910
10607	300	16348
12174	282	11737
12461	278	20555
12927	325	15568
14443	288	16492
10914	325	14869
27921	325	29069
15424	211	27022
28501	325	10938
20670	325	11811
12602	325	16874
29101	257	14004
14623	252	17072
13237	254	12404
10615	317	11902
26287	325	18124
20062	220	15456
18772	288	19957
13669	254	11879
17281	325	13495
14324	288	10595
29338	325	27987
16256	278	26386
29845	254	14126
27549	258	27902
14922	214	29680
18503	258	16614
11249	280	20230
12669	231	27595
20599	325	12520
17917	258	28187
20363	254	28149
19108	255	26793
17852	252	26534
16456	325	14458
12913	278	13470
17852	220	18194
12944	288	18036
18852	220	18582
11403	254	25637
26684	258	19563
20619	325	20794
13982	252	19066
13231	296	11897
14173	268	14658
29119	254	28149
19176	325	14922
17701	325	20609
27454	269	28817
14452	254	11608
18932	252	16648
20119	211	13517
18027	222	20222
20494	223	27517
11396	288	28121
12198	258	20219
11945	305	26617
16901	254	29881
29925	325	27472
11120	318	16384
19054	252	18389
25967	254	19979
19486	325	17458
29446	254	16171
15289	258	19563
14951	325	26179
12980	252	18308
19318	325	25574
25945	254	28149
28084	288	11650
14360	325	28500
28135	325	13773
13999	325	16824
11887	235	20248
14063	325	29488
25904	258	14831
29731	325	20286
10828	268	14126
25611	325	18994
25594	325	17554
20713	252	19011
15672	325	18362
13996	254	27044
18302	325	16235
29565	325	20247
26229	325	17314
14764	325	12520
28801	325	16824
14142	325	16614
26593	325	20115
16863	279	12897
14912	252	17145
19821	325	20247
15802	254	11554
25576	288	19992
11985	258	18577
16250	325	12500
19117	288	28045
10747	325	19328
29699	254	12868
16157	325	18931
19002	325	11734
13017	258	18988
17985	288	14458
18614	258	18036
13858	280	20158
20321	325	27987
14516	268	27075
27742	257	15411
27286	288	11068
25865	325	12428
10779	254	20248
26726	223	11861
16409	268	13417
12302	268	16171
17154	325	28579
11074	288	20782
27888	325	29998
15897	325	11772
28176	254	28843
12973	254	11901
25760	325	29899
27538	254	14126
20691	325	18797
25796	325	20022
18650	258	17139
14283	325	20609
20562	254	14126
13806	268	28149
26229	278	26724
16528	325	11778
13748	288	28045
20599	325	29743
26161	325	12244
20969	282	18093
11404	288	28341
27601	258	13470
20918	323	12011
26336	325	13708
14143	325	19420
13380	254	11901
13950	258	26724
29336	254	13185
12898	254	11901
20675	325	19248
15755	254	19850
27365	278	19363
17712	258	28045
27907	268	14520
15100	254	14105
19295	297	14605
15229	252	29906
14735	325	27473
20524	268	11551
11728	305	27284
17705	278	17021
20936	325	27569
13042	239	29763
26612	325	13376
13497	325	14782
13862	254	17897
15924	288	20171
26149	325	13843
26304	325	25619
18405	254	16811
27027	325	16824
12962	325	13130
17675	268	26188
11977	325	20290
12964	254	13155
26555	254	14136
16952	254	11901
20160	254	18880
10864	325	15712
19003	325	13108
28712	220	20945
11571	268	14205
18969	325	13588
28010	325	11085
13191	254	12150
29720	325	13121
26323	325	13932
14832	325	16728
16933	258	27805
26285	325	29387
13540	282	11497
17957	325	13574
29710	288	26043
16825	252	27957
28705	254	11901
13869	325	13723
13836	325	19957
17151	255	29493
18547	288	10504
26834	278	12910
25925	325	18639
27524	257	28054
13226	325	11087
29982	325	28620
13403	254	12871
26029	288	28551
12473	294	29865
10950	254	14126
14384	325	11772
26057	325	27569
11391	325	29135
17547	239	11461
26035	257	17993
25505	288	12500
12927	254	17897
18643	325	10506
11587	325	18840
10612	278	11917
19864	325	16471
14768	253	19006
10861	325	16432
15055	254	16685
11396	258	28504
16419	325	20298
27935	325	17139
18127	223	29062
19589	268	10571
14815	258	18887
27525	278	14611
10625	254	14136
27189	260	17667
10684	258	14611
13252	288	29744
15131	288	17314
12046	288	10563
20771	278	18362
11386	325	27059
16332	325	26724
27432	325	15417
12701	288	16726
29175	325	11031
13880	325	10563
20946	325	10563
15119	254	14136
15841	278	19236
20828	288	17021
29604	325	16345
29900	278	26501
20887	281	29117
11756	214	15902
11047	254	11461
18376	325	28092
27354	325	28045
18517	257	13479
28642	325	25662
18506	300	28015
15461	325	13470
20527	325	27805
26465	254	14658
29468	325	12788
20059	325	27614
19449	315	26082
29437	325	16090
12357	305	16685
20122	281	15157
19529	288	14705
12739	252	20151
26798	325	16726
27408	325	19187
29485	263	15134
27611	325	12428
11232	288	12411
20201	325	25899
28114	278	26575
12416	254	13185
12025	325	27080
27836	325	27473
11133	325	27747
16718	325	27983
16773	278	13072
13161	268	14700
20759	325	27743
28079	278	14611
16241	219	11638
17092	258	14075
27407	239	11901
28135	325	19328
10802	254	17112
29841	325	12076
13439	325	16726
15840	278	11085
13370	325	14075
28060	235	14136
28246	258	12076
14241	325	13236
14607	325	20290
14630	254	16685
13225	325	15028
28915	325	15396
15507	325	28092
13115	325	29751
26497	268	11901
11393	258	12522
27187	278	20115
11482	278	19465
26006	231	15017
18063	325	18697
28954	281	15297
18533	258	18931
13654	325	14201
18791	325	20219
15829	254	18562
13151	258	27473
15735	325	11085
16398	251	10627
26287	325	27614
19612	254	12139
20047	254	11901
17685	258	17460
20876	254	11901
25929	220	27894
19680	288	25602
17894	254	11608
12249	325	12037
26521	254	29881
20239	325	29546
17868	325	20290
10934	268	11901
17308	258	20298
11546	325	10563
14062	268	18253
27630	258	14458
17779	325	17139
27193	220	11225
26145	258	10595
27010	254	13096
29396	288	18726
26013	231	27469
14591	325	11811
18272	263	10571
17815	278	18931
28758	254	14030
26191	325	25619
27078	227	12783
13751	278	15218
28061	325	26724
13583	325	26386
14269	254	16685
15926	254	15134
16336	271	17077
18618	325	19565
19323	325	16824
13076	325	28338
13473	325	27805
16753	325	15883
16116	325	13084
20021	288	26386
26584	254	12404
12084	219	17897
17608	254	12871
15004	325	28527
18615	278	19328
26786	220	14222
13157	325	20930
10619	325	13781
27215	254	13185
10716	214	26252
18139	325	16270
17762	325	27902
20187	325	14458
19119	325	28719
17536	325	29751
11844	220	15349
15250	325	28976
15337	325	16824
15795	325	27569
14884	288	15697
13912	254	28149
19239	278	19676
12819	254	19341
13010	254	12871
18637	254	17387
16393	214	29691
25989	288	17635
10614	268	20248
20950	288	16061
16513	252	16358
12543	235	13417
26798	278	12958
19723	325	27983
18351	325	20574
12703	307	16171
13725	325	13680
29791	271	12020
26484	325	14167
13489	231	20323
11228	325	13495
18395	258	12297
12785	258	20219
18041	252	19123
10768	288	26724
29030	220	28524
26587	320	17186
18874	254	14658
29441	325	13723
29886	288	11084
28927	325	17635
17204	239	18949
18327	325	16270
27641	258	17458
19001	231	28928
13299	325	10932
19926	325	13278
15026	258	16728
18206	325	19465
12492	220	12974
13611	268	19092
13575	325	28338
27121	235	19521
15960	282	18865
26576	278	19676
18901	300	17461
19406	325	19561
13151	258	20169
13745	268	11554
16421	258	27712
28265	325	25619
13243	268	14136
17176	325	13495
14951	325	15565
27477	325	20286
13682	278	18104
28332	325	15396
16213	239	29125
13763	325	18988
27114	325	14286
19087	325	28045
26125	257	17993
17092	258	16270
28423	325	16942
11628	325	16824
16982	325	12500
13087	220	16039
20521	325	27080
19764	325	14013
27543	315	16908
12455	254	17511
11045	288	20032
29890	258	15106
11740	325	18988
25512	258	20184
17076	217	12969
20399	282	19410
13095	325	17651
28409	268	19805
14744	288	19228
17385	325	13376
14331	254	11554
13669	254	16811
12198	288	20522
19531	325	28045
28111	288	17826
18033	325	12820
29247	254	28727
26470	258	12491
29210	268	14954
27218	325	19676
18995	227	20807
11595	294	19579
15576	325	16874
15391	325	20022
15441	288	29941
13218	325	15697
11922	325	11085
10869	252	19388
15155	254	20248
18095	218	28555
13526	325	19563
19074	268	16081
18430	325	29789
14572	258	29268
28261	288	20290
14049	258	14941
29936	258	29320
29400	254	28295
17255	254	11901
20679	268	20248
29667	288	29220
29446	325	15383
17449	222	18506
18495	325	28045
18172	278	19248
18757	227	27410
12418	254	11901
15713	325	20782
26288	254	28149
20683	316	14264
18889	254	16065
13421	325	26869
15545	325	11114
16369	254	17897
13500	325	20686
11835	325	13376
20803	325	19135
12424	288	18281
20544	288	13376
13088	252	16595
11949	325	12205
13945	254	16171
16106	268	17814
28024	258	27473
20118	254	20358
20280	300	27517
27560	254	16171
25784	258	13072
13151	288	20169
19667	325	29546
20281	325	20974
11077	325	20609
16644	325	19719
15513	278	20169
10592	325	27361
11060	254	11461
20813	258	20636
14392	326	14883
13935	280	20126
14796	280	19430
15791	325	28607
20571	254	14126
17885	325	28976
13764	254	28843
19140	258	18319
29521	282	20341
14801	325	18625
20916	325	16492
27361	263	28982
13629	325	19563
16925	325	28222
25902	325	11786
18895	325	16614
12485	288	13108
13817	245	13483
29625	325	16728
27069	325	27472
10935	254	20248
19552	278	26589
10841	325	12164
29291	325	12910
20805	325	11004
28742	325	19020
27488	263	20248
14405	325	13236
18719	325	18744
28423	325	11002
17770	325	20298
14353	325	25807
11533	254	16811
13058	254	16171
19371	254	10796
26209	254	10796
13760	278	11786
20455	325	11179
10848	325	13121
19369	325	12520
13075	258	13121
11330	219	28149
28943	231	26055
11103	325	11811
20463	325	27902
29391	325	13470
19199	254	14865
26171	279	27924
29490	220	19952
17066	258	28092
15348	231	11723
16362	220	18003
10624	325	14075
14271	325	16824
29015	325	29941
15377	252	11314
27281	258	16371
11405	282	27335
29787	325	27769
20208	288	27569
13165	258	18212
19455	288	11941
13519	268	14136
29139	288	13152
10539	293	11898
19899	325	16712
15220	288	18797
10983	325	25733
28002	297	28321
26554	325	19328
27393	263	27350
12727	254	16065
16034	325	16345
19224	268	17511
28024	288	15180
26807	222	26100
11116	325	11085
29450	278	12522
19181	325	16078
28685	325	29387
13549	278	13470
19952	220	28829
18746	264	10500
17257	305	13096
28499	325	20808
14756	254	20666
19517	239	11901
28689	288	11213
16620	325	15744
20092	280	11805
10577	278	18104
17402	254	14954
28736	263	15375
20760	325	13470
19315	306	26880
11056	257	18484
17170	254	20248
14474	288	20298
20031	325	27472
20938	325	18281
17970	325	19971
16156	254	26297
25835	325	15697
16082	325	18331
20487	288	28236
26596	288	17460
13211	297	27961
16579	325	14191
26931	325	16942
27041	278	26589
10504	263	20379
20423	325	12910
27556	325	11811
26792	254	20248
19698	252	26489
10788	325	15697
12487	325	13773
15465	325	25574
27178	325	18606
14514	325	29259
18549	282	29765
18332	325	16388
15747	325	12910
16499	325	14075
17500	290	12897
27588	325	18744
26065	325	26501
16795	281	13005
29099	325	28620
17840	288	20636
12133	288	10716
12468	254	13185
27050	258	13773
28956	258	13376
16924	258	15028
19995	258	20636
18636	278	15078
20697	257	12497
16441	288	12076
25513	325	27606
17052	325	12928
17219	252	28611
14845	258	25733
18669	325	12846
15846	252	17262
16859	325	11085
17840	254	19850
29932	288	29319
19900	254	29125
14259	258	15650
15732	325	27569
15024	252	16812
25963	325	28976
13036	325	27712
15045	268	14136
27366	288	13680
14118	271	17273
19431	220	19792
29623	325	19420
18764	268	14459
26057	254	16171
20941	288	12076
10544	325	20522
13608	254	16685
10692	239	26157
16275	252	12953
12656	325	20169
29510	254	11901
15858	239	11901
16682	254	26297
15013	288	29299
25631	325	29268
18428	282	16484
20008	325	19228
29000	288	20286
15731	252	11281
19215	281	27973
15271	268	11554
16842	318	18042
13615	226	18820
27667	254	17814
18603	258	25662
20011	254	20248
20961	280	29557
13800	268	26837
13414	254	11901
11515	254	28149
16094	258	25602
16191	325	25955
18750	273	12751
13441	252	25914
27000	288	18931
10846	254	10571
19762	325	28044
25673	258	20491
10646	316	17573
13110	268	17814
14228	254	11901
17874	288	15724
10924	268	11554
19549	325	13680
26202	282	20341
11181	258	14372
13253	258	17458
29392	288	27769
17904	254	17415
13831	254	26188
15316	252	28055
27175	263	20248
26678	325	27473
16568	325	11144
20017	278	26970
12625	220	14930
15441	288	20286
15786	325	11778
17358	325	16726
16983	325	20991
15439	325	12910
17654	220	28432
27257	231	18173
15640	325	10932
11200	254	11901
18503	288	28341
19210	317	12865
28923	254	17631
11553	325	10595
25575	295	12294
12157	288	14075
11207	258	15744
11845	254	17897
27584	252	27512
14875	215	18455
18333	288	17966
19745	258	16471
13497	325	13588
11262	316	26632
17525	254	14658
26823	325	13278
12161	325	14372
11972	258	13723
12435	258	10932
14407	325	13121
12514	325	28805
11287	325	28551
29618	254	28149
11705	325	28072
15493	254	16685
13222	325	29192
12680	254	15607
16086	254	20666
17700	316	11120
28412	258	29998
26286	325	17314
29886	288	17139
28127	325	18104
15917	325	29320
16056	325	18815
15762	219	26837
27575	325	16874
20092	281	28128
27051	227	26564
13370	325	14917
20682	260	16190
13106	325	26084
25679	254	14126
12730	288	11085
20732	219	17897
19589	254	27075
17425	325	11213
28237	325	14917
12143	258	27915
16133	325	27848
26715	288	29926
15527	325	20636
26352	258	28976
20831	268	14658
27515	254	14459
20423	278	14494
28850	254	20248
20803	325	14201
13979	325	27171
20194	288	13278
18622	325	10504
11750	258	12205
15249	278	25619
17461	305	19613
19376	325	11811
17413	288	25733
20495	325	18104
28423	325	20347
13182	280	19681
16327	325	18988
28363	260	16190
20803	325	10879
12786	319	27404
16299	295	12632
10623	252	16045
14431	325	14465
26826	258	27848
14318	288	16371
27113	220	27808
17062	288	20636
13859	288	12244
17764	288	27948
27702	220	11292
11587	268	20248
11812	325	28045
14627	325	17139
27497	252	13446
29362	254	19850
20814	325	11786
15461	278	28092
19666	288	28905
11290	325	12076
13873	325	13470
29701	325	14372
28709	325	20609
14734	325	15180
17483	261	29384
10953	325	12243
17680	325	11872
16209	325	20032
29621	325	29941
28196	258	26986
16505	325	18988
28421	325	11786
13066	254	12404
16706	271	10782
14334	220	28362
18729	325	16345
29698	278	15307
15412	325	17139
27873	258	11179
18101	254	17897
12387	325	27485
19482	325	18104
15730	325	25551
26748	258	16235
29146	278	20636
12345	325	26589
14986	278	11865
16344	231	19358
16130	325	19020
28298	325	16388
20664	325	15724
12322	252	13362
11975	325	15773
26823	325	11811
18431	325	12411
12214	325	10932
18826	278	13470
15925	325	20991
26584	325	13698
29504	254	12871
16338	211	13054
26576	325	19676
26654	278	18726
17939	268	14330
13752	325	26179
13661	227	19255
27276	257	12097
16499	325	17314
26143	288	28092
11488	325	14286
18465	254	16685
20598	258	20545
20233	325	13932
19048	278	16090
13253	288	11179
15087	239	11809
17484	288	10595
26454	325	20452
28367	325	15106
13132	325	16432
26039	325	15697
29957	325	13121
26766	325	12164
26019	325	17245
15926	325	29319
15373	325	29941
18009	252	27436
14447	254	12404
26713	214	17893
26730	278	13470
16317	325	12958
28627	261	27288
12580	325	17796
16055	325	27472
12678	288	15078
28188	288	29926
12335	278	14494
28936	278	10792
19174	325	13108
19553	325	20078
14101	325	26713
25587	258	20609
13160	325	15565
17579	325	16492
20780	288	15180
15276	254	20248
29328	268	14459
27879	325	11179
29135	214	11025
20337	220	29843
28103	325	10943
20881	252	12972
27963	254	17897
17474	278	18988
16050	288	26589
27064	288	25802
15478	325	11734
27322	258	16492
15081	288	20636
17399	325	28976
28922	325	16061
20171	277	27255
20910	220	13634
12092	325	18797
11399	258	10943
25890	325	29926
25798	325	10563
10619	325	17139
17561	325	19465
26533	325	12076
18461	325	18931
28760	254	26720
19769	325	15492
17066	288	18707
20054	240	18708
14156	216	13207
26039	325	10858
26827	278	17625
19135	307	28584
16052	325	27334
29466	254	14459
19382	238	15424
13656	325	28089
18130	278	14458
11450	325	29658
16329	258	15359
12827	325	25629
13244	325	19328
12373	268	14459
11709	258	11085
11229	325	14465
15432	325	13376
18353	254	11901
19248	214	26238
17328	254	14126
19306	325	27876
13629	325	11084
28845	258	19676
28524	252	12691
10763	258	25802
29767	300	20280
17663	254	17897
15866	325	27569
28945	325	19992
12614	280	10755
27601	258	18104
18321	325	18639
18207	252	17804
29518	325	13072
11019	268	11901
28415	254	28149
14972	278	20522
26983	325	11085
10689	270	29881
19686	325	10943
12523	325	15307
29598	254	11554
15586	288	29319
16699	254	20248
18183	254	14136
15731	252	13521
19235	325	28004
12995	325	20609
14143	325	27902
27759	325	26724
18134	278	11617
19333	254	11554
20633	325	15712
16507	325	27805
16124	278	13072
19180	325	27472
13430	325	20636
15311	258	29135
26529	295	12294
19758	325	18887
18092	254	14135
11328	325	26928
28955	220	25825
20718	220	12585
14424	254	28767
14308	254	11901
28429	280	18060
11663	288	14458
25692	254	20248
17110	325	27846
25736	268	12404
20552	325	27948
20309	254	11554
20869	254	11554
18521	278	16235
11045	258	12244
18410	325	19736
10950	325	27915
11276	254	20248
19282	282	18865
25842	254	16171
17043	254	13185
13743	325	20782
12186	325	29743
12169	278	18726
19259	325	29220
25921	254	28149
19128	254	13185
29953	258	26043
29667	288	17800
18633	325	17825
25713	325	20609
12692	325	15724
13567	295	12294
14852	325	14286
11251	326	15988
26074	288	14372
19808	280	20895
25753	325	18726
13877	288	10879
26580	325	12500
26434	325	13574
16468	325	12820
16645	325	14191
15589	325	14286
20445	254	17511
29323	220	16406
10709	325	18492
25784	258	19420
15880	257	27359
15261	288	26179
27868	254	28149
26368	325	27569
16124	288	18571
20065	258	17554
26326	325	14458
27119	278	16450
12804	325	13872
18626	288	11087
13581	216	13207
15121	325	12520
11724	254	10796
29832	293	28356
27840	268	26493
16194	325	12076
29665	254	14136
10670	254	20248
14245	325	29751
17486	254	27394
10561	325	19328
26467	300	11532
11216	254	20666
17888	258	13588
16202	288	29998
17612	219	11901
20940	278	15359
17248	325	12522
16301	294	17683
26562	254	12404
11876	305	19540
20934	300	17461
15742	254	14126
26626	325	13276
16849	254	29125
20933	325	26179
27396	307	17387
26270	317	26548
17570	325	12500
28731	258	12512
11961	227	20637
11588	325	20930
10937	297	29164
12644	325	27902
25731	268	26188
12179	320	16415
28405	325	20636
29794	325	13470
19036	252	29014
12641	288	15277
17522	288	17992
27491	325	25629
15204	254	16171
19466	325	29899
16076	288	17360
28632	220	18889
19301	325	13495
26774	220	15239
11515	325	17300
26905	227	15741
28409	268	25621
14871	257	20130
15808	278	13030
17084	325	15697
19038	223	17897
15771	317	27044
12110	325	15234
17610	223	18242
29263	288	20452
26102	281	28158
14726	278	18726
12170	325	20219
26991	254	13185
10977	325	27948
13998	258	13708
12891	254	14658
19595	325	28222
16145	254	20248
25934	289	29022
12283	325	13723
19271	325	20452
10664	325	27473
12538	325	19992
20571	325	12105
16068	288	19561
14408	325	20808
27265	263	16065
20244	254	14459
28694	254	16171
16439	254	26759
28926	268	25621
15123	325	15180
12386	254	16685
28004	263	20379
29717	278	29047
12556	325	18104
27846	307	11582
19489	325	14372
10699	325	18362
19881	278	16235
20824	282	18390
11913	254	17897
14349	325	16824
18616	252	26860
12680	325	26986
12243	307	11582
27222	254	16171
13324	278	17826
16122	278	12076
16853	223	16239
19817	254	20248
15634	288	12105
20618	325	14286
16707	254	11554
17308	288	20298
28861	280	18509
15536	250	19319
14194	288	27805
13191	258	26486
28567	231	20921
12943	325	19971
25706	239	18550
13615	264	18820
17014	288	26589
18440	288	19465
29505	288	12428
18246	325	12118
12925	257	18746
15371	288	29751
25604	258	19328
10867	254	28149
19989	325	11085
16872	231	26917
19928	325	29579
27022	251	27106
26826	258	10680
16259	325	20169
29683	254	19293
17740	325	29546
13853	278	14611
28809	325	26724
11317	288	27080
18672	325	17139
18050	254	12404
25841	325	16345
28545	220	13716
20208	258	27569
17646	280	19673
14151	325	12200
26056	220	28065
12907	258	18475
16163	288	13781
12305	325	26589
27030	254	17897
11656	290	27924
28097	325	27473
15765	325	16235
20535	325	19082
12890	271	16550
18398	325	12928
13899	325	20219
14498	325	13781
11561	281	14004
11739	325	12076
26137	325	10986
13041	325	17460
27937	325	17572
17682	280	10661
18894	278	19465
18070	214	17019
26018	254	15134
11365	325	26322
28496	325	13278
17767	252	19088
20760	268	20248
12304	254	11901
20208	288	12520
15121	325	11526
17009	325	20609
29842	278	18797
13625	325	12076
14283	325	27848
19877	325	17360
29886	258	11084
14063	325	11002
15796	325	12500
17216	307	20248
20868	254	18880
25857	325	18285
29988	325	13276
20192	325	14748
12099	325	16789
26166	215	25620
14469	325	10943
15188	325	17796
11081	254	29207
19983	325	25955
18973	258	10595
29771	278	18182
12892	258	15396
29054	325	27876
19603	325	18887
29625	325	26179
10849	278	11179
28630	258	17825
16780	288	17849
27060	297	19602
17124	325	29789
20291	252	18480
17308	288	17314
26998	254	12871
28992	258	12297
11478	325	16789
17099	280	26239
14107	325	13059
19549	325	28236
16209	325	20115
25650	254	20248
11185	254	25647
14647	325	20522
28665	325	27138
26474	258	20338
25895	325	29546
19084	254	12871
12489	325	11213
26107	254	29125
18241	252	15239
17153	325	12715
13347	252	12321
18026	325	29387
20121	222	17786
27549	258	14611
18113	258	16090
29773	254	16171
26288	325	15383
11215	288	12946
12668	325	15075
17705	254	18880
12476	288	15724
11291	325	20115
15363	254	13168
28631	258	25802
11015	278	16892
19259	252	20537
14333	258	20169
12303	222	12357
16135	325	14922
10969	254	16171
19448	278	14276
20845	288	18523
20160	254	19850
14852	325	13588
13671	325	16471
26094	278	20338
13157	278	19420
17407	325	10792
15554	325	14782
19310	220	12006
28533	254	16171
16675	316	19080
15058	325	26144
18983	263	13486
13285	268	18966
13828	254	14023
20212	317	10761
14422	325	14611
15870	231	14595
26358	325	18331
16452	254	26720
26384	305	15607
16681	325	29135
27719	325	12520
26161	325	18104
12861	288	11031
14998	325	25619
28925	254	16171
27590	325	25733
13447	254	11554
17474	254	11461
28927	325	13236
19864	325	27473
11754	325	10595
14811	325	20032
19407	268	14854
20296	288	14191
16938	325	28272
10649	325	19561
17514	325	15234
12462	325	12243
15061	254	28727
26647	325	25619
20304	325	19885
26544	288	13781
26058	258	18542
29190	220	13776
18284	325	20782
10537	230	26400
29124	248	28727
11378	268	25621
11964	305	13239
11423	282	18733
19580	325	13470
10584	258	26575
14906	325	28236
14915	325	13773
10760	325	19676
17970	258	27472
26313	271	10883
11701	306	17337
12075	325	18104
15875	325	25602
29928	215	20148
13703	219	11901
18200	325	20169
14619	254	13417
18669	254	14126
28103	325	17635
15002	254	17814
14025	254	19850
17739	305	19706
20833	288	15359
20157	254	11996
14931	325	26757
10578	254	17097
19687	325	11717
25528	325	29387
26403	254	28149
14012	325	20782
25677	325	19465
25632	325	20609
17083	254	20287
29776	252	11194
28006	254	13185
14060	288	28500
18987	231	28118
28554	268	11900
16297	325	11772
16300	258	28607
20921	280	28567
18648	325	28551
16402	252	12904
26346	231	19627
28672	288	16270
15748	325	18988
29999	290	19785
11573	254	11199
27059	263	20248
10822	325	16345
13934	258	16728
13769	254	13417
14749	325	18744
29721	220	18112
10618	254	12871
19349	254	16171
14651	289	11006
19415	271	18827
28310	325	29546
17401	325	14782
11621	325	25733
10717	325	12520
11958	325	26981
19614	325	11917
14720	278	19885
20161	325	19885
13844	264	13269
12555	288	15492
13030	214	28113
27966	325	13072
10604	254	20666
16873	293	26697
19476	227	25868
14125	325	28089
29626	219	14126
17256	325	11179
13657	227	17141
16899	325	27743
20089	325	29220
18859	325	13121
13580	220	15631
26398	325	20808
18700	325	25674
29225	325	29259
16551	325	16345
13559	325	20452
16807	325	11811
15756	325	29751
12875	325	13130
27169	254	15936
25844	325	13932
14480	325	14458
15077	325	29751
28531	325	20109
18861	325	11085
17091	325	27472
14340	254	16685
15886	325	15883
20849	254	13881
12941	254	15134
29503	258	14276
15266	325	20290
28875	325	13044
25638	278	26081
27146	254	20934
28024	325	13389
11759	325	15078
18695	325	27915
16458	220	29695
28290	254	14126
11010	254	12404
14065	281	15157
19363	214	14607
27568	268	11554
20516	325	17651
13549	254	20248
20515	258	27848
29052	325	10642
25894	325	14458
13617	325	18840
28939	325	13278
12133	268	20248
14794	278	20286
13918	239	17897
13359	325	29789
17164	280	11275
27366	325	11002
19702	325	29259
14054	239	27350
26657	325	29833
27207	320	11901
20632	254	29443
12686	325	12244
19478	258	13833
18029	278	11786
16421	288	27712
29020	254	25621
10738	239	14126
17920	325	13872
27035	325	29751
16179	325	20640
28707	263	10796
28386	257	29648
16551	258	13680
28238	258	29926
10588	325	28626
20678	325	17825
18209	254	11902
29584	254	12871
27969	282	12832
13899	288	29220
17235	258	18931
18614	288	20022
17764	288	15744
28479	268	12404
15084	325	27915
19058	325	29546
29539	288	10943
26074	258	14372
25913	325	18810
18932	268	13417
17861	325	28480
26693	325	28849
13242	325	25586
10989	258	16726
26462	258	19155
14209	325	20808
16021	254	20248
15642	254	17897
26162	288	27472
25660	268	20248
19146	325	11686
27582	325	15724
17703	257	19513
16981	325	27902
16067	315	17926
14447	325	28551
19235	325	16078
14944	254	17897
16008	257	13479
27760	325	13236
26547	325	14458
27129	258	27569
19939	288	18085
18849	325	12500
27455	325	19187
11915	278	26589
11350	325	13236
13331	254	14459
20332	325	27848
29828	220	14100
28205	231	14387
12183	239	11901
17494	263	11901
14478	288	29739
12808	288	26724
15289	258	14286
18459	325	29743
19296	254	14126
17346	325	29420
20194	258	20298
15747	278	17360
12813	325	14782
16256	258	26386
14479	268	29393
25987	325	18797
19515	278	11756
16785	322	28070
13719	254	14459
27361	307	12404
14259	288	28664
13964	220	26906
27383	325	20169
18247	254	28149
20539	288	12715
29252	254	16171
14957	254	25621
13763	254	19451
19667	268	13185
16257	325	18840
18377	325	29259
14793	263	14658
28705	325	16789
17785	288	12500
25810	325	12244
15696	288	20930
20653	325	19465
25985	325	20991
17491	268	18157
17984	268	16171
18873	325	17139
10936	254	14126
16366	254	12871
29025	213	14804
28286	278	16345
11482	325	13723
13114	294	25771
14805	286	11264
20815	325	16235
29292	220	13110
15886	325	12910
11539	325	13072
17253	325	14611
18256	325	27346
11569	325	19889
10912	325	10652
19457	254	18880
14443	325	12244
17366	325	18317
15532	325	18988
17105	325	20522
26896	288	20808
17485	254	11901
27404	300	16348
20803	325	28849
12491	263	19536
15567	325	16371
28258	254	14126
15728	263	20248
20911	320	17897
27062	223	17877
26833	288	19328
15672	325	12703
18151	325	17966
19734	325	16090
29604	325	26674
11432	325	16789
14472	254	16065
14239	220	12585
12581	325	12788
16509	325	27876
19609	280	20832
29997	318	10992
17684	325	13910
11971	325	20665
20363	325	11031
26859	258	19328
28726	325	12243
13630	325	11872
13514	280	11768
12701	288	12411
12498	288	27805
29561	254	27044
29480	306	26186
16279	325	26012
26844	268	27517
14266	325	26127
11561	280	26193
20987	254	11996
17443	271	13596
12302	254	16171
26668	288	11811
18021	297	27335
18482	325	20022
18226	263	28149
28261	325	15492
18360	325	12958
20184	214	13178
28405	254	13185
14935	325	14465
29593	254	11461
26937	325	16614
15037	254	12871
20643	231	11714
14755	325	25619
15951	325	26043
20751	325	14922
11962	325	29673
20875	325	27059
15887	254	16477
13336	220	15699
26335	258	14941
14327	325	29789
12292	215	25620
18879	316	26632
29536	268	10539
14150	318	26031
29002	258	29673
12740	278	29751
13193	325	16447
27322	258	28626
29907	288	19363
19133	325	14286
27001	268	16171
11922	258	12958
18088	231	16943
26209	325	14917
16353	325	18036
20121	323	20975
18817	268	29442
20491	263	12871
26005	252	17711
14249	278	12076
17915	254	10796
28055	220	17927
19242	212	29634
17256	268	14658
16470	288	15359
20823	254	12404
11436	325	12946
17156	325	10986
20530	325	13843
29014	220	19036
16199	263	18550
12198	288	16471
18479	325	26878
28154	325	18530
10894	261	19156
28965	254	26720
12455	278	26386
16526	258	13495
13075	288	16962
12941	325	29319
14299	325	25551
17719	325	14625
28618	220	27088
26784	220	11751
15363	268	11901
25554	325	27614
18829	258	19135
12289	280	14613
27185	252	28701
14048	281	18637
19734	254	20248
18038	254	13670
15404	254	14548
16143	278	12522
12599	254	17897
17413	288	13781
16139	254	17963
16021	258	15744
20260	325	13376
16462	295	12008
18293	254	28931
12170	325	15565
26164	254	10539
27003	254	19451
29162	325	18036
26263	258	11084
27967	325	29387
26500	325	18281
28594	254	11901
18576	278	14941
27136	220	13847
29049	325	20286
25576	325	16728
13246	325	11085
27065	322	26376
25553	288	12076
26484	254	12871
25636	325	12965
17601	297	19217
20144	325	16388
27705	223	17376
18353	278	20115
15325	325	18797
29082	268	14459
16980	325	27769
15393	322	14357
25936	325	29047
16043	325	13121
15728	273	20636
15664	254	14136
12444	254	20248
19834	316	26572
13288	268	18511
25527	281	15157
14172	325	10986
27159	325	15198
29704	325	16432
16944	258	18797
28724	288	19561
19342	325	13276
18177	288	27472
18673	325	15180
12260	254	16059
18864	278	19328
18259	325	28184
15617	325	12788
26803	325	16270
28086	325	10595
29194	325	15234
25671	239	16685
15245	254	17897
25581	325	17635
10799	325	28044
12707	325	16492
14130	258	12491
13275	254	17511
16206	288	18744
14020	325	16726
16660	325	29751
12774	288	15727
14496	325	11031
18045	325	15383
29579	263	15375
12342	258	18797
28969	288	29546
17092	325	25733
19656	325	29941
17312	268	14136
26589	214	14581
25967	325	13708
11894	325	18036
16300	258	11917
13324	278	15712
27421	325	13376
13961	212	28756
28213	305	27350
16396	261	11897
29606	324	29254
13395	280	15344
28628	254	13185
28464	239	29125
20037	325	17651
11246	325	19719
16820	325	12076
10833	325	11068
27372	252	27581
28808	261	25622
16868	325	13108
15373	325	10898
11807	325	20169
26102	281	15163
28416	258	17826
14945	325	25733
27458	278	13495
13975	325	19565
20727	254	11554
15196	325	15396
29067	258	15712
12479	325	15078
20676	254	29186
12726	317	28170
12162	278	28045
15152	254	11902
16146	227	14509
29534	258	17825
29827	252	19994
16314	325	26970
15139	325	25944
20311	325	25602
19007	220	12779
18645	325	27266
14543	325	12500
25796	325	28072
26013	271	28147
12462	325	27902
11326	226	11178
25824	254	14459
14630	325	14611
19754	325	28500
17166	316	17769
25666	325	26081
20738	217	17301
28946	325	11085
12140	271	19410
13706	325	15234
26126	279	17542
14004	254	18966
26934	325	20636
27755	231	16606
13539	325	19885
26361	254	19829
26385	325	18726
17750	325	13121
18186	239	29767
14359	254	14136
17262	220	15846
20151	254	15936
29142	214	12463
12328	325	16388
14978	325	20219
29402	278	13843
10531	316	10743
15269	231	29849
18587	325	12244
19239	325	14458
28078	325	11085
26447	254	11554
18655	278	29751
28658	254	29763
19882	278	11286
15656	254	29125
28071	305	17897
27826	258	17992
12762	258	16492
20494	223	18550
14597	325	18085
14423	254	12406
12386	258	10776
29257	263	27517
12175	231	12531
25625	254	28149
28129	257	16651
11804	278	14191
11355	325	11179
15866	258	20428
18749	227	26882
27403	258	13773
15014	278	27900
25601	288	27080
28513	325	18931
10645	325	26350
29702	227	18924
18159	325	15574
17472	325	18726
18522	325	17314
14785	254	16451
19324	278	13030
17175	243	29560
13225	325	17360
16724	254	16065
15740	252	27071
14450	325	14465
11045	325	12500
17372	258	19971
26054	288	25860
19836	325	15720
10901	278	20115
18574	254	14658
12515	288	17139
15001	271	15834
19376	325	18726
17966	277	11819
15285	254	11901
16840	258	20636
19260	278	10986
13990	235	17585
15663	325	12243
15078	307	16171
18979	325	20636
12956	325	11811
12435	278	10932
15344	280	10832
17913	288	12505
19111	258	15194
16888	254	17511
15225	227	20985
19573	222	26100
15760	288	28053
11112	278	14922
19195	325	19676
12275	325	13495
14339	325	19420
11153	278	12958
16654	325	29998
25530	325	12500
11368	278	20930
28492	254	25621
29653	325	14075
20760	258	29751
20599	325	29926
14755	325	11811
11939	254	16065
26001	325	29579
16634	325	20930
14535	307	27104
14275	288	26179
26701	254	17897
28466	254	28149
20474	254	18880
18162	325	28044
20957	325	14494
20955	325	28092
15124	325	15234
27726	252	14923
12071	325	16942
28019	278	12649
17764	254	20248
29410	220	20191
26433	325	12428
26159	325	19719
12995	325	20574
29278	254	28149
16101	278	16728
19535	278	18931
17232	215	28997
28358	254	17511
15438	271	15525
20606	320	25621
11852	300	15254
20095	271	16077
12881	220	18709
17066	325	16388
12551	325	12411
18754	258	26740
28700	325	28607
11777	282	11737
11094	254	14459
14811	262	29220
15091	325	18104
27590	325	28089
11147	325	14075
16840	258	17139
26175	268	12404
14323	325	14372
16514	268	16589
20008	325	13236
17549	252	19105
18342	281	29983
14002	325	10943
28084	268	15094
28968	325	29546
12730	258	25662
14141	257	18948
15817	254	20248
27418	254	16171
29219	254	28291
11319	288	14075
11597	325	28541
17116	289	17548
10951	325	12244
19727	254	11901
27295	278	20551
20653	325	17635
20208	288	12703
27613	325	11734
11403	325	20974
19338	258	15724
11046	325	20219
15286	325	14869
28732	325	20609
20539	288	29743
26796	261	29384
27461	220	28055
28978	238	15424
18314	254	10571
14507	325	17521
27586	325	19565
19424	254	14126
20870	263	29767
18509	231	28861
12630	278	11213
19207	325	18726
17952	278	12244
26268	325	10652
20754	259	19164
26429	254	16171
10670	268	13417
14653	261	11897
11291	254	11901
17787	325	28976
27753	282	15401
14069	297	18403
28473	325	18797
27095	325	14276
28213	305	11458
29186	219	17814
25862	305	17958
12618	288	29387
17383	325	27472
13422	257	27359
27097	325	26386
19027	261	25558
13302	235	27404
27818	325	12649
20890	325	19561
14100	325	19565
17779	325	10879
11904	325	16992
14113	254	17897
16901	254	12871
26532	254	13417
19072	254	27350
18005	325	19676
12378	254	10590
12303	222	18506
12273	325	27876
12202	325	12957
25874	325	14633
29123	325	14072
11547	227	13888
20586	325	28184
27082	325	16942
15136	325	13236
25609	278	14922
29016	258	11084
12232	325	20338
28369	325	13108
27281	325	16371
18332	288	18362
11602	325	29998
28086	278	17494
20614	325	11786
14274	254	20248
27272	325	12715
18575	288	16789
28758	325	28044
28709	288	16432
11075	325	28551
14746	325	19889
20039	278	13376
15866	325	26740
12081	325	16824
29694	278	11084
29895	268	15936
14966	325	16388
12355	280	28559
29315	325	20930
16082	325	29998
29907	288	20574
28849	263	29722
10567	325	28976
18113	325	16824
17598	239	25621
10922	268	11901
20715	258	29833
27091	325	28092
27816	325	10898
13959	325	20290
13267	271	12020
20580	258	20290
19898	325	18085
20485	325	25662
29351	325	18931
18978	278	18726
26615	239	14043
26175	288	17635
29195	223	15413
27239	223	19616
16712	263	14459
28276	258	18542
29527	258	19885
28312	254	13239
19544	325	14494
20343	325	11778
11789	258	28541
17746	268	12871
14035	220	26447
27046	325	12820
15620	278	18797
18739	300	11247
11332	325	12520
15136	325	29751
27503	258	12662
14608	217	13063
27031	252	14644
10615	235	11902
12758	254	11554
15634	325	27246
18753	325	27848
11806	325	19328
19680	258	25602
20406	325	29320
27648	258	16962
13798	278	29833
19136	317	10761
28423	325	16824
16329	288	15359
17393	325	17139
12950	258	13680
19872	322	27446
13925	324	27847
26296	325	15565
28508	258	26083
20232	254	20248
26264	325	12428
29774	254	14126
19471	325	29941
27355	325	20522
28069	258	26878
18145	268	26617
26801	325	16874
29181	325	13495
16131	254	20248
17125	325	14458
18742	220	12651
13191	254	15134
19305	325	26224
17676	325	12965
12228	268	11996
17086	238	20658
12301	252	13896
20823	325	27080
28917	288	20219
26146	271	15113
15232	288	20289
28704	252	13459
19781	254	14126
15582	325	18726
19271	278	13278
29747	325	16614
20739	325	15883
16930	278	18639
19599	325	12664
12757	325	12820
27380	325	28053
16802	325	15697
16964	307	20248
10620	254	25621
16358	220	20821
27947	254	12404
29380	254	26837
14669	288	13376
28230	258	19971
18039	254	13239
16076	288	26127
18917	289	25864
28103	254	20687
27695	325	18054
10774	268	16171
10750	258	12788
14688	288	18726
27453	278	25662
28378	278	18726
11449	257	27359
27481	258	20574
20776	325	28480
19358	282	12497
20725	325	19565
16569	325	29135
28945	325	20022
20224	325	18726
26091	254	28149
20916	254	11901
14202	217	25661
28006	325	17992
26823	325	18036
15582	325	18036
20419	254	13185
15598	325	12105
12290	325	10932
18297	325	17314
27450	278	16388
27939	300	18506
15545	325	18860
29935	325	13708
28439	325	14013
14226	288	14276
27215	325	14072
28962	254	17511
26889	278	27569
11287	325	27569
27457	325	19992
20597	325	29579
13062	258	14625
12143	254	14126
17602	220	17160
28194	325	16728
19751	252	26372
11073	325	19465
14673	293	26697
13915	325	12910
27428	258	12105
27355	254	11901
15038	288	16235
18613	325	11002
12259	325	17314
14475	325	14376
12474	325	29488
20832	231	19609
20499	317	27044
11732	252	17930
27022	251	15424
25785	258	20169
20357	223	12238
29240	254	11608
16110	325	15396
18101	325	28045
18535	325	18931
19377	268	20666
17132	325	10943
27469	271	20800
18302	325	19465
18228	325	16492
18548	325	26589
25660	254	20248
17940	288	12105
12189	325	17494
11883	325	18840
14710	325	12788
20072	325	28909
18218	288	12500
19642	210	10732
16931	325	19465
29666	325	28121
14937	254	11901
29932	288	28045
26381	278	20219
25698	258	29789
11221	325	13278
27620	293	28356
20978	325	15075
25783	258	20871
19042	217	18685
27362	325	20032
27607	325	10563
17615	325	13121
15063	258	18523
15187	288	12076
14549	254	27044
17883	325	17825
15172	325	27747
25953	325	15574
17498	325	20219
16370	288	27472
19865	278	17634
26644	325	17826
11442	325	18542
16653	231	27379
28512	230	20926
27804	254	12871
26864	325	14633
29768	268	11996
29192	307	14918
19939	325	18281
10537	316	28627
17840	288	11179
20742	263	13168
11088	217	19730
28945	325	28184
18429	257	26208
11060	325	26451
12614	231	14706
26238	258	15198
18319	307	16977
17344	254	14459
18451	325	13108
16225	261	27288
19239	325	12076
29624	243	20666
26505	268	11579
29056	254	29125
26210	254	28149
12721	254	16065
13863	288	14072
20271	325	27059
11616	325	15028
18213	239	27350
25556	252	29089
10707	325	19904
20704	222	18506
18250	325	12928
12812	325	12520
12763	216	15420
13955	254	17897
29392	325	29751
11345	254	25621
13459	220	28704
20296	288	26740
29912	288	11941
19211	325	27876
19446	220	25910
27873	325	11179
19680	288	12428
26162	288	12664
29581	217	11363
12271	325	19676
28041	325	18606
28438	234	17143
20162	325	29789
11868	258	15492
28475	257	12709
27586	254	25621
18788	325	12105
13541	263	19979
29097	305	16954
13283	325	16728
19923	258	11085
16925	325	18887
19012	300	20379
27432	254	17907
27560	325	27473
18017	325	27848
11096	288	14494
28262	298	11863
13831	254	10796
26328	325	12958
17451	239	18014
26143	325	13376
20054	240	13381
17014	258	27473
10804	268	11554
15957	325	14372
19347	325	27473
15675	325	18577
27782	325	13495
28409	288	11085
10554	325	29420
12509	325	10879
17132	325	28500
29518	325	26350
28762	258	13044
29481	254	28149
29126	257	12859
13154	300	18506
28079	325	19635
29808	325	25551
19456	325	13470
20711	325	19561
29393	300	28465
12652	325	19565
19797	325	19904
12120	288	29899
18719	254	16171
18310	278	28500
13363	325	27569
18113	325	18606
28526	254	17108
13889	258	20636
29964	325	20609
12055	254	14459
11197	258	20219
11071	258	16235
13931	254	27044
25559	288	12662
18120	325	28855
26938	325	29751
26802	325	13072
26579	257	12859
13281	254	11901
25888	325	28184
11980	216	17185
26101	325	13236
28083	254	29125
26053	325	18542
18558	325	20115
14237	325	17572
26845	325	15396
29630	254	17897
20494	223	18884
10714	325	11004
28478	258	27606
27915	263	14126
28019	288	29884
14233	268	11901
11952	325	19420
29437	325	13376
20712	325	12243
27780	252	10762
11220	254	26033
26914	258	12846
16024	325	15180
13794	258	27769
17864	325	26043
12287	235	20755
11958	325	18182
26279	325	19420
26497	254	26033
18351	325	28596
26728	254	14126
26067	325	13574
16658	258	28805
20725	325	15574
14906	254	14030
17187	275	17280
11508	254	14459
20532	258	12520
16441	258	29320
18592	254	11900
17595	254	13185
25976	325	13072
17380	325	14075
14692	325	26878
10856	217	15236
26898	219	11901
28019	258	29884
15718	217	27136
18875	254	27044
18576	325	14941
18875	258	29739
11415	325	20219
13614	278	18931
17391	325	18744
20673	282	15186
28727	300	16348
12594	325	12965
20004	325	15720
16624	325	16492
15048	254	16171
10861	325	13698
29804	325	25586
28037	273	26386
15451	231	28102
19505	258	12076
11753	252	28841
17091	288	27472
13047	219	11638
10865	254	14136
20589	297	28997
10548	280	26891
14863	325	18188
11046	278	26350
19999	254	20248
26889	325	27747
15020	325	18797
29990	325	28216
11456	216	27442
12666	325	16726
19588	288	14465
18686	281	17993
29006	325	12662
13451	325	28184
19087	325	12910
10525	220	13418
17823	306	16230
27160	252	10722
19378	268	19536
13523	219	14043
11112	325	12164
14362	252	15319
12004	288	26179
16712	307	28149
15473	258	12164
12396	325	26179
13868	254	20248
15564	325	16269
11567	325	13376
13859	278	12500
20236	235	26548
10826	258	29789
20047	278	18104
29955	325	17314
17743	252	10820
15457	325	29833
20464	325	11179
13455	210	11156
14433	257	10828
26284	325	28607
20708	254	14136
27922	304	19291
20512	325	12822
20044	254	16065
20248	300	11532
12909	325	17966
12808	258	25551
27442	228	29961
16757	268	11901
20537	220	19259
14020	325	14372
18679	278	16726
29660	268	27350
27863	325	18319
27097	254	20248
11064	325	15574
20512	258	18639
10628	280	10900
13728	258	20022
13111	254	17897
12049	325	12820
18159	254	13185
14909	325	10652
15298	288	19971
14947	252	28749
27921	325	20219
27264	325	13507
15403	325	25662
15196	254	14126
16283	325	28805
28913	280	13508
10709	325	20930
29510	325	14458
19856	325	27472
17077	282	17993
17092	288	14075
28715	317	20695
19467	220	25542
26045	235	11901
17473	325	19563
14385	220	11493
18969	325	13680
17153	325	27769
11083	317	14658
14735	325	15744
20500	257	18323
29056	325	28236
18624	325	16345
19287	258	14917
20376	325	13495
27811	325	25802
15268	325	27346
12006	325	19885
17041	235	18504
14050	254	29763
10938	307	20248
11210	325	13723
16348	300	17814
19433	325	29579
27161	220	27565
29700	325	11778
17036	254	11461
17622	288	11526
19194	257	12671
16580	220	26815
27891	325	29259
10722	258	17635
17829	294	29159
27185	278	16824
14461	278	19885
20201	325	16789
26693	325	18281
15028	307	19016
20922	254	12871
15490	325	15085
18330	220	13827
15659	325	15180
25815	325	28222
11503	325	13470
29081	290	27924
28860	325	18104
17642	252	17471
13931	288	12965
17037	325	20169
27496	254	11504
19448	325	16728
12698	325	20974
29697	325	14465
12482	325	12500
14536	254	29207
26921	325	14072
27418	258	16345
28995	268	14136
10698	325	17139
13541	263	14548
15502	325	17314
26782	263	18884
13461	220	13745
17799	325	20871
14019	294	29876
18024	325	15234
11679	254	10526
18755	254	29881
20060	325	10716
12616	252	28748
11837	258	12243
25503	254	10796
29667	258	14458
20945	254	19583
14786	325	12946
16781	325	12184
20146	325	25619
17167	258	12105
27710	268	11554
26317	288	18331
10906	307	20248
14172	288	10986
17281	325	18931
27516	286	18358
15637	254	14126
13858	282	27300
16994	325	20991
20327	231	14102
27158	325	26970
28681	325	20290
16713	325	28236
14238	268	14126
17848	325	27805
27068	316	18598
18378	325	20286
26482	325	12500
17435	258	27902
19188	282	13844
13225	325	18931
15383	263	18007
16638	278	20609
11592	325	19465
26561	288	13044
13964	252	14396
28838	234	26477
19323	258	18034
27030	325	26386
17688	325	14075
28722	223	26490
17049	223	27350
12026	220	11828
12027	320	10571
16041	278	18797
11022	306	29960
25700	254	14126
12424	325	10686
19934	325	20974
27317	278	18797
27409	263	29308
18495	258	28045
20266	325	14458
25762	288	14376
10842	325	28184
17557	231	12175
14716	220	12247
12650	268	14136
27290	258	20457
28631	258	29135
19267	252	14187
16370	258	18639
14572	254	26188
20317	325	14191
26110	325	20338
11108	254	11461
19909	325	16824
15867	325	12846
26123	325	15724
28084	258	16090
28560	325	29789
16733	223	17643
20156	239	16065
25644	325	15075
29751	214	29392
27713	258	16090
29820	254	28149
16322	325	12428
16215	325	15417
15635	213	11590
20234	252	15698
29395	230	13457
14287	325	29192
29087	325	18887
11035	325	20298
13530	325	20115
20280	256	17267
26563	278	17360
20170	325	14917
16172	239	13808
20306	325	18988
26615	239	12828
11186	254	11638
14976	268	12430
11748	254	16171
29016	258	26043
27008	325	11085
19682	325	14782
27982	278	20289
20494	223	16685
15394	275	25659
16568	325	14611
29145	254	14459
11596	254	13239
20941	258	13470
19394	254	27350
11864	325	28341
17011	258	16824
18960	325	27080
17210	254	19979
18265	325	12164
15026	258	15724
18188	307	11369
13899	288	20290
27220	220	20743
14991	325	15724
17800	263	20379
26126	279	11237
11177	239	17802
12708	313	16915
17919	325	14922
13861	227	20432
14612	325	16824
18904	220	17219
17848	325	14782
15872	254	14658
12156	325	16726
12881	252	26489
26944	294	27498
11798	258	19465
29332	268	29036
29736	325	17826
20904	220	13720
17401	254	13185
11373	325	13121
10653	249	13784
12908	254	25621
25879	325	17651
17564	268	11554
28186	325	18182
18463	294	17047
29527	258	29751
11425	308	14257
19349	288	18217
18540	268	14136
12369	254	16171
13654	254	17133
16651	264	29650
14627	325	10595
26874	325	19563
28014	325	26724
15675	325	20184
12172	252	20245
28958	325	13723
18653	229	27419
14295	252	19940
29746	257	10811
13504	325	18104
13114	294	11725
27746	254	14126
18506	305	29125
11467	325	16270
17459	325	28072
12837	254	17231
11455	325	14286
20269	257	12507
17125	254	14023
12050	235	13185
29206	252	16720
28781	288	13030
10604	258	18475
13949	325	27743
17890	254	11901
28662	259	29411
27559	325	16454
16096	258	18887
20114	325	20428
17737	252	18907
15706	317	29443
25950	288	12105
12852	268	17907
27932	288	20782
29783	325	10506
12851	254	27044
26730	325	16942
25761	220	11487
26500	325	18606
18752	220	29686
26813	278	16726
17138	325	14075
12908	325	12164
27183	254	29207
27339	268	19051
13266	288	25662
16408	325	12505
17988	254	11608
17888	288	13588
26765	325	16789
19140	288	12105
20908	258	20219
28764	252	17549
27555	252	20417
15395	325	28072
13994	282	28563
26988	325	13376
14884	258	15697
15766	325	29998
19418	325	20930
11556	278	18726
28660	325	11085
17469	278	15383
29774	325	28053
14385	325	20286
16762	254	11901
12498	258	27805
26256	325	14922
20833	325	16432
12055	325	12500
11897	315	27629
28984	325	19561
20811	288	13278
13871	263	25647
17572	214	18143
27495	254	26297
20072	325	13121
18876	257	12525
14294	325	14494
11525	325	16728
11248	288	25802
28962	278	15883
28160	288	17458
10506	307	14459
20307	278	18797
10920	254	12406
12065	325	29135
18781	214	13913
18591	288	20636
18537	315	11193
26855	325	11872
26086	325	20551
16851	255	16506
18751	258	17314
14189	254	14548
20817	258	28053
20532	288	27915
19783	258	15568
20297	325	11266
25841	325	29488
12469	325	15180
12384	288	29546
13255	325	17314
19749	325	27171
27703	220	14158
20540	231	12045
18982	239	12404
18814	317	27044
26724	214	10974
28649	254	14658
15255	325	15883
11801	325	10932
20884	220	17911
10986	307	13417
15963	325	26322
20057	325	29998
17670	323	25971
20278	325	15724
18409	258	19465
13338	325	20109
15666	325	13470
10641	239	27350
16695	325	19465
25785	288	18182
20828	278	27738
27061	305	28437
15666	325	15180
18314	254	20666
10805	278	19635
17082	316	28020
12641	254	15134
20925	325	17796
17025	254	10796
13960	263	26936
13245	325	11192
27843	278	20290
16754	288	13872
14661	220	11893
27480	254	14126
26852	288	12076
25921	325	14771
19102	254	20248
13772	254	20248
19708	271	16548
29002	288	20782
26165	325	18492
29385	254	16556
12764	254	28727
20299	268	20139
20889	254	28149
10955	278	18797
16510	325	12244
25713	325	17314
18313	325	19420
28974	325	11872
15711	325	15744
18522	278	19328
12307	325	28072
10912	325	29135
18072	280	13524
18476	325	15744
18629	278	26179
29506	258	12243
28830	288	18931
17476	325	11786
15737	254	17814
18404	254	14205
17441	325	13966
16063	325	12512
11738	258	20636
28142	325	13470
28035	325	18860
29817	250	10761
19060	325	18281
27428	288	28527
14672	325	26350
13234	297	12612
18095	249	27890
18258	280	17310
18666	297	13545
27787	278	20522
12430	223	17060
27348	278	20574
29778	252	13716
18234	278	29387
28661	325	20609
14251	325	10563
17441	254	11461
20984	325	29546
26779	220	12245
28024	288	18887
11559	325	13495
26385	325	18797
11321	325	16388
15733	220	29723
11835	325	13680
18201	325	14376
19294	252	17835
12143	325	12846
28024	258	27805
14358	325	26179
20700	325	18571
13590	258	28222
28939	325	26144
18907	268	14459
29996	257	12525
27830	278	18797
29228	316	18808
13503	231	14053
25655	325	26179
15129	263	13096
20052	254	20248
11420	325	14782
18755	278	25529
27575	325	20572
25644	325	13072
12229	278	15724
15796	325	20219
12974	252	12492
20048	220	14062
25607	325	12500
15769	258	11537
12700	325	19465
20843	258	14376
12340	325	25733
29259	263	20248
17790	323	29826
16916	300	29763
12800	229	14074
25677	254	17640
13841	278	12500
27395	325	14839
16563	254	11901
26483	252	25616
15704	325	12958
18126	278	20169
19044	325	13843
29000	254	15375
28381	325	19992
17769	261	11278
16416	325	10879
26985	254	14459
13734	254	10607
18158	254	28751
27826	288	17992
17485	325	20338
13259	325	28184
28239	325	13781
27528	325	27848
15485	325	12491
26354	254	28149
19864	278	20115
18552	325	16432
19934	325	25802
19225	325	11734
19323	325	18625
10769	254	12404
16074	252	10669
10826	288	29789
20499	235	27044
19323	325	18606
16494	258	29998
28472	254	10796
13165	288	18212
19586	325	10595
12193	325	15028
20719	325	13376
11849	325	19420
27242	325	14831
26351	254	11458
20678	288	27743
11351	254	16171
20874	294	28470
29733	254	11638
26128	231	15805
27218	288	19676
20995	254	19451
26419	325	10932
27933	325	26179
14845	288	27876
17489	325	29833
19398	254	14459
28902	254	13980
27842	254	20248
11458	300	18975
28233	252	16694
26313	280	27247
12889	220	13465
29920	288	17825
13247	254	16171
14193	305	17433
19508	325	14771
11841	268	11551
15123	254	18880
14786	254	16685
28056	254	26413
20448	258	26724
27396	307	20248
17026	252	19903
25733	214	12342
18872	231	17805
16742	288	12105
12131	325	20219
17014	258	18840
12633	325	11778
27021	325	12965
18845	278	14458
26666	325	19563
26470	325	17651
29781	325	17635
26172	278	12274
12283	258	16726
29156	325	26986
16948	325	28089
20699	325	12662
26465	325	12500
11833	325	28184
29381	280	19965
16163	278	18147
12736	254	28149
27536	254	19521
17593	254	11166
18923	325	18840
29763	300	27964
20896	258	26724
20277	325	27769
18812	254	20810
13149	325	26386
15292	288	26878
10569	325	20115
13129	220	25691
14487	254	16685
27731	325	27876
19846	258	12512
27906	325	16492
18538	280	12445
18152	254	28722
13832	317	20379
28160	325	10943
28189	288	12910
11511	325	13470
27755	282	18093
29033	325	16726
17697	320	20248
16644	325	19335
16491	212	28093
13529	278	10792
10922	288	14458
11748	325	20290
11283	325	16728
19608	239	29125
19634	268	14105
11101	325	14820
28014	258	18988
10684	288	26179
12932	325	13680
13867	258	11786
13914	325	12243
20034	280	29421
26280	254	20666
27821	258	18813
17175	220	29560
14254	254	11901
25553	258	12076
15717	282	12832
11533	325	16728
12215	325	19465
13748	258	28045
29299	307	17303
27218	288	29833
17005	325	20522
15483	325	12643
19748	325	26713
14488	325	14167
15371	288	28044
29647	306	17337
11204	325	13030
15461	325	27948
29636	254	19979
13143	325	19246
11780	325	11778
12709	246	13543
16092	220	16204
17383	325	17139
17689	325	20219
26442	288	10932
19346	326	25966
20272	325	16388
29934	325	26084
14572	325	14917
29273	231	15807
15455	254	25813
29415	258	28089
13489	280	13434
16915	254	20666
29505	258	12428
20416	325	29579
12471	231	17722
19562	254	29125
12905	325	11069
18877	325	15106
27290	254	20248
16981	325	19885
27130	254	29308
18783	257	12709
15751	239	15134
28585	325	27983
18245	220	25954
15090	305	20379
14411	325	19676
12536	305	12197
26761	325	14372
11851	325	13030
15784	258	15028
18688	254	11901
12623	222	18506
18306	311	29032
27713	278	13389
18604	220	14859
20805	325	13376
15879	325	17139
15479	254	26371
10996	278	18726
18118	325	17966
15627	219	10796
11512	325	27712
17803	268	20248
12259	278	17314
19472	325	20452
14020	325	12164
29061	325	10563
15265	325	20022
11349	325	16270
28023	325	16388
14224	325	15492
17000	325	28541
25784	254	28149
25590	325	18577
29511	325	18931
15819	325	29135
12268	254	14658
15115	288	14372
15792	325	20930
14882	254	19979
10620	258	11786
19663	325	26869
11180	219	26837
10665	281	17324
13316	325	11085
28240	220	15931
26449	325	16235
18426	254	29442
11809	239	17897
27992	325	15574
20538	219	17897
18035	325	12500
11525	278	13932
19826	258	18797
14900	325	14782
29369	240	14745
29736	325	10652
19119	254	17186
18372	307	16906
25749	220	19366
28318	325	14276
18294	325	28500
17924	268	18584
26544	288	13773
10598	325	20171
17514	325	14633
25873	258	27080
29710	325	10716
27248	288	26350
14478	258	29739
14668	254	14400
16475	325	18036
10818	325	14276
20494	223	14658
27185	254	12139
28623	325	20636
29748	325	27876
26810	258	17645
19702	325	16728
28079	288	19635
11599	254	12404
28257	325	14372
11528	288	10595
14036	261	10508
27698	278	28053
10783	325	14075
25813	225	15455
20532	288	18523
16649	254	13415
18825	258	15720
13782	325	11085
27066	325	13495
12160	254	12871
14053	280	13503
10750	278	10563
26764	325	28500
11515	254	17133
13687	222	20222
14155	254	14136
13503	282	20113
13552	325	29833
26173	254	20248
13335	325	18988
12562	254	20248
18487	280	10665
28823	254	14658
16879	325	12910
17688	325	28089
19518	325	29751
26661	268	14136
11872	307	14459
11359	288	14458
17507	254	15134
16841	325	29833
17834	325	12428
14568	249	10586
10507	325	10606
29025	239	27350
13472	227	20846
28023	325	14034
18010	325	11085
20678	325	12662
13450	231	29335
19068	325	12500
13853	325	27346
27514	288	13030
28440	325	14372
14760	325	27948
29799	325	29789
28728	325	12428
12811	325	25619
11195	254	17897
27449	254	16811
26147	254	12404
13171	271	27300
17770	325	27848
15558	278	28045
18329	268	17897
13696	254	10590
12844	325	12500
20074	268	20749
14945	325	26724
13975	325	17314
13149	325	14611
12182	222	26100
25563	254	12871
28461	278	12500
20269	282	12507
13641	280	16705
17473	254	20248
27287	325	10595
14943	293	28356
13041	325	14782
15959	325	11085
19100	254	16685
12067	325	14465
16077	254	10796
14266	254	17897
29249	325	13470
16130	325	27712
19365	280	10979
28020	230	17082
12314	222	26100
20692	325	27234
19846	258	19228
20896	325	25619
13585	325	15075
15894	258	19497
16540	288	29751
17484	325	15492
25758	325	28909
28056	325	18182
28002	215	28321
15989	254	27252
15699	252	19527
14477	254	18562
15376	325	28089
14811	325	20574
29357	325	19635
19601	325	20290
17110	254	12871
28524	220	11052
16364	325	27377
18023	288	29998
26408	325	29135
16780	288	27712
29652	325	15744
16551	288	26836
12687	325	20219
18632	278	14611
11474	278	27569
16756	243	20666
17453	325	26325
12791	282	18746
20519	254	16171
16174	258	14201
12542	215	11645
26957	325	20169
16275	325	20636
19042	217	27518
11096	325	11756
13434	281	15861
15397	325	27876
11228	325	11756
19365	231	15880
27978	325	25860
10644	325	20022
10862	261	20687
12822	263	11579
17995	325	25802
26577	325	29259
16807	325	12076
29659	325	10652
27746	254	28931
14699	254	14126
27973	268	14136
20804	325	19465
17093	274	14891
14614	325	20752
20696	325	19420
13687	222	12357
20689	268	16171
17463	280	17757
27255	325	18124
16573	228	26273
26285	325	12428
27343	258	19561
20265	288	19565
12499	325	29135
14496	325	26836
19288	325	15307
29217	325	17635
18703	325	20825
16037	325	10730
10737	325	29259
25783	288	20871
13870	252	11745
26388	254	28149
13342	254	26564
13906	325	20551
17650	288	12500
15525	254	19521
18629	325	26179
28265	325	27983
12079	325	19971
13780	325	25516
28374	258	14611
19501	325	27915
26651	254	14126
13775	325	16726
12143	325	12491
27165	325	12662
26871	325	19234
18347	220	17348
13824	288	13470
16579	258	13680
11197	325	20115
28439	325	13680
18116	220	26272
29898	305	17958
16222	325	25944
13561	325	16061
11096	288	15724
15918	227	12216
28579	263	16066
26054	288	12928
17367	263	29626
16215	325	29899
26561	288	12520
11811	214	28212
12799	325	26179
12323	325	28044
29309	325	14839
19227	325	25662
18769	325	15180
18101	278	12500
29065	258	11778
28572	288	12910
27310	278	20169
27767	325	14458
11896	325	28500
26728	288	16726
15164	325	14633
20316	312	13997
17773	258	13470
11440	325	20551
16698	297	15079
18408	325	15712
25600	325	17635
26567	231	14225
14973	222	20222
28160	258	12184
19648	254	11901
15403	325	12958
17435	288	14372
10775	254	14459
29505	258	20115
15301	325	20452
12611	325	20551
16718	325	13278
17312	254	19850
28733	325	15565
14324	288	27747
25962	325	17300
13386	220	15733
29990	325	12411
13921	254	20248
11916	254	11901
16487	268	12404
16924	258	29833
11869	254	11901
12136	325	14458
20636	214	26951
15323	325	28538
14627	278	29751
29707	223	19127
16544	239	12871
11515	325	18606
15524	325	26350
12139	219	28149
26748	254	11996
28086	325	12500
28728	254	13185
10637	268	10590
11470	325	15697
15078	214	12203
18777	254	28790
29211	325	17938
17188	325	25802
19592	325	13966
10532	325	20636
20858	259	18881
18003	252	16362
26728	325	12105
18403	254	11901
28649	325	16388
12186	325	12715
14275	288	16148
20867	325	27902
27547	280	28099
28315	211	14110
15970	268	11996
20595	325	28551
17383	288	11068
27494	325	19187
12198	288	20219
27371	252	26041
11480	325	25663
27471	325	11004
15825	252	11956
26149	325	19465
18256	254	12871
15115	258	12243
12389	235	14126
15330	258	16492
28640	325	15727
26771	239	18795
14723	268	16811
18342	271	29983
10959	278	26179
28788	325	10652
20026	254	11797
29247	325	20219
16166	325	28500
11235	325	26970
12519	288	12500
17363	325	14072
20869	252	26821
19689	254	19850
19871	280	11647
11812	278	17625
16784	288	20545
15160	288	13236
26763	325	10716
18120	325	15307
27147	288	18372
17410	325	28500
19596	252	16513
29886	288	13376
29212	325	27080
17880	252	26367
16265	325	13376
19960	239	11901
18980	325	26073
20397	258	12244
26946	288	14494
15543	254	16685
26565	325	14075
15140	268	14136
11738	258	18797
18753	254	25621
11995	220	11407
19424	325	26878
27112	254	26297
14829	306	26880
11359	325	14458
26489	252	29553
17126	254	29881
12444	278	27473
13350	317	14126
12811	325	25602
10720	325	27211
27537	325	20930
20042	325	16345
27731	325	28089
20002	288	28976
20050	278	26386
12258	318	17212
29177	278	15492
15815	325	12243
28225	254	28149
18801	325	18226
29863	325	20290
13782	325	19992
18092	325	29926
16891	325	18988
18933	252	29301
13069	325	20022
18421	254	27394
14687	325	13108
26256	258	16235
18631	220	14959
27503	288	12662
17886	325	18639
27097	325	16090
19078	325	27171
15582	325	13872
25847	258	28045
28351	288	14267
20541	254	17897
17595	278	13932
16494	258	12274
20394	254	14136
20602	325	12243
15366	325	10652
27828	325	20115
28588	278	20930
29526	280	19462
11238	325	13121
11100	325	11085
29863	258	19020
16534	325	16728
15331	325	26981
12199	325	14075
27161	252	13626
28159	288	25619
14214	254	11608
29080	325	27983
25688	252	29927
26463	278	19565
28779	325	28089
14144	325	14782
19338	288	26179
15269	280	29479
14006	325	14782
28659	325	16269
29753	325	15712
19914	254	13239
25740	254	11996
16497	325	15727
27878	288	16492
20049	278	28500
14012	254	28149
29483	254	20248
13149	278	15883
19088	220	20910
27115	254	25621
12101	325	11266
15815	325	28222
19116	258	13833
28412	288	27080
18096	288	26928
26855	325	26740
17364	254	12871
14552	254	16171
17364	325	17826
29446	325	14013
18482	325	16270
13430	325	12411
15151	280	14378
19682	325	13470
18450	257	29682
17105	258	20032
15360	258	27080
27142	325	27346
13852	254	29115
16133	254	25621
29703	325	20290
20992	220	12754
14000	280	15355
15285	288	10595
17857	325	18104
18748	325	16270
28257	254	17415
25974	268	29442
10693	264	28158
29188	258	20022
11882	325	28184
12031	268	17897
25889	254	11996
12471	280	15309
17819	325	27983
15110	325	27569
19210	235	12865
19189	325	16726
12414	220	29869
20982	258	13495
19818	254	14105
13537	258	20551
17707	305	17186
20817	288	28053
13420	325	26043
27752	254	14658
29995	268	14136
25732	254	11901
14222	254	29832
14991	278	15724
25952	254	16171
15117	254	29125
12908	325	29899
18969	325	26043
19424	268	13417
15006	325	20428
28627	315	14088
12740	325	16090
18799	254	14136
12330	325	14625
27578	278	19676
17030	325	10606
26115	325	29387
19651	254	18562
12269	325	18988
19190	325	18372
13883	305	18795
10976	325	11941
15466	325	14072
28119	278	10563
19169	288	18988
19622	278	19736
18621	325	26350
17933	325	19328
29392	258	29751
20009	254	17897
25916	223	15868
28211	325	17494
25583	223	16212
13077	325	13108
26991	258	14276
15111	325	29579
28508	325	26083
17053	252	14446
15196	325	17651
26412	268	10539
26652	239	17897
11035	325	11811
15249	325	16269
28460	214	20528
28463	254	13168
15926	325	26322
17318	220	25867
28641	325	26878
29568	254	17817
12339	325	29299
25982	325	26724
17347	254	27104
26969	305	11458
16082	325	11085
29780	254	19850
26037	288	28500
11527	325	25516
16347	325	20808
27493	258	20808
19922	325	20794
18758	325	15744
15989	325	26127
29062	227	18127
16361	235	20755
20232	258	18887
20827	254	11517
15187	258	12076
15667	288	16235
12161	325	27902
10777	268	29207
20532	258	18523
20199	254	10796
16497	254	16685
26547	288	16492
27198	278	14075
27431	325	14075
29612	220	29803
12663	278	15492
20598	288	26783
26269	278	14072
26087	325	12500
19604	258	28092
27478	278	12076
16727	325	27177
26007	325	12928
14375	325	12105
27286	254	12404
14973	222	26100
14574	325	17635
10713	325	16726
18822	254	14548
19637	281	19519
19235	325	16495
25815	325	11004
26306	325	19465
19166	254	19521
14057	325	14372
25819	258	14072
27162	325	19465
16137	254	11901
27896	325	18104
16674	325	13773
25736	325	18639
12971	325	16471
19646	252	20835
13057	325	28272
13899	288	20219
13178	288	13121
28313	258	20590
14968	254	16171
18057	254	11901
14949	252	16894
29574	325	16078
29543	325	16728
28073	223	27350
15945	258	27929
14220	219	20379
18623	325	18182
18088	276	25549
29759	254	29125
18179	325	12520
26634	325	11734
16669	268	11554
11710	254	13417
18953	325	19465
15484	325	28739
12713	286	12294
26064	239	26217
20978	288	12076
26543	254	14548
18146	325	18988
28118	231	19113
17630	325	12820
12108	325	29579
14694	325	13773
12795	254	16171
15025	325	19420
20845	278	19719
18450	281	29682
29162	254	11901
29752	288	26386
28094	254	11517
26339	258	10563
28631	258	15712
26623	325	16235
16875	278	29941
26429	325	27569
15738	254	15134
26784	268	18253
25724	325	27638
29538	263	18880
12624	306	16230
20143	325	28044
17433	300	14193
17218	252	16911
11555	254	16171
20237	325	10776
11241	325	27876
14351	325	19328
13520	288	12958
12940	220	11713
16385	258	13236
29618	254	14459
12387	325	10642
28917	258	12244
13740	278	12306
17119	325	19328
18313	325	13276
12249	254	11996
20194	288	20298
28024	258	20428
17549	220	13229
19594	325	26878
16684	325	19248
16437	258	25619
10747	325	18797
14352	307	19906
19853	288	14458
28142	325	27059
26728	258	16454
11956	252	26338
14663	325	29833
14567	278	17460
10587	288	11734
13630	325	14201
14171	325	18887
14378	280	16536
15216	325	12491
15367	222	16348
16920	278	11084
16428	268	11461
17349	220	19315
17795	281	13005
13067	325	11811
19686	325	15180
28167	268	11554
20892	300	27044
26677	325	20590
26532	325	28053
18348	254	13168
29864	324	19017
10550	325	29135
12955	325	12662
17199	252	12147
12906	325	29833
14331	325	27377
18392	254	14658
18289	325	11526
13795	325	20347
18780	325	11144
13024	288	14611
20597	325	14372
14693	254	16811
20843	288	14376
13165	325	26386
27699	254	18880
17842	325	18182
16271	227	20020
25599	325	12244
19944	325	26724
16241	219	17897
20268	325	18654
10991	258	18639
16479	219	26297
28816	271	19410
26069	325	12184
29973	325	20551
14886	325	20290
16602	281	27300
28724	288	17634
11280	254	27350
18915	254	11901
11432	325	25807
28097	288	28236
13628	325	14286
15551	254	14136
12447	325	15106
18945	288	15883
27757	250	28999
28019	258	26928
15059	325	13495
27525	325	13121
20058	210	26049
27162	254	17897
12619	220	26378
25902	254	20909
20441	278	28541
19930	325	11085
26175	325	28551
14223	325	10636
28027	325	19465
12577	325	12928
26285	325	28500
26632	315	18879
19899	325	16824
29632	325	13723
13588	214	17888
12120	288	10652
12244	263	11901
19284	325	25619
11299	325	12244
11252	325	15383
11794	325	15180
27431	254	17415
28859	325	20286
15259	280	29185
28886	254	11901
26624	317	10761
19668	325	16061
19357	325	16432
18522	325	19328
18191	325	12243
27937	325	15744
11493	325	19869
10716	307	20248
14967	268	28295
25852	325	17521
12949	325	28184
19450	325	20338
28883	325	13376
16575	325	14922
26306	325	27171
19421	231	13503
20103	254	27502
29799	325	14376
10567	325	20991
12187	278	25551
27653	254	16171
27519	254	17782
19047	227	18760
17484	258	12076
11458	300	17079
11105	288	20022
13520	325	11778
10665	280	15674
27426	325	29319
25746	325	20871
20036	254	28149
19936	252	15911
26564	223	27051
10735	325	18625
20366	325	12037
27533	254	18418
19320	254	28149
27116	325	15106
25978	254	11901
13075	258	29899
26335	254	14658
29177	254	11901
16205	212	11497
14532	254	12871
18661	231	16473
19790	254	20112
19923	258	29998
18073	325	28719
19557	316	26031
27225	261	25550
12295	325	16728
12165	254	11638
17369	325	18104
26307	231	28288
20426	217	16672
18247	288	16824
17808	254	11901
15105	252	26542
16843	325	29941
14731	325	29998
27018	325	27876
27554	280	27155
11948	220	28337
14117	268	27350
17152	254	17897
26025	320	17897
12498	325	20636
28560	325	28607
11360	325	16892
11319	288	28579
25559	288	14465
27970	325	18988
25882	325	16388
20109	263	10607
17062	288	14072
14241	325	27473
15690	254	11901
17125	278	11002
17078	268	29125
16750	278	11686
11963	325	29998
25798	278	14611
29289	325	20545
28682	325	29220
12956	254	15573
18845	254	11901
18058	252	26832
12039	325	14072
20904	220	11840
10664	325	27080
16867	239	26217
12182	294	11658
16079	281	12020
16169	322	27140
20569	325	16388
20302	325	17314
15016	268	11901
20183	325	20286
11799	325	12965
18790	254	29125
14073	325	12910
17566	254	29125
19900	288	25899
18326	220	26953
18098	240	13737
14060	254	17897
11238	325	20590
29910	325	18726
20204	288	26073
10510	254	18242
13177	325	16388
17204	239	16954
28541	307	29485
17173	254	20248
27630	288	14458
17330	325	11085
20564	325	27846
16626	280	17150
29249	325	20930
28358	258	13319
29530	325	19328
26705	325	19885
28631	288	15712
25643	258	26878
26638	278	12076
12944	258	18036
15108	288	18797
27478	254	11901
25652	325	18530
17263	325	18726
10721	325	16824
26326	254	11901
17913	258	12505
25587	278	26724
19065	325	20347
15197	252	19792
29327	288	10986
15203	325	14465
29136	325	12244
17845	254	16171
20837	258	11778
15813	325	12076
29358	325	12910
27363	258	18639
15083	254	14459
17636	258	26386
11840	220	14079
14497	325	17554
29588	325	11537
27716	288	12910
16685	300	12357
26006	281	19213
16124	288	16061
19691	278	26228
29678	258	27473
19893	325	16388
27363	268	12404
11985	254	10539
28828	252	16825
13819	325	28045
16784	325	20545
27788	325	12910
25590	325	11085
27318	325	29047
10611	220	11194
27977	325	11213
13240	325	11266
20186	325	14458
17205	219	27044
25891	282	29724
18189	325	27769
14382	325	16728
11070	325	25733
14166	254	13185
18222	325	11778
28351	288	13848
27219	325	14191
20669	254	28149
18771	325	29268
29074	325	13121
25643	325	16345
16901	278	11786
29505	254	11901
29789	214	25698
16588	325	17314
29889	325	11917
13182	281	12697
16844	271	12276
27634	220	28686
20406	278	20115
17044	325	20286
26977	325	20808
11197	268	11901
20815	325	14705
27829	231	12935
14467	316	14727
14441	257	11935
12569	263	19534
15210	325	16874
26640	280	29656
15262	324	29762
13712	325	12957
13038	280	13686
17545	325	12500
11881	254	17643
16619	254	17897
19975	325	19992
19998	258	17825
14332	215	27298
15841	325	27473
29912	258	14625
29148	325	17796
18731	263	10732
13494	325	26869
20963	325	16090
12730	325	14611
17456	289	17993
11716	325	12649
10735	258	18625
17895	325	10563
14769	254	28931
17854	254	11901
20369	254	14136
16244	211	16745
11259	325	17314
15047	325	19676
18315	325	27614
11675	325	20289
11284	223	12853
18716	325	20032
12860	325	18726
12861	325	13680
14745	280	25502
13932	263	16811
11766	325	10898
12267	325	28044
16794	325	19135
19347	325	12244
18674	268	18490
26705	325	28500
29398	325	20491
15612	252	27562
26066	325	13470
20284	320	29340
13640	220	26345
19763	254	11901
26491	278	15712
17708	325	29739
16613	325	20290
20827	254	20287
28187	214	27724
20104	258	10652
28415	325	13680
17092	325	13773
16323	325	16388
26497	278	15492
26415	222	28213
14802	231	15436
18292	254	16479
11200	325	20219
15564	254	20248
17056	254	12871
15798	254	14136
15893	222	16348
18197	325	16471
14271	325	16874
10719	227	20695
27835	325	11734
19579	254	12404
28603	254	14459
25924	288	29941
12561	252	18402
27828	325	16789
10998	258	28184
14154	275	11458
16481	325	20286
26874	325	12699
15634	288	10879
11528	288	14782
17556	325	28596
29172	325	13541
15603	325	27569
14224	288	29220
27180	258	27769
13966	263	11461
14862	325	28620
20296	325	15396
15544	325	29387
10980	325	17635
29581	217	26488
11351	325	15712
20044	325	28053
20675	325	26724
13846	254	29125
11578	254	10796
20535	278	13121
28672	325	13872
11503	288	19840
17853	254	25621
27385	252	26093
11677	325	11734
20390	308	14640
27103	325	28184
11174	325	29833
28349	325	28272
12640	325	29259
13006	325	12846
15510	325	29899
16977	219	14126
12609	325	18797
13662	307	27452
14020	325	27846
17863	254	16171
29830	325	12869
11964	305	16415
10807	325	27743
18578	307	13239
20904	252	11713
19543	254	20248
14714	254	20594
26926	252	15316
18564	278	20286
12297	307	11901
12078	325	20974
17532	278	16942
17461	305	18901
10978	325	18840
14122	325	12428
27670	294	29887
18848	288	15923
26003	254	14136
20310	325	27769
15572	325	10986
29678	258	28236
20296	254	28149
20039	325	27473
17868	325	12522
19785	229	25773
11841	268	15134
18889	325	12500
26883	228	29961
19502	325	29387
19558	229	11771
14477	254	20666
11274	325	25551
18468	325	18887
17987	254	28149
20217	235	27044
28766	316	29025
16630	325	11305
27698	325	16148
26612	325	12428
14920	254	14459
14011	223	29229
10704	254	10796
10923	254	14459
17951	325	29546
17550	325	20109
14987	325	18988
28086	278	10595
11301	258	18070
27395	254	16685
15794	288	28504
20734	325	28089
16265	325	19228
18022	278	18797
25893	288	14276
17339	294	29921
20266	258	20115
19149	252	28983
16219	325	14922
10809	254	11461
15216	254	13417
13384	258	13044
13960	307	28727
20938	325	12846
18805	258	16495
16598	325	18726
28975	278	14611
27551	268	17237
19810	282	20701
10649	325	17634
17291	288	11778
19223	231	10643
17764	288	29259
16822	325	12500
13169	254	29125
29675	325	27948
13400	325	13843
14948	258	15712
13028	288	27902
16389	325	19561
26056	252	17927
14323	258	16235
12119	325	14276
28844	264	16038
11204	258	11085
17154	278	28579
26916	325	12958
19806	325	19465
29615	278	14611
17210	325	28089
15869	325	14075
29686	268	11554
18109	325	20247
25623	317	11554
10920	325	17635
17681	325	16090
18618	288	13723
18218	325	13872
13398	220	18480
27951	325	19904
14555	325	19420
16410	325	14941
14692	254	16171
15019	325	20551
11337	278	18988
13436	268	14136
29985	325	20871
25590	258	11085
18678	325	18797
17200	325	12184
16085	325	18840
13605	254	12871
10998	325	13773
14901	252	29085
11629	325	13376
20410	254	13185
27981	325	19563
16645	325	15078
16461	325	14633
20020	223	16271
19060	268	14459
28599	325	18810
12122	325	27177
27506	325	13130
17407	258	10792
28484	252	13437
13794	325	14922
26016	254	11996
26816	325	26081
16481	325	25662
26273	216	16573
18562	300	20222
14346	258	18639
17696	325	19465
12759	268	16977
27405	254	29881
19297	294	11725
16897	325	20032
13176	252	28275
26306	258	27171
12892	325	17899
18702	223	26787
12092	258	18797
28375	254	11901
17761	325	17458
28378	278	27876
20620	280	25999
16520	263	12871
12070	254	11461
29618	325	20109
26487	325	26386
27509	305	29822
28165	278	14494
11023	252	12436
28540	278	27902
26576	254	14658
11476	325	27059
18829	258	18182
18977	258	25619
28196	325	13376
19562	325	18931
16346	258	13723
14151	325	13838
19182	282	17993
28183	220	26868
14287	325	25629
28771	325	16492
11671	325	12076
15715	219	10796
27925	254	13096
18464	278	27614
12302	258	27769
15909	325	18726
28667	325	13960
19567	325	12200
13863	325	14276
10757	288	27472
11626	258	27080
19001	271	12382
13944	268	11901
11911	325	28184
19795	258	26085
13460	220	15270
29868	325	20808
20458	271	28158
11083	235	14658
19639	211	11336
27299	271	28871
15742	325	17651
18769	254	20248
12825	325	16270
11294	325	29135
29464	254	29626
12734	325	19635
12237	325	27138
11585	318	14188
15195	325	18036
13080	254	28149
20858	222	18506
28012	252	16594
25541	254	19967
18758	278	20640
11441	325	16824
29223	263	13518
15188	325	20219
13160	258	29387
20565	325	26878
29252	325	15744
29731	325	25733
20118	325	20609
18499	305	20358
19910	288	13680
19182	271	11737
20194	258	13278
28246	278	12076
11064	325	13708
27366	258	18085
25947	223	15095
10836	252	28879
29279	252	27557
12005	325	18931
12421	278	15198
29271	325	16984
18426	252	28377
12511	254	11554
15023	254	20666
17425	254	14459
11967	254	19927
26380	220	20451
13480	306	17384
18829	288	19135
15310	325	14465
29101	231	18691
15219	325	13872
16897	258	17245
11046	325	20290
27441	258	20991
29028	278	13843
27178	254	28149
20185	254	14459
13614	325	29420
14643	258	26724
16256	325	14075
11821	278	11085
13786	254	16171
12041	325	18036
17029	325	28791
18685	220	14300
26192	325	26878
18246	288	28541
17696	325	28203
10918	325	26179
13287	325	18036
16699	325	15180
20170	325	28548
27685	229	17542
18796	254	25621
20176	254	16811
17059	268	20755
10919	258	12164
16302	258	12428
13275	288	14611
29654	254	15094
18228	254	11901
26346	280	16490
14259	288	25944
16657	311	10689
12954	219	17643
27716	258	14494
15832	220	12585
20014	325	20032
12429	278	29390
27297	325	26144
11309	325	10986
20312	325	27876
18017	325	14075
29827	220	11428
13796	220	26292
19661	220	12100
17586	254	14126
16385	258	15744
16599	254	28149
18432	263	10796
16649	325	17554
18844	325	11811
29951	325	19465
16875	325	18182
12794	230	17184
19592	254	11461
11859	325	18797
17141	223	13657
16142	278	20808
17482	258	11786
28879	220	10836
29784	288	14372
26329	325	26223
29783	325	25850
26058	325	14075
17496	325	29135
28585	325	28072
13488	258	28045
19849	325	18530
26105	252	13126
11207	288	20551
28414	305	28583
12520	307	12456
13286	325	10730
18974	325	13108
20783	288	20290
25600	325	28045
13617	325	28044
11140	268	19966
13351	288	27848
12485	288	28089
26317	258	18331
25564	325	18988
15496	252	20953
12273	325	20452
18945	258	11085
29931	325	16728
12060	254	14136
16284	325	10606
14871	271	27973
25884	288	15106
15630	325	18887
27943	254	11054
16050	278	20636
12582	305	19499
26685	325	18606
27338	325	19328
25705	325	20551
28078	325	29789
16507	258	12957
13551	325	12244
18614	258	20022
27887	252	17402
12268	325	27848
12736	325	17635
19112	308	16689
18492	263	27044
14036	316	18449
26654	325	18036
16841	325	14276
10507	254	19979
11836	220	29491
14263	254	19570
20012	281	13596
13983	288	11506
17246	258	16432
12982	278	16728
17255	325	20290
17218	268	29442
19940	220	14295
17984	325	15106
25545	325	16388
10890	316	17565
20760	325	13278
28261	258	12500
27758	325	20115
27024	258	17458
15784	258	18104
29415	258	26144
19623	258	10730
27579	288	19420
19205	288	20169
26249	258	27902
17271	325	10504
16612	268	27350
13958	254	11199
20685	325	19885
18465	254	13670
11807	325	18530
11699	278	12910
20487	288	26575
26638	325	12076
17120	288	14075
28874	325	13278
15416	278	14611
28729	276	27156
17994	254	13185
26122	325	17314
12372	325	11068
26950	254	14954
14607	254	11901
26872	325	28053
26114	220	14055
26831	325	16942
29054	325	16270
14380	258	18104
13019	288	28072
25952	325	28216
26562	325	28187
26175	258	18639
15549	254	19850
10799	325	11772
16242	297	20172
18302	254	15134
18646	271	27300
12554	246	20341
12740	325	27059
20002	325	26878
29821	220	28177
16930	254	12404
17397	231	10503
19349	288	12297
15991	288	15396
11370	325	10943
29365	288	20574
13266	258	25662
13739	325	18070
28292	219	12828
14835	223	20731
27694	306	29960
28468	263	10796
14724	325	18744
27822	278	19420
14814	252	20382
27625	254	20027
26148	288	18571
12789	254	29443
27024	288	28500
25525	325	25602
17518	254	20248
28074	254	16954
27846	263	29881
20091	325	20115
28412	288	11778
28097	288	11084
28207	325	15234
16185	325	27738
28143	258	15883
17225	325	12846
15509	282	20701
12070	243	13532
25649	325	26740
14186	254	28727
19492	258	15773
15605	217	14661
19083	219	10796
12196	325	26350
16401	219	11901
10763	258	20974
25500	325	28338
19436	325	18797
10901	325	17494
20376	325	14625
13719	258	18281
28847	257	13352
11649	325	12500
15315	325	12244
27447	278	28905
16686	325	19565
17914	271	17506
11337	254	11461
15977	268	13417
29166	258	18988
11165	254	28149
12077	325	15218
15785	281	12043
27809	325	14633
15904	252	27417
27936	254	11551
20484	325	28976
20279	231	26063
14448	325	11085
16924	325	29833
28936	325	28089
15501	216	15420
29121	282	18799
26586	325	15727
26805	325	26501
10870	254	20248
20790	325	12244
11709	288	11085
20138	325	16235
13099	325	14996
29164	254	12865
28641	254	11146
26091	254	14459
28034	325	11085
27748	325	12820
10847	271	28158
14324	258	26350
17725	320	14043
14545	263	13185
19586	325	20219
12828	250	18584
17443	281	13596
20398	325	28541
15149	220	13452
14275	288	26589
11526	307	16304
29182	278	11085
28277	325	26878
17479	325	16432
25819	278	18797
10991	288	18639
10951	325	19465
19935	288	17139
28693	325	13495
16151	254	11901
17833	258	12820
17374	254	10571
29924	281	15445
13348	219	11638
28408	325	16235
19790	325	18707
26058	325	17314
17595	288	25807
10919	325	14633
29552	325	18104
19028	325	14075
16944	288	18797
26283	325	12274
16273	254	25621
26032	325	13781
27209	325	16345
12225	325	19328
10779	325	16388
19782	325	15724
11295	325	15724
11480	325	14782
29112	214	27826
11665	268	11901
14577	325	16471
12169	325	13108
20578	254	11996
14506	258	28551
15568	214	19783
29967	325	20930
15623	325	28045
27753	282	11212
29638	325	27876
16519	278	12500
27717	325	16471
28954	281	13511
29437	325	13680
26244	254	17814
11971	325	13278
12472	278	10652
14590	325	13470
16875	325	29833
17728	325	13276
15280	325	20808
28903	325	28459
29892	278	28216
11244	231	27668
17125	325	26757
17477	220	18445
15052	288	14072
16428	288	18988
15901	271	17312
20844	254	13185
10651	325	13121
26299	288	26043
15893	222	18506
14899	268	16171
26826	288	29751
28830	288	10595
10751	325	28338
26935	325	18036
14585	239	29125
12482	325	11068
17947	325	26043
28068	278	26970
11094	288	16824
27168	258	20290
29379	254	10571
10544	254	11901
14931	325	12500
14861	325	14782
18744	263	14126
15018	268	11901
16300	288	14072
15433	325	19561
15983	254	27044
14060	258	13843
18634	215	28848
20164	258	15565
12063	278	20298
12517	258	26836
14388	326	26529
25564	325	18840
14571	231	16536
26540	325	25928
16884	223	11461
11312	325	19155
18443	220	15045
27957	258	17245
12439	325	12846
27272	254	14126
14139	325	29259
10624	254	11146
17267	305	29767
19105	220	17549
14994	325	19328
28351	258	29998
15597	258	12297
13738	325	13376
16170	254	11901
28299	325	27747
19855	325	20636
15041	325	14922
28575	325	28541
16185	325	29998
17169	252	19811
14792	258	29789
29716	325	13108
18501	254	20248
25521	325	12965
28771	254	11901
28668	258	27902
14677	325	20219
17818	261	29384
27562	268	16081
10706	268	17963
14797	325	12505
28162	254	11901
26238	288	15198
29780	325	12910
11234	254	11638
17245	263	11358
11589	325	20522
17603	219	14126
15931	220	12889
17331	219	29763
14699	254	18773
18856	325	18070
12514	325	13121
19808	271	12738
12713	295	12008
18280	252	26815
28195	325	11778
27783	258	28791
14250	215	13831
17858	254	14658
13766	271	13392
19908	325	15106
17347	325	18606
12421	325	11650
18171	288	12076
10675	254	20229
25670	325	13833
12735	254	13980
25521	325	27638
19864	325	12244
20210	325	29789
26209	325	13276
15160	288	26589
14365	258	20609
14547	258	29390
27659	288	13030
25759	325	16789
27849	325	13680
29573	254	14459
27866	325	25802
25816	258	28045
29045	316	12354
10524	268	14105
26601	325	17245
19326	325	27473
20257	325	28184
14754	325	16235
11450	258	27473
13621	282	29762
11459	254	28066
10921	325	25944
25800	254	29443
20840	254	11347
19117	258	15724
18459	254	13417
17461	300	19613
12498	258	13376
14462	227	27895
14719	325	12428
18494	325	27614
13812	254	14136
15747	254	17897
11985	258	26928
27642	264	13249
18361	325	25529
11364	325	14465
15372	254	12828
26236	325	17314
18079	325	18606
19962	254	28149
11587	254	20248
28020	316	27288
27627	258	18182
28304	280	14227
17389	325	11085
12021	325	16492
14259	258	13084
26391	325	13376
20570	325	18571
13867	325	12522
19115	325	12662
28576	258	28460
20423	325	11756
27826	325	20286
26111	254	11638
12311	325	14191
13651	325	15106
19930	325	29941
20926	239	14520
26561	258	12218
11242	252	20449
13859	258	20219
18938	325	27059
13642	325	19719
13550	297	11128
29625	325	12867
26740	263	28149
13272	325	11085
15674	231	10665
29614	254	14658
27079	325	12274
29339	220	28851
29002	258	16450
20116	325	15574
11293	254	16171
28702	325	12820
26597	305	13239
18716	254	11901
20675	325	16270
13208	254	14126
17310	280	13649
19814	278	16728
26212	252	16636
11969	325	16471
12100	252	19039
12108	325	11085
18868	325	16726
13620	294	16476
16870	325	11526
17161	325	16874
15618	268	11901
13562	280	16033
11163	254	14136
14647	254	11901
27885	317	27044
11759	325	14372
12095	254	28149
13597	325	12788
29542	216	15420
28928	282	29856
12316	278	13680
12006	278	15106
19854	325	14611
14139	325	20551
17382	254	29763
11596	325	15697
10927	325	27171
25631	325	11213
20138	325	25802
15228	258	18797
20602	288	14633
15957	325	28909
26939	325	20551
26070	252	11311
27034	263	14459
20715	288	15568
17655	215	10876
15051	325	28541
15445	254	14330
16965	268	11551
25607	254	13185
13739	278	13773
26266	325	12958
25950	288	18744
12587	317	20646
12431	263	14126
16103	254	16171
13868	325	17139
20370	254	13702
16878	254	19255
12615	217	11168
12144	271	18091
10834	282	12709
10534	325	27848
18506	305	11638
28173	325	20290
16587	325	28224
27513	280	29272
25590	325	14465
15742	254	28931
10812	294	17101
19901	268	14459
28716	325	16404
13218	254	13185
19672	325	12361
20532	258	27915
27894	252	25929
18807	325	11734
13825	325	26350
13206	325	20219
27139	238	20658
10824	231	14638
28762	258	10879
29256	268	20101
28185	325	28089
26917	281	29983
17456	212	17993
19658	325	12869
25840	280	18367
16433	278	27805
28022	258	16388
15019	254	14459
17377	325	25802
15196	268	28931
12920	325	29546
20296	258	14191
17024	325	13698
14872	220	28132
18312	325	25944
27473	263	20248
10969	258	13044
12217	325	29751
18030	254	25621
18751	325	25619
19150	325	28541
19241	325	14276
19948	325	11811
14488	325	13121
29783	325	13680
11918	325	28272
11706	288	16942
27562	252	10589
13416	325	25662
18922	325	26386
18437	254	17897
20614	325	14633
27605	325	16789
17089	268	14136
28796	325	26589
14858	258	18319
13253	258	11179
27989	254	14658
13567	254	11554
18725	325	17826
16287	325	13816
18047	325	16235
11384	325	17826
12192	258	19992
18453	250	20885
25925	254	12404
10519	325	18319
20494	223	18880
20627	325	14075
29569	258	12822
26443	325	28620
17413	325	13781
11731	254	28149
10601	268	11638
19725	268	13417
18409	288	29579
10974	258	26724
11352	325	18104
19327	252	29778
26715	325	19719
19116	288	13833
10940	258	12928
14831	307	18278
16829	325	16388
14586	288	12822
16534	325	20286
17471	325	12522
28031	254	13417
25510	254	17897
26761	325	28805
15890	325	29941
17671	325	15106
27463	325	11085
28263	325	20219
13077	325	16432
17676	254	15134
14382	258	19992
17596	254	28931
13575	325	13781
26734	325	17825
18370	294	12605
10552	325	13236
27811	325	27902
14514	325	29751
11243	325	28910
13175	278	12243
28531	325	18988
28587	297	13812
19214	278	18797
20317	325	18899
11073	325	15106
19076	220	13778
11095	325	28849
20640	307	20248
19044	325	15106
12308	325	27080
13884	325	15089
27531	290	27924
11601	254	11554
26848	325	26127
17579	325	14458
20950	325	27080
13476	254	11901
17457	239	19499
26951	278	11084
12947	252	12579
14521	325	20298
12803	254	26033
25935	325	20290
11320	252	28330
28817	269	27454
15598	325	10879
17705	254	19850
27090	325	29941
28383	325	14465
13395	282	15186
18627	325	28089
19666	258	28905
26079	325	11084
25515	325	20286
25778	306	29960
15035	325	29546
20109	307	15984
28920	281	17251
29048	278	13680
12787	325	12928
20975	254	19850
12131	325	14458
14343	254	28149
12545	325	27472
18569	325	20590
18628	220	13521
13965	325	16492
15902	325	15883
17783	325	27614
29092	254	20594
20814	325	27846
17685	288	20298
20028	325	10730
27143	254	17897
13329	280	14451
18701	220	10562
11485	325	26127
14200	325	17458
17574	325	13843
10690	325	27743
17614	325	20290
12163	254	28931
16988	325	28236
20029	254	10796
28091	263	29449
10877	325	20247
19338	258	26179
11530	280	25511
20672	252	11548
18690	325	20169
17318	220	12754
26372	268	11551
25689	254	27274
15010	325	13278
15081	325	13784
12689	325	13276
27042	268	16171
11781	254	18007
15911	220	19936
12662	263	28030
18477	325	17139
20732	222	18506
25598	254	11901
19428	325	27080
15668	215	10675
17033	325	27105
16190	320	18795
29690	325	10595
17097	219	16065
13521	220	28802
13609	217	20391
16804	258	17458
20121	219	18880
13402	254	11330
26207	325	28236
17885	325	27915
28147	254	17953
20425	325	14372
11102	252	15937
28992	258	18217
15268	325	14372
16430	254	14459
13649	271	14982
20989	280	28152
17675	254	26205
17727	254	11901
27330	325	13833
28907	226	19519
17914	231	19206
27061	305	17607
28309	325	29546
29883	325	28045
17214	223	18811
16667	231	25527
17319	220	26112
29743	263	14126
28278	254	13185
16891	254	11461
27725	278	10943
16297	325	17139
18985	300	28071
25521	254	11608
16209	325	16874
12039	325	18797
14551	325	10776
13031	325	19889
19090	325	15492
26201	260	29498
18615	325	17992
18688	325	12428
28951	254	16352
19598	254	11901
28032	325	27377
20970	288	16962
26426	325	15307
28650	325	11778
25743	325	18639
11160	288	13130
19913	325	11811
13496	254	14136
15285	258	25602
20383	325	28053
12272	254	16171
20703	325	18036
29002	288	13908
15511	325	12846
16976	258	29751
11486	325	14458
13215	325	26386
12022	280	28102
15145	254	11608
13755	325	13872
15769	254	26188
14160	325	13278
20788	258	26179
14122	254	11901
11145	215	13831
28546	325	28045
15454	288	13470
18704	219	26297
17232	294	29887
17126	278	27846
27489	235	14136
18982	261	11897
27263	254	12871
14254	254	11504
13184	254	11390
19186	263	26911
14152	268	13185
18806	258	14494
12369	325	20551
12866	254	10607
29122	254	28291
14604	219	16065
18666	215	13545
25863	282	12832
14988	325	28976
12991	254	20129
25540	254	16685
15409	258	19565
27661	254	12404
15108	325	18797
17592	325	18797
14599	254	20666
11155	254	16171
19978	288	28849
27412	325	15492
20199	325	27732
27401	231	28152
16767	288	15883
13566	252	17027
14252	325	20609
19860	268	26759
14693	254	13185
17343	229	17542
28785	325	28500
17263	325	28184
13158	325	20930
26190	254	19967
20757	325	18931
29271	325	18887
17857	288	25602
27579	325	19420
15468	282	29856
11150	254	16171
11515	288	18606
27242	325	14922
26125	280	13329
27064	288	14372
27235	325	25662
19471	254	13096
17488	325	14191
11596	325	15417
14757	252	16192
11532	305	11901
16818	288	17992
13002	325	12846
17044	288	18578
20678	325	29387
27830	220	25893
15162	325	12910
11261	325	28089
15484	325	16728
17094	254	18880
16068	325	28045
26152	231	28364
26112	220	20377
20533	325	20169
29764	258	27848
20089	325	20219
20483	325	12076
17586	325	19719
18008	258	26451
25544	258	20290
13779	220	26932
12655	254	17897
10982	254	14126
20606	320	26371
27704	325	15565
15395	325	17314
20757	220	11065
16250	258	25602
25710	325	20930
15074	323	20975
27168	254	11901
27144	316	18808
20998	254	19850
12558	325	13030
28354	288	18362
29985	254	16171
28789	294	17111
26343	325	26928
20104	288	13121
18943	325	29941
16720	254	16203
17767	252	17053
28668	288	11179
19119	325	25586
15783	325	15398
10699	325	13495
29502	325	26386
15982	325	19328
11278	230	17769
19799	226	26890
13393	301	16600
16821	288	25602
27287	325	12428
28525	258	13108
20760	254	20248
19548	325	18104
16394	254	17631
19171	325	29743
27764	278	17139
28597	325	20115
14397	325	16454
11039	230	25747
29533	325	18726
16690	254	20248
15290	325	14167
11598	254	10662
27724	258	10652
16982	258	20338
20267	268	17643
11569	325	11031
19764	254	16171
16333	254	10732
13266	325	20169
12015	325	11144
29997	261	14804
28226	325	13236
25643	288	26878
20607	282	26682
28305	325	20219
13500	325	20247
28823	278	25714
20833	258	15359
18157	223	18619
17937	325	28338
16396	316	26771
14589	305	17303
16914	254	17897
18675	254	29393
14882	325	15492
17275	325	14372
18260	325	27138
15495	254	11901
11591	325	11031
12719	325	25733
17943	325	17554
12907	325	26179
26433	268	11901
19836	325	13495
11472	252	20575
17759	258	10792
28972	254	14126
26989	288	12512
11254	325	20338
27581	220	25676
25631	254	10796
18571	214	16124
29225	325	20636
15836	257	16527
18093	254	11166
17081	254	11901
20290	214	12762
20783	288	26224
16096	288	18887
12335	258	13495
29310	325	16345
17560	325	18988
14349	254	28149
27287	254	17415
15892	306	28289
19585	288	15106
20725	325	18104
29992	254	16685
26092	281	14285
15123	288	20169
20010	288	14771
25948	254	13163
12944	258	13278
17760	325	29998
12014	325	12500
25884	288	17458
29877	324	28128
16232	258	20636
16522	325	26878
18335	325	18988
13184	325	26179
28523	325	18639
26949	280	29831
25846	282	10656
26938	325	16495
26527	324	11273
18537	239	27350
19025	325	20032
17612	294	29757
11435	325	29488
25748	325	11865
10508	239	16954
18521	254	12871
14130	254	10796
12200	214	11705
25905	268	18880
17249	300	19012
28317	325	27848
14184	325	14458
28793	258	16270
20684	268	28931
10731	325	16235
14271	254	14459
10676	268	28795
26299	258	19957
17875	252	17621
19625	325	14917
10543	325	28460
14012	325	12846
20828	254	18880
11138	254	13185
13075	288	13121
17040	325	11085
18349	254	11608
29483	278	18840
18272	263	27075
29699	254	14126
29080	325	27876
20543	325	26144
27980	258	18797
29680	288	17458
14092	294	15447
16884	223	20248
29002	258	16824
29391	325	26084
13294	325	15396
27772	297	18835
26951	325	11084
12513	294	15079
16254	263	14658
28797	268	18832
15185	295	14615
16770	288	26724
13607	325	12500
28711	252	26975
28664	307	20903
12490	325	14075
12207	258	29135
11509	325	13872
18890	254	27350
20600	220	27703
26534	220	17852
27900	263	20248
10654	325	13470
13558	254	26448
19864	254	11901
13780	325	27614
20104	258	29135
29604	288	11002
18659	325	20522
11982	325	19465
14366	219	10796
11772	263	20248
13467	325	27902
11525	325	13932
10528	325	19420
18907	254	28149
29065	288	29998
14623	220	28841
28173	325	10595
29509	271	16077
18632	325	14611
11322	278	15724
28642	325	11085
17983	325	29579
29953	254	16171
11827	254	17897
13011	266	12287
16913	254	12871
27790	322	19917
17822	325	14458
17798	254	13691
26513	325	29998
19535	325	29941
26694	252	11428
15206	288	16492
15200	325	13574
12163	325	15396
29769	235	20248
28713	288	15724
13739	325	25733
14677	325	12244
27061	305	27350
18354	254	19733
19517	239	29125
25918	278	28089
29809	254	28727
20047	325	13773
12929	268	29125
14232	325	18797
16053	231	11024
15964	288	16789
26998	325	17826
13410	280	20834
16986	278	18931
18284	288	28459
19543	325	26043
29009	325	13072
29710	258	20636
10721	325	18281
28883	288	20871
25878	325	16195
29409	288	12846
15731	220	17317
19441	254	26420
26317	325	26386
12496	325	15180
27535	325	25733
29330	254	17640
17298	325	13588
20868	325	15724
14340	278	16726
11584	254	15134
19958	294	17991
26846	325	16454
15153	280	17805
12487	325	18726
16028	254	20666
13547	325	19561
16626	281	27314
17272	268	28727
19571	325	28089
29678	288	28236
26858	325	18104
10852	254	16171
19266	258	15078
10799	278	27805
13040	254	12871
11279	325	14782
10651	325	20974
27583	294	28052
13160	278	15565
26101	325	18726
12705	254	10796
12384	325	29546
29864	212	10596
17427	325	20491
28084	258	11650
17202	268	10796
14688	325	25733
11343	325	12428
25841	325	15307
11359	325	20219
29187	325	17458
26985	325	15180
18363	231	20767
27275	325	18542
17144	258	17139
16050	268	20248
26998	325	14372
16701	325	14869
26763	325	26589
27038	325	20782
13158	325	13376
18297	278	25733
16795	231	17795
15764	258	16148
26668	288	16270
11019	254	11901
19439	239	11901
12603	325	28072
26030	254	17897
15480	278	13276
14197	254	14126
15259	231	18081
19923	288	13030
18422	278	20636
27085	317	11517
11045	258	20115
29701	325	27902
28919	293	28356
15620	325	29546
18591	288	29751
15811	254	16171
20118	258	11811
18620	325	14782
10575	231	14279
19375	325	28500
18151	325	28480
12678	325	20290
28279	317	11579
26384	305	19880
13895	325	26783
26070	220	12147
13872	214	18082
16671	268	13554
28804	325	26179
15523	325	16942
14201	307	28149
16998	254	14459
25995	325	26856
19582	325	16942
11306	325	15078
13722	325	18887
12004	288	19328
11890	254	17249
19994	220	29827
26458	254	11863
20442	263	27517
20581	325	20609
14478	288	28341
17740	254	13185
29820	254	14459
13646	325	13376
18259	278	19328
19140	258	12520
14524	258	18988
17943	325	13698
28875	254	14126
19085	252	12597
20047	325	11266
26150	295	12008
20055	288	10986
14791	254	20666
12270	325	12928
27819	325	27569
20841	325	26350
16130	278	18797
27952	325	15028
10840	325	11811
28789	222	26100
12178	280	29216
14613	280	20076
16122	325	12076
27953	325	11084
20504	325	28045
18688	278	12076
15833	325	29387
17001	288	27472
27373	325	10595
16725	243	20666
14951	258	10563
28875	325	12715
12028	325	13932
14203	288	14697
10867	254	14459
14634	220	12221
14220	219	28862
12892	258	28976
13744	254	19967
15292	325	12846
28780	278	16726
12897	229	28161
17192	254	17643
15085	263	15607
26904	325	11068
26134	268	14043
18340	325	15724
20791	325	29268
25705	278	13470
29002	258	15307
16229	325	28607
11930	268	11901
27868	258	15307
28825	248	12871
15187	325	11865
27142	325	28805
16025	280	25917
29464	325	27915
29548	258	28092
29625	325	13030
28398	231	28249
15706	317	17814
12773	254	11608
12650	254	14136
15899	280	28827
14273	325	17992
29327	258	10986
11225	325	10682
20768	325	18726
14578	220	13576
11064	325	15234
19865	325	19561
12151	254	28149
14203	325	14697
26259	278	18606
29888	227	17230
26684	325	20636
29523	325	18319
28023	325	11941
13687	222	18506
19742	325	19465
18337	240	17672
27135	306	26880
16031	325	13030
19719	307	27301
18349	325	27638
18833	278	14276
29953	325	12703
20549	325	14465
27851	219	17897
16931	325	29047
14357	299	15393
17857	288	29220
20653	325	15106
19154	325	17992
12351	325	28486
29911	239	17897
12920	258	16728
27856	325	27377
19983	288	25955
29109	254	28149
18153	258	27472
28568	254	11863
15385	325	10563
18437	278	26970
12088	325	28541
28029	220	25983
14248	268	11996
17368	258	13376
20811	288	20298
12844	254	13185
27226	288	29998
27751	325	16728
29090	238	13125
17784	325	10563
13935	257	12845
20714	254	28149
14738	254	18562
13916	254	11901
28953	268	14548
26064	239	12197
18041	254	29443
17705	288	19561
16206	258	12105
29992	278	27614
15483	254	20248
20941	288	13470
28777	264	12605
28716	325	19676
11309	325	15396
17920	325	20298
10793	288	26348
14675	325	18226
16539	211	13238
16933	254	26188
20186	325	29220
27781	254	17643
27477	278	29579
20666	300	14626
11939	325	27769
12498	288	12520
20410	288	19155
18808	239	16954
29855	254	20248
28569	254	14954
28232	325	29926
16967	325	12822
10747	325	25551
15901	271	28090
15769	288	12846
27520	325	20782
25936	254	13239
17353	316	26572
16126	219	14126
19856	325	19971
29779	325	28976
29177	325	12244
19349	258	18217
29506	288	10595
27254	325	12244
27331	258	18931
29247	325	13470
11368	325	20930
28049	325	13848
16408	325	17825
16688	278	20572
13719	288	20782
14654	325	14820
28046	278	29998
15871	294	12194
20715	258	25807
26844	258	13470
12049	220	11971
29323	252	27497
26260	252	11462
15013	258	14611
20791	325	13072
10929	325	11085
15256	288	15075
16008	282	13479
28368	325	17021
12357	305	18550
28970	325	15565
19873	325	13910
17685	288	17460
28213	305	19499
28755	325	25619
18098	324	17993
17558	325	16942
12698	325	14372
10735	288	16824
12007	325	14611
18168	288	12822
26366	258	13773
19969	258	14494
28922	325	10595
11202	254	16685
11737	254	14136
26638	254	11901
11078	325	12244
18369	325	16964
18683	239	26222
28451	263	13168
20529	235	20250
29562	325	25551
11531	258	28551
15764	258	27059
16347	325	26350
12912	278	20219
27206	278	11734
26403	254	14459
27416	325	27473
26572	239	16685
15975	325	25619
16323	325	25619
12351	254	14105
16921	254	29393
13283	258	16728
14665	258	20551
27645	249	27987
14914	268	11901
25963	325	12105
11345	325	12662
11486	325	14611
26439	254	13185
28814	254	27044
11359	258	14458
28697	254	20749
19288	325	13680
16752	217	26488
13999	325	11031
14296	254	25922
18513	229	27580
29653	325	13108
27876	307	13941
27691	258	15697
17268	325	27059
19300	325	28909
27236	254	12871
28705	325	29833
26651	325	12846
10843	325	13848
20775	268	11554
26971	270	10571
29706	325	25662
13579	254	11901
29784	325	18317
12251	239	17643
12530	325	20169
15812	325	16874
15466	254	13185
18441	263	17897
29479	280	26035
17091	325	12649
28914	325	29998
18065	258	29789
27870	325	26970
12508	325	13698
18993	294	17047
17449	294	25771
13719	288	18281
12457	325	15234
17672	280	26699
28428	258	25662
19720	325	14494
29016	288	10906
27719	252	12875
17711	252	27508
12413	254	17897
14515	268	14126
15133	268	14136
11283	325	13932
13824	325	12076
26198	252	18701
25957	254	18562
27053	288	26348
19091	252	20431
13202	325	20974
12085	325	16726
15484	325	13723
27315	325	13723
15813	254	11901
16255	271	29933
16348	300	16175
25827	325	27211
20769	325	20032
11765	258	19971
17653	325	15565
27601	288	13470
12714	325	26589
15612	268	15456
13012	258	11213
15590	252	14239
15723	271	12670
10600	216	28403
15110	254	16171
14710	278	16726
27107	318	14188
15991	258	15396
11070	278	17314
16791	325	18571
17624	239	12466
14711	325	19635
28755	254	20248
19682	288	29259
28109	325	25733
17949	325	20782
13733	325	20286
14934	254	10539
12582	305	17303
11985	288	29112
26143	258	28092
14067	325	26740
28302	325	14458
15399	258	18104
11109	258	26589
12316	254	17817
28430	216	26652
10884	217	19495
29483	325	20551
28014	258	13872
27548	325	18639
19772	288	29579
26225	290	12897
28681	325	20930
25559	288	19869
29118	325	11811
12630	325	27902
19947	220	15910
25840	281	27300
20388	325	17572
20557	325	18070
26494	325	28072
28191	278	28072
11329	325	16726
18617	254	19805
14630	325	12910
19387	254	17897
28539	278	26043
13521	252	15731
29740	268	16171
16794	325	19561
11729	239	19499
18090	268	11996
20418	325	20574
18911	231	13405
18663	325	20115
18865	264	14602
15409	288	19565
19174	325	20452
14209	325	10898
14507	325	18797
15229	220	12881
19120	254	26371
18751	268	20248
17008	288	27614
18829	325	11286
25514	258	20609
14209	254	20666
14682	282	28308
17885	254	13417
13565	254	20129
26115	325	26179
12943	325	29899
11181	258	11786
26990	254	20058
18123	288	19565
25577	325	11811
26857	254	26188
16687	254	20248
18361	254	26537
18575	288	26179
27604	254	12871
16322	325	29751
28178	216	13207
11564	222	18506
11087	263	12404
26270	317	14126
16830	278	20636
14119	316	11278
27809	278	14611
20090	268	14126
15469	325	15234
27102	254	13417
16677	220	13521
11230	254	14330
14102	280	20327
29175	325	26350
26470	254	16065
20740	254	20129
26232	252	11341
13360	325	16874
17437	258	27080
12878	288	18639
15786	278	11778
28703	279	27924
14792	258	16726
26066	254	16171
20261	254	10825
15155	325	13236
19841	288	13152
20163	254	12404
12017	268	17897
18771	325	10879
27116	325	19635
17912	228	17289
27023	288	27848
18839	220	18388
19604	288	16942
14921	254	29443
28859	325	16614
18557	325	12500
26774	254	29186
12339	325	10932
16944	258	29546
29781	325	19885
17983	325	26386
19742	288	17360
28159	258	25619
14015	258	13309
14784	325	15712
10885	325	25619
16668	325	12274
26561	258	16824
11785	325	11087
16106	254	18610
29523	325	26713
12290	278	29751
13377	325	14458
28332	325	26740
15890	325	11085
20517	325	16824
17303	300	28213
20784	255	29341
27354	325	16726
25829	325	20609
16561	254	11901
12552	220	27195
20459	214	12421
13061	325	16432
20655	325	20219
16238	325	16728
27738	263	18880
15015	288	28089
19471	325	19561
12140	281	19410
27549	288	16235
25844	254	13185
18236	268	26033
14304	325	10906
12424	325	20782
13521	252	16677
28458	325	27805
14942	325	20219
29917	254	27044
10845	278	14689
18295	254	16171
29919	325	14611
28488	220	26785
18963	275	20623
12211	325	28089
26067	254	11608
12207	258	11786
27842	325	15654
16099	325	11286
10914	278	11734
20867	254	29125
19847	325	28053
25834	220	16666
19853	288	14771
12589	325	29833
16300	288	28607
12774	325	19561
13310	325	15712
20425	254	16451
29057	288	15727
15115	288	15712
20424	325	27848
12976	325	20522
13796	252	12288
16777	254	13670
28536	325	14941
11075	325	25586
18142	254	16020
12462	288	26081
29393	250	29442
12814	325	13932
18975	305	11458
19355	317	13417
20923	325	25602
15901	282	17312
19982	220	19250
20055	325	15106
14631	325	11686
29412	254	10607
12724	288	25551
17197	278	20184
19230	268	14126
18842	254	11901
17461	300	26617
11410	254	11390
13628	325	25856
16751	254	11901
17854	325	12500
29357	325	29789
16097	217	26534
19159	231	19197
12458	325	10652
16230	235	17897
11834	325	13470
19260	288	12105
15524	325	15075
25758	254	12871
17956	268	12871
13254	254	14205
18082	258	13773
28078	254	13239
26656	325	29789
11127	254	19092
27370	325	29743
16880	325	16388
10597	254	18880
12391	252	14490
29361	220	26516
11134	325	19565
29790	325	10506
18604	220	11201
15372	254	14231
15520	325	29998
16952	288	20032
20664	325	26179
10645	325	19020
20845	288	19719
25670	325	26144
16579	325	29751
28255	325	29220
14665	258	19563
15784	258	18362
15286	325	29319
16138	325	18726
14628	278	20636
15844	288	12105
14130	258	27915
28292	254	12828
26057	325	19420
29003	231	20915
15426	325	18104
16588	288	17314
19783	325	28044
18166	325	12958
13886	279	12897
13916	258	12297
16515	294	18325
14235	288	12928
20398	325	20078
15476	254	14658
18361	325	25802
26794	220	26041
15383	263	26297
18859	278	26350
10778	325	19869
26947	325	27983
28497	254	13185
15692	325	10730
20971	254	29125
10819	325	15724
27246	263	17231
14726	325	18182
14093	268	16785
19657	325	26179
13145	325	20452
19946	254	29207
18401	325	19719
12057	254	13185
27315	254	16171
20266	258	12500
26337	254	11461
28749	220	14947
14419	290	27924
10892	252	26483
17026	220	17509
29292	252	14538
28318	258	18797
11007	280	27901
14259	258	28664
15858	261	17922
16648	252	10740
19532	288	26589
10919	288	10652
12538	325	29546
12854	325	12244
18562	250	11579
11496	317	26625
15125	252	14642
25725	325	12105
16715	325	15075
16511	281	28090
29551	254	11901
19206	257	17107
29063	281	16550
14581	325	26589
16446	325	14573
20997	263	17897
18555	280	26452
11548	252	29491
13845	268	12400
27985	258	10652
15634	288	25574
20576	325	14917
25611	325	15654
29679	325	25602
15913	254	13185
14010	325	12965
10735	288	12846
15960	257	18865
14903	252	29292
26147	278	29387
13593	325	18726
26884	257	11867
13958	288	14996
27470	325	14286
16321	288	11085
15995	325	12820
14241	325	29617
26242	254	11901
19249	325	12820
17955	325	27769
28053	263	13417
13290	325	29998
25526	271	12697
26973	325	28236
20167	254	26809
12773	288	12846
13706	325	17314
13743	325	18887
13263	323	28547
13485	316	29045
15383	307	14918
27228	325	28480
13805	325	15907
11157	325	28089
20906	325	18571
18752	254	11554
27690	278	16726
17197	288	17360
27653	325	12105
16637	235	10796
25907	325	10652
13470	214	11845
26783	263	27350
29492	325	16874
29337	254	29125
11450	288	27473
26161	254	13185
14339	325	19563
15260	325	12428
15108	325	29546
20992	252	25867
27214	325	25574
26372	220	19751
17723	325	14458
14736	325	20551
12248	308	26876
16559	254	11996
13158	325	20572
20884	252	15205
27841	254	15741
18322	254	27044
15512	325	17314
17766	258	27983
28026	239	11901
15117	325	29833
11877	227	19645
19065	254	14658
17531	325	18104
13303	325	29941
27384	325	11179
16117	325	11772
28182	254	29763
18533	268	29125
11916	258	20298
26626	325	14917
13549	254	12613
27686	316	29025
10667	254	20666
17476	325	10792
20642	325	27149
28136	258	28184
29141	325	15724
12457	325	19565
18448	325	18639
15253	325	20991
28457	325	18036
14172	254	13417
26661	254	14136
13715	325	14611
28082	325	19565
28157	325	20219
12595	278	16728
20339	325	20930
29489	213	27798
25998	254	14136
28246	254	11901
29399	325	28092
20057	325	15565
13976	325	15307
25855	268	14459
26691	254	14459
28448	220	18699
14053	282	20113
19318	288	15568
16836	325	29789
16155	220	28895
15991	258	19719
12686	325	20219
14843	325	10595
15688	254	27404
18178	325	13773
18977	325	26589
13700	325	27472
10648	325	26127
18492	214	12851
29662	325	20338
15788	252	27990
10501	325	16345
25674	307	10910
26047	325	14075
16381	222	18506
28900	325	28045
28802	252	16044
26660	325	20219
28853	263	20083
12295	258	14072
19854	254	16685
15289	288	19563
19391	254	17814
11290	278	20022
17324	254	29881
15526	260	26457
15516	268	27044
19100	325	16728
15356	258	20115
13903	215	11661
20737	219	10796
12924	325	12522
12418	325	20522
17691	213	18929
27322	325	27473
29103	288	28004
16555	256	28414
27313	325	12869
13738	278	29751
29684	280	16547
27260	239	12466
12750	268	29881
20260	254	20248
20340	281	18898
11635	325	20169
12073	325	18726
11957	325	28236
14307	239	20248
15775	325	27915
12982	325	14276
20281	325	29899
29232	254	20248
20986	268	18880
11181	278	16235
17772	325	14072
26146	280	12289
27598	214	28427
28389	325	18270
26103	219	10796
19338	288	16726
11000	325	29899
29346	325	25602
26818	288	18931
29339	252	16666
20042	325	12838
18745	268	14136
16012	288	18707
15433	278	15697
18780	325	27080
11037	325	14191
13742	325	13121
26442	288	20551
27957	258	12869
15360	288	27080
11034	278	16404
10532	254	16171
13299	254	20248
12778	325	12500
25591	325	28541
13116	254	17897
29218	325	13680
18000	325	13236
29396	258	18726
17708	258	29739
17071	325	19465
11207	258	20551
18610	219	17814
29281	254	11608
12740	325	14286
19422	268	14136
17342	325	10939
19588	325	14465
29002	254	12527
13397	325	18104
29373	254	17897
25732	258	16492
20532	288	28976
28392	282	15186
14115	325	16270
26395	254	11901
18234	325	13495
17784	325	27472
17299	325	14191
29221	220	25735
17152	288	20184
16714	216	11809
29002	325	16824
13693	322	18303
16461	325	29135
12485	258	13108
11396	258	12869
28957	238	15424
28660	325	10563
16981	325	27805
18376	278	13470
14390	325	10563
26851	325	18226
28189	288	15565
28737	254	12871
19413	325	15724
12695	278	16755
17900	219	29125
13375	325	14458
25511	280	19627
20029	325	11213
27076	254	28437
25797	325	12500
20268	278	25662
13229	268	26920
19182	280	13970
29293	219	17643
19013	280	12661
11317	258	27080
28441	325	17139
27193	325	26350
28188	288	12491
16191	325	16905
12385	288	28551
29893	325	13698
14299	258	25551
28235	258	20338
10870	325	17216
17496	278	16235
19951	325	17139
28084	288	18887
18756	325	13843
16741	325	20452
18333	325	18070
12306	263	28843
15362	325	10595
25596	254	12871
29919	288	11085
11182	325	19971
19684	217	27990
13575	325	19328
11329	325	26350
16327	325	13966
15261	258	26179
10697	325	17139
15784	288	27902
14232	325	14075
15189	316	28718
15954	288	15773
20304	325	14922
12983	235	14136
12242	254	16685
26939	254	20248
26395	325	15492
19450	325	17494
18560	325	26393
19252	254	26096
15524	325	20930
29475	325	13773
19748	325	18034
16988	254	13417
20831	254	14658
17605	325	13680
20847	325	19736
28280	220	27333
26321	325	18281
28319	325	15744
14363	254	16171
17450	254	26188
13632	258	10595
14029	325	11786
27396	263	17387
14028	278	26724
17818	316	29384
11833	325	17314
26001	325	11085
26810	325	13773
20244	325	12428
18792	268	14136
17121	325	17966
12740	325	11650
14630	325	27080
27767	325	12500
16814	325	29739
26071	325	17635
14617	220	14341
20144	325	20609
28623	254	17897
29189	282	25788
29502	278	26386
11464	325	13843
14862	325	18530
14632	231	18611
13032	254	20248
11826	325	26043
13690	325	28045
16309	325	13108
15917	325	12500
29824	278	26179
29508	288	17494
11033	278	19565
19671	220	26591
29923	263	13417
29592	325	13376
27058	220	16044
28134	325	15697
26787	227	18702
11203	288	10563
19912	325	10943
19235	325	16726
17882	325	10595
16118	325	27848
18496	249	20298
27083	325	10595
27587	325	17314
27740	254	14459
11248	325	16235
17742	325	25619
27312	325	27361
19568	317	10761
10684	325	11085
27952	325	20169
13523	275	18586
12652	325	27983
12884	252	15430
27785	254	18880
17893	288	26713
25544	288	20290
29896	325	29751
11129	325	28541
26442	258	15180
15964	325	25899
26382	220	26380
18220	325	14820
13529	325	25551
18047	258	16235
10848	325	11734
20661	325	18036
29975	219	14126
13539	254	17897
28645	325	19465
25931	254	17963
26106	325	13030
10867	325	20032
12390	254	11461
11982	325	15180
11578	254	26188
13076	258	29420
11025	288	16962
14614	325	14782
27933	325	28045
11521	325	27876
29915	325	14458
10644	254	11901
16803	325	20219
14928	325	13960
15284	288	14528
28142	325	15744
29466	325	14191
15238	235	11554
29321	261	10672
16933	258	27569
12094	254	13185
18032	325	27902
12725	305	12404
29801	271	28942
14398	288	14996
25893	288	15712
28622	254	18880
19941	325	25807
25505	258	20219
19926	325	16388
20218	220	17158
28261	258	18104
14242	325	12910
28109	325	15234
28313	288	28805
15558	325	15724
15469	254	17640
26388	278	16824
26435	254	17897
27808	252	27113
17415	300	18506
14333	288	20169
12449	282	18835
12303	222	28071
28906	288	11266
14010	254	27044
27442	239	11901
11871	325	16270
19056	254	20248
29936	325	12500
15450	263	20379
15096	325	27080
19887	278	14941
18087	239	16685
11111	282	27335
27574	220	28690
19443	288	27614
13255	325	28089
19321	254	14459
18130	254	12404
25893	325	14276
27881	325	20551
11829	325	11192
12929	288	28905
11379	325	15744
18907	252	17737
15503	325	19465
28357	268	17907
10989	288	29941
18980	325	17938
10640	254	20248
15303	282	13823
27826	258	17245
17362	278	18036
16413	278	29751
27795	280	17865
12908	278	29546
15550	254	28931
25872	288	13121
18180	300	17958
14386	260	28481
15750	220	17709
27751	325	17992
29919	288	26386
29324	325	16388
13897	325	13698
26229	278	16432
14218	254	10535
11267	325	11085
19949	325	28541
18754	288	18085
18185	220	13709
20867	288	19561
27526	252	16949
29402	325	19465
14532	325	27846
19918	305	27350
16661	325	16432
27522	254	11461
29677	325	25662
28195	325	19676
11450	288	11084
15760	258	28053
28828	288	14771
25764	257	18467
20156	316	29663
14182	325	11002
20225	325	12428
27566	278	17826
26172	325	26179
14351	325	20452
28837	258	18639
27913	254	20666
26990	254	25621
11470	325	28045
19548	254	11901
28051	325	28551
19921	325	18744
19594	325	12846
28097	258	11084
14651	245	13483
13969	325	14782
27564	300	17461
26432	325	17494
15586	278	29319
13193	254	12871
20066	227	16374
29277	254	11608
17227	278	19328
10923	254	28149
10801	254	20248
18071	325	15712
14348	288	27171
28301	327	20248
17421	288	29743
29409	288	12491
25595	254	28291
28456	261	10743
16786	325	15923
13516	254	29125
16039	252	13087
17734	325	19563
19901	254	14459
13953	325	25586
15865	316	11897
14565	254	14865
25930	270	29881
25585	325	25807
20830	325	18639
11115	325	28791
10735	268	14459
16261	223	13657
16181	257	18467
16152	278	11811
27687	325	28072
20907	239	29125
12758	254	20666
27692	278	18988
10608	271	29650
15530	325	15727
18375	252	10987
27035	288	11717
26350	214	11329
29719	325	12522
19394	243	20666
28789	294	27785
19072	254	20666
12424	254	28149
26837	250	28291
26308	258	17826
14311	220	17160
29280	258	27614
28931	219	14126
18268	325	15085
17514	254	20666
29886	288	25944
25505	325	18104
19912	325	26350
20972	271	13249
26709	325	15646
15982	325	20636
14069	222	26100
14278	254	10796
15303	257	27536
27293	325	12076
13933	278	27346
19722	315	10985
15104	223	12647
19515	325	26724
11929	258	28579
13504	278	26836
17947	325	13680
20130	264	27973
29333	220	20283
17596	325	12715
26053	258	20636
15453	325	12500
14807	254	12404
16402	220	13515
27117	325	27848
17320	258	14276
16500	263	15627
14812	306	26880
13530	254	11901
29980	278	13773
10990	325	27846
17409	254	14459
25500	325	27983
13067	325	19889
18676	325	20032
14200	278	19561
12352	254	26217
20544	278	18726
16307	325	18104
12370	254	20248
25649	325	20782
15769	258	14917
11412	255	17516
12555	288	14458
16105	325	14075
15062	271	29850
13098	325	29789
27450	325	14075
16847	325	19328
20534	278	12500
20284	320	29822
26432	325	18217
27362	288	14941
13714	325	20551
26587	320	17249
26868	268	11551
11663	325	13773
14938	258	11004
10838	325	26869
15430	252	29235
11715	325	12274
16738	258	20409
19231	281	29650
16808	325	12788
26460	254	20248
19592	325	28224
19697	257	19750
13616	273	26575
16783	288	13278
16377	316	14653
14811	325	25602
12808	288	25551
10651	254	12871
13656	325	14075
17935	254	10571
13427	325	19465
26645	325	17139
14313	258	16492
13869	325	18797
29002	325	20782
14780	325	19328
11968	280	11746
28561	325	18931
20064	325	17796
16952	288	20608
20518	320	10796
28248	325	14611
29365	258	20574
13866	258	27848
14581	325	13236
26281	325	20974
17144	325	27059
20766	325	29743
15644	325	29833
15581	254	11901
18741	325	16942
27052	309	28164
13536	325	27472
28788	278	16962
18576	254	14658
11536	254	11554
19282	257	18865
26456	254	19850
20085	325	17826
19730	268	28291
11609	325	26856
12555	258	14458
17103	280	11910
16317	325	27080
10821	288	20609
13837	325	17826
12799	325	29135
17730	325	20545
16076	288	17635
28806	325	19465
15226	325	13072
20252	288	26856
15517	325	12105
14088	316	28627
18249	325	29998
27958	325	11786
29348	268	16811
26592	258	17625
25645	254	15224
12010	325	12105
17499	325	27569
20386	254	16171
17970	288	26981
19756	325	10943
14077	258	16235
29784	325	14372
26889	325	27569
15503	254	17897
17906	278	10563
18229	268	13417
17773	325	15396
27463	325	15724
13169	325	11286
27092	325	12076
25591	325	28500
14295	220	26646
12490	325	20184
17765	325	19465
15398	307	14231
12208	258	15565
13179	278	16492
28684	254	27044
18869	325	20298
29225	325	29902
16729	278	19409
27297	325	14075
16721	258	20590
13639	268	13185
29556	254	28149
28534	278	14465
12854	325	14458
28206	288	28791
19364	258	29744
20316	298	17097
16733	223	12871
27114	325	10932
12229	288	29387
29180	325	10563
19247	282	19602
29895	254	17897
14261	220	12107
29630	278	17360
29579	263	25621
16804	325	20286
27736	325	12428
20818	325	15744
20190	325	18810
13564	245	13483
12808	258	12500
15027	325	16235
28317	325	12820
12058	302	28066
16700	325	18577
26641	325	18036
20397	288	12244
27194	325	29546
11806	325	20609
19525	325	16824
14120	325	27614
20548	325	26350
20068	254	16811
28118	280	18987
17223	325	16726
13100	325	29135
20177	231	29656
27734	305	28583
18044	254	14291
29514	254	19979
13604	288	27738
13399	268	11554
12197	300	12536
11307	220	26135
17751	282	20103
17386	268	20248
27641	288	20184
14511	254	17897
16757	254	11901
18759	325	17552
27989	278	10792
13950	288	14782
11842	325	13723
28084	258	18887
18104	263	11901
13250	264	16550
14083	325	29259
20993	258	18887
27178	325	12218
17884	278	18988
12985	325	15883
20333	325	12822
17687	254	14136
13167	254	12828
17140	325	27569
15373	325	20056
26590	278	25602
14317	282	27057
14009	325	27101
11859	288	18797
19633	325	12500
13949	325	12274
19338	288	15724
12463	258	29142
17988	325	15075
16975	254	14459
12046	325	25662
25601	258	12274
15163	268	20248
19202	220	12298
16399	258	18104
29696	325	20808
11268	325	18331
14448	325	12076
20271	325	28092
25500	325	27876
20423	325	15724
19886	254	26809
28442	325	16492
12146	282	17993
29448	325	11084
29901	288	29220
26065	325	25516
11776	254	29707
12945	316	26498
15982	325	15593
28347	325	18362
28595	325	10943
17898	268	14954
11318	268	11504
28114	325	19992
17126	254	12871
29588	278	11537
10635	325	15198
17664	325	12910
10503	271	12020
10824	257	12097
19142	252	16965
29020	325	26451
13895	325	28480
27665	281	27841
12332	325	10563
14572	254	10796
12133	258	10716
26872	325	19869
18664	325	17992
29483	254	17782
19189	278	16726
27402	288	11085
15659	258	20551
13676	325	29546
27266	214	27286
15764	258	19719
20258	278	14494
15081	258	20551
17122	254	29125
19384	325	19565
12249	325	25529
14998	258	18797
13025	325	28045
27684	254	18562
15881	325	29789
12100	220	29206
14554	325	18887
12709	226	27300
15289	288	20871
29193	325	28045
18575	325	18931
15327	325	15180
29771	254	29125
13083	258	29617
12009	325	15574
28503	229	13339
20660	258	13470
17933	325	11772
16895	325	12500
13112	254	20248
17636	288	28045
18778	254	12871
17234	325	29319
11873	231	15355
26187	325	26084
17088	268	28066
29942	278	26970
27724	258	11786
11748	325	16345
13099	325	11002
10586	317	17897
17104	231	19316
27248	288	20930
29974	254	28149
25501	325	26043
15580	261	17922
11566	325	15744
17935	325	11951
14065	280	12848
27175	307	20248
11370	325	16388
13727	306	18371
26623	325	14372
19158	278	18988
26029	254	12404
27932	325	10854
12392	325	28045
27568	254	11554
20828	325	13495
29508	258	14458
12186	254	16977
19937	322	25837
19037	220	28748
29481	325	16874
18630	294	18580
20740	325	11526
17469	254	26297
27119	254	17331
26038	229	27657
25904	325	26350
25846	219	17897
12831	325	20974
11542	325	13773
16976	288	12076
27836	325	13072
17162	325	19328
27282	325	29220
13644	252	25517
16000	325	11734
18740	325	27948
13862	325	13723
12011	254	16134
16814	325	15417
20232	288	15744
26462	258	20930
27595	280	12669
18775	254	26643
18308	252	15961
18162	325	13376
13521	254	17897
28261	288	18104
28215	254	14105
14626	305	27350
11511	325	20636
16322	325	17494
27148	255	11315
28671	220	27389
15593	214	28097
19893	325	27876
15279	254	12358
19971	214	11924
17393	325	20115
12953	325	20636
28024	288	13470
15710	281	28520
12080	268	10539
12900	325	27769
26789	282	28907
16096	288	19465
20973	325	15724
29160	294	14540
18574	325	12522
11065	325	16726
19092	234	20262
26458	252	27618
28354	258	18362
27621	254	13168
13279	239	11901
26952	325	20636
14583	297	26649
14783	325	12244
14052	254	16171
19463	278	16235
19767	323	15628
14290	317	14105
11355	325	17825
27479	325	16789
15540	325	29142
16022	278	12500
17598	239	17897
12685	231	15305
15686	325	18714
25903	325	15724
19854	325	11144
28149	300	16348
18833	325	14276
19320	325	28236
19742	258	17300
12210	254	19850
12509	325	12105
26234	325	25662
28151	252	11828
15808	325	15697
29290	325	15574
28298	325	12822
27544	292	17021
20441	254	15134
17680	325	16824
11340	254	19850
11099	325	27769
14252	325	19565
12931	254	29125
15371	258	28044
16011	325	11786
27665	257	13844
18029	325	12243
29041	258	27266
13076	258	27876
16274	280	16463
14824	288	20457
19783	325	28092
28816	281	28025
14547	288	29390
27302	325	28791
28958	325	17314
15694	254	19850
28395	325	10595
16211	258	13278
12454	325	29789
15007	210	14243
14347	254	16171
26757	307	14023
12281	325	16728
19347	325	17635
28229	325	18182
29816	254	20248
11392	325	17825
13171	231	17789
27809	325	12164
20867	288	20808
10547	325	10932
11869	258	20608
19655	258	20636
17395	252	27499
17812	278	20298
27443	325	16235
19154	325	15712
17498	325	20169
14589	305	26217
20506	325	26589
17437	288	17021
20880	288	10680
29467	288	11085
18540	254	14136
20400	258	12822
17437	288	15417
17989	325	10943
16453	325	29789
17864	325	27059
14220	294	12061
25952	325	18036
19780	254	13185
27430	325	15028
26781	325	28089
15764	288	19719
14938	258	27747
11848	254	29137
19721	278	13773
26267	254	11901
16943	280	18088
11284	223	27517
11716	254	28149
11062	288	20032
18166	325	14625
27499	220	17395
18856	325	15724
13135	325	13278
17461	305	13239
19703	288	12822
14524	254	16171
13868	278	20636
17944	325	19885
15493	325	17992
15984	263	14854
14893	280	18419
11015	254	14548
17582	252	28898
11045	325	20290
12797	325	14494
17421	258	17651
12367	216	15420
16029	254	18880
16313	325	13723
27372	220	19786
20678	325	11085
18064	239	11390
12554	226	25532
25894	325	10595
11819	258	27614
27990	220	15788
16329	258	15724
20918	282	27269
18077	325	16270
29574	325	12520
11063	325	16726
14038	325	11717
26098	317	29881
29783	325	15180
12565	325	15697
27630	325	29320
15856	263	20358
17912	239	29125
29205	254	18562
15716	254	16065
18809	258	19561
14731	325	19635
16620	325	28551
17561	254	26722
17937	325	28089
16264	258	17849
15634	325	15396
14686	254	19979
27180	258	12428
28290	325	10986
26506	325	18036
20012	271	14982
16245	325	18217
28016	325	16614
26059	258	25860
12515	288	13376
18737	278	14922
13756	278	27876
19682	258	29259
13178	288	20184
19235	325	29751
27147	258	11068
10660	268	11638
16991	325	11004
19295	282	14605
17760	288	29998
15387	325	16942
14797	325	17021
20979	325	16824
25789	325	10595
18711	278	26085
11793	288	28222
20978	258	12076
29603	325	20219
20993	288	10932
16967	325	25516
17883	258	12788
15979	325	29998
20587	325	15565
20446	305	12453
18161	278	10730
28248	278	14611
14077	288	19020
27940	254	29008
27309	254	17897
10866	254	26033
15092	325	16388
18499	305	16954
20081	325	18362
12516	325	25602
11285	325	27569
26717	258	14458
29368	316	25550
20203	325	11004
14388	295	12008
29855	278	20428
12604	288	13084
28907	226	12670
17126	325	20590
26877	305	28437
17815	325	15568
28120	268	26157
18661	257	17609
20660	258	18887
27766	213	27573
14958	325	16874
20301	325	29319
28846	325	17460
16928	288	28791
20484	325	13044
29310	288	13848
16383	325	13376
20351	229	17542
19171	258	12715
20666	250	14865
10877	325	29833
17780	220	26180
15842	325	13781
15766	325	16454
13484	325	29743
28307	325	19465
14397	325	12958
12921	254	11901
20999	305	27517
17020	325	26589
13687	222	16348
20289	263	13096
25780	254	20248
28227	219	26297
17163	325	26754
26967	325	17307
27927	254	14459
14502	309	29104
15991	288	16824
18723	278	18124
26344	325	14458
15804	325	15028
20525	325	26878
11944	325	29387
10967	325	28607
12833	297	12060
11707	258	20551
10771	325	17635
11376	325	20115
26459	254	25922
28137	258	20022
26917	271	12020
16871	288	27141
12245	220	27852
19099	325	11778
14252	325	20022
12296	325	14465
10988	278	13470
26744	320	11797
15342	325	27848
16891	325	13773
20977	254	16171
14965	325	12846
15760	254	16171
16381	222	13883
19792	220	16358
16910	325	20609
27978	325	10504
29019	258	13781
20288	257	19513
13858	281	27300
28312	325	20115
20200	252	14812
25828	252	14970
15767	325	16942
27304	254	20248
29990	325	18226
28278	325	18840
15867	254	14126
13927	254	11638
29886	288	15180
28830	258	13781
27740	288	13680
25755	325	20298
10506	307	28149
28232	325	28976
25598	325	20522
13357	258	12715
12924	325	19676
20915	231	16324
19121	254	16171
19204	288	20551
18288	325	20572
11362	325	11286
27009	325	27472
16607	258	18707
28510	278	12243
16486	325	16726
10836	220	25539
18863	220	15093
27140	299	16169
17981	325	19420
27387	325	17825
17024	325	26127
14261	252	12107
25945	325	16824
10879	263	14126
26469	270	17643
10616	325	19885
28638	258	27472
15511	325	20930
18969	325	27473
12552	252	14164
11012	254	18562
11722	294	26003
28539	325	18988
11338	254	14459
20776	325	11114
20890	325	29833
29570	254	11901
17399	325	12846
15527	254	15007
13689	254	29393
25735	252	29221
20270	254	15134
15546	325	16492
11209	254	14136
27105	263	17015
12767	325	18639
26745	325	29387
12352	268	17897
15775	325	10986
20052	325	19565
26983	325	13773
29697	254	20594
10821	325	14075
25682	258	27743
19004	254	20666
11160	288	18810
15775	325	12846
18701	268	14459
28662	222	26100
13903	219	11901
11002	263	28149
12773	288	15075
15584	325	26350
19647	325	15724
26675	316	11897
19121	325	27473
27566	325	10652
25726	258	29833
15044	220	14930
12500	263	11901
13400	254	18880
16823	325	16235
29775	325	26386
19297	297	20295
10953	325	10652
18179	325	12491
17837	263	16685
28887	278	11002
13073	325	29739
10643	271	11272
17108	219	10796
29253	325	29751
10947	325	15574
10833	325	18530
11801	325	16942
19604	288	27059
16038	254	19521
17917	258	27472
13490	278	28045
25559	278	14465
17793	271	15132
12731	325	25551
20603	258	10563
25558	315	19027
13035	325	18085
14657	263	18884
26148	325	18571
16954	300	12997
29810	325	11085
19354	325	12244
26798	278	16726
28136	325	28089
20978	325	18797
17120	258	14075
27128	294	19545
27647	325	13816
28169	281	13599
20416	325	25619
13748	288	15565
18295	325	16078
19581	254	13185
10532	288	12500
19021	325	10898
19292	325	15697
18548	325	15654
15777	252	12816
16606	280	27755
29689	325	12076
27510	278	13276
26274	230	13854
25941	325	29998
17461	305	12871
16841	325	25551
11352	325	12076
28205	282	10883
28895	220	26653
15325	278	18797
19975	254	25621
29315	325	20871
15852	254	28149
19757	325	29789
26454	278	13781
26076	325	20032
15599	297	28997
29396	325	13278
14048	257	16159
16434	268	29442
27507	300	27132
29966	325	14917
14222	252	26786
17955	254	16171
13525	278	29259
28246	288	17825
16784	258	20545
10910	273	25674
12656	325	29220
27626	325	18217
18335	325	26451
25595	325	12664
15548	325	20298
14631	254	28149
20542	325	10932
20230	231	11249
18264	239	17643
27147	254	12404
17018	252	20281
17574	325	13872
19364	288	18217
13520	288	27080
16084	235	26625
16736	278	15417
15366	325	20590
18982	239	17643
19591	254	28149
19003	325	28338
12530	325	15923
11883	325	28089
11984	325	27848
28085	263	28727
11443	254	11554
25818	278	16432
13003	258	26836
28440	325	11786
11725	254	19966
19110	222	18506
14581	288	15180
13049	246	13599
20126	257	12845
28354	325	18362
11019	325	12500
26854	288	18988
18394	252	29269
15136	288	28092
12134	258	19840
19686	254	17897
26498	315	16735
16302	258	20290
16099	325	29546
26039	325	11778
17776	325	12500
28526	325	18810
10821	325	16270
28048	289	18779
12004	325	18352
15917	288	20032
26445	254	27044
18763	254	16065
29269	306	26980
18953	278	20636
27575	325	12244
28412	258	11085
15384	325	16371
16575	325	19465
25996	325	16495
26668	258	16270
14548	219	19979
16016	325	10563
20036	325	11872
19881	258	28905
19736	214	17983
10660	254	17010
14853	325	16471
18120	254	14459
11904	325	29319
28828	278	20574
25795	325	29220
17635	263	12406
15246	325	26878
16986	325	20636
18160	325	29546
28513	325	26179
15203	325	27769
10798	325	28341
10740	268	13417
20003	325	27211
12611	288	20409
27328	252	29433
28796	325	25619
20149	288	12105
11576	278	13773
20232	258	15744
28802	252	16358
14690	325	13781
26997	325	11865
12638	219	14126
20717	325	29420
17785	325	14771
11947	325	27805
11306	278	15078
12243	263	29881
25679	325	19335
20559	258	25733
18870	255	28020
28922	254	17897
12203	258	18744
28977	325	16471
13561	254	17897
25785	258	18182
18460	325	27983
29044	325	26043
19701	229	17542
15823	325	28184
12070	220	19011
29958	325	15724
12462	288	13121
15460	325	20022
19440	325	27902
18873	325	20930
10698	278	20636
27206	254	11551
27926	316	25550
20149	254	13417
12773	258	26350
11622	254	11996
15742	325	19719
20365	258	14276
18362	263	27517
13134	254	12404
26000	289	28088
14158	220	20140
19367	252	19226
12904	220	16402
17969	258	19885
18507	254	16906
29386	223	13185
14182	325	16874
18486	325	18317
20813	325	20551
16934	278	27902
19620	220	26756
26978	325	17634
27776	258	29546
29373	325	19465
19532	288	26043
14815	325	26589
13620	297	16850
10964	278	28045
14277	254	14954
17784	325	11085
14688	288	13376
19338	258	15075
14575	325	28072
29547	325	12243
19752	213	16506
14997	325	15883
17606	254	29763
17162	325	27848
13551	325	20115
13868	325	27805
10650	325	15773
20565	325	10986
25606	325	14782
20102	268	28030
11270	278	18860
19261	255	25550
29180	325	15028
18395	254	11901
12024	325	15574
17125	325	16471
15173	295	11264
25746	278	19019
28162	325	12297
14162	325	27805
15903	325	12820
15657	239	29125
29657	268	29308
10639	325	12520
26727	325	28739
28201	325	26713
14986	254	19850
16335	281	12276
27474	268	19850
14876	325	26878
14529	325	12244
16760	263	17907
25655	325	26386
26649	254	27016
29230	263	27044
13770	317	10632
17150	281	27314
15590	252	28260
28984	325	25899
19687	325	12643
19190	254	12404
17265	278	19565
13383	254	12404
20271	325	11084
15063	325	28053
29824	325	16726
16516	325	12649
14031	325	20825
25566	325	14465
26636	268	14459
14220	297	16628
13306	325	26179
20891	220	18116
17734	325	18887
27644	280	11892
16553	325	13781
18898	254	14136
26509	288	15234
14324	288	27902
13034	219	17897
29234	252	11735
11976	325	25602
10558	254	14136
14978	325	12500
16462	254	20666
29883	325	20825
18975	305	17877
29744	263	11901
18427	278	14465
26554	325	18104
19096	279	27924
25915	278	25551
28319	325	13470
19188	231	12445
28918	268	11554
18098	289	17993
19625	325	27769
16194	325	28541
13449	325	29259
12213	325	17796
12226	325	16492
19643	254	11901
28039	325	19420
27233	223	17361
17829	219	19915
20872	268	11996
20803	325	12715
11193	316	18264
10771	254	11901
26674	263	19083
20968	254	12139
14734	325	20551
29331	325	16492
27150	254	20248
14003	280	16336
13637	254	16171
29924	257	28777
20374	254	17186
26614	219	11901
15228	288	26878
27791	268	29125
13660	278	28045
17389	325	12243
11552	280	28666
20520	325	11951
19358	271	29983
19428	325	25662
18603	288	26179
16540	254	14459
13358	325	29751
11606	223	10765
26133	294	16483
16814	325	28500
27618	254	11863
10940	325	15712
16955	215	11744
20309	254	20666
28588	325	17635
16174	325	16874
16803	254	11901
29872	325	14372
14446	220	17053
12474	325	15307
27219	325	13680
13033	231	26523
15110	325	18887
14429	249	18601
26299	288	29751
11938	230	28407
15659	268	20248
19282	280	29587
18664	254	16685
14877	325	15574
27278	325	16432
20726	325	20290
11653	254	25621
14326	273	29546
28083	254	20755
13880	288	10563
11982	254	17415
26168	288	11308
29280	278	18639
13619	254	11900
25962	278	13541
17423	220	29323
29323	252	27619
29708	325	27902
15687	254	14136
17175	252	29364
15252	231	18708
20591	254	28149
10875	227	17946
16706	231	28708
20172	254	14136
11187	325	20290
19980	288	13030
12517	254	16065
17473	278	15180
29103	258	28004
17566	325	18182
15847	252	26940
19515	258	28184
14854	219	10607
12034	220	13092
18902	325	13781
26181	254	28352
13701	318	15374
11145	222	16348
20087	254	14126
20402	325	19957
20391	254	16171
19461	325	14625
18333	288	10776
19891	325	13495
11409	254	29125
19435	325	16235
28661	325	16270
15711	325	13588
15822	254	17643
29347	325	20286
26986	263	15607
14753	252	15825
26110	325	10595
13203	254	20666
14052	325	28053
20484	325	12715
13054	211	20658
18907	220	17737
11499	280	14195
11015	325	27876
26279	254	16171
28527	307	19683
13036	254	25922
19922	325	13121
20803	325	12569
25594	325	18362
10542	239	28437
13379	325	27902
17198	254	13417
16901	325	11786
16444	278	12428
28575	325	18988
12153	325	26878
11937	325	28459
19325	325	29220
28272	307	16809
10842	278	15180
14920	325	13680
28156	254	20248
26633	254	25621
14304	268	20248
16500	263	10796
13010	325	26081
20678	325	29579
14249	258	12076
29616	227	18232
29792	325	26073
19852	254	19850
28960	278	16388
26054	254	12871
12986	278	27080
28008	258	13108
29619	325	16726
11688	278	19561
18090	252	16162
25667	325	12910
17236	278	11786
19251	220	17568
13535	325	13872
26327	214	15220
28834	325	11537
11243	254	20379
26989	258	16942
27345	268	26600
28449	254	11996
26481	268	11554
17984	254	16171
19511	235	10761
29280	258	27472
26967	325	29751
25678	220	20001
14749	325	12715
12606	235	13168
10777	325	17021
26707	254	16685
20619	278	20298
12690	325	18840
19530	281	14374
18992	325	16942
20694	220	29840
17399	325	26878
28022	288	16388
15711	278	13376
13984	258	11734
15878	325	18707
15853	320	20666
28874	325	17314
12437	254	20248
18805	325	13574
12844	325	29546
12919	325	19869
16175	250	18424
14917	263	26188
20632	325	18281
13032	288	15180
10990	254	12871
29199	325	16942
26220	268	28149
18451	325	25733
11064	325	26713
28750	325	19465
19393	278	13872
18686	257	17993
16416	325	12491
19545	268	14136
12695	325	16942
27191	325	26350
15887	278	13680
10955	325	18797
26491	325	27902
19044	278	17300
18826	325	18887
10655	325	20572
27471	325	10932
11966	325	16235
10531	318	25504
11513	326	15818
11548	220	20672
16389	325	28976
28247	325	11786
12849	239	29125
18435	288	15180
19623	258	10904
13059	307	28451
28110	254	28727
15572	288	10986
18519	325	17458
29474	325	25802
20196	294	15618
12203	288	18744
12234	254	18880
27365	254	11901
29816	325	27149
16427	278	14922
25708	325	18104
19755	252	19675
28868	294	16093
29246	254	11901
11924	288	19971
17948	288	16454
20933	325	27080
12023	220	18852
25915	325	18797
11149	325	12822
15769	288	14917
29063	271	16550
12509	325	27915
29360	325	17625
19418	278	19420
19697	280	26949
20675	325	20286
20432	223	13861
18125	280	11265
27903	257	12097
12800	294	29251
16637	235	26188
28629	261	19156
16097	320	16685
16544	315	27320
12999	278	13121
27366	288	19228
25640	325	28480
20033	254	14459
13445	325	17826
25728	268	11901
18734	325	25551
29878	325	19565
15435	325	10652
14386	260	29930
10877	254	29125
14210	264	19029
17493	288	19465
18179	325	28976
20427	325	16492
19912	278	20930
28501	325	13588
11155	325	20522
14485	260	20606
16358	220	28521
13989	268	27350
19512	219	17897
20447	325	12512
10541	325	14633
19503	325	25619
11041	325	29899
13228	325	26179
18805	325	12105
20474	258	27738
25638	254	12871
13048	325	28480
25826	258	27876
18030	325	10652
16944	258	19719
15647	325	26386
26450	325	18362
14050	325	12428
19266	288	13276
20156	316	11863
26489	252	12988
10763	325	27902
12593	325	16726
11047	325	11085
15606	278	12500
19240	252	28177
17125	325	29220
11202	325	14167
28545	220	26120
20418	258	15492
25994	214	19057
28723	325	13872
16521	254	11901
13490	325	14494
26598	254	28149
13985	268	16171
13757	252	19987
29570	325	12076
20760	278	13278
27099	280	12791
18316	278	14458
15502	258	15574
18967	325	26084
26715	288	26878
18782	325	13708
15236	268	11797
17199	220	15850
12211	325	28184
19443	258	28480
29792	254	19293
15416	325	16789
10857	258	10563
11467	325	11811
14877	254	20248
16981	325	26724
26391	254	20248
28676	254	18880
16077	254	17231
27050	325	13773
29057	258	18639
26752	325	14372
11663	258	19465
13273	254	17404
25681	325	15383
19461	325	14494
12555	325	14458
18605	254	11461
27379	231	28099
13357	288	13680
25815	325	18887
18528	252	11651
13250	226	29811
29694	325	28092
28415	325	16492
29618	325	15727
14758	252	20797
10979	231	19365
17965	254	14136
11738	254	13185
10789	325	18182
13169	325	18931
28502	279	27924
13878	278	13470
28096	288	19635
27226	258	29998
15523	325	12076
29311	288	28072
20300	325	25802
20306	325	14286
11343	325	29220
18705	325	20338
16521	325	16393
19478	325	10595
27158	254	17897
25989	288	19957
29385	325	11031
28930	325	18182
13994	257	28563
19123	220	18041
14378	282	15665
28454	268	11901
18792	254	14136
15640	325	20286
17382	258	13044
15223	278	25806
18179	258	12105
15670	268	11551
18621	278	26350
19204	258	16942
17805	282	11258
28351	325	19635
19232	258	11084
12478	325	18571
28512	316	18808
25957	254	20666
29934	325	26083
19842	220	13271
13736	325	25602
29603	325	20115
18736	254	28066
28552	254	14459
20983	325	13574
20216	297	13166
14443	325	10595
15206	258	20290
26850	227	14940
29908	254	11551
13862	325	26043
26721	258	13698
20248	300	16348
27020	325	16432
20837	325	20298
14254	325	14458
17687	268	19733
19897	305	14658
18030	325	12662
16336	281	17993
18521	254	11996
15059	325	25802
20178	278	15180
28661	278	19328
28521	252	16358
26419	325	19228
26616	225	26023
26300	325	19971
20552	254	20248
29767	300	17438
27772	282	18835
12762	288	20290
20597	325	28045
20361	254	20248
28347	325	28092
26900	325	14372
13090	325	28548
25776	254	14126
29764	325	20115
29646	223	10791
28132	220	17053
19666	258	12928
13493	325	13278
18694	254	10535
18406	325	20574
26256	268	17897
17915	278	19246
27544	254	18880
19591	325	18571
20231	254	20666
26630	316	14561
14307	261	14316
19816	263	29763
26523	280	13033
16020	223	15251
26046	254	20248
16420	258	11811
16201	326	18271
27621	325	28635
13222	325	16874
15721	278	15724
13290	325	20298
12841	325	19465
18648	325	12244
16823	325	19736
20059	325	10730
27212	254	11854
26354	325	13680
16818	288	18797
27043	325	12715
10763	254	11996
11283	288	13932
11565	278	19676
16647	281	27973
14977	325	28045
25534	325	16824
13930	325	25733
28274	325	14075
29178	325	14799
18705	288	28236
29576	278	14465
14646	252	14836
29540	254	14126
19022	254	29763
28097	288	13376
18636	254	16171
10649	325	20169
18832	223	16196
15556	254	12871
19018	325	14705
19655	325	26043
17418	278	19676
16070	325	14075
15896	254	14658
28893	268	20250
12604	268	14126
17778	325	15744
14870	254	29443
15522	325	28053
26300	254	18880
28918	268	27350
27332	254	15375
18893	325	15712
29892	254	16171
16256	325	26386
11373	278	13121
25603	325	16817
12365	278	29319
14877	325	20551
27096	325	14573
20517	254	28149
16840	288	20871
28961	325	15724
14925	325	12662
17562	325	17314
11332	254	14459
16440	258	11811
11761	231	15922
15181	325	20290
14130	258	26878
11005	325	13236
14838	254	28149
10639	288	11526
25906	254	26203
28455	325	13309
12855	325	13470
28392	231	27291
14688	258	13376
27678	325	26970
13488	288	27080
13000	288	18988
16270	214	17092
26904	325	27472
13648	254	16065
16176	325	20032
17787	254	14126
13765	325	14270
25679	325	10986
28724	325	17554
14574	254	17897
12967	260	18373
28073	223	18884
12462	254	12871
29555	325	19465
14665	258	29259
17761	325	29546
27477	325	29579
16568	254	13881
26833	325	19328
25623	235	11554
13145	288	13108
20466	254	29881
29716	325	26012
10636	307	26769
13532	254	11461
14461	325	26724
19081	325	29833
12267	325	29259
28330	220	11320
25747	316	11039
14203	278	17849
13040	254	11996
20564	325	14820
11709	254	13185
18899	307	28149
20198	253	18007
18436	325	10879
27425	288	13932
10949	325	26386
28055	252	27461
20447	325	20636
25924	288	26228
17507	325	10652
28650	325	10563
26790	282	13011
20246	288	16614
17990	325	27769
28096	288	15883
29249	325	12076
18628	220	20043
26036	271	29983
20065	258	26486
17622	258	11526
17538	235	20861
26017	325	27876
28021	278	15417
19692	254	13239
11928	254	14126
27116	278	26179
27888	325	11085
13660	325	19635
20813	288	11084
10506	263	14459
12416	325	13932
26707	325	13698
29558	254	17897
19364	325	20219
28650	325	17021
20913	258	16726
27493	268	11554
18673	325	19885
20015	325	29789
12517	288	26836
29096	325	12965
20489	325	20115
20889	325	12244
17522	288	14072
12222	258	12243
13803	254	11901
11154	325	16728
25651	325	16942
11138	325	14465
28148	301	18044
26128	282	29765
18011	254	13096
15335	325	16614
11558	254	13415
19995	288	17139
29412	325	20109
12054	325	12699
14996	263	28149
16015	325	15744
28713	288	27743
19193	263	28149
14580	220	28675
28731	258	27473
12222	325	12243
25501	254	20248
26907	280	19726
12156	325	29751
25945	325	26043
11301	325	18070
20463	325	19465
11884	325	11085
11145	309	13831
14845	258	26589
19581	325	12822
28214	325	16728
11127	254	12466
27921	325	27211
16202	258	12910
14319	254	20379
19518	325	16942
14968	325	20290
26641	325	26127
16802	325	11778
28974	325	26043
14333	288	29833
15263	258	17314
29755	220	29282
17704	268	20248
19384	258	13108
12892	258	13044
13890	254	16685
10500	254	11638
17803	258	20428
16370	288	15727
19613	300	17461
28675	252	14580
27797	257	12525
25700	325	12520
10919	258	10652
15371	258	15744
12154	325	18036
14323	278	27902
15810	325	28805
18037	231	15150
17363	288	18797
20093	325	17314
15473	258	12928
13790	254	16685
11929	288	16492
16982	288	20338
15062	231	18517
26881	307	28149
20326	325	26589
16597	268	16171
19179	219	14126
29295	325	29998
19905	254	20248
10735	325	13680
28509	325	14494
18264	213	11193
15739	325	28044
26051	325	25714
15557	257	19410
12104	325	13121
13905	325	11004
20009	325	29744
17677	275	19911
28592	325	18362
11399	258	13072
16711	268	11996
11454	325	14075
28204	325	16270
17096	280	20921
16730	323	19619
16732	325	15383
19663	288	27034
12787	258	25802
17657	213	20956
19588	254	25621
14981	280	27547
15651	325	25602
20699	325	14465
15784	258	16492
29027	288	25586
28768	315	27589
11800	325	18492
20986	268	19850
14822	220	14930
11404	252	19207
12976	325	19465
11840	252	18904
26546	254	12404
12145	325	13470
18283	222	20222
26497	325	14458
20886	282	18865
29595	258	15198
18058	254	19967
28167	243	20666
19177	325	17139
26500	254	14459
26849	305	16954
27585	325	10854
28173	254	11901
13512	325	28791
16140	307	20248
14447	325	15727
27468	325	20522
19295	222	26100
26528	254	20248
15276	254	26920
17653	325	27743
27079	325	15720
28035	325	16824
28086	268	11901
16924	288	19561
12754	252	25867
13253	288	17458
27539	288	16500
20471	268	10796
16962	307	11996
20127	325	11085
10514	325	18475
26017	325	18036
16996	261	26632
18502	223	17745
16450	307	15340
13536	254	12404
13032	325	19885
27165	325	17245
12373	254	28108
10940	325	18317
26051	278	13343
27097	325	26043
20003	252	29828
29331	288	12428
13137	325	20298
28069	288	26878
14084	325	12822
18180	305	17958
28702	325	26144
16924	288	15028
16343	254	12404
16580	268	11554
20697	231	14751
28354	288	14633
13173	223	10591
17968	325	13108
28113	325	10563
18990	254	26389
26432	325	29744
13578	254	10607
29145	325	20640
26311	278	17652
28022	258	13723
29427	307	20688
19606	325	12520
20292	258	14820
20688	263	26217
28132	220	19088
26196	254	27044
15704	325	29387
14224	258	29220
29684	257	13352
26063	257	29682
15153	282	11258
11071	258	14372
18240	252	13689
14795	294	18381
25506	219	11901
15124	278	13278
17943	325	28541
28079	288	11085
19049	288	28541
10903	325	15180
19633	325	16471
26075	278	27080
28949	254	12871
11345	325	13773
14304	325	20636
11319	325	20574
25884	258	17458
11404	258	26575
27249	325	20572
27937	325	17635
17574	325	14782
12515	258	13376
29581	217	20945
18055	258	12500
14527	254	19208
15645	278	18931
15023	325	15744
19627	280	26346
16767	288	11085
27271	258	19840
13999	254	28149
17812	325	28338
29944	325	27848
28637	325	28089
17830	254	14246
14120	325	20286
13291	258	17825
18937	278	29743
16385	288	13376
12208	288	26179
10821	325	20452
12936	304	18761
13050	254	14136
15916	278	20930
15724	214	19117
15924	258	20171
19847	325	12846
27976	252	26895
12342	288	13278
15613	239	15607
18970	281	17113
29521	231	12135
27222	325	29833
15150	271	15157
14871	282	20130
28785	325	19992
29730	278	16874
29152	325	13276
19721	254	13185
17480	325	27569
19532	258	29751
29759	325	15028
17154	325	16061
20920	231	28077
29197	325	16388
17853	288	20286
20999	305	18550
26182	227	12518
13409	325	11179
16249	325	18523
17695	258	26386
11373	254	12871
10750	288	27080
18171	268	11901
20532	258	19719
17126	325	27846
28731	325	11772
17430	278	20247
11101	258	14633
17773	288	15106
19198	258	17139
26696	252	19467
17839	325	12662
19993	254	10796
15926	325	16235
13368	325	16942
13457	316	29395
18547	325	26451
26076	254	14658
17373	325	11179
27629	316	11897
17084	325	29387
20240	254	14136
12335	288	14494
28078	325	25662
12951	305	19499
25604	288	15234
18440	278	26127
10612	325	11917
20309	268	11579
15713	254	11199
15431	325	20298
19151	297	26649
16234	252	11711
28689	288	20636
11049	258	17572
11071	258	11786
20328	294	19991
20795	252	19661
17570	278	12500
27924	229	17542
20748	325	25928
10806	278	16824
16842	261	27439
15462	239	18884
11992	325	25586
11802	325	29739
18247	258	11872
26391	325	10932
18925	254	11461
27528	325	29112
18889	252	28632
20072	325	12164
11467	325	13872
29517	254	17897
12158	325	11085
25680	254	11638
19154	254	12588
27596	325	28089
15564	325	28222
15441	258	29941
28653	254	28931
27210	325	11144
26693	325	18899
13247	325	16471
12882	294	20394
20421	258	10595
29189	297	18835
29929	294	27941
20465	325	11085
15857	325	17360
19178	325	13872
20532	288	12520
11183	268	11901
17228	325	16726
13010	278	16235
11305	263	13239
27418	258	29926
16202	258	16726
19313	254	10539
27342	325	20032
15243	257	15076
17445	325	16195
12009	254	29186
19041	278	13773
11422	325	25619
14992	325	20590
18390	268	14136
26900	254	12871
14499	254	20666
16454	214	17948
26474	288	20219
18829	288	20169
14488	325	14633
17902	289	28088
29599	325	25733
15386	280	10973
15580	316	20165
11655	325	14191
14741	325	12822
26506	325	13278
15794	325	14465
15839	220	27676
14127	254	13881
17702	282	12389
19306	325	19971
19873	254	14356
13357	325	29617
27542	325	11213
18547	258	17139
19825	286	11186
18052	252	13811
15406	325	20974
16462	313	12632
14887	325	18530
14112	254	20666
29802	254	12871
28200	325	18606
11767	325	13932
29469	254	28149
28675	254	27044
14523	281	16077
20159	325	14625
18558	325	12076
26849	305	17958
25781	325	26322
18694	325	27902
26744	217	15862
15352	239	19880
25683	325	18726
19970	325	28045
16509	325	12306
26948	254	20358
28611	254	11901
16051	325	19248
13882	223	27949
14324	258	19957
25754	278	14689
12291	320	18880
12330	325	28791
14669	258	20808
19352	325	16235
15759	239	29125
12291	320	27517
19603	325	13470
17819	325	27876
16213	216	13207
12921	258	10595
18964	231	18914
15214	268	13417
11445	252	26525
25698	258	16728
12521	263	28982
16058	258	16492
18194	220	11956
16841	325	17634
14825	325	20574
18180	305	16954
25542	252	13640
14134	325	10563
17502	325	17314
20659	254	16171
13956	288	13278
10502	325	20794
16174	325	13680
25873	325	27080
25677	278	14922
15944	305	19499
26515	248	14126
18694	325	18726
18287	325	27101
13351	325	28184
18495	288	28045
28416	325	14372
27320	316	16544
27194	288	29546
27224	282	29856
16202	258	25662
26129	309	29104
27563	300	26830
15415	325	14072
18280	243	20666
14489	325	20184
20556	325	15744
14504	325	15234
19151	294	18275
25766	254	12336
11950	325	20409
20607	219	20248
14633	307	12363
14464	325	20169
10936	254	13417
13232	325	12820
12932	254	28149
10595	263	11901
29709	325	12822
26628	271	13392
20730	325	12522
18740	325	29751
26668	258	11811
27428	288	12105
19491	325	12076
19358	281	12020
20799	278	27080
28069	325	28053
17066	258	18707
19278	258	13833
14021	325	13319
16620	254	12404
17383	288	16269
17273	254	14136
11693	258	19957
28572	288	15883
18846	325	14072
14206	325	26386
29719	325	14839
26354	254	28108
26818	254	29125
25962	254	19979
14117	268	11554
29219	254	26837
27875	254	18550
19325	325	12500
18350	254	29137
28856	288	27246
11476	325	11004
15025	325	19992
27764	325	17139
27392	254	17897
19253	268	20663
18205	325	17351
12918	325	14611
25855	268	28149
12459	325	14276
15270	252	13460
20960	278	29998
19910	288	26757
14369	220	26573
17502	325	26144
11074	258	26350
17452	325	20115
16919	325	28053
12106	249	17992
10840	254	14658
17772	288	26386
19817	278	18840
16223	325	13072
15328	252	10984
28137	288	13773
19945	325	26127
25615	306	26880
29737	280	29389
29492	325	15907
17006	299	12127
28998	280	11973
28320	278	18726
10919	258	25802
19287	258	13276
15246	325	12491
15515	219	17643
12082	254	26448
16545	325	20636
27549	288	10652
28976	263	14126
29504	325	10652
11419	325	27080
25990	325	16235
14443	258	25602
12633	325	11085
14823	294	18944
29841	325	20522
26089	220	14634
16959	288	29579
27865	261	27543
11907	254	14126
13443	268	25621
16944	254	13185
29423	254	13417
20104	258	27902
25902	254	12404
18724	325	18085
13149	288	18475
13923	325	16235
14937	325	13588
20454	288	17635
15958	254	11579
17291	258	11778
15019	325	13723
19563	263	29870
15448	239	29125
28237	325	15180
15819	325	27902
17833	288	13723
17833	325	15234
15756	325	13236
11160	258	18810
25950	325	10986
29690	325	20290
14187	252	20234
29628	325	20590
11843	254	14136
18005	325	20290
26101	278	20636
28349	325	19992
13933	278	12243
19638	325	26386
10618	278	12243
29961	239	17897
26006	271	15824
12231	288	25662
14070	227	20188
15693	263	11863
27041	258	11650
27027	278	28849
12008	254	11554
13718	268	13417
16539	211	14110
12973	325	14458
13144	325	10563
12432	305	26297
28302	254	11901
17000	254	13415
26501	214	27647
27309	325	19565
26582	325	12243
10854	263	29186
25892	325	19885
26178	325	11179
17835	254	27044
19258	258	18797
19655	288	15744
27588	325	18625
14287	254	28790
15300	325	18036
19573	219	11901
27324	325	17245
19842	252	13271
28412	288	12910
15651	325	29220
15983	325	18331
29197	325	15234
19519	254	12783
26562	325	11068
18166	325	27929
12001	325	19565
14251	325	27080
28784	325	16824
27912	280	12835
17636	258	18931
16939	254	29125
20819	226	29380
16753	258	14494
16636	252	19074
15527	325	11772
11392	325	20032
11152	325	16824
14442	325	25551
11707	288	20871
14650	326	29322
17094	325	17825
27017	252	14908
13410	281	11234
15491	325	12105
10742	288	26043
16818	325	26724
27575	325	27569
29935	325	26713
12203	288	12703
12203	325	28976
11448	258	11522
28281	325	26386
17699	220	12904
13458	325	18931
18596	325	18931
20154	290	19785
20085	254	12871
26976	325	14458
16997	325	10730
26561	254	28149
27766	213	13701
13018	220	16974
28443	325	18475
16871	258	27141
28102	280	15451
20036	254	14459
19142	268	29125
27588	254	28149
18602	254	14126
29444	325	28976
19398	325	15307
12018	325	26575
28137	325	20574
27729	222	18506
26519	325	11872
13563	305	20594
29624	252	19394
10524	254	29763
18627	325	19328
26284	278	13470
16514	254	14174
13492	325	27769
12883	250	10916
18754	288	26740
11045	288	20115
10832	282	15186
27873	325	26575
28051	258	25516
20353	257	28054
27491	325	18606
27951	278	20808
26791	268	11901
27922	217	13611
18235	278	14611
15162	278	20286
15606	325	12500
11093	325	12076
17558	325	19565
25909	278	14075
29274	305	27350
17571	271	14457
12611	288	16148
17397	280	26917
29794	325	15923
12515	268	20248
26279	325	27769
20506	258	15744
20873	325	14855
28447	325	10986
11096	258	26179
11789	325	28541
15288	254	14205
17848	325	27473
19205	288	17825
28086	325	29220
29103	258	20169
11129	325	27472
26299	258	17139
13699	294	14137
16094	278	25602
15305	257	14681
20246	258	19420
16233	325	14075
27853	254	11901
11812	288	12910
10834	280	26520
19833	325	17635
29309	325	25551
14224	288	12500
27101	214	12157
20837	325	12274
28927	325	14286
20242	254	12404
12381	305	29340
12884	220	13640
16629	254	20248
13247	254	29308
17805	280	18872
28696	325	20298
11791	254	12871
20597	325	26179
14657	307	28018
18836	254	11606
29906	220	20904
16758	268	14658
29797	325	11044
15659	258	27769
15396	263	28931
29820	325	18085
27185	325	18797
20908	258	20032
27459	325	26713
19379	254	14837
12553	325	19635
20492	317	10796
16343	288	18639
17152	325	14922
20448	325	13773
11765	258	14799
12260	325	17796
29072	254	11390
19502	325	19565
14476	254	13486
26104	220	29085
12000	254	25621
12409	282	19410
13181	321	10539
13771	254	11901
11893	220	17354
26781	278	18726
10706	220	27123
11014	220	27800
29423	254	14126
14464	278	18182
26351	220	28993
11933	318	18550
12808	258	20290
13497	325	11085
10551	254	17415
20002	325	13044
19296	254	26548
19147	325	17139
27145	288	16726
27164	325	26783
27957	325	10943
29009	325	14458
15126	252	26476
28300	325	26043
20483	278	12076
14780	254	13168
12133	325	11004
18250	325	15712
16739	325	12243
11922	258	12274
12124	278	27080
11496	235	26625
16938	254	13185
27952	254	27065
11770	305	27350
13876	325	15646
15876	231	12451
27133	254	29125
15013	325	11085
14133	252	14439
28111	325	18317
12840	252	20829
11561	231	14856
11115	325	12274
11018	261	11377
20817	288	29926
17438	300	29767
15973	258	13966
28983	220	27006
13379	325	25586
16262	309	20167
12004	325	26179
28948	325	29658
26350	263	11608
12860	278	19420
27344	325	27948
27415	268	19943
19591	278	16824
29602	215	18455
17446	260	18373
14275	258	14782
26831	325	20871
18524	258	16270
12749	325	20290
27016	223	17540
26184	268	14136
29462	325	20032
27506	254	27104
13649	231	17310
15760	268	14126
16137	325	16492
13239	300	11964
14928	325	13908
12259	278	25662
17027	220	16127
17240	325	12500
15496	220	18662
13708	214	13998
26432	254	11901
16551	325	11031
29189	294	11808
16674	325	20636
20904	220	18604
14076	325	28004
16743	263	10796
28657	325	26575
15542	217	16669
29127	325	12184
19717	268	16169
12632	254	11554
13985	325	27769
11598	248	27404
14121	263	14658
27151	325	13848
16494	325	29998
25707	254	12527
11393	288	12243
11407	220	11462
18429	281	28147
13516	325	17825
17200	325	19465
20246	258	16614
25907	325	13121
27371	306	16230
28333	325	28759
16166	254	17640
25893	325	18797
28778	258	26179
26768	325	20290
12724	288	19676
29439	220	13087
12676	317	27044
26991	288	14276
17077	257	17993
20510	325	14458
29747	325	13072
11126	317	11554
12958	214	11626
26265	300	27964
20266	254	11901
26586	254	11461
26613	325	27948
17445	325	12520
18030	325	20286
28603	254	28149
11076	325	19328
13673	325	29069
29011	254	20248
20475	325	16235
16343	288	28551
15729	325	12076
25540	288	28045
14862	325	29390
19862	254	17897
29734	325	12428
13359	325	13072
27697	278	16726
16353	325	20247
12836	278	11179
10780	258	19676
26168	325	12520
17788	325	15744
15811	325	20219
11207	325	20636
17368	258	28236
29462	325	14075
18449	230	14036
14726	278	26179
29611	278	28500
16829	325	10682
11448	325	15106
25826	288	25619
17772	258	29546
25967	325	13541
26692	316	17565
10821	258	20452
14719	325	18104
29783	254	14459
28523	254	12404
26781	325	27983
16082	325	26179
28471	268	29881
10691	325	16432
16559	254	12871
16176	278	20032
12543	317	13417
26748	268	12871
25938	238	27022
27965	325	19465
25921	254	14459
11567	288	18988
10557	278	26179
17042	280	16375
18645	325	27472
18279	220	17201
18289	325	17651
18740	325	28236
26989	268	20248
14323	288	14633
28630	288	13932
10599	325	14657
20285	227	16856
19205	258	20169
26745	278	14611
27514	325	14611
19585	288	29751
20448	288	26724
15901	231	28729
18416	238	14110
14228	325	28044
12724	258	19676
20958	325	20219
29136	278	18362
12337	325	20794
16158	254	13881
15742	325	29268
19140	288	18319
14766	258	25860
12847	315	17547
17803	288	20428
16880	325	20032
26602	325	29833
19146	288	19420
26141	252	19695
10747	325	14458
14974	325	12274
13167	220	15324
14073	325	12274
15848	282	15665
12895	220	18662
15441	258	17360
25599	278	20115
14157	278	28459
12253	325	28089
20968	325	20782
16079	280	19358
17609	264	17324
17346	278	20298
11024	282	11497
12090	325	25602
27262	325	18988
20210	325	13121
13989	254	11554
12668	325	16614
26362	325	16388
16297	254	20248
16174	258	15307
16443	288	16942
27761	325	19228
27894	220	19933
26247	288	19465
25963	325	10986
15700	268	19850
25986	263	28727
15859	325	14689
29750	254	29125
14744	325	15180
14737	268	19850
16129	294	27636
10681	325	11811
11119	235	27044
17844	325	29789
17847	325	29789
11580	325	13680
19508	325	18104
16983	325	12715
11865	263	18880
18122	278	27902
16889	231	15930
26277	325	27915
14900	254	20666
18291	254	16848
17518	325	20636
28992	258	15028
25946	268	29125
17437	258	17825
10557	325	13108
16834	252	26483
20952	254	27517
11344	219	11901
13087	252	16904
13799	288	14372
12295	288	16728
19809	252	12403
15812	288	27805
26775	325	26724
14778	288	12946
16541	288	15075
13975	325	14458
12977	278	14465
28591	325	20286
18120	325	18226
14804	239	13808
27648	258	17826
15542	320	11554
15059	325	12243
18438	280	10628
15652	325	12662
18048	325	29259
17595	258	19561
17575	325	26043
12950	254	16477
27556	254	17897
14048	282	18637
16452	325	17825
14001	325	17314
20888	325	16345
19354	268	11901
26479	325	12910
16013	325	27472
12413	325	19187
10738	315	27801
12581	278	12788
16884	223	18242
26033	225	26023
16206	258	18744
17806	325	29546
20958	254	11901
20235	325	12910
15387	254	16171
18816	219	11901
20158	231	13858
20345	220	14578
10806	325	29488
16937	268	13417
18472	280	19500
18829	288	18182
15214	268	14126
18401	325	29926
16343	258	11068
19089	278	16235
19604	288	28092
28888	278	16726
20632	325	27485
13402	325	26757
27701	252	14204
11000	254	12871
29486	325	17635
29056	325	14611
10918	325	25662
20372	258	14465
14370	316	17181
17679	222	20892
19378	254	14126
27971	268	11554
29405	254	17331
17299	325	13376
17452	325	25662
26262	252	14812
18520	325	18362
19745	258	12411
11972	325	27876
15927	254	27044
17429	325	16728
16226	268	14136
13950	258	26589
17397	281	12020
14028	325	19328
12447	325	19465
28532	268	19850
26878	214	12168
13270	325	18571
27148	213	16617
12996	288	28089
16295	325	12200
28141	278	14839
29802	325	12928
26119	325	20247
13057	254	11901
25843	254	16065
20389	258	15697
12898	325	19363
15998	239	17643
13899	325	15492
15744	263	20248
20346	254	29443
29351	278	18931
12517	288	27059
26248	325	16728
12041	325	17314
27147	288	12243
17358	325	12958
29403	325	27473
15764	258	26878
25752	325	15307
20161	325	12076
20927	322	27446
25865	325	13278
28700	325	20808
27000	325	19561
17762	325	13376
12984	254	28727
19995	254	20248
11599	325	28187
13233	278	15234
12107	220	14261
11523	254	11554
12033	325	20219
10778	325	13072
13878	254	20248
10577	325	12076
20110	258	14782
25748	254	19850
28539	254	15094
14996	307	11199
29635	325	27059
27924	237	17542
27718	325	11179
25587	325	16388
18669	254	26548
19910	288	20782
14162	325	12822
13532	243	12172
16915	254	11554
16737	264	29933
12793	254	12404
16583	254	14126
11537	307	28707
27027	278	16824
11937	325	11084
29025	213	18213
13280	307	28149
17271	254	17897
19782	278	16726
13256	231	14451
27905	258	27712
13064	258	20551
29245	252	18633
20002	258	12431
11819	288	15727
26977	254	20666
14003	231	13256
17265	325	17314
18630	294	20616
15915	223	18823
20114	325	17139
10983	254	11461
17236	325	27846
26064	239	27350
11171	325	27902
16432	214	28809
14647	325	29220
18961	258	28607
13913	325	25602
25757	278	16824
16727	288	29112
18693	325	13030
28863	317	18007
29986	325	11786
15170	258	29420
19009	325	12910
17746	325	27902
17649	325	20825
27212	254	14126
19978	254	14459
12862	254	16065
25839	325	25802
15570	325	28504
17311	325	13723
14382	288	17992
19505	258	26589
14984	254	26809
19482	325	10595
15622	219	10796
11568	325	20452
26238	258	17992
17534	325	28480
17281	325	16235
11699	325	15697
29314	325	19971
16428	258	25586
28071	305	26720
14355	254	11608
28191	325	13872
13914	325	19971
19879	325	27769
15115	288	29135
20312	325	19565
19528	325	19635
10775	325	18281
26416	254	28149
26951	325	20636
25726	288	12946
27111	257	12382
28365	288	18104
20158	257	12709
17025	325	19465
25918	325	13278
27835	325	16728
13970	271	17993
10651	325	29899
11339	258	11085
15162	325	28121
28113	325	29789
13382	322	14653
15108	325	10943
14426	254	12336
28557	219	10796
29384	230	12790
13266	325	27080
15634	258	10879
10580	258	29546
25932	268	14136
27458	325	29789
15991	258	28976
14582	325	18931
11835	325	10506
11314	254	11461
18870	213	28020
16551	254	14459
16901	278	27846
16312	268	28149
10975	325	19420
19752	255	16709
16726	214	20941
29440	325	19565
15530	325	26322
17981	288	15075
25819	288	14072
13139	278	14465
26342	220	13896
19956	325	20219
18772	258	14922
14524	258	13376
12010	325	28053
14567	325	17460
13112	325	18887
13731	254	20666
17671	258	20636
19303	258	16235
13556	325	29387
28574	325	12820
12572	254	20666
17454	231	10726
12943	325	12500
27661	325	15568
15260	325	14782
28992	288	29744
26690	289	26251
25999	280	27475
13337	306	29960
11211	254	13096
18388	252	18839
19171	325	11179
29146	325	18840
20984	254	12404
27541	325	12076
27457	325	27080
17358	288	12958
12088	325	10563
26360	325	26970
14379	325	15724
13443	252	11404
17227	278	18726
19895	254	16065
25731	254	10796
13915	258	15697
15151	231	10712
12591	325	12965
26844	288	20551
28731	288	29617
14769	325	12715
11293	325	16492
18047	288	16235
14804	239	26217
15058	258	26144
10979	281	17113
12514	325	29899
13948	325	25944
19005	263	14126
28200	254	14459
11698	220	20879
18918	278	19420
18419	271	15157
12295	325	14276
10565	325	15883
20587	325	29998
28762	325	12846
13429	288	26386
27244	268	14105
28167	220	19394
11329	258	26350
15300	325	16432
13766	257	15076
10874	325	10595
16040	325	28089
13568	325	14270
12997	305	16954
18032	254	12871
14878	325	12820
14852	325	18840
19171	254	29443
16477	219	28149
19851	325	19635
18035	325	20290
11692	271	18273
16695	325	17360
15792	325	20184
29398	325	29899
20421	288	20574
13633	223	14700
11696	254	14136
17843	254	16685
15391	254	11901
16832	268	20188
18485	325	20457
18777	325	13848
19308	325	16061
12059	254	11901
13001	258	12846
26577	325	28500
12834	325	12076
16294	325	16824
13345	254	20248
13563	305	13096
27796	258	25619
28325	254	12150
15206	258	16492
25730	325	14611
20496	231	16351
13066	268	18880
19609	257	18865
27858	239	29125
16206	258	29268
10552	254	20248
15549	325	20636
19226	220	19367
17894	278	15075
19281	252	16546
16263	220	17057
15676	271	29983
29760	281	12043
28499	325	15744
19086	254	28727
29630	325	15106
15315	278	20219
10677	288	26724
19430	257	18323
28458	325	18789
26210	325	26127
20538	297	27657
29272	282	17993
18327	325	13470
17420	325	14072
19764	325	28092
13704	325	12274
14790	325	27987
18771	254	18773
12730	258	16726
14946	258	13470
28772	254	14126
11904	254	10535
17125	325	16824
12171	254	11901
11891	219	11901
19669	325	11786
26407	325	25551
20021	258	15724
12701	325	12505
16994	254	14459
11238	278	13121
13289	278	26575
26659	325	28044
12540	239	17897
20371	288	27712
12784	268	11996
29052	325	28459
20898	325	28092
27587	325	27848
17219	220	11840
16804	278	20286
10721	254	28149
17261	325	20452
29689	325	18726
14584	254	13185
15786	325	27080
26368	325	19889
17631	223	19309
15123	288	20871
13712	325	16454
19969	258	28460
20106	278	12649
15264	258	27080
27985	325	16726
29950	254	11901
29306	325	13072
19781	325	29743
13197	325	29941
15015	325	25662
12485	258	28089
26682	254	20248
27074	258	20794
19168	325	16345
20968	325	18226
25887	325	28579
17617	239	25922
28235	254	11901
13169	288	17634
16713	325	13376
18290	280	26156
16622	252	15389
13785	278	12076
11487	252	25761
29016	254	20248
12816	220	15777
10541	325	16728
26692	261	17565
28934	278	27080
13363	254	16171
14232	325	16454
26989	325	20636
15117	325	18182
20175	254	29125
27717	325	18085
14659	254	20248
17556	254	13670
20306	325	27138
11712	254	17897
20618	325	20636
17712	278	28045
17782	300	16348
13070	325	17351
28436	325	27805
27878	325	16492
25711	325	26043
17052	288	27902
11704	325	27769
20772	254	29308
16719	263	20358
14264	230	20683
16920	325	16942
17681	254	20248
17832	231	12685
26654	325	20022
14627	254	20248
12176	325	26878
17118	288	26501
14061	325	29319
13646	278	13843
13876	325	20640
28544	325	11213
26480	325	20298
20333	325	18988
12547	279	14606
11581	254	14459
18096	258	26928
20813	288	11004
25640	325	15697
26387	252	20735
11450	288	28236
17590	220	14221
26379	325	13773
26321	278	18281
10996	325	27876
20480	219	14126
28629	239	17897
29492	325	29069
19095	325	18988
17773	288	29259
27366	288	12076
29736	254	11996
28651	325	27712
29121	294	16772
13265	325	20609
16255	257	16737
15757	325	20078
14993	220	28764
13195	278	26179
29297	325	28045
12604	288	28053
28559	231	12355
26929	325	25733
20674	220	12811
28984	325	16789
11604	311	17093
27254	254	11901
19787	254	10607
25896	252	10515
27273	254	17897
12280	325	10986
27928	254	11901
29423	325	29268
28894	268	26837
14887	254	29207
27824	325	11786
13102	211	11424
10737	254	11461
27479	254	12404
18189	278	27769
12295	258	14276
18754	325	26740
15089	307	18983
14347	325	14625
20534	325	20115
20140	252	14158
29944	325	13278
17615	325	29319
14224	258	10595
13525	288	12500
16822	278	13680
29109	325	13680
11476	325	12512
12785	288	20219
12260	325	16432
27957	325	17245
14639	325	26350
17499	325	15712
15522	325	13680
26652	239	20248
16282	315	14370
20075	325	12076
25819	325	18797
15288	254	27404
14672	325	20930
14488	325	12928
12641	258	15277
14212	325	15307
14871	280	19215
15999	325	19465
11277	263	27016
16868	325	28184
17772	325	14276
18033	278	18726
29139	258	20169
18919	219	16954
15278	325	20930
29089	220	25556
10743	318	19616
18758	254	18007
15265	325	20452
29305	268	19521
13123	294	19991
20210	278	25662
12485	325	16388
26974	325	17245
28850	325	18887
28981	254	14459
20178	254	20248
13826	325	29833
