9032	134	5770
2752	134	9719
23040	134	21570
3610	75	127
9565	84	4634
957	205	7143
24566	84	23463
4720	92	9219
23326	84	23811
5125	84	1401
489	134	8431
3915	134	1618
1547	123	7956
405	24	23766
5863	84	23463
2313	134	4282
5445	92	24814
4154	134	21120
9809	84	1054
221	134	1928
213	134	6226
9731	134	9404
3654	23	958
5014	134	9385
2560	134	9838
6627	134	2621
21172	134	6778
178	92	22869
2373	134	3776
2995	9	24437
7459	134	22781
22595	92	22566
8869	134	2020
2661	107	4200
24779	142	7732
10271	134	7862
285	134	9385
1234	166	5004
2331	134	10090
2476	84	7397
8060	134	4133
9883	134	2346
4792	134	4896
24257	134	21572
24661	134	9385
1177	134	24624
3807	202	23576
24698	134	766
538	134	24819
3899	129	22854
2519	92	21356
2511	120	1787
9246	134	9236
25094	134	6778
8879	134	1311
6045	134	3343
24204	24	4408
23682	84	23463
4669	107	9748
24406	134	21539
9196	31	9196
24783	134	4111
7066	134	8635
7523	92	22059
6825	134	24387
9198	131	22102
1173	134	230
24536	134	2357
2713	134	22235
2755	134	5888
8637	134	7135
22742	134	24881
2350	79	7612
7626	84	22601
23468	134	10090
5262	23	22274
23918	99	22405
1072	134	2320
21381	134	24826
9772	134	9369
21965	134	6639
4943	23	4200
21132	32	21727
21052	84	4158
21273	134	5735
1835	92	3994
8251	92	6814
24616	134	9991
41	134	4133
10077	172	2371
22510	84	23463
25327	107	3959
9522	9	24535
428	23	1138
1601	134	4271
1846	134	21572
501	43	2390
23045	134	4575
9087	124	3547
10212	134	25202
2790	134	22525
22455	134	22461
21595	89	2852
21674	107	24402
9919	134	10136
23659	70	22869
4529	205	261
8252	161	8302
5233	79	2886
7116	191	6406
3707	92	3223
23630	187	6572
8901	134	1744
2897	134	5992
10428	134	24356
1088	134	23578
5837	134	3958
7718	92	7604
307	134	63
1689	134	6994
7710	134	9065
21590	107	5436
24972	92	21489
21499	25	9722
4347	134	4441
6725	134	2346
8678	92	7536
5256	134	8728
7681	107	8004
5949	92	1576
21660	134	10072
4063	110	3504
21678	134	10491
3704	124	24421
25464	134	3466
21671	107	7507
5080	125	1401
2344	84	2685
7748	53	9222
24947	84	675
1026	9	25121
23908	84	2685
8407	107	23463
7731	172	296
6744	24	24675
9626	43	3435
22938	134	7604
10436	134	25287
24604	43	6365
187	134	3180
6546	84	6056
8208	25	9722
6670	84	9748
10136	166	5228
5217	43	1819
4716	84	3626
23796	84	2371
8311	142	6714
10491	166	8524
23730	84	9466
22424	202	7143
8129	134	22461
3236	134	7604
3621	99	4158
1413	134	8965
7882	24	23497
8204	23	24364
8460	134	8077
6470	99	7742
4420	84	3959
21885	134	24197
8556	134	8340
2141	92	4777
23403	23	7397
23515	79	6665
24067	134	7151
24093	123	25002
8443	134	24848
3257	24	3279
6560	38	1930
21415	134	1664
8808	134	24448
2725	134	6860
2217	84	9748
7754	134	6442
21729	134	22830
9914	134	4680
23536	134	4271
21066	134	2530
231	84	2371
25399	84	22139
1265	92	4189
8444	95	8444
6348	193	23350
24327	107	23860
21946	123	771
10174	92	24071
23369	6	2549
7960	134	7021
7333	134	2320
23550	134	9065
6963	123	7257
24598	134	4575
1029	134	22059
21256	134	23419
6253	92	3994
9715	183	2983
5459	134	5383
23643	134	24624
9277	134	4076
24233	134	6381
9987	92	23261
21666	134	1928
3583	84	9748
22177	109	71
21214	134	1576
8407	84	3959
23869	84	7140
7927	134	3965
4364	134	4606
1787	23	22601
722	134	1664
649	134	22059
562	92	9532
9461	92	9065
22866	43	21743
23795	134	5065
8295	25	2212
4669	134	2970
5470	134	21120
742	24	8396
8945	134	23261
940	134	10051
2297	134	24989
7488	134	3180
24726	134	22474
6898	131	6093
5084	134	10430
5646	38	4009
5098	134	1605
2737	134	22869
24365	84	22601
23674	92	5845
4460	202	4200
21432	134	23266
8429	185	7191
3359	84	1401
23082	92	23047
21229	84	7140
5043	84	6185
9592	123	1305
10488	134	7992
8721	134	7135
21374	134	1311
3037	92	6639
25361	134	21848
6070	107	9350
3775	92	5648
21521	134	4992
6337	84	1054
21604	134	7585
24137	79	6786
4165	134	8728
25267	24	24187
6295	129	4642
3540	84	5671
2404	124	3015
24551	134	5871
24826	9	6913
25016	92	1774
7372	107	24931
1069	134	9389
24916	84	9233
6095	134	8965
7328	134	21520
8072	79	25047
24974	84	1401
4351	134	4896
23565	134	5423
3920	134	4111
1028	134	9719
4434	134	8748
23066	134	2736
7413	134	2005
776	134	10051
5012	134	3575
24692	134	216
6533	134	1605
1406	134	9786
5364	134	230
24945	134	2000
2326	134	6226
8467	134	25244
799	134	766
7595	112	24352
3901	139	1236
6753	134	4111
9982	23	2371
5812	84	23463
2213	62	22822
3598	24	8641
809	134	1605
5034	92	8488
3923	124	24172
23249	134	21974
8490	107	24262
22114	107	7138
4549	84	3959
4043	134	3223
10105	51	4924
8346	134	5954
10042	84	9748
5941	92	9615
9304	21	24379
6638	134	8828
9168	134	5561
7596	134	23380
940	134	8387
7756	84	2371
7515	107	961
23353	24	2610
24232	134	432
2136	123	21922
9807	134	3572
24865	134	63
21578	134	10136
4120	84	6185
24093	129	5276
4494	92	3372
3300	97	3109
9870	84	3202
10373	134	7726
253	134	766
24039	92	8828
2060	151	22559
9984	134	24590
23641	124	8702
6094	103	9748
8944	61	24863
1444	134	24989
7319	134	25110
3999	181	2414
9771	134	6374
10046	161	10453
4844	43	2895
8955	134	1441
4105	107	1401
9702	134	24826
10328	92	6521
3447	134	1911
22992	92	9671
24414	123	9127
9594	84	6185
658	107	4634
5744	5	10105
4405	107	8708
2324	84	9748
5245	84	3636
1793	134	486
6931	134	3965
10176	107	24817
4168	84	3900
22828	134	2288
22503	155	2579
8515	202	6803
3458	84	699
24156	129	23963
9578	9	7220
21018	134	2876
7353	84	4875
4436	134	2621
5242	134	1605
22526	134	25487
23252	84	2371
25341	107	4365
25344	134	22860
889	134	8077
22573	134	1576
24049	23	9879
6688	134	2736
7501	97	5690
6546	134	9389
4408	24	24204
22796	134	7492
7858	12	1794
1419	107	3636
3240	134	8722
6901	84	21898
6714	31	8311
9998	79	727
5653	134	6860
5207	134	3691
7230	134	10045
22017	134	2162
1633	92	2876
9773	112	4964
8428	134	2428
23631	43	22626
2349	20	2707
8188	134	1576
8309	134	6814
21461	84	23463
2270	134	3786
22037	92	4578
8565	84	4158
404	166	21610
956	52	1401
1126	92	1278
7774	134	21655
5266	134	5954
917	61	24863
9509	134	21519
23581	84	3959
2420	134	6228
25232	153	23897
23337	134	4417
4243	134	1718
3011	139	22144
10321	131	21651
833	134	2778
6565	107	5565
5046	134	21120
23078	134	1744
23046	107	1401
24019	134	182
4904	134	6392
8499	38	3791
1717	134	3958
1420	84	3959
23657	92	6324
8283	89	2209
5161	191	10094
6186	134	9684
3928	84	7397
1	84	22929
5491	134	1931
800	134	24381
396	134	23831
7243	79	320
23073	163	24767
6339	134	22584
9801	134	25190
784	27	7397
23531	134	25192
9089	107	22139
5086	92	25190
4140	46	9890
3779	43	9576
5252	134	8431
8496	24	698
693	202	7143
8048	84	9748
149	134	7682
24919	86	6961
23683	134	2876
785	134	23578
3110	17	24713
24340	202	2371
4871	92	5423
1638	84	10166
1610	134	23047
23618	24	3658
5243	43	2924
9072	84	3636
23776	124	928
21524	134	23539
7075	134	5845
10012	134	1441
10340	110	6607
21788	112	3460
6438	134	23027
7141	134	23419
23250	134	2215
6127	129	7472
9552	134	432
904	92	22566
24045	92	10136
21304	134	24356
25149	134	10308
23734	134	25244
6143	139	2209
7579	84	3959
25216	146	9894
9828	129	3045
6043	134	22525
918	134	4045
10098	134	23419
3089	99	5107
23320	134	21572
10415	123	24685
10062	18	2917
3694	134	9385
21646	24	21783
7084	134	6814
9565	92	4369
25201	134	4917
7357	92	21284
529	99	23701
25304	92	21122
805	166	2739
2722	84	23463
10499	164	8380
5279	84	2685
8823	92	6324
3330	92	1576
2747	134	5971
9974	134	1256
10255	193	9417
2953	102	24871
3511	31	24682
10240	134	4896
1651	134	8106
21923	134	2572
9591	84	1401
8941	84	25405
5309	134	4575
8754	134	9789
5080	23	1401
24915	134	1234
5657	134	8431
1564	43	22688
2777	134	8828
8362	134	7151
7948	134	6639
5454	134	5273
7468	134	9952
1355	142	6726
4776	134	8226
5467	134	3965
1811	134	3691
25491	31	5621
21264	134	21039
2173	134	6716
24259	134	713
7571	134	6462
21840	107	3626
24869	11	1145
10205	134	5770
2984	134	4392
23848	84	1401
24036	107	23463
23097	134	1718
4175	134	7726
25384	134	21650
6657	134	2995
24953	134	9522
10240	134	1026
22607	134	7817
7558	107	8708
545	92	9615
24037	134	24387
1651	134	8746
22195	134	23819
8472	142	8436
6549	27	22980
9906	134	22447
25244	9	21998
7405	134	3408
6482	84	1401
8205	92	10022
9439	134	22830
462	134	7151
23627	134	4076
8808	134	6958
21343	134	6374
511	84	22601
532	134	23298
474	92	22525
24400	146	5071
530	185	24372
1225	84	3636
3204	134	5197
8504	18	22792
23305	134	9615
7842	89	1997
2495	134	23380
4877	79	6895
9946	164	9479
23550	134	7624
4131	134	2243
2642	135	1683
10051	9	9508
22395	134	3994
24232	134	24819
8368	134	23344
5969	134	5197
6400	124	22375
4124	84	7011
2561	134	5932
22941	84	24227
3060	134	10308
2408	134	22057
9106	134	1931
4279	84	25311
4305	12	2213
22426	161	21276
6609	134	22059
22031	134	21854
1060	134	23344
7175	84	22733
891	134	5212
21949	52	23950
4326	84	6185
8432	79	6148
1294	134	4680
25223	146	1531
941	134	23131
24612	92	22034
6122	84	5675
9533	84	23463
22156	134	24381
1940	107	3636
23035	134	3088
2049	134	21570
8825	134	9838
21348	134	23486
9517	84	7397
4817	134	9719
10006	134	24356
22147	134	10136
3901	107	296
8823	134	6324
1727	84	21458
22433	25	22344
23734	134	585
3288	134	3770
6444	92	9219
7364	134	24197
7178	31	1105
21956	202	23751
4415	134	8828
10205	134	21912
10055	166	24364
10461	43	23442
4332	92	9492
4571	134	8226
1834	134	2215
325	23	22601
177	92	22525
21032	134	24387
25086	134	1931
104	84	8062
23185	134	6324
1819	89	1597
23535	24	23255
10220	84	1054
5547	84	1904
6448	134	9798
21478	21	1903
24731	92	1718
25064	43	1000
300	134	8387
2276	158	7042
8112	23	22601
2045	84	1904
3047	134	9061
23193	134	9236
5966	134	585
24974	134	3958
6957	185	3089
22332	134	22230
22373	134	6860
23196	134	3180
225	185	2439
9397	164	22980
24274	84	22601
6375	134	7682
2348	123	4206
8886	134	1365
9923	134	2410
22433	51	10158
467	134	6228
24012	107	961
22350	134	7604
7008	134	1664
7363	107	25131
7096	134	1991
9024	129	365
6644	92	23765
22237	20	1309
3796	134	216
9420	134	1286
22844	92	2020
3639	134	24197
3804	107	9748
10338	5	2738
5813	134	3223
2130	134	713
6115	24	8353
1731	134	22407
3857	23	22601
6641	31	3157
2315	134	21944
2806	134	22461
6885	134	10051
25437	84	1401
9943	59	2983
3299	92	3872
6358	134	22566
24479	134	25495
7926	107	24723
8761	8	7016
23752	134	9385
10094	25	6961
1258	31	24946
380	182	24827
25449	134	21912
8714	134	3776
24012	24	7121
1486	84	7397
23534	146	2171
9566	38	5874
24894	92	1278
6200	134	24408
1149	134	22407
21181	134	6958
7370	134	2970
1565	134	3872
22875	79	5233
9898	134	9578
6068	134	23344
7824	51	2554
8956	134	7135
1085	135	3688
23515	67	2685
2969	99	1966
8649	84	23860
4590	164	22554
4909	92	8226
21343	134	379
7429	134	21570
21685	107	296
1883	134	2022
2704	23	23950
22697	134	23047
22954	185	23028
2112	84	2685
4044	84	9206
10170	134	1311
3022	89	4911
21960	92	10308
6845	134	9786
8514	84	9350
8354	134	5932
1884	92	21570
21725	140	23744
25019	23	7397
2140	134	24356
2343	84	9629
7756	134	22490
22168	134	7781
2363	21	6169
5838	5	2554
8888	97	8927
5296	134	4528
24783	92	21572
9146	24	89
23002	84	22601
6886	84	23463
9525	52	1401
6887	178	25245
6101	112	6926
21104	84	2371
4617	134	9061
1794	23	10166
1723	98	3636
6425	84	24664
252	134	2000
23381	135	1683
23943	134	8488
5190	134	9838
7074	134	3372
10377	142	21073
24163	40	3091
3183	134	21974
23637	99	23860
3905	134	6442
1478	134	1278
22217	157	9748
886	134	432
21349	134	9790
9380	13	9722
9568	134	5888
7746	134	24197
4215	79	3782
8910	126	8910
3403	11	1161
10465	98	2283
7927	134	7492
5599	134	21655
6109	23	3543
5697	84	6185
25090	134	3372
2844	97	21479
4371	89	9630
8001	134	23765
6592	92	5770
7663	134	9492
1874	79	7380
8377	134	3958
10211	134	5561
5308	134	2410
4795	89	6027
9168	134	23887
24739	92	23111
5570	134	3575
24956	92	406
24635	134	9790
75	43	2252
21134	134	5735
5190	84	1401
1074	134	1022
6231	84	9350
10212	134	9991
22996	134	22693
7797	134	10109
7559	134	24816
5256	134	8488
838	134	3088
24904	92	2215
10071	134	8244
7342	84	2365
6004	21	5427
263	134	21120
23926	134	2970
23305	134	3575
21159	31	4742
23308	123	9535
8296	134	25277
5019	134	1234
21877	134	9719
8272	92	679
21926	92	8494
5172	134	9457
24667	21	24663
23316	134	22235
2557	134	25222
1834	134	25192
329	40	8381
2831	134	502
6639	166	9748
1993	134	3965
22025	131	21324
6733	79	3623
354	166	22757
21571	134	24992
2392	84	3626
6680	134	504
21647	134	3281
5076	84	3959
4662	84	24402
24995	134	379
22750	84	23990
23166	134	8226
22820	84	1401
25017	134	2288
8826	134	3180
25435	99	3636
6637	23	3543
1790	134	9063
3148	134	6994
2567	134	8920
24485	79	4164
24715	84	23463
23641	161	7158
21057	84	6111
25150	84	3959
5420	40	7042
24854	123	22928
9086	134	95
4459	24	21456
25322	84	23860
6014	103	6089
2035	134	24590
6794	134	10109
24789	205	5671
24588	134	24624
7186	79	2250
5471	84	71
22095	134	24590
7271	84	2685
6793	134	2410
1310	134	8297
4636	92	21854
4951	123	3685
8633	134	5227
7828	134	2572
3893	134	1278
667	123	23615
22371	134	21944
21774	84	1401
21802	31	3145
9172	134	24848
1811	84	23463
4623	134	2005
3407	134	7862
343	134	3348
22496	84	1054
8105	134	24908
5780	161	10453
9930	51	4924
1145	84	2917
3998	134	3223
3844	84	2371
9853	123	466
3217	134	23380
23328	134	6374
3706	134	22059
22822	23	4634
21673	84	23562
9031	134	2995
2922	43	24769
23179	166	2113
23290	134	2020
8460	134	24101
4892	134	25192
7505	134	9790
23242	134	63
5079	101	3780
1123	134	8494
5195	134	6958
3865	134	2320
1707	92	24881
7449	84	9629
10343	134	1278
5909	84	8062
783	84	6311
24576	134	22525
8563	84	8463
177	134	9522
3253	142	24543
3389	134	21796
10147	84	23463
24585	163	21409
4386	134	9790
1207	92	10371
24709	24	22766
8404	41	10404
7919	43	4393
3478	185	24298
23763	134	24448
6910	134	24448
7738	134	3786
3428	134	3372
6184	134	8748
22654	84	4454
1201	79	23665
1954	134	22235
393	193	22794
7800	134	10136
25339	134	23578
24921	107	22601
3675	92	2410
9623	107	1401
9690	134	4125
5953	134	585
2583	134	5244
5426	134	1234
5201	84	23990
22348	134	2778
10306	84	10166
8760	134	4896
1509	134	354
1027	134	22390
567	24	10171
8268	134	5224
1424	92	9471
6790	84	24095
1506	134	24826
725	134	9719
22634	84	22601
6869	134	23578
4582	92	7570
25340	172	1401
9419	134	24819
22601	153	8006
24370	84	1690
3578	134	10294
8903	92	8655
1132	84	2353
25108	134	21650
6653	134	2215
6182	84	24364
6653	134	21122
5673	124	3748
8094	134	3223
7129	134	21572
23967	134	21570
23410	134	9061
21381	92	24826
10251	134	9471
4269	84	3626
23151	84	1904
22191	92	10371
4478	134	10074
22935	67	7397
21385	92	21655
21602	84	22980
6798	84	9748
23978	107	1138
8447	134	23295
4816	161	22085
5160	84	8380
21678	84	72
2642	202	1401
435	134	2970
8136	134	3958
1664	166	25160
2833	185	3201
24764	139	9496
1967	134	10051
9113	153	6961
22868	84	1138
6453	134	7726
8685	92	3223
23438	42	10221
7342	84	22601
4445	134	9065
25409	134	9578
21182	84	5671
366	84	1401
22586	98	3636
21565	25	5848
9105	134	9532
22434	134	9790
9433	107	21843
9994	27	8380
5763	79	4019
9989	134	7135
24483	24	4675
24297	134	95
124	84	107
23839	134	21572
22580	142	24547
24022	92	22059
21763	134	3223
2669	134	8431
22411	90	2549
2802	87	3705
4035	166	23463
7743	134	6800
4445	134	24826
22690	107	2371
22993	92	2288
8718	134	3432
385	134	9522
5543	134	5735
4465	134	10072
3309	84	1401
24163	121	22823
195	134	22235
22510	134	568
21950	134	23419
1407	84	2917
8983	134	1744
9050	52	1401
21358	23	22601
1237	139	23744
25315	134	4073
24437	134	23500
4840	99	3605
2555	134	3333
23318	134	22461
247	134	3958
25295	134	22474
22385	10	2483
23207	123	7331
24803	134	22622
10295	79	8539
5472	38	3226
25060	84	23463
22938	134	3958
6488	134	23261
23337	84	5671
7588	123	6443
10054	129	6306
9817	134	6324
4641	134	398
1360	134	4417
4462	134	4441
8072	24	4423
21755	134	9790
2035	134	24499
4390	139	4613
8578	134	679
9282	134	5224
21027	134	3180
1610	134	2970
3413	134	22309
3827	92	24881
23808	84	3626
24350	164	958
23171	134	182
8162	24	9728
3736	134	6374
6556	134	3667
22998	134	8387
9531	84	1904
840	84	9350
4764	134	585
5359	134	4189
24391	79	23515
10369	79	22182
3915	134	1234
21557	123	23426
21265	134	4111
6663	134	24358
21705	134	9532
3162	166	8321
24579	173	4372
22578	134	22525
21805	11	6077
6101	70	6926
6302	134	4125
722	134	22490
8505	99	25311
881	79	7637
1334	134	24356
6973	134	10136
2571	84	4158
23706	84	23463
9621	23	8380
22319	107	39
10339	99	1650
7460	134	9719
9479	25	8006
24987	84	22601
5305	129	6870
3318	92	4680
5433	134	2203
4292	134	6226
8590	134	4992
8471	134	766
7346	79	8639
23106	134	23047
9306	134	5068
3391	134	504
4234	134	10051
23402	134	10136
4519	134	3273
2799	134	6442
7328	134	23261
3169	84	6311
9208	25	9397
3835	134	486
4637	129	23634
8983	134	3273
5407	166	7753
1259	134	5845
10061	134	9253
22956	21	8995
22538	84	1004
24422	134	22583
24129	103	958
6366	25	6961
3287	134	2778
23463	113	23688
3949	134	8488
6679	38	9274
6974	134	7349
6586	51	3610
2873	134	22230
23427	92	24179
2750	139	4050
22972	166	7941
25320	84	7397
24829	134	22830
3692	134	2000
166	134	25222
21167	134	7862
5471	134	7772
534	84	4158
5477	107	3626
4866	134	10474
577	134	10109
24016	84	2917
4755	84	7011
425	134	24826
7816	134	24409
2990	134	4125
3038	134	379
2993	134	3273
4305	34	764
22933	54	6024
21843	25	25270
521	107	961
21874	134	24590
3331	84	22405
4206	123	2114
879	134	24356
23086	107	8380
9401	84	23463
5511	134	1286
523	79	1936
21310	134	1684
24503	129	24644
10246	134	9532
7208	92	23441
22156	134	1311
737	148	3868
1696	134	4575
24700	84	1054
2451	164	8999
4745	134	21520
21750	153	8512
7518	134	8431
10477	134	2203
21834	134	21284
10082	84	1401
8911	134	531
2902	134	502
3265	134	3770
6685	189	1966
2145	134	24448
10344	134	1576
6804	84	1054
341	134	25202
9501	24	4372
6118	134	8431
21894	23	7138
808	166	675
1925	107	3636
186	9	3328
22158	92	7536
24524	134	24881
2484	84	8793
21907	134	8297
1969	134	21650
4321	95	9748
3153	84	9787
5315	134	23179
1981	134	7862
22752	134	24356
23872	134	9492
6366	153	8006
170	134	25192
6093	84	21132
21500	202	21235
10025	134	24590
25193	92	5224
6476	92	24356
9106	134	2020
23693	43	1644
5933	134	25222
21456	24	22960
6586	51	24082
1601	134	9532
4262	84	1138
9900	92	439
25071	166	410
10404	41	24615
25319	110	9279
2479	110	4911
837	134	4197
2388	134	22235
1336	124	4232
4558	92	23111
22112	79	5872
856	11	22496
1614	84	23845
487	79	21239
655	134	95
24801	134	8226
21641	25	6938
863	79	9937
23758	134	23084
9231	79	23588
22861	134	23765
10472	98	7085
23331	134	8297
499	43	8009
5313	134	7604
3101	134	1576
6809	134	22407
24705	92	1417
1645	134	6226
2352	84	10166
25353	124	8827
2644	134	1256
1254	134	24356
24687	134	23261
24284	134	63
7409	84	6185
23157	134	21162
3980	134	3958
9961	23	1297
21851	134	6289
7329	146	1561
2205	134	4417
23053	84	1401
24299	134	6374
2023	134	4807
23174	134	8226
7501	97	22142
242	134	24356
4155	134	6226
6739	22	25192
8544	84	7397
22439	92	3572
7288	134	3372
5889	134	25192
4611	134	25277
515	84	9479
24255	201	9728
23227	134	21944
6132	84	10166
21248	134	8488
6746	92	25495
49	84	6185
2443	134	22057
22531	52	9748
22227	134	1576
23218	134	2970
2471	84	22405
2703	84	10166
1921	134	1150
5908	134	10308
9479	25	9946
21417	134	3958
22631	134	2000
21186	23	5671
21477	134	4111
6816	134	8431
21863	134	9719
1181	202	22601
8784	134	25138
9799	103	9639
25381	134	8244
22146	172	23463
21663	92	7536
24330	134	1234
4530	134	21572
5387	134	3348
24050	92	585
7146	43	3968
3708	107	24402
1188	134	8635
23056	134	2876
3546	134	4
3725	43	2686
24281	134	10090
22365	84	21071
9294	205	22554
4513	134	585
10003	107	1930
21297	134	22791
25186	107	1496
8074	84	4158
23397	134	23047
2514	84	1401
24729	134	22235
4623	134	10136
1459	84	2917
5941	92	8488
498	134	22525
9969	124	4534
9252	23	1401
2857	134	1991
2741	134	6814
5764	84	961
4506	134	10136
391	134	3273
4014	134	24819
9105	134	9790
8742	6	21826
3641	129	21889
21636	103	6185
9835	146	5177
6270	92	3372
24217	92	21520
6475	134	10371
22563	146	5029
52	134	21356
10377	38	21073
6965	84	6185
7768	134	4585
5465	134	766
6924	134	3273
21074	134	21570
460	84	10166
21594	5	2625
5444	164	7143
7262	134	2876
1069	84	5565
2123	151	23901
2687	84	7140
7224	23	22601
2522	134	3180
2379	129	1882
24276	134	25192
4276	75	3610
6026	134	2995
4193	134	4339
21566	84	3959
3147	124	22008
8536	24	4999
9280	84	2685
3405	134	8207
418	134	21572
21259	134	10136
21674	107	9601
3327	79	4330
2636	134	21570
9587	134	8387
10162	123	5434
9202	134	6226
4217	134	22057
5844	43	8858
21835	89	22144
8868	134	23419
6450	92	10308
7276	84	1401
23534	146	8350
6971	134	2022
1255	24	21629
339	134	9719
22724	134	8828
23749	58	975
3651	134	1700
843	134	21519
7624	9	22482
21037	134	21650
1574	87	3537
22740	191	9639
10042	134	25487
1169	134	10308
10141	134	9669
5899	92	7604
7272	134	7492
8990	84	10094
8510	84	23364
3850	67	9748
9939	89	4181
1658	134	6226
7778	22	4331
25369	164	22554
6005	134	8071
605	92	9952
5113	23	8239
9441	134	7325
22848	134	21527
22558	156	3191
9442	166	22601
32	134	8828
6449	205	1138
6844	134	23266
8776	107	1496
4566	134	7819
22087	134	3965
2658	134	10430
5164	107	3636
9223	92	6960
21346	124	4026
4540	79	792
9779	89	24146
21870	134	432
25145	123	7811
2208	181	6415
897	134	23831
6661	84	3959
2104	134	21650
629	134	9671
403	134	2736
401	134	4992
879	134	23298
3111	48	8791
2549	139	3302
22108	92	679
6548	134	5971
3225	134	23607
24873	134	7135
3143	98	9350
937	107	2371
25002	123	259
23852	134	4575
7807	134	3180
21801	134	22779
4150	23	10166
22574	84	2685
5394	92	2465
23404	84	1401
5265	134	9492
23129	129	22198
25402	134	95
6148	67	3626
3681	134	1743
25146	134	23266
24170	134	1928
3127	134	24826
3146	134	21520
3592	146	3906
1668	92	24356
9242	134	8965
9202	134	9492
7339	134	1286
24196	134	5971
22766	124	23618
25453	2	1966
1535	134	4355
850	134	9063
23177	84	7397
22280	134	95
6899	134	25192
23739	84	10166
7108	84	2371
23379	157	9467
5140	134	432
5240	124	21050
3949	134	24908
10272	134	3180
9826	134	25487
25077	134	25495
8069	84	2371
8774	92	1928
2946	36	6299
9050	61	917
24725	134	9615
7001	134	4282
6880	92	5770
924	158	7042
4051	134	22034
220	134	24634
22951	134	24381
574	92	7781
23132	134	4575
5218	191	10094
695	134	9522
3399	134	1576
345	134	1618
7780	79	21507
4318	107	2668
23773	134	3348
8480	134	24179
7304	169	25245
5140	134	504
10382	134	5888
23506	134	22309
4750	134	3180
8203	134	6521
1353	134	1278
7638	84	3959
4359	107	1401
24855	134	7466
25396	89	21836
22108	92	1441
24776	41	24289
2000	166	1118
3052	134	7682
10043	134	23111
5290	43	21922
10027	134	9522
9381	134	5735
23184	134	3338
7468	134	9798
23404	134	5893
21575	84	1108
2829	43	21091
7619	89	2359
6827	157	2371
6689	84	9748
22330	84	8551
2227	134	23765
715	84	6185
22429	135	6196
21478	21	24776
8864	84	1401
8957	134	1365
3649	134	443
2564	84	4381
5153	97	9705
1213	79	2440
104	134	22235
21810	134	21318
3377	134	24819
24445	134	5888
7268	84	23463
10157	134	9061
111	24	694
10368	134	7125
21795	134	4189
21167	134	22407
21229	134	9385
23304	134	5992
25386	134	5735
22523	92	1186
10498	107	9350
355	84	9748
22244	134	10022
2433	134	1278
8224	84	23463
1514	92	10074
468	23	22601
22888	79	22352
23488	24	9322
4101	84	5671
1819	123	5217
10433	134	24624
6486	134	22584
1854	42	23223
715	92	22390
8556	84	232
6650	89	23299
8217	24	8131
23768	134	24356
21901	134	4111
8845	134	22057
7392	134	22474
5274	129	9841
7597	134	23344
9164	38	947
8724	107	7011
21926	134	24356
5369	134	3575
2359	110	1597
23889	134	6745
22216	134	22584
1934	134	23131
5609	134	6374
25221	79	4423
8685	92	8431
22693	166	10385
2184	46	23288
8182	134	10430
3187	25	5848
9390	134	25110
6937	92	21039
5483	92	2465
8756	134	4111
10041	134	8965
1521	134	1928
21312	84	2371
21869	184	8165
3763	84	9070
7834	21	3973
10439	63	5778
8540	134	766
7571	134	5212
24057	124	24346
7737	134	1911
892	134	95
25440	84	10166
2894	166	10249
157	134	5074
25258	84	23990
8401	25	6961
8412	134	21570
6463	134	3372
4476	107	1930
10408	134	9615
789	45	4781
23903	92	5244
23690	134	9532
7233	84	9748
5631	134	21854
23374	107	22139
23700	134	7536
1882	110	9953
21990	134	7624
8891	84	24817
449	134	21570
7175	97	22956
1429	92	9719
4551	134	5893
3591	92	10308
5797	134	6639
22369	134	7817
10452	134	3284
5705	54	25299
6341	134	3776
21652	92	8828
7496	134	9522
4480	38	6715
1736	134	3273
22314	92	292
3896	79	21022
4670	134	3273
25033	134	3343
6181	134	24881
23609	84	8793
8422	134	5065
2646	134	24387
22548	107	7397
24278	183	23115
1096	134	5197
2060	11	22559
24735	134	25110
849	134	10109
5720	134	22059
21421	134	10074
21398	134	10109
22601	153	22344
24428	134	1928
4053	23	1401
22491	107	9467
24614	92	5224
6308	134	2288
23517	84	1400
2920	134	4680
5808	107	107
9708	84	5671
1709	134	23486
5288	79	23638
5315	84	24402
23618	79	10100
25094	134	2410
60	178	25245
1108	145	23333
7189	134	3958
22886	134	766
24789	205	2552
23383	92	679
6412	134	3572
10281	185	7422
24973	84	3959
6594	134	5932
7320	134	7536
21888	134	4575
2217	134	22407
25482	102	2983
6634	134	1286
24857	134	3786
24888	134	22583
8893	134	25110
5609	134	23578
24707	134	2320
24310	84	2596
1105	38	7178
6316	134	5224
3037	84	9748
3309	134	1576
25150	57	24470
5375	92	766
21761	92	2621
21556	64	9934
9032	92	22830
4954	92	2970
10074	166	1401
21145	134	4575
3290	79	23055
22113	92	5224
25419	153	6961
3694	134	6324
24110	134	10308
7899	31	5747
22116	134	9615
24453	43	8294
192	23	2371
22421	134	6994
2483	99	3636
9330	41	8209
2831	134	3180
9245	134	95
4171	139	3710
4446	92	22830
4363	134	22805
172	53	22040
8577	84	23751
24223	84	2328
5599	134	21284
23621	84	2685
4661	84	3959
23170	134	10430
2496	92	22234
5027	134	10136
24746	121	2397
8404	41	1340
914	84	1054
7780	107	10166
22806	134	8310
2009	134	1605
3340	134	1234
23654	134	5971
24619	107	3959
7409	92	22390
6048	110	23108
1246	129	1244
10089	171	938
102	84	1496
1943	23	8050
4778	134	7992
9413	134	9719
8979	23	8708
25449	84	21843
8469	134	2970
24869	194	22900
8919	84	9479
579	84	2371
4359	41	24137
8454	20	4920
24785	146	4579
23559	134	23047
21886	84	1401
24535	134	9522
1879	84	24402
21397	134	24179
25096	92	24826
3250	24	2837
24467	134	24908
5772	134	3223
21550	134	5146
4754	25	1352
7700	134	5735
10406	134	1186
7443	134	3198
3937	92	9061
3882	134	6228
6592	134	8226
3508	100	3138
24617	134	714
10290	134	1744
8090	134	22235
2781	134	24409
5230	84	2668
3771	134	8106
8271	134	6867
6805	67	9748
23598	134	23047
3448	134	5150
25226	139	6955
4317	79	25177
4036	134	8030
7948	92	4680
23879	84	21132
23625	134	7604
7494	134	7492
7808	79	5461
25177	205	1401
8612	46	7479
4434	134	3965
21710	134	8748
24030	134	9385
7218	134	9669
21317	134	5932
22203	134	6814
1873	84	21591
22451	134	24448
24586	84	3636
788	41	3454
22907	23	4634
9723	84	5671
7857	134	9532
5090	24	2504
1708	134	1256
22671	107	8551
910	134	3575
6429	134	3372
8919	134	6778
22443	134	23394
5274	43	22928
340	134	9847
8203	84	1904
5134	92	1026
4293	166	4158
10433	134	2288
1374	67	4158
9519	134	4585
3266	117	22024
5354	134	21655
21165	134	8687
24670	134	8214
2227	84	5565
2434	84	4158
2635	134	2778
7849	134	10136
7359	134	21650
25442	134	2572
6016	134	2149
24106	67	23860
8254	134	2203
8289	166	24364
4808	134	21570
5234	201	7049
9287	84	1836
9702	134	9065
6777	146	1366
24105	134	25190
3361	38	9932
24917	134	4606
9045	84	3636
24306	139	8327
9028	134	2288
10009	134	9532
6256	24	2961
8907	107	4354
4807	166	23463
2663	23	5675
3768	79	3194
9468	139	2359
24731	92	1026
8790	146	3913
3004	134	23578
1342	84	2283
10341	134	9615
1848	92	6521
10133	134	10474
5079	102	2983
4515	92	22234
24218	134	182
25370	134	9219
3103	134	3223
25282	134	5770
121	134	3872
9524	84	2668
7791	107	22601
22112	84	5565
4101	134	1026
24221	134	5735
25086	134	4392
4837	84	23463
9483	134	4575
2900	134	3343
5797	134	24356
8995	107	3605
6017	134	182
25267	107	1496
5899	92	9719
21200	134	504
3078	134	486
24876	79	957
22807	134	21944
3525	134	23500
673	134	6940
7729	18	3626
6539	134	5971
25211	134	3572
3480	25	8657
117	134	23084
3313	38	21821
7411	155	22557
21897	134	5845
8222	153	8006
3938	84	25336
23666	92	5735
2949	134	24819
10199	84	24402
5633	134	23047
25428	134	23765
24724	107	24723
10075	24	972
5325	161	5931
1430	67	10166
24976	166	1695
3226	31	5472
23627	134	766
21294	134	10051
8676	134	5212
22059	112	8285
6153	123	3435
7273	107	5671
23816	84	8050
10282	166	23463
9292	24	25285
24572	134	24826
3610	5	10144
10398	84	2371
22999	134	9348
24645	134	22705
8220	107	9665
2608	9	8884
4099	134	21039
3453	134	2572
6167	43	24403
21393	99	3626
1166	134	6800
7793	134	8728
1894	134	2736
1594	84	2685
21037	84	22405
5604	134	21539
21951	134	3338
4157	166	21657
8334	129	3019
7420	134	3372
4066	38	22046
21568	134	25110
8164	134	7492
3377	134	6374
10393	84	9748
25134	143	22823
2380	134	1911
6935	134	21120
21241	52	22601
1503	24	6274
1146	84	5671
21818	92	23831
22355	134	2162
5986	134	7604
8017	129	2979
2969	99	1401
24905	185	23375
23795	134	4125
4856	92	5971
10293	134	4422
2234	134	9135
23805	84	5646
23667	134	5423
22421	134	9615
4024	92	24819
6961	164	9479
5577	139	997
23942	134	8226
23678	134	9532
9919	134	3958
7288	134	8226
24246	134	8965
4843	134	24816
24882	99	22695
22910	166	3172
21901	92	23344
1712	134	3410
24977	110	24977
4945	139	208
9897	84	1401
6002	92	24881
8117	134	8748
23032	192	24082
22986	23	2371
23117	134	24387
3742	92	2410
5281	67	10166
1193	92	9457
21402	134	23266
1128	134	5845
2651	92	5224
25014	84	1401
7362	161	22559
9311	124	1498
3211	134	4422
9432	134	4734
22109	84	23463
9897	92	95
852	92	3180
3935	23	24931
4475	107	24723
2274	92	23913
9182	134	2970
432	166	9748
509	134	24881
23793	134	7151
10258	54	5533
6569	23	7397
24166	134	22234
24533	97	4554
24560	92	679
4981	131	3664
21612	92	432
907	79	24994
3469	134	2630
21640	134	6228
70	84	1401
2936	24	4319
9924	134	6814
1951	98	3636
23692	92	9563
7081	134	2736
25005	97	10106
5404	124	21451
1842	134	6228
1710	134	21572
6483	84	23463
3411	89	3344
2951	134	22584
2454	181	24622
2265	107	24549
6360	134	24881
10317	92	24590
8201	131	25140
24603	84	23990
4243	134	22340
25285	131	781
3129	134	23179
6453	134	9609
22300	134	5845
7494	134	6228
10331	134	4441
24852	99	23990
2423	134	9719
1199	134	644
6648	92	3786
941	134	2780
22601	25	22344
3125	134	9838
9909	166	22929
2036	164	6367
5078	134	8488
9481	134	4422
23498	99	3636
5717	134	569
2362	84	1363
698	107	7397
7028	134	22583
22587	92	24826
9570	23	6454
7760	134	3273
22075	92	5950
24806	134	432
9806	134	21796
9293	134	10022
9963	134	3958
8163	134	25222
25181	134	22525
2923	31	23911
3596	99	7314
3456	92	3223
21058	84	1904
21319	131	4019
1703	92	4578
3369	84	24402
23860	153	5848
6256	67	22980
10012	92	4299
9210	134	9176
21847	134	6814
23592	165	21479
4931	134	9798
22372	134	8071
23692	134	9563
22952	107	22457
10154	134	2819
7161	134	8828
23696	134	8828
374	134	6639
1482	134	443
21630	134	1743
9573	134	95
5670	92	24409
3912	134	2970
24025	27	8380
8306	92	3994
24957	107	24549
5694	84	1401
22330	79	23923
3437	107	5671
24415	134	9404
5601	134	4028
7205	84	8380
22169	134	1744
25065	134	1451
7766	117	22024
8981	161	23922
24239	79	9447
3260	134	10474
25134	25	9397
948	134	9471
4328	140	2996
3452	205	25185
22148	107	3959
1683	52	1401
22419	84	23562
3988	134	3667
849	134	8226
24648	84	9748
4131	134	2346
5202	134	1743
21956	23	10094
8186	129	7493
194	134	5197
6503	107	24784
22224	134	8965
21926	134	2000
4123	107	23860
5610	134	4896
6099	134	9790
7217	134	21520
509	134	5735
24203	12	1508
690	134	4734
24457	134	4076
3	123	6897
9585	84	1496
5020	134	22461
9511	134	8387
3094	134	24387
1572	107	3636
503	17	6962
25196	185	23438
6457	134	3776
8033	92	6228
25289	134	4992
22109	134	6324
5027	84	4507
274	92	7604
23724	134	2215
24248	134	7682
23610	84	10166
22841	134	21539
21827	134	2970
4526	134	8297
281	92	1256
2672	109	261
2857	134	3180
23398	84	7314
24487	92	9061
22531	150	168
73	134	23578
10059	134	8828
21243	107	9350
22490	166	25160
9048	84	1401
21305	92	5735
7939	84	22405
4450	79	1103
9539	134	2876
22383	134	3316
9939	43	3152
2822	134	6639
9764	134	24387
7189	134	4992
3811	124	6660
22989	134	4111
24994	161	23294
8803	134	1417
10289	84	23860
8135	185	7191
397	134	4680
205	134	1684
3366	134	9952
528	164	4634
22592	134	7135
9687	134	3958
7169	85	815
3367	134	2022
584	9	21578
5666	134	24448
7996	22	9798
4077	134	8920
4429	134	9532
1887	134	142
8369	134	22234
8787	92	7585
8293	134	5888
6467	134	2876
6483	134	1605
8851	134	23913
9315	84	5675
3723	134	22830
8780	134	22830
8921	129	9613
4725	38	10485
2851	134	23047
25026	134	24438
8056	134	9532
4638	84	7458
4539	134	21539
24474	84	2371
24771	134	4680
477	134	25390
3318	134	21520
1101	34	2132
220	134	4896
1201	163	6837
23436	134	21570
6270	92	4734
2687	134	24848
24550	84	3636
8445	134	5383
9353	92	2203
25065	134	3316
4494	134	24826
3562	84	1400
8873	84	3530
21812	134	22034
1091	134	8125
2535	134	7585
2953	25	22344
3723	134	24356
21993	134	4133
5017	84	2917
23246	84	107
5114	22	6958
21791	79	1253
22800	134	3180
2935	134	95
25454	84	6311
9092	134	21539
6237	65	23932
10093	134	4355
7191	99	5107
25189	124	23077
3900	23	8708
5573	134	152
5843	134	21539
1910	134	4917
3360	134	7135
24705	134	7604
23525	134	4111
7955	84	4158
7635	92	24570
7221	84	5671
4408	23	5671
22183	84	1496
2270	134	5888
24297	134	1576
10361	193	9417
2721	178	25245
6347	134	22584
23884	134	23380
9429	134	9522
22570	134	1664
3350	92	9065
658	107	1051
7273	92	1576
8966	134	1743
3704	24	24421
10356	92	2458
873	134	2428
9716	146	6821
23246	107	107
22345	23	6185
8773	134	1576
21619	134	2621
9574	57	7275
10296	202	2668
23916	99	8321
9530	23	23950
4351	134	1718
24680	134	6797
1222	146	23756
23256	134	8077
8595	134	8488
5534	134	4578
6692	18	7143
3835	134	10051
10203	84	6915
23974	84	23463
21695	134	6745
806	134	2322
7341	84	3959
23669	31	6876
25488	134	22583
5827	134	8488
9292	24	5858
24060	9	24653
21883	134	5845
24647	134	432
21181	92	6958
1073	131	23688
8151	23	23860
6432	18	958
7095	84	6311
24573	23	2668
21576	134	6226
10265	134	9532
22330	107	8551
9685	134	6324
22366	84	21458
5064	134	2736
6455	11	1244
4623	84	9350
7751	53	8895
9811	134	4992
23915	95	5099
812	134	5407
25239	134	25110
22741	134	24356
7322	134	9719
561	124	5627
6194	205	1401
2283	31	21932
5582	134	7831
7041	25	528
23751	25	4208
24622	18	1054
2790	134	8226
3329	134	2572
22261	43	4327
10221	202	1138
8712	107	3959
25445	84	39
2257	134	9798
6880	134	3575
2495	134	1117
795	134	23179
8281	9	3413
4786	84	4634
5484	99	4354
8963	84	2371
298	134	9669
7239	164	7107
5277	79	2316
3307	134	24063
5152	134	5224
9877	79	22811
6999	134	6374
324	43	4138
9570	135	6704
6420	92	2876
10080	134	3965
2111	92	4896
2395	124	4996
21787	134	3281
23821	92	2410
1064	121	22823
7670	84	5436
5143	107	4365
6334	79	21359
24294	134	8965
3066	124	21276
8132	92	585
24272	134	7604
9802	134	7536
24425	134	3338
896	134	8297
4526	134	3965
5693	202	21499
25062	84	9748
4552	92	8077
22204	11	23309
5906	107	10166
7121	79	1903
4114	134	10371
7205	92	9061
8924	134	25192
23511	134	486
7349	166	961
3014	89	6607
6414	84	7397
9575	134	3958
479	123	25075
21376	92	23859
254	134	2346
21172	134	25192
25023	89	8910
3944	134	1311
2451	164	9380
7789	134	1026
22700	92	585
4185	134	24448
3325	134	23831
4511	125	8239
8208	123	4752
2381	79	4729
5364	134	398
9117	134	5735
3877	89	7984
24161	134	9991
7868	23	296
8542	21	23984
21373	142	8004
24348	134	4896
23470	134	22753
1600	24	22889
3525	134	9798
7939	134	4417
24373	134	10022
4547	134	23295
3551	84	24436
6691	134	21506
21801	134	6778
22506	182	4605
5959	134	6228
4995	134	9532
2429	92	1744
1095	151	7799
4528	166	8516
23765	166	9748
6997	202	7397
3519	146	22105
4707	134	4896
8784	84	10094
9448	134	1311
22776	134	9847
6536	134	8520
822	134	5888
5163	134	1743
5614	84	4594
7906	134	10074
24789	205	2371
25286	24	23621
21995	134	23047
24245	129	6151
4165	92	8953
25230	134	4355
23581	134	3180
24942	134	7135
9284	40	7173
919	134	21570
9251	107	4634
24585	24	4770
3672	92	21650
2988	92	2410
282	110	25237
3272	84	3436
23131	166	3959
6892	21	444
5284	92	766
2735	134	7536
10148	134	5212
9954	84	7397
9096	41	5544
25291	23	23990
25426	84	4959
24173	84	4634
778	23	1401
23018	134	3965
1041	134	230
2940	84	3636
1942	89	1997
1652	88	1297
2122	139	24644
25045	84	8380
7755	134	4282
4400	134	5244
9407	134	2000
1635	129	4050
23998	134	2876
22702	134	5068
25311	23	3626
24832	107	1496
6359	134	2288
23454	134	1037
5766	24	10063
3825	134	24590
4362	134	8030
6755	92	4694
23061	134	6289
21682	43	22598
869	31	4162
8098	37	1966
25454	134	7325
731	84	22601
24623	146	8413
10235	67	23463
6792	123	5842
2864	107	22980
6826	134	9790
22829	67	24402
7180	84	23463
10363	134	8828
23031	134	21120
24040	134	24590
22544	84	5671
24236	18	8743
25411	134	21572
24048	134	3208
10328	134	2995
6452	134	10022
747	164	8239
209	134	10430
5107	153	9722
7555	92	9719
6000	166	296
1632	140	7744
24722	134	8734
24652	84	3959
25290	107	22980
6612	46	4166
9806	134	21752
8547	38	8260
5082	134	21356
2028	134	8077
4969	134	4680
119	134	6442
1805	134	21964
1437	84	7314
9112	134	3691
6192	134	9063
6235	202	22980
6913	92	3281
7784	107	3959
8453	134	8965
1024	142	2987
10144	75	6039
21565	25	22483
7575	107	1108
994	134	21572
7397	25	8006
8854	92	5992
21845	134	23578
2589	123	1635
7132	134	3701
21029	170	10078
685	79	4421
21509	134	23486
24653	92	21944
1822	79	2862
21501	92	766
10388	134	6324
8223	134	21508
23919	134	8488
7590	79	5662
23912	134	1744
5207	134	8340
7524	134	4734
9085	92	24356
7032	134	6442
425	134	2876
345	134	4189
7961	134	8431
974	134	5845
6812	110	3246
7196	134	9669
6080	24	5143
10038	11	22559
8259	84	5671
24773	142	23524
21418	134	4422
6988	84	1639
8103	92	21572
8056	134	10074
1588	134	22461
6092	84	1904
5338	134	21848
5880	134	2320
46	134	7536
1485	92	8077
1597	110	2359
8533	134	3223
1376	164	9427
10017	84	3959
1340	41	6719
770	134	1234
24070	134	6226
2807	134	22034
8145	134	8139
23104	134	10109
8397	134	9369
4277	107	22497
7034	134	7466
3481	84	4158
25261	134	22584
2946	107	4365
23939	110	5855
9940	134	23913
10035	84	2371
10336	43	2869
8206	134	7604
6327	134	8828
3117	134	21520
24263	134	2876
2574	38	23330
7403	84	3959
9570	125	6454
5628	84	1401
6289	166	6111
4879	84	7314
9382	134	786
10087	134	5197
23991	84	21591
21489	166	8231
7972	43	25122
24758	70	3575
6485	107	2978
23959	134	7536
6720	134	21572
23942	134	7536
10287	134	5212
6237	65	21853
22357	134	8226
1420	134	10282
3075	134	5932
3222	134	21120
9701	84	22457
4008	123	24625
23363	134	22234
1265	92	1234
9270	134	1684
4899	134	1744
1464	164	5073
25043	43	4882
10404	24	1340
2326	134	5065
8104	107	1401
5998	84	9748
2262	92	22474
8681	134	5578
22331	134	24881
8603	114	24736
8660	134	3994
6731	178	6469
24323	134	4896
22142	21	7501
6019	134	1576
10172	124	2039
831	107	1401
7336	134	7862
7623	134	22234
2266	84	2328
3736	134	22525
1277	89	1237
6914	89	8371
6488	134	22830
4464	139	2025
9660	134	6521
2575	92	22057
2209	157	3636
22459	107	3636
5576	92	24848
2697	134	24766
8259	134	7052
23894	107	1054
21269	84	23950
1212	134	21570
25117	134	7585
25094	134	4698
469	92	2544
1522	89	24552
23427	134	5995
9830	38	8777
25444	134	21384
8496	67	2371
6322	134	24356
4940	21	21451
9770	134	1234
8974	134	4422
6318	92	4859
7437	134	2320
2457	9	8671
24604	129	22854
24737	205	5671
7951	134	2608
10491	166	3959
6632	134	24448
1864	134	9790
9355	134	23298
8496	84	1496
10451	129	1244
2151	24	22880
23119	84	7397
22342	24	23257
21690	41	3914
25208	84	2739
10468	84	1639
21376	134	8244
9620	134	6255
8630	134	2022
1159	79	2039
3629	134	23486
23907	125	1297
9584	134	10294
5275	134	2346
6786	41	1340
24938	92	21519
1780	134	486
22738	84	9021
4629	112	2819
8946	24	21840
7342	134	8431
25365	134	2970
7812	134	9532
2147	142	4604
7104	142	3224
21764	134	9471
2114	129	3655
8461	84	10166
2095	84	6311
1197	79	9292
6517	134	8139
21009	129	2332
7181	134	7712
23871	84	7397
23136	134	504
593	134	1576
22839	134	21539
22476	134	180
8084	23	2328
25209	134	6814
2759	134	6958
3252	134	24624
7729	84	2917
24037	134	7326
23635	23	7397
820	41	3526
4246	134	9389
23582	110	24552
95	9	21663
562	92	2000
7316	134	9798
5401	129	6812
1933	134	23419
10344	134	21039
8557	134	7135
7441	43	3899
22359	129	7493
21522	134	22235
4180	89	7493
23314	89	1997
23771	92	3776
919	134	24431
25341	84	4956
22670	134	3691
1516	84	296
4302	123	22149
22336	196	7274
5483	134	23280
24565	134	6228
10149	134	23500
7784	92	7438
1298	92	22235
1012	134	23259
23054	84	7397
8037	42	22424
9928	166	4463
5794	134	22407
5068	166	25389
1107	25	10392
2802	55	22497
8492	84	5671
1262	134	3513
24851	42	9334
21126	84	23860
21465	134	10022
6964	134	22407
8128	79	6038
8588	84	5703
4309	134	25110
963	43	10417
10006	92	8340
10091	134	3180
21740	182	4317
2365	25	2036
21548	134	10430
848	84	6185
21267	166	3959
5112	84	4956
23964	27	5107
23886	107	10166
24042	84	4507
7469	134	5244
21664	92	7604
1027	134	21912
233	134	6639
5055	134	24826
5809	134	6814
8168	84	8380
5373	107	9350
3549	134	2022
8516	99	4166
23162	134	8297
22968	134	9532
6281	134	23058
10322	134	21356
25225	134	3041
1164	134	1286
2419	134	9369
6719	79	23052
7596	134	23486
3537	82	22569
8817	138	22980
25449	84	10249
22127	134	9669
8133	134	7325
5691	134	22230
8980	18	9350
1672	131	25262
7306	134	9492
8910	139	9131
22265	134	1286
21754	134	24448
7673	43	202
2500	92	2572
7087	134	22869
7065	23	22980
23518	84	2371
3688	23	8050
3417	43	8673
3126	67	2685
6555	134	22583
4988	46	9372
9268	134	7326
8386	107	3626
2069	166	8108
24944	134	21854
9681	134	502
4437	134	3088
7792	134	3343
6555	134	22461
9194	134	9719
8578	134	21162
23660	134	7604
4681	134	9838
364	134	3872
23747	166	1401
1248	134	22584
24476	134	9747
6651	23	296
24007	134	585
3735	92	1664
4186	84	4048
5005	134	23344
1163	92	7135
1780	134	7726
3000	134	7326
10052	134	10371
7724	134	25390
1580	107	39
4047	134	7135
25241	92	22525
21619	134	1743
21312	134	9991
3792	202	7143
6609	134	585
7025	134	9063
1519	84	1054
25219	134	21796
24148	205	1401
2482	84	2685
8786	134	10051
10313	92	504
6962	84	3636
1054	23	22980
6208	92	9790
22538	84	1401
8242	124	2151
6959	134	21356
8740	79	23201
22053	84	2365
4491	134	5224
9657	134	21384
3370	79	9228
25441	134	4282
8836	134	5932
7666	134	24814
4158	25	24768
888	134	2572
5237	134	21039
8079	134	25110
5701	12	1794
1739	23	1297
23512	134	1441
23151	134	22779
25159	77	3511
22350	134	3958
2988	134	5224
21492	134	22474
3865	134	3575
6201	134	95
21546	134	3572
24639	134	9615
21018	134	24819
10372	79	25341
996	99	21556
1500	134	3223
8419	23	6454
2426	134	25495
24670	134	23441
6267	134	2970
10486	84	9350
22202	18	1054
3547	161	23935
6438	84	2685
24363	134	3872
1494	134	7349
9368	84	2371
1677	134	9684
6247	84	22139
22487	134	1576
1972	134	24881
6561	21	7373
668	79	22030
23692	92	6287
6267	92	21854
4274	84	4365
22215	134	106
1978	134	10308
1942	43	6372
10175	134	22525
4436	134	1743
24083	134	21572
852	134	3180
4588	107	8551
8768	17	5788
3030	134	22407
9261	134	24624
22455	134	1441
5100	134	23344
21651	24	1273
2313	134	9747
9872	92	6745
5511	134	4111
7009	41	8733
976	134	216
25384	134	24634
24637	23	5107
23414	71	5102
9003	134	8828
2323	23	5675
4314	24	6838
21374	134	5888
7132	134	8399
8033	107	22601
3093	134	6960
2198	134	10474
25371	134	6226
22774	134	22407
7085	31	10278
8400	79	4411
4060	123	6836
4538	134	5735
7878	134	7862
7486	134	2369
10480	92	24412
10222	117	22024
21640	84	6311
9927	134	2000
10247	79	7629
2150	107	3636
9818	109	4634
10170	134	7570
22653	38	2018
5937	92	25138
5771	142	9520
22549	79	3230
5427	97	22472
8065	134	21854
3148	134	10136
23742	134	3088
4669	134	3088
10175	84	4875
23932	110	6237
4388	134	23344
8787	84	3959
5783	134	22057
989	89	8829
21263	55	22980
8610	25	5848
23683	134	24819
10344	134	8297
22269	79	3721
23335	134	1618
2168	134	4575
25149	134	9404
24729	134	2530
3324	84	1401
24349	134	2428
24089	84	3959
24558	134	1931
1619	84	2685
3366	134	25138
3378	134	432
7763	84	9748
9675	134	5068
8973	134	2020
8673	6	773
25425	23	22601
5049	134	10136
4247	134	22869
1562	134	1286
882	134	22059
22253	31	5712
25217	134	4807
23269	123	6760
24577	43	9137
7654	134	1928
3183	84	10166
23844	134	6960
25157	134	9719
5794	84	5671
1058	134	1618
7905	84	6311
21058	134	6289
22847	79	514
2208	18	1054
1073	84	699
7262	134	23578
2545	134	5932
3161	142	8755
25121	134	2243
3204	84	21226
1781	134	6228
3520	134	24881
25102	186	25097
9780	164	2353
21047	134	3575
9330	41	9198
21056	84	1904
2451	164	22980
2111	134	10051
21977	134	5735
9681	84	23463
10291	134	8920
25178	134	2778
24419	84	9748
184	92	21120
3874	139	3874
4579	84	3636
2170	110	23632
7039	134	2778
1251	24	8028
5828	23	9748
8146	43	5636
9742	134	9404
21217	84	23463
1994	134	692
9245	92	5971
24674	134	2410
22627	134	21039
5821	134	21655
946	92	9522
7935	92	24590
6384	27	21641
6875	92	5068
21365	134	3316
3300	97	22956
2564	134	3180
899	92	6114
5171	164	4754
5944	134	21508
23686	9	3880
22588	134	22495
5451	134	5244
7460	84	1401
3535	24	24483
22742	84	2371
3269	84	2917
24188	134	25495
9748	113	7304
6397	92	21908
1249	79	21555
6019	134	8828
21287	134	22525
384	21	8995
22183	134	24881
5931	124	8605
845	134	9522
25052	134	8244
21864	92	22407
10322	134	7536
4636	134	1576
9293	134	9719
9531	92	21539
9544	134	21650
25413	134	4734
22902	24	987
8349	134	6226
24072	92	8387
21061	134	25110
22491	79	7558
8185	24	3800
152	166	1863
9943	146	23760
25254	84	3636
6764	84	4634
5062	166	7314
22852	134	23047
4871	92	21520
6941	134	568
8558	134	7135
7564	23	5073
23303	134	2572
4751	38	5520
8103	92	23344
636	84	3626
9126	134	21268
22661	134	8078
7006	139	6607
7208	134	23280
4858	109	7407
25246	131	23996
2165	134	21706
1290	134	21944
2185	123	7332
496	134	2778
9211	83	7173
8549	134	24197
5379	134	7624
21861	166	3829
4441	9	25401
3455	134	25138
7817	166	2371
3295	134	22830
24655	134	3432
9676	84	6311
8969	92	21572
22082	84	6915
6140	43	25432
4822	134	2778
9373	84	3856
5529	84	8380
6553	24	10410
7241	134	8042
4124	134	585
25426	134	2020
10376	134	1928
24190	84	5703
654	134	2320
211	134	25222
700	92	1311
5235	84	7011
3463	124	1336
10200	134	8071
5953	134	4606
7093	84	666
24029	134	5735
3798	134	24438
1978	134	182
361	134	9385
25164	107	2685
348	134	1911
599	134	2000
16	134	21120
23248	134	10308
3759	92	3348
7	134	6392
1803	40	8381
641	134	379
10421	123	21004
23270	23	3626
22270	134	504
22701	107	4365
25133	107	7753
7155	151	7825
5260	107	9036
331	134	8071
9846	84	24817
1713	134	7296
23864	185	8041
2471	134	10430
3541	20	7302
7041	25	10392
5369	134	21572
23960	89	7967
7176	84	4634
10234	134	3223
7132	134	23607
6768	134	7296
2682	89	21836
6294	134	7682
1671	134	1576
21674	134	2162
9941	134	24197
9942	70	614
5617	134	21520
9710	134	22235
1252	166	2286
23777	134	3223
929	84	3436
6660	107	9748
22343	92	4680
3020	92	2458
9089	84	22139
10367	134	8431
23229	79	1235
4658	23	1401
1818	92	5068
6426	146	23951
3615	134	5770
911	134	23261
4098	134	9385
3665	134	2410
22446	134	1576
6561	191	7397
6868	92	3958
9398	134	22805
8225	134	2621
9516	134	5932
21485	107	1400
2730	89	7493
9822	31	2594
1915	23	7397
3529	134	22495
2733	134	4734
23398	79	7541
3678	134	4417
24161	84	2371
8655	9	24658
2557	134	1576
4727	84	3959
9196	175	3543
22363	203	7439
6276	84	2668
25036	134	4125
22400	84	3959
3762	134	23419
1180	181	4685
23036	107	2917
1651	134	22021
25498	24	22668
25357	134	6405
22810	2	4864
1362	134	23084
3768	41	3194
6943	129	24644
23481	134	1991
24265	134	8520
23399	134	432
6903	134	21570
22727	134	2005
652	84	3959
25273	157	1054
7264	92	25390
3557	84	2371
25097	23	22601
6614	84	5671
22244	134	5992
9101	134	9790
9760	134	6639
9890	23	22601
634	134	6814
5934	84	23701
2115	21	2070
24548	134	5735
21318	166	7314
8913	134	21848
10499	164	8050
9765	134	9522
3506	134	21572
874	107	22601
10229	134	7492
4655	134	5590
7529	84	25160
6741	21	2961
8277	84	23463
21801	92	21944
23074	131	2250
6558	134	1605
8564	134	24634
9986	23	2596
8474	134	24448
9182	92	24819
23444	92	3273
24984	134	2776
22414	134	10022
24392	134	9063
3728	134	22474
22761	134	4680
7042	190	22823
4497	134	9176
21087	134	25277
25165	24	3322
4246	134	7151
22924	134	6639
8019	134	8965
1514	134	5992
7443	134	24197
3214	134	6228
23224	134	8297
9565	134	1234
4728	92	8297
6602	92	9385
24663	24	286
9765	92	3575
22999	134	24352
799	134	1744
1743	166	1082
1283	134	152
9151	84	8062
6720	134	2995
6987	107	9142
5734	161	3518
2042	11	1145
24943	131	7864
23110	68	5107
8702	24	1798
9062	134	8431
3257	124	10079
855	92	5735
22070	205	22601
25083	134	766
7609	134	9747
6075	134	6958
9667	84	21073
7740	107	24723
9187	134	2143
21707	134	22583
4949	84	1401
23814	79	3953
23466	28	22518
10017	134	3691
5006	24	7424
21624	134	10045
23674	134	23441
21663	134	21572
6867	166	3626
3549	84	4158
22863	134	6287
6229	134	8909
6313	84	22405
2260	41	23128
1040	107	5634
8854	134	1744
24669	134	21039
5651	134	1928
2622	84	7314
6227	134	21908
8165	184	6170
4822	92	3372
2273	92	8965
2476	134	2000
1009	134	9065
6735	107	9748
4936	129	4936
3905	134	23266
21668	134	2162
8430	22	22622
2416	52	22601
21419	84	3959
3271	134	2000
6419	134	7585
6542	89	21836
23748	134	3965
24686	166	21071
4712	84	3308
61	134	21520
1621	84	7397
24442	92	9790
3363	92	3572
25304	92	23578
5775	134	8297
23737	24	23310
4768	134	5735
22997	134	2778
8269	134	6639
6393	79	9783
6039	5	924
6422	28	6922
23169	134	25277
22043	107	7397
1535	134	1700
3752	134	3372
2540	134	24901
25440	107	7143
10023	134	7492
21803	84	4158
24714	84	10166
9692	134	24624
6898	79	6093
5691	134	23650
21541	92	3767
21991	134	25495
23743	84	9350
24147	134	3958
6618	92	23295
2403	134	8297
199	134	2995
8817	107	1054
896	92	24408
2878	134	9385
3517	134	21650
2644	134	21848
8441	134	4073
7264	92	9928
24652	134	7781
6245	75	10144
4649	161	2774
7976	134	22584
23104	134	9952
2727	134	21570
4614	84	8380
22065	107	23950
7714	134	1911
7724	84	9748
7706	134	5244
22969	134	10165
1677	134	24448
1777	134	4680
9186	134	4680
23822	129	9841
4098	84	7397
25284	92	6324
6828	134	9219
4270	134	5695
1835	92	2995
10118	134	10136
310	134	679
1839	134	432
3727	43	21223
21987	79	8432
10265	84	3959
24778	205	7397
22610	107	1401
22481	124	7693
23528	134	5735
6876	38	23669
2466	129	23932
4792	134	2346
5086	134	24197
1206	134	2143
21187	135	22980
5066	134	9838
1132	134	7054
7123	134	8226
23326	134	2410
23724	134	21650
5309	134	8920
21503	52	23164
10121	79	4836
23210	92	2970
4400	134	679
21501	92	10308
22348	134	24826
23214	89	25210
21495	134	1576
5831	134	3872
7637	24	881
9422	134	2621
9980	23	3626
22091	134	8997
22191	134	25222
24954	134	4585
5987	84	1904
21311	84	2596
1243	24	5250
5341	134	22584
2942	84	607
8118	92	5888
24031	164	25492
21819	84	1138
2757	67	7397
8020	134	7862
3399	84	1401
9863	84	23463
6175	202	22980
271	134	1928
2903	84	2371
2470	194	8434
5464	92	6289
6883	134	21195
10493	92	2970
3709	84	1054
6806	92	8139
10188	99	21499
9610	92	4282
8549	92	24197
8075	92	9747
4163	84	22601
24651	84	8551
192	125	2371
10486	134	1365
22359	123	24699
10408	92	766
3693	164	1297
3079	134	7604
1957	134	5888
6376	134	24356
5870	92	8139
23409	134	22836
3075	92	24381
7506	79	9607
3960	134	25487
24297	84	1401
4899	92	7604
2061	84	3626
10147	134	3180
435	134	8387
600	134	585
21781	191	5036
3047	134	8078
9883	84	3626
5558	92	95
5868	84	2371
3668	134	7604
3246	65	6812
1845	84	9748
536	134	23118
5813	134	5770
5643	92	4339
849	92	24381
23590	43	705
3262	134	5954
22877	134	1605
2793	134	21520
23535	79	23837
3845	134	10136
5642	134	10308
1393	79	4161
25348	134	21650
906	134	6814
352	92	2203
1411	134	21912
2211	124	9153
22732	92	2322
23597	134	22830
23001	134	2458
283	134	8315
5751	70	9471
9723	134	4578
4400	134	9952
10005	43	9827
1510	134	21650
3914	24	4729
24601	129	21719
21704	134	24499
9011	109	24931
25410	124	21447
9863	134	531
1735	124	22375
10439	189	10439
8517	110	96
1284	43	23862
2555	84	24227
10115	31	3429
9336	134	5220
9755	134	8244
22918	23	6803
5546	134	8297
9804	134	9385
80	92	21039
2027	23	23463
3408	9	23938
21662	134	24448
22254	84	3636
8304	89	8910
1315	166	296
2213	12	1508
21990	134	8828
3237	43	25048
3764	23	23860
9908	134	10022
6040	92	8387
6379	134	3273
2909	134	679
8250	99	3626
985	134	24848
2224	92	10109
7247	84	9466
10341	134	23831
6079	92	3180
1250	92	3408
22878	134	25390
23202	8	3554
4880	134	3343
4835	134	6114
2927	134	3273
21767	166	23463
9637	84	1400
21305	92	2621
3921	31	8763
23175	24	2814
21654	134	7726
5795	84	25131
1956	99	9673
10067	125	22601
21906	99	22601
10449	62	7431
23678	84	9665
4495	166	847
5208	107	4454
24598	134	4917
1025	134	4606
1916	134	6228
24288	134	10325
3534	9	9295
1672	24	807
2178	84	5671
5386	134	5383
9584	134	6814
4004	134	9065
23072	119	9748
9699	134	21469
23735	134	21655
9270	134	22461
23856	134	25495
3182	134	21519
3636	31	9466
331	134	8488
22134	134	25277
10301	107	10166
3639	134	22830
3238	134	24819
4332	84	2685
22646	134	2338
9286	67	8708
6318	134	22525
9207	135	7868
25437	92	95
7933	84	2371
1557	134	4045
7024	183	23549
9979	47	22554
87	134	3208
9173	43	7146
2872	22	5845
8773	92	23084
21376	134	22230
8866	134	5074
4194	134	3273
1207	134	24356
10448	43	3941
6214	52	22601
4234	134	4578
21421	134	9615
3306	107	23463
5823	134	8226
9548	84	1400
820	79	8554
1997	100	1520
7076	134	9786
6661	134	7781
9095	134	23179
23438	184	2618
54	134	24063
7665	134	21854
3486	134	21854
5474	134	4807
23354	21	7049
21792	134	23280
5568	134	24624
25471	134	23419
24142	134	24185
7125	9	22971
5359	134	4734
24756	134	25192
7013	107	6185
2678	92	8687
4710	134	6484
10406	134	585
22538	107	1401
3505	84	9479
4779	134	7134
24429	134	22830
3612	134	6807
24644	110	2359
3484	134	5224
4007	134	8297
702	134	3667
23525	134	22057
3623	107	22405
4525	134	8920
312	11	6306
6176	84	296
9150	134	22474
9066	134	3088
2324	134	23765
8953	166	25049
21022	79	3464
22066	79	24485
22543	2	1966
3091	99	23990
23928	134	9176
24815	84	3626
2959	24	22481
2586	84	1695
22406	92	8748
1086	134	8965
702	92	2809
22660	107	2371
22188	79	22880
746	134	9219
1884	84	2685
7086	134	22461
6682	129	24317
4952	84	2668
1631	134	9719
4348	129	7593
6543	84	2685
21918	141	3688
22362	134	5992
3015	124	3015
23832	202	21499
6803	25	4089
23476	134	24555
22658	134	10136
4687	92	4992
4651	123	3878
4903	134	22235
22033	107	10166
1751	202	7143
9897	134	3958
3754	84	1004
6528	134	713
5337	134	10371
6804	12	764
5205	134	5995
23775	107	4354
22485	59	2983
21063	134	2778
21765	84	9748
22914	134	7862
2988	92	24624
22924	134	9492
23447	84	8062
21172	92	25192
22542	92	9061
5283	134	4898
23724	134	2243
5104	134	4575
9096	41	21325
9665	2	1966
7082	124	9831
84	134	9786
7493	84	10195
3679	23	7397
8428	134	5735
21045	134	3513
7893	84	8011
21241	20	1309
24573	99	2668
22309	9	6021
6605	134	9838
25417	79	4816
8683	25	9722
24174	134	6226
24017	134	2608
5808	107	4354
8065	134	6521
22110	134	23831
2004	134	182
21571	134	2995
291	38	25497
24742	134	23298
10128	84	7657
2392	92	24590
24949	92	9790
6623	79	7304
23540	84	7397
4183	115	8506
7041	25	22344
22842	164	24227
25260	134	10022
3025	134	10136
10071	134	2215
22816	134	23539
25374	84	23990
4652	134	22525
6897	89	1997
5390	134	23913
3078	84	107
21704	84	23860
24350	164	9415
25134	25	528
7390	134	1576
23800	69	7544
1359	92	8297
23844	134	25495
7001	134	8965
7428	134	7604
21853	107	7594
8091	92	21489
8660	134	1278
22477	92	1194
772	139	9238
7064	84	1054
22517	65	4787
8980	84	9350
3301	134	9385
23880	123	21314
896	92	8077
24699	123	1646
4270	84	3959
23939	84	7918
319	134	2530
3425	6	22217
1149	134	2000
23609	134	7135
7788	134	10072
9655	134	8139
121	134	1286
2532	92	9385
10103	134	22461
21164	92	2970
22582	134	21944
22781	166	22457
2056	92	23084
23357	134	9492
2631	142	8011
3682	134	7151
3206	134	6814
4797	18	3157
25464	134	442
24068	53	21487
24496	134	22353
2569	134	7624
8504	84	1079
22100	27	22980
2025	139	9859
3720	129	6128
23787	134	7536
665	134	21650
3247	84	3959
6652	84	7397
24442	134	9790
3376	84	9748
24641	83	24315
8740	24	25249
24148	163	23225
6213	134	2876
3798	134	23178
5310	134	21523
3269	134	21650
21336	134	5950
1571	134	6442
4703	134	2572
21061	134	6814
21927	134	4528
1741	84	1401
4598	89	4642
9552	134	1311
1318	43	10336
4079	84	607
2786	84	6185
5002	92	777
5673	24	23972
6301	134	1774
9149	134	6958
6029	92	3958
21259	134	3273
3030	134	766
22296	134	2778
4337	145	23362
5398	134	5074
24574	134	23441
736	84	7053
5945	134	5212
22413	134	23084
2885	166	2739
1003	92	2736
5706	92	2346
6551	129	23932
7120	123	6598
23167	18	8084
5009	11	8413
5174	123	9213
22323	43	8970
22951	134	4734
8161	43	5973
8554	79	7612
22917	67	5565
5799	181	686
1265	134	1234
23511	84	3959
23413	134	21854
9726	134	8297
22667	25	5848
3067	181	24203
6406	153	6961
23062	84	7011
4350	84	4158
9007	134	5845
798	134	4076
10241	142	7166
5169	99	21235
4803	129	3323
4889	24	6122
22744	84	2685
4210	134	585
4418	22	4883
7657	114	8119
23795	134	2995
412	134	152
23338	134	9786
10205	84	607
21083	24	1136
4605	182	22506
8849	134	22407
3695	89	25114
3355	84	1904
22779	166	23237
25112	164	7397
24880	134	21572
2942	107	1400
9761	134	9669
22720	134	1576
24865	134	4111
23008	82	2283
21174	134	9719
2294	185	8295
8758	92	8297
3722	79	21637
6144	134	486
22135	92	21848
1610	134	6228
21741	134	6960
5353	191	4365
1200	38	25493
6399	134	22390
3898	84	23463
8675	123	4424
2290	114	3361
25117	134	502
23457	134	9719
7063	46	4569
7978	129	4063
21724	84	10166
4521	79	3782
9666	140	9279
21833	134	6958
23006	134	5932
3371	99	7314
25207	84	2371
6078	107	3605
5792	134	766
2758	134	7135
8036	134	21570
7101	171	8717
22724	134	24381
8469	134	136
21183	164	23671
1536	79	23033
2330	134	22903
6248	134	182
3238	134	6639
776	134	4680
1708	92	5065
4764	134	22461
4314	124	6838
24268	84	23562
24764	110	9496
24972	84	7282
7219	134	1278
7946	38	1553
21055	24	369
1329	134	692
8069	134	10090
9023	134	8297
1726	134	5224
267	134	10474
1828	134	5888
22117	84	3626
10139	24	21350
3311	124	2125
22813	61	24863
1962	134	21120
3422	134	1785
23369	90	2549
2508	134	2428
6553	79	3946
5039	134	7831
22452	134	1744
4481	89	2345
3326	134	2465
5599	84	22601
9858	25	7999
1805	134	21520
23983	142	25132
4396	134	1576
1339	134	5770
9400	92	8431
927	84	7397
430	36	788
7081	134	10051
5450	140	23744
3105	134	2428
1308	84	3636
23750	92	679
24025	27	9380
8645	84	8062
25450	79	3452
8377	84	4048
9405	134	2736
25134	25	7286
8893	134	24115
21078	24	22379
25356	84	2371
2838	134	24438
8671	134	679
2947	149	4250
10177	67	3626
23938	92	7932
1084	18	7397
7679	92	4896
1944	84	9967
2641	84	23990
22509	107	7314
25065	84	22139
6505	134	22407
8925	89	5316
21465	134	25138
2275	79	23090
23647	84	4404
4049	84	23990
21707	134	21570
8574	24	6136
6743	84	5671
618	107	1108
25213	124	21346
8628	84	2685
3814	134	2410
4086	92	7752
6682	98	1401
10373	134	3180
4091	134	22525
23844	134	2608
21544	134	1743
6737	31	24946
10056	134	7296
22638	24	24747
22647	134	6994
6671	38	79
5472	142	3226
23025	84	24402
1546	134	21572
7283	84	6185
4702	134	1744
23877	134	7326
1860	8	1085
9913	134	3958
5969	134	2995
22097	14	25125
7630	134	3958
1492	134	8488
4967	84	9748
7504	48	1881
8539	79	6220
23200	84	25336
7686	185	21500
9339	52	22601
3615	134	24448
2532	84	9748
7583	134	1278
2629	24	24131
7909	92	8965
2444	92	5932
7530	134	2162
5544	131	781
4307	134	21944
6210	134	5068
7644	84	107
8785	84	7397
3160	134	24624
22232	134	24826
21786	134	1928
23768	134	23765
3350	92	9957
8447	134	1286
3492	134	8431
1236	110	3901
23362	24	22030
7658	84	9639
9760	134	25487
4097	84	9629
3870	185	6681
7102	124	6660
5523	107	2328
3010	110	5421
10234	134	6960
638	134	3965
23628	79	7631
6195	134	9615
2957	23	8239
4562	89	2979
25457	134	1272
24556	134	5971
1693	84	8951
1424	92	8139
8273	23	3626
7203	129	2332
9350	23	8380
10268	134	432
279	134	24356
1733	79	22498
1397	82	9350
9191	134	8431
21477	134	22059
1368	134	4992
22693	118	25305
935	134	10491
826	110	22611
10244	22	10072
4942	134	2778
10436	134	5845
9065	9	5357
10226	84	8583
825	166	23271
9511	134	6289
10363	134	9798
183	134	3534
3882	134	6442
9433	84	21843
24917	134	1684
1565	134	24881
3978	92	22566
6453	134	7781
3483	134	8139
5118	84	3636
22620	40	7026
7286	164	2353
22419	134	4248
7080	134	9063
22709	107	6311
5033	107	4454
22264	134	9389
9243	134	1311
7776	134	7135
5375	92	95
367	84	23463
22755	134	22461
10452	134	3466
4532	22	4807
21299	84	10163
3309	134	7135
2417	84	2328
1089	134	10074
21457	47	22601
9702	134	23047
8130	129	2153
7342	84	10255
4575	9	899
21154	134	21039
21677	134	7296
22022	99	8384
7137	134	9522
21067	134	23578
4027	24	2861
8958	84	4956
23799	123	23285
4750	134	2970
24457	134	24197
7548	134	24819
5105	21	4161
7352	24	7694
1335	134	7726
23966	72	22733
24359	92	5154
23821	92	5197
24675	124	24914
7802	134	4777
23595	134	182
2612	134	5590
25373	134	6374
21425	134	22235
6021	134	22309
996	119	21556
1521	134	4271
7417	134	21944
2015	134	8728
6913	134	21912
24085	134	5932
7958	171	7893
1969	134	4680
262	131	4164
5662	169	23217
345	84	2915
9947	134	442
21780	135	22980
24209	134	24881
8805	134	9790
21897	84	5671
7525	134	10370
1191	134	8687
5941	84	3959
25406	134	1272
1528	134	8520
21303	27	22601
8054	134	21570
5359	134	7054
10068	24	9490
9283	134	21520
23394	9	5134
4871	134	24356
2295	84	5671
24644	139	1597
9305	23	24402
4219	134	1928
9171	182	21740
22937	84	1108
24446	107	3605
829	134	182
4052	107	22929
4649	124	21413
23703	134	6958
966	43	21997
5102	84	9021
10268	134	8494
24513	134	2322
4024	92	8488
6150	84	9748
10118	134	22584
3078	134	1026
6327	134	8340
571	92	1286
2816	134	4111
2541	134	6960
2553	134	5197
2414	84	1054
22119	134	3281
2298	134	7326
4074	134	2164
4143	92	22525
1738	142	9857
2263	20	4920
4636	134	24356
8020	134	4125
921	51	2738
24949	134	5893
4245	123	24424
6973	134	22584
9958	129	25069
1861	9	7715
7405	134	7819
9668	134	486
3055	134	8431
969	84	1904
298	134	3007
9978	25	1857
7731	67	296
10001	185	23965
6893	134	9615
9502	84	3626
22486	79	7616
25340	84	5671
8503	134	3273
1454	92	5888
1001	107	22980
6160	92	2876
336	79	21690
25199	134	5197
3189	24	7740
10288	134	585
6015	129	24366
24336	134	713
10023	84	2685
25013	134	4205
4002	151	7903
24756	134	7151
3947	134	21539
23923	24	22330
3487	85	5155
1037	166	23918
5377	142	4603
5674	134	21267
6443	89	2345
7334	134	1576
23884	84	22575
9055	140	3297
8958	79	24832
22126	134	6860
22148	84	3959
9077	134	3786
22278	134	21944
5556	134	8315
5304	134	9669
274	84	5671
21647	134	9522
22656	92	6800
21230	41	2260
1415	134	442
7771	12	1794
6463	92	25138
22852	134	1311
25218	92	21570
23286	134	23680
6301	84	9479
24329	134	4111
3422	134	6287
21026	134	3958
5864	84	8062
22111	134	8125
8121	134	8920
9037	134	3965
21804	134	7135
7162	134	9790
6497	84	6185
3647	134	25277
21402	134	10136
6746	134	5932
23918	22	1037
6391	134	3273
21834	92	21284
9314	134	6228
21628	134	432
5448	134	9798
5148	134	9747
6759	134	1278
6925	134	5995
100	52	7397
999	117	25114
423	84	23463
395	134	21523
7628	18	7918
23284	84	1054
1111	146	1111
21827	134	8297
8678	134	3372
1083	84	24436
8821	84	3959
22070	205	1858
22594	134	5227
5369	134	22059
25241	134	22525
4616	92	8828
9971	134	2005
848	134	8139
25423	84	3959
8240	134	7296
4360	84	2371
3095	134	2530
6847	134	2203
1830	134	4125
22103	134	6442
8067	92	6165
2992	84	23302
902	79	8607
23570	140	24960
22844	134	2020
8684	134	2608
24189	107	8793
4684	196	22703
7773	110	23108
3894	84	296
799	134	9615
23228	134	4698
22897	134	23486
25325	79	17
10017	134	6324
21837	124	7974
2929	92	585
25162	134	5971
23119	134	6958
6016	84	8380
21185	24	2461
22376	21	8807
25107	134	644
22108	92	3994
2378	134	587
24533	24	7186
23632	65	2170
4798	92	3198
8800	134	5212
25444	84	2371
943	84	1054
6932	20	4920
365	84	3636
5014	134	3343
7010	52	2088
2637	84	2685
9793	24	3628
23116	134	2809
21355	134	24624
3652	134	8297
10341	84	296
21787	134	2995
6972	134	9952
23853	67	2685
9708	92	2203
957	24	24876
25042	131	25249
22089	202	6454
24269	84	9527
25462	23	22980
21076	134	4896
24807	134	4111
1936	124	523
510	134	1911
10305	134	2889
24324	134	230
7385	134	25192
1911	166	9350
9565	92	4189
21273	92	5735
179	134	5950
7180	134	4807
21079	84	1906
7098	202	24402
24955	134	23607
24718	134	23394
12	134	1256
9788	129	2332
8426	31	10255
24377	23	1138
5048	134	3281
21624	134	22791
8019	134	2000
21461	134	8106
1164	84	2371
24139	161	21760
1091	84	5565
22240	134	8340
5254	84	1017
587	9	4307
23001	84	10166
9552	134	9065
1660	134	1664
3943	134	4992
3271	134	95
10404	41	23052
2650	134	5992
528	164	7636
21795	134	1234
3778	134	2572
3156	134	3575
24737	79	6896
22523	84	1108
8778	92	3333
3515	92	2809
5105	21	1233
7130	134	4734
7934	90	7493
7824	51	24988
5709	84	1639
22158	134	23047
150	134	4189
21666	134	21520
24564	134	2203
23495	134	4346
3290	107	6185
6921	84	2917
24825	134	24448
3311	24	7552
22950	107	3959
7279	134	25287
22970	84	1496
21914	84	3626
590	134	23819
7458	153	7680
23291	134	1234
886	134	4680
7756	134	22495
3213	134	180
21569	84	5122
6858	134	2458
4497	134	5383
7527	25	3693
24812	143	22823
9736	68	25232
23768	84	9748
21872	134	24624
2780	166	3959
25366	146	5976
24453	11	24506
25108	92	24499
7050	134	3180
3142	134	7151
10275	84	10166
1656	134	6226
21835	129	22144
7788	107	23860
5267	134	10371
23753	134	5244
5497	185	5455
10410	79	8588
1184	46	8439
24760	134	8965
10064	134	7152
23307	134	6226
4047	134	24448
7344	134	23344
22858	20	7302
21901	134	585
10487	41	21676
6644	92	10136
3922	134	22059
2656	84	25131
3459	134	9790
4075	134	21356
4541	134	4422
23140	134	3281
6878	134	6797
78	84	6597
5842	123	25472
10499	164	8384
9260	84	9748
23801	67	7397
9172	134	4680
6007	134	2457
1326	134	10136
2452	134	2000
21044	134	21496
10057	134	2608
3455	134	5224
5892	79	2337
464	134	1278
24379	124	9054
23551	24	10445
4855	43	3500
2467	97	5042
22127	134	3786
25008	134	3691
10390	134	9747
3659	70	7862
242	84	9748
1739	97	2137
6770	84	6185
25163	134	21120
21316	134	22458
251	134	24381
23180	43	4838
8137	110	5659
5467	134	1365
25348	134	486
24945	84	23463
22559	161	7362
1990	134	9684
8588	24	7267
8411	129	1347
3651	134	3338
1455	134	1117
7424	84	23975
2538	43	7293
1441	9	25258
10453	161	5780
10078	84	4956
1080	134	3180
1977	134	21166
1005	134	3575
23141	134	10136
3089	8	7748
1957	134	3273
24905	135	4634
23069	134	8431
1847	24	8407
22831	134	7831
2427	134	5068
2987	31	1024
21454	134	21655
24446	84	10111
22013	84	1401
24534	134	7992
3075	134	9798
7474	134	2320
21231	134	2162
7383	134	5224
3913	84	5761
9767	107	1079
3636	145	4289
22781	166	22601
626	99	1054
5009	146	8413
10284	85	21956
25023	129	8910
23143	134	10136
25141	180	9350
24772	92	21944
7229	134	4896
1274	134	1278
24794	84	9748
8389	134	531
2976	134	3958
1809	194	22900
6767	164	21235
1765	24	9931
25438	84	2365
5800	84	6311
25349	134	3273
21882	124	753
21965	134	10051
2901	84	23463
1434	134	23380
22283	84	7397
24905	135	6712
6861	38	22448
10295	24	22889
8685	134	22235
22407	166	1401
3400	134	1576
3445	107	5671
2214	134	432
4986	23	7397
4698	166	23562
25484	134	8965
1027	84	6185
23711	92	8488
3110	59	2983
24932	79	4026
24986	134	6114
21582	84	2088
21034	84	9993
7908	134	4189
1596	134	3786
6347	134	5932
4251	89	1997
24490	134	8488
24741	134	2215
22240	84	21850
24210	134	23380
4430	79	4544
24197	166	23685
2054	65	24420
8560	92	3180
24440	84	7397
1071	107	3705
3329	92	10430
2170	139	23632
439	9	23600
24609	79	6432
2539	134	3460
9500	134	4076
9891	97	3109
5056	134	24881
23123	134	22584
7141	134	22234
542	134	8687
2884	107	9748
21138	134	21092
24230	107	22405
2077	134	1576
8782	123	25400
7262	84	5671
7924	23	5675
4882	43	7619
865	134	7054
1155	134	22830
2683	84	2371
3285	134	9719
5667	134	5197
22830	166	9748
5083	134	3575
8266	23	3626
6124	134	766
77	107	1401
23888	124	9691
10032	92	2020
7461	23	21843
7733	134	9065
25175	92	4076
9252	8	6209
9385	9	6045
446	134	3667
25460	134	6226
865	84	4634
3376	134	22830
4379	134	9747
357	92	63
3305	84	6687
2071	123	9378
2406	134	9532
24239	79	5410
9000	123	8142
7117	23	2596
22436	134	7438
24437	134	2995
9624	134	4111
22487	134	5971
3773	134	3432
8021	84	2371
9568	84	6311
2221	84	1363
8435	134	25244
6149	134	25190
96	100	8517
3400	134	24356
6662	134	3575
4406	134	23261
8998	84	1138
1497	84	21235
654	134	6228
7968	134	8387
5907	79	3772
5304	84	4166
1115	134	7992
8656	23	7397
21548	134	1234
22009	134	21912
24723	73	23701
6768	134	3786
4144	124	25271
1545	43	5243
5911	89	7823
23785	99	24402
2528	84	2371
24082	75	4924
4598	123	1648
24050	92	5383
25	107	1401
25191	92	7325
1657	134	2000
23288	23	22601
3516	134	21523
3474	146	2245
2084	107	39
3280	134	2446
6520	134	432
22777	121	22823
9408	134	4606
9919	84	1402
8176	134	2000
9059	79	10350
6018	79	1488
637	89	9013
9810	134	2572
8575	84	3959
9650	191	9748
6075	134	8965
8110	23	7314
24329	134	8297
801	134	1311
3888	34	1794
8741	134	3965
21604	134	502
23174	134	9952
2941	79	23102
7366	82	24642
9541	79	21783
4981	23	958
7620	134	4807
332	89	8371
23191	155	5848
8158	134	24570
24294	134	8748
1768	134	4339
6820	84	2685
22570	84	6915
5371	140	1694
2317	134	7054
1337	92	1743
25079	134	7781
8459	191	23950
9653	79	24255
10463	134	2970
829	134	22683
23156	84	4463
21555	24	1249
22270	134	25487
5577	157	296
3336	84	22139
8716	134	1605
4077	134	6639
7229	134	531
8005	43	952
23851	84	3959
23711	92	10136
9552	134	9063
4074	134	1928
23904	134	4422
5250	79	1243
7586	97	8791
4932	134	22059
5137	134	1931
22277	134	4111
1440	43	10173
6076	134	9615
7221	107	5671
6936	84	7011
24649	84	1401
8385	134	6324
23088	134	3994
5789	142	10151
2768	107	10166
25342	134	7817
4621	134	23344
4325	134	10074
4855	129	9250
1763	134	3180
3380	92	2410
5585	134	8340
24022	134	4111
24483	124	4675
21255	108	7657
2053	134	2530
25203	134	21944
4525	134	182
9174	24	8605
22087	107	24402
25075	89	25114
3895	47	10094
23877	134	3872
2412	134	2000
1989	134	22525
21237	134	6324
24998	134	6226
371	134	1774
6418	84	869
4018	157	3636
24428	84	23463
4272	134	4111
3884	134	584
10070	134	10430
8598	134	9471
1608	134	25110
22111	134	4896
23307	134	24448
9086	134	8071
5218	21	22676
4991	84	5671
7662	134	21520
8848	107	2685
6087	134	23887
23889	134	24766
24101	9	25433
4153	23	1904
6204	134	4578
25306	134	3198
22056	134	1576
2293	84	1904
22816	134	7819
6630	134	9798
24437	92	2995
3619	202	7397
24948	134	3965
9257	134	5212
1645	134	3088
3496	134	2465
9933	134	8920
9106	84	3626
5724	166	9748
9026	134	3994
2579	82	1054
575	134	679
24351	134	25495
22470	134	23027
24015	89	8246
3325	134	5578
10175	134	9786
5295	134	23578
98	134	8139
21099	92	3958
24222	134	9369
8522	92	4578
7896	134	3273
224	84	1401
24607	134	1234
3578	134	5932
21891	84	21357
59	92	4859
24941	134	6289
8704	92	6442
2307	134	4422
22616	134	2410
1932	164	24364
3948	134	7604
8973	134	1026
22157	84	3636
25159	28	24682
2236	134	3691
9380	25	1766
9575	134	1928
6054	98	6348
23772	134	21120
8027	134	8828
8022	134	5932
7598	54	3237
22343	92	5423
21461	134	6324
21201	134	2320
3724	84	1401
6514	92	8340
9658	89	2209
3412	134	3513
6924	134	22234
5530	205	261
10293	84	7397
1405	134	21570
9731	134	215
4991	134	1605
21782	134	6814
1982	134	2162
5715	134	22057
8345	134	22447
4401	124	5862
22623	134	4575
10052	134	10051
21916	134	2410
9933	134	25222
5349	84	3636
23735	134	9669
21924	134	1311
5808	84	107
25013	134	2020
21280	164	1297
3016	134	5068
751	12	2132
23630	131	4561
21768	134	7135
4675	24	2472
23170	134	1576
6166	79	22990
25061	84	9350
25409	134	8139
23601	92	2970
4672	134	23441
21202	84	10166
6063	134	1928
949	123	1000
7526	134	24624
799	134	3958
7279	134	23578
5767	166	9748
23161	92	8310
6832	134	25192
7497	134	2203
22957	134	22584
23046	79	1340
4512	134	5845
5569	134	23913
2086	107	4158
22418	92	4111
832	134	2020
6646	134	23344
22028	134	679
6557	79	5763
9409	134	22407
21454	134	23913
6578	107	22601
21180	84	23860
24052	134	10186
24235	31	2631
8404	79	1340
21339	134	21854
25329	84	23463
4714	23	3543
8300	18	1603
6959	134	8226
3490	109	373
270	134	2776
21197	92	3958
750	134	6212
22535	123	5824
24146	84	3636
5657	134	4422
3392	134	8965
5705	6	997
7273	92	2970
25037	134	2000
6539	84	1401
23923	18	9214
22264	134	8920
3748	24	22990
9436	84	3543
23522	107	79
9152	139	23979
24456	121	22823
2007	65	5449
7984	100	1776
6092	134	21944
7952	84	21071
21299	84	23860
25089	142	7561
794	134	22803
24644	110	2122
9813	134	1576
24277	134	4680
21417	134	22407
25174	24	820
24867	84	1051
1374	107	4158
6155	134	3958
674	84	7397
3875	134	1605
1998	92	24965
8726	67	2685
21352	134	3958
25344	134	4606
21035	79	9494
24777	187	24777
21836	65	1367
24807	134	2458
21995	134	22583
1633	84	9748
25457	134	21964
8602	134	23765
10099	134	1026
4670	92	24063
21051	38	6089
291	142	25497
24389	134	4859
24066	134	95
6475	134	9063
8924	84	25311
5397	134	6745
25272	134	24819
3692	84	7397
3421	134	6442
22732	134	2322
3723	134	10051
4884	134	5871
2641	134	1441
4126	164	3308
9819	92	25487
2387	134	2288
23052	24	6719
2720	134	2970
5665	134	21520
3400	134	8828
6819	84	24784
22906	107	25131
6458	25	9397
1042	134	1286
5019	134	4189
271	134	4992
7171	134	2970
9847	166	9296
22721	134	3876
6008	92	5561
21007	134	9719
2875	134	23578
9485	79	21611
23555	107	2371
25068	134	21944
6573	134	7492
21076	134	24499
4548	134	1744
6050	139	9338
24838	84	1108
7158	107	7397
1595	134	3691
22076	134	25138
24610	38	9750
8680	134	9684
2414	181	3443
1333	134	23047
4081	92	4680
22226	134	5244
3248	92	5065
7468	134	8226
1938	38	1655
886	134	6639
4926	134	8748
25	41	2918
22054	84	1363
1571	134	2369
21007	134	1576
7652	84	22792
24334	84	2371
23255	107	10166
22021	166	10163
24489	134	8494
4175	134	186
9988	134	8488
23821	92	5383
6675	24	21661
5591	134	5888
21172	92	432
3825	134	2020
5555	134	21944
2305	134	2346
4309	134	4734
2726	134	587
22506	205	3626
21652	134	3223
22893	84	1401
22159	84	1108
3306	67	23463
21766	84	3959
4709	84	1354
3785	110	9238
5167	107	1496
2208	12	764
8836	134	5770
23899	67	3626
7813	134	7568
6124	134	10022
10339	22	21274
7530	134	9786
9771	134	21854
563	134	6226
22271	84	2371
21158	92	7688
9657	134	24881
10380	92	6960
23575	191	2088
7314	153	5848
21780	202	4200
7615	84	21850
10081	134	7570
25327	84	23463
21309	84	6185
7364	134	22830
1386	79	2603
22610	134	23747
8693	99	3959
24114	92	22059
3412	134	10282
6925	84	23463
5920	134	25138
4255	92	6814
10202	134	63
4034	21	945
8897	146	24407
21851	134	5992
24488	134	22791
5758	134	786
3086	134	4076
8785	134	443
5736	134	5992
9161	79	6220
5131	79	3080
6915	153	8006
8911	134	7862
9530	28	3488
4102	139	8365
2111	92	4417
4255	134	1311
748	134	5735
3416	92	8863
7106	84	3605
8640	92	22693
21307	134	5224
21037	84	296
2632	134	24381
4631	92	3575
461	134	5888
23885	140	7921
25191	134	7072
2554	75	5838
3902	134	21162
1453	134	4045
3712	84	21591
4504	84	23990
6199	134	4680
5188	107	22497
24844	134	3876
25150	79	10235
25191	134	7325
4081	134	25487
10225	84	9233
9431	134	23680
23166	134	9952
5376	129	23634
4561	107	23860
9985	84	1108
8355	148	8355
5738	134	21570
25139	134	21570
3151	134	6958
22443	84	23463
941	134	3180
6333	134	4422
2653	134	2736
25413	134	6814
5215	18	296
599	134	23266
24556	134	3958
22516	134	8965
7403	134	502
7843	92	22869
9655	134	23486
4264	84	3626
22190	134	9790
3822	92	25487
2168	134	25233
23097	84	23463
9981	155	7647
24930	134	8106
25194	134	23259
6750	134	9747
5745	134	9790
7171	134	10136
9352	23	8380
2198	84	1496
9654	40	22299
23425	134	10136
5858	24	10321
4757	23	7742
8993	84	3900
5055	134	8828
25042	131	8740
23018	134	1286
727	24	9998
3315	134	23887
9292	84	7397
4183	84	23541
774	134	142
7288	134	95
25267	107	4956
4985	92	25192
6650	43	6126
2551	134	1743
2853	134	8722
7596	134	3965
5533	43	3062
23815	84	1836
9610	84	6185
3004	134	7604
345	134	1234
8112	31	325
3839	134	95
4943	12	1794
8937	134	25190
1834	134	22230
5908	84	9350
21487	23	8239
21514	149	22250
10011	140	284
2877	134	766
21521	134	3958
24090	84	23463
5452	107	1054
21983	134	9790
23366	134	4578
5973	43	9213
22468	134	21120
9913	134	9532
23081	92	9719
3805	92	644
3530	178	25245
22875	24	25379
396	134	2776
21999	134	3273
7014	134	4133
23808	84	5804
2788	107	8011
24355	84	2371
9594	134	5224
3728	134	10108
3212	134	142
5492	99	24800
343	134	5950
599	134	21539
22465	79	1328
21957	107	5671
23026	84	1401
4929	134	21041
6018	124	5182
4487	134	3273
7143	73	1079
23706	134	23261
2977	134	3776
24173	134	1618
24878	92	24819
25212	121	22823
8163	134	23394
21148	146	4202
7186	84	4956
21399	134	22583
2462	134	2630
3875	134	1026
23513	134	1576
6249	84	8743
5266	134	23344
3985	97	21479
9829	134	3338
7010	150	23907
654	134	25110
23317	134	1664
456	82	3170
21438	25	6961
3032	107	961
8727	134	2530
9326	92	2162
7109	117	22024
9180	84	9350
2332	139	311
24944	134	6442
8221	84	6454
6238	92	9909
7435	84	22139
24093	89	328
8259	134	25190
9876	134	4125
8238	161	5692
1302	84	23990
24401	41	23074
25439	84	24402
4113	89	21212
23039	134	9928
2741	134	5932
2380	134	21746
2201	84	8380
6347	134	25138
7305	129	2332
9372	23	22601
5216	18	5565
922	134	25138
395	134	3372
21728	38	1162
5660	129	22201
6857	134	22461
3605	23	23950
23200	134	6867
25293	134	8139
355	92	2970
23083	134	9669
8302	24	8252
250	92	21570
21532	134	9061
7597	134	4528
1156	143	22823
24263	92	21941
427	134	679
5111	134	5224
22947	134	7717
5702	92	2410
9340	166	10094
21149	84	6185
6121	107	23990
204	84	296
8034	134	24826
8293	134	7135
8393	134	24448
21293	134	23131
2857	92	3180
25231	92	21041
6255	166	21235
25062	134	23380
21805	6	9338
24591	134	6226
7901	134	22340
6897	123	25136
4434	84	39
7470	134	21944
23609	134	3273
5049	134	1911
9027	24	5199
1366	84	3636
390	202	6185
3026	134	486
334	123	25343
5744	5	10158
1471	134	2778
25219	134	22830
7410	134	8297
9246	134	21570
4121	142	23059
22809	134	7862
7985	134	22836
4676	134	5932
934	134	24624
4768	134	5136
1277	123	3788
7956	98	9748
23150	134	2458
22800	134	1928
9223	92	3372
24749	134	22407
8595	84	961
1418	134	21944
6341	92	7134
6816	134	21655
23724	134	2020
5765	134	2876
24886	134	9615
8239	25	747
10102	84	2371
791	134	22474
2172	84	7140
3981	134	3872
10052	84	9748
23172	134	24448
23233	134	9786
7129	84	9359
9435	134	24660
24082	75	2625
693	185	8037
5483	84	23990
24444	134	22340
2790	134	22059
21394	134	21567
1227	134	6484
9456	134	9615
3409	52	22601
732	92	1911
426	107	21986
2467	97	7873
4801	134	3273
23000	84	7011
5544	79	3021
22003	134	95
1872	134	568
4072	134	8746
7241	134	5224
2079	24	2447
2749	157	2638
1044	84	3636
8740	107	961
22547	18	540
3562	84	6780
7926	79	22025
23601	134	21039
1051	145	6764
698	79	6701
21099	134	4575
6680	84	9748
23120	92	25190
5457	84	2371
21521	134	24409
21895	134	2894
7816	134	9532
10263	134	2995
4892	84	5626
4779	84	22601
8704	92	3786
9766	134	3958
23432	43	7257
21782	134	1311
7542	23	6185
23006	134	10294
23240	129	1237
43	134	8139
2260	41	21230
1830	134	2458
9345	166	7407
21991	134	6960
22040	202	22980
1389	134	22525
22100	27	3308
25316	74	2353
7195	92	2970
7779	201	22514
2219	92	2320
1534	107	7753
5568	92	24624
5200	107	9350
792	173	9541
1347	110	2840
21415	134	6639
2311	134	95
8064	134	23486
9012	23	1138
7130	134	2320
22295	84	9748
24355	134	152
779	134	1928
7257	123	23432
24792	134	6226
24480	134	8828
6822	134	95
5167	92	5212
4254	134	21944
6835	134	3432
23130	134	22340
22754	99	23990
7394	134	8920
21114	134	3273
21648	23	9748
23097	134	10491
6295	89	4642
22477	134	21039
25086	84	3626
24220	31	1496
191	134	23047
7301	166	9748
10010	134	23394
6176	134	3348
2386	134	3958
5233	124	22875
22498	24	1733
1169	134	6228
7874	124	25137
8715	43	4371
23056	134	24819
2452	84	1401
6017	134	9061
22479	134	5932
4641	84	10166
3256	134	25495
8950	134	6994
1988	134	22461
1458	134	3958
7232	84	9748
5662	107	25160
5649	99	22601
2209	65	9849
22560	134	6442
3385	38	5124
7039	134	1744
3815	134	22234
24830	92	21039
972	205	1138
23159	107	4365
6514	84	9350
4973	134	5735
3200	92	24154
7445	79	659
3173	84	9639
8527	185	24626
3851	134	2608
986	134	8071
22318	202	22980
7457	134	8310
10299	134	5735
2407	134	22461
23001	84	1079
25473	79	21050
4745	134	9385
23997	134	95
2612	84	9748
9201	143	22823
4216	107	23701
24142	134	3284
1802	84	5671
6162	134	2970
7424	79	5006
6425	92	2736
3019	107	3636
23113	134	22235
21749	2	1966
422	92	24409
653	134	1774
6554	134	3965
4079	84	1400
7848	92	4111
25431	134	9928
9772	134	1286
25089	38	7561
23549	40	813
4761	92	22461
24043	134	22830
24630	134	4575
126	134	4680
21143	134	5074
23801	84	4956
9051	84	3636
7086	84	2917
1334	134	21854
21741	134	3223
7357	92	22407
4085	20	441
9654	121	22746
6513	134	9952
8924	84	3626
24712	131	21083
22564	134	8297
21405	134	8297
1739	97	356
748	92	3872
22473	134	9798
24276	92	8244
1823	92	8297
24617	134	4076
1151	79	8028
6149	134	1234
8636	55	6023
21990	134	5093
6468	134	8687
21664	92	24356
21520	166	9748
2965	24	2389
1606	22	7492
8358	134	644
360	84	1054
23626	134	6442
21982	92	4157
23813	134	24197
2569	134	9522
6587	84	22601
23706	134	8125
8394	134	8965
24934	134	9798
10401	107	4365
948	92	1022
5832	134	2608
1015	134	8106
999	43	2922
7424	84	2328
6660	124	9153
701	79	24137
7455	134	8431
6895	41	23128
24669	92	7325
8894	24	7091
21999	134	22525
22415	134	5227
9929	139	2025
25294	134	443
2521	123	3121
22593	134	2876
8902	134	22234
6693	134	4422
5124	31	3385
25141	27	6185
496	134	1311
24072	134	21940
9766	134	4076
6822	134	9615
4241	84	1079
22322	134	4417
23882	124	5639
8698	92	6639
22644	72	22288
23515	24	24391
2658	84	23860
39	23	24402
686	12	2132
9409	134	9719
23810	134	152
8131	107	8708
23144	111	24608
9549	134	24448
9316	99	23950
3698	84	7742
4191	84	3959
2720	134	10136
6022	134	713
3567	134	10282
6311	23	2685
2324	134	10136
7594	114	9278
1450	134	3691
1699	134	10109
1234	166	1051
1685	134	5561
4666	107	8050
3276	134	22584
10118	84	3959
1719	84	4956
5039	134	3348
24190	24	1914
52	134	2736
22464	84	9350
10352	92	21520
6485	67	10166
25381	84	25336
8522	134	5735
525	92	1743
22406	92	23259
5475	134	5770
25330	92	24766
2121	134	9669
6221	134	5735
1957	134	5770
7335	24	8794
6601	84	8011
9602	107	24402
5503	134	1928
21859	134	21523
5322	172	22980
7344	134	22235
8402	134	23047
22092	67	7397
3713	131	22604
2311	134	9786
2538	89	6143
8503	134	24381
3642	134	6114
9681	134	6
6494	134	4807
5702	134	24624
5438	202	8380
22147	134	24819
2047	40	2106
24926	107	2371
7828	84	1108
7393	92	23539
7029	92	7296
1756	123	2466
24815	84	5326
21281	134	9952
6481	134	4035
25217	84	23302
9596	84	4634
5358	185	7422
23615	117	22642
545	134	2000
9697	171	24471
23765	166	968
24802	79	8082
1207	92	21854
1204	134	23266
22612	134	22495
9800	134	5212
5785	84	23463
3643	134	5888
6781	134	2621
6103	107	22569
8304	43	1288
9213	89	7109
1321	84	7011
4753	134	6324
21981	134	10022
24795	107	22980
25134	25	2225
10058	134	9385
24579	84	5703
22720	84	3959
8497	134	8226
155	134	3575
4659	134	10165
24576	134	1311
2450	134	8125
9281	134	25192
10345	92	8835
23929	202	2353
5306	134	8340
2040	202	9748
2055	92	4992
4277	84	24549
253	134	24115
5839	134	9522
24922	134	25192
3319	92	4157
1094	18	3018
7506	41	9607
3646	84	9021
24915	134	5227
4827	84	5671
23944	134	1911
21001	23	1401
8852	134	22057
6996	134	3872
7720	84	25160
7038	119	10255
8577	134	2369
1163	134	3273
3910	134	2000
2547	146	21979
10260	134	2970
25187	92	23259
2237	134	1311
5782	185	24697
8634	134	9798
4532	99	23463
2208	62	5962
84	134	3965
23991	134	6324
2680	134	1311
3644	84	24436
22888	124	757
10085	121	22823
7224	23	23990
5277	84	6737
3388	31	1047
21149	92	24570
3952	134	8313
23823	92	8431
8087	134	1744
4328	11	9079
2827	107	1401
4554	21	7186
2239	79	9651
7266	134	5888
8948	134	6228
7877	134	21692
25109	107	646
4177	84	1401
7206	134	4133
23947	134	23419
25455	84	1401
6921	92	4896
23411	77	22707
24256	134	3198
9053	134	7325
25069	139	193
23481	134	25192
2566	84	1904
25075	123	24769
5446	84	9748
11	40	6541
24343	134	21519
2195	134	21572
2808	84	7397
7217	134	1684
3096	84	913
1031	134	23380
2015	92	2876
4146	124	1782
22968	134	1928
21608	134	22235
8773	92	10074
595	134	1705
5254	134	7624
25101	23	3543
9659	134	4125
10192	134	22458
7322	134	6289
1107	43	6443
23328	134	5992
23444	92	3281
9209	134	6289
4799	43	24077
54	134	1311
6761	134	9952
4483	134	21692
735	134	1684
9759	134	21796
3302	139	2549
3724	92	95
21098	24	9286
3012	134	5224
21297	134	3273
5934	84	24723
22181	92	6958
22870	92	9671
8223	84	4365
23626	134	8387
5950	166	3605
2250	103	25160
22752	134	1576
3815	134	23047
10119	134	7536
22232	134	5888
21865	107	2371
7375	41	9309
9309	24	9745
2387	134	1256
25008	134	9389
5195	134	22245
9166	92	22987
2888	134	23831
6040	92	24356
1388	134	21692
23429	134	9838
81	134	24624
24697	23	8050
21517	134	4133
25458	134	21650
2722	134	10282
5870	134	8139
5690	191	8295
5348	123	6011
9381	92	5735
22922	107	3959
5442	134	5068
2164	166	8401
6974	134	8488
9758	134	1774
7281	84	22438
10178	134	585
5847	134	24197
10305	134	2876
2426	134	22461
2617	134	21120
23738	134	22444
22332	84	2917
23724	134	24499
606	134	7135
8049	129	22201
25324	123	25023
1009	134	2320
24563	134	21356
7841	112	1417
24065	134	22461
7797	134	24826
8264	24	10235
24340	23	2371
5630	134	23259
8012	134	7752
932	134	6289
6533	134	22780
3214	134	3432
4689	37	7245
23485	134	10136
517	107	7397
7739	84	296
25466	134	3958
2111	92	9909
21086	109	22980
6047	123	21595
5059	134	2410
9795	84	9466
10343	134	23344
10391	24	7616
21000	134	5954
794	134	23419
3658	124	9640
8501	123	2379
887	84	1108
2964	84	9350
6299	107	10166
9861	134	2970
8669	92	8488
6610	134	22490
2312	134	1037
6781	134	5735
547	134	4133
1783	134	7135
2072	23	7143
5160	134	6521
4123	131	21791
389	134	7817
10291	134	2572
8421	85	5782
22904	134	9952
7742	153	9780
10497	22	3343
22141	134	4606
3724	92	1576
23906	134	7466
5226	134	3786
1397	23	7143
8052	134	5932
5577	157	6731
9475	134	6228
6021	134	2000
571	92	1743
23529	84	23990
8588	79	22499
5616	134	22230
8879	134	9385
8088	23	6185
933	43	10110
6179	75	6039
24572	134	21655
5229	134	1576
4587	23	7397
6192	134	5767
7979	134	8071
9321	134	786
503	101	6962
6120	134	22525
23715	92	8139
21869	82	10195
2381	79	8209
1187	0	6774
21565	25	22344
6868	134	24356
9944	134	4125
22175	84	3543
7353	134	25277
8663	107	2685
3838	84	4754
4072	134	4417
24390	70	713
24780	92	10294
21250	185	8656
25464	134	21268
3692	134	9385
8225	134	22057
23458	24	3144
23171	134	23831
10314	134	1664
1273	84	7397
21438	25	8006
21785	134	9532
24518	23	9748
5708	24	22745
4247	134	5273
7621	134	7492
433	194	5008
2489	134	22059
23219	43	400
24759	134	6228
6090	134	1991
7552	79	3311
9528	134	3876
23663	123	9376
10485	31	4725
2639	134	23486
994	134	8635
9443	31	2607
484	79	24914
389	134	10474
7860	134	2458
23715	92	21120
22096	134	5244
2531	134	9389
24549	73	3705
3377	92	379
2192	134	585
21077	92	486
4525	84	1108
24439	24	21230
5510	185	21203
5230	134	21496
2358	134	22234
24627	92	2652
10394	134	7647
23117	134	95
21351	134	25192
21825	11	1244
8797	146	23756
8637	134	3372
533	134	25138
2710	205	1401
10255	46	10361
8270	24	6865
420	134	7135
2452	134	9615
8890	84	22601
7457	134	3074
3367	134	2608
5265	134	152
10245	134	8139
5259	52	22601
6003	84	9729
24970	92	4680
22101	92	2876
7333	134	9522
7957	134	8488
21499	25	4089
23700	134	9065
4916	134	5224
2586	84	3626
1388	84	4048
9716	129	2666
9440	79	5683
10197	89	1997
2555	134	3432
6978	57	9315
8418	134	182
24110	134	1928
10228	134	24908
7746	92	4189
7572	123	3024
23570	25	10392
7532	84	2371
2412	92	7300
9448	134	9838
8712	134	6324
9487	24	22481
10015	92	3372
5876	84	23990
3655	84	9466
8377	134	4606
23924	99	6185
9624	134	182
8423	134	4680
2119	24	25213
3693	164	1697
3010	139	5421
3748	79	23972
871	146	2526
2220	134	25110
796	185	168
9741	84	24971
10426	202	4020
22317	134	9719
7574	92	1278
22387	84	24817
9002	134	9065
1083	134	23111
3085	134	8297
7041	25	1857
2371	153	3383
4224	134	24431
21566	134	8106
2635	134	4734
24389	134	9959
24157	134	9492
7045	134	8226
9419	134	6716
9573	92	9790
8728	112	1460
3201	185	21963
8594	67	7397
2737	84	1904
8155	134	21854
5222	134	10136
1574	87	4389
8369	134	9798
9431	84	10166
21002	84	25160
9708	92	24356
2810	134	2621
425	134	5888
3520	134	22490
504	166	9748
2044	134	24387
8710	99	2365
261	23	24931
2382	146	7465
196	92	23047
8739	134	8297
23699	134	8953
23565	134	25222
10381	107	1054
2525	134	23344
9480	92	2530
842	134	1928
7388	92	3088
6404	84	4956
21934	134	1718
9502	134	25192
22236	134	8965
23467	134	23047
3215	134	9385
2761	134	24179
22197	134	6289
2322	166	5925
23785	99	7397
1336	124	24058
24232	134	21267
9252	85	6209
5364	134	2446
8735	134	5578
6361	43	8814
2433	134	22234
4753	134	4578
1907	134	21912
2822	134	25487
2477	134	1272
9904	92	6960
2495	134	2736
6529	92	9135
23402	134	10051
23217	109	25160
9407	134	9065
8008	43	804
23695	134	22461
6840	84	24402
24458	134	2369
6043	134	3432
2967	134	4133
1720	134	8828
7211	84	961
2307	134	3965
2536	134	1286
5825	79	2743
3423	134	679
3439	164	23164
10143	129	23634
25106	166	23463
1430	107	1401
778	189	7397
22080	134	3958
25228	41	22102
1107	123	1602
4508	51	4924
7599	134	22461
5045	134	3284
6345	99	2917
3349	134	10474
22241	134	10136
24463	134	24826
7167	191	7397
6301	134	5197
1276	84	24642
10019	197	6737
23927	134	9991
6433	134	3575
23405	84	5565
9147	134	22235
10265	134	7585
1533	134	766
4500	134	23261
5655	84	1054
23145	134	6521
4419	79	8770
1224	84	22405
8852	134	1743
25495	9	5711
609	92	25487
1418	134	8297
23622	134	8297
21671	84	24364
23041	134	22235
21607	134	5695
4389	99	3181
3701	166	23463
4253	124	1344
6266	84	7397
7853	134	9615
5379	84	6749
3030	134	6994
23764	134	22234
7779	67	4956
24254	134	21692
4430	79	4322
4094	134	24826
8905	43	7331
958	153	6579
8322	134	24153
6398	43	24215
22575	153	8006
6480	134	21854
10006	92	5244
1714	134	3786
6767	164	7742
24312	71	2511
18	84	23990
2934	89	1435
775	129	22144
10458	134	1576
3219	84	23463
23675	134	2410
460	134	21508
24394	25	3383
23336	134	21572
2573	92	23280
3401	134	152
25186	84	4956
23438	42	25196
1710	134	6521
25286	67	2685
873	134	2621
3395	134	5888
588	21	9230
2355	134	182
24581	134	21964
5839	134	3223
6835	134	8077
9970	84	25160
5811	134	8828
22536	134	3343
8169	134	2346
22068	134	2608
2118	134	5224
24202	134	24197
7719	134	9065
4548	134	23578
1523	79	8082
4078	24	3076
22893	92	4271
6517	134	5769
5846	92	7536
8137	139	5659
9800	134	2428
7723	107	1496
10458	134	9719
24341	134	8965
2003	134	4992
4204	84	10166
3700	134	3958
24725	134	22407
4502	155	5206
3035	134	3372
235	84	3959
23116	84	6185
8500	107	1906
22809	134	1286
22649	134	9669
1756	129	2332
2490	134	4076
2015	84	9748
4699	67	3626
4274	134	10308
9171	205	1401
7543	134	230
3013	123	22036
24008	134	22059
257	134	21944
24111	134	6994
21170	79	2488
21173	134	6464
24286	24	3073
5577	84	6731
2401	107	2685
2418	134	3074
22965	84	22601
21948	134	2005
273	23	22601
10419	84	7314
2406	134	23344
7356	134	25244
447	134	8310
25268	134	2000
3703	134	8488
4845	134	8494
22221	185	24597
23481	134	2457
165	43	7987
1188	84	22601
1602	89	2345
1836	23	107
7500	134	6639
3882	134	1576
22476	134	2608
4816	79	21185
9580	134	4734
22397	134	1278
6139	202	7397
24325	134	25138
6927	134	1743
22480	84	1401
7230	134	24992
23007	124	2676
4785	134	3958
163	110	9859
6520	92	432
1298	92	21120
23387	129	2332
2116	79	23874
5994	134	22059
22602	134	8965
5907	24	9981
2575	84	2371
1847	84	3959
4708	125	8239
5779	134	21706
9096	36	2218
25180	151	24991
306	84	23463
4406	134	2876
2253	134	21356
8739	134	3958
24480	134	2876
7613	134	3786
6399	134	9135
21808	134	22584
24055	84	24436
7789	84	3626
22857	134	22972
3527	134	2288
8043	143	22823
4622	134	24992
23785	99	23389
1211	161	2447
7508	134	24908
4834	24	9294
9208	89	23108
379	166	3626
2519	134	21356
22869	166	23659
3056	84	10166
5526	134	22474
23368	134	22059
3081	20	2707
766	154	21501
10039	134	4896
5372	134	4339
719	134	10294
9650	21	9728
2727	92	22583
2650	134	5971
4918	38	368
23249	92	7492
7369	22	9884
21538	84	5671
23474	134	7536
21905	134	4422
3107	134	2000
6994	9	24373
25394	134	5068
9228	79	206
7848	92	9669
2215	166	8840
7487	134	3180
6474	84	2685
21312	134	2621
4712	134	439
8453	134	22830
4360	84	1496
7132	134	2215
7129	134	21655
8487	43	25155
5372	134	4282
2180	134	4299
3712	134	5845
85	84	8708
4954	134	9928
22558	37	24610
21236	125	6454
3033	134	1928
9109	123	10332
22065	24	21245
7480	107	10166
8540	134	95
753	79	21882
6124	134	23089
6985	134	4528
25385	71	2974
3072	134	21520
2334	134	3958
6480	134	23266
21456	84	8708
21811	134	22235
23922	24	2587
25351	134	1234
21791	131	23630
1509	84	22757
24909	84	2371
21966	146	5593
22259	194	895
2140	134	4680
512	84	8062
2354	134	4076
7175	84	296
22162	134	5954
1115	134	23280
10198	99	10146
10017	134	7781
7903	107	1401
8337	134	22230
8291	134	7717
21909	134	766
22788	134	21570
9094	134	2346
21273	92	1537
5868	134	24387
3170	23	6185
8591	79	9931
2267	134	8139
4020	25	45
22327	31	22384
23831	9	829
9227	134	4271
1033	107	2685
9290	134	8207
4161	124	1393
22890	99	858
3252	134	4133
21082	134	9385
3625	134	25138
5352	84	3959
3952	134	2572
24350	164	9879
3094	134	1537
5243	123	1545
22433	25	8006
781	131	25285
9307	107	1054
9075	134	22474
7022	92	3572
22249	107	961
23304	134	9615
646	23	107
25402	134	24826
6622	134	24826
21992	92	5561
8305	134	5995
21369	134	22059
22715	84	2371
9590	134	2970
9946	164	6915
3242	134	21384
4845	84	23463
10381	79	2472
3941	123	10448
21560	92	2458
7450	79	6717
1057	84	3959
21892	134	21039
8949	42	23091
4631	134	6814
2712	79	22361
2750	110	4050
490	134	5212
4607	124	4721
3584	134	3958
7205	92	9340
4842	134	21912
5463	134	8360
6945	134	1743
6304	84	24402
22213	134	3994
22171	134	5971
25217	134	6374
10277	84	7397
1406	84	2685
8897	11	1560
23651	134	10022
7677	84	1904
3187	25	25369
5366	134	23578
8579	43	556
2398	84	1401
25178	84	2685
24987	134	8431
10000	123	5911
6533	84	3635
10039	92	8835
21053	134	63
1561	95	3720
7056	134	4205
3235	84	22601
6418	84	4454
23172	134	23913
4907	84	7143
3483	92	8139
7731	84	296
21289	134	4271
13	65	9275
22944	28	815
760	31	3031
22229	166	24436
9283	84	22601
6564	134	22235
6734	134	4369
9574	107	10249
2613	107	3636
6674	89	25114
5846	92	23047
1501	134	8828
118	134	9991
10337	134	21570
818	107	1004
22043	134	6860
2798	134	4575
2945	134	5735
305	134	4133
4305	12	24203
22897	134	3776
4540	67	5703
8192	89	8371
8963	134	24881
9563	9	23692
9745	24	8740
3631	107	5671
9670	134	4417
23176	107	10166
25313	134	8197
8121	134	25233
4995	134	95
9200	134	3223
3166	134	23047
9398	134	8399
2534	25	22344
9096	41	6177
22615	79	262
811	24	24155
8205	134	9838
10283	92	22447
21751	134	24848
22435	146	1308
4372	173	24579
2641	134	7831
269	134	9684
21049	134	216
6467	134	9928
22371	134	8139
23964	27	6185
4529	79	4625
462	134	2346
6233	27	7636
4230	134	24766
25370	134	8244
25240	52	1966
4629	22	2819
2017	134	2012
7050	84	23463
1249	84	24723
25428	134	504
6359	134	23344
3395	134	4111
5327	84	5977
2954	92	22791
6870	139	3011
8707	134	4422
9945	134	4111
23604	134	9790
24883	84	3626
7530	84	24402
24680	134	22057
23026	41	21383
23509	134	3180
6648	92	9063
4665	84	3636
6930	134	23344
6476	92	766
206	24	22136
21571	134	22390
8786	134	4680
24012	79	24776
21032	134	1286
6506	23	22601
3472	107	8011
553	21	7186
21992	134	8139
6991	107	7657
23543	134	21539
2432	134	3180
24970	134	22830
3349	134	2619
21596	134	6960
22055	91	24852
2760	134	7781
9880	134	63
1381	107	1054
4636	134	2736
4922	164	23562
3755	43	3024
297	84	7140
1277	129	1237
22130	134	25222
9695	84	2371
1290	84	1904
7842	43	1942
22825	134	9065
24951	123	1392
22857	134	24153
23623	134	21655
21783	84	5703
4145	84	1004
1704	24	1296
5030	84	4634
23319	92	23680
5156	84	22601
2332	139	9630
10003	18	1930
4185	134	8431
6739	22	21650
10107	146	10107
5269	134	2776
59	92	2410
8521	84	10166
3125	134	4992
2334	134	1576
7567	99	22139
9867	79	5297
22683	166	23990
23846	23	9748
9168	134	1827
24401	84	4956
8021	134	5735
9166	107	2371
22127	134	8734
23822	129	3468
1914	24	24579
21454	84	1108
8636	109	24931
7106	134	5950
3229	92	22584
7027	134	614
2212	164	21235
7606	134	95
23264	134	24814
9826	134	4680
24677	134	10430
3254	57	25224
4167	92	6324
21070	134	7135
6976	134	292
321	134	9952
2135	134	1234
25139	134	7604
4811	92	1286
4310	107	9857
22789	134	4045
2226	186	21798
22226	134	24819
8624	20	7302
23139	134	5074
6397	92	2162
7699	134	23500
25261	134	24356
1028	84	5671
754	134	5971
8407	79	7237
24023	134	5244
23589	134	2995
925	23	22601
25347	123	6914
6592	134	24826
21200	84	7507
23302	23	23463
23141	134	22234
3119	84	1400
7190	134	8431
3299	84	2371
4377	134	10136
8659	129	7593
9868	134	25106
21815	79	23814
3972	84	5565
25211	134	22525
23195	134	4028
4184	134	8360
21077	134	8728
25030	134	4606
9618	134	1311
10384	79	4705
5180	89	24146
10048	134	182
4791	134	1797
7104	38	3224
10479	134	10282
3811	124	21401
5981	134	2995
6967	34	3314
24519	134	2778
8290	134	6289
6380	134	9532
8587	134	2410
9244	134	22235
7329	146	24049
532	84	23341
3105	134	1743
25200	84	3636
21892	134	8686
22367	134	2876
5745	134	2369
22603	134	9065
5633	134	2608
4527	134	5735
52	134	6639
21378	134	23344
6133	134	1774
8309	92	9747
22304	43	3519
23254	79	2887
1864	134	22407
7118	24	8238
21478	21	9309
4007	134	7021
1601	134	2000
6931	84	24436
1791	191	7742
1068	134	9952
6988	134	9385
23856	134	8226
5444	164	9879
24567	134	142
7439	97	8927
7712	9	2665
279	134	8340
21225	84	1904
5395	22	23578
8137	107	3626
21206	107	23860
5049	92	2889
4351	134	7151
4452	134	9065
3532	134	6960
25159	185	238
2062	134	3088
2710	79	2919
7476	134	24989
5417	92	2000
25307	109	71
23179	166	9748
8218	67	296
2454	62	24427
8380	73	9350
21061	134	3273
5794	134	6324
7114	134	5648
196	134	21912
10364	131	9401
2273	92	8488
22311	134	2346
5645	134	21520
862	134	8635
5889	134	9061
3719	84	9748
7832	134	24848
22329	134	9719
22914	134	5561
7705	84	7140
2273	84	1108
4635	146	10116
337	134	3223
9903	24	23489
8639	84	24723
23113	134	7604
9555	92	1605
1346	134	22235
7715	134	1861
21576	134	585
22380	84	25131
3349	134	584
793	134	23266
1632	146	10360
22650	134	2621
21391	184	21903
1817	134	9532
1372	166	3959
36	134	21166
7256	84	3959
2089	134	8965
4930	24	2384
692	9	23781
10380	92	7570
6425	134	21520
22433	51	24082
22827	158	24608
22522	109	261
5908	84	8380
22588	134	22490
5325	84	6185
24316	84	23463
2174	84	3959
3504	84	8466
7164	134	8748
8074	134	1785
9977	79	4972
21269	84	3605
6494	134	6324
1605	166	3626
3847	84	5671
10479	84	3959
22331	134	5769
1982	134	9532
5844	89	1997
4903	134	22583
21223	43	1491
7478	134	5648
6481	84	6633
3176	134	21039
5733	134	2320
24970	134	2970
7664	107	1401
967	134	3372
3804	134	406
21481	134	3162
10080	92	3965
22330	18	8551
23158	134	5735
23813	134	24448
25306	134	9471
990	134	23578
7002	134	6814
591	134	6814
2756	43	3951
8443	134	585
5046	134	8920
7901	84	5989
8848	84	2685
8365	139	23632
5998	24	4996
25276	92	585
10329	205	9748
1856	134	4859
24693	134	10051
1924	134	8399
23444	92	2320
23808	134	24590
2674	84	5675
23992	24	23103
6487	134	2544
9523	84	5400
25199	134	22059
10259	84	1401
2482	134	6228
7131	31	8809
8553	205	24402
21528	84	2663
5618	134	23047
1539	134	21974
1878	134	7604
24400	129	9102
1727	67	7397
9877	24	22811
6776	134	584
574	92	1186
8399	166	23463
6457	92	3776
6733	107	22405
2492	134	7604
639	134	6228
6009	134	8207
24632	134	5845
1578	134	1537
23668	24	5623
5676	134	9532
4523	134	5244
9243	134	5888
21296	134	25138
7573	134	25050
25489	134	9065
9140	134	1928
23356	134	4111
10003	84	6560
6570	134	8722
22005	134	3575
8861	134	6289
5793	18	24376
23312	134	10474
24711	89	25237
24058	161	4232
4979	84	23389
3344	139	25478
7058	134	9065
22194	134	1576
2593	84	2371
221	134	5995
8048	134	5154
6141	107	10166
478	134	8387
9732	92	21940
9002	84	8380
5483	134	22353
21285	134	22034
6012	99	21235
21858	43	10461
625	84	22405
5883	134	6958
9906	134	9838
1636	134	23831
87	92	1234
4796	134	9671
25419	25	6961
7316	134	6960
21922	123	5290
7240	134	6228
10184	84	25311
1188	134	9061
4873	84	10166
395	134	5561
22904	134	6958
6220	24	8539
8569	61	22613
2269	21	9096
272	134	2572
6122	24	9315
9268	84	22601
24591	134	585
21429	134	21570
960	84	5626
8823	134	2776
1637	134	22034
4394	134	10371
3437	41	7506
447	134	24624
9682	70	24992
2029	84	2685
3801	84	22139
2513	84	24723
6458	25	1032
8945	134	8494
2921	84	23463
2179	79	4644
24382	79	3027
5654	134	10109
23167	23	2328
2622	79	22509
4939	134	1256
2090	134	7862
24832	79	25256
21711	59	2983
8773	134	1744
5943	92	5590
2748	129	7493
7337	99	6185
23143	134	22234
6487	134	1991
21432	134	1718
10160	92	8387
21046	134	2572
24749	134	1311
298	134	22566
164	134	679
4169	134	22584
22019	134	585
7807	134	713
2682	129	21836
8096	134	23913
1835	134	3994
21418	134	4248
22400	134	7781
4763	134	9065
6500	84	4634
9498	134	7325
9883	134	7399
1397	23	1904
1641	134	1576
8650	134	4369
4932	134	23344
7780	107	4365
22661	134	805
10250	134	3180
2795	84	9329
7079	134	9615
25052	134	9219
24233	134	614
22047	84	3626
7608	107	21235
7771	12	24203
1974	134	21539
24878	84	4594
9509	134	22407
24200	134	3372
6732	146	25407
8646	92	23831
2729	107	25049
25093	23	8295
7818	112	2776
6593	109	2088
22510	84	3959
4924	75	10158
971	134	3776
25050	166	740
24801	92	22830
3762	134	21508
5971	166	1004
944	134	10308
8590	134	3958
22655	129	22201
5416	134	10136
3580	165	356
10427	46	4988
6525	134	3958
24032	134	5770
25211	134	24071
2627	59	23115
4077	84	5671
5205	84	5671
24741	134	1991
24762	134	3965
24583	129	1367
8704	92	22830
964	134	22972
7633	134	3273
6618	92	2022
23171	134	10430
21211	134	2995
9547	134	3273
3286	134	10430
4590	164	9879
22374	134	24494
25188	107	2685
23163	165	22376
6267	92	1417
429	134	24197
5424	92	9671
22631	84	3959
2399	134	4282
198	134	2320
1550	127	22305
6150	134	998
24383	74	5498
10100	124	23618
3736	134	9684
9532	9	10408
450	134	7399
1605	9	3630
8542	21	8185
23172	134	9669
3364	129	22198
3272	134	25222
21928	92	5507
2781	84	1401
25437	92	9719
10248	134	3466
6948	124	2175
1635	129	3468
8795	11	4105
21136	134	4299
8165	82	21986
1011	134	2970
2097	107	961
3725	129	5165
21673	134	3767
7190	134	21655
9117	134	443
5964	134	24624
8131	84	8708
9891	107	7397
6627	134	3872
25318	134	21655
21240	107	7594
6857	134	4111
24521	134	22461
7122	134	21650
8193	134	22245
22539	166	3371
2497	164	6454
982	134	3223
23721	107	25232
5920	92	1311
7894	163	23225
8221	79	25078
2493	84	8951
24205	92	9369
21665	84	9748
22158	134	3372
7042	190	407
6184	134	6639
7634	92	3333
7761	19	7143
6076	134	24352
4818	202	24402
9679	143	22823
22621	134	10090
10337	134	1278
23264	134	21848
24655	134	6228
4131	92	24908
22403	107	9748
8363	79	5288
1469	134	5971
22564	134	6228
1470	134	6324
5600	134	21912
21743	123	22866
4190	134	9522
10438	84	3959
25154	134	1286
6379	134	3852
5773	134	25495
6598	43	7120
6311	145	9403
725	134	7831
8092	134	24634
9699	84	22405
2808	134	6958
10383	17	22044
6116	84	7397
10379	41	23766
1046	134	63
3212	134	24211
7163	84	7397
9641	79	10194
10326	84	4158
1283	134	4133
274	92	22407
7288	134	766
5479	92	23344
4359	41	3220
5889	134	9669
2665	134	8828
8473	84	1401
25335	134	7817
1437	134	584
6301	84	4048
3292	134	22583
23358	124	4649
3945	47	23990
8563	107	3543
24318	134	24908
1656	84	5671
21968	134	584
5355	52	1401
23224	134	3572
1404	134	25190
6241	134	21496
1509	134	5074
7724	134	5244
23171	134	6287
1866	134	8226
8016	134	4282
1604	134	1286
22564	134	21974
1793	134	25192
8976	38	24523
22503	84	22980
24227	153	25112
24787	134	3965
2615	134	8071
7587	28	2507
5059	84	6185
843	134	9719
3944	92	3575
2463	134	4606
1477	134	1576
10222	123	40
768	134	7831
24002	18	24763
9068	55	6023
1336	79	22422
4737	134	1911
5317	134	10371
1791	191	21235
21663	134	4282
2852	110	8713
9618	134	21356
10327	84	9787
4121	38	23059
3628	67	4956
9634	134	6226
6039	158	22703
8581	134	6289
21158	134	7726
4226	134	6289
7747	134	8125
9883	134	4896
23782	31	23761
6299	131	3245
7028	134	585
5513	134	21944
7698	134	7992
1798	124	24337
1919	84	2371
2832	134	22583
21009	43	8723
9643	134	3088
3414	84	2739
10113	24	5796
21099	84	1108
8739	134	1576
3460	166	21788
22264	134	2572
3069	134	9578
7364	134	23765
10364	107	3959
21094	31	21932
1908	134	23539
3757	23	22601
9441	134	21655
9896	134	6226
24085	84	7397
3489	107	1054
247	134	22584
1285	134	587
25161	134	7781
4147	134	9719
377	134	9747
23895	71	5102
8983	134	3958
23839	134	766
778	189	22601
5702	92	21572
23095	134	2000
9949	24	742
1338	134	9847
23644	134	9522
24529	134	22461
25447	84	1401
3689	84	4048
3207	134	2428
6999	134	6324
2125	79	8396
4311	84	1401
1316	84	3959
3798	134	22830
25445	107	39
25083	134	4992
8555	134	24819
7283	134	22034
24968	134	23047
2510	134	6797
8595	134	679
9617	84	22601
21864	92	95
3164	123	24140
10447	112	1529
9302	84	1054
2997	134	21854
8272	134	21162
9423	92	22059
3521	134	2282
21339	134	3041
5781	134	3372
23083	134	4528
21554	134	10051
21000	134	2020
4679	107	1054
1325	134	4718
5496	185	23438
2491	84	23463
9709	84	8380
7912	23	1400
3661	92	22407
10059	134	24826
4563	134	2346
5078	134	2000
2728	92	2288
1555	134	2000
3377	84	3959
2851	92	8042
7678	134	3273
10008	107	1051
6817	24	10321
6508	92	22869
4849	79	1344
21413	161	2952
3679	23	6185
6778	9	21172
21404	123	4951
1600	173	10295
21478	21	24012
9801	134	1234
23587	24	4881
4692	134	1928
1268	43	3014
4960	134	6960
1074	84	10166
901	134	504
2340	205	6803
6355	124	9783
2016	134	4992
5647	84	22274
6404	79	8981
696	134	2215
4077	134	1576
7186	97	4034
5538	139	22211
1847	84	23463
4838	89	21836
580	24	24839
1963	92	22994
2504	24	23580
24809	134	3223
9589	134	22474
7185	134	25110
659	79	8605
8787	134	24819
4994	24	9218
22290	134	3958
386	84	2915
3243	92	6324
5884	23	9879
25362	92	10108
236	23	7397
4982	134	9669
1999	134	8520
24272	134	10022
24214	134	5888
3612	134	2322
8365	100	975
25393	185	6235
7981	134	5244
8464	43	8414
22769	134	1744
21585	67	8708
4433	84	8380
24765	134	2621
7964	134	22869
4107	134	1576
23243	84	2371
8145	84	1904
4005	134	8297
23154	134	443
1714	134	432
6107	134	21039
23937	134	21539
9645	84	23389
8713	107	3636
883	134	24766
6458	25	25112
24952	134	21912
21630	134	8687
8940	134	1743
23136	134	5146
25390	9	9317
9872	92	8965
2470	151	21467
2884	92	1605
7966	134	585
469	134	25192
23732	24	1235
209	134	2572
24284	84	4454
3021	79	6177
8027	134	7536
1804	84	1401
2209	110	6143
9269	134	4992
25084	23	1401
3501	134	5888
6696	107	5559
1032	164	23576
25273	107	1054
10414	166	23463
22881	92	1774
1869	134	24356
4470	24	23321
22568	84	1401
8713	139	9859
7057	123	2064
1185	163	23107
2665	134	23344
23822	89	2171
7936	134	379
1289	92	24197
23480	134	7585
7451	84	2685
25461	84	25126
21672	79	21462
1873	107	3959
3576	84	3959
24014	84	1108
1168	134	2320
1089	134	10022
807	41	22678
4097	84	23463
4425	92	1286
9310	151	8413
4945	110	25210
6718	107	23701
7723	107	2371
10164	134	5224
5171	164	21235
3099	157	458
5863	134	7781
6415	84	1054
3824	92	23831
22017	92	8077
5215	84	22405
6079	134	3691
23307	92	443
5447	99	2685
9749	67	21843
5414	107	1108
6767	164	8295
24081	92	22830
21633	27	7397
4490	134	4282
21668	134	3965
3801	84	71
7287	134	25192
6770	107	7397
24491	107	24946
3026	134	24438
21054	84	8222
22035	134	22461
9948	134	23913
25300	134	3180
8270	84	5942
4312	163	24767
3713	24	22604
7287	134	2215
1995	134	6860
3304	134	8297
2389	41	8554
1885	134	23500
4311	134	23747
2804	52	961
22426	79	3066
7643	92	7072
4059	84	9520
1170	20	10126
21696	84	2371
23390	164	2371
22118	134	2465
1485	92	23380
4404	31	9216
5841	134	9786
9343	134	24387
1467	134	4606
21077	134	9492
6079	134	7726
1271	127	6293
24339	134	22869
8834	134	4680
2455	134	2162
2678	92	24153
1810	89	6607
5340	134	9135
1396	84	6185
10333	134	3575
21933	31	8257
1497	134	7325
8034	134	6228
65	134	5383
9722	164	22980
25154	84	2371
5596	84	9748
3146	134	9457
3504	110	2754
22871	84	1400
22326	134	7151
22107	92	7862
21540	134	2215
6449	205	22554
21246	134	23419
3546	84	5671
9738	20	1309
4597	134	5224
21164	92	7992
24258	134	10430
997	100	5577
8469	84	3959
21849	84	296
22159	134	182
2231	134	9847
3745	134	531
21049	134	2736
22663	24	9322
5160	134	21572
8608	85	21251
1049	84	2685
25090	134	3575
5095	134	2446
5333	134	22583
24959	134	9798
4519	134	3223
22906	155	6942
5294	134	3965
8855	109	3626
5693	125	21499
2099	134	8965
1238	134	8226
5522	134	4271
2297	134	3994
4695	134	21356
658	155	2579
21281	134	7536
4961	134	25390
8761	85	24377
755	107	2694
21666	134	2000
5408	142	827
22110	134	9385
7902	18	3636
21503	52	6366
22505	134	6442
7573	134	3466
10229	134	23344
7215	134	21356
7129	134	9442
5749	134	10491
8649	84	21679
7142	134	8920
24756	134	1991
7049	103	4443
9638	134	2428
24330	134	7624
45	164	4020
3917	18	2685
6032	134	24624
2189	134	713
7036	84	961
1567	134	3965
24082	75	5744
719	134	2000
6402	84	21530
9746	134	8920
8280	134	2288
21203	185	23965
1270	164	7143
3433	134	24387
9502	92	22340
25168	84	2917
23447	134	2778
7890	107	3636
7793	84	25311
5502	110	9013
22731	107	1104
4187	134	4734
23559	134	2320
8348	134	23261
25208	134	585
3036	84	1904
1270	164	7636
22328	202	296
8445	92	5383
6924	84	21494
816	92	22458
7769	107	1496
22241	84	9748
4929	134	24352
6437	107	3626
4286	134	5065
7766	139	8371
2957	125	8239
2601	84	2685
3724	134	1576
22433	25	10499
5404	79	22393
7007	134	152
2595	134	2203
1316	134	6639
4200	153	24086
21185	124	7427
22922	107	23463
25451	172	8380
4688	134	10051
2773	84	6904
6749	25	8512
167	84	10166
8482	185	1397
22688	43	5525
25285	41	1197
9496	157	22792
24331	84	2685
1367	139	21836
2962	97	9705
10106	21	24195
2679	134	22474
25256	79	7779
8282	134	25244
21846	92	5904
7951	134	24381
976	134	2012
5242	84	25311
7388	134	3088
3515	92	766
3507	21	6334
2332	139	4171
24158	134	5383
10242	166	2668
4304	125	3308
9299	100	9299
24830	92	7492
23286	134	10308
1047	38	3388
22889	84	5703
8380	25	7286
21840	107	2917
22109	134	7781
3492	84	7397
6104	134	8828
22621	134	1286
3300	84	9748
21887	134	4807
24588	134	7325
1770	134	4133
24190	24	9501
21431	134	8828
5871	166	4905
7074	134	3343
8716	134	8244
7015	134	2995
23497	107	21843
5986	134	9838
7853	134	9790
8924	107	2917
24564	134	9385
2348	129	5165
8379	185	24697
23122	134	9061
24939	134	23859
22157	139	2750
23386	84	388
22155	190	22777
7640	134	9847
4120	134	5227
5622	134	8920
25399	134	25480
690	134	5888
4839	134	6228
5491	92	4896
24993	124	6527
9239	20	441
7408	134	3372
24234	134	2995
7959	134	486
3434	134	10136
2761	134	21650
6740	134	3088
5490	79	9027
7218	134	4528
6442	166	9748
4114	134	8728
1188	134	23913
21621	107	1054
2631	38	8011
3898	134	3408
3358	89	2209
117	134	1576
21928	92	1605
1842	134	21039
5500	84	2915
24553	84	2917
2788	84	8011
5378	92	8315
23636	84	3959
6718	79	6411
7563	134	679
22152	134	6745
595	134	7781
3156	134	1311
6243	22	2377
7012	92	4992
24216	107	1401
6959	92	8297
264	134	5244
7547	134	7862
4295	146	25116
21712	11	9102
8121	134	8748
5639	124	25317
9281	134	21650
3630	134	2243
8060	134	8077
8346	92	8310
8611	107	1401
3146	134	95
21531	134	21912
9564	134	3786
25161	92	10282
24972	92	6851
4291	134	3770
1071	84	24549
6268	134	9063
21348	84	8380
7026	10	8664
21278	134	7492
2857	134	21489
4847	18	1051
4010	134	8139
9370	134	24179
24205	107	7143
36	134	24352
22716	17	8947
10418	146	25116
21533	107	10166
9983	134	21572
8615	134	2369
25048	43	2748
4101	134	7585
5426	84	1650
22771	134	8387
22895	134	25487
24457	134	7604
2611	134	22234
5766	163	23107
6565	107	1363
5213	134	10282
7237	84	23463
9644	134	9798
1976	92	5735
1950	134	9609
9381	84	1496
22079	134	4734
7050	92	9609
24623	11	8413
24267	84	2685
23566	79	23784
3060	134	4680
10134	134	9615
4043	134	766
8128	79	8931
6734	134	1234
25409	134	24197
6208	92	95
21200	134	8387
3383	164	8295
5631	134	9063
7135	9	7776
3040	123	22691
25176	84	9021
2045	134	2995
595	84	3959
21912	9	21531
5442	134	21041
21580	84	2371
8205	92	4992
6546	92	25287
2248	38	25475
3300	23	9748
23835	92	21120
3656	20	2707
2810	84	2371
21165	134	21692
24967	110	22484
24538	134	9236
21704	134	2020
24546	134	21912
1870	134	2970
9631	146	25415
22536	134	5888
22362	92	9719
22579	134	21570
22431	84	5671
10054	11	6306
166	134	21520
23338	134	22566
5763	131	6557
21320	134	2736
7793	134	2020
3384	134	5695
21753	134	22059
10440	134	24624
10053	24	4972
9299	65	9299
3668	134	5971
21750	25	8512
23291	134	21162
7707	84	9748
21158	134	25192
23219	89	9144
4334	134	2995
5001	20	4920
23241	41	2899
1843	123	1035
23078	134	5074
2835	134	8488
4265	92	9719
8544	134	3343
6663	134	1441
2596	25	6961
21913	84	72
9550	134	152
7558	18	9467
21886	134	21284
8221	79	2052
10387	129	9496
9813	84	21132
10306	134	22583
2325	134	6960
1581	134	6324
23482	134	7492
24114	92	1278
1642	134	22583
22956	21	9891
22359	89	7493
8143	134	7781
4830	92	5992
2403	134	21974
3625	134	2778
591	134	23111
3832	171	1131
9153	124	8770
21219	107	9350
6401	84	2371
24019	92	1026
25310	134	9615
24507	134	63
9591	134	95
3498	92	3208
2758	134	9385
9640	79	3658
5297	24	9867
8621	134	2000
22149	89	997
411	12	4115
21136	134	10045
1443	84	1401
6644	92	6639
25426	134	24499
22301	148	5492
1348	124	21401
8522	134	5244
5760	157	5262
24291	92	3776
24595	51	24082
687	134	766
849	134	22525
8365	110	21212
22388	134	8139
8829	100	3957
1378	134	22235
8350	103	1138
10256	134	8244
7720	134	21120
2325	134	5770
24536	134	2000
1540	84	22601
6915	25	8006
24794	134	10051
8984	55	239
22377	84	1401
25139	92	7604
10070	134	22059
6724	84	25475
5859	92	8340
3571	83	737
5389	20	4920
4215	79	4561
21877	134	22407
7833	134	7570
21667	31	5854
21324	107	23701
4868	92	7831
21920	92	8139
2162	9	87
8263	134	9389
3410	166	21427
9912	134	3958
24973	134	3691
8752	84	21933
2765	134	10109
9398	134	7585
9976	131	8740
3999	84	4365
8874	134	7624
67	134	4694
6784	134	7862
2152	134	25110
3826	22	21039
23618	124	3658
983	38	1548
5706	92	1605
21863	134	6994
24699	43	22359
5066	134	1576
21462	107	1051
23758	84	1401
22109	134	713
2025	110	9859
7804	52	1966
9976	41	9392
23557	79	3194
3665	134	2995
5295	134	2970
9981	18	8551
2104	134	486
4732	134	2819
21575	134	3691
2205	134	1037
21515	134	21496
7509	24	2698
9816	26	6597
24619	67	23463
1953	25	6961
8223	84	10166
5215	18	22405
9308	129	1597
1767	134	4680
9880	134	24624
24552	139	24552
1985	134	3575
8198	92	24590
22440	84	10166
21943	134	8340
24540	134	8125
1597	139	9468
138	134	23344
9896	134	21570
25251	134	8431
1869	84	5671
10099	134	5648
6504	134	24448
1083	134	24071
3245	79	2961
1338	84	2668
1579	84	2365
24520	134	7726
6822	134	713
23192	134	2410
10274	146	5485
2711	151	23608
21184	134	2530
135	134	2800
1066	134	5244
24419	134	2970
9372	46	10427
1597	65	2238
7563	134	8197
2978	23	9748
22182	18	1054
5970	84	10094
3905	134	2736
6044	23	1297
1398	84	24402
4102	117	22024
8825	134	22474
22708	134	1576
9193	134	9532
2357	112	2357
2934	43	2989
8566	131	3482
9253	166	21235
1063	31	21204
10194	79	9641
22519	81	22673
4254	134	5735
10085	83	3365
7420	134	9798
24377	53	8761
24970	92	24356
10185	134	9786
21506	166	24436
22033	107	4365
7319	134	23111
8818	134	9385
7380	124	1874
25334	134	5888
233	134	21944
8063	84	4381
3299	107	1496
4750	134	25192
21348	134	6228
2954	134	23680
5631	134	2970
8651	151	24673
3287	134	2320
9294	205	23990
7702	84	4956
1388	84	9479
24952	92	21912
8293	84	7397
21953	92	4917
10347	134	9236
1239	134	9615
23240	123	8009
22080	134	22407
7966	134	8828
21915	172	5565
2057	107	22139
8104	41	823
1877	134	10282
3942	134	23344
21830	134	5992
343	134	5150
9169	134	5735
5275	84	2917
582	92	2530
4608	92	25277
4601	134	23831
21855	134	9065
5820	23	8384
816	134	23266
9806	134	5224
4895	134	3281
2189	134	4589
2008	134	21944
1239	134	6994
24648	134	22407
10028	92	7466
746	134	22340
24665	134	2778
3213	92	180
8511	24	10213
24970	92	8728
4169	92	10308
2616	134	3372
9766	134	9615
24980	134	21039
4336	79	6721
3010	157	4715
3563	134	3180
3184	181	8452
472	84	10166
9988	134	679
752	134	5950
24922	134	5950
1651	134	5578
9441	134	21039
25452	134	23568
22704	134	1928
4723	84	24402
24995	134	1576
21615	79	4714
9582	51	3610
23303	134	23441
22572	92	21284
21754	134	24819
6484	166	256
24035	84	21591
8170	134	5423
5781	84	7397
9472	52	1966
2498	24	25147
8370	8	23028
135	84	7397
24325	84	6311
24798	138	2685
4067	134	6960
8170	134	25390
8589	134	2428
6745	166	858
22358	134	2970
8012	92	9345
23545	134	23913
1422	134	585
21865	107	1496
2593	134	21523
2434	134	9532
9757	134	21520
3672	134	2346
7467	20	4920
1215	134	1774
25257	134	10055
8716	134	4896
6905	134	24356
7876	134	21854
8946	107	2917
22271	134	24387
22260	123	9465
23902	186	22591
1624	92	5065
24942	134	2736
9193	84	1401
1983	134	7604
1448	24	24047
6129	134	23765
2138	151	156
4295	129	3427
6579	164	6454
9545	92	24590
4037	134	1117
7422	82	25453
5421	100	9152
22143	134	6958
2735	134	8965
22279	129	1597
21076	84	3626
4183	84	296
21148	146	8764
22627	134	9684
7165	134	713
23750	107	7742
6369	84	22601
22454	92	5888
9512	89	24644
2635	134	23047
8498	134	9471
25257	107	24364
1919	84	25160
7932	166	25020
1562	134	5735
1064	40	8381
9103	84	9748
588	21	4319
2633	92	8520
272	134	8488
5873	134	21912
2007	157	4158
8459	21	21685
10158	5	4924
9354	134	4111
1910	134	10136
23237	70	22779
8256	134	8297
6562	92	9492
5433	134	23680
24616	134	24387
32	134	10136
5800	92	6228
4941	134	6860
10030	134	24448
8762	124	25314
23973	146	21012
964	134	5068
7936	134	1026
6368	134	24826
23455	92	9492
689	11	22466
3401	134	9348
660	134	2630
9557	134	22059
21884	185	9038
1192	123	9208
5082	134	23380
7564	23	890
8053	134	1928
2931	185	25499
2609	129	7493
8621	134	766
7644	107	4354
23987	79	9120
5345	92	4189
21819	107	1138
8650	134	21944
9027	161	2836
22834	134	2970
5298	84	3636
24508	23	9380
23451	71	2483
8036	134	1278
6931	134	21506
24688	134	21284
21212	139	4390
965	134	24387
6867	9	2595
7464	139	7576
24307	107	22980
21527	166	4158
8773	134	22407
7257	98	3636
9724	134	8226
21343	134	2346
21879	134	95
25205	134	5062
9978	25	3383
929	134	1150
22605	134	22057
320	124	7243
9824	134	2608
25147	79	2498
9157	134	22461
7877	134	23765
24855	134	6324
7340	92	2149
24972	92	10051
24464	134	23111
10194	84	5443
862	134	9747
10295	84	1401
5373	92	95
7408	134	9952
9666	129	9279
5654	134	2778
1679	207	10094
10118	134	6442
7653	134	24154
6705	18	23990
551	79	22919
21230	169	4690
24906	134	2970
4615	92	3872
2186	134	766
1995	134	7781
553	191	2371
3076	79	4078
6040	134	6639
5183	100	8398
22731	79	1583
7366	82	7918
6606	11	25055
7849	84	1108
22693	166	1400
8363	124	4593
24867	134	22245
10390	134	9061
21910	107	9748
2738	75	10338
23947	134	5068
2792	134	7536
24226	92	568
9449	134	4777
2103	134	5932
4334	134	9369
23676	134	4575
3774	134	23179
5103	134	8488
21029	170	25341
4723	134	3965
1780	134	22458
3149	129	3966
24079	134	23765
1950	134	10430
926	24	8553
551	161	9215
248	134	7054
1016	129	8298
23024	25	8006
9815	134	4299
9448	134	1928
6410	134	6814
3744	131	24776
5412	79	7889
8240	134	8494
23938	92	10282
24869	25	6961
5864	84	10166
6855	124	5627
21301	84	5671
5080	202	1401
9235	146	1264
5174	89	7109
2204	92	4282
5582	134	23344
8635	166	21906
4426	43	25064
21952	134	2778
2512	92	3180
6822	84	22405
7009	79	6526
21242	134	585
21222	134	9176
5622	134	1576
9978	25	24768
23737	24	5958
4694	166	1690
24159	84	2739
10432	84	1138
862	84	7397
2844	97	5042
24092	84	1363
21492	134	8488
624	23	22601
9002	134	9135
21879	134	1928
6150	134	7831
3282	134	585
7687	21	7186
7403	84	23463
24783	134	6814
21956	23	23164
8142	43	9000
1978	84	1108
790	134	22525
7711	185	25323
24232	134	6442
9032	134	22234
5670	134	24409
2313	134	21572
2190	134	8340
4550	41	2381
7585	9	25161
22842	164	24931
2501	92	23578
1160	43	9229
21291	84	7453
7092	84	2685
25285	41	781
9565	92	7054
1142	129	13
3863	134	10474
837	134	8488
25086	84	25332
5883	134	9786
24636	129	7493
7857	134	1576
9608	25	10392
3482	57	8566
4503	134	2005
7737	84	9350
10483	84	7085
1242	134	8023
1985	134	5888
21551	134	3958
3744	79	24289
10248	134	2995
2986	23	296
5139	134	10022
4798	92	9471
3238	134	21854
7388	92	25487
535	134	1311
9206	153	8512
23664	134	2608
10492	79	25412
10219	134	23578
24454	84	9558
4969	134	9952
235	107	23463
4687	92	2149
1769	134	21508
1112	102	2983
5530	205	10094
2725	134	4528
4266	134	2465
8461	92	1417
21477	134	5197
4127	134	5244
7383	92	21570
3475	134	5888
23521	134	486
9440	24	3795
165	123	5174
22362	134	7604
655	134	8125
3341	134	95
2156	134	22474
1140	134	3994
8611	92	4694
4625	182	6896
7535	134	2000
8522	134	23261
4370	79	7741
24224	123	1789
4885	134	63
3929	22	1700
25405	23	23950
4596	92	8431
22516	134	2970
1778	84	24227
23616	134	22830
9410	92	10414
22376	191	1297
23003	89	24782
22161	134	182
7264	134	5423
24749	134	8828
756	139	5659
2236	134	21570
4862	134	1576
22633	23	296
24831	134	1311
25094	134	24570
3334	134	182
8840	23	3626
10340	139	6607
8653	134	22235
4771	107	1054
6182	134	4578
2421	84	1401
4169	134	4693
1067	134	8488
21529	134	1278
22305	179	23107
1918	84	1401
9292	107	7397
924	75	5838
988	84	9748
9829	134	8920
1134	134	23539
6539	134	1576
470	202	1401
24413	134	3466
2940	107	3636
1675	43	2031
7070	134	22407
21630	134	9385
5350	79	6699
24190	79	1600
8325	92	5220
4793	67	10166
23365	134	95
21207	142	2206
10395	43	9308
23593	134	6800
9893	134	21974
2796	155	3270
3614	134	6958
939	161	23962
25499	141	6704
23721	84	25232
2307	134	7604
1028	92	9532
2231	134	21496
2226	68	5671
25042	41	22528
9347	134	21650
5156	134	25222
24045	134	10136
23031	84	1496
24072	92	1272
6890	23	8050
8609	176	1050
21232	134	585
103	134	2022
21115	134	6860
6725	84	3626
7499	134	2530
5930	84	3959
756	139	58
5579	123	8858
2327	134	22775
8212	38	9729
24050	84	7011
22243	134	5893
2133	134	585
9255	79	835
8179	84	1079
5879	134	24381
3877	123	22735
1008	134	6374
25227	129	4686
22129	134	7151
1464	164	6915
9802	134	22525
9329	178	25245
21656	84	2685
21628	134	24197
5451	84	9748
23152	134	4575
22312	134	7624
4502	79	2674
563	134	3958
22505	134	5888
23833	84	3959
8826	134	22584
2398	134	5992
24156	11	23963
1657	134	3575
21708	134	2995
4341	134	24881
1472	134	25495
3875	134	24590
10138	92	5074
5267	134	2876
22346	107	24402
6224	134	9389
10088	92	10109
8115	134	8828
6041	92	23831
6858	134	6226
580	79	24839
22948	134	9176
23656	84	9479
970	134	24624
289	134	22753
2252	123	75
9706	134	7604
5775	134	2559
4451	134	22461
2430	79	1151
25123	24	5090
21435	79	23766
8744	134	4575
25427	84	24402
6233	27	7143
24834	129	1244
21892	84	2685
8252	79	8302
22923	134	24826
24342	134	21039
4238	84	10166
2604	84	7397
4446	134	6814
8418	134	6114
6280	92	23259
23917	134	4355
7965	84	3170
9915	46	6900
5129	84	4956
6149	84	4634
5248	134	5074
8210	134	22584
23470	134	24438
22945	84	23950
2892	84	3746
3383	164	4754
5304	134	4528
451	134	8360
3109	21	3300
22745	205	8999
22329	84	5671
25337	134	21964
24904	134	2020
1841	43	21860
21329	134	8340
1559	134	1576
24678	134	8106
8493	146	6547
419	134	25202
5023	134	6442
3402	38	21530
9849	110	2209
1078	134	713
9168	134	1278
4237	107	9350
2017	107	9748
6844	134	1372
2792	134	10294
17	79	2698
21640	134	21356
3413	134	8281
3476	84	2027
8898	134	1026
2131	84	22601
493	134	7604
8081	134	23624
634	134	9065
7020	84	8592
8640	92	1605
24229	134	443
21141	107	2917
24492	20	6073
1826	134	5383
23581	134	10282
22879	41	7632
5784	84	4048
7070	134	2000
24524	84	2371
22837	38	5018
6390	134	5735
756	139	2932
6664	43	21835
23532	79	23766
25113	79	23065
2941	124	6355
7209	124	5363
24272	134	95
3329	92	22566
2841	84	3626
4525	134	9492
819	84	1401
9420	134	9369
3741	134	2736
21992	92	9671
10378	84	23950
2479	110	24554
4413	114	2371
9709	134	2005
9416	23	22980
25007	99	261
2198	134	3872
7858	12	1508
10253	134	1256
7939	84	296
5246	146	5085
2037	130	24402
4449	79	9562
24832	201	22514
6913	134	24826
23146	84	10166
7690	134	6226
3416	134	9532
8798	84	6311
7394	134	4575
24441	134	502
9859	107	3150
3884	134	7296
3258	134	10136
7992	9	2351
2677	134	7536
23029	134	8399
3222	134	2428
178	134	22869
5503	84	4754
3938	84	3626
23477	84	23950
9179	129	1347
10172	124	23358
6844	134	8106
3293	134	1744
21327	134	4606
24001	92	24154
7989	134	1618
2846	134	1417
9553	129	2153
3728	84	1401
465	84	22651
21057	134	22781
5340	84	7011
22722	98	3636
789	105	24069
1987	134	3273
24192	92	25138
1358	134	2876
22012	139	9299
7100	84	3959
21132	23	1401
353	134	6860
10341	134	5992
1643	92	4392
3782	107	23860
9803	99	1496
1689	84	1401
5916	134	3348
24250	134	23539
21738	134	2465
6022	134	1605
24523	31	8976
8104	79	10404
5256	134	2736
4820	84	23341
797	92	22583
6733	84	296
3065	84	9629
4559	134	1743
8127	134	3372
21660	134	713
23896	84	24763
22247	134	22525
603	134	25138
2411	121	2397
4910	134	9798
23469	84	3959
3844	134	7326
2918	36	3579
5689	134	3208
21415	134	432
24225	24	3189
4721	84	3636
5252	134	4125
21724	134	21508
4909	134	3273
5779	134	5995
248	134	1441
7158	84	6185
2258	84	1054
8292	107	3636
2089	134	22781
24980	134	8965
7240	84	6311
6693	84	8222
5090	79	3739
6471	134	5871
7816	134	95
5365	28	1397
9948	92	22525
9511	134	24499
8067	134	22407
8686	9	8282
23470	134	1928
5918	92	22903
24020	92	22474
4798	92	21539
987	124	21403
24	84	23950
2222	38	5158
9989	134	9615
24571	134	4133
24927	134	25244
21245	79	22065
10403	99	23950
4872	134	23539
10014	190	8314
5152	92	585
24379	24	9054
23120	134	22059
2169	43	23112
22534	134	5146
5838	5	924
2327	134	24634
1181	135	1309
3424	134	1576
8633	134	23298
227	23	9639
7521	11	24921
24650	134	9719
22528	107	23063
22712	22	21
214	134	504
23159	107	1054
8402	134	2778
881	24	7847
21547	134	2995
24316	134	95
7117	23	21898
1663	134	21650
8545	134	24624
6731	23	296
3692	134	4422
2102	134	6374
8935	134	8748
7991	172	4634
3678	134	2377
23743	84	8380
4642	139	1597
4597	134	5065
23986	52	22601
3573	134	2458
5806	24	6449
5624	134	22474
22297	24	1043
21293	134	6374
9670	134	24102
5990	123	8613
444	124	9494
706	134	8399
25248	134	644
6050	110	9338
2617	84	2371
2750	100	22157
8224	107	3959
23848	134	3273
24018	134	568
5676	134	95
7316	92	2608
23459	134	7604
23335	134	4883
21063	134	2320
2729	24	4493
10031	134	3180
2489	134	3575
1833	117	22024
10097	134	24624
9743	134	3965
22261	89	193
1322	134	4528
9177	43	473
1356	134	486
5263	134	21520
9921	134	10074
24850	134	1186
8159	134	10022
23303	134	7992
4895	134	21356
22063	92	1311
4768	134	22495
8588	79	3946
9063	166	9748
23754	134	3273
3597	134	8828
8541	134	4734
21700	134	8197
6467	134	2428
3035	134	1311
24830	84	2685
6945	134	2346
23243	134	3872
9919	134	3223
5167	107	2371
4986	25	8006
7741	24	8623
7260	92	22059
5367	84	5493
273	168	3393
7299	134	10371
24180	134	6994
10131	92	9135
4084	134	21039
21570	9	2727
652	84	23463
23962	24	5240
4158	153	24768
23604	84	1108
7779	84	4956
5035	70	3270
6989	134	21655
21303	27	1401
1667	134	23380
23712	92	5197
1415	134	2736
21668	134	23380
9625	134	8139
22830	9	24823
3040	129	997
6726	23	6454
2149	166	445
9156	84	6185
9125	134	4417
5341	134	8736
24143	79	22850
23891	92	6960
24843	134	585
9339	20	7611
7803	31	3193
24666	123	6792
24609	79	2052
2076	161	23126
9358	134	9684
1260	20	7611
22343	92	10136
22657	134	23913
5406	84	1401
2459	97	8927
10229	134	5888
22977	134	5224
21423	92	9532
891	134	3872
22289	43	448
8054	134	2458
6134	134	23831
10348	142	24266
8740	41	21083
7353	92	9786
8506	25	22344
5267	134	6442
8922	107	3636
10025	134	713
7661	134	22869
21195	166	2021
22629	84	23463
7632	24	2381
1427	43	6939
21338	84	2371
3762	84	10166
21863	134	9838
2713	134	8431
9503	134	3691
23139	134	23344
24731	92	21650
21755	134	3958
9160	134	3372
21455	134	504
5972	134	7052
1764	134	22407
6096	134	7492
597	107	10166
21600	43	7441
6902	84	4454
25346	134	22525
7538	107	22980
8413	84	9466
21314	123	2031
4042	134	25190
8792	134	5197
6010	84	8592
7539	134	3284
23066	134	22830
268	134	25138
3318	84	9748
24791	134	9719
552	124	487
6957	42	24241
22504	134	25244
8265	134	6374
8865	43	5380
23490	134	25487
23396	92	7151
5064	134	23179
24614	92	5068
22585	134	4528
22257	134	3180
8904	134	6639
1520	110	1997
9596	107	1051
7460	134	4992
7176	134	766
6821	84	1054
23228	134	585
8668	92	5845
24666	89	22517
23297	134	6994
3491	134	2970
5076	134	25390
23796	134	24881
4402	84	9466
3597	134	22584
24236	84	9527
5604	84	6915
3907	134	8071
24757	134	22234
21988	134	6745
10342	131	6817
22169	84	1401
9565	92	22461
21459	134	22059
22114	84	24931
708	114	5557
6142	43	21176
22015	84	1401
9534	43	21004
6828	84	1354
10413	39	5595
955	84	9748
23107	127	22305
247	134	21496
7020	107	3636
6466	134	3701
25099	134	439
2888	134	25287
6065	134	6442
2472	84	1054
2447	124	3518
2665	134	3223
6917	186	22569
6171	84	21330
4246	134	10072
22343	92	24431
8770	24	4419
3373	134	584
2287	134	1664
322	134	2203
5203	134	22057
7485	134	22407
7348	134	4282
2250	41	24401
21101	134	1417
2284	107	1496
10107	151	3331
1573	134	22234
9916	134	4606
2453	134	8297
25397	134	531
5451	134	5590
1838	129	9603
4994	124	9218
3451	134	614
7225	21	25246
21243	84	9350
139	92	1605
713	166	24390
5014	134	6860
870	134	24819
21951	134	3333
6776	134	22830
5287	119	2283
6719	79	8404
4159	134	9522
21896	134	3348
21964	9	1935
6912	84	296
21577	107	10166
3814	84	5671
8628	134	1664
7820	84	23990
23827	124	3598
24440	134	8687
260	134	9176
5919	134	10109
4239	134	4528
23760	84	9121
22608	86	25369
7883	107	7397
10215	92	21655
6773	139	2122
625	84	296
3686	134	5578
21755	134	95
25470	107	9748
5387	134	3691
4887	134	2876
1975	23	1138
19	134	7819
6990	47	22554
7238	89	25114
5847	134	23831
24571	134	25138
9117	134	8071
21447	79	25410
8211	134	22353
4058	92	23084
5209	134	22791
24182	134	23344
9459	134	95
10131	134	22791
25208	134	8078
2901	134	3180
4096	21	24517
10298	134	2465
4965	134	23394
8095	134	1744
3546	134	24499
3228	134	23111
24781	134	8828
2652	166	5699
854	121	22823
1412	92	8139
8969	134	21572
2411	121	22823
10117	84	5671
24768	164	4158
4874	23	5107
9777	84	5671
23557	161	23557
6292	84	2371
9240	134	7682
22227	134	2778
22672	134	9747
6491	134	504
6988	134	5992
25008	134	9847
2509	92	2320
22645	134	21796
1428	134	21650
8704	134	22830
9882	124	4314
21836	100	2197
7601	134	24624
3828	134	24624
3509	134	24819
21877	134	4528
9273	134	8297
24238	134	1774
7788	134	1705
1848	92	2149
3817	23	1401
7327	24	2289
10288	84	7011
25360	134	6745
22637	134	1441
1654	134	7536
21523	9	24528
6088	134	9065
2068	107	3705
8050	25	2225
21680	84	10166
5841	84	10094
3618	43	21253
4702	134	8387
24716	134	5888
488	134	8965
10223	109	3626
25192	166	5626
21561	134	5992
7573	134	23179
1713	134	5244
7181	134	6639
10028	92	5273
23548	134	10022
7168	89	25114
8578	134	9578
22471	67	7397
4133	166	1863
2760	84	23463
1988	134	63
5628	134	766
23819	166	7507
21632	134	24499
4641	84	7407
25459	92	1576
3720	194	22900
5812	134	7585
6201	134	21570
22670	134	8387
746	134	4896
22969	134	2458
2691	84	4634
9680	187	9680
3875	134	379
7537	123	24403
5814	84	7397
1048	124	23358
22285	134	1311
9591	134	9615
246	92	21572
6776	134	21268
7061	84	9748
10341	134	5227
28	134	2069
22694	134	24881
6553	84	5703
7265	134	3965
6045	134	24448
6219	166	9858
3882	134	3372
23208	112	2876
2235	134	585
4333	23	4200
7886	84	10249
21877	134	1744
3149	129	4482
23431	92	7325
5063	134	6226
4833	134	8297
22690	84	4956
3567	134	8106
24988	5	24082
3822	134	25495
8789	134	24624
3	89	1997
25066	24	1503
22341	134	3872
22971	134	7125
23486	166	3116
21173	134	5767
21794	107	10166
8293	134	8965
7849	134	2970
3481	134	9176
4518	84	1906
5857	134	25138
1935	134	432
1453	84	1402
8439	23	22601
6978	84	7924
24364	25	5848
4085	61	917
7185	134	3281
5719	134	8520
5026	97	4108
23598	134	9065
8949	23	3626
824	107	9350
608	134	21195
2279	79	8507
6912	84	22405
0	139	8246
7804	52	1401
21377	110	6143
21386	79	5412
21842	161	4649
1708	92	1256
24182	134	22059
4166	46	22378
3409	61	22813
21447	161	9920
1845	134	23298
23654	134	6994
5296	84	10166
5843	134	8077
23773	134	5845
6074	134	23261
23454	134	4417
9171	24	21740
25314	161	9087
6853	125	6185
22148	84	23463
8507	24	2279
4152	67	24364
22827	163	24767
7286	164	1904
8900	84	3543
24714	134	1417
9335	84	6737
22095	134	6374
2066	134	10136
1034	92	22583
9064	134	5220
22231	134	6374
2340	182	8532
9242	92	6800
23296	52	961
7968	84	23100
24913	151	21326
6627	134	1286
2998	134	4859
5134	92	23394
5813	134	9065
9411	23	3543
187	134	2876
23588	107	4454
10124	84	10166
21510	79	10342
9666	146	2550
5286	134	21570
24383	23	7143
8120	134	24448
8638	23	23751
9621	151	5819
4412	124	24847
22433	25	528
3135	47	22601
187	84	3959
8598	134	21944
5709	134	9615
21919	139	9859
3000	134	3872
5206	23	7314
23198	99	5554
8351	134	2465
510	134	21539
8214	166	9858
24857	134	531
4800	134	21912
8307	84	1051
8825	134	9532
543	153	8006
21252	134	9615
23333	114	1108
22415	92	24992
4520	134	2410
1122	124	7907
1251	107	10385
4015	134	5068
21597	84	3626
9735	134	6521
6154	134	24624
1653	134	21039
9708	92	3180
6254	134	25110
24544	134	9389
4760	134	1928
859	92	3958
8177	84	6157
2634	134	21944
24742	134	10051
2205	134	679
23598	134	22525
1955	134	22059
23268	134	2778
10411	165	21479
1614	24	21185
23399	134	3958
5924	70	1022
23530	134	2970
5614	84	9748
10211	134	2630
8216	134	9790
5849	84	1017
6770	79	6377
8847	134	23578
1780	84	23463
23082	92	10109
93	92	22461
5323	134	21912
10427	46	9372
23993	84	23463
5031	84	3636
4253	161	1888
24545	191	7143
6328	68	23990
7965	84	6185
25457	134	10371
21141	107	3626
23593	134	2369
6739	22	486
23688	84	23463
22908	84	7742
25127	79	7549
8392	154	1490
1340	79	8404
22240	134	7712
24956	92	22830
3234	134	6374
3885	134	4346
10493	134	2970
24026	134	4271
24254	84	2371
21498	38	23
4719	134	9065
23022	134	10109
24904	92	1991
24446	67	23950
5906	107	1054
9364	134	9615
5481	134	3316
8034	134	21496
22406	134	8297
2755	134	9952
7719	92	22791
23926	134	9719
3090	92	2970
23620	134	4896
1734	84	8380
4659	134	21570
8440	134	8071
4949	134	9838
21789	79	3539
4676	134	21912
6659	23	5671
9434	84	2371
4745	134	3372
8838	134	1365
5697	134	22034
23156	84	9748
6819	79	24251
198	134	2970
23679	92	9369
10360	107	10307
7017	84	23341
4340	134	25390
25235	134	9838
8776	107	2371
1689	134	9719
8224	84	3959
7871	68	3626
3173	134	142
21653	84	23990
3560	92	3343
24670	134	6219
8416	40	3091
6550	121	22823
22314	134	22830
5883	84	7397
21790	134	8297
8847	134	10136
6727	134	8828
4772	134	3958
3945	162	737
8784	134	4859
4982	134	3876
3334	92	8920
2108	134	5735
2023	134	10491
4453	67	21235
2014	134	1743
24020	84	1401
4474	134	5197
23907	189	6406
23871	134	7492
5606	134	2457
7380	107	8380
21107	134	9522
24737	205	9748
1834	134	24499
9485	84	7397
25226	84	3636
21886	134	22474
1643	92	22230
6328	68	1812
23926	84	23860
1844	134	5770
1127	134	152
23860	25	5848
6433	92	1037
1101	18	1054
21935	84	23341
638	134	8297
6429	134	6814
2438	205	261
23733	134	5224
3299	92	1537
9737	84	6185
1534	79	22871
3100	92	22230
4772	134	2778
4613	84	3636
25057	134	24848
9806	134	8488
23632	139	8365
9767	84	10166
21101	134	2572
23611	134	21570
10250	84	9629
21735	84	8151
5081	134	3958
2051	134	5971
9594	134	22869
2470	11	21467
21774	134	9838
23998	134	8387
1418	134	4917
9768	134	8154
4551	134	230
1383	84	4463
22891	134	3273
21776	134	9719
23658	134	9669
3960	107	9748
4536	134	2559
6528	134	4896
25024	134	2320
24077	123	4799
861	54	6785
623	134	3281
23285	43	23799
24000	134	25110
10050	146	21034
24662	134	25138
9892	134	95
24198	134	6639
9341	92	2652
24226	134	23765
2749	110	24644
8789	134	8030
7411	24	3645
9776	134	3273
2001	31	21681
22125	134	679
22441	107	9350
9902	134	9457
9868	134	3701
1902	134	6860
21430	22	3691
2336	134	679
993	134	5224
21909	134	7135
10466	134	2630
4537	134	4045
8864	134	3958
23513	92	1576
242	92	8387
10255	15	23028
6383	134	4339
7912	23	2328
8173	134	3372
3812	134	9615
23336	134	22235
3282	134	9492
6267	134	486
7331	123	8905
1324	193	23350
25208	134	24624
4140	23	22601
1097	134	24197
10329	205	8384
3813	134	3958
9194	134	22407
23649	134	23111
9506	134	3273
8969	134	6226
24688	134	9838
170	134	25487
8148	134	21539
3031	142	132
22195	134	7052
24642	31	8627
5482	134	5093
3719	134	2970
25168	134	7151
7362	84	10166
22502	134	9991
4169	134	5146
4652	84	1402
7616	24	7558
21383	24	24137
7784	107	23463
6320	134	1576
417	52	8384
2748	123	25048
9865	92	3776
5446	134	21964
23086	84	9350
24851	74	24449
4224	84	23950
23868	134	22407
22166	166	6261
22852	134	2778
7060	92	21539
6945	84	25332
25201	134	9847
59	92	24624
7226	134	7135
6244	84	4959
25147	124	4134
23421	84	6641
7143	153	21370
10065	84	2917
23857	24	7637
22433	25	3383
22035	134	8520
4089	164	2371
6739	137	7729
24144	134	9065
7794	92	5068
1070	134	2005
3671	134	8071
24492	52	22601
1209	92	22059
8690	134	24060
1912	134	23500
24246	134	24826
3855	84	1108
8801	134	2995
21900	123	6943
278	134	23441
6863	84	2685
22884	134	5995
3002	92	23047
387	134	21496
21863	134	22407
4226	134	2288
24864	31	10427
2545	134	7072
22715	134	152
3240	134	3223
10362	134	2022
7224	43	22979
3059	134	6814
9261	134	22461
23495	84	1017
198	134	22830
22074	134	6639
22675	134	432
22370	23	2353
22835	92	22057
372	134	10051
24309	179	737
6070	155	3970
25002	43	24093
6274	79	1503
22139	113	6247
3369	134	2778
5092	134	9522
9997	134	1234
23076	84	10166
4924	5	24082
3415	134	585
273	46	22457
22425	24	24663
25293	134	1234
6673	134	6639
2297	134	4111
24617	84	2739
7845	134	3872
1062	134	23266
24717	134	21655
3595	84	8204
1110	134	2630
25359	84	9748
24027	134	5244
7547	134	3776
21693	164	25492
25351	84	21898
8985	134	1797
2002	134	21912
503	40	6962
23586	92	24848
3562	107	7753
25330	107	22601
543	25	8006
23050	134	2320
22593	92	21039
21500	135	21235
23400	109	1079
4784	92	4028
23910	134	5197
4145	84	1401
5557	142	708
4919	134	3958
22107	134	8197
3784	84	23463
8942	134	4680
7995	134	2000
1281	84	7507
5314	134	3223
8082	107	958
8176	134	4111
9808	20	22345
23769	134	585
6241	134	8828
25391	134	7300
1742	134	568
4731	84	3636
24529	134	22972
10397	107	8380
4379	134	5068
6220	84	5703
1060	92	4028
6236	134	22034
1385	123	7913
24423	84	25156
9392	79	9976
22173	43	24636
3315	92	23887
25321	134	6442
21408	84	71
5203	134	24387
6433	92	23578
1825	99	23562
23391	92	1928
8644	31	5712
10456	28	7157
9560	134	10371
1471	134	2630
1209	92	585
4756	134	1186
24515	134	6800
4531	134	24819
3898	134	3180
21531	92	21912
7842	129	1997
6174	134	3273
5283	134	21539
9545	134	21650
21026	134	5888
22134	84	25185
23255	79	23535
24977	139	24960
5185	123	23841
4625	79	4142
3237	123	24636
23094	84	6356
7173	69	7544
6236	84	6185
3816	184	3807
5129	107	2371
5609	134	9719
21400	134	10051
1175	134	21692
4049	134	21572
4841	84	3626
174	84	35
2053	84	7011
7541	84	24817
22286	134	2995
857	134	4133
21851	134	5893
10333	92	4859
21806	92	10109
1730	134	95
229	134	21162
5397	134	21854
23053	92	1744
8082	24	1523
7077	134	22583
22824	134	2608
875	84	5671
107	73	4354
7107	153	7239
7525	134	4346
23356	134	22059
9014	134	4528
7387	134	95
8977	134	95
25408	184	7971
2333	151	1560
5167	84	1496
863	107	2088
22367	134	25222
24145	84	1379
8098	185	1397
5689	134	4422
24131	107	3605
4520	134	22235
4688	84	9748
4820	84	1017
24609	41	2052
4837	134	6324
24416	124	24774
9305	44	21917
6749	153	8512
8539	84	5703
7976	134	5244
8602	134	7296
21675	134	9798
21177	24	23358
7662	134	21699
6174	134	182
21714	134	10140
23947	134	3786
25440	172	9722
1656	134	24356
5719	134	504
1482	134	1576
5783	134	21523
7319	134	9798
21026	134	2970
6551	89	23932
1246	43	1468
2963	79	25249
7639	134	9952
23483	134	1744
362	23	3381
2460	185	5455
21352	134	3273
24906	134	3958
9272	84	6311
2551	134	3872
21205	40	8381
9089	107	71
21836	65	3785
22389	92	23380
253	134	10022
6558	134	24499
21033	134	9385
5302	84	22980
21444	134	5074
22647	134	9615
21423	92	21284
2019	92	9790
22959	107	23701
21238	134	5845
23050	92	3273
9470	92	1743
414	84	4634
429	134	2995
8405	134	25244
5799	12	2132
23263	134	8965
24240	107	3636
3663	76	3018
2787	134	8828
25408	42	3354
24444	134	21162
9764	134	21523
1104	23	2088
1462	134	7438
24367	92	8310
10286	84	22601
9853	89	24644
153	99	21235
21603	84	6311
925	168	3757
25430	134	21039
8793	23	23860
8549	134	22245
21445	107	9466
2615	134	24356
4278	84	6185
22083	84	2917
25477	24	9452
5035	112	3270
24305	24	3608
47	134	5068
25457	134	2736
2601	134	3776
22077	134	23578
9755	92	4896
8930	43	4296
6139	185	8656
3933	89	328
3310	134	2022
1101	136	764
2030	134	5423
5651	134	10022
589	134	585
9209	134	2000
5974	42	5798
3661	84	1401
21899	134	1991
4167	134	5648
21759	24	6093
2517	92	5871
7190	134	9061
7211	169	4690
21045	84	23463
1566	134	22230
7577	134	5770
9862	134	22461
6050	84	3636
23369	123	8294
7792	134	21796
3622	134	9522
25140	67	21843
7608	134	6958
24074	134	24908
3846	134	2005
4746	134	1931
7530	134	24408
712	139	21212
1766	164	8239
4029	134	2000
8333	134	3776
5002	134	23047
21191	134	6960
512	84	1079
24521	134	63
5303	25	9722
4228	101	9869
2220	92	5932
24127	134	2621
22589	92	22059
8960	134	9952
24517	79	3555
23525	134	21523
21038	5	10158
21198	9	23745
25245	109	9748
9005	134	4734
9668	134	24590
9031	134	4125
3839	134	2000
6211	84	1496
7216	134	21570
22514	124	1122
4861	134	3572
8111	123	4132
23902	119	22591
324	89	1597
25257	134	4883
24365	134	3575
3513	166	3589
6331	84	24642
3865	92	1311
5189	84	1496
985	134	443
9416	18	22980
21088	79	23103
4170	11	22092
24055	134	23295
4558	92	2320
3162	166	296
22577	134	398
8913	134	5224
8600	134	6228
21909	84	1401
10206	134	8154
6770	103	6185
7138	153	1881
7968	84	24364
1369	92	10108
9247	134	24881
22151	84	7397
3752	134	24826
2032	84	1904
9900	84	8062
788	24	430
1578	84	2371
7066	84	22601
24467	134	21854
3394	134	3432
23396	134	2243
10133	134	5212
7977	134	1774
1029	84	1108
21764	134	23680
21729	134	3691
24150	134	8310
3604	103	9233
5473	92	24908
4500	84	8204
9324	134	8920
2226	68	961
23682	134	3180
25105	107	3636
1293	134	7349
348	134	2149
10376	134	10022
21556	31	22695
23257	84	1054
8013	128	4228
7114	134	5845
22029	84	4956
1074	134	22583
7867	43	22722
9318	84	3605
24166	134	21692
7164	134	9957
10262	134	24826
8164	84	6185
4092	134	21508
21971	134	21523
8735	134	3408
2708	134	2584
10030	134	3343
7813	134	8746
2725	134	9061
7553	146	3277
24461	84	10094
22898	84	8011
9456	92	4076
9883	134	1931
2783	92	6228
3179	79	24286
7556	84	22601
22432	102	2983
23002	134	5068
10098	92	10045
25055	107	3626
24404	134	10430
3849	84	3959
22536	134	9385
3912	84	10166
21485	84	7753
938	84	1401
5855	157	23524
6520	134	23441
6677	134	9061
8229	134	24356
6989	134	5068
23327	89	7493
9925	134	1743
1370	161	7546
1405	134	22583
907	84	23811
5834	84	1108
25228	41	23128
9984	134	9219
2201	92	1911
10317	134	21650
1943	8	1438
7246	107	1496
3244	23	8708
7923	134	4271
2667	107	8084
24126	134	9609
9844	123	6455
1247	84	23463
6335	129	1997
8878	84	3626
24621	92	585
9167	107	2685
8938	134	5992
24654	134	585
8541	134	2572
7052	166	24364
690	134	9522
9403	18	2685
6271	134	21041
23204	134	2608
6286	107	25011
701	41	8404
507	123	1568
1377	38	9145
21888	134	2572
3456	92	2778
7437	134	8315
5001	52	22601
4472	134	3958
6787	107	9350
3869	205	23990
5047	84	1690
1210	134	486
21220	24	10139
21220	107	7397
9197	129	9250
15	161	676
25295	134	4076
6680	92	21520
22581	134	2970
23187	84	1401
10260	92	2876
22206	134	4575
2770	134	8071
25133	107	1400
22607	84	1496
187	134	7726
8453	134	10136
2418	134	22234
23225	162	1550
7230	134	25277
23154	134	1311
23658	134	24766
4522	92	2369
2503	134	1744
10177	107	2917
10123	23	3543
5500	84	4634
6782	134	5770
7548	84	21898
21280	164	8999
3886	97	22376
7838	134	5212
5214	185	3554
8594	107	7397
24516	92	2020
574	107	23463
21161	25	22344
2886	124	22875
5986	134	1744
1539	84	2685
2285	134	9615
385	134	10109
9070	31	375
1622	134	21567
23742	134	216
4668	79	10172
4611	134	6289
3198	166	2365
9616	134	8310
25357	84	23950
9076	134	6814
25169	107	3636
10189	92	182
5857	134	8828
254	134	10072
601	92	3872
5896	185	25316
21304	134	25390
1734	67	7286
562	92	1928
23521	84	2917
24981	135	492
8019	134	6958
23372	134	25277
10471	92	9747
3947	134	5227
23705	134	6226
8201	79	25140
10498	155	3970
9662	134	2458
7904	67	24549
22460	23	9206
4707	134	2346
9994	27	4754
1635	43	2589
8828	9	1504
8866	134	3408
22922	84	23463
25469	134	23578
25153	134	106
8188	134	22407
9237	84	1904
3104	84	8380
198	134	10136
7667	134	9442
2474	124	1526
5740	84	3959
1570	41	3032
1368	134	3958
5389	52	22601
4300	134	1278
6457	134	7492
23604	92	4575
5530	205	22980
10195	31	219
9260	107	9748
7299	84	9748
10218	97	8927
22610	134	1928
8341	134	6860
23012	134	9522
10230	134	4339
6373	23	24402
21385	134	2022
23556	43	4517
23677	84	1402
2908	134	8106
4618	134	1743
8058	134	23578
1510	134	7151
24581	134	5154
6456	52	1401
5859	134	23344
25253	202	2596
1937	134	24356
25133	79	2592
4294	134	24101
8677	134	443
25305	134	21650
6694	134	7438
8478	134	23047
4223	107	6311
6523	92	6324
9187	84	9748
833	134	9952
24378	134	1278
2577	134	8828
8803	92	4271
24121	84	23860
6459	134	9492
1098	84	162
4780	134	10308
6552	84	2371
563	134	679
7882	57	24505
3083	92	1117
22671	84	1930
21208	92	6639
5440	89	25114
24291	134	21039
6559	84	10255
2331	84	2371
2567	134	9389
21464	134	531
5454	84	6185
24870	134	5932
21965	134	8728
24302	84	8380
22585	84	3959
9189	107	8380
534	134	6240
8991	84	1401
7682	9	8620
24532	185	778
21950	134	23680
7385	134	2215
6718	107	24723
785	92	4575
8117	134	21166
4259	134	8387
4414	84	1401
24820	134	10430
3964	84	1681
2381	24	21383
134	24	2946
6105	134	7325
916	134	23624
1624	84	22601
4772	134	6228
1289	134	8207
21012	107	3636
2863	134	23578
24745	134	1286
23337	134	4578
6297	134	23344
641	134	7604
10339	22	25190
10134	134	9532
5617	84	9748
1502	134	24154
23386	107	1162
4711	134	4282
519	134	4076
300	134	23179
24944	134	432
24163	83	3091
8271	134	23859
7219	134	7682
24321	23	22601
23146	134	5423
21630	84	7397
5192	92	24766
7412	23	22601
23475	134	9065
23565	134	21940
6197	134	5971
5688	134	2022
928	24	23883
24013	70	24999
7314	113	7327
6262	134	1744
7289	123	3899
9096	131	781
9167	84	2685
10302	52	1966
8798	84	2685
6926	166	6101
8511	41	22528
23181	89	311
7177	23	3543
21597	84	3635
4739	24	7741
7623	92	3223
8023	166	25311
22402	164	25492
7832	134	7862
21845	92	23765
22158	92	6814
22231	134	10282
6757	164	3480
6509	134	9798
10047	67	23463
24274	84	4166
2023	134	5648
3288	84	7407
25469	134	6442
25454	134	3776
4024	92	5244
7756	134	24816
23674	92	23578
2675	134	2621
1399	75	8413
9911	134	9671
7620	84	3959
24373	134	7604
10141	134	4528
10225	134	5074
24304	84	22601
22993	134	4045
6360	84	2371
8041	185	21869
4742	142	21159
4747	134	4111
23945	89	2025
24517	124	4713
24940	84	3636
3373	84	23860
21459	134	5197
3120	151	6350
24804	134	766
7423	84	6185
315	134	2410
24437	134	6521
23711	134	22525
1253	131	4521
23672	157	3636
24416	124	7082
5975	134	7536
9228	24	3370
9093	6	24146
9368	134	2428
4639	84	23950
6984	92	1576
2897	134	7604
143	43	21437
25136	89	1997
22285	134	3273
7728	134	5992
2309	134	1441
23513	134	7862
3464	84	3636
25349	134	2320
5325	79	1456
9463	151	4579
10481	134	21848
8168	134	2149
22281	187	378
641	134	6226
1519	181	24203
1666	24	25246
24059	134	24448
6388	84	7011
4376	134	22340
7642	107	5520
5406	134	1576
3713	84	1363
2185	43	4805
4396	134	95
21977	84	6185
24142	92	3284
1311	9	2496
122	134	5197
9034	23	23860
4030	134	3372
2117	134	10474
1384	134	585
3586	146	8764
22523	92	8313
22056	84	23950
22155	10	7042
7894	205	1401
4670	92	23380
24894	92	24624
3712	134	6374
5505	134	4528
7601	84	7397
9485	107	7397
23586	84	7397
23045	134	23831
21936	134	21848
76	134	24060
4990	134	4585
110	84	1904
23015	84	1401
10417	43	23981
24540	84	23463
22855	25	9879
9096	36	22489
6068	134	644
21412	84	1904
22694	84	7397
3561	134	5212
8932	137	10019
5902	124	3015
5531	134	24989
2127	134	6324
4397	92	1278
24574	134	21964
828	134	3876
729	134	8197
23919	134	21796
22643	84	22274
23726	134	22235
24466	134	3432
25333	84	7282
4853	134	9522
24325	134	3572
7901	134	2215
8185	79	23984
10157	92	8431
1960	43	1035
25361	134	24814
8801	134	5074
9435	134	22584
8541	134	25222
318	134	3776
9435	134	10136
23041	84	24402
7278	134	5244
6305	134	21039
7929	43	9535
2744	134	2778
23234	84	4354
8849	134	95
21025	92	9790
8433	24	3923
8107	134	21912
3952	134	23831
24567	134	24499
2786	134	22235
3911	84	4158
22188	24	25375
23066	134	8728
1923	84	2739
5211	134	10051
10237	23	296
21031	79	2796
5479	84	7011
915	134	1576
965	134	22057
680	23	22274
21358	193	22794
21762	134	22583
23185	84	23463
21032	84	25160
8751	24	10171
9683	84	24402
6483	134	2215
589	134	5971
22924	134	8340
9019	84	2283
5491	92	9219
421	134	4282
9161	24	1600
6118	134	2970
25448	134	9061
3446	134	2572
8346	134	23027
5729	134	7135
6504	134	3223
22207	134	9389
8794	79	7335
594	134	8399
2477	134	10136
22618	134	7717
24616	134	22057
10188	22	22444
3814	134	23266
1288	129	8910
9098	134	5971
6768	134	23765
3671	134	8387
4394	84	4463
2503	134	23578
23924	22	22390
7151	9	23793
24026	134	22584
9329	23	9748
9812	134	9065
9576	123	3779
4010	134	9522
7606	84	1401
4802	25	9722
1390	134	9901
24597	189	24402
7707	41	6623
8460	134	21570
5486	172	2685
3560	134	24448
89	84	5581
7525	134	22235
3366	92	23047
6070	78	10498
8713	84	5634
8601	142	3803
2776	166	7818
2959	79	9487
21758	22	4417
1370	84	9748
6657	134	1234
1103	24	4450
22696	134	2776
7851	134	1744
5168	11	175
22039	123	22664
8825	134	2000
10112	134	2005
8557	134	24448
21283	134	9176
24735	134	5888
8124	84	3959
1759	134	22235
21329	134	1991
23337	134	23568
25366	194	22738
6702	84	296
23595	134	3074
9580	134	9952
10100	24	23618
10345	84	3626
24955	84	3959
5865	27	4200
3764	42	9530
3914	41	9198
7247	84	3636
160	67	1138
1026	166	3626
21224	77	6737
7743	84	5641
694	84	5703
23652	164	9380
7722	134	1278
22467	134	22235
1743	166	25160
3998	134	7536
22271	134	22057
9889	92	5197
4856	134	21519
3168	134	1664
22509	84	7314
22487	134	10074
2502	134	7151
3197	84	296
4973	134	25202
2642	135	2751
23575	191	23575
1865	134	24197
23245	32	23648
1669	134	8226
22426	24	5339
2968	54	22722
21023	134	2876
5594	92	95
5354	84	2371
23676	84	23463
5107	153	5444
6328	68	9639
25273	84	10166
1590	134	3958
22977	134	4111
21380	134	2288
1487	134	23831
10352	134	21520
7679	92	1605
23244	134	9786
24783	92	22059
775	43	4570
6578	134	8431
22926	134	5648
8964	84	3543
9489	134	585
3540	134	2776
8095	84	1401
873	134	8582
10484	134	10136
905	140	24921
21997	129	4632
21373	38	8004
7273	134	3513
940	134	25222
3740	185	23028
3865	134	2778
1901	134	6374
9838	166	22382
24079	134	1150
9237	134	2995
22022	22	3715
23862	43	1849
5256	134	24819
5296	134	9790
1469	134	766
22696	134	23441
6078	107	23950
21262	83	6541
949	89	25114
8426	23	22601
900	84	296
23051	23	23950
338	84	23463
9510	134	1576
24019	92	2346
7926	84	24723
21019	22	825
9181	89	21836
8366	134	9065
9057	135	4754
2803	134	2022
21627	107	9748
24694	84	5671
7555	134	1576
21610	22	404
22755	134	24814
2258	84	10166
7581	123	4759
9028	134	63
21260	21	21233
1718	166	3626
21319	79	3729
22926	134	8106
5137	84	3626
25346	134	5770
24026	92	23578
6790	134	21572
22381	134	4606
10149	134	23539
3004	134	1744
8583	23	296
6343	134	8360
8	125	6454
21911	92	3786
8167	107	6185
9277	134	3786
23268	134	3281
6443	117	3984
23746	117	22024
5086	84	1650
21553	22	21650
9526	107	1297
6080	24	8894
2601	134	21572
8241	134	8488
7002	134	6960
5727	134	1743
1278	9	4933
2189	134	21650
6162	134	8139
7894	79	24148
4932	92	23344
5248	134	8920
4190	134	3281
396	134	182
889	134	6226
3274	97	22472
24187	24	10335
24135	134	544
4329	24	6849
22498	24	6717
21818	134	4575
22832	67	2685
2611	134	22059
10488	84	23990
1449	134	4896
4612	134	2572
1678	123	2714
8517	139	96
1354	23	3626
1058	84	4634
5527	84	1496
6064	134	25287
25316	28	21235
4705	24	10384
6763	134	21912
6945	134	1664
24596	79	22136
22886	134	22407
8348	134	22940
5675	73	7924
235	92	3180
23722	134	2203
21887	134	23568
4928	84	3543
8152	134	8207
23591	134	25138
133	134	4205
3711	134	7125
21771	166	9748
10240	134	3180
5033	18	4454
8120	134	4282
390	202	22980
24829	134	10140
4263	134	4441
22677	134	6814
23408	134	4028
10404	79	3220
4351	134	2346
3099	139	3710
3694	134	25222
24572	134	10074
832	84	23463
1934	134	3180
3416	134	4992
21992	92	21944
22093	121	22823
3970	23	8380
1024	38	2987
4280	134	2000
6708	99	9748
10021	134	21570
62	84	21843
9352	84	9350
9025	134	6374
7923	134	7604
1967	134	2876
6643	23	1401
3245	107	10166
8647	134	10474
3923	161	8433
6993	92	24448
6546	134	8920
6003	18	7561
22072	134	1026
3521	134	2819
10120	123	24910
7906	134	3958
8312	107	7397
10189	92	5845
21629	191	9083
25075	117	25114
183	84	1108
22120	134	1286
9455	134	3776
9492	9	24267
21394	134	2377
21259	134	8297
24131	107	23950
22934	134	3776
4499	142	388
1995	134	23607
535	134	2876
5570	134	9952
9283	134	8965
10044	134	2876
1767	134	95
23776	79	3279
2480	79	7808
24283	134	3273
4352	84	9748
1135	84	22601
23907	185	8515
5385	134	2410
3527	134	3994
9679	51	924
9017	52	22601
1317	84	1138
522	182	21740
2512	134	2876
24229	134	9385
24947	134	8488
2293	134	21195
6248	134	2322
1663	84	3626
1628	92	1278
5591	134	22525
4167	84	3959
21093	92	22057
483	134	1234
23122	134	22461
21965	134	22230
7270	84	2739
9484	134	21523
1456	79	7694
7409	134	4734
3596	22	142
25125	11	7187
22581	134	8387
24084	25	1401
21150	134	1278
8	184	3536
5396	134	9176
10333	134	1311
8447	134	21523
4135	134	502
21856	134	9798
3972	134	6324
23981	89	2852
1330	124	9241
24474	134	6462
2849	134	23578
2050	88	1138
3483	92	568
3083	134	23344
23452	134	8106
23449	134	24448
3009	134	22461
9428	134	443
9265	131	9231
10480	134	8746
23549	51	4924
24336	107	296
24245	123	23442
7876	84	9748
4183	107	296
5790	134	2572
21694	92	21162
7820	134	23280
23194	52	3308
28	134	8920
380	205	2552
634	134	3273
21107	134	24115
6348	23	22601
9276	84	22601
23012	134	25495
4783	84	24402
5420	51	24082
2082	164	7377
24859	43	9127
1754	134	1278
6617	84	6915
3194	41	23557
4764	92	21570
23136	134	216
9794	23	22601
6519	92	7570
24683	185	172
5808	79	25109
3860	84	9479
1299	134	10430
9292	41	21867
8443	134	23913
8209	36	25455
23813	134	7054
24302	134	24848
21099	92	23831
8167	84	6185
705	43	4424
24068	202	8239
3052	134	21655
21071	23	23463
25334	134	1311
3931	134	3965
21237	107	23463
22581	134	23765
7167	21	24195
21784	84	1401
9517	134	9615
24497	134	9065
5335	12	2132
5275	134	486
24744	134	8431
8209	36	9198
4904	134	9671
2564	92	10051
3969	134	443
6256	84	4365
25431	134	1743
3643	134	21120
21158	92	24211
4041	134	21570
8616	134	1117
23053	84	21132
8827	103	7397
1214	89	2852
5595	134	7831
1098	107	162
5964	134	63
4913	142	22398
2784	134	9236
6245	75	2554
3205	68	7397
23825	134	9065
9866	134	5735
9981	84	9214
4073	166	24763
1617	84	2685
961	113	6895
23996	79	25246
22639	129	21836
3759	134	21650
3385	142	5124
1924	134	186
24277	134	21520
4339	166	550
22130	134	8828
3443	12	764
21732	107	7458
10272	92	4282
25289	134	3074
1702	134	142
2061	84	25311
5657	84	5671
2132	12	764
21735	134	7438
5964	134	22583
25020	23	296
24427	23	22980
2019	107	1401
23537	107	1054
25208	134	23344
24878	92	432
23698	134	2162
5615	134	21854
1524	134	5074
3094	134	10474
9604	134	22057
1667	134	25495
5067	134	6860
4480	142	6715
2201	92	585
7598	129	7493
23460	92	21655
1648	43	4598
7854	155	7366
1756	43	688
3455	134	6800
7900	107	5124
5387	134	8125
5451	134	2970
21352	84	1401
1422	92	1774
24748	84	2685
23789	134	4734
23043	24	9651
8094	134	1417
25327	107	23463
21970	134	6228
6380	134	95
9442	166	9359
5148	134	4528
1987	134	25110
9437	23	22601
7477	134	3575
21216	84	1402
1633	92	8728
2651	92	22584
24866	134	3575
8338	79	6334
3179	24	10171
23888	107	1906
22102	84	961
7934	11	7493
21538	134	24590
10408	92	1928
23115	109	3636
3844	134	10090
8983	134	2000
23906	134	398
23733	134	23344
22742	134	22836
23898	134	22830
24392	134	4205
22561	23	22601
9112	134	1931
10257	84	23950
23366	84	23463
117	84	1401
5310	134	22490
21979	84	10195
7909	92	9786
21844	23	22601
23010	134	24624
21756	134	21854
24259	84	296
10152	187	21760
24081	134	23261
21182	134	5845
5659	84	6737
10197	129	1997
397	134	3273
6874	169	22177
5303	11	376
23571	138	10166
980	134	4282
23447	134	2322
9004	84	10195
9297	134	9404
1476	134	6958
24244	134	2572
1251	79	23517
2749	139	24644
23128	41	22102
4352	134	3786
21956	125	10094
5318	84	3636
22196	84	4158
24902	38	21513
22456	134	6114
2766	134	21572
6660	24	2211
334	89	2209
950	134	22622
8754	84	7397
367	134	4807
22360	92	6324
24069	101	1560
4607	124	24041
24923	84	1904
7075	134	4896
23548	134	5992
9831	161	21931
2669	84	22601
9405	134	8387
9317	134	25390
24090	134	4807
3609	75	2280
25417	161	22481
6370	84	8679
10241	38	7166
4203	134	4111
22208	123	7365
9608	140	9004
378	107	6454
24217	134	24352
5508	129	2979
21955	134	9719
1561	95	7329
24543	31	3253
851	134	21539
23130	84	25336
7475	84	9479
23707	134	21854
2797	84	23463
4047	92	24702
8949	82	1917
25099	134	5383
8333	84	2685
4540	24	8539
21921	47	1401
4818	202	23389
6123	52	1966
3807	202	7397
24821	134	713
5532	134	106
1946	134	2621
7626	134	24766
6022	84	296
23666	92	4698
865	84	1051
9646	134	25138
24286	79	567
9564	134	21854
22237	61	24863
9195	161	9487
25378	92	22461
5522	84	1401
8136	134	1576
23382	84	9950
6055	144	22554
22989	134	2410
2148	129	2979
21726	134	22584
1522	123	21404
8936	134	8297
24827	182	380
4101	134	23607
25392	8	21939
1100	185	24697
9268	134	9442
8191	129	4063
22696	92	3513
1241	134	3965
10417	89	2852
22080	84	1401
5997	134	5227
24741	134	4896
9899	129	8910
3340	84	4634
6622	134	5068
2665	134	7712
5748	134	10136
812	134	1928
6190	84	9748
5596	92	22584
22774	134	95
23341	23	1017
4909	134	2608
6396	92	4282
9773	99	4275
22414	134	3958
21047	134	2970
9257	134	6639
2400	134	23266
3117	134	443
8671	134	2215
24636	123	22173
10345	92	9219
7679	134	2020
24126	84	21028
4233	134	24826
10160	92	23765
25044	134	443
6933	153	3693
10493	92	432
25437	107	1401
5704	79	5592
1760	134	6442
2117	84	10255
591	134	10109
1985	92	25495
1302	134	23280
2122	139	9630
24357	84	4634
9844	90	1244
179	134	713
884	134	2410
4790	84	6185
849	92	6960
9281	134	5648
22665	48	5077
335	125	6454
1847	107	23463
4778	134	8920
21769	23	6803
6232	134	2215
23429	134	10022
9211	121	22823
3396	161	1801
4621	84	23100
7546	107	9753
8843	107	7507
1412	107	1904
46	134	9522
9393	134	21356
3294	92	9389
2445	185	22508
1389	134	23047
25437	134	4271
5181	151	1560
4924	75	924
6483	134	379
5745	134	9522
8062	73	1079
8384	25	10499
21032	134	22490
22336	50	7274
8659	129	2332
5670	84	1401
1700	166	8101
3621	22	21527
2653	134	5244
8251	134	10109
403	134	215
5616	134	24499
22741	134	8494
25269	84	1004
2546	84	22601
23149	134	568
6425	134	22830
9559	134	22869
24427	149	24622
2651	92	21570
21157	134	25222
8734	166	8401
21502	134	1576
4619	107	3636
1852	84	21499
3877	43	5835
23937	134	24555
1068	134	21356
5796	79	10113
22033	79	8894
4051	134	276
2639	134	3965
7743	92	24848
964	134	24448
24191	134	3223
1467	134	6778
8735	134	5074
2037	130	9558
1487	134	4575
371	134	5065
22272	107	4365
8978	134	6442
24073	92	9522
10030	134	24153
7227	134	9719
8180	23	9748
24170	92	2000
22352	124	22888
1218	79	25455
25358	134	5062
24590	9	1668
7122	84	25311
5973	123	8161
23979	110	21377
3634	134	22059
1169	84	1051
4415	134	5888
6346	58	5588
5468	179	6381
69	134	2000
22222	134	5735
23619	79	21482
6998	134	9719
23973	146	5118
21114	84	4158
7035	84	23990
6430	134	3223
7749	134	1278
6980	134	3691
2074	92	292
7845	134	1537
22669	134	22791
24025	27	22601
23425	134	2000
189	109	25160
1608	134	25277
22472	21	23784
21317	134	2778
8568	134	2000
6271	134	23084
2031	43	21314
5159	92	6639
7078	146	4890
9933	134	182
7528	134	5227
7175	107	296
24513	134	9798
9169	134	1286
23865	134	6814
7204	92	24356
1407	134	24590
9044	134	3994
5156	134	9790
4093	135	4200
2360	134	8920
7008	134	22490
1947	134	5932
25092	97	24212
1155	134	3691
21242	134	63
3352	107	10195
6591	107	8380
22435	129	8335
3890	134	23344
23469	84	23463
2584	166	3626
3823	134	5735
21790	134	443
21697	112	21796
23948	18	22980
4427	134	3208
5880	134	21854
10251	84	7397
8233	84	24723
23588	131	9231
4141	142	25126
2813	107	9467
8992	134	5273
5524	134	504
10035	134	2621
9272	92	3965
24852	162	22055
4466	134	25495
7413	107	8380
9581	134	1928
8808	134	5068
9130	25	9722
9417	23	22601
3492	134	8687
21908	166	559
24941	134	22622
23265	92	1743
4916	134	6289
2623	151	3045
21219	84	9350
5236	134	3180
5431	41	7612
9709	134	1911
6221	84	1496
25357	134	24431
2700	134	21505
22675	134	7492
2913	24	1185
1437	134	142
5875	89	21836
2361	92	23578
21363	110	1597
8298	110	7967
23755	134	23295
2227	134	24356
7074	134	3958
3904	134	502
21999	84	39
7511	134	2282
22323	11	8517
5912	134	22059
23200	134	5648
9804	84	7397
832	134	8746
22899	134	1234
1703	92	1026
4533	134	9532
8262	134	2410
4709	134	4896
4531	134	6639
24432	134	3223
22454	134	5888
5411	79	23996
8776	84	4956
684	134	9798
3459	134	3575
824	84	9350
24267	134	22059
23904	134	9385
1549	134	1576
24350	164	23990
3788	43	1277
3068	84	10166
3301	134	3074
4820	134	3074
25105	84	9021
2587	79	23922
63	9	3380
21939	23	1138
6523	134	7135
10321	79	5858
24577	129	23632
10446	134	5197
22647	134	5971
8986	134	22057
1939	84	2917
3462	134	22583
5238	134	24197
9968	84	7397
4866	134	21523
1285	134	24901
3466	154	3466
5609	134	766
9572	84	2371
9809	107	7143
10118	134	6374
1474	134	21848
6975	134	3333
21168	84	4454
4006	134	4992
6982	92	5212
22795	84	7314
779	134	6226
5184	134	21912
21691	92	95
2747	84	22929
22503	84	1054
23301	134	9063
8926	23	2371
8496	201	683
1567	134	7492
2318	92	7682
3055	84	22601
5809	134	1311
6058	134	21912
1271	99	1054
24203	12	1794
4717	134	10051
25096	134	24826
6939	123	1427
22492	65	10300
3809	172	9748
21966	11	9648
6026	134	23344
22363	84	3830
3242	134	7326
25225	134	3208
10473	134	6226
5836	43	3503
2250	79	5129
7374	92	5224
7186	97	553
23623	134	8635
6385	134	7135
22307	134	2162
24293	134	21539
8326	134	2143
1763	134	24356
9469	92	585
24690	134	22683
5258	134	4299
22220	134	23131
832	134	25106
5813	134	2778
3164	129	4063
23132	92	8071
2546	134	5068
8502	84	4634
8865	89	25114
3377	134	22230
21186	23	5565
3183	84	7407
5263	134	2876
3360	134	9492
10122	124	4870
9627	84	7011
24829	134	10051
22113	92	6228
24751	134	7326
10352	134	584
993	134	24101
9687	134	2000
8476	134	3180
22807	134	22779
8756	84	10166
2909	134	24908
2444	92	3372
7185	134	9065
19	134	2346
22268	134	21519
10165	9	23329
24611	79	4771
8450	92	22057
5106	134	2000
5304	134	21162
25011	23	9748
1484	134	23047
25044	134	21039
4323	146	3005
7782	84	21226
1240	134	8488
23651	84	1401
24075	134	25110
7828	134	8920
25161	92	7585
2301	79	9562
2851	134	25110
2560	134	9532
2333	146	24407
23566	124	8535
650	134	24431
5806	205	24931
9029	92	22584
292	9	22314
4429	134	95
5815	134	23394
1219	134	22539
1058	92	22245
4983	134	21964
2954	84	4365
5437	24	130
7055	99	5671
21015	134	6521
23947	134	24356
2137	21	2319
9923	134	3994
21066	134	2288
5344	84	3626
10328	84	9350
321	92	9952
9798	9	3992
4311	134	9532
1320	134	3343
24079	134	8494
23858	134	3958
29	134	5224
24200	134	25138
9333	134	7135
9455	84	6311
3579	41	701
6012	112	25072
3251	134	2410
24383	125	1904
24559	84	296
4830	92	2000
24191	134	180
6516	38	21986
9589	134	9532
7487	134	22693
8737	31	5109
22168	134	3513
23475	134	3273
2237	134	9952
9295	92	22353
5392	163	22055
21625	84	24402
2173	134	24660
5865	27	6185
24142	92	4
10317	92	24499
7274	84	107
6959	84	2685
25245	23	9748
21851	84	1401
21321	134	7862
10471	92	9669
1560	84	3636
9104	92	23765
5072	134	2020
23159	67	10166
22538	92	5971
4020	13	25120
4951	43	21404
5921	92	6778
24442	92	21284
3090	92	5590
958	113	1523
7724	134	2736
6615	67	7397
3294	134	5845
6425	92	5244
2672	162	22522
21782	134	10109
25372	24	8740
21501	134	766
24359	134	4680
23988	134	1664
4909	92	8488
145	134	23831
21158	134	8106
7227	134	9790
591	134	2778
2580	134	142
22014	134	585
25193	92	24989
7910	134	21655
6099	134	10491
1482	134	8965
25403	107	10166
7503	124	10353
24574	134	2736
3407	134	10370
6182	134	4883
9777	134	23266
22962	134	6228
3453	134	24908
7195	92	6226
21383	24	9198
22671	18	1930
4217	134	22869
7393	134	23539
114	107	9748
3441	22	25495
24649	134	1928
9908	134	9790
6572	84	23860
4207	22	9786
4260	134	10051
23759	134	5735
25397	134	23765
8311	38	6714
8004	31	21373
24904	84	3626
7814	84	71
5536	11	22854
10100	79	22766
74	134	21356
25285	79	9292
10265	134	4528
7993	84	3959
22802	107	1138
7515	131	1136
24934	134	7536
7947	24	8302
24900	134	24918
6578	134	9061
4999	24	3311
10049	134	10051
107	25	5848
5072	134	486
10086	134	23111
1463	134	23831
9462	5	22148
6346	17	5588
23236	134	22830
4762	129	22898
2998	84	10094
24654	134	22525
4580	79	21685
2769	139	3344
2117	134	21655
23543	134	679
8586	134	9790
6925	134	5578
7410	84	2685
7824	51	4924
21681	38	23038
1498	79	6669
24777	23	2668
24187	124	10335
8306	92	2995
22058	134	6814
6350	84	3636
5636	129	2209
2728	134	8431
10265	134	502
6323	134	9065
10176	79	7418
23512	134	2465
23342	92	6226
5567	23	24364
110	134	21944
6567	151	21467
7515	79	9392
2684	134	4495
2216	134	9907
24970	84	9748
1418	134	9492
8708	25	5848
22207	134	6289
8183	135	5225
23751	153	4208
24867	84	4634
8839	134	21570
22756	129	24713
22240	134	5423
4965	84	22081
318	134	23089
2636	134	63
3671	134	3432
10369	107	22980
9313	67	4956
10037	134	7325
1296	79	1704
6980	134	5648
7689	134	10430
594	134	3691
23835	92	5212
5510	202	8050
80	134	21039
21501	134	95
1852	107	7397
23197	134	3007
23611	84	6185
7972	123	9000
22101	134	2203
2081	134	22235
21348	134	2530
9073	25	22344
2250	103	2371
4220	134	9385
5572	43	10357
1295	129	311
8640	92	24211
9994	27	7742
4941	134	8965
3252	134	2621
21594	5	10158
9421	134	22340
2826	134	8828
23858	92	5992
22511	92	4133
8406	43	7442
1	92	8244
24635	134	23084
10452	134	8488
22595	92	22230
7604	9	23459
516	31	24925
24442	92	4992
22512	43	6282
7041	25	2225
230	166	6185
24891	134	9532
23514	89	25114
6246	134	7325
8934	84	1904
8438	134	614
4070	84	1904
2813	24	8217
5812	84	3959
1376	164	7140
25001	134	5062
24522	107	10255
5753	52	22601
24878	92	10136
882	92	22059
24142	134	7862
4769	123	22359
552	79	21239
5744	5	24082
9071	134	22234
21084	134	3273
9465	43	22260
8440	134	22683
25134	25	3383
6899	134	9219
24731	92	2544
5919	134	9798
5616	134	2215
21858	98	2668
21026	92	7145
21344	134	23831
4166	46	6612
24176	134	8226
24327	84	8793
24301	23	9748
24305	79	10194
237	134	21796
24822	134	10308
21630	134	7135
7952	84	23463
2389	24	7889
822	84	23811
25386	134	24881
21828	84	9748
2055	134	9532
10429	134	9719
2942	134	24634
24567	134	5578
21290	107	24784
3627	134	2621
6455	43	9844
5701	34	24203
4482	110	3966
23944	134	22059
22344	164	22601
5488	181	751
2667	84	2328
25451	67	8380
2671	89	2209
4673	34	764
4969	134	4734
24349	134	24881
1137	23	5671
8813	84	39
1294	134	2970
24310	134	766
5048	134	2320
4730	84	71
23194	20	492
6016	134	2995
22228	43	8191
10326	134	24814
23858	107	1401
7163	134	6958
5934	107	24723
7058	134	5888
8722	166	24436
2808	134	4606
1945	89	3344
6376	134	4271
8744	134	3958
6367	23	1697
9849	139	2209
25488	134	21572
24795	84	22980
22647	84	1401
3560	134	9789
10225	134	9065
5453	134	6289
8742	11	8279
5092	134	3223
3630	92	4896
650	134	22869
2119	124	21346
10374	146	22469
6209	202	22601
8396	24	2125
22855	121	22823
23998	134	5423
2038	134	21039
10375	134	23765
5943	92	21941
5795	84	22274
7206	84	24402
1904	25	528
25333	134	9063
7469	92	9385
10494	84	8708
3125	134	22447
235	107	3959
6253	92	23261
3502	92	10430
974	84	5671
5410	23	1138
8264	107	23463
685	84	23953
5258	134	7466
8275	84	23245
4026	79	21346
1170	52	1401
7849	92	1186
23569	134	1928
8098	202	1401
1528	134	6228
25239	134	9522
9595	129	997
8014	24	5662
741	134	25138
3854	134	10136
9091	84	3959
4235	134	22584
22018	134	3180
23497	84	21843
23809	134	24104
22264	134	4575
24737	205	22554
6979	84	7317
5719	134	4422
22777	40	22155
21941	166	9748
2369	166	9558
924	5	2602
401	134	1744
1025	134	6228
288	134	5197
2791	92	7325
22821	134	805
7757	134	1928
8266	18	3626
1357	107	1363
1876	114	24668
1871	134	1311
10424	191	25232
2149	166	9350
8015	134	24826
6430	84	1904
3897	134	2458
23466	23	1138
3845	134	10051
9490	124	8185
329	83	8664
1825	22	8030
24079	134	22584
8623	24	7541
4321	67	296
4088	107	22274
24232	134	6639
22597	79	7154
21151	134	5770
201	134	10140
3405	134	22059
24626	23	8951
1475	134	276
8945	84	9748
25248	134	22059
9459	134	7604
151	134	1664
23809	134	5992
6673	134	22584
607	23	1400
3761	79	1607
1878	84	1401
6036	129	5165
3242	84	2371
1274	134	1186
74	84	9479
2119	79	4828
8501	89	9953
7073	23	22980
1703	134	7399
6195	134	6860
4192	134	2020
10277	134	24826
681	134	2428
7526	134	4111
10187	25	8006
6560	142	1930
9675	134	9615
7510	134	585
5060	134	9838
10101	84	2371
4684	40	22703
2111	84	5671
6120	134	21539
4077	134	23578
6158	92	2621
6891	134	21650
22610	107	21132
7863	129	22144
5601	134	3432
5204	134	22583
7808	205	9748
21569	84	296
338	134	7726
1906	25	8006
6796	84	3959
8670	92	2458
8963	134	6797
4842	134	6814
1394	134	7536
5319	134	22057
25261	134	5590
9971	92	2446
21361	134	2320
6514	92	2970
4846	70	230
22075	92	502
2920	134	10051
5930	134	23568
92	134	21195
4069	84	7407
3986	84	22601
471	134	23266
22171	134	21162
2484	84	23860
25061	181	6231
24497	134	22234
23953	23	7314
4555	134	5146
22661	84	2739
1506	134	3372
222	134	7135
8959	157	7143
3575	166	24758
10254	121	2397
7374	134	5224
6764	84	22907
9582	143	22746
23331	134	24356
22632	84	6311
5552	134	3180
21148	146	25278
25063	24	1517
21718	201	22514
1425	27	4754
1280	92	21848
10235	84	699
9723	134	23578
21593	134	5154
24008	134	4133
10107	129	25303
7036	134	24356
23702	84	3959
9874	134	8488
10497	99	7397
8522	134	2162
7047	202	9748
2874	134	3372
8758	134	8297
23143	134	9176
2862	84	5671
24144	134	3575
7691	134	1743
10405	43	8411
1310	134	3691
21899	84	2917
355	92	22584
6187	84	9748
4133	9	601
1590	134	22407
2349	52	22601
24370	134	4992
862	134	786
23749	58	2839
22160	140	24423
1841	89	5855
1968	134	3432
8147	134	9719
5701	62	7771
5317	134	2736
25348	134	2020
23550	134	25138
7531	92	9471
22831	134	2322
9198	79	21383
2951	134	21912
5004	22	1234
9694	134	24826
23531	134	7151
9590	107	2917
3326	134	3372
4661	134	10491
8914	24	4638
7279	134	2776
8365	157	2283
24735	134	9065
21895	134	21650
8210	134	8399
3883	6	6151
8258	134	5244
768	134	24590
5108	107	9467
8825	84	1401
1583	124	22731
10494	84	9467
25207	134	10090
652	134	23261
23371	23	9748
1599	84	2668
7319	134	9952
2442	99	7397
22705	166	23463
1974	134	1037
1364	134	9671
23396	92	22230
6683	134	2876
7679	92	22340
272	92	23831
10248	134	10072
310	134	22235
7598	90	7493
5201	172	23990
7488	134	23831
8575	134	6324
2988	134	2410
22347	70	10474
863	79	4391
24564	134	2320
21364	84	1401
9043	134	2970
2882	23	1904
23437	92	21120
21463	134	23578
6218	92	25110
8443	84	4166
8695	134	9176
3129	134	584
23483	134	8297
23801	107	1906
4668	124	21177
25098	134	22059
9240	134	8431
5340	134	24989
2209	139	6143
9670	84	22405
9118	202	2685
616	134	2288
7019	134	9952
525	92	24881
6319	123	6126
1163	134	443
8503	134	10294
22558	93	24610
22085	161	4816
25447	107	7880
10037	92	7325
1251	84	1400
3113	134	21572
22482	134	24154
2246	107	1054
2745	134	692
8957	134	2005
21042	134	23027
23599	2	1966
7359	84	3959
24270	43	3159
484	24	4828
2213	12	1794
3976	134	4589
5791	134	8748
5352	84	23463
8182	134	9719
7355	57	1182
23030	52	22601
2144	134	21120
4614	134	6521
23434	134	8297
10160	134	4680
23263	84	7140
24002	84	9639
10199	134	2162
1388	134	1576
4540	84	5703
4945	139	25210
21720	134	9532
2378	134	9957
7594	200	21224
7424	107	2328
6575	134	24381
24260	79	1745
9612	31	5696
2228	107	21073
5461	205	9748
1567	134	25277
7760	107	1401
3303	134	4282
21180	134	5695
3834	24	22883
5762	11	9667
6302	134	1278
6665	79	25164
23789	134	9522
10162	43	3098
24838	134	1417
21137	84	10255
1703	134	8835
9876	134	2995
7409	134	7466
8857	134	5932
22611	110	826
5352	134	7781
1495	79	24994
8978	134	3333
9423	92	2530
5693	185	4304
23325	84	3605
25088	134	504
1832	134	63
6068	134	4111
25013	134	10414
22137	67	3626
2063	134	7072
22162	134	23539
1127	134	4133
464	134	644
3628	67	6454
24977	110	24960
5194	84	9350
6758	134	22474
1584	151	24673
23472	134	5093
22886	134	22474
10443	134	6814
5694	134	4271
7759	134	22234
6260	166	7407
9427	25	8006
4853	134	9669
4931	134	180
22602	134	4422
22842	164	22554
22516	84	5671
22251	43	212
24535	92	2876
4707	134	24590
2743	24	5825
9920	124	21661
6286	134	10051
732	84	9350
920	134	8226
1699	134	9798
22308	134	5971
3769	84	6185
22604	57	3713
24908	9	3949
21572	9	24184
24225	107	24723
7261	134	10136
4502	24	621
1442	107	3636
3922	134	4111
3477	134	7492
10167	38	769
6404	67	4634
2691	92	25190
904	134	9786
1864	134	21284
22129	84	107
9868	134	23131
10498	18	8380
5013	134	4528
3535	107	1054
7293	123	2538
3728	134	21520
5060	134	9790
25329	24	23688
1633	92	504
3345	107	1900
8842	134	2776
24510	92	3958
5868	134	22057
423	134	9719
8975	84	3705
22945	67	23950
23938	92	21469
1074	134	23380
3327	161	4330
277	134	6521
985	134	24624
22205	24	24778
5194	107	21898
1749	134	6462
7078	129	22559
21813	70	2286
24745	84	21436
6880	134	24826
4872	134	4898
6397	134	8077
9121	31	5191
3882	92	7492
21331	134	8042
343	84	23950
21165	134	5735
3754	134	4528
8972	134	9952
21376	92	1931
2708	134	1991
7873	191	10166
24287	27	22601
3601	134	23539
23630	79	4561
5159	92	23266
3323	157	9021
8882	51	10158
10193	61	6932
22486	84	9467
4179	6	24146
22154	84	7140
5817	134	2458
24998	134	6958
4684	51	2625
21747	202	22601
1452	134	10430
25381	134	1991
7971	185	25408
254	84	23860
4281	92	3958
23492	134	7570
5846	92	3223
4661	134	8399
5495	134	2320
6781	84	2371
21174	134	22407
22923	134	6228
10393	134	3599
850	134	8340
3971	84	10166
9766	92	2000
9108	20	2707
4406	134	3786
22209	84	2685
1614	79	23102
8880	107	3636
2787	134	7536
6013	24	9096
8834	134	1576
6750	134	24989
6206	89	25237
23095	134	2970
23682	92	24848
317	98	3636
23023	84	2668
21806	134	8226
7283	134	22869
3686	134	3408
22099	79	22085
22674	134	7862
1810	43	1268
3292	84	7011
716	134	10308
5926	107	7397
25276	134	23344
4648	134	5888
6459	92	25277
22238	134	5244
74	134	4422
7537	43	4650
21688	134	23266
23297	134	766
25017	134	2410
24199	84	1108
21713	134	2000
10341	134	2000
3073	79	567
10057	134	8828
8503	134	2608
22682	164	10187
21395	134	22461
25320	134	8687
6731	31	6731
7494	92	23027
24166	134	8226
7109	65	6824
25137	124	23501
7598	98	10195
2819	166	4629
8668	107	5671
4574	146	24631
21942	134	152
5542	134	2970
7801	134	22407
4949	134	1928
6457	134	6228
1596	134	2736
7896	134	24197
21061	134	4734
21828	134	432
9600	134	2000
8195	134	22230
22899	134	3958
4520	134	22059
10052	134	10136
10037	134	10136
24427	136	2132
3672	84	3626
4909	92	24381
24685	43	10415
8857	134	4734
22423	27	7397
4235	134	9063
6950	134	8746
24597	23	22601
5792	134	22474
7876	134	2970
21287	134	2320
21182	134	2203
21676	107	1496
8388	134	10136
22075	84	3959
7324	134	22390
7649	79	8175
4549	84	23463
6638	134	3575
8762	124	9087
23640	124	7512
7227	134	8828
1864	134	4992
4107	92	8863
7988	142	24095
22799	134	3432
22406	92	8297
25372	41	22528
10345	92	22230
9063	9	22696
746	134	8244
2820	134	182
21582	107	2088
10028	92	230
10225	134	7604
6435	134	5770
8626	107	3636
5092	134	9065
5337	134	23578
8784	134	4133
24401	84	1496
24460	84	7314
3679	25	9722
5573	84	24784
7484	134	5845
3943	92	6994
2328	25	5848
5444	164	6803
6218	134	2778
252	134	24826
6221	84	2371
25167	84	5671
9836	134	25222
3077	134	5578
22775	166	23463
127	5	5898
8236	107	10307
24016	134	21650
24780	134	5888
4298	123	7396
8502	134	25190
23834	134	766
21795	134	10051
9837	24	21083
5173	84	1953
22825	92	9065
118	134	1743
21351	134	24590
8079	134	9065
3264	84	24436
23314	98	1138
25149	92	398
5556	134	5770
22979	123	7224
594	84	23463
4136	134	22235
3379	164	4754
5850	139	2852
24903	134	21195
5567	125	24364
21259	134	3432
5115	134	1311
21025	134	1744
5391	84	21073
6206	129	25237
3469	134	4282
25331	134	1365
9087	79	2128
9296	22	9847
1503	79	25066
10256	84	8840
24256	134	24992
863	23	2088
3881	134	21356
6529	134	21848
22631	84	23463
4435	134	3965
23039	134	6639
3371	112	22539
8462	99	6803
2981	139	96
8441	134	6324
21317	134	9532
1430	84	8062
4991	134	8746
5515	134	5888
1022	166	5924
6883	92	568
2055	134	3958
21392	84	23463
9468	100	24589
21853	139	6237
23890	79	22960
10372	41	6701
22501	134	3965
6277	134	22034
24884	134	25110
7437	134	24381
23822	129	21719
4471	23	1401
9710	134	21572
10436	134	6484
24092	134	3575
6397	134	3965
9104	92	24356
2653	134	9385
3911	134	23344
23123	134	10371
9122	134	6521
23128	131	6895
924	5	10144
22220	134	7059
10427	23	22601
10068	124	23984
5486	157	2685
22708	134	9615
32	134	5845
23062	134	23344
3774	134	8340
21041	166	5566
24108	84	2917
9452	79	24568
10342	79	21510
5230	134	2778
6754	134	5244
24138	134	2530
22362	92	24356
6263	134	6800
2310	134	2357
24417	134	3776
3132	92	9790
5977	23	23463
21119	134	23344
6812	84	9350
6642	31	1093
21524	134	2621
2829	89	7493
6818	124	2254
21392	134	3180
6921	134	22230
9370	134	22235
7056	134	25265
2890	139	1611
21121	124	7907
3641	89	8448
22439	134	21039
940	134	2970
1895	134	21912
1807	134	21356
22026	134	23913
23147	151	1560
6222	182	23861
9551	67	9748
2102	84	23463
10471	92	786
24656	134	23500
2454	23	22980
1349	134	8071
24925	38	516
10422	134	7326
9985	134	8431
8206	134	4111
23244	134	23380
4345	92	25495
8453	134	4680
22599	92	4111
7130	134	22234
6533	134	2020
2405	84	7742
2042	194	22900
10030	134	6745
9109	89	8365
2059	134	10136
6420	134	584
669	38	9021
9938	134	24409
1616	98	2283
25	84	1401
1818	84	9350
23109	134	8139
21247	134	9492
24630	134	25233
1589	134	5197
10058	84	22929
22276	134	95
21638	68	3626
21086	87	1054
22960	107	24549
3306	172	23463
23154	84	7397
2181	134	4422
24821	134	3513
10087	134	2995
10037	92	5383
567	79	3192
3528	134	10109
10145	84	9466
21715	134	6814
8806	134	9471
21452	134	3786
5349	107	3636
5894	84	7131
9821	134	7135
804	123	8008
6619	134	8828
4652	84	24227
6545	134	6289
6616	17	1560
8923	134	4331
22313	84	3626
10291	134	23859
21410	134	24908
2499	134	21523
5264	92	9219
5938	123	6706
312	129	6306
3425	11	8279
21172	84	2917
24180	134	2000
23545	92	23913
21270	89	1882
10286	134	24358
505	134	2736
5014	134	8965
22713	134	10430
21392	84	3959
6365	123	24604
8423	134	1286
22244	134	21162
1951	89	2852
5068	9	9283
5097	134	21284
5121	107	9527
1818	134	2005
1329	84	2668
1387	99	21850
24230	107	296
9410	134	23266
1647	24	6699
6265	134	22830
7405	84	24763
4397	92	24624
21591	23	23463
10010	134	1744
6672	134	9063
24644	139	2122
937	84	1496
3022	43	21670
6885	134	1576
1012	134	1286
355	134	10136
22771	134	21520
21383	41	8209
22528	24	2963
4863	67	2668
7644	84	4354
2332	139	6824
1815	31	3034
5859	92	21572
9048	134	21520
23858	92	3958
21242	134	24624
1724	134	24908
3229	92	10371
2017	134	10136
8671	92	2215
8061	43	5572
3001	84	24518
1785	166	9858
2509	92	23111
25391	134	7862
24891	134	95
9997	134	4189
8124	134	10282
9503	134	585
24265	134	4575
1665	84	1138
6771	134	22584
7454	107	2371
7585	166	23463
6116	134	6958
7810	134	24356
6087	134	24473
4535	134	3965
145	134	8520
996	162	6884
5986	134	3958
3050	151	628
6889	134	1286
784	27	2371
24283	134	7536
6407	24	7829
24316	84	3959
5280	134	3372
4737	134	2322
6706	43	5938
9742	134	21539
7359	134	7726
22988	134	22059
2668	25	9397
1013	136	7771
21473	134	3667
25274	134	22583
8917	79	9486
270	84	3959
8564	84	10385
7354	134	4076
4726	134	4575
87	92	24101
7388	92	21964
3880	92	95
25235	134	3273
7558	84	8979
22272	107	10166
10489	123	21557
21782	134	8310
4321	95	22405
1983	134	7717
8381	162	8664
23078	134	2215
22845	134	6807
3839	134	3958
4434	84	24402
7116	21	4736
7527	25	9722
4477	134	63
1816	134	6
4882	89	2359
1431	89	22714
2540	134	2428
24349	134	21523
21401	79	6660
5533	129	21836
21305	134	5735
21895	134	9389
5412	79	820
6152	134	2970
1695	23	3626
22854	110	2209
9555	92	5648
24770	134	766
1438	23	8050
2888	134	8920
8971	134	23913
25117	84	1639
22074	134	8387
6487	134	8125
21147	123	8049
24466	134	2572
21754	134	22407
4897	134	6814
1731	134	1278
1749	134	152
10129	134	10136
337	134	2320
5679	134	5770
5521	134	10136
5855	100	2842
8588	173	6553
23462	11	8279
2242	134	9798
8709	99	458
369	79	8888
4720	134	24115
4655	134	504
24563	134	7536
3122	134	4125
1869	134	9719
513	134	9522
3722	124	6031
3236	134	22407
454	134	4680
1551	84	7140
1796	134	21523
8672	134	1576
6333	134	6814
4209	43	3232
7679	134	4392
10275	107	22980
22712	99	6454
22179	134	22235
23652	86	25369
4126	164	6803
24837	89	4642
1225	161	10152
1428	134	2020
24757	134	3223
6052	134	6442
24542	79	7506
8429	202	5107
10058	134	24356
22652	140	23744
1615	134	568
3886	97	2137
21827	134	23179
24817	31	23096
1111	171	1161
4648	134	1311
7812	134	7781
9542	134	22057
21000	134	531
7648	134	5904
25068	134	587
4230	134	9061
22058	134	6960
8831	84	6406
1761	84	9350
8395	134	8920
6357	134	585
9342	79	4814
3576	134	4271
8982	84	1401
3120	146	867
22202	18	4365
6747	134	7682
4709	84	3626
10191	134	8297
1150	166	9748
21851	134	9838
4787	110	9019
3373	134	21520
24388	84	2685
3710	65	3099
8470	123	4060
23209	84	23463
6413	134	22490
24815	134	486
1731	134	22461
1520	139	1997
24607	84	4634
10025	84	22405
9813	134	95
7486	134	24101
24790	134	6226
24226	134	2876
9918	134	4992
5550	134	10136
8833	84	10166
25194	134	3007
2978	178	25245
7038	119	22601
8845	84	2371
22941	107	2685
5023	134	1576
3617	107	1054
6955	100	25226
21031	107	23572
2	134	6814
23715	84	1904
7225	21	736
5277	79	3134
2489	134	6226
7571	84	2371
24313	134	3432
23793	92	1991
3932	109	3605
24939	134	713
16	134	21508
8956	92	2970
10114	84	2371
10224	110	9633
7267	79	6553
1155	134	21520
10318	134	5244
1129	84	9748
22236	134	22059
1429	92	1576
363	134	24356
6713	187	5178
23056	92	10371
21021	202	6185
6452	92	22474
25118	134	23831
2478	43	25032
7382	84	6633
9228	24	1245
1753	134	9669
8474	134	2608
7194	134	24826
23083	134	23913
24430	134	5224
24129	57	8914
8522	92	24431
191	134	7536
9885	142	24600
9222	23	8999
10418	146	2259
7443	134	2428
498	134	9065
24350	164	10434
22350	134	766
23065	24	25113
24431	166	7313
2536	134	23259
8540	134	1576
7794	84	22601
4271	166	21631
22307	134	23486
8344	134	24848
5856	23	5671
61	134	8828
2746	134	2458
7252	134	21655
10067	28	8370
4769	129	7493
10039	92	2215
6220	79	9541
21784	67	1401
22827	24	23073
23695	92	22461
2621	166	2371
10173	89	8371
9503	134	8835
6690	109	898
21068	84	23302
1972	84	2371
1995	134	2000
7359	134	2020
7576	100	7464
21098	79	8708
23459	84	1401
1148	134	7604
7084	134	3343
9536	134	1618
24891	107	1401
22282	134	486
22050	134	22583
2949	84	2739
5288	84	2371
21524	134	2530
7116	21	2319
4297	84	9350
7850	134	24356
4031	134	4680
8815	205	23504
6600	134	22584
6784	134	10371
21129	134	5227
6824	139	6027
23413	134	6807
21421	92	23084
7481	92	23831
260	84	2668
1020	99	3636
23536	134	9790
24630	92	22683
25263	134	7862
3042	84	3900
24393	134	23047
23850	134	22234
7255	134	3958
3862	134	95
22633	18	296
8239	25	9722
7428	134	5992
7987	129	7109
7796	134	5735
7217	134	5954
3391	134	1576
9921	92	9615
3220	41	24615
1738	38	9857
2744	134	4680
6065	134	3088
22325	134	8920
25363	123	24096
4285	134	25202
24574	134	25487
6725	134	1718
23077	79	962
954	134	5074
6972	134	22234
3004	134	23111
1760	134	5074
3128	134	5423
24564	134	9909
21426	107	5671
6995	84	22288
7298	107	351
3046	202	8295
21884	23	8384
3869	205	1401
22024	186	3636
22379	79	21078
23947	134	24448
8559	92	3273
8615	134	8077
2429	107	22601
23220	84	2371
4343	134	21520
3981	84	2371
3229	134	10371
24123	12	1508
8009	123	499
4306	24	5906
24223	107	2328
8150	92	21520
25433	92	6745
6001	41	8554
1232	161	7430
9664	134	21572
9480	134	6226
1919	134	24387
4881	79	23587
24343	84	23271
5026	97	6004
22282	134	22230
9478	84	23463
8173	134	3074
10112	92	6521
2858	134	10136
21962	134	23394
2337	84	296
948	92	24352
5688	134	585
3640	134	23394
6510	31	23999
9215	79	551
3951	43	2829
4500	134	10136
10444	134	2320
10174	92	24101
3141	123	6205
24004	92	22235
23151	134	8139
851	134	21469
24584	134	1576
8753	84	9748
9844	11	1244
9991	166	25160
22744	134	3776
2931	125	7458
23335	134	6374
4282	112	4282
4618	134	2621
4363	84	3959
1483	134	3273
9742	84	1904
21981	134	5992
9573	92	9719
10321	131	6817
5130	134	358
370	134	2012
7931	134	4606
24227	25	25112
92	134	9671
3036	134	21944
10000	89	7823
8016	134	21039
10404	79	8987
7824	51	24082
7584	134	95
3325	134	8244
8265	134	4680
21050	79	5240
9604	84	2371
2447	24	3518
3487	8	5155
4832	107	25156
1597	110	9468
8899	23	22601
23132	134	8071
100	20	23403
4687	92	1911
1393	24	1243
24954	134	24352
1641	134	10074
6429	134	3223
22198	84	21556
1995	134	1272
2382	23	7397
9736	99	3626
6232	134	22230
5661	191	10166
22843	134	23892
1202	140	9004
5359	84	1051
25249	79	22528
1153	84	24402
3052	134	6289
1368	92	7604
294	84	3636
8849	84	5671
3518	124	6744
1696	134	8920
5730	10	22055
24495	109	6023
1793	92	5648
21359	24	6334
3600	134	8828
9167	134	6228
1555	92	7438
5267	134	8340
10058	92	24356
1588	134	24197
6584	134	5197
21074	134	4
7228	134	2776
8459	21	4580
23082	134	9065
6684	202	21235
7079	84	1401
1945	43	8038
24440	134	1684
4107	134	1928
24828	134	8965
5156	134	7296
22792	31	22635
3112	194	1970
21801	134	10109
9657	134	24816
10235	24	25150
23461	84	1401
24089	134	7726
3266	89	4576
22243	134	5992
3531	134	10325
24582	109	10249
6974	134	63
23882	24	5639
23244	84	24402
971	134	9798
200	134	1278
10280	92	24356
4361	134	1618
9696	194	6473
1822	84	5671
892	134	7325
5898	75	6179
1080	134	7781
21327	134	6958
10017	134	8106
9041	134	2530
5318	149	7771
24100	134	21520
22697	134	22234
4081	134	2736
25481	134	7682
1198	79	10379
6016	84	9350
10387	123	5514
4089	164	2088
21059	134	23486
1476	134	22407
6354	84	6311
3933	43	259
25134	25	7680
8083	134	8139
23871	134	2282
10238	191	2685
6199	134	2970
1083	134	24826
1088	134	6442
8570	107	4634
21486	119	1054
10266	134	1605
2826	134	1311
3415	134	5383
1089	134	21519
5351	134	3180
6182	134	25190
7850	134	6639
9150	134	766
2006	43	10324
23896	134	7151
21206	79	4123
5293	84	296
4443	178	25245
6114	9	24705
953	185	778
22903	9	5918
24155	124	1647
21417	92	8734
25078	41	8352
8037	23	7143
9346	92	10051
24570	166	23562
7717	9	24170
1447	134	8520
23703	92	6958
9483	134	10430
24515	84	7397
1380	123	9033
3033	134	6994
3783	134	10109
2201	92	24624
24744	134	23280
2944	134	21848
23798	134	22525
7152	166	1496
5511	134	2530
24924	24	2385
8388	107	9748
6443	123	1107
7508	134	25050
23759	134	3872
4034	21	9175
5342	134	25487
1518	134	21496
5859	92	23344
25008	134	584
8383	112	24555
6888	134	10109
6486	134	8431
24664	23	9748
1451	166	71
24561	134	2020
8482	23	8384
9941	84	1051
7633	134	8488
4743	123	3266
64	134	22234
8547	142	8260
2449	134	4422
2977	84	2685
3587	134	5992
22513	134	5770
520	134	24992
7096	134	8835
23977	134	4331
9927	134	3958
1991	154	23521
7257	89	24644
24930	134	6324
7530	134	152
5765	134	21520
25134	25	1857
5408	38	827
201	134	4575
5825	24	4461
8423	92	8340
24688	134	3958
6079	134	6374
2692	146	21589
1888	107	1401
21934	134	3180
1912	84	1904
21544	84	2371
6387	84	2739
5787	134	3316
703	134	22461
6592	92	3575
4487	134	8488
5263	92	6442
8359	134	2621
9469	92	22461
3788	129	7593
23815	134	23089
21814	134	3786
24910	123	23235
21608	134	2458
6120	134	3343
4891	134	95
21943	84	4158
2670	43	2855
9262	134	21520
4437	134	10022
21712	151	9102
23988	134	25190
1287	84	10166
4372	24	22499
5476	134	22235
24441	134	3180
7252	134	23913
22736	43	933
22877	84	3626
2198	134	5212
1630	123	4650
21069	134	2778
3450	134	22525
3049	84	2113
22956	21	3300
3028	134	2621
9152	110	22217
7320	92	6814
24278	146	9491
3221	134	5212
5256	134	6442
1859	185	8308
3320	134	9615
7413	84	9350
21231	84	5607
21847	134	10109
422	84	1401
6137	99	22405
23873	134	25138
6005	134	10430
2660	92	4111
10412	134	23280
6913	134	10051
3879	134	5224
2675	134	24881
4883	166	24364
6330	134	10136
7419	134	6860
4296	43	9300
21298	134	10308
7643	134	9798
3613	107	7397
8950	134	1928
1590	134	2572
24677	134	9790
6607	110	9468
8650	134	24197
21298	84	10166
345	84	4634
3163	123	202
22109	134	2544
6422	23	1138
4613	139	4390
5909	67	3626
1670	134	5065
1998	92	2020
9545	84	107
4928	67	3543
23450	84	9748
6360	134	5735
2417	134	23539
827	31	5408
22623	134	2572
8711	134	9522
7637	124	7847
8980	23	8380
25270	164	23950
23000	134	5383
24447	134	8746
6922	185	912
22491	107	8708
24808	92	5954
25172	84	22569
6297	134	23261
22209	134	9492
21417	134	8297
22624	134	21489
25252	92	1774
23744	84	3636
5143	24	8877
9589	134	9838
23201	107	961
7915	84	1017
6273	134	2572
651	97	21543
9470	134	24624
23789	134	23111
7213	80	3352
605	92	9522
21983	134	10109
1974	84	3959
21995	134	7862
792	84	5703
10467	52	1401
8211	84	23990
5885	107	9748
6755	84	1401
10175	134	24408
8322	134	2778
9248	134	23539
9892	134	2652
906	92	2320
3528	134	22525
1631	134	23578
21081	129	3655
5225	23	22575
2968	11	22854
9247	134	152
3344	65	25478
9114	134	2876
1238	92	8297
3101	134	4992
22829	84	24402
1620	84	2371
4941	92	9669
23016	134	24819
23583	134	8748
22191	92	9063
6437	107	2917
9007	134	2203
22465	24	25100
7552	124	2125
3567	134	6324
9194	92	10022
8654	134	24101
22449	166	296
5515	134	5244
21158	134	23568
3297	84	9350
4090	134	2970
1133	134	4606
1974	134	23607
3120	194	22738
7455	84	5671
4558	134	3223
9511	84	9748
201	84	1108
4493	124	6660
21	166	22712
25140	107	21843
10288	134	4111
4520	134	23344
3882	134	9492
4122	134	21650
313	134	9532
8820	134	8494
2329	134	3372
23024	146	8213
4112	134	10282
24834	90	1244
726	107	296
9714	134	8139
4810	134	4422
2382	146	625
10205	134	3223
9711	134	25110
21414	12	2376
1	92	9219
24801	92	22584
9486	79	8458
9359	193	9417
1737	134	21752
211	134	21496
2575	92	6462
9978	25	528
22026	134	9747
2784	134	22234
24336	134	8746
9709	107	8380
1759	134	21572
24421	24	23019
9951	79	21873
1269	134	2995
9517	134	1797
21554	134	21854
9871	92	23486
8999	13	24333
22119	92	10109
9952	9	605
7409	92	7466
22659	134	8431
21336	84	3605
25097	46	9359
8301	134	6324
725	134	10430
22878	134	23179
2444	92	2778
24061	166	529
2128	124	8762
1637	134	21570
2015	92	4680
476	134	9492
22018	134	23568
23249	134	24826
2387	134	21570
423	134	9522
1403	140	7695
24464	134	3223
2636	134	2995
337	134	5770
2852	107	7103
9580	134	9522
2366	134	9609
21744	92	4076
2537	142	24168
1326	134	6639
6989	134	9669
3293	134	22474
4390	110	4613
23205	107	9750
21999	134	24826
9530	202	23950
8515	135	6044
3493	134	7135
25022	21	2563
6967	34	764
23342	92	2288
9238	139	21836
23811	145	5087
6304	92	9786
21107	92	9522
24099	142	7918
5184	134	25495
21405	92	8297
9547	134	1576
865	134	24197
24072	134	10371
8923	134	22860
6701	201	683
21018	134	2970
5426	134	5735
3611	2	1966
1660	134	22057
2361	92	3180
8869	134	7399
159	134	2410
3529	84	2371
23821	92	22235
1609	134	9522
4015	92	10371
22578	134	4734
2184	23	22601
4249	84	5671
5685	134	22059
22444	166	21499
9813	134	1744
1058	92	1618
22520	134	8828
3964	134	21655
6022	134	4589
6698	134	25192
1199	134	1278
5549	107	9729
3409	20	7611
22684	134	443
5862	24	7503
22189	134	7604
8467	134	5074
24383	125	7636
2422	134	7785
10387	98	22792
24209	134	4133
5279	134	23027
7205	92	1911
4642	100	2505
24974	134	9719
21956	23	22123
9593	134	22234
3824	134	4331
1686	84	6477
7174	134	6289
551	124	22919
5223	123	1616
263	107	22986
3251	134	5065
250	92	2288
5715	134	9578
24914	124	484
6629	20	2707
1948	84	9748
21083	131	8740
6389	123	5636
7209	24	5363
6592	134	22234
2073	134	25222
23067	84	7397
21115	134	2410
21839	84	1363
7881	107	23990
5255	84	9350
5248	134	8488
4055	134	8920
25451	84	8380
22179	134	3876
25310	134	21041
24694	134	21122
2775	134	2410
22529	29	22980
9156	84	2655
24567	134	5995
3520	134	3872
1801	79	3396
25365	134	2876
8620	92	23913
4621	134	6639
5971	9	6539
21423	134	766
4385	171	691
24398	43	24730
1085	202	8050
23110	68	2371
1116	84	22601
1646	123	23327
5616	84	3626
9104	92	21854
6608	23	296
22435	122	23954
8213	84	25156
8495	38	10307
8690	134	5227
24581	134	25390
22310	84	7463
24499	166	3626
7511	92	2282
6678	23	2371
9125	134	3180
6793	92	5224
7716	84	1079
24112	134	504
23699	134	584
5723	134	4205
24626	23	6749
5362	97	22376
10490	134	9404
9205	97	7197
23648	84	2371
24073	92	8828
2337	24	5892
10367	134	24624
7859	84	22601
7506	24	24542
21212	139	7160
992	89	193
2238	110	1597
21111	134	10045
6615	107	7397
5432	134	22059
10191	134	2630
3852	166	9406
9330	79	6898
8689	134	5197
6337	107	1054
2704	18	23950
23526	134	1928
23117	134	24848
21293	84	9629
6948	79	123
687	134	5992
810	90	2171
24506	84	2283
9501	84	5703
1464	164	10187
21278	84	2685
4901	139	773
22677	134	8828
9597	134	95
377	134	21655
6425	92	10371
6124	134	5992
1834	84	2917
7148	107	3636
21186	23	21843
215	166	23606
22048	134	7862
6055	164	1812
1693	134	4528
5900	161	23077
2525	134	2530
2730	123	8682
10088	134	25495
23157	134	5423
8580	28	7567
5469	84	23463
1092	134	22525
7889	41	5412
9213	43	5174
23152	134	9719
8297	9	1359
4527	134	2320
8149	134	10136
21887	84	23463
23003	43	24164
8452	181	3184
7091	79	6169
24789	205	23860
24152	84	2371
3023	31	8086
2605	23	1138
21023	134	6442
25467	134	5154
478	134	4680
1886	92	5273
8707	134	7135
22107	134	7862
23509	134	10491
9914	134	8519
21813	22	1252
22553	92	21120
429	134	1256
4567	92	22461
7568	166	8430
1511	84	5634
5905	83	737
21773	151	6288
7287	84	5326
6111	193	8896
22294	97	24212
6971	84	4158
2383	73	416
8898	84	23463
3523	23	23463
3514	134	22679
23890	67	8708
23719	166	3959
24820	134	2465
23425	134	9385
3846	92	8139
25358	134	354
4304	185	21769
5309	134	8071
5295	134	2000
24559	107	22405
1808	134	21570
5174	43	165
2292	146	3913
7115	84	4634
7312	134	9798
8134	11	22665
2401	84	1402
9148	107	1401
4754	153	1352
21846	84	4158
22515	134	21964
22101	92	23394
649	134	9669
6886	134	7438
21098	79	22960
23124	134	22525
5506	134	22525
4130	134	4111
2813	84	9467
5594	84	1401
1777	134	2776
23435	134	9236
23055	79	24346
23551	124	10445
4843	134	24992
22761	134	10136
25438	134	3198
7501	97	6741
25136	129	1997
3769	92	4917
9309	79	1903
8289	166	23100
6925	134	10282
1742	84	6185
4084	134	9952
1212	84	7397
9395	84	1363
4321	84	22405
5294	92	21166
803	134	4992
23917	134	5074
3827	92	1664
4621	84	24364
8482	42	5438
3151	134	6745
24519	134	25495
8192	129	4686
4470	131	7650
22124	31	6900
7027	134	1022
1291	84	4956
4122	134	25192
5457	134	3872
23325	107	23950
1237	139	311
23137	98	3636
24945	134	9457
10396	134	2608
8672	134	4331
6024	89	9953
5491	92	7151
21942	134	5735
24144	134	95
1249	107	24723
4433	134	5932
3535	124	24483
10205	134	24634
21460	84	2371
2067	84	9748
23981	43	10143
23584	84	7314
2099	134	1684
5038	134	3273
722	134	5212
7275	79	4804
2456	134	1311
2955	2	656
1078	92	22449
24018	134	1928
24885	134	6960
23876	143	2397
23487	134	22447
5318	136	7771
8366	134	3281
24493	92	23913
4660	92	4680
5815	84	5671
22620	105	10204
25086	134	25192
23577	134	3872
2614	146	25415
4912	134	4680
9898	134	24197
9513	84	2917
2460	135	23785
2440	41	1340
24526	84	22274
838	84	3959
21278	134	21039
3820	124	23883
2	134	10294
21488	134	7151
2639	134	24381
8556	134	25222
23277	134	24590
8766	92	5845
7846	134	22836
21040	134	7862
7811	43	25145
22437	134	2215
25304	134	23578
10103	92	23344
2450	84	23463
23956	134	2608
24689	134	23131
2738	5	4924
9400	134	8431
52	84	9748
9862	92	22583
6095	134	3958
4615	84	2371
5757	134	8340
2738	5	4276
10410	173	7267
3359	134	21284
3657	134	22539
126	84	9748
8661	23	22601
8968	21	24533
10275	84	22980
8760	134	21650
1057	131	25150
21963	85	21251
23510	134	24115
4223	107	2685
5471	84	22139
24393	134	23486
8067	107	1401
4584	134	2020
482	84	3626
4577	134	2736
8526	84	3605
5165	84	9466
1148	134	5971
398	166	1054
22504	134	24115
600	134	5197
23477	134	10072
21391	23	1904
9435	134	4680
24053	92	10136
3782	131	4561
21705	134	766
952	123	8005
25316	77	21235
23630	23	23860
3741	92	5767
6683	134	22830
24810	134	24908
5768	134	24881
24919	164	10187
25492	25	22402
3807	135	23415
2735	134	1576
9694	134	2608
21994	121	22823
22798	134	6324
9690	92	8310
3059	134	10109
9821	134	24918
429	134	22245
22259	11	3924
3130	84	3959
24042	92	9928
4967	107	7397
21420	129	23806
21729	84	23463
7988	38	24095
3392	134	443
22545	134	6226
21424	151	3312
23561	134	24908
7396	123	7581
10004	134	24624
6030	51	3610
8608	23	22980
23455	92	21039
1268	89	6607
8337	134	23831
832	134	2377
1592	134	8297
3560	134	10109
21234	134	2000
5827	134	5244
2628	43	4799
21955	92	1928
24672	134	3281
7667	134	22461
22655	123	5660
422	92	3958
23931	84	1108
24703	134	3965
704	92	585
3107	134	22407
9344	134	5770
3266	123	21617
4486	84	9350
23546	84	9350
25134	25	21370
23044	134	142
2046	134	1451
10032	92	1718
6113	134	7604
24264	134	6958
10093	134	8106
8531	134	2776
24765	134	1743
447	134	4111
7834	21	3347
233	134	6442
8037	42	3581
9655	134	22779
21123	134	21944
21322	134	3198
10303	134	8635
6214	20	1309
7791	107	24262
21222	84	4158
5732	92	6639
4067	134	24381
3004	134	8488
23503	134	21039
4490	134	5992
21234	134	10109
1280	134	1278
2691	134	25190
2966	84	3743
23998	134	23089
9432	134	2778
8695	134	25138
23413	134	24356
728	134	1256
5301	84	71
308	134	5074
1225	84	9466
22877	134	25192
5655	124	8252
10220	84	10166
25056	89	21836
2592	107	10385
2671	129	2209
24400	151	9102
5903	40	3091
1660	134	4320
6372	123	1942
9096	24	22489
9354	134	22869
21205	121	22823
6591	134	2149
23291	134	3872
24721	146	5331
22587	134	8828
24680	84	2371
23927	84	2371
24011	24	7558
8522	134	23179
7240	134	3372
9900	84	10166
7879	134	9952
4150	12	8572
9071	134	8297
24244	134	6324
8085	134	5932
2092	139	9561
4519	92	25110
21465	134	9790
3865	92	7145
3748	107	1496
23998	134	5561
21516	84	6915
5768	134	10474
7856	134	22474
21658	134	6814
24609	41	6432
25477	161	3934
6729	134	9471
25044	134	8687
22067	92	4606
5260	134	21650
23068	134	21964
5026	97	22472
23710	134	4133
21629	191	2088
9342	84	24723
4282	9	3303
401	134	4271
3739	97	24667
8730	134	486
23145	134	9471
10251	134	4422
8428	134	25202
5629	151	6128
25136	43	6897
4462	84	4158
519	134	24409
7797	134	2778
7592	134	2215
24656	84	8380
5996	134	4111
21822	134	24816
2722	134	186
22356	134	2428
2436	165	5690
6549	27	7143
9891	106	23950
23126	84	4956
5285	123	23181
6472	134	1441
21066	84	10166
6481	134	2572
23250	134	8920
24028	134	1743
4172	92	10430
362	23	2739
6848	124	2191
10367	92	9061
23290	134	25192
5683	79	23471
22772	84	7918
21387	84	4048
2220	134	9065
21913	84	23463
303	134	10430
5232	134	9719
21238	134	8071
1031	134	23500
7931	84	4048
6022	134	2776
9774	164	7314
2136	129	2332
7487	84	23465
7345	134	23394
21914	84	5554
872	134	1576
9494	79	444
1712	134	3408
376	172	1401
22662	134	432
22278	84	1904
1042	134	25287
1622	134	502
3063	164	10094
151	84	2371
2657	134	21572
21550	134	1272
4558	92	3223
7404	84	6915
6405	166	23950
4524	84	5703
21153	134	1286
124	134	25222
5698	89	8910
7548	134	6958
4081	92	25487
21218	134	2970
2294	185	5896
4691	142	9320
21675	134	6814
2420	134	21974
6927	134	24387
23734	134	1744
2697	134	21041
7656	134	1605
7978	89	3504
9097	134	4495
1360	134	3180
5416	134	8297
25448	134	8635
21476	134	8828
3227	79	2306
21301	134	3208
6187	134	10140
4342	82	7507
9031	134	9135
5242	134	8023
7617	134	21854
21208	134	10308
22064	110	3246
24787	92	2369
9683	84	39
23631	123	6153
6146	134	2458
1647	79	24155
532	84	1017
24231	134	1684
10269	134	10022
5961	134	4133
7136	92	21120
8838	92	5224
2130	134	21120
6362	134	9471
3712	84	23463
25042	187	3032
431	79	2543
6295	43	7295
3774	134	22830
116	134	5735
1418	134	8655
23573	134	22230
2118	134	23344
5945	134	10474
9346	92	8728
464	134	24624
1656	134	23578
496	134	25495
7776	92	7135
7704	92	9952
4962	23	6185
9136	134	22340
21245	79	9433
193	65	25069
4353	134	7717
1486	134	24848
22695	38	21556
2813	107	8708
24776	23	961
24015	43	2425
22484	84	9466
9478	134	9615
24507	134	24989
22541	134	22234
2637	134	25110
3145	38	21802
7110	27	7742
22273	134	22230
8867	41	8733
2111	92	8244
2849	134	10051
9144	110	8371
9976	79	22678
5827	92	8488
24016	84	3626
21042	92	4282
21546	134	21039
21067	134	2203
5248	134	1928
1	92	379
24555	166	8383
24028	134	4111
8668	84	5671
1806	166	24436
7477	134	1311
1523	24	8082
25306	134	23680
23222	84	3480
2594	38	9822
21761	92	24387
21698	134	21356
5599	134	5224
25055	84	9329
24883	134	9219
21164	92	5074
6869	134	6324
860	134	1684
7750	134	152
1628	92	1774
6159	97	24667
23677	134	8297
4013	43	22218
25415	84	3636
23950	25	25270
10463	134	7296
10213	24	8740
3142	134	22230
21065	134	2621
2311	134	25138
6329	134	182
1162	31	21728
23729	107	1496
8883	134	4346
5876	134	6287
8942	134	6521
25279	134	5888
10032	134	24499
21768	134	6800
7114	134	9790
25215	79	4997
9660	134	2005
25275	107	1697
3020	92	21570
9606	134	2149
22195	134	10055
9471	166	5751
2157	134	24381
21237	107	3959
7180	134	10371
7961	134	3513
459	134	585
2979	110	4663
7802	84	4634
423	134	7726
1882	157	3636
10180	134	63
6453	134	4035
5301	134	1451
4449	97	22138
751	12	1794
5636	43	6389
8259	134	23859
2355	134	7135
21077	92	8728
5351	134	502
24392	134	22869
1367	110	21836
22231	134	7781
25075	43	479
2806	92	21570
5899	134	1576
21507	107	10166
9479	153	8006
10043	134	24826
3480	153	8006
6820	92	3776
22798	134	23578
4100	134	5770
5011	134	10308
7000	40	7000
2381	24	8209
24914	79	24675
7973	52	7397
4377	134	2970
6886	134	10282
1829	92	21539
22508	135	9881
21596	134	22525
23952	134	8519
213	92	5735
9446	134	8030
10276	134	1286
25412	124	10492
4388	134	4111
1488	124	6018
297	134	8030
2128	24	9087
3555	124	4713
10095	84	5671
22911	201	7049
1652	88	6803
3553	129	9613
9506	84	7397
21059	134	2876
24765	134	4133
25423	84	23463
2232	89	3246
4922	164	6454
3978	92	8920
207	134	7862
22082	134	3575
3758	107	3636
3682	134	3180
24771	134	5244
10472	43	2724
21549	92	1743
2398	84	25453
21108	134	9615
5632	84	1051
21178	84	7140
9805	134	10109
22120	134	2621
5479	134	2410
321	92	25495
2857	134	2572
22621	84	2371
23041	134	2162
7267	79	8588
21973	134	23831
10207	24	6635
5222	134	1217
9225	84	2917
6032	92	9135
21549	92	568
31	185	243
21337	124	1036
2760	134	3180
781	24	3021
9415	25	25369
8269	134	10308
6180	134	8920
2103	134	9522
9318	107	23950
6138	134	2778
546	134	9790
2348	43	3565
24710	134	3965
2908	134	9389
8766	134	5695
510	134	21944
25249	79	8740
23042	89	311
10052	134	25390
23215	134	21539
6513	134	8828
22181	92	6860
9090	134	8139
24033	185	2618
3465	134	5992
8852	134	5735
24809	134	3575
3816	202	9748
1044	18	3636
7141	134	3223
6507	146	25254
22877	134	21650
10024	107	1051
3893	92	21848
23156	134	8340
1383	134	22234
7728	134	3958
23135	134	4441
7519	25	9722
24622	12	2132
21499	25	2036
8271	134	9219
3443	84	1054
7105	134	9532
7747	84	23463
8886	84	8380
10163	23	23860
3300	201	23489
6009	134	25495
9328	134	24197
24603	134	2465
22160	194	22876
7883	84	25185
4164	97	23253
21954	92	24409
3974	134	3575
4160	129	3006
3951	89	7493
22393	79	23987
7884	134	8431
24789	79	7280
9529	134	22622
8753	76	10163
22124	23	22601
6734	134	25190
23737	79	5958
5815	134	3348
21549	92	24154
4353	134	5971
8497	134	5770
7978	43	22228
2056	134	7604
21849	84	22733
4493	79	7049
1275	134	24908
1078	92	713
24770	84	22601
23761	142	23782
21755	134	9719
7115	134	25190
23974	92	3180
4611	84	7140
3077	134	713
8511	79	22528
7832	134	5888
24429	134	8387
6045	92	9385
784	27	1904
9654	143	2397
5791	134	9786
5075	134	8828
7096	134	9219
678	110	826
3357	134	22234
22136	79	206
22528	24	1672
8283	123	3358
25463	134	9786
25009	134	6814
2269	21	3704
24806	134	9457
707	92	5244
23706	92	22230
9384	129	7890
25177	24	4317
9400	92	21041
24061	166	24723
2993	134	10136
23649	134	21
4781	84	79
9484	134	4896
7961	134	23266
21417	92	6639
8398	110	5183
4856	92	9615
24589	139	9468
6181	134	1664
4686	139	8371
829	134	6226
5256	134	24356
7584	134	6442
787	134	2000
104	92	23419
24105	134	21274
8306	134	3994
24087	84	8273
8930	89	7823
1583	24	22731
5140	134	2970
24175	6	9013
4120	134	9471
8457	134	9798
4221	134	22234
5269	92	2776
23238	84	22601
25108	84	25311
23742	134	432
25433	92	9786
171	134	4578
10005	98	3636
4816	124	25417
25431	134	4133
6884	119	23990
5140	134	9786
81	134	585
5737	134	4111
5824	123	10415
24533	169	23217
2146	134	24816
4830	134	4076
23136	134	10371
4815	134	9532
1732	84	21132
4043	134	95
9087	24	23935
21285	134	5197
846	92	8360
9602	84	24402
5939	134	8494
3593	107	22601
10119	134	9065
955	134	23298
50	134	24881
1300	134	6287
25042	24	22528
10269	134	7135
7662	134	23058
22126	134	24387
21019	99	23271
2898	84	7397
21133	92	10136
8209	24	2381
22976	84	6373
9844	43	24834
3354	185	25408
1620	134	4133
8517	84	3636
21474	134	8139
3192	24	24286
1179	84	1904
21840	84	25311
9682	99	6185
6776	134	23298
24640	107	24262
23279	134	22566
22876	95	25259
24665	134	3273
206	161	1245
566	123	4367
2688	79	10128
2724	123	10472
10121	124	7847
24158	134	23344
24622	34	2132
545	134	9790
24676	134	8297
24364	73	7507
21827	134	8387
4995	134	25222
25006	84	9748
21969	134	9669
9712	55	6023
8408	124	21613
21627	84	5671
23737	97	4034
22895	84	9748
6790	134	8310
7280	205	2371
25342	84	2371
23896	134	1605
3492	134	22235
24006	84	9350
22400	134	23266
24939	134	7568
5319	134	1743
5157	20	7611
24075	134	9522
10031	134	10430
21208	84	25302
21611	84	7397
10334	98	6348
2989	123	2934
23551	84	9083
2058	134	2530
25168	84	3626
22763	134	1441
3983	121	22823
819	134	22407
22906	107	22274
23666	92	2410
8105	134	10474
6507	133	25254
6369	134	9061
22796	134	2320
8587	134	22229
24936	92	9471
24840	123	2714
21773	129	6288
22487	92	9719
25241	92	5888
21293	134	4896
23788	23	1904
8946	107	3626
23122	134	8431
21444	134	8310
25285	41	4697
5992	9	2262
3601	134	3223
4743	117	22024
23801	67	4956
9509	134	1311
7901	134	9219
9800	84	2371
7528	92	5227
6284	84	10166
493	134	4575
22878	84	1904
6690	55	239
25119	84	22139
24304	134	8431
24844	134	22461
22442	134	3776
7478	134	2346
1439	134	23266
8758	84	2685
5775	134	1278
21348	134	23500
9982	82	1496
4232	24	1048
24597	125	2685
24568	79	5627
307	134	644
5434	43	10162
24797	164	1812
7639	134	4734
1737	134	2572
5903	83	737
532	134	10051
24341	92	5735
7979	92	4205
21958	84	1496
6062	22	23079
7709	84	1402
10233	134	10045
1924	134	2780
226	123	6954
5159	134	3408
7529	134	1286
7721	134	9798
1116	134	8431
22978	55	239
23381	185	778
9298	171	938
7801	134	21284
23086	92	6521
6197	84	1401
10348	38	24266
21769	8	23832
23361	20	1309
25093	85	4349
1358	134	4680
915	134	9719
21331	134	24063
7928	23	1401
24513	92	2322
1575	134	7604
2091	134	2465
25108	92	7151
9369	9	24710
2141	134	1618
7290	140	7744
22312	134	10371
7819	166	6477
333	134	8030
21353	134	24848
10075	163	24767
2851	92	25495
24488	134	22034
21723	146	21589
408	134	8226
2321	43	21600
22520	134	292
9651	124	2239
5131	124	7745
6901	134	3958
5558	134	1365
5313	134	1576
8386	134	7399
9640	124	22269
6770	103	7397
3979	131	2771
2004	134	7300
4319	107	9142
8646	92	25233
10119	134	8728
24699	89	7493
3528	134	23047
9546	134	24381
3032	79	8511
6397	134	4528
25383	107	3636
119	134	6639
8245	84	10195
8318	23	22601
10356	92	4125
5899	134	21284
22075	92	24438
24017	134	25495
9908	84	1401
5623	79	23668
22889	79	1600
21108	84	23463
7272	92	21039
7818	99	6608
23396	134	23831
9800	134	10474
3089	23	5107
22042	79	3210
21834	92	9790
6667	134	486
9366	134	8431
21991	134	6814
21822	84	8926
23998	84	25011
7430	79	21401
7294	84	25156
22167	143	22823
2687	134	21523
6153	117	3984
7573	134	24473
3457	84	2685
7365	43	22208
9292	79	8931
8480	134	1026
277	134	6860
6369	134	21655
7843	134	1365
1016	129	9841
1026	166	5804
22194	134	2000
24845	155	23008
8316	146	2823
6443	43	7588
6864	134	7326
5850	110	328
4899	92	22407
22196	134	292
8226	9	1238
23305	92	23047
3748	124	22990
22319	84	39
25428	134	2970
23776	24	928
2133	134	1278
9050	20	441
2955	23	1401
10025	134	2000
22745	79	5708
7159	134	21964
9102	84	21073
563	134	5224
4148	52	5675
9006	134	1928
9680	84	6803
3996	134	25287
2135	84	9787
24009	84	5626
5793	23	1401
23438	53	2605
1531	84	4927
4321	95	5671
9308	123	10395
24447	134	3208
4636	92	4950
6425	134	2970
4636	134	22525
23690	134	5992
2304	134	1311
7638	134	23578
3086	134	22474
7495	134	24387
8724	92	585
2997	134	8387
25394	84	22601
4629	99	2596
3369	134	24356
21708	134	5383
8301	134	8399
9069	134	2621
23835	84	2371
2770	92	1186
5962	12	1794
2388	134	22059
22453	124	1874
9910	92	7325
24787	134	2000
21829	84	4594
720	84	21132
3301	134	5074
21790	134	8226
314	134	5992
1282	134	24387
1865	84	1051
21838	107	2917
24395	161	2959
5452	84	1054
21169	134	3343
1822	18	9748
23538	11	22145
3114	134	180
5227	9	10495
24417	134	23027
64	134	24826
5853	134	2199
3768	41	23557
5937	92	8226
9899	123	4682
2643	84	23463
4702	134	9532
7460	134	9615
24008	134	10308
7540	134	1991
147	134	21964
4955	84	24376
24553	134	4896
3591	84	4365
3211	134	23578
10279	107	25311
21220	24	10342
2194	134	4422
5705	129	997
7384	84	961
23912	84	7397
6755	134	1928
9873	31	6852
21604	134	6
23187	134	6994
4238	134	2322
425	134	9065
9905	134	7492
24868	123	21583
22926	134	25287
24116	84	24402
24743	142	6382
24026	92	24356
23449	84	4048
2098	134	22869
9232	84	3959
25431	134	8953
6048	157	2668
21503	52	5867
24922	134	3348
10097	134	25277
23210	92	584
24147	134	766
1207	84	5671
9024	151	4579
3357	134	23047
22685	134	2995
25080	31	23341
9581	134	9253
3623	84	22405
5534	134	5845
2717	117	22024
6008	134	9719
4353	134	6228
23073	79	22827
3503	43	6577
21871	134	24408
6399	134	24989
1403	151	9795
1267	84	1402
21910	134	10136
3339	134	24624
9791	134	22791
1708	84	6185
1668	92	24590
10203	134	7536
5972	84	1108
23817	134	1272
24137	84	1401
7686	202	21235
21127	134	1928
23847	134	8494
8875	134	1684
22187	84	3636
21316	134	2894
6782	134	3575
23348	84	3543
1153	134	7135
6052	134	4680
21213	107	22274
3204	134	1774
2697	134	9669
8076	134	21496
4607	84	3636
4553	134	2000
3504	139	2754
21205	83	8664
61	134	3372
3849	134	5770
24338	134	9135
9096	41	9543
6536	134	3466
4309	134	6814
943	18	22980
23206	121	2397
500	84	2371
1988	134	9135
21422	84	2917
4514	134	25390
6386	134	5992
2469	124	23033
5641	23	1904
5416	134	9385
1034	134	22461
22833	205	21898
3179	201	23339
9281	134	7399
21620	134	8828
6479	99	10255
25209	134	3372
8023	166	8505
4963	134	4125
24879	134	443
570	134	3575
10157	92	21655
21540	84	5671
24221	134	2876
3559	134	9457
298	107	2739
1264	107	22601
21820	202	7397
444	24	9494
9926	21	8605
2775	134	24624
9978	25	7286
108	89	6151
21026	134	21120
23497	131	7882
23402	134	531
23373	134	22230
10089	11	23915
24253	134	21039
5911	43	10000
8501	129	9953
496	134	23380
1018	79	7352
8868	84	4365
6053	134	5888
3205	47	7397
22168	84	3959
701	79	8104
1978	134	8071
402	134	21572
5167	92	5735
8039	148	8039
8043	143	2397
6029	134	9719
22238	84	9748
23699	134	504
22178	11	7955
21762	134	3041
6496	202	8050
7202	99	2917
1999	134	1664
22884	134	2346
21008	134	8488
200	84	7011
8943	84	6185
23646	134	9065
24058	124	21177
23632	100	5334
21139	99	21556
8704	134	21520
8787	92	8340
21915	67	5565
5123	134	5224
6767	164	21641
21644	134	2970
1280	92	24814
3908	84	10166
8873	134	10136
1443	107	1401
4171	139	22517
5159	134	4680
10319	110	24782
274	92	23578
24537	84	8926
8820	134	23261
24484	22	2367
6	166	23463
24584	134	22584
10368	92	7125
22989	134	21570
21389	92	22340
5530	205	6454
1832	134	585
831	92	1576
6929	134	6228
24557	84	2353
22862	92	4575
24189	84	7507
959	84	21986
24042	92	4680
23357	134	8297
8609	99	1138
8898	134	3691
6433	92	8746
6349	134	9615
6630	134	5845
9140	134	9719
24571	134	4205
25198	18	22792
4685	136	7771
6739	70	24590
3971	134	25277
525	92	4133
7778	112	4331
4539	134	7624
21435	67	23990
24250	134	6814
305	134	21120
8620	92	7682
22884	134	531
22483	164	1812
23129	43	3364
21352	92	3273
4352	134	442
22564	134	1234
9066	134	5590
1720	134	7536
5032	134	3208
9964	134	679
23407	134	9065
5554	23	3626
10265	84	23463
5333	134	3994
6376	84	5671
7859	134	9719
2523	43	8491
8301	134	7726
3947	84	1904
775	89	22144
3158	107	3959
23777	134	9065
23787	134	9063
22983	134	21655
24727	134	21746
9435	134	6639
2830	84	1054
10335	124	9146
752	134	3348
4831	84	9479
22761	134	24733
23438	42	2290
23642	134	8226
2002	134	3958
21970	84	3605
3050	129	628
4928	107	3626
23378	84	2685
24026	134	22407
1257	165	6568
9374	43	22212
9668	84	3626
22672	134	22059
4357	134	4111
3732	134	3575
1910	134	22830
8493	146	4579
1814	151	7903
24098	107	9748
423	84	23302
8169	84	3626
4459	84	8708
24539	129	2332
5924	22	1022
24773	38	23524
25184	134	8722
268	134	10109
5558	84	8380
21512	24	22687
1489	117	3984
4274	134	9369
5432	92	22235
9905	134	6228
2133	134	4125
21652	92	2778
7625	89	9953
21731	134	4299
1623	146	8626
1881	164	21446
832	134	6
5506	134	9952
24734	134	4111
8370	8	10067
6925	134	3460
24396	134	21039
6025	134	1744
3098	123	10162
1254	134	4271
21046	134	10430
25436	84	3959
10293	134	8965
8477	134	2970
494	92	2020
1028	134	1928
8161	89	7109
6174	134	10136
24860	134	10430
2097	79	8585
23182	134	2410
9123	92	404
3517	84	3626
23119	134	10109
614	166	9942
21310	134	5244
7844	134	3088
7861	84	2371
7850	84	9748
8887	134	443
23807	67	2685
22056	107	3605
21084	134	3572
8628	134	1311
8105	84	961
9220	84	24402
24922	84	23950
10264	134	644
25070	172	7397
21974	166	2685
25081	134	2970
5706	92	7819
782	134	2608
3058	84	25156
8469	134	6374
498	134	3273
24675	24	24914
8733	201	24416
6322	134	2000
6663	134	8071
3757	46	22457
24391	23	2685
1704	124	1296
24151	67	22980
9066	134	432
5245	107	3636
2899	84	8062
6176	134	21650
23938	84	2027
2005	9	1070
23185	134	7585
3133	27	4200
10217	134	6814
23943	134	95
6723	134	1774
21437	43	1960
9811	134	21041
9817	134	7585
25267	84	1496
4298	117	25114
25356	134	24881
4162	31	869
24970	92	584
22743	84	22274
25394	134	8226
21641	153	6938
21953	134	2530
22368	134	22525
6124	134	22407
22677	134	21356
21650	166	2917
24752	84	23562
2145	134	5735
92	134	21944
10021	134	2630
1492	134	3198
21160	84	7507
1422	134	2458
4457	134	6226
6486	134	10136
8759	134	7325
21849	24	24230
9254	134	3372
4168	107	8708
4261	79	6703
9275	139	13
2604	67	7397
8875	134	5224
4907	107	6185
1119	79	9848
354	166	7314
24853	134	3372
2131	134	21655
1555	92	2970
8740	131	21083
7361	134	25265
21928	92	24976
23490	134	10136
21781	191	25232
23436	134	22583
140	134	25222
2729	124	23043
22489	79	5858
21867	131	9292
9	134	22234
3416	134	95
6633	23	23463
21420	151	23806
24108	134	22230
5211	134	2876
4190	134	1311
9468	100	4059
1097	134	22622
3842	134	8494
25161	92	23568
24649	134	7717
3447	84	8380
629	134	766
6943	43	21900
9380	25	9722
21374	84	22139
24962	107	4048
8193	92	22245
2999	134	7072
72	23	23463
5073	25	8006
3376	134	24819
6271	134	6289
3225	134	22449
5196	134	4575
5939	134	21539
4649	24	2952
5573	134	5197
334	129	2209
25377	134	8431
23509	84	23463
21091	129	7493
4767	107	22405
2460	202	7397
22355	134	3198
8188	134	1928
7225	21	23996
4002	146	22403
8568	134	22474
255	123	212
8353	124	5198
7868	85	9207
5830	84	1401
25	41	2440
7175	107	22405
3649	134	4606
6600	134	10136
3610	75	6039
3908	92	10308
25051	134	9236
5098	134	1991
4535	134	21166
7114	134	5150
2949	134	24719
4581	134	10051
10303	134	3701
22318	185	21769
9796	134	4896
1155	134	5590
23848	134	1576
22220	134	7726
21169	134	7135
24678	134	7781
23176	24	23886
23837	84	8062
24009	134	9219
25484	84	1108
4711	134	22830
23675	134	4111
446	134	3872
7823	65	2749
6729	134	5227
22092	172	7397
8813	84	24402
22959	107	24723
23367	134	585
23648	107	1401
1559	134	3273
2141	134	22245
6512	185	1854
22736	89	22714
2238	110	9468
25329	84	3959
2640	124	66
2325	134	3372
3220	79	6719
6570	134	6228
7911	52	22601
2501	134	2000
22276	134	4076
25066	84	22601
7016	202	1138
23366	134	6374
3425	11	22217
21689	123	9779
807	131	21083
851	134	2377
25305	134	9790
5316	84	9639
7937	134	9684
24790	92	4111
4789	92	3786
22666	27	8384
1450	84	23463
22279	89	1597
401	134	24197
3326	84	6915
21845	134	2203
9391	134	5383
7261	134	1576
2967	84	2371
2287	134	1743
1630	129	5165
242	92	10140
5907	107	3191
1073	107	22405
836	5	4924
23973	151	9672
3881	134	9065
550	22	4339
1571	134	24101
23147	146	23647
24652	134	502
1239	84	1401
9351	134	585
23503	134	10090
5086	134	1618
1547	98	1401
22499	24	6553
1224	134	4680
6619	134	2778
135	134	4698
2211	24	9153
8045	134	25265
4728	84	6311
8884	92	2608
4612	134	4111
5170	107	1051
9357	134	7604
9912	84	1401
4744	134	25190
3108	134	4528
471	84	5671
6967	181	22527
3670	84	10166
4936	123	4302
8006	164	7397
6661	134	3691
274	134	8387
23652	164	8239
9409	134	6324
7719	134	2320
24862	134	23539
22185	99	1401
2189	134	8431
4379	134	6289
2009	134	7819
6079	134	1037
7459	134	7624
1696	134	8488
69	84	1401
8562	107	7990
5952	84	1402
23964	27	24402
2051	134	5992
6420	134	6442
235	92	2346
8262	134	5383
3784	134	186
21547	84	10166
8205	92	23261
25459	134	4271
2309	134	182
24625	43	4008
3899	123	7441
9023	84	2685
22478	107	1401
23055	84	6185
4641	134	21508
8854	84	1401
8806	134	7604
1039	134	8920
411	12	22250
25064	117	25114
6891	134	7151
7943	84	9466
3374	134	7135
24376	32	4955
5684	134	8920
21137	84	22601
9306	134	24356
3574	84	9822
8247	134	10371
3128	134	504
23328	84	3959
7567	85	25058
25199	134	24814
9978	25	8606
21338	134	1286
6532	82	25160
3968	25	24768
3751	134	585
9263	84	1401
10185	134	6958
7656	134	9219
1894	84	5671
22546	84	22601
24047	24	1448
22409	84	1496
9132	71	1889
8506	153	22344
7984	100	7984
6656	84	3626
1961	134	825
1980	34	764
5265	134	22235
4297	134	6521
342	134	21912
7415	107	296
24651	107	8551
9978	25	24086
24173	134	24197
5134	134	25192
21077	134	486
7265	134	25277
9922	43	6706
1080	134	6374
3871	134	3432
7041	51	2554
7121	41	1903
23581	134	5845
8085	134	22461
22602	84	7397
7701	134	3876
6137	99	296
4639	84	3605
23691	134	22803
6884	47	23990
25427	134	3965
24226	134	21944
8595	134	24448
359	84	9350
21807	134	5383
8738	21	3192
8446	202	22980
5183	65	5183
1988	134	5197
23604	92	182
2773	134	21539
2893	47	7397
6908	84	4158
823	79	6719
24027	134	4282
24843	134	3994
8746	166	296
24498	97	21117
9218	24	7373
23391	84	1401
1335	134	3180
5119	89	5659
4526	134	21039
6590	109	1079
4362	134	24570
6071	134	9522
25025	89	3710
967	134	1311
21248	84	1051
6921	134	8244
10397	107	9350
7483	134	23344
2217	134	25390
7646	134	25222
5699	22	2652
6037	84	6185
23234	134	2164
9478	134	6324
22904	134	8687
25478	139	3344
3639	134	10051
11	30	9679
6526	24	7009
23149	134	8139
2156	134	1928
7734	134	21570
9900	134	2322
10032	134	8023
22619	134	4734
21783	79	21646
764	18	1054
5886	107	1401
21181	92	9684
1416	84	1401
22323	129	8517
9942	99	21235
9175	79	9255
8496	107	2371
589	134	4111
22993	134	5383
9872	92	3965
3546	134	8125
25279	134	23047
24878	92	22830
1882	139	9953
6168	134	9065
7982	134	21912
8476	84	3959
6249	107	1900
21432	92	23266
194	134	9471
22289	98	3636
4911	139	3323
10042	134	21964
8587	134	24624
3987	84	6185
6891	84	3626
761	134	3575
8890	134	22781
21475	89	9144
212	43	255
25031	134	2320
8933	134	3965
4645	84	1108
1899	134	10308
21767	166	3959
8526	134	21796
10198	70	2087
321	134	9065
10012	84	8062
9149	134	3372
23522	84	5852
24210	84	1017
22244	134	9615
4419	124	24517
24575	92	24101
9704	107	2685
4800	134	8226
2863	134	22230
7321	134	8431
25430	134	9492
21006	134	8965
5518	43	1625
22514	84	1496
2306	24	3227
9429	134	5888
22509	24	22795
24126	134	2020
6246	134	24624
8615	84	24402
7843	134	6521
7660	134	3575
892	134	9532
6333	134	9385
3279	161	10079
22088	134	585
22231	134	21567
142	166	3596
4784	134	2410
24945	134	3691
1995	84	3959
5083	134	22525
23483	134	7604
6937	134	21974
3020	84	7397
1827	9	5473
5240	24	21050
2692	129	1343
24765	134	7326
222	92	7135
5934	107	23701
4221	92	6960
27	92	6807
8308	184	7751
21887	134	3180
6387	134	7466
10142	134	23298
8083	134	25190
24611	124	3535
10069	134	3575
23430	84	1051
21962	134	24819
7222	123	1971
25031	134	23047
2958	134	8431
23886	67	10166
8688	89	3344
6286	134	10136
22141	134	23380
21125	92	9065
10477	134	5648
8181	134	1744
5534	134	4133
3528	134	24826
10307	31	8495
9129	2	1966
613	89	24146
9821	134	24881
2246	155	2579
24140	43	3164
24169	134	152
1770	84	7140
21238	134	182
598	191	9558
24439	41	22102
23627	134	10022
5912	134	24989
23543	134	569
3723	92	21268
23499	110	23299
9309	41	9745
8318	8	6582
24581	134	8494
7182	129	7351
7518	84	22601
7291	134	4028
421	134	182
1242	134	4896
9720	134	22166
6801	107	4158
10239	134	2288
23488	41	6713
305	134	24624
930	134	8828
3475	92	3575
21555	24	21324
9865	92	7492
24486	134	6814
5702	92	63
23969	146	3185
4756	134	21372
23081	134	6994
3382	31	22695
9597	134	10022
6846	134	2149
3135	162	6779
4190	134	25138
25014	134	1576
24886	134	24356
9401	107	3959
5017	84	3626
21124	134	5068
464	134	24989
6707	103	2685
1428	134	1718
3090	134	8728
1207	134	23578
7602	98	4158
23534	146	3913
1867	20	4920
5371	151	1694
2239	103	5436
22143	92	21692
345	134	9253
23314	123	3
21065	134	3872
24384	68	23990
25213	161	6296
5953	134	22235
5685	134	23500
7415	84	296
10404	79	1213
24525	38	23572
3869	24	24738
3168	134	21699
21442	123	10489
5909	18	2917
21547	134	22583
7123	134	1022
7989	134	2000
24114	134	1278
1932	164	24227
24771	134	21520
22951	134	9798
3771	84	3959
3703	134	4197
24702	166	23562
6286	107	9748
2290	77	23281
8645	84	10166
363	134	432
7374	92	22583
22851	103	3226
7295	123	6295
450	134	22230
973	134	9522
22297	163	23107
7061	134	584
9168	134	4197
8314	47	23990
21742	134	2320
7114	134	25287
9462	84	3959
4218	43	23867
24920	134	4441
24571	134	24826
22364	24	5112
24134	107	9350
5166	134	4680
10213	107	961
22884	84	5565
3244	84	8708
8374	134	1278
6149	84	2915
5056	134	22057
21902	134	152
21688	134	766
6370	134	486
22322	84	22405
1011	134	4606
8553	79	926
22287	84	7391
844	23	9748
217	134	8835
1989	134	6814
6911	18	22601
1052	98	3636
23868	92	21041
2053	134	9135
10498	84	9350
9114	134	4992
5915	25	6961
2384	79	23893
2853	84	24436
6653	134	24356
4273	134	21496
4219	134	9790
5943	92	22940
21070	134	21039
7847	124	6848
6847	92	9219
21768	134	5971
6047	43	25297
7082	124	21931
21727	107	21132
23442	123	10461
22154	134	9135
8241	134	23298
2770	92	4898
8486	134	23047
1081	134	4528
4935	134	1664
8518	134	4205
5052	191	1054
21308	134	5932
5319	134	1664
8543	134	22340
23677	134	25138
9483	134	182
22748	89	3246
23698	92	9786
9766	134	2000
23087	134	1664
1476	84	4158
2479	139	24554
7339	134	2162
4210	134	63
6188	134	7604
22096	134	1272
2394	92	4229
25012	134	7135
23634	139	2852
1666	84	3543
2165	134	3208
6188	134	9522
1340	79	23046
22859	92	5224
9976	79	1570
9082	134	432
1215	134	24624
5346	79	6762
1878	134	2000
9644	134	3223
24170	92	7717
7	84	9479
2201	134	2005
25301	134	22584
23711	92	21356
8992	134	23539
9754	84	1138
4577	134	6442
22204	146	23309
4809	43	1971
21229	134	23486
23123	134	2876
23916	99	296
5681	123	9425
6092	134	23380
6396	134	2778
3693	164	2088
2699	84	22601
24574	134	584
6981	134	23419
9192	134	8965
6928	67	22980
2747	134	4896
21727	84	961
22252	134	3575
24041	107	3636
2981	110	23932
4168	84	8708
24643	107	9748
4109	124	7118
23200	134	2346
9785	38	6356
4980	84	22405
4088	67	22274
9809	107	1079
23160	84	3523
23511	134	7781
24639	134	5992
6234	134	9838
3174	134	24624
10056	134	3786
5610	134	7135
25466	134	9838
9533	134	3691
24923	134	6289
5186	134	8214
5519	124	7049
2366	134	21567
4290	134	6926
1863	22	4133
1232	161	551
10431	134	3599
5348	43	5401
5663	92	5074
1663	134	4896
4750	92	2970
24972	134	21505
4984	134	6814
3866	18	296
9731	84	10166
6610	84	2371
21355	134	2458
10316	193	9417
24623	146	4202
5120	134	7492
1065	134	3432
25347	89	8371
23429	84	1401
5817	134	21570
23840	123	688
21273	92	3872
21360	134	3074
23447	134	1417
4683	134	6814
23210	92	10051
21018	134	23261
8882	51	4924
7551	84	3636
4059	110	330
21607	134	9609
1802	107	5671
23803	134	5065
8123	134	6958
6843	51	4924
22904	134	9798
22973	134	8828
956	52	1966
6298	83	737
21269	134	3348
1848	92	2000
22358	84	9748
1626	84	3626
21235	25	2212
6838	79	4314
10059	92	24826
23335	84	23463
293	92	24185
22088	134	2995
21726	134	6994
7023	134	568
21664	134	9385
5892	107	22405
10159	134	5845
6980	134	6324
10023	134	21039
330	157	22792
2083	146	23647
5547	134	21195
7108	134	22057
8104	41	24137
635	185	21869
9029	134	1150
558	134	4282
7751	185	8308
21909	134	3958
21931	161	9831
6279	92	1311
10385	31	7953
3038	134	23859
3006	139	8910
3438	134	4680
9677	89	6237
4728	92	6228
3207	84	2371
6010	134	22447
23206	121	22823
23216	134	8106
9053	134	679
6143	139	2549
8584	134	22234
23319	134	2322
3529	84	25160
883	134	9669
4196	79	6377
2178	92	9790
7286	164	8384
23491	134	2203
2928	31	2096
5513	134	1234
7746	92	24197
7307	121	2397
25375	124	24993
22515	134	2736
2055	134	24409
24528	134	4133
2470	129	21467
3271	134	1928
21359	79	8338
24732	84	296
7865	84	23950
10337	134	1774
8838	92	22461
6935	84	1496
10374	140	7051
5409	134	8226
3491	134	24819
24373	92	6994
3134	79	10410
9796	84	23463
23459	134	10022
24661	134	1928
2681	23	24402
2990	134	3994
2272	134	8965
1021	134	25495
629	134	22779
9405	134	6639
25217	134	25106
21464	134	24499
9401	107	23463
9732	92	10140
1904	153	528
3062	43	21599
374	134	2000
3713	84	5565
7224	23	1401
8493	146	6378
2094	134	2465
23250	92	1186
6300	84	7397
24892	134	21912
4584	134	486
23464	124	22352
4118	23	8068
6461	121	22823
4506	92	8488
24273	134	6778
1523	131	4923
243	82	8841
6630	134	23047
24372	108	9857
10417	123	963
2979	139	5276
23616	84	23463
6888	134	3575
5982	134	4282
5778	189	10439
5172	84	5671
3738	84	3626
7105	134	3180
25124	134	6860
7189	134	1576
9762	2	1966
4138	89	1597
3676	92	23344
10036	84	7397
24241	202	8239
8496	84	4956
24657	134	4917
10083	73	6726
6586	51	21038
3304	134	4133
5564	84	4354
6935	134	2621
3250	163	23107
2702	84	1496
10066	202	22601
1259	134	4578
1065	134	6228
1654	134	25110
9668	92	4896
24731	92	2215
21611	67	7397
23977	134	24590
710	134	4734
4766	84	890
7114	84	1363
21259	134	3572
5864	134	23680
1101	23	22980
24089	134	3180
4470	84	7753
3243	134	7585
6213	84	9748
6592	134	6226
3711	134	24989
414	134	7054
8733	84	2685
9924	134	2320
23655	21	10445
10033	84	22601
400	129	9144
4553	134	1576
23077	84	23389
22912	134	2457
2423	134	8965
2142	23	9748
21124	134	7134
4721	161	24041
8454	52	1401
21149	92	230
7539	134	24197
22015	134	5992
25458	134	5648
21709	134	8139
5421	100	3010
9835	102	2983
67	84	5977
9263	134	1576
10350	79	9059
6673	134	24819
21915	84	1363
507	129	7593
21445	110	4181
3522	134	8077
3020	134	1278
8969	92	4111
1506	134	9385
23009	67	2685
8896	31	6111
9062	134	23913
3303	92	2000
21024	12	1508
2454	149	24622
6180	134	21650
22099	24	9195
9143	92	9838
24710	92	2162
1555	134	6324
9804	92	9385
1484	134	9798
1733	79	6717
24808	134	10109
937	84	4956
7620	134	3691
855	92	7325
2230	92	6226
494	134	24590
1533	134	8965
23081	134	9532
25298	129	997
8155	134	21912
4484	84	21073
5083	134	5932
7928	25	22344
7234	84	9748
3848	92	21162
8787	84	23463
4633	84	8841
7015	134	4125
3652	84	2685
2599	84	3959
8353	24	5198
6159	79	5090
22302	134	5995
3057	134	9532
6773	110	2122
22017	84	6373
5039	134	23831
2064	123	21062
1399	84	3636
21151	134	2778
4570	89	22144
24972	134	2736
6430	134	8139
7149	134	8340
1071	84	22497
782	134	2809
623	134	6639
2821	134	10072
4190	134	5932
10129	84	9748
22447	166	22382
7556	134	8431
1293	92	24908
21280	164	22980
6148	107	24750
21084	134	5770
10319	139	24782
1644	89	7493
4075	134	5888
4869	134	4392
22203	134	5590
4279	134	24590
21566	84	23463
4069	92	4422
5108	79	2861
23136	134	10136
23385	84	1904
24396	92	8297
8906	134	9061
2573	134	23280
22818	41	5412
9285	40	22299
21343	134	24590
22356	92	22057
162	31	24549
8726	18	2685
21595	123	23260
24667	21	8144
3215	134	4111
24213	134	9135
9468	65	23582
563	134	4111
801	134	2608
6541	99	8101
515	134	9798
7354	134	5971
21429	134	22461
1102	134	22059
7567	8	21857
4264	134	24590
7413	92	2005
9535	89	22492
6950	84	296
7741	107	24817
1831	129	773
2201	92	63
861	129	21836
6197	92	9532
4380	134	4417
24748	134	3432
10260	92	8728
1227	84	22929
8681	84	5671
7980	134	10090
3626	13	5848
494	84	2917
21064	46	23770
321	134	24826
19	134	24976
8294	129	2549
196	92	21912
9026	134	585
24788	43	3725
5099	129	23915
3368	134	2876
8957	134	24624
3383	164	1904
4912	134	24826
25395	84	6731
25282	134	7536
8210	134	3180
6082	134	2970
880	134	1278
6848	24	21095
7115	84	2915
22841	84	1904
3265	134	21508
1075	79	111
8760	84	3626
8401	153	6961
24959	134	8042
4985	92	379
6896	205	6803
7612	41	23557
1416	92	8139
23566	124	5882
9455	84	2685
4616	134	8828
3293	134	22447
5476	134	24071
314	134	22407
3626	153	5848
4007	134	5888
22585	134	2215
22443	134	9609
2961	24	3245
6317	166	71
9662	134	22235
8878	107	9036
6342	53	7542
2343	134	10282
424	23	22980
21271	89	9630
9515	134	585
6466	134	8399
2208	12	1508
21304	134	10136
7837	11	7837
23767	134	22447
22159	134	6114
25422	84	1681
24691	134	9065
8371	100	4686
8431	9	22214
22722	89	2209
3365	47	7397
5873	134	8828
4111	9	2791
10192	134	6374
21937	171	691
547	134	585
6476	92	2970
3741	92	5244
3164	89	3504
7047	23	9748
7007	134	3872
21402	134	5845
6513	134	3575
7248	134	585
1029	134	2000
3772	84	21986
9701	134	6289
7440	134	1605
24070	134	1311
22816	134	25277
3614	134	7135
2916	134	24624
2183	22	2022
5155	53	25392
1439	84	5565
837	134	21796
7285	92	23084
23955	202	7397
8362	134	432
6843	40	7042
25397	134	5845
4668	84	7397
21528	107	5675
24244	92	8071
22760	134	5845
7528	134	9671
1025	134	7325
21584	84	23562
7836	161	4412
8246	157	1138
10309	134	95
7457	84	3636
22652	151	8299
8082	79	1523
24392	134	2164
101	107	1138
24466	134	8920
1805	134	2876
6811	134	3223
25463	134	25277
23459	92	7604
9077	134	1150
24457	134	22407
4385	129	365
5175	134	9684
21903	185	21391
9263	134	7604
5722	134	6324
2285	84	1401
22096	134	21520
24026	92	23266
21316	84	21843
5293	134	7932
8604	52	1401
2965	41	5412
4966	134	5212
9761	134	7134
22295	134	25487
4213	107	3636
10351	134	1576
2980	163	6216
4770	79	24585
22027	84	10166
2730	43	23327
9342	107	23701
7679	92	8244
24621	92	10136
10408	92	9532
10318	134	23394
4620	172	1138
22834	134	21854
5045	134	8360
5608	134	25110
5937	134	5932
1987	134	5770
24965	166	7507
1778	84	1402
25029	134	25138
22797	151	23783
1465	84	1401
8404	41	701
9723	134	21469
25124	84	7397
4199	134	21650
9322	24	22663
9681	134	24686
8200	134	2778
25195	24	25410
21956	23	5867
3117	134	8340
24787	134	6745
1008	134	3691
8255	107	2371
22702	134	21508
21752	166	2556
4984	134	21974
21080	134	23486
24959	134	6814
24612	84	6185
22331	134	2322
24879	92	24796
10142	84	9748
9971	134	3786
23359	31	24946
4068	70	86
6187	134	24356
21336	134	5150
7248	134	2530
3626	73	2917
2947	84	22980
7452	134	1928
23830	103	10307
4919	107	1401
1062	84	23463
5628	134	2320
10352	84	9748
4297	134	2005
24378	134	23058
4477	134	24624
1509	134	2457
8870	84	3636
24544	134	10308
9460	52	22601
24040	134	2572
5956	134	22474
6956	129	7493
3427	172	1138
5742	140	7744
25243	107	3959
1924	134	531
3797	97	24667
8216	134	9615
3128	134	3786
475	134	6114
21609	84	2027
8867	67	2685
21075	134	9798
1375	84	4634
4468	134	5971
7692	124	8353
22207	134	23831
4074	134	3343
1677	134	7135
7026	99	1138
6389	43	5430
2549	139	4171
3121	129	21889
7864	79	24943
735	134	8965
23350	31	6348
24835	24	3066
21244	134	22235
6803	25	21280
25041	134	5695
21075	134	24826
1225	187	21760
517	84	7397
721	134	2778
22854	139	2209
8469	84	23463
4978	84	4634
5530	205	3626
4911	84	9021
21225	134	7872
24590	166	3626
10116	84	3705
2278	134	8828
5811	134	2778
4300	134	1911
6612	193	22942
7500	134	4680
24941	134	9061
23628	67	2685
3228	92	23111
6041	134	25233
22823	40	7042
24043	134	6639
7644	107	107
6370	134	8244
6925	134	23607
4689	185	21255
24727	92	8297
2205	84	296
5004	70	1234
24858	92	5068
23037	107	1401
1141	134	24387
10099	134	22230
3591	92	398
3359	92	5992
3051	134	9615
7254	134	443
8096	134	22525
2440	41	2918
23434	134	6228
520	134	5224
7469	134	9385
8837	84	4365
1038	134	7781
2920	134	22830
654	134	22234
21075	134	8828
7453	31	5191
5284	92	22407
197	134	9790
22833	205	4634
4722	193	24695
3001	134	2970
4309	134	25495
22970	92	3872
7718	92	22525
6424	92	21570
24990	134	21539
7130	134	22525
6961	164	22123
8325	134	5220
645	129	3331
2972	142	10346
8505	22	9219
10432	161	2256
24192	92	22525
22566	166	6406
8787	92	3691
4291	84	10166
3563	134	502
5716	134	9798
22302	134	1931
3743	23	9748
4292	134	22235
9828	146	9491
23723	84	8384
3473	134	9669
22307	84	24402
6809	134	21539
22886	134	23089
6829	84	23541
7239	164	9206
10083	23	6454
4998	134	21539
7091	107	10166
2055	92	2000
7635	92	8965
3104	107	8380
10282	166	3959
24336	134	1037
6081	22	5695
7304	41	7707
23453	134	22059
6952	134	5950
6792	43	24666
23255	24	8894
4020	153	45
24681	166	228
1245	161	206
8086	23	3543
7161	134	25138
2842	110	5855
2150	107	9466
23485	134	2000
9292	41	22489
2831	84	3959
3910	134	4992
21847	134	2778
1130	134	5065
907	124	962
22800	134	10109
7529	134	1743
7283	134	4125
5106	134	9532
4798	134	8520
4022	67	22274
2569	134	2608
4785	134	9532
5299	146	3859
4601	134	23578
2620	107	898
22323	6	96
3222	134	5871
9096	36	8931
555	68	9879
332	129	4686
4778	134	4575
8125	166	5671
23944	134	22390
9105	134	9719
5325	124	4253
24805	134	1664
23068	134	25487
8187	134	6860
9249	134	22059
5403	134	9952
7840	134	3343
24807	134	24624
1310	134	23419
8276	134	24848
9223	134	3223
8545	134	9061
21604	134	7726
23127	84	7397
5470	107	2371
9008	134	7604
15	161	2279
23918	70	1037
7	134	8226
6245	75	6179
8780	134	25222
3037	92	3786
23450	134	21268
2071	43	2624
4583	84	23463
6644	92	10051
24769	89	25114
5451	134	1150
8961	134	3994
9781	134	21523
9578	166	7742
1279	134	4917
8476	84	23463
3309	134	7717
8279	110	22217
1771	134	3575
24891	92	95
24447	134	4417
6810	43	7758
3009	134	23344
7480	84	1054
5535	84	5565
22202	84	1054
241	55	6023
4873	134	9556
8082	161	3664
7882	79	23497
21733	134	25390
22627	84	2685
4665	107	3636
5031	60	10145
1673	79	9486
9430	134	23913
9956	84	5671
23883	79	3820
25158	134	22584
21366	40	7042
6078	67	23950
9085	134	4606
2418	134	5735
531	166	1363
8961	134	4125
5414	134	25233
4473	119	3636
3919	143	22823
178	92	4917
1649	134	22057
24349	134	2621
25173	134	8828
25078	84	958
21027	84	3959
25421	79	841
23019	79	24421
1333	134	21912
7633	134	8828
8967	79	3140
4665	110	208
24949	92	5992
860	84	9479
25318	84	4166
23289	18	1401
23450	134	10140
23974	134	5578
10468	134	6324
9716	151	2666
22230	9	23396
3465	134	9385
23866	43	22586
22344	164	5703
8964	57	10285
24551	134	3575
177	134	21356
10272	134	4807
24320	84	1401
23807	18	2685
4541	134	24848
21643	92	9471
3089	23	9380
5621	38	25491
53	134	22390
9410	134	23578
2305	84	5671
4204	107	22980
8013	101	9869
1664	166	2371
22037	92	3348
25068	134	21539
9235	194	5008
23146	134	8965
3384	84	5671
5738	134	9798
10337	134	9798
6278	134	3223
2582	123	8138
5160	134	23486
25319	107	3636
4892	84	3626
7305	89	4171
21414	34	1794
7522	134	5735
24697	184	1100
21519	9	2752
5411	24	9436
9125	134	22566
24063	9	6662
1950	134	2346
2549	100	2092
7314	25	5848
3151	134	24101
396	134	7300
2630	9	660
9524	134	22583
1126	92	23261
505	134	25390
6532	23	2371
4316	121	22823
1080	134	23607
24184	134	21572
7357	134	7604
24683	202	9879
24641	129	23963
23918	99	296
7444	134	25110
23999	38	6510
5849	84	23341
8051	107	25311
22138	21	10247
9130	40	7042
8271	134	379
21846	134	2022
23996	107	4454
8094	92	2322
4351	84	25311
8677	134	24499
5205	134	23578
3582	38	913
25406	134	7296
6223	134	9219
5052	191	22980
8907	201	7049
8987	84	1401
5153	97	2137
22828	134	644
7157	108	7138
5030	92	1234
1944	134	23261
21440	134	152
2794	134	4896
10097	134	9786
4818	135	23785
4730	134	6317
287	134	5074
10025	84	296
6125	169	8343
1638	107	22980
22585	134	531
7784	92	7534
25388	25	1228
4431	84	3959
1472	92	5888
23822	129	2171
2583	92	8488
25082	124	21185
1432	79	6801
6126	89	23299
851	134	24901
4671	134	23831
6966	134	2000
251	134	25495
22657	134	22583
2549	110	3302
4753	134	6212
6261	112	22166
4263	134	21496
1903	131	7121
436	134	24681
490	84	2371
9843	134	2288
21213	84	3636
21495	134	7604
2208	12	1794
6931	134	6228
4970	31	265
8136	134	4076
7647	82	9233
22275	98	3636
23010	134	24999
5769	9	1502
23311	97	8261
4436	134	24881
1999	134	24881
8309	92	24766
22798	134	8360
6980	84	3959
9641	107	23063
4167	134	23568
22864	134	8226
5178	41	5412
21126	134	2000
22096	134	23179
7225	21	6902
21766	92	9532
852	134	1576
6985	134	766
7353	92	21166
23382	84	2371
10269	134	5992
8	184	7949
10099	134	24499
8532	205	7397
1922	185	1854
2069	166	9034
5331	84	3636
10185	134	3372
25179	164	7458
1954	134	1365
3901	84	296
1659	134	24197
7474	92	2320
8629	25	25369
1415	134	5154
6433	92	9609
8677	134	23578
8573	134	21752
5192	92	9747
1233	24	1393
23770	23	22601
2304	134	10294
2578	134	4734
21615	67	3543
3658	161	3463
25411	134	3958
25118	134	2876
25079	134	24431
2334	134	22910
23197	134	8030
22433	25	2497
1649	134	1664
231	134	5735
6002	84	2371
9900	134	21848
24430	134	1774
23847	134	24356
8803	134	24154
9567	84	4048
8834	134	6800
8113	134	502
9100	8	22
9028	134	2410
7713	202	5107
24553	134	24590
23712	92	3994
25449	134	1417
3532	134	3575
8611	92	2000
5357	134	9065
5278	146	2259
22385	109	3636
5733	134	1311
68	134	22059
9435	92	6639
7671	134	1576
3818	92	1286
10196	84	24602
2449	134	3372
2362	134	10051
2154	142	23392
6803	153	21280
6488	134	486
22365	107	830
7725	134	22461
950	92	713
5903	40	737
2902	134	7585
25143	123	10465
5083	134	10109
23260	43	21595
1688	134	22234
5321	134	25277
5336	43	4795
8410	134	766
21005	134	5244
6069	134	152
22723	134	5871
4221	134	6960
24909	134	5992
4317	182	21740
1698	92	9719
172	42	22040
22399	102	24871
24300	134	3432
1340	41	2440
22511	92	5212
10112	84	9350
3439	164	5867
21200	134	23179
5987	107	1904
22581	134	22830
22471	84	7397
21320	134	25487
199	134	24352
4631	134	3372
25263	134	24356
23490	134	2736
10039	84	25311
3678	84	22405
5409	134	5932
24772	92	4282
3576	134	7585
23115	10	22404
457	20	7302
4772	134	8297
3190	134	4205
9937	131	863
31	37	24610
9230	107	25131
8237	134	4422
21038	5	24082
438	166	9748
6498	134	7726
8433	84	7397
9039	134	3343
8913	134	22583
21340	134	2572
23215	84	1904
8106	166	3959
5081	134	8965
3590	84	22601
5654	134	6814
21907	84	1904
21874	84	3959
319	134	5224
24373	134	6994
6927	134	22679
24073	92	3281
7901	134	8023
24383	202	7143
2404	24	5902
23690	84	1904
528	164	1401
22793	24	664
1036	24	24795
3970	82	9350
6432	131	24609
23654	84	1401
1595	134	8244
2571	134	9176
23582	110	9468
10318	134	23578
2857	92	1991
3129	134	2970
6217	37	1586
3029	134	21496
22659	92	9061
22607	84	2371
7359	134	3180
25059	134	4
24204	23	5671
8425	134	24819
7653	92	8139
23488	41	5412
2030	134	6958
22643	139	24782
944	134	6381
22576	124	2254
24348	134	22340
289	84	5671
9851	40	7042
21798	23	9748
21846	134	4339
6592	134	3273
6217	77	23524
4004	134	22525
5364	84	6185
7318	185	23438
9767	134	2322
6973	134	24733
7522	134	8387
5159	92	9219
437	151	22053
22658	134	23261
5944	134	1928
6681	8	3870
9887	134	9719
9686	134	3958
5140	84	9748
7419	134	7604
9945	134	5735
8500	172	23950
25085	123	9226
23248	84	2739
2238	84	25131
24336	84	296
24678	84	23463
770	134	7054
7826	24	21403
2575	134	5735
24630	84	1108
9479	13	9946
6007	92	2457
6182	134	9609
6097	107	5671
23797	134	9798
7939	134	8746
21450	134	4917
2595	84	5671
5160	134	22059
21190	84	8380
23006	92	25138
24034	107	3533
3130	134	3701
25430	134	22235
21927	84	23463
7164	134	2410
8403	134	8139
4115	181	22250
21043	134	5224
5043	134	7466
5779	134	5695
23103	205	23990
24944	134	2876
983	142	1548
3703	92	4197
698	24	6701
25366	129	6350
1566	134	21650
6125	84	10166
2412	134	766
10305	107	9748
903	134	3994
7031	134	7604
4298	89	25114
21761	92	3872
6565	79	1357
203	109	2088
2583	92	8728
7447	134	5590
7795	134	2203
21949	20	2542
5117	134	22583
23679	134	9369
6470	22	569
8971	134	1576
7964	134	22034
9028	134	9135
24327	107	8793
10220	134	6228
1898	92	443
22556	134	1576
6904	23	1904
2495	134	10109
7414	129	8160
150	134	230
8554	41	820
24183	134	7604
24578	134	8310
191	134	6814
2682	43	23841
9262	134	10136
7513	24	21233
9283	134	8687
2938	161	3066
24535	92	2970
5603	134	23578
4596	134	8431
21930	134	21944
3336	134	7492
1894	92	23261
22909	84	21436
9780	164	21641
4345	134	24826
7743	92	7135
7662	134	2970
3171	134	5971
21160	134	21508
25344	134	24624
9114	84	1401
6256	155	2579
5131	24	7745
8078	166	2739
22437	84	3626
9262	134	4205
2	134	2320
21181	134	9684
7796	134	7862
7704	92	3575
6701	79	7779
6334	79	22073
4377	134	5074
5103	92	4578
2602	75	924
8175	24	7649
25279	92	8722
23357	134	1286
257	134	8520
6787	84	9350
23242	134	2288
6862	134	7992
10495	134	8488
3501	134	6814
2163	134	4992
8376	98	3636
22886	134	1037
572	99	1401
7835	134	2572
3104	107	9350
24293	134	2338
22947	134	766
21730	139	6151
10102	134	1743
774	134	24826
22361	79	2712
24180	134	1576
9590	134	5640
8269	134	24356
25171	84	1496
7474	92	10109
4472	134	4271
3764	202	23950
24987	134	9061
23644	134	25110
7220	134	4125
6043	84	8485
8387	9	24072
7419	134	4422
4635	146	25407
2859	134	5735
5818	84	9748
21168	84	3543
23377	84	2685
23288	46	2184
9861	134	5590
23977	134	24179
1688	92	24826
22832	84	6311
9246	134	1774
9201	40	7042
7634	134	1117
3430	92	23047
1346	134	2410
22873	134	10325
1594	134	23027
6175	185	8580
2725	134	24448
8808	134	22972
2769	110	3344
3290	24	6703
22634	134	7134
8935	134	5735
3006	110	9131
24117	134	5992
6516	142	21986
24700	84	10166
2902	134	23607
9265	79	9231
6179	5	5898
24011	79	21585
25460	134	23913
24506	110	3302
4159	134	21854
9418	164	2088
6299	107	4365
1232	124	22422
7234	134	442
5996	134	6289
6340	134	10136
7273	92	4606
937	107	25160
9617	67	22601
8087	134	766
948	134	8360
22780	166	3626
2110	84	10166
5354	134	23913
3696	134	8297
23513	134	2000
8121	134	182
6600	84	9748
22246	92	7326
4846	99	6185
2242	134	23261
21025	134	9532
7579	134	10282
2830	107	22980
10437	124	628
2270	134	8728
24285	84	6185
3942	92	21496
1724	134	8071
6627	84	2371
24489	134	10051
1613	84	25311
3037	92	6442
23935	124	3973
3572	166	6311
609	134	25487
21065	134	24881
9930	51	6245
701	107	1401
25330	134	21039
4524	79	21646
4279	84	3626
24878	134	22830
7510	134	22583
3187	25	10392
6220	24	9161
8046	92	95
8120	134	5888
8475	164	6803
22226	134	24590
22086	11	465
4656	143	22823
22119	134	22234
24345	24	21893
7845	84	2371
22128	107	9858
4097	134	7585
22118	134	10430
10338	5	24082
7160	110	21212
21617	89	4576
10018	21	2912
138	134	21039
5259	20	441
8342	134	3281
4838	123	23180
5036	73	8819
3199	146	7281
8369	134	5770
603	134	5770
7958	140	2996
834	134	8863
25081	84	1108
4889	84	5675
3647	92	3965
2735	134	9385
3456	134	9385
5692	84	24664
22273	92	8244
9557	134	5065
23528	84	2371
21301	134	2203
7862	166	3659
7468	134	21912
955	134	22940
2073	134	679
22262	205	1138
5746	19	8506
8403	134	439
24174	134	5197
8589	84	2371
5045	134	6926
4136	134	1278
1457	134	2288
7784	134	6324
9157	134	21570
6779	47	22601
1190	107	8002
23443	134	24387
508	164	21499
25187	92	5227
22979	23	23990
21110	134	4693
634	134	23111
23707	134	9786
4258	24	9845
23121	134	10430
9068	109	24931
2261	134	23111
248	84	1051
2230	134	5197
4562	129	2979
2088	25	6961
1173	134	9671
3114	134	9065
21661	24	3585
4246	84	5565
23210	92	6228
5309	134	7135
8946	103	2917
9052	134	21964
5263	134	21941
806	134	4578
7878	134	23089
1283	134	10474
8478	134	21356
23035	134	8340
9083	153	6961
5558	134	6521
5247	134	2410
8634	134	7570
5026	97	2363
10157	92	4528
5869	134	9385
23959	134	23047
7491	107	3636
4925	43	10181
3238	134	22830
843	134	1928
9117	134	2572
327	123	4323
25248	134	5224
5611	107	10255
10007	124	24133
21590	134	8965
5344	134	2215
25408	23	22980
23531	134	24590
8046	134	23084
24705	134	2572
25134	25	5171
3588	185	22221
25265	166	7337
9914	134	21940
2503	92	25287
24398	23	7397
6379	134	2410
9425	43	5681
1310	84	23463
23148	134	8488
22159	134	1576
8854	92	7604
5906	24	7064
3983	183	23115
6581	134	22447
10010	134	21650
7567	23	22139
1241	134	8655
24368	84	3636
5921	92	23259
7609	84	22601
23120	134	21162
5163	134	2621
21643	84	4634
6189	46	8612
23109	134	5845
7613	92	5590
23676	92	8920
7309	134	5220
9874	134	8520
8133	92	7325
8430	99	22733
25175	134	1576
6842	134	439
5207	134	23261
2522	134	22775
22099	161	9487
2427	84	7397
5601	134	6228
9775	6	4181
7249	134	25138
7213	84	22405
10081	134	21356
24332	134	2320
22017	92	4346
23249	134	7492
21339	134	22584
21244	134	5224
3477	84	2685
24461	134	3876
24296	123	23213
22711	107	2668
25036	134	22059
5463	134	7862
3745	134	2572
5357	92	9065
24572	134	292
24501	134	8835
21948	134	7536
7885	123	3861
9976	131	1136
2332	110	311
21963	8	21251
8500	107	23950
3251	134	4718
5238	84	4634
1013	62	5318
8286	107	9858
3532	134	5770
9508	134	2736
8531	92	5695
3768	24	7612
1507	134	4111
6887	23	9748
5044	134	22583
9584	134	23047
2623	146	9855
22447	9	7895
3940	134	2995
10233	84	10166
5995	166	10244
10260	134	8340
8531	134	4417
8560	92	10282
3286	134	8655
5745	134	21539
7706	134	3223
24215	43	8930
24071	9	10174
5662	107	2371
267	134	24881
8132	134	4111
4326	134	23179
5737	134	585
4879	134	2457
8244	166	1354
1092	134	8387
2196	84	2668
751	23	7143
1501	134	9065
22108	134	679
24541	84	3959
24274	134	5971
6564	134	21162
6945	134	5695
24891	92	9615
23120	134	21572
4564	107	1496
8014	131	10487
2921	92	21650
23273	134	21356
1028	134	7604
8836	134	21356
9796	134	3691
3027	161	7693
22509	79	23398
24471	84	1138
23949	134	7831
322	134	5845
5512	92	8207
6571	134	6958
25166	134	23539
6622	134	3372
23789	134	2320
25389	22	5068
6315	134	22059
23222	134	2369
25046	70	5244
3213	134	2320
7041	25	7286
4864	23	1401
4126	164	2371
5320	38	7777
21952	84	7143
6522	134	3223
1524	134	4355
5516	134	63
4459	79	8131
6185	25	1857
22025	79	7649
514	124	22847
22290	134	95
188	134	22407
9469	134	2458
25263	134	2000
3426	123	2869
846	92	22057
4935	134	8340
25437	92	2000
6084	107	9350
6956	54	23137
1809	146	1158
2971	134	24438
6847	92	2544
1462	134	10072
24062	84	1108
23175	107	22274
5007	134	2970
7881	84	23990
32	92	2000
8623	107	5675
5890	107	2917
2726	84	1904
190	134	24989
918	134	4346
8623	79	7741
651	97	8927
373	99	7085
8863	166	25453
21220	131	6817
23191	84	1402
22445	134	25495
9518	134	6228
1814	151	7825
22933	90	9953
5032	134	8488
24850	134	6114
5339	79	22426
23793	92	7151
2203	166	415
23531	134	4417
23399	134	95
5934	79	21324
2024	134	21572
21331	134	23686
4215	107	23860
22707	8	7318
322	134	21122
22043	134	8687
7982	134	10051
4223	84	2685
8561	134	5074
5964	134	2410
21383	79	8987
22510	134	7726
1575	92	24590
2204	134	4282
10423	134	22407
22263	99	2371
5552	134	7781
3346	134	7135
4006	134	22407
1457	134	24624
23868	107	4166
4193	134	6228
5069	84	9350
4818	202	7397
3328	84	23463
25003	134	6960
9444	134	3575
8983	134	95
25210	65	2105
1941	134	9798
24032	134	7536
1418	134	23027
10267	129	22894
2500	92	1186
21587	134	3572
23011	134	6289
21927	134	21041
5340	134	585
2883	134	23179
23956	134	22234
6276	134	7682
197	84	3530
7096	134	24499
2207	134	4271
2300	146	23309
25161	134	10282
24732	134	713
4677	134	2530
21657	99	8384
3182	134	6994
25029	134	2778
377	134	7682
21990	134	25222
9891	23	5671
394	185	8656
4466	134	1311
4425	134	2162
2409	134	7466
2846	134	2322
8807	107	1297
23896	134	3460
7136	92	24624
21575	134	2203
4736	24	9526
234	107	10166
2830	107	1054
5787	84	71
2857	92	3691
8754	92	6940
23506	134	5888
8533	134	25110
3915	92	21539
3000	134	21041
8665	92	21041
8187	92	7770
10082	134	3958
4264	84	2917
524	89	997
4760	134	4282
24052	134	24387
25423	134	6
9398	84	23463
4964	186	3533
10303	134	5648
22075	134	95
1127	84	7011
519	84	1401
6437	84	24610
972	79	10075
7128	134	230
7408	134	21912
7257	129	24644
2008	134	3198
5066	134	22474
6499	139	24782
1147	43	9371
4025	84	22601
280	92	9492
5706	84	3626
21057	84	22601
6518	134	22495
5639	24	25317
6248	134	8920
4246	134	8244
24465	134	2889
25372	79	7515
6577	123	3503
21724	134	10308
23396	84	1108
24286	24	567
2683	134	10090
25287	166	5565
7784	134	8399
21104	134	5735
21294	134	2970
23855	22	7134
21348	92	22059
7700	84	2739
9112	134	3180
21273	134	2428
3594	99	1966
10423	134	23578
24793	134	23280
8064	134	21508
24250	134	8042
24524	134	21120
2292	146	7997
156	84	2917
5535	134	9790
7061	134	23765
3795	124	4336
4719	134	6860
24046	84	1108
2385	79	24924
1098	107	24549
24411	134	5220
487	124	7875
24402	25	8006
25232	25	6961
21548	84	1108
5987	92	8139
6027	65	6824
6653	134	3513
8040	84	3636
25032	123	2478
24119	134	8139
6069	84	21436
3129	134	8387
21196	134	5888
7389	84	23708
6354	134	3432
23812	134	22407
2158	134	21912
8217	79	2813
22456	134	8071
1885	134	21195
7557	134	3372
3567	84	23463
2361	92	10072
21333	134	142
23717	134	24624
5213	84	3959
24247	183	23549
7497	84	5565
5834	134	9790
4748	34	2132
1420	134	6324
23050	134	9385
5153	97	4667
8412	134	23058
24361	134	21508
6264	134	7585
24290	107	8380
24053	92	21489
6322	134	5845
7096	134	2215
9291	134	24826
24393	134	8748
22087	84	24402
6467	84	10166
4116	84	71
8268	134	21570
5765	134	5724
22553	84	21436
9311	24	6669
8308	23	6454
2468	129	25114
7280	205	22554
899	134	9385
8822	23	22601
22833	24	8059
3049	92	5735
23043	124	9651
7321	84	23389
4014	134	25487
22555	84	10166
2588	134	8488
8690	134	21944
7312	92	4355
2922	129	25114
9001	134	21092
3789	24	4308
6262	134	4680
6806	92	21944
24224	89	21212
7736	84	1401
2420	92	5954
7411	79	10384
9022	134	8519
7612	79	24160
24334	134	24387
8439	193	25151
849	92	23047
8038	89	3344
9243	92	5888
24159	110	24159
24834	6	1244
21938	134	24624
3819	131	1182
22150	134	3466
23498	129	8870
7920	202	7143
6967	12	764
21111	134	1417
6333	134	3575
10033	84	5566
5375	134	22407
22873	134	2149
10250	84	23463
25481	92	7682
1472	134	3273
23581	134	10491
205	84	4048
6982	84	1496
3683	134	6226
197	134	443
8579	89	7984
6082	134	504
8261	21	6112
9007	134	713
462	84	25311
21618	134	6807
3634	134	6226
22942	31	4166
23541	31	6731
5542	84	23860
9766	134	1576
8365	139	8910
23931	134	1576
22564	134	24352
21793	134	9838
1962	134	22987
3545	84	3959
5107	25	5444
24749	134	2320
7652	134	4495
25005	97	7167
22745	205	6185
7062	134	4734
7582	92	3273
990	134	9790
22195	134	8635
23148	134	9786
7101	129	8717
22619	134	24624
8531	134	5995
4929	134	1744
9625	134	9385
25251	134	4528
23401	23	3543
3155	21	4628
9120	24	23987
6042	92	8139
3868	190	7179
24978	134	1700
23393	38	6489
2447	124	5734
2090	134	8360
9989	134	8920
6463	134	1311
6117	28	913
9445	134	3776
24683	202	5107
21306	92	5971
25000	134	4
22275	89	6237
2390	123	501
8147	134	3691
22726	107	958
21150	134	23261
5225	85	8183
22241	134	2970
4334	134	9669
1286	166	25160
1004	23	1401
4513	92	4111
185	52	296
24026	134	2000
24422	134	24989
22886	134	2000
3442	134	443
7398	107	4454
22862	84	1108
541	134	4133
24279	134	23765
9097	134	1700
23558	123	23629
23873	134	22057
21216	134	23047
4871	92	24356
10048	134	2357
1225	107	3636
24609	24	1523
1691	107	23165
6347	134	6814
10184	84	3626
22420	84	5671
25331	92	21944
22164	134	24848
10278	38	7085
319	134	21572
3498	134	5074
4968	98	3636
9309	169	33
4975	134	8520
21575	107	24364
558	134	21496
8807	172	9083
22433	25	1032
7670	24	25477
21178	134	8431
820	24	8554
163	84	554
8497	134	3372
750	134	9719
22862	134	4575
3259	89	25114
6546	134	1441
10441	92	3958
10478	134	1576
25001	84	7314
7956	43	1547
5205	134	2776
2667	107	2328
25309	134	24881
116	134	6958
8473	134	1576
7041	25	5848
22933	6	9953
4592	134	9952
5366	84	23463
10426	135	6454
2772	134	25495
262	131	24485
8272	92	21162
10244	99	23860
23577	134	7325
23681	134	5068
21227	84	9748
5966	134	6814
22308	134	22407
22915	134	2970
1707	92	1286
4542	123	9229
6905	134	22836
3441	112	25495
22293	84	6185
22516	134	8226
758	84	7657
9299	100	22012
10098	92	1286
8079	134	25138
24874	84	9748
22184	92	10109
1275	134	8488
22767	134	8655
2426	134	25138
4374	84	23990
133	134	8078
21024	34	1794
7830	24	4330
7488	134	4575
22101	92	2203
25058	23	22139
816	134	10072
9158	134	2369
22035	134	6807
22537	134	21912
21720	92	7717
3520	134	2621
1555	107	3959
4526	92	5224
9863	134	6374
7646	134	24352
823	107	1401
4345	92	22234
1138	153	8006
9344	134	25110
24528	134	21523
8441	84	9639
8430	99	296
10270	134	2995
2122	100	6773
4387	84	23562
9540	54	9488
24789	205	3626
23749	146	7330
10071	84	25311
6450	134	8488
3294	134	4422
5193	22	25287
5284	92	5992
1669	134	6960
252	134	766
3953	24	23814
4995	134	3958
6051	84	3959
8885	134	9065
2003	134	7604
24878	92	406
1592	134	1576
7543	134	24992
22389	92	21166
22696	92	7296
22500	84	21850
9025	134	24356
9062	84	22601
9574	67	21843
3569	11	7903
22022	70	3715
9395	134	9061
24765	134	24881
24286	79	10171
6832	134	2876
3451	134	1022
3943	134	3958
6213	134	9928
4908	84	1496
24057	24	24346
1319	92	5227
24609	24	4923
5370	129	23634
4156	134	6960
5033	84	3543
25176	110	4911
22572	84	8380
24623	151	8413
8773	134	4992
4004	134	4734
2358	134	9065
9081	134	2322
8969	134	21120
8605	124	2729
23531	134	713
21741	134	4734
2082	164	6803
4568	31	6506
5066	84	1401
24511	134	24881
2771	84	24723
10477	134	1991
7887	134	2652
2324	134	23859
3597	134	2876
24244	134	1441
24548	84	2371
7796	134	22230
4489	134	22972
723	134	22034
21204	31	21204
3263	134	8520
8451	134	1774
6889	134	1743
22365	67	23463
22094	134	22059
4187	134	2608
1093	142	6642
21874	134	22775
7281	157	8844
7217	84	7397
23473	131	2513
9103	134	8488
8714	134	21039
1788	79	21642
25469	134	10430
25386	134	24387
6312	24	21783
7531	84	10166
25134	25	8512
10212	134	1664
22864	134	4680
21153	134	2621
4804	84	21843
7064	79	8812
7185	134	8828
1805	134	25487
21263	109	1054
10109	9	268
4102	110	826
23977	134	8920
22692	134	2572
23702	67	23463
6141	67	10166
9514	134	9615
6736	134	22490
9313	172	4956
6132	134	5197
3727	123	6202
22886	134	9957
4139	134	10430
9125	134	21650
24347	134	21039
6868	107	1363
10178	134	25277
3121	129	3468
2766	92	9669
9301	109	24402
1249	107	23701
9712	109	261
8350	84	3636
4899	84	1401
10240	134	5992
7364	134	1272
1570	131	21083
10132	134	22539
22927	134	1743
9186	134	443
4446	134	10294
4465	134	22838
21827	84	9748
6833	134	9747
4720	134	1928
4223	134	6228
5201	67	23990
2704	84	23950
9106	134	24590
1435	65	5361
9766	92	9615
7684	134	5383
8348	134	2876
5520	31	4751
22228	123	7978
5594	134	2000
21883	92	7438
10428	134	4680
2188	43	21878
22064	139	3246
1340	131	8404
9141	134	5068
5491	134	25192
2218	79	8128
9562	84	4956
7567	8	8580
22982	92	4698
5122	35	9124
2933	134	4422
22776	134	5074
7706	84	10094
22583	9	3292
2474	167	1104
23157	134	1441
8911	134	8244
4566	134	21650
1820	134	5197
8346	134	21570
7716	84	8062
7781	166	3959
23435	134	3223
7225	21	5411
25424	58	10261
21543	165	8927
4941	84	7397
630	84	8084
24564	92	9219
9269	134	2000
6517	134	24448
6467	134	10371
5637	134	9790
22202	18	10166
8443	134	6860
8251	134	25138
103	134	3965
4419	107	23846
3563	84	3523
24533	107	2371
5144	134	21655
4985	92	8244
9179	43	10405
22505	84	24817
6158	134	2428
6061	134	22584
7264	92	5244
7557	134	2000
1919	134	5735
10000	43	1427
21688	134	10072
9978	25	22483
22783	134	2458
1700	9	1205
8254	134	3180
10406	134	25233
3457	107	2685
4823	84	107
5065	9	23264
23233	107	24402
21455	134	6639
5751	112	9471
6976	134	1286
9756	107	2638
21077	92	1605
7525	134	25277
24895	165	3954
9631	146	4947
22380	84	22274
4551	134	24197
23859	166	9673
8335	84	4956
1688	92	22525
10373	84	23463
2107	92	22461
22284	134	152
21501	134	2000
25280	134	9063
6526	18	2685
9131	100	8910
21636	84	6185
22870	134	8077
8786	134	22584
3530	23	9748
23378	134	7325
5447	22	4045
1645	134	8828
21349	134	1928
3943	134	1744
320	79	22847
8820	134	6639
6051	92	9609
8043	51	24082
3586	146	6547
3127	134	21496
8864	134	1744
24675	103	961
6090	84	23701
5853	134	7536
24319	134	8310
1005	134	9615
278	134	2572
9657	84	1496
8552	134	8431
25497	31	291
9040	25	8512
21851	134	22474
5039	134	8920
1002	134	9838
5505	134	1928
21029	23	4956
6244	84	3626
1422	92	2458
24428	134	3180
24836	24	22205
22690	84	2371
4273	134	8297
5401	43	22614
8291	134	9719
663	84	3636
1954	134	1911
4137	99	21094
3032	131	21083
5729	134	3343
21141	134	22584
25295	134	1744
23809	134	23578
21287	134	3575
755	84	24402
24191	134	9798
507	129	3323
2107	134	5065
3544	53	22518
6612	23	22601
8483	22	4589
23309	138	1138
24929	134	7604
22924	134	8828
3188	24	25082
9660	84	9350
7256	134	95
1754	134	23027
2914	134	6994
24005	134	7135
5733	134	3273
3029	84	4158
24018	134	1744
5251	52	4634
4757	185	23929
3784	134	4807
24606	134	21944
3034	38	1815
5248	134	182
22491	57	7558
2272	134	24848
5857	134	5954
21943	134	292
9310	140	5132
4835	134	6324
440	92	2428
7176	92	24197
7435	134	398
6534	134	6639
1452	134	23831
948	134	24352
10317	92	21650
8787	92	6324
4601	84	5671
21899	92	24590
24708	134	3876
50	84	7140
1729	134	22583
22007	92	9669
8317	84	24723
9407	134	9615
24844	134	5197
151	134	22057
8870	187	1044
2641	134	2465
2228	84	21556
24201	84	24262
3040	89	997
7049	124	4493
10006	92	9928
23677	134	3281
21927	84	2027
3093	134	2608
22199	134	2876
22592	134	766
21059	134	9928
4345	92	3575
10346	31	2972
22877	92	9219
3503	129	7493
7018	84	9748
4485	84	6185
277	92	9789
3598	124	8641
3096	110	24644
8167	134	230
2943	92	23486
25086	134	2346
7579	84	23463
1383	134	8340
9732	92	8728
5502	84	7407
23050	92	9522
18	134	22557
25310	84	1401
424	107	1054
8126	134	8077
23020	134	7992
24650	84	4158
4376	84	3626
1516	107	296
574	92	4575
5889	84	25020
2182	134	23441
4260	134	9063
21507	107	8062
6830	134	22235
1208	134	22583
24383	23	1904
5738	134	6228
21066	84	4200
21046	134	21039
6757	164	10187
3825	84	8840
505	134	21520
5845	166	5671
8671	134	24499
24700	134	21508
22677	134	5932
9597	134	21570
8540	134	1928
8740	79	10213
1463	134	24819
2126	131	7355
3664	161	8082
6457	84	2685
10063	205	1401
5280	134	3273
3895	68	9879
22782	84	3959
5786	38	5466
10103	84	2685
23984	79	9490
9018	134	24356
24789	205	7397
9767	134	21508
967	134	5770
2726	134	8139
6756	84	7742
3801	107	22139
22154	134	4125
22479	134	2608
25430	84	2685
5413	134	3575
23330	31	2574
24686	166	23463
24037	134	22057
1033	134	6228
24618	134	24431
3310	134	9236
25452	134	7585
7357	84	1401
2085	97	8927
3383	164	1297
7188	134	3575
4965	84	23463
4800	134	5932
10248	134	23578
3479	134	679
1421	134	21039
10441	134	766
8068	153	25112
1471	134	3223
24597	156	6311
416	31	2383
9368	134	22495
24519	134	22234
2398	134	8863
21706	166	23524
5800	92	3432
23913	9	8309
4533	107	1401
22064	107	3636
5061	134	5065
21967	23	1138
2802	4	3705
7540	84	3626
2387	134	5224
3373	134	2970
22765	134	25480
25379	24	8433
23683	134	6442
10217	92	24063
8446	185	9881
7124	8	7422
9218	79	4994
2567	134	4133
21283	134	95
21145	134	8488
7096	84	25311
1607	79	24605
6591	134	21944
6839	11	175
23898	134	5068
9410	92	6
23661	84	8062
3627	134	6940
7176	134	2465
23495	134	2369
6121	18	23990
3222	134	8387
24486	134	2778
6283	92	3575
23127	134	9684
5596	134	4392
6985	134	95
1312	92	3994
1994	84	22601
7814	157	22139
10088	92	22407
1651	134	531
24318	134	2778
7181	134	504
21216	84	24227
10349	84	3381
7821	134	21039
2518	84	2685
22470	134	3776
7898	134	21120
22203	134	25487
25381	134	2020
1527	191	22139
22111	92	2584
7005	134	713
25446	134	23578
4899	134	22474
1741	134	766
6417	82	6678
1962	134	1743
3209	124	3841
564	134	3208
23670	134	8226
23144	163	24767
4805	89	4181
4308	79	3789
2043	127	1460
176	24	7298
7540	134	2020
21814	134	9065
8807	67	9083
9415	153	25369
9607	79	24542
7195	92	23344
23964	26	7011
23630	131	21791
24094	110	9630
4481	117	3984
24255	24	9653
6328	99	22554
24227	142	1402
74	134	10051
10240	134	3691
25103	161	22008
25255	79	8072
2332	110	9630
3719	134	25222
22721	134	1774
24718	134	6484
1336	24	24058
23751	25	8006
2756	123	6577
5692	161	8238
7767	129	7903
23010	134	7862
862	134	21655
1011	134	10136
21272	84	22139
1332	38	666
25411	134	8297
3785	139	21836
7401	107	1401
6368	134	25138
4470	84	1400
7094	92	21039
3766	134	24387
23338	134	6114
3875	134	9219
3760	134	10072
24137	24	701
23138	6	773
25455	79	1465
5594	92	9532
304	97	9304
5874	31	9566
2089	134	21655
3589	99	5671
22278	134	8139
1128	134	6324
10160	134	23578
6727	134	2778
23201	131	21083
851	134	9671
428	8	3544
23379	157	8708
1452	134	2572
10391	84	8708
2186	134	9532
24412	154	2875
2862	24	1822
10240	84	9629
4904	134	3343
7651	84	6185
2211	107	9748
2549	100	24506
3802	134	1278
363	134	584
6286	134	584
1845	134	21964
8063	134	9063
2878	134	3180
1487	134	22230
2373	134	22461
9835	146	10360
10156	84	7463
1651	84	3959
21702	134	10136
9760	134	2876
23867	123	4218
23491	134	23578
2120	124	1103
4782	84	22438
10088	92	3958
6519	134	9798
25279	92	3316
10132	134	7781
1205	134	2778
3676	134	23344
22657	134	24352
3495	123	952
21984	134	2778
3774	134	5590
5965	43	8745
731	134	23913
633	84	23990
3199	102	2983
249	134	9236
22219	134	22461
2272	134	9369
4730	134	7772
418	92	24387
9981	107	8551
675	23	3626
8209	79	9198
4758	84	9214
2287	134	2428
24645	84	23463
23790	134	24499
24717	134	5068
3509	134	22910
23657	92	5845
5253	134	7135
25047	124	8072
7063	23	22601
2281	84	1138
1816	134	1499
21830	134	1928
24661	134	2000
3392	134	3343
23175	84	22274
8701	79	23883
344	92	7717
25499	23	6454
1976	92	21572
5616	134	4896
22399	23	7397
23697	205	1054
24592	184	6408
25247	134	2000
2285	92	4076
1294	134	22830
9477	165	4554
6773	110	24644
1301	134	6442
5885	92	22584
3885	134	25277
23301	134	1311
8646	134	8920
9283	92	5068
8985	134	9719
8138	123	23514
21117	191	2917
5238	134	22245
2721	23	9748
3156	134	2608
6980	134	10308
4094	92	5932
9152	139	22217
3345	84	3636
22055	10	5730
6584	84	4200
4211	134	644
3021	79	5231
22824	134	6814
21574	134	805
4527	134	7862
9542	134	2203
1991	166	9036
597	67	10166
9810	134	10308
21359	24	392
3218	84	6515
24797	164	21275
1061	43	4356
2493	134	6800
1643	134	2346
1479	109	24931
6625	134	21539
4826	134	502
22433	25	6961
23964	27	22980
3304	134	6228
241	109	24931
688	43	23840
5380	43	21493
6836	43	4060
3622	84	1401
7380	24	1874
22172	129	6237
10227	84	10166
23333	84	1108
1458	134	22779
7485	92	3958
3911	134	24624
22317	92	8297
23533	23	1697
23087	134	7326
7521	129	24921
8316	11	3444
3088	9	7388
6898	24	9330
7013	84	6185
4752	43	8208
21981	84	23463
993	134	9369
22168	134	6324
7169	8	815
5296	134	9719
21795	134	7054
8646	134	10430
23447	134	95
6390	134	2621
4056	24	9027
9571	18	22792
1449	134	7585
8716	84	25311
9005	134	22234
1935	92	7296
2258	84	4365
23900	43	8055
4391	23	2088
3219	84	3959
5358	135	5037
7449	134	23607
10493	92	4680
4345	92	25487
24959	134	6960
5672	202	3308
1488	79	5199
3610	75	82
2791	134	4111
10321	41	22489
2362	134	1311
4883	166	4418
8682	129	7493
23621	18	2685
10259	134	2288
9939	129	3019
2302	20	1309
24956	92	584
9579	134	22461
2299	134	2995
10390	84	22601
24453	90	2549
21220	79	5592
24807	134	8077
8994	84	21556
25274	134	7325
7019	134	10294
6963	89	24644
22788	84	2685
5483	134	23441
87	134	2162
22663	41	6713
2873	134	7021
1008	134	3180
3181	31	24549
23342	134	24624
5539	79	2587
21144	166	9350
22899	134	95
23449	134	24848
21098	107	9467
5939	84	9748
3739	97	8927
2555	84	1402
8897	151	1560
2659	84	3636
2161	3	3468
25044	134	2000
21922	129	1597
9273	134	3572
5744	5	3610
10035	134	8582
6836	89	25114
23001	134	5074
5239	134	2876
9468	110	6607
25280	134	23261
3787	134	22775
23259	166	6406
3025	134	2000
5596	92	8965
22238	134	23261
10479	84	23463
3416	134	9719
269	134	5769
1578	134	10474
25286	84	2685
1793	134	1991
23565	134	8953
23267	84	3959
25234	183	2511
1582	84	25156
25416	121	22746
9733	134	22390
6005	134	8488
6196	23	22980
23085	84	23950
407	143	2397
23228	134	21655
9405	134	4680
23625	107	1401
4549	134	6374
22220	134	3701
24287	27	23389
25301	84	21850
22858	52	1401
454	92	2876
3404	134	23089
1920	23	22980
2220	134	3575
22961	18	1054
2535	134	4896
21060	97	22376
5810	24	21112
7348	134	25222
2039	124	1159
6102	123	6365
22673	81	22519
3038	84	8273
8900	84	4454
8884	134	2608
3138	84	24402
24104	166	24364
7679	92	4392
813	186	3765
2883	134	24356
180	9	3213
7528	92	24060
21868	84	4158
3035	134	9065
24972	92	5767
8851	134	5068
24467	134	24819
2657	134	4575
22520	84	2668
5324	139	2025
6735	84	9350
2600	134	5212
9659	134	2530
2657	134	8920
2485	134	5383
6375	134	23913
6621	134	4282
21777	134	3343
8852	134	10474
6084	67	8380
2052	79	3664
4597	134	22583
22716	101	2839
21410	134	1744
6102	129	22854
1573	134	8226
1282	134	24881
9239	61	917
7082	79	24416
2402	134	8297
22270	134	5590
6157	145	189
6648	134	10136
7205	92	1365
3886	97	8927
6966	134	10136
21902	84	2371
23677	134	6228
24131	84	107
10338	75	6039
22381	84	5671
9994	27	21641
8876	134	1311
22048	134	6255
7655	134	95
222	134	4606
3677	20	4920
22059	9	7523
2558	134	6442
1946	134	3872
71	178	25307
4343	134	9719
25284	107	23463
4524	79	6312
7821	134	23380
25173	134	21356
6268	134	25287
4826	84	3959
2613	84	3636
22107	92	4133
8471	134	22407
22176	84	3626
8400	205	3821
3912	134	584
3828	134	2162
2186	134	10051
23005	134	805
2056	134	1928
24565	92	2776
3503	123	5836
1253	131	4215
6231	107	9350
9579	134	5224
24291	84	2685
6773	139	24977
3353	134	5947
10329	24	2340
9400	92	5068
9494	24	21035
1980	12	764
4516	134	9790
25433	92	8077
21115	134	5197
6556	84	2371
21236	202	6454
25100	79	22465
6299	131	2961
2352	107	1697
21485	84	1400
2170	157	2283
2244	191	296
23642	134	3372
7709	84	24227
3446	134	9385
22262	205	25232
570	134	8042
22990	124	6166
6632	134	443
4991	134	6324
1712	134	24179
21411	134	10136
2456	134	9385
2093	134	9957
24597	189	22601
3335	134	23686
955	134	7296
2927	134	8965
2096	142	2928
24271	185	24377
8047	92	6639
4794	129	21889
25433	92	3965
820	41	3194
8656	23	22601
1439	84	1363
1226	84	24817
1305	129	2549
5927	134	4422
3485	107	5671
9605	134	23111
1895	134	5932
8284	84	4365
22029	124	23984
2596	25	8006
1327	134	1278
21708	134	2288
21782	134	21356
7913	43	1385
24813	134	6226
25499	74	6704
6232	134	5648
24221	134	21854
1434	134	24387
3089	23	7377
4727	134	3180
23897	164	25232
8914	107	958
2813	84	8708
2021	99	24969
7211	24	23128
23930	79	5539
3027	79	7693
4082	134	9669
23312	84	1496
9190	134	8077
9088	92	3965
10032	92	9219
21303	27	7397
22194	134	1928
24685	123	10454
8157	79	557
3394	134	6228
8357	134	8920
2417	134	7534
935	134	7585
3116	22	23486
5658	134	585
23940	134	1576
21962	134	3513
22807	134	9671
25264	134	585
5318	62	1013
8673	90	773
22592	134	7604
4716	134	1991
24052	84	2371
8364	134	8828
10407	52	22601
5774	129	21836
24948	134	2630
2382	146	9894
7272	134	3572
21095	124	2191
21873	24	9951
21628	134	24816
21866	134	3965
7731	84	22405
23332	134	766
9096	97	23552
8271	134	24976
9776	84	8384
1690	32	5047
2378	84	1904
7747	84	3959
22622	166	8430
872	134	9790
7880	23	1401
25457	134	25487
188	134	22474
3891	92	679
23327	129	7493
21915	18	1363
23450	134	25390
5576	92	5888
10431	134	4189
22156	134	21356
9186	134	22407
2414	84	4365
7672	84	39
4646	84	607
8266	84	2917
2861	24	5108
22570	134	8748
23763	134	22838
3128	134	24660
7750	134	1743
4649	79	23358
4473	25	22344
6893	134	22407
6899	134	2346
5624	92	5561
4776	134	2970
6328	68	2685
21716	134	22407
40	129	2332
1098	84	24549
2679	134	9719
7585	166	3959
6370	84	3626
23793	92	531
7072	9	7643
10253	134	21848
23130	134	22230
1789	43	24224
22521	84	8062
2722	134	21122
22817	31	8257
2951	134	25277
24056	134	21572
21770	134	4392
25041	134	7438
23550	134	10109
2520	24	7943
22526	134	7296
10475	84	9350
5879	134	6960
22650	84	7011
1305	89	2549
1248	134	9790
5629	129	6128
5186	134	3575
21146	92	5954
9611	5	3610
6101	22	6926
2638	31	8627
1032	164	7397
3659	99	21235
4296	129	4632
8646	134	4575
23949	134	679
7002	134	22234
4350	134	21120
6627	134	5735
4672	84	23990
6621	134	3198
6743	134	23578
21513	31	24902
2596	153	6961
23633	23	5675
9128	79	6995
22026	134	7054
22130	134	10136
23079	166	8222
198	134	9492
24052	134	1537
3159	89	6027
2173	134	21268
9575	134	1576
10395	123	22279
5541	134	8340
3307	134	9065
21672	107	1051
3065	134	6324
21626	134	8226
10404	24	3220
3759	134	5950
9714	92	9471
3966	100	4482
6824	110	7109
1842	92	9492
1334	134	2970
5562	134	6226
6006	202	22601
22940	166	9748
537	84	23463
2799	134	8728
1604	134	2621
3858	134	5244
3808	134	3958
2783	134	6228
3849	134	25110
6927	84	25160
1709	134	8748
24693	84	2685
7099	18	2685
3414	134	8965
23145	84	8380
22439	92	3776
25134	25	22344
21128	92	2022
25364	92	9492
7877	134	24819
7158	124	7352
24456	83	8664
222	134	1576
22348	134	22234
21899	134	486
10486	84	8380
4860	134	6226
25276	92	2410
5587	123	5960
7251	43	21062
21613	124	21010
8308	202	6454
8405	134	502
8308	42	22089
24889	107	1496
10042	134	1272
514	24	25443
23477	134	5950
7617	84	1639
7179	40	3868
21524	84	25160
25170	134	10371
23770	193	22794
4114	134	4282
24727	92	4282
3263	134	1286
23029	134	4035
8879	134	22407
10173	129	4686
2546	134	8431
9241	79	1330
10158	75	5744
5684	134	24448
22257	134	7726
797	134	5224
511	134	6226
5248	134	25138
5236	134	7781
7254	134	21692
1056	134	2608
5015	84	10166
8774	134	24409
1577	134	24624
7468	134	22234
23868	134	4992
3810	134	766
10303	134	21567
5535	134	531
7099	84	2685
8503	134	2320
9806	134	3786
9934	38	23779
8178	84	2685
1632	151	9672
670	134	8431
7861	134	24387
1226	24	4038
22806	134	23539
3139	84	2685
3442	134	63
5797	134	10051
316	84	9233
21155	134	21039
8956	134	2970
5288	124	8363
23583	134	2995
935	134	3408
6592	134	5770
7498	194	22151
23427	84	23860
9203	84	10166
9703	134	6374
21820	185	1854
3902	134	4528
25225	134	5074
8408	24	21613
505	134	21854
1253	107	3636
10493	92	8387
9495	92	6639
6464	166	9748
7615	79	6689
808	166	22630
1565	84	2371
22381	134	8965
5889	134	22449
2498	124	25147
23763	134	2000
8405	134	1441
9375	134	4422
9960	134	7570
21982	134	4282
71	23	22139
23942	134	25110
24995	134	25192
9178	38	5634
9016	166	25311
2859	134	22235
23603	134	21039
10279	84	9748
24017	134	22234
21211	84	1904
782	134	4917
8902	134	10109
23174	134	9065
9864	134	8494
7202	99	24696
22606	134	95
24442	134	5971
2884	92	2544
1957	134	9065
10287	134	22057
23822	43	1635
3642	134	10430
21760	84	3636
6845	134	6958
5999	134	2320
3166	134	1311
22944	202	1138
4947	84	3636
25292	134	8297
21597	67	3626
5501	134	6226
9008	134	4271
537	84	3959
9316	99	3605
23057	134	24499
399	25	8006
986	134	10430
24116	134	5971
25205	134	2457
3804	134	22830
7725	134	22235
3086	134	10074
21555	79	6421
22709	84	6311
2896	134	24989
6487	84	22733
24877	134	6958
21265	134	4441
7074	134	4282
5275	134	21650
542	134	9385
4315	92	10051
7743	92	6778
9692	84	23562
4771	24	24611
5239	134	10051
4621	134	1026
518	77	877
1818	107	22601
23639	134	7570
6303	134	5992
642	134	95
2946	107	10166
6718	131	6411
22191	92	7296
9614	134	9928
6906	157	24549
8290	134	7682
8529	110	9561
4205	166	8401
421	134	21650
8864	92	21519
21514	34	686
24879	92	8828
7029	134	9928
25090	134	2320
8536	79	21683
10200	134	8920
23345	134	3852
22558	82	8551
7714	134	5227
7447	134	22830
298	134	584
21045	134	8125
5578	166	23637
9658	123	6102
22415	84	6185
22806	134	3208
1504	134	8828
3417	11	773
6578	134	585
8389	134	24356
2501	92	2346
23820	84	1401
8288	134	2020
4086	92	398
9437	46	21358
4271	9	9510
6368	134	5770
3486	84	232
2144	134	4133
4426	89	25114
9792	134	5735
22752	134	4271
22833	205	24364
23726	92	5224
961	113	25228
9891	97	384
24781	134	3372
8821	134	502
6420	84	9748
21430	99	23463
7943	24	4545
22758	134	9340
22554	25	22842
296	73	22405
2013	11	4579
21483	134	5932
24889	84	1496
2553	134	2410
7628	84	7918
5166	134	10051
24009	134	8244
22450	134	5735
5282	134	6226
9808	52	8050
22036	123	23308
7370	84	3959
6355	79	1614
21640	134	6639
4594	178	25245
2929	107	22601
302	84	22601
883	84	5671
8200	84	10166
25238	123	38
5263	134	5590
3209	161	4117
8530	134	3572
10267	89	22144
5864	134	9385
955	134	3786
6316	134	2778
8943	134	22869
25481	92	585
5098	134	3691
23171	134	25277
21037	134	2776
23706	134	6374
9314	134	3432
2177	127	22305
3975	134	3876
1792	140	23505
8623	84	24817
2963	41	2097
9198	79	21170
24350	164	6406
4908	134	21120
5550	92	22584
419	134	4133
10419	79	7741
9307	107	10166
5576	134	5888
22361	84	1812
8618	134	21572
24130	134	9669
24	107	23950
24303	134	2608
22600	107	22253
7385	134	2243
4785	92	4076
22273	84	3626
558	134	5932
1829	84	1904
8649	79	21791
21100	134	9532
1458	134	7054
3455	84	7397
10319	100	22643
2398	134	1744
9933	134	10430
1870	134	432
6869	84	23463
21266	84	23359
25345	84	9750
5934	131	2513
5245	103	3636
7835	134	8488
21698	134	3273
1151	84	1400
8975	84	24549
527	134	3223
10478	84	24227
8665	134	4528
22031	134	22830
23998	134	3281
23550	134	5932
21224	28	6737
1020	146	2280
1941	134	8042
628	84	9021
3689	134	9065
24305	107	5443
991	134	22444
22227	134	1744
9530	77	3488
4623	134	4680
1129	134	2876
5801	160	7160
302	84	6612
6522	134	1576
665	134	9615
7068	79	8751
21417	92	10308
7093	107	22438
5597	191	7143
24161	134	1743
21560	92	5224
3462	134	2458
3106	134	4248
4270	134	502
612	134	1664
2725	84	5671
2902	134	6324
3726	92	3776
8406	117	22024
24971	23	9748
22129	134	1991
24335	134	1928
9765	92	22525
24311	92	8297
5573	134	4133
21852	134	21523
22231	84	23463
8923	134	4355
23817	134	5888
24219	84	22274
24032	134	25495
23738	134	10308
8141	134	5224
4540	173	6220
24979	134	6958
6880	134	22525
8623	107	7924
2057	107	71
24218	134	23280
8541	134	22461
6549	27	8050
2046	84	22139
21909	134	9532
1868	134	2012
21896	134	531
22855	121	2397
24008	134	7712
3139	23	2685
6343	84	23375
4235	134	24356
2163	134	2000
22501	134	585
22992	92	568
8757	134	10294
10471	134	9669
21047	134	21508
6453	84	22081
843	134	22474
2516	134	25192
25140	79	8201
24174	134	585
1455	134	5888
4973	84	2371
2805	134	585
489	134	4528
4196	24	5000
4265	134	9719
4623	134	6521
1092	134	6745
22528	79	25042
23383	134	22461
5952	134	2320
21547	84	8062
24564	134	6484
7888	205	7397
601	134	2621
24961	129	6955
21158	134	3180
7863	43	10267
21194	189	10439
9100	23	22980
23261	9	25301
6419	134	6324
7649	84	24723
8750	79	9482
23180	89	21836
5101	84	2668
2508	134	4575
24656	134	1365
23380	166	39
820	41	7612
7685	24	3209
23356	134	5383
2645	92	8315
349	134	8197
2973	134	25222
4788	107	2917
5831	134	1664
5537	134	24992
2898	134	24816
794	134	24881
10327	134	24918
24909	134	1743
7605	79	24620
7860	134	22461
8432	107	2917
7739	134	4417
25090	134	8965
24776	107	961
9994	27	21235
9509	134	24819
10375	134	9847
6271	84	6111
9602	107	25185
1281	84	24364
9564	134	21120
21087	134	3965
1041	134	3343
23431	134	1278
7694	84	1904
4221	134	5932
454	134	22584
21067	134	442
1514	134	2000
9189	134	6521
22396	134	23419
8389	134	25287
24361	134	4028
7265	134	25244
1514	134	9790
22041	21	22676
5214	135	9100
4572	161	23566
7975	9	2649
1880	134	3372
419	92	1664
9577	134	22234
23094	107	6356
21867	79	3021
23941	21	25123
41	134	6228
24943	107	23463
171	84	5671
3066	24	22426
10318	134	8125
5889	134	2776
9775	54	2185
4937	146	8213
1996	134	23441
21138	84	7507
7382	84	23463
4985	134	25192
21543	21	651
25397	134	24819
24128	61	5728
9678	134	25390
9526	57	4736
23396	92	8244
1766	164	9380
7077	134	3575
4611	134	9669
9219	166	23270
10287	84	1496
4786	134	24060
7029	134	2876
926	205	9879
502	166	3959
6060	84	8062
22820	134	10022
776	134	5423
1747	79	4216
9607	131	7506
6232	84	296
6759	134	4111
22013	134	3958
21738	134	6639
2473	134	3958
8847	134	25222
23199	134	23680
21003	82	8295
8744	134	95
24715	84	3959
10416	134	1928
9506	134	8965
4305	23	7397
23957	134	1743
8984	55	3537
6082	84	9748
21507	24	7780
4563	92	8023
25284	84	3959
1534	107	1400
4626	79	24133
10386	129	8365
8656	202	22601
5658	84	3381
3584	134	24848
3968	123	7146
22730	134	9065
120	134	3965
8928	134	21570
4123	84	9034
8221	79	4923
2317	84	4634
25303	84	22901
5499	134	8494
24697	74	22345
24100	92	21520
1934	134	6324
24897	134	5735
7394	134	21039
24617	134	1576
8418	134	7604
2311	134	22407
4945	110	208
7262	134	766
511	84	10255
24099	38	7918
7268	134	6324
1838	129	6332
3960	134	10136
24704	134	1286
22270	134	8340
21785	84	1401
5192	92	230
5226	134	406
3296	107	23701
21087	134	21166
21001	146	1350
9614	134	22830
23728	84	6185
5330	38	4373
7540	84	5493
9971	92	8488
1974	134	7781
8397	134	21508
1772	134	3965
21880	134	21356
1328	24	22465
24324	84	6185
8175	79	9632
6824	117	22024
9277	134	22407
4882	98	22817
24112	134	7712
2756	129	7493
9861	92	5590
6002	92	5735
2891	134	23259
8817	29	7143
6869	134	3958
21007	134	766
19	84	25311
25484	92	1827
7565	92	7831
1272	9	21550
23510	134	22525
579	92	22461
6193	134	1576
24285	92	2410
9120	124	23987
25375	24	24993
4009	31	5646
3244	84	9467
22147	134	6639
6594	134	7325
3650	185	1397
3759	92	2584
7040	142	22569
7114	134	3372
8317	107	24723
24700	134	4734
3131	37	6704
23020	134	2022
2347	125	961
3377	92	2020
8804	107	4404
10174	134	24071
24044	129	2332
4899	134	7604
7789	134	7151
23223	202	7397
4790	134	3667
24097	79	5363
7933	134	7326
4416	23	3626
23765	9	6160
22418	92	5197
382	43	22648
1036	84	1054
22670	134	2215
22372	134	8488
7652	134	3074
24171	123	4348
528	164	8380
7360	134	25495
8484	42	2159
23766	79	405
3658	24	9640
3414	134	4606
8565	134	9847
21996	134	24448
4891	134	7300
21188	84	8926
2495	134	432
4946	134	1991
8632	119	24931
25379	124	3923
6231	181	25061
24304	134	23084
22448	31	6861
2827	134	6521
7339	134	2369
25241	92	2320
3175	134	2458
25320	134	8431
7006	139	6143
6067	134	9798
3703	134	7349
24810	134	24499
4207	99	24402
9138	134	22461
5465	134	1576
21594	5	2738
8661	46	6111
8911	134	3408
22300	92	1605
21761	92	1743
5674	134	3180
5278	129	2659
3282	134	3273
5594	134	22407
23176	24	5906
7649	107	23701
6015	146	7825
5261	134	6374
21353	134	9385
21700	134	679
6482	134	2000
117	134	1928
21305	84	2371
21897	134	2000
647	134	23539
4010	134	4680
25282	134	25495
10052	134	2736
24374	134	2000
22951	134	1311
9336	134	24989
1372	166	23463
21569	134	1315
4466	134	2608
5060	134	1311
8747	17	9102
2177	99	1401
21349	84	1401
24647	134	9492
25125	151	24673
9132	183	1889
2689	134	22525
7756	134	1286
6885	134	2572
5465	134	9719
6567	11	21467
4914	107	9628
24481	43	2866
21052	134	5065
5022	134	8399
25205	84	23953
21895	134	25287
5550	92	443
21958	79	6136
6758	134	9615
6711	84	9748
1974	134	8399
833	134	24826
24411	84	1904
8482	23	1904
9107	134	8828
8569	52	22601
7940	92	8687
6508	134	24448
21172	92	4680
4915	84	2685
594	134	10282
22976	134	3965
9565	134	22461
2694	23	24402
3522	84	2739
414	134	24901
4081	134	6639
3453	134	7862
1530	134	2530
25104	100	2749
25358	134	22539
7995	134	10051
25027	146	2716
5141	134	24766
7616	57	4168
6646	84	10166
2730	129	7493
23186	107	21850
24978	134	22428
4507	31	3743
5504	134	8077
21340	134	3208
23764	134	4339
22068	134	25495
8241	134	432
5050	84	3626
1005	134	7135
112	134	398
2150	79	2854
1067	84	2596
25285	79	21651
4787	84	22405
9556	154	3612
4650	43	1630
8727	134	5197
22247	134	23047
3383	164	2371
1916	134	3432
4177	134	9719
1165	134	9719
9029	134	22584
24669	92	3432
3083	134	2199
3925	84	23463
3487	23	1138
3416	92	10074
7910	134	3965
22315	134	182
21867	131	781
2342	134	9909
25411	134	22235
5414	134	1186
6297	134	21120
301	84	9748
6322	134	3691
6112	97	8261
22773	24	6995
6940	166	23562
7244	202	1401
24130	92	9669
23431	84	8380
6224	84	1363
5239	134	5735
3479	134	21162
21914	134	22340
22231	134	3180
2155	134	3343
21348	134	1365
23901	84	21898
22924	134	24826
1471	134	7536
322	134	21650
22100	27	6803
1290	134	7624
10254	121	22823
5639	79	23882
3065	134	25106
77	134	1576
8935	134	4111
6523	92	23578
7959	134	8244
23338	134	5971
5929	134	22234
8293	134	21572
6628	134	1286
22130	134	24356
5079	40	3780
8604	52	22601
25335	92	152
9973	47	8380
22271	134	5735
9418	164	9083
6535	134	3994
2242	134	6860
22020	84	3605
4074	84	7397
21635	134	22830
9362	79	22375
5596	134	2970
4924	75	836
10422	84	1496
10161	134	7536
24396	92	23027
10437	84	3636
10434	25	6961
9975	134	21572
2360	134	8488
1193	84	6185
497	134	9798
7725	84	21898
21460	134	22987
7622	84	2371
1303	31	23315
6256	84	10166
22207	134	21041
5889	134	23831
23204	134	9798
1352	164	1904
6998	134	9176
23074	169	23217
10305	84	9748
22656	92	24448
9064	134	2995
7990	31	21249
21670	129	3323
4011	134	21692
4386	134	22474
22457	23	22601
7488	134	2572
1856	134	25277
8385	134	6
7807	134	1315
3910	134	21539
8109	134	2630
10232	23	23990
6209	185	1401
1172	134	22779
1095	99	7742
3378	134	24356
21682	89	6237
2930	134	2012
7006	139	3785
4025	134	9061
21865	84	2371
4608	134	25277
1299	134	22683
9753	23	9748
1585	84	4158
5684	134	10430
6701	79	698
22312	134	21796
1773	134	3273
21254	134	2458
10077	67	2371
6531	134	23266
1698	92	95
24086	164	4200
916	134	2608
23353	107	24817
25454	134	6228
2340	205	5671
7341	134	6324
6573	134	22869
6957	184	4852
9055	146	6911
24930	84	23463
1053	134	21699
9081	134	21039
23891	92	6814
24435	134	10051
8308	23	7458
23162	134	24796
22787	134	568
10443	134	5888
1598	134	6860
3873	134	502
24561	134	486
2768	134	10308
113	84	1079
8772	134	4734
5402	134	4111
7137	134	9176
4613	110	4390
556	89	7984
25322	134	1605
5156	134	21520
9012	23	7397
2010	84	7143
838	134	23607
5127	116	1138
21804	134	24448
24528	134	6462
9319	134	8746
25016	134	4111
23743	134	24848
24205	134	9369
6493	134	24590
25284	134	10136
3097	134	2288
22593	134	21039
9364	84	1401
4456	146	6611
8666	84	9021
21464	134	2020
21366	143	22823
2474	79	22676
22104	134	21572
21855	134	21039
7290	194	22876
2921	134	8746
23232	134	2410
24593	24	4142
3362	134	22830
23245	159	23245
4388	92	21572
9817	92	7726
5521	134	5244
2113	145	25245
24425	134	9457
23922	107	4365
22871	107	7753
22499	84	1401
22167	143	2397
211	134	9847
7809	134	8687
7556	134	22781
9324	134	4133
4016	67	10166
5398	134	7492
46	134	2199
22176	134	486
24251	107	24784
2755	134	3575
4175	134	3786
24277	134	216
22853	84	22601
5594	134	7604
8678	134	6226
7616	84	8708
2992	84	23463
9325	34	2132
5171	164	1904
7813	134	21912
21794	67	1697
603	134	1311
25371	134	5224
6416	164	5671
2311	134	9522
24038	134	23686
23900	129	5855
954	134	3575
4997	79	8455
10160	134	2203
3843	84	9629
2931	202	6454
2278	134	8226
8853	134	8828
1585	92	6240
21465	134	9522
2454	136	2132
4475	84	23701
9929	110	2025
7091	79	8894
23819	166	24364
22819	84	10166
838	134	23719
9379	134	23266
1124	6	9561
24751	134	21570
23844	134	23047
781	79	7520
9728	124	24643
1715	134	8965
24973	134	186
24359	134	25487
23011	134	24197
21550	84	25214
2249	134	404
8822	31	24629
5311	84	22929
4219	134	5992
4681	134	1576
154	134	23344
9659	134	644
1795	92	3776
5689	134	9522
3875	134	8244
7994	134	22245
24761	84	24402
2214	134	5640
976	134	9884
23168	134	9135
2262	84	1401
1364	134	568
6166	24	25267
1359	134	4205
1688	134	23624
23358	161	2039
1605	166	23364
24984	134	486
25312	134	6814
25312	134	1311
23681	134	9786
842	84	1401
10169	84	3959
21392	134	6374
8057	84	21591
9630	110	8371
1245	24	3370
2610	24	1226
24309	179	2176
23428	89	2359
2527	134	2000
21557	43	10489
4700	134	3074
4047	84	7397
23609	134	8488
21225	134	8139
508	164	22980
25328	124	25314
3536	185	7949
22678	79	9976
6259	134	10430
8698	134	2876
4685	23	1401
4438	134	21964
23003	129	24782
24131	79	2629
7859	134	9747
7267	173	10410
890	25	8006
5422	123	1261
7041	25	8606
2268	107	4634
4937	146	9855
3215	134	21572
285	134	6289
1172	134	5227
563	134	21572
6985	84	1401
1515	134	644
2782	24	7231
8118	134	5888
5970	107	9083
1519	12	1508
4103	134	3786
22195	134	22805
21305	92	24387
1101	34	3314
450	134	24590
10276	134	7862
1457	134	21570
7235	134	22779
23009	84	2685
10389	134	1744
7718	134	3372
9058	40	1271
1577	134	4718
9871	92	9786
998	9	21992
3602	123	9827
2785	84	3636
648	134	5224
23484	109	8380
5872	79	78
5340	134	21572
10180	134	22461
8190	134	3786
3096	139	24644
9700	205	24364
5808	84	4354
3268	110	9953
221	84	3959
2685	25	25112
22801	84	9748
4234	134	4133
716	92	10308
25368	84	24402
5665	134	8488
25318	134	21041
21224	42	539
2275	84	107
1623	151	8626
21469	166	23541
22822	84	1051
4711	134	3786
24439	36	4877
24576	134	8226
3928	134	6860
9529	134	1744
24350	164	24931
22988	134	2995
23806	84	24750
7000	121	22746
7352	124	1018
23832	135	21499
21988	134	2162
9830	142	8777
1887	84	7314
5094	124	23294
7969	134	10308
4846	22	230
7656	84	3626
21042	134	9684
912	8	6422
25134	51	4924
6207	84	1054
25367	98	6348
10067	77	8370
23767	92	22407
21282	92	3273
2299	84	7140
3891	92	585
2570	84	4594
24291	92	8297
1615	84	1904
24517	24	3555
4372	79	9501
3783	134	1311
5286	134	1278
9741	84	9748
3693	164	21499
25115	134	585
5203	134	2428
23995	84	22601
22870	92	24154
8219	134	8244
1919	134	152
3889	134	22683
4352	134	2970
1044	60	8870
10380	134	1311
5303	11	22819
8170	134	1718
1007	134	8835
24812	25	8512
4244	134	4680
9203	107	7143
3049	92	2970
8407	24	1847
3542	134	5954
6771	84	7397
9199	99	8050
5870	134	21944
3634	134	24624
22497	31	24549
3710	110	9561
3512	134	2020
1574	109	24882
25287	166	5193
24960	157	3636
22020	134	23295
4029	134	3958
8107	92	6814
7497	107	5671
5401	123	5348
8605	124	4493
2406	134	9385
5733	134	3575
22406	134	8748
23990	25	10392
2583	92	21489
5490	124	6707
25188	84	2685
23028	28	24597
1829	134	8139
3474	146	4782
9807	134	2000
9814	146	25204
10047	84	23463
3454	79	788
3903	84	1363
25376	79	23508
3910	134	766
24796	9	6566
22906	84	25131
6933	25	6961
5278	146	5439
5409	134	22525
3295	134	9847
7490	134	8226
23694	92	2572
3723	92	10252
7793	92	7151
22161	134	4575
7920	23	7143
5523	79	7424
25003	134	4734
21227	107	9748
6625	134	22474
22355	134	3965
24597	189	2685
23933	84	2685
25416	121	22823
1045	27	2353
2895	129	4686
21758	99	296
4543	134	4680
3501	134	6228
7403	134	5950
21348	134	1286
22785	84	3636
22476	92	2608
22856	84	1904
4080	92	22686
10457	134	3994
2560	134	1576
24276	134	2215
1346	134	23027
21441	134	7992
8348	134	9063
4481	43	1602
593	134	8226
24926	18	1496
25150	107	23463
22546	84	1681
24167	92	24153
4677	92	2288
24107	134	5770
9538	134	3273
8881	107	1401
6034	134	3965
4094	92	2608
8911	134	5995
9678	134	5244
5551	134	24848
3626	142	2917
10306	134	3994
493	134	1576
4792	134	2020
6232	134	1605
9946	164	1953
9213	123	5973
8057	134	2000
23153	84	10166
8085	134	21120
22435	11	23954
24612	92	5273
1528	134	3432
6290	134	23344
22363	107	3830
24624	154	6032
8478	134	9952
4660	134	8340
1215	134	63
6610	134	5212
6473	84	6185
10339	99	4634
9757	134	6639
4998	134	8139
4895	134	5770
565	92	8965
1723	43	5210
3686	134	6324
10213	41	21083
374	134	766
3051	134	1744
4140	193	23494
25494	134	1311
2547	43	312
3154	84	23463
922	134	4076
8685	134	4528
4415	134	22830
1775	84	8380
4602	134	3180
22537	134	3852
7896	84	6686
916	134	25495
5289	43	3411
1080	84	3959
10201	84	3636
22920	134	22234
713	166	296
9144	110	4686
4823	134	9522
8749	134	4417
8037	23	22980
23809	134	10491
6398	89	7823
5149	134	2970
21027	134	3348
22226	84	2917
608	134	24901
22129	134	24590
3942	134	21496
25187	134	2320
23594	134	22525
21022	84	3636
24287	27	24402
21745	134	4680
22604	84	5565
7168	123	2855
8999	153	2451
548	134	3074
1793	92	22230
78	84	5565
849	134	5770
4828	24	2119
3228	92	3372
6698	84	3626
22896	84	1401
436	84	3626
24862	92	5954
511	134	21655
7564	23	3480
21106	134	5383
10095	134	23394
23939	139	5855
23611	134	1278
8456	84	23990
21883	92	8125
9625	134	3872
3694	92	25222
1450	134	502
151	134	10090
336	24	21759
22939	134	6374
21715	134	25110
807	79	1672
89	84	4956
9844	6	1244
23497	79	23863
1176	89	7576
23070	151	22737
5678	134	6226
24968	134	24197
3279	24	22008
4949	134	22407
2582	89	25114
24441	134	4578
8657	164	9479
9846	172	7314
23823	134	23913
6717	79	22498
1977	134	7554
21861	166	23671
23321	107	1400
23938	84	23463
5745	134	21284
24320	134	1744
1887	84	23953
4537	84	2371
24248	134	9747
9645	134	7770
5361	110	1435
7459	134	4528
21133	134	3223
23068	134	25138
22048	134	6926
8740	41	1672
5553	117	22024
6403	134	398
22270	134	2736
5103	134	23261
24874	134	22525
23790	134	24590
1816	134	3180
22753	9	9545
7171	92	24356
9276	134	9061
9183	22	22683
4516	92	1928
7592	134	22340
21364	134	5992
22882	134	3372
1044	124	8870
5535	134	3513
6759	92	1278
9015	134	22525
1633	134	216
25146	92	23266
457	52	1401
21727	76	1401
23909	89	7967
25325	24	24345
92	84	1904
8077	166	4207
21746	166	24402
961	153	8512
6925	84	3959
4856	134	4271
9038	23	8050
248	134	24197
4875	23	24402
2021	99	1904
1011	107	24402
23962	124	5240
22980	25	9722
5334	139	23632
548	134	2457
10011	151	22785
9649	92	24590
25289	134	3208
4862	84	1401
6026	92	2995
1080	84	23463
910	134	5888
4063	139	3504
378	84	6454
5374	134	10430
3264	134	21506
5161	21	8576
9021	31	669
21400	134	2199
24966	134	21944
4366	134	23131
3265	134	23680
4426	123	8470
7957	134	10430
25163	134	5735
10450	134	22059
6065	134	8340
10293	134	2369
6330	134	8297
350	134	3872
24436	25	4242
10304	134	4606
5752	107	7397
9293	84	1401
3863	134	4589
3543	73	4454
2042	129	156
8678	134	3575
9940	84	22601
3470	129	7493
2499	134	2621
6868	84	5565
6918	134	22525
23651	134	9790
10050	129	6306
2661	103	4200
9310	11	8413
21059	134	22830
21389	84	2917
25228	24	7211
2607	142	9443
21320	134	3088
5052	21	23241
1648	117	3984
21371	134	10474
9096	41	21867
24022	134	585
4539	84	1904
22510	134	3180
25322	134	7819
9217	107	5669
2535	84	23463
4523	84	10166
22391	134	21692
21054	134	24448
1171	92	4293
976	134	21854
463	24	8912
24522	67	1401
22532	134	21655
24059	134	6958
10251	134	568
1577	84	2739
5228	22	10136
4623	92	9669
24529	134	4248
8878	134	486
9451	134	24826
2779	61	24492
22214	134	9669
24804	134	9385
1298	92	8965
1831	11	773
1169	134	3872
23456	134	7151
22115	79	24789
4673	12	2213
3377	134	8728
910	134	2970
23176	79	22762
537	134	2000
5123	134	585
1407	134	4392
3827	92	21523
24880	84	10166
10032	134	22340
21353	134	8687
4103	134	22584
4909	92	9065
8279	139	8764
3985	97	10106
7212	92	24624
24515	134	7135
24534	134	2465
23652	164	24068
2265	84	9748
7194	134	9065
23352	92	23111
4664	134	21523
22075	134	7781
24564	92	23441
4900	12	7858
22294	97	3954
3917	23	2685
8851	84	22601
1107	89	2345
1357	84	6056
3640	134	5578
9435	134	2970
8258	84	7507
3626	25	5848
1019	84	7143
3368	84	9748
895	84	3636
787	134	22230
22652	146	6272
1033	84	2685
21285	134	21848
2610	24	23353
4352	134	3088
23734	134	24101
7906	134	10022
23198	99	3626
240	67	3626
7088	134	3223
25169	84	2371
10334	43	2910
9694	92	23047
984	79	10073
5563	134	23266
10031	84	1108
4152	84	7507
21323	112	8520
22087	134	2000
1971	123	4809
10213	41	9837
8859	84	23990
24203	23	22980
4773	134	9065
21035	107	24784
24214	134	24826
24310	134	9532
24208	124	8000
6741	21	6080
25471	84	10166
941	134	8125
25273	84	4365
6344	123	5835
3276	134	9928
3730	134	23111
5955	134	22235
5707	134	23913
4662	134	24408
25121	134	1026
3099	139	4171
61	134	6442
24427	18	1054
2577	134	5932
9161	84	5703
23660	134	5561
9724	134	22525
25331	107	4158
10172	24	4668
5863	134	8106
7322	134	10022
7343	107	1401
25057	134	8106
6701	67	2371
23001	134	5954
8637	84	4048
7734	134	22583
21476	134	24356
3283	40	8709
4512	84	5671
8348	134	6639
9545	134	9609
9769	98	4158
2198	134	2428
23872	134	22474
23102	24	1614
22510	134	502
1979	134	4578
23872	134	5065
7433	134	8828
22307	134	2369
6869	134	9719
1048	24	10172
24727	92	21539
8068	25	25112
592	22	2346
8316	146	6272
1801	24	3396
4472	134	10022
9448	134	9532
4840	112	5950
4152	84	24364
24129	79	24802
505	84	9748
24268	134	8030
7837	11	2982
5218	21	22731
25077	134	1311
24137	79	823
23427	134	7438
24250	134	5227
949	43	23287
22075	84	23463
23748	134	23486
9349	84	23562
5612	134	9609
5369	134	9236
5399	43	6054
1326	134	22830
10032	92	22340
2110	134	23419
25265	166	6185
8290	84	22601
23315	142	1303
8522	134	24431
696	134	4896
4408	79	24204
4183	19	8506
5864	134	21508
7160	139	21212
21702	134	4680
1405	134	22235
7313	99	23950
3351	84	9748
8187	134	24819
25140	84	7461
4971	38	7566
9575	134	5971
24022	92	21570
24700	134	9404
23498	146	1044
5640	166	9748
8123	84	22405
25277	9	25360
10278	142	7085
22226	84	3626
2131	134	21572
5694	134	24197
21768	134	443
419	92	152
2362	134	9389
23812	84	1401
1110	84	2917
3229	84	5671
25494	134	10109
2252	129	2332
6697	134	8077
23245	23	1401
3512	134	23578
21639	134	7585
23020	134	9176
23786	124	3216
5866	134	3872
2689	134	3273
1341	107	4634
9015	134	3575
4850	134	2778
1327	84	7397
1476	134	2162
2755	134	6814
10135	134	8965
21725	146	24631
7435	134	1451
10010	134	3958
2166	134	6226
3865	92	3575
360	84	10166
24737	79	24143
23480	84	3959
23152	92	4694
21061	134	3372
5918	134	23441
965	84	1496
975	110	8365
23332	134	1928
2569	134	21912
23181	129	311
24998	134	8965
1266	84	10166
5913	134	24356
6213	134	24819
7383	134	2020
8111	43	9727
22329	134	4992
617	134	9385
6411	107	24723
25059	134	998
68	134	8077
3127	134	22234
10032	92	4896
4130	134	21570
5264	92	23765
21584	134	6940
1464	164	2739
1868	134	7717
22228	89	3504
2015	134	2970
5462	123	8230
6372	89	1997
9435	134	24356
24891	84	1401
24527	79	3606
4514	134	21940
2871	107	646
9459	92	5992
8787	92	7438
3220	41	23052
2373	107	6185
21651	79	9096
8116	24	4110
22592	134	2000
9495	92	216
1842	134	8297
21013	84	24235
24029	134	2428
6580	134	8310
421	134	24431
4089	164	6803
2545	134	4205
9310	129	10201
6105	134	10325
2643	134	8746
7347	134	24063
25006	134	25487
2393	134	766
1401	153	22344
4311	134	22407
3976	84	2986
5086	92	4189
3682	134	502
3578	134	5770
4283	134	4992
23996	24	5411
9734	24	3687
21679	23	23860
6803	25	8475
1775	134	1911
7816	134	9838
21642	107	23701
5546	84	2685
8684	134	3281
22413	134	1576
22511	92	2428
6956	89	7493
4553	84	1401
25023	43	25324
8210	134	4578
23200	134	22230
23943	134	7604
8489	134	1278
24155	24	1647
7075	134	3180
2145	134	8965
5495	134	23380
9924	134	9952
7503	24	10353
7314	13	9774
7308	134	7604
7376	134	6814
25484	134	22683
23702	107	23463
21778	134	432
3612	134	21854
4364	134	22059
4673	62	4305
3016	134	21570
6055	164	9858
23446	99	1051
21538	134	4392
22455	134	5888
21212	110	4390
5759	134	9747
23906	134	22869
3798	134	186
3754	134	4076
6143	84	9021
23097	84	3959
7888	205	24402
7764	85	8037
4332	134	6228
6823	134	1286
25373	84	3959
23402	134	24590
6307	134	9790
9321	134	24989
414	134	4369
1449	84	23463
7697	134	10074
23515	84	2685
3192	201	3396
6969	134	4883
138	84	2668
22751	134	1311
5537	134	7466
8067	134	95
6136	84	4956
6400	24	22375
2975	84	10166
3431	92	1441
24913	83	3365
7025	134	9790
7959	134	1931
7211	131	6895
9552	134	25390
10212	134	22679
7601	134	4606
9963	134	21120
870	134	8965
6552	134	21120
3477	92	6228
8806	134	25495
23073	158	24608
25236	129	4686
25293	134	22779
21542	92	398
22292	134	8297
7792	134	10055
4583	134	7585
7508	134	432
22262	205	958
552	24	21239
7746	134	2876
2781	134	4076
754	134	9838
8371	110	9144
4770	79	2960
23342	134	22235
7139	84	9748
3239	134	7536
21745	134	8519
5320	142	7777
23401	31	21204
22981	134	2778
24367	134	22428
5891	47	7143
6677	134	8687
8774	134	3958
1155	134	4680
4618	134	9991
8613	123	25155
763	134	2322
7787	134	3273
22453	79	8523
9468	65	2238
23959	92	10109
2693	134	24387
8927	21	651
4519	84	3959
6604	129	6812
25276	92	21572
21250	202	7397
4334	134	569
24734	134	5197
24025	27	8239
22894	84	3636
9094	134	2544
5746	115	8506
7758	123	6810
6286	134	2876
25488	134	585
23648	107	23245
9834	111	9159
21515	84	4158
21668	84	24402
6594	84	9350
8817	155	2579
5969	92	2995
23486	166	24402
3208	9	3498
8349	134	2000
9840	123	21606
22998	134	1417
21126	134	10072
9193	134	766
3390	134	24624
3479	134	3333
22662	134	5244
9677	123	5755
10449	23	1138
23196	84	3959
4497	134	8431
7087	84	10166
2500	134	4575
8373	134	3348
2075	43	5589
2100	134	10109
22518	85	3544
9597	134	9838
6091	134	502
3957	84	7708
7419	84	7397
21339	134	21520
1800	185	5429
4589	166	8483
5728	52	22601
8200	134	25071
3938	179	23463
5816	123	6282
217	134	2020
3222	134	2970
8056	84	1401
23566	24	8535
5714	134	23047
7164	134	24101
21172	92	24356
24609	84	6454
21876	134	1718
6171	107	3054
10423	134	5244
21677	134	21940
4791	134	3958
590	134	8387
5153	97	22740
3216	79	22008
24750	31	3524
2492	134	766
22282	84	3626
21593	134	25390
9439	134	7781
9487	161	22099
23108	157	2668
3262	134	7349
21084	134	6228
22732	84	8062
3278	161	10079
24294	84	7397
22037	134	5845
239	99	219
10038	146	5485
10473	134	5224
2836	79	9027
7674	89	3710
3694	84	227
5363	24	24097
4598	117	3984
913	31	3582
1503	84	22601
2416	52	1401
6895	131	24439
21488	134	25192
7960	84	2739
25280	134	6639
6356	31	9785
24363	84	2371
21604	134	3180
22825	134	25495
23938	134	3408
294	139	10300
7390	84	1401
3000	134	9747
7299	134	23298
4155	134	22059
25218	134	21570
361	134	22309
1206	92	2143
1788	24	3296
4054	134	8387
1076	134	3273
4186	134	5224
21580	134	25202
21991	134	5932
5177	84	9527
22325	134	7135
4106	40	22299
22930	52	22601
3286	134	8244
161	98	3636
22174	92	4698
3831	84	10166
24079	134	3786
2765	134	8226
4912	134	8736
22272	24	597
3892	62	4383
466	43	9853
25489	134	5950
6399	84	22575
24597	53	21747
7751	23	4020
9139	5	836
25476	134	7604
160	107	1138
267	134	1743
10032	84	3626
24609	23	958
10294	9	21929
7149	134	10325
574	92	6324
7537	129	5165
3245	107	1054
25295	134	5992
22717	134	23111
21872	134	6860
21972	134	21650
1973	146	23075
3853	134	7682
24816	9	24363
6153	43	23631
7050	84	3959
5456	84	8062
23016	134	4282
10395	89	1597
5418	38	1716
10498	67	8380
6495	134	4578
8884	134	22234
22821	134	3872
4684	51	2554
21257	124	8465
10266	134	24590
4013	129	25114
9668	92	22230
22011	134	3872
6864	134	25202
1679	21	1255
10311	92	3223
23452	134	25390
8433	107	7397
3421	134	4680
327	58	22187
6544	134	5735
21702	134	7296
7099	84	6311
2761	134	23394
8010	31	24668
8476	134	10491
3089	8	6957
24340	28	6044
854	40	7173
1161	84	9466
22183	134	3872
2340	205	9879
8621	134	9219
887	134	6745
10065	134	10051
21389	92	7151
783	134	6228
10111	23	23950
7977	134	22461
23226	134	24499
23636	134	3965
4513	92	22686
935	134	5590
5600	134	7536
8251	39	4255
23950	142	3605
24856	134	5888
2899	107	1054
49	134	3876
22995	31	5712
21612	134	432
4640	81	1399
9101	134	1576
3709	134	10308
9975	134	24624
23410	134	4992
24056	134	21039
9409	134	5971
4659	134	7534
4961	134	2970
25230	134	9061
10018	21	2337
5962	12	764
9175	107	7397
1436	134	1928
5410	79	24239
23022	134	7135
24862	134	8023
8357	134	230
21174	134	95
25368	134	5383
24232	134	4680
24678	84	3959
3412	134	3180
7807	134	22449
3414	134	998
23703	134	7135
5260	84	5671
25496	107	2917
24752	134	9957
9194	92	9719
22592	134	1576
6144	134	25192
8946	84	3626
5691	84	23950
10016	134	7151
2550	157	3636
8713	110	9859
22433	25	5848
1739	97	22376
8651	146	7775
9434	134	1743
838	134	23131
2333	11	1560
23526	134	766
9490	79	10068
8361	134	24624
3500	43	2865
22527	84	1054
1408	134	25277
22511	84	2371
4041	134	8728
21343	134	8920
5151	134	766
6586	51	10158
24178	134	486
1057	84	23463
348	134	2621
4711	134	5227
9364	134	22584
4088	84	22274
2895	89	8371
7416	134	5224
23034	134	9492
477	134	21964
9353	134	2203
23424	43	23968
7250	134	9991
22217	84	9748
496	134	8226
22096	134	8387
3391	84	9748
5918	92	7831
6029	134	9615
2842	84	1138
23405	134	25287
25209	134	9798
4655	134	23765
23306	134	8863
6229	134	1417
4942	134	6228
24226	134	6442
7138	25	1881
4083	146	4841
8733	67	2685
23587	79	4881
22240	134	6639
8165	82	947
2374	134	22539
1369	134	4528
1645	134	2970
6534	84	9748
9783	24	6393
7687	191	4956
4175	134	24686
1736	134	4339
6596	123	10421
6010	84	1401
2216	134	7862
23912	134	95
8082	131	8221
4708	23	8239
3053	123	21581
7499	134	2410
1490	92	8392
23296	52	10439
24416	79	2518
1864	134	2876
5696	38	9612
4543	134	5735
5166	134	2621
1760	84	5559
8956	134	8828
23492	134	24826
3901	139	5760
25321	84	25332
6549	26	23811
1692	92	9492
23518	134	7152
7937	134	21692
24037	134	21120
4786	84	1650
3268	139	9953
5024	134	23831
22656	134	24448
8973	134	486
10474	166	22347
6947	134	1928
1671	134	1744
4584	84	24696
7723	131	2250
25280	134	24356
5311	134	2000
21080	134	21908
970	134	21572
8129	134	63
25112	164	24227
3590	134	4528
10492	124	4649
7612	79	3768
23027	166	6309
24445	134	9669
4771	124	24611
2768	84	10166
6574	43	2523
1415	134	21964
4100	84	24436
6267	134	24356
7257	43	6963
4002	11	7903
448	129	9131
22273	92	1991
8081	92	23624
3450	92	9798
10372	67	4956
24115	9	4720
22147	134	8297
8492	134	6442
5229	84	1401
9139	5	4924
22160	151	8245
9172	134	10109
1142	89	13
21732	25	7680
273	193	24695
8886	107	8380
3270	82	132
9123	134	2652
9582	143	2397
25309	134	1286
2370	134	7781
8560	134	502
5237	134	22539
8803	92	21944
25056	43	21605
7939	134	22057
3576	134	1315
9125	134	3691
24729	92	2530
25237	110	9630
6801	84	7397
3954	21	9218
4012	134	2320
1726	134	5992
9513	84	3626
1410	43	6603
7092	134	6228
23123	134	22407
3946	24	8588
25034	107	1496
7787	134	3575
4795	123	5336
3151	84	890
5744	5	2738
22540	134	1256
876	134	9790
10416	134	7604
23890	131	21098
6847	134	8106
9683	134	8748
23206	30	9679
25156	31	6769
4350	134	4441
9662	134	21572
23434	134	9492
1416	92	7862
3809	84	25011
2023	134	22775
25132	31	23983
4488	134	3786
9264	134	24356
21070	134	8297
8148	84	21499
6822	134	1037
8917	24	1673
21823	134	21356
10144	75	6179
24068	53	4511
7136	92	22461
23327	123	2730
1987	134	24826
25446	84	5671
7124	85	7422
6520	134	10136
4608	92	9492
22927	84	2371
5610	134	8125
8158	134	1684
1542	134	8431
21914	134	8244
7508	134	8488
24092	134	25222
5482	134	24356
23242	134	4125
23658	84	22601
1126	92	585
7601	134	22235
3233	134	2608
21059	134	6442
6575	134	25110
5432	84	6185
23974	107	3959
9957	9	2378
8540	134	1744
21261	23	3543
4737	84	10166
5847	134	24101
25412	79	9452
4110	205	7397
21656	134	25110
342	134	4680
21123	134	24848
24123	62	21443
10458	134	10022
1990	134	25495
62	79	8201
4030	134	2778
23777	134	2000
4687	92	2005
2912	84	22733
2065	134	22461
9824	134	2778
25015	84	4158
7454	84	2371
2749	139	7823
3125	134	9615
701	41	1340
1151	107	3636
23715	134	8139
21041	9	9811
22643	110	24782
235	134	8125
10464	82	5641
5264	134	9928
5818	134	2736
10240	134	8244
10298	134	10430
5512	134	6814
4787	139	9019
7381	23	1401
1514	92	1928
8279	157	21898
25326	134	2876
5366	134	3180
21602	67	22980
24972	134	2970
9978	25	6961
109	134	584
10479	134	8106
6649	84	7397
9718	24	6658
22249	41	24439
3811	107	2113
4251	123	10197
6261	99	3830
24430	134	22461
21216	134	6228
5885	92	2876
908	24	23688
44	134	766
7747	134	8399
3859	84	3636
22663	79	9322
7348	134	4680
24488	84	10166
7241	134	9798
1979	134	24179
235	134	3180
3630	92	1605
22638	107	2917
1504	134	7852
1780	134	186
9286	84	3900
24840	98	23990
23325	67	23950
9270	134	2995
9052	92	8965
6451	22	7819
1483	134	24356
22533	67	24402
4756	84	1108
7689	134	23578
6923	79	23176
5569	134	8431
783	92	3432
25054	92	23500
2396	134	4422
4186	84	9479
3775	92	4282
24105	134	4777
24022	92	1774
8309	92	9669
204	84	22405
5777	134	3372
2637	134	9798
3380	134	63
21356	9	3974
21406	107	24723
5002	92	5074
8390	84	22980
9946	164	1017
7044	107	24402
6461	40	4137
22767	84	4365
1238	134	8297
25380	84	3626
23625	84	1401
22420	134	4282
24528	92	10090
9138	134	2410
1912	134	1417
22102	131	24439
6223	134	25192
21135	124	22673
8210	134	23719
987	24	7826
9710	134	2621
5531	134	2410
1766	164	8999
6194	24	25350
10343	92	3876
1210	84	2917
24591	134	5224
24087	134	21650
3897	134	1278
8689	134	21570
704	134	2530
25228	131	6895
23083	84	22601
9033	43	1380
129	51	3610
1643	92	1718
9968	134	8488
25321	84	2917
23122	134	5068
9861	92	2970
24953	134	22525
7662	134	2876
24147	107	1401
22374	134	22449
9087	161	25314
6728	134	6226
6032	134	5735
23571	84	10166
21189	134	22474
7279	134	379
21650	166	3626
2475	107	958
7206	134	21039
1354	35	8719
10496	84	2917
23545	134	8431
8169	134	9219
2878	134	5845
10015	92	25138
23725	134	2000
24619	84	3959
21534	23	22980
25140	107	7461
3685	89	24552
2568	107	22601
21890	134	21120
6411	84	24723
2646	84	7140
2767	43	10197
8991	134	9719
4214	134	23486
23967	134	585
22043	134	7135
5684	134	8965
9137	98	2283
22336	101	7274
22865	134	8387
22794	23	22601
4595	38	24237
5506	134	10109
1985	92	2608
2958	84	22601
1191	84	7397
1514	84	1401
22768	92	568
23124	134	8488
941	84	23463
5198	124	8767
5231	79	21867
10304	134	3372
6490	31	8243
836	75	2738
4060	89	25114
9163	134	21767
2291	89	8246
4808	134	4111
24751	134	22490
9560	134	9884
25157	134	2000
25456	134	7054
2332	110	4171
21160	134	8289
331	134	10430
8054	134	5888
3171	84	1401
5718	185	9100
25281	134	8488
10276	134	24992
9728	79	8162
4901	110	773
8348	92	6442
7404	134	21692
22908	134	4346
4244	92	24356
3375	134	21572
25	79	2440
7466	154	1319
10032	134	4896
4927	31	5712
25154	134	22057
1730	134	10022
7154	107	10166
6423	123	21493
2409	134	8488
558	134	1311
10355	24	23496
22989	92	4299
5907	84	3191
3401	134	7862
4059	139	9468
24866	134	22234
6786	41	10404
10067	202	22601
22815	134	8226
3610	5	24082
9307	84	7143
3711	134	5224
21875	84	1138
8457	134	24499
6626	84	25160
25474	43	9425
2161	43	8513
8787	134	10491
8592	23	1401
24082	75	10338
2019	92	2000
9401	79	10364
7250	134	4133
4902	134	6226
1039	134	4575
21574	134	10140
1409	134	2000
24073	134	4734
6566	92	22234
4193	84	2685
7130	134	9952
1494	134	8488
6783	23	1401
23938	92	8106
21452	134	8226
2210	134	5735
7190	84	890
4036	84	23562
5281	107	4200
8044	84	1401
10412	134	3776
123	24	6948
22138	21	9562
1837	134	6814
10133	134	4133
22814	134	4205
22075	134	8071
136	166	25214
7709	134	10045
7809	134	9684
4612	134	8920
6121	84	23990
4677	134	585
23298	166	9748
21438	25	5848
1055	134	24819
6371	92	7862
2002	134	6994
10123	31	10123
10320	9	173
9098	84	1401
9978	25	22344
24215	123	6398
23365	134	1928
2412	134	3958
23848	134	9532
4128	134	10136
5956	134	9532
3946	173	22499
1673	205	24402
22451	134	21520
7447	134	3180
4643	84	1138
3276	134	8387
22163	107	4634
413	134	1744
21736	11	2716
6079	134	3180
8104	41	6719
374	134	9838
3915	134	8139
8034	134	6240
6035	107	3626
23893	79	6569
4916	134	4111
7361	84	6185
21248	134	22230
21229	134	3770
7416	134	24115
24125	107	24817
2308	92	9176
22214	84	22601
21839	134	531
23238	134	23913
22265	134	2621
4171	139	7160
159	134	23913
286	79	24663
9855	84	2001
24261	134	5735
1955	134	5197
7865	107	3605
4363	107	24364
6162	134	24660
793	134	9719
22916	162	6779
5041	82	3605
9202	134	6228
6758	134	10074
7706	134	23486
23963	84	23990
4661	134	23568
24227	73	1402
8574	124	21958
8055	89	5855
21433	89	2345
2347	23	9748
23625	134	1576
1271	69	6293
421	134	3348
9361	134	2995
8952	84	8062
22578	134	1311
6191	92	22461
24042	134	23765
23976	134	152
677	99	1966
24612	107	6185
22529	107	4020
8237	134	24848
22041	21	6393
21683	24	8536
881	124	7847
8818	134	23394
9462	107	1401
2284	84	4956
3294	134	9684
8340	9	5521
4120	134	22869
24460	84	24817
21499	153	4126
408	134	23380
309	79	3744
4349	185	7742
6019	134	2000
21859	134	3872
23237	99	1904
4712	134	6807
5315	134	6745
6768	134	9063
7216	134	5224
5745	134	95
10036	134	25495
6566	92	8207
2260	84	961
9501	173	1914
5805	172	4158
7297	134	21120
2032	134	8139
24663	79	22425
793	134	5992
7316	92	6960
24396	134	22407
5137	134	22230
8067	84	1401
1984	134	24356
174	134	4197
1459	107	2917
24761	67	24402
24413	134	3372
270	134	22869
23391	92	1744
1317	107	1138
1672	131	21083
60	23	9748
21642	131	22959
6722	134	3572
741	134	4355
4204	84	1054
23278	107	22980
2658	134	10072
10265	134	3180
24897	134	24624
809	134	8746
9508	134	10136
8344	134	1311
4609	134	24448
4509	23	1401
3260	134	24881
10398	134	5735
4283	134	1911
10406	134	8071
8837	84	10166
4027	79	22491
21631	99	1401
3047	134	23892
7306	134	3572
10166	73	1054
7398	84	3543
24861	107	9350
23188	84	2917
23098	191	22980
5805	204	7955
8674	134	2608
4390	157	24750
8173	134	4680
1356	134	1931
22249	79	4877
24927	134	24826
4981	24	24609
7541	107	24817
8051	84	8380
9163	134	6324
10036	134	24848
9134	84	3605
9365	84	22601
8481	12	1508
7414	89	6607
5345	134	4189
4486	134	6521
313	134	3958
4478	134	9532
1312	134	7125
3505	134	7135
4055	134	6114
6144	134	2346
6329	134	21520
8652	43	7560
10144	75	2276
8265	84	23463
10468	134	21767
24923	134	23913
3699	134	3372
5432	134	22235
539	42	23731
25459	134	3958
2567	134	531
23349	84	7397
2413	134	2970
2706	134	1928
7739	134	3786
22187	84	9466
9788	43	7203
21153	84	10094
6085	84	2739
24069	17	1560
966	123	1380
3693	164	2371
1551	134	22869
1473	123	266
5639	84	7463
7205	107	9350
2274	92	6778
3927	84	4158
3371	99	23953
8699	172	8239
9635	134	23831
3043	110	4557
1896	134	22461
9195	124	24395
883	134	4528
10311	92	2778
4171	110	7160
21239	124	487
10252	166	9748
23668	84	22601
8856	145	189
1847	79	8407
5003	134	9684
10302	20	10126
21371	134	8139
5877	185	4153
8711	134	10294
4871	134	8387
377	84	22601
6085	134	8139
22626	43	21433
618	84	1108
6985	134	9838
8957	84	8380
8913	134	21570
2042	151	156
4941	92	9786
5572	123	8061
5253	134	24448
3043	139	6143
9833	84	10166
24000	134	1744
3687	79	9734
1894	92	2876
10263	92	2995
21490	84	1401
22030	131	668
8224	134	2000
24263	134	25233
10258	43	9020
7114	84	5565
6404	107	1051
2331	134	152
3741	84	9748
6195	134	8965
22491	84	8979
846	107	21235
25059	134	22836
23869	134	5068
24886	134	1576
6039	40	22703
24616	84	2371
22922	84	3959
5511	134	2458
23580	79	2504
8225	134	1537
2994	134	6324
22552	84	9748
3907	134	23344
1614	107	1401
22782	134	10282
9668	92	21650
23530	134	2572
23646	134	24826
2933	134	7717
454	92	1150
5610	134	8023
6112	107	1054
5117	134	2288
24196	134	21519
923	89	2171
7976	134	21520
23257	24	7947
6208	134	95
5973	98	3636
9792	84	2371
10275	84	4365
2657	134	10430
4933	92	1278
22507	134	2322
9365	134	7134
25398	134	2530
24574	84	9748
9583	31	5191
24692	134	22830
2896	92	24989
2715	134	4111
24823	134	1217
22025	107	23701
3907	134	1286
22542	134	24624
22429	202	22980
9592	129	2549
6463	92	6960
419	84	2371
8981	67	4634
242	92	25390
2003	134	1744
8395	134	21570
5276	110	2979
1058	134	24197
8764	84	9466
4832	84	1138
6865	84	107
6890	202	8050
21533	134	21508
3825	134	2346
5151	134	22474
9555	134	7135
22595	134	23578
5945	134	1743
5306	134	7862
8066	134	23441
23468	134	152
1766	164	5107
7506	84	23846
22978	109	239
6201	134	4369
9536	84	3959
23879	134	4992
6441	134	1286
23838	134	8965
24046	92	23831
9084	134	4992
10102	92	2621
24898	134	9065
1195	23	3626
7995	92	24624
3016	134	9061
2847	79	1821
9149	134	9385
23663	123	22462
3070	134	2101
8996	134	5074
3755	89	9561
8092	134	22539
7592	134	8244
23788	185	1397
10277	134	9385
21483	134	7536
6372	129	1997
5235	134	5383
9225	67	3626
1673	205	25232
9816	180	3497
4561	79	4215
24005	134	1576
25042	24	3032
6232	84	23541
6684	202	8295
5690	21	4453
569	166	6470
6021	134	24826
7074	84	7140
21150	134	22781
21025	84	1401
3140	79	2384
2494	134	24499
21092	166	10403
10142	134	2970
4867	129	21192
7186	79	24533
5080	28	9665
7960	134	432
4594	23	9748
10268	134	24356
7448	92	5954
2859	134	22583
9256	134	4111
852	134	7604
24468	21	8576
1763	92	1372
2570	134	6851
22692	134	10051
1535	134	3074
21958	124	3748
9206	25	8512
7728	84	1401
1075	24	6312
22505	134	142
22280	134	9719
23018	134	4859
23020	84	4158
9820	134	22059
124	134	4680
9123	107	4158
1095	17	7799
6576	21	22364
24135	134	22781
10219	92	21372
2464	172	6185
24856	134	25138
845	134	3281
3459	134	7536
5899	134	95
24832	67	4956
8531	92	3408
6168	84	2668
24741	134	9219
1512	134	443
21346	103	961
23989	43	9030
2962	97	2137
1689	92	3958
5581	23	2371
25305	134	7151
3754	84	1401
22763	134	9492
9114	134	9719
3312	84	3636
5924	112	1022
7744	107	3636
22200	22	5888
1443	41	4729
4969	134	25050
1667	134	1311
2798	134	8520
6248	134	23831
2693	134	10474
6176	84	6731
7630	134	1797
22485	183	2983
1521	84	1401
25152	134	95
2044	134	22490
1703	134	25192
4417	166	296
4719	134	9385
21445	139	4181
2331	134	24881
23968	43	9197
1780	84	3959
22717	92	5770
6179	75	127
32	92	2876
2263	61	7467
8141	92	21570
2860	84	1639
280	134	6814
8726	84	2685
2927	134	5888
4233	134	10109
2907	84	5565
8490	84	24426
2381	179	24136
4349	202	8295
1719	107	1051
6439	134	23913
24187	84	4956
8808	134	4606
687	134	9790
4062	84	25311
8883	84	7397
10322	134	10109
23589	134	1774
3026	134	22753
24229	134	21655
4932	134	2876
4357	134	9532
21158	134	486
7	84	4048
566	43	25465
8559	92	21508
4225	84	2685
5910	134	4339
8662	84	5107
21910	84	9748
23517	67	1400
2700	84	5671
5284	92	7604
23565	134	22830
23993	134	4807
10213	79	9976
21299	67	23860
9433	24	21245
3855	134	1186
5314	92	23047
21282	134	21692
23900	89	5855
22913	142	22778
5740	134	6324
3286	84	5671
629	134	24197
3254	79	25224
22442	134	24448
6763	134	3372
24332	134	3273
22065	84	3605
25316	23	7742
24362	84	24600
4175	134	10055
8121	134	4
21614	134	2322
7934	6	7493
9008	134	1928
3499	84	23463
22896	134	4271
7118	124	8238
22337	107	7397
10030	134	1234
9921	92	10074
24772	92	2970
7968	134	6778
8968	191	2371
5729	84	7397
8633	134	24819
7046	191	7397
22130	134	8387
1378	134	230
2737	134	21195
1270	164	22980
23388	134	1774
5678	134	9928
5550	92	10136
6846	134	23111
23168	134	2530
4909	92	2320
22728	202	3308
10150	22	23539
24979	134	4606
3845	134	6639
22289	89	9131
3047	134	21655
7907	24	10068
8012	92	7752
24917	134	4282
3592	140	3297
340	134	1278
6918	134	22830
6481	134	23295
9086	134	1744
21039	166	3826
7401	92	9719
21443	23	22980
9025	134	6442
10174	134	9786
24904	134	8023
5660	129	6870
7375	169	33
22687	79	21512
10215	84	22601
24587	134	21496
7848	92	25110
25268	134	3958
6377	24	4196
6719	84	1401
1553	31	7946
23704	134	679
22680	38	643
1077	134	22235
7467	61	8944
1414	92	9786
2464	84	2655
652	134	1037
23997	84	1401
23402	134	22830
24676	134	6639
23133	92	7492
244	201	7049
24002	84	24763
23474	134	8828
55	129	2332
612	134	4422
1514	134	3958
22515	134	25487
571	92	4133
6450	134	10308
66	79	2640
609	92	1150
352	134	6324
23193	134	22234
7427	161	4816
7336	92	2876
7313	112	24431
23495	134	2162
25490	84	1650
25409	134	24071
21863	134	9790
22248	134	502
25110	9	6254
22176	134	5507
24948	134	9236
8079	134	23111
412	134	1664
2327	134	6
23320	134	63
6893	134	22830
22684	134	24101
4432	134	8297
21645	107	1138
9256	134	443
6419	134	6
21367	92	2809
23935	161	3547
8198	134	1705
22670	134	3575
9904	134	5932
9064	134	1278
21776	84	1401
8766	92	8125
4062	134	24590
22842	164	9415
8442	178	25245
3546	84	22929
24598	134	21039
10441	92	2970
9346	92	23261
25014	134	7604
6447	84	7397
5815	134	22340
8013	17	9869
779	134	23344
7620	134	24686
22884	84	6056
6798	134	4680
7873	191	4365
5491	92	24590
1713	134	713
3667	166	1496
3912	134	22584
5921	92	6860
23243	134	21120
7886	134	2894
24662	134	21356
24113	134	25190
25469	134	3958
22019	84	7011
8377	134	9385
23921	138	24364
22533	84	24402
22348	92	3572
23993	134	6374
4294	84	24402
5499	134	8965
791	134	5992
8824	134	9135
7427	79	21185
1452	134	2322
9441	134	9669
782	134	7466
1008	134	4575
339	134	22461
2476	134	8965
7160	139	4171
22912	134	152
3401	134	21162
195	134	21848
24731	134	2346
6234	134	6994
23706	134	6324
7515	24	25372
7368	134	2022
7340	84	8380
551	161	1232
859	134	9719
21433	43	4481
678	110	22611
1429	92	24409
24831	134	10136
9318	84	23950
8175	41	9632
1886	92	276
6034	134	9786
24287	27	7397
23725	134	95
9693	134	6226
23048	134	6442
187	84	23463
24467	134	22584
933	43	933
22901	178	25245
3658	79	23618
4805	123	2185
25219	134	1664
6974	92	7349
24728	38	6730
24768	164	2668
3587	134	10074
25014	92	7604
173	134	3534
9863	134	6324
6459	84	2685
5302	84	1054
2334	134	2000
22916	99	1401
8717	84	1079
1803	183	23549
8546	84	24227
22041	21	2474
2327	134	10282
4188	134	8226
609	107	5671
4904	84	4048
4065	67	10166
25465	43	7338
6300	134	8965
2664	131	24485
2777	134	6960
2268	107	1051
7155	146	6911
6819	79	6503
23749	101	3697
6589	107	3636
4740	84	4634
25161	84	5977
24505	107	21843
2509	92	7604
21965	134	2970
4509	102	24871
750	134	4035
7723	84	4956
870	134	5888
25406	134	442
7858	181	8481
6251	84	1401
8158	84	7397
4703	134	3180
2294	202	8295
4335	31	10231
24526	107	22274
21061	134	3223
7270	134	9798
25175	84	4158
8735	134	23118
4953	134	9719
3510	84	23990
2076	84	9350
8573	84	961
7545	84	5979
341	84	2371
24478	79	23278
23489	79	9903
1469	134	6994
10305	92	6442
3205	68	21446
2606	134	23047
8282	134	3208
1271	119	1054
1618	166	2915
8305	134	10072
10390	134	22781
19	134	9219
10426	185	23602
7962	6	23632
22951	134	25110
4126	164	21499
3788	129	1237
9854	134	95
3215	92	22235
4026	124	24932
10128	18	7657
24457	134	23084
3805	92	5224
3396	84	1108
359	107	8380
27	134	24356
23028	202	22601
21348	134	2367
25456	84	4634
4241	84	10166
9780	164	21235
21346	24	4026
24430	134	22059
21904	134	6860
24772	134	8488
21961	134	7135
599	134	2572
24396	134	1576
23559	134	8226
3174	134	24992
22999	134	614
24389	84	6915
8258	134	10140
3650	185	21235
7761	107	1079
8291	84	1401
10412	134	22353
21260	21	6377
103	134	5227
6868	92	8387
6919	84	1379
6501	107	1904
4001	157	21556
22627	134	6228
23333	18	1108
2475	24	24129
4639	134	24431
5448	134	6745
9966	84	2371
3963	43	9388
3936	129	25114
8788	134	4807
25496	84	5493
6946	97	5042
21321	134	5992
1576	9	23513
22064	84	3636
6978	67	5675
3006	110	756
3287	134	3281
2971	134	10072
23034	134	24153
4758	107	9214
2414	181	3999
9035	134	23913
23138	11	773
21993	84	2371
7685	124	3841
21919	84	23524
3558	134	24060
3623	84	296
5756	134	23344
7019	134	5888
1358	92	10136
4452	134	2320
4150	181	21470
21186	42	9656
24463	134	7604
1382	134	8226
2240	134	3786
23145	134	585
7813	134	2776
24092	134	22234
24571	134	7536
23134	123	4794
6285	193	24321
1887	134	2457
23890	107	8708
24566	134	6324
2354	134	9532
7790	123	23137
7506	24	3437
22324	134	7536
8535	161	5882
8021	134	2621
23417	134	1234
8029	84	24364
2186	134	1417
8254	134	6324
1461	38	10137
9559	84	6185
22280	134	9790
3335	84	10434
7333	134	3372
5326	23	3626
23724	84	3626
21433	123	22626
6189	193	23494
2089	107	22601
5843	134	585
823	24	24137
2715	134	8828
23226	84	3626
2677	134	3208
4671	134	2572
3723	92	23298
2948	34	2132
21377	157	3636
21076	134	22230
8342	134	766
9229	123	1160
23382	134	7604
2943	107	24402
21511	134	21796
22074	134	9063
24943	84	3959
21450	84	6185
8521	134	3872
8020	134	2530
25224	107	5565
6802	117	25114
25041	134	2069
2231	134	21572
24374	134	7135
6501	84	1904
24167	92	6958
6826	134	9061
1405	134	2995
2494	84	5671
21016	92	7536
8210	84	23463
1455	92	5888
10108	166	24375
23113	134	24908
233	134	432
2875	134	4417
2087	82	10146
2316	84	5703
9104	134	21854
23048	134	486
1269	134	24624
8305	134	3074
9690	134	5074
77	134	22474
6738	79	2381
5794	84	3959
2770	92	23650
21792	84	23990
2253	134	5932
24442	84	1401
4032	134	22490
2224	92	21496
1038	84	3959
198	134	9884
9758	134	585
2935	84	1401
9384	98	6348
3003	129	9613
3225	84	23463
21614	134	679
6988	134	3691
8405	134	5561
10103	134	23344
21285	84	6185
5584	99	21556
7970	134	1576
6483	134	7819
21622	134	21519
7587	77	2507
5648	166	23270
21585	24	24011
517	138	7397
6342	23	8050
8180	18	25011
6168	134	1774
21057	134	4528
7379	134	1278
25472	89	22517
22434	134	10325
5556	134	9952
1752	134	63
21016	134	6814
8470	89	25114
23314	129	1997
6656	134	25192
1005	134	2000
5968	134	2778
338	84	3959
6048	84	2668
25451	138	5671
21022	107	3636
763	92	23680
781	131	9292
599	134	8488
22144	161	8448
6582	185	23028
3045	84	25156
25485	107	4875
8928	134	21572
5410	24	9447
23807	84	2685
6132	134	2995
6889	134	585
527	134	3273
9760	134	8953
5814	134	21692
23145	134	3198
8889	134	8431
23674	134	2000
7962	90	23632
9966	134	1286
4587	85	1181
112	134	439
22667	23	9748
3346	134	8431
131	134	9385
21077	134	22230
1711	134	22234
7284	134	21944
23639	134	2608
894	123	23828
23335	134	23027
656	23	1401
10389	134	3180
466	129	24644
24370	134	4694
24583	89	1367
3342	84	7397
23693	89	7493
1699	134	2778
3830	31	8692
3612	84	10166
2127	84	3959
8647	134	6639
21434	134	5383
6898	41	2381
2353	25	8606
22747	140	23744
6639	9	9732
9679	121	22823
779	134	4111
7186	103	25160
6344	43	8579
1610	134	3432
7859	92	24766
23820	134	5971
8024	134	5770
21137	67	22601
4511	185	24068
892	134	9790
2524	92	4111
23396	134	4896
9978	25	9224
24242	92	22583
3480	13	8657
22542	134	2000
23106	134	3575
1648	89	4642
4810	134	9684
10404	79	21383
24880	134	9345
8866	84	10249
2537	38	24168
6728	84	6831
7758	89	3966
8910	110	8365
25366	146	10116
7649	24	22025
21234	134	8748
6498	84	23463
9833	134	10308
2081	134	5197
8195	134	4422
5081	84	1401
5647	84	680
2174	134	6324
6680	134	10136
4405	67	8708
21393	162	9736
8255	134	25202
4688	134	23298
3683	134	22583
5548	99	22601
9076	134	3273
21554	134	3786
21329	134	3180
24489	134	24356
5841	134	9340
23322	84	22601
23191	18	2685
9988	134	21539
2770	107	1108
2180	134	4585
24272	84	3018
4425	92	25277
1747	107	23701
10066	185	21747
8156	84	1401
7454	84	1496
2508	134	10430
22332	134	1991
22796	134	21496
4870	79	10122
25117	107	23463
2229	107	3921
6999	134	23578
8274	134	21572
3582	142	913
8733	18	2685
7609	134	4528
9240	134	5224
21061	134	2778
7852	9	10180
8116	182	24143
25258	92	1441
4601	134	2020
22925	134	22235
24076	84	2668
7644	67	107
23982	23	9748
10196	134	3180
5204	92	2458
7534	166	228
8327	84	21821
8052	134	9236
328	107	7103
6883	134	6639
22035	134	4282
160	172	1138
2178	92	23266
138	134	4282
8665	84	22601
6701	84	4956
5496	125	1138
8740	24	25262
21585	79	7616
24986	134	8488
5308	134	5197
8524	22	10491
4366	134	4807
23823	84	22601
7648	84	4158
7060	92	1827
22396	134	1605
8400	163	3821
10364	79	25150
23985	134	63
6927	134	9991
3336	134	398
24424	89	2549
9075	134	5992
7478	134	486
8278	84	21436
8894	107	1054
7470	134	4
24074	134	4575
6182	134	21372
9188	123	10442
6570	134	21506
10462	183	2983
8671	134	142
9809	134	398
25431	134	3513
1513	84	3626
21753	134	3432
4540	79	9541
2085	97	24667
6359	134	585
5577	84	296
4504	134	22683
2230	134	4111
1109	134	5224
5222	92	10136
6741	21	3245
24067	134	24590
4768	134	3872
24191	134	23047
243	82	8551
22058	134	3575
24205	134	2322
3502	134	10430
9679	25	25369
3926	134	9609
3911	134	21496
22342	79	5655
21750	13	9165
1762	134	9789
2332	110	6824
1698	134	95
21786	134	5992
6971	92	2022
2468	89	25114
1924	134	7585
7002	134	23111
198	134	22584
8259	134	22805
7405	134	2457
7379	134	3994
1037	9	900
24533	84	4956
2450	92	3180
10257	84	3605
8906	134	5068
10207	163	23225
23224	134	9684
4123	131	21206
24018	134	21195
4129	134	182
10245	134	21195
9371	123	1147
1415	134	25487
8861	134	23913
9036	23	3626
264	134	2876
23910	134	22461
10097	84	7140
3592	146	4947
24752	134	7326
5176	89	1997
2295	134	8655
723	84	6185
8253	134	23047
22170	23	2371
6557	114	8463
8592	2	1966
4094	92	9952
6460	101	5187
1918	134	10022
21942	134	7492
699	23	23463
9424	134	5074
6150	134	2465
22986	178	23217
23497	79	7882
23132	134	2572
5069	84	8380
4003	161	3841
127	75	924
25478	84	5241
5895	134	22461
1928	9	3813
645	25	1032
8276	134	21692
25068	84	1904
3813	92	1928
21765	134	21520
10280	107	23846
23496	24	7549
21325	79	9096
10495	134	5227
4511	202	8239
7371	134	9719
4062	134	379
3950	84	2685
25137	24	23501
23416	134	6994
25100	167	2088
6925	134	10491
1731	92	1286
6966	134	6716
21304	134	2736
6427	52	25232
10378	18	2283
21528	67	5675
24141	84	22601
3330	92	3958
6346	59	2983
3369	134	8748
22433	25	2451
3648	134	23441
8543	134	4896
21396	134	23831
4036	134	7325
10130	134	24766
5618	134	5590
9656	23	21843
25224	84	5565
5715	134	21162
1238	134	3572
3239	134	24826
1796	134	3965
9200	92	25138
21750	25	9165
8256	134	3223
10359	92	8863
22707	8	23411
6385	134	24826
2555	134	6228
4814	84	24723
6657	134	9471
8882	143	22823
4617	134	7682
5171	164	7143
2312	134	2215
4497	84	4158
1918	134	4992
3893	134	21848
1908	134	6814
61	134	5244
7931	134	1911
23048	134	23261
23861	182	4599
7502	134	2346
24345	79	25325
23247	134	5904
2008	134	24060
3914	24	7632
5784	84	9479
24986	134	21944
198	134	6639
5635	84	24436
3131	23	958
22073	41	8338
3781	143	9130
9800	134	3872
24516	84	3626
8455	124	4997
6656	134	1605
24500	79	3322
24564	134	22234
8676	134	7135
21928	134	24499
21876	84	2917
7994	134	2621
22776	84	22757
1058	84	2915
5661	21	6169
10319	110	22643
4326	134	230
10275	107	1054
8770	84	25049
22876	95	22160
8832	84	22601
7650	79	3562
8199	107	3543
21090	92	9135
22703	127	24845
6980	84	23463
24979	134	9684
9431	134	9369
21431	134	7536
23550	134	6228
9474	134	25110
22518	99	1138
21601	92	7536
23097	134	3180
6071	134	8226
3578	134	9952
22163	84	3632
7851	134	10074
22957	134	24356
22482	92	2164
23363	84	4158
4005	134	5212
23589	134	2288
10129	134	432
346	107	22139
2265	107	3705
21938	134	9135
2960	163	21409
3941	89	1435
2600	134	24881
7124	23	1401
23876	143	22823
9964	92	679
9380	153	1766
7856	134	4528
24689	134	3180
22173	129	7493
7304	24	7707
7907	79	1122
23491	84	5671
4288	27	8050
22256	134	1911
7203	123	9788
8846	62	23289
1388	134	443
1191	134	21692
376	67	1401
7110	27	8295
22308	134	9719
22782	134	25106
533	134	23047
7406	92	63
10401	79	23886
10164	134	22461
3117	134	2970
2307	134	24819
4558	92	2778
5591	134	10109
3174	134	5273
876	134	9615
10429	134	22474
8071	9	9117
3988	134	8582
25315	84	24763
1526	24	1328
8467	134	9786
3212	84	7314
1051	23	4634
1074	134	398
8124	134	5845
3243	134	10282
4372	79	1914
23244	84	858
23297	134	7717
8725	134	1234
3518	161	5734
3733	79	3733
24771	84	5671
23770	46	21064
23211	134	9952
9330	24	1465
22492	65	24833
6090	134	2034
1589	134	585
23977	134	1774
1080	134	8106
1488	124	1735
3759	92	24431
567	24	24286
25142	11	9102
655	134	10022
22580	38	24547
5266	134	22059
9164	142	947
5764	134	3466
2373	134	6228
25195	124	25410
1396	134	4917
2532	92	4205
1717	134	24356
8181	134	3281
6038	79	22489
3165	84	10166
9465	89	3508
7737	134	8965
688	123	1756
1254	134	1576
7280	205	22929
300	84	2113
25052	134	1991
24155	79	811
21691	134	3958
21710	84	5671
361	134	5932
8037	82	1079
9445	134	22525
1812	25	22483
23982	82	3747
22843	84	7011
9439	92	7781
4556	134	7536
6823	134	2428
21092	9	3759
8773	134	3958
21364	134	23084
22257	84	23463
1924	84	23463
8091	92	24819
6625	134	502
4920	23	1401
1077	134	4111
21390	134	9615
1813	134	6324
25264	134	21572
6697	134	9065
8956	134	2876
2858	84	9748
1750	43	9972
24880	134	10308
1157	107	3626
3754	134	3958
4587	8	1181
4973	134	21120
3419	134	9952
6223	134	486
1434	134	3575
9068	162	24495
574	107	3959
8199	107	4454
3885	134	8297
214	134	4575
22174	92	8030
5239	134	5244
3288	134	9345
1492	84	961
24701	92	7135
24405	134	3316
7828	134	21120
9577	134	4111
24984	84	5671
5234	97	23354
25280	134	8728
23158	134	24881
2485	84	7011
1306	134	10109
22126	134	24153
3584	134	2322
4925	129	24317
24821	134	21572
21045	134	8244
25489	92	24431
23784	124	23566
22679	166	25160
22109	84	3959
3666	134	21039
24325	134	3281
5392	182	5392
1353	134	21655
24873	134	3958
3161	38	8755
9355	134	10136
4280	134	23111
23429	134	22407
21916	134	4111
2862	67	5671
8918	134	8920
24897	134	23344
7210	84	9748
5366	134	8399
3657	134	9236
4670	84	1402
5098	134	6324
23388	134	4111
24256	134	4111
23089	166	10434
21317	134	25138
21537	24	4701
8730	84	5671
3988	134	2428
9606	84	9350
22104	134	5954
6069	134	10474
6152	134	6442
8468	11	6805
21280	164	9380
21276	161	22426
2930	134	2149
24648	134	2876
22322	134	21912
5179	134	9952
24714	134	24989
23403	23	1401
4031	134	95
3070	134	24848
21193	134	10430
5030	134	22245
2662	134	21039
6	166	3959
21714	134	6374
4583	84	3959
1049	134	23027
2255	134	24826
7188	134	6228
8538	27	23389
22395	134	21572
9914	134	21520
2469	24	23033
7198	31	24775
7591	139	7493
9355	107	9748
10178	92	24989
22440	92	10308
10438	134	8920
21689	43	5180
6594	134	1365
6673	134	23298
2605	85	23438
1	134	2203
4438	92	22584
8203	134	10325
8170	134	24499
9533	134	7726
4830	92	8139
22581	134	3088
489	92	23913
10004	134	8297
3174	84	4634
23184	92	8281
845	134	2162
25078	79	8221
8109	134	8828
9422	134	10294
919	134	21092
7041	25	21280
9512	43	466
5817	134	22461
4753	134	186
2016	92	4282
22530	84	4594
24743	38	6382
6592	134	10136
7563	134	7862
23736	134	4680
683	84	4956
3225	134	2776
705	123	23590
21785	134	5992
2801	134	2652
24044	123	21253
8276	134	8965
22799	134	21539
21023	92	5244
21420	11	1560
605	134	9952
5833	134	8494
21334	11	9849
22934	84	2685
9733	134	3432
764	181	8481
5605	134	5888
1667	134	8226
3377	134	2020
8969	92	6226
8732	134	5154
323	202	9748
549	92	2199
7909	92	25277
10455	134	584
7572	89	9561
22526	134	25390
3994	9	8306
3622	134	1928
9032	134	25138
21905	134	4680
43	134	22390
22484	107	6641
2124	205	23990
3389	92	2000
22072	134	4896
23938	134	6324
7474	134	2778
21115	134	7125
10224	84	1904
24116	134	9532
21410	134	5845
967	92	1311
5528	84	4365
8550	134	9471
21421	92	4271
22029	107	4956
10212	84	5951
7214	67	23463
4397	134	24624
6652	134	24448
22839	134	21796
22401	107	9748
24072	92	10371
962	124	5900
3201	202	22980
4231	134	2005
488	134	10136
10418	11	23563
7762	84	4033
6844	84	23463
503	58	6962
23965	23	6185
141	202	22980
5384	134	24356
9785	142	6356
1039	134	6289
21742	134	22525
25115	134	8488
21336	134	6324
9609	166	5484
2837	24	9171
22273	92	1605
139	134	24590
9817	84	23463
38	43	25238
4054	134	584
5797	134	8494
3559	134	4479
2683	134	5735
1400	153	5848
148	84	23562
2078	124	23882
2820	134	10430
6993	134	24448
21495	134	3343
2082	164	8999
9591	134	1744
21172	134	432
25444	92	10474
21438	25	9722
7201	134	5770
7094	134	6228
2503	134	8125
2512	134	3180
4174	84	4365
1134	134	22166
3823	92	22057
22199	134	24448
21987	107	2917
21970	84	23950
7813	134	4417
3590	84	4166
4976	134	2630
23866	98	3636
9335	107	6737
5417	134	24409
24589	84	21556
1793	92	8835
1093	38	6642
6719	107	1401
25178	134	21039
6980	134	432
23660	134	2000
23694	92	443
1407	92	486
21924	134	3343
2767	129	1997
974	134	4578
10479	134	10491
21391	202	7143
22623	134	23831
22203	134	504
9541	84	1401
24524	134	22057
25257	84	7507
21026	134	22525
9062	134	23892
7063	193	24695
23865	134	25138
6469	23	296
6570	134	5770
5035	99	132
2230	92	585
23384	142	4033
23464	24	22352
4780	134	6464
8498	134	24992
22842	164	9879
23793	84	5565
4124	134	10090
883	134	2203
24530	25	8512
5800	134	3572
3192	24	3179
3837	11	2982
23620	84	3959
22684	134	8030
5184	134	21356
3138	110	3508
6536	134	8488
562	134	2000
7741	79	10419
24091	23	8050
21085	84	24436
23057	134	1705
23452	134	3180
1279	84	6185
242	92	23179
4290	134	8360
21772	134	786
23430	134	1234
24728	142	6730
25300	134	5150
2108	134	7326
5930	134	7151
2122	157	3636
3419	84	4337
25211	134	3965
8986	134	1911
22227	134	8226
22714	84	3636
24237	31	4595
2008	134	585
6214	61	22237
9825	134	23047
22485	99	3636
1688	92	23047
21642	107	24723
2081	134	2288
24420	84	21556
5571	109	9748
6799	134	7135
24249	134	7831
25322	134	24499
2895	123	4844
1881	164	22123
9022	134	3786
6323	134	5770
25334	134	25138
8535	79	23566
7940	92	8965
4428	134	2069
8711	134	25495
5351	134	24634
2114	43	4206
2178	134	22407
321	92	10109
2944	134	5197
337	134	10294
8976	142	24523
7696	123	5494
25328	84	24402
7129	134	7682
8853	84	7397
7359	134	7296
3833	84	22601
22949	134	3575
1873	84	23463
5106	134	766
9082	134	10051
5885	84	9748
23122	134	9669
8745	123	5965
8237	134	9684
4014	134	21964
3629	134	6958
23048	134	4896
1626	134	8244
23457	92	2000
7305	98	3636
23356	92	5383
3576	134	1928
3355	134	24154
8073	84	1697
919	134	3348
10436	134	23578
22443	134	5227
1617	134	7492
1507	134	6226
24962	107	9479
6893	134	23266
429	134	585
6488	134	21650
24241	202	9380
6668	99	4634
9544	134	2215
2290	82	23281
4442	134	766
1507	134	22059
9912	134	9615
24081	134	432
22313	84	25311
7070	84	25453
2743	79	2150
10076	134	21469
1480	20	6685
1610	134	24826
22528	24	3032
10240	134	2346
21258	123	7560
9858	25	7239
4754	25	3383
8989	134	21570
3206	134	4734
4090	134	2876
6418	107	4454
574	92	182
4240	134	2322
498	92	21912
21275	153	24797
22136	124	1245
23683	134	21
146	23	22980
2351	84	23990
8904	134	23298
25109	24	5808
24825	134	2652
9157	92	2995
5215	84	296
7613	134	6324
2565	112	22860
697	134	2000
10303	134	379
6785	123	5774
7361	134	1441
2103	134	2608
22967	110	9131
10017	84	23463
23081	92	3575
21959	92	22235
7698	84	23990
22565	134	1576
1510	134	8023
1023	107	1054
878	84	24402
22417	134	4575
0	110	8246
23264	92	5065
3459	84	35
22214	92	8431
21660	134	4883
4490	134	1928
23323	134	24908
83	22	24381
7613	84	3959
3697	84	2917
7582	92	2000
24560	134	679
5057	89	8910
7625	39	9953
4810	134	3965
7768	134	8965
151	134	4133
5624	134	23831
78	79	22604
23526	134	8746
25373	134	7726
7439	79	22363
24656	84	9350
23611	134	23344
6968	107	24784
5531	134	4125
3843	134	8297
21536	134	3074
3789	124	4308
1205	134	1700
23438	184	6983
4593	79	8363
21736	146	23360
21992	134	3273
22684	134	8207
5637	134	3958
21466	134	4680
9166	92	2428
4250	18	1054
24226	134	10371
8348	134	2619
3814	134	2776
24419	134	7296
6882	134	1605
3133	27	1904
7033	131	4923
10345	92	5648
21708	134	2458
24134	92	24356
1502	134	8139
6983	185	23438
9125	134	23266
6342	202	8050
8903	92	4950
22808	11	2709
23313	134	7831
21196	134	2778
23396	134	486
9406	70	3852
23310	79	23737
7390	134	9615
454	92	2970
9393	134	24826
5425	84	3959
7256	84	23463
2234	84	7011
1036	79	21337
22175	67	3543
22625	134	3223
626	99	22980
6446	84	10166
8726	24	8867
4951	89	24552
21776	134	95
22561	46	10316
2189	84	296
23741	134	9065
24331	134	1278
22923	134	180
22281	79	378
21329	134	2776
23776	161	23786
25184	134	9847
2431	134	21655
8718	134	6228
9094	134	22780
2830	155	2579
9356	134	9471
10180	134	7852
5139	134	9719
1845	134	6639
8284	134	22584
3003	43	3553
3810	134	1576
6963	129	24644
8332	31	5696
25134	25	8606
24353	121	2397
900	134	713
22360	134	95
9037	134	2778
21553	22	25192
8931	79	9543
21199	20	23994
8154	9	9768
23935	79	9087
24191	134	24063
832	134	1605
24269	134	22994
1452	134	8920
23670	134	7536
6745	166	22890
3093	134	1311
8857	134	21356
24020	92	21284
6360	134	7326
2186	134	8281
21654	134	23178
7577	134	25138
24062	134	1417
5750	134	2000
4164	79	2664
4868	92	24101
21271	123	6147
6685	189	1401
21772	134	7682
2438	79	5530
22589	92	4125
21879	134	1744
4777	154	7802
21306	134	23747
852	134	3691
3948	134	585
23601	92	21039
5582	134	585
4561	84	23860
22377	134	1576
2723	107	3636
9012	99	1138
7737	92	8965
6503	41	6819
5899	134	7604
1011	134	8077
1908	134	3372
7451	134	7492
8057	134	6324
5014	134	5074
23077	124	1614
8540	134	9532
6502	47	2685
22479	134	24826
3305	134	5407
24862	134	2020
8021	134	22057
5479	134	4111
164	134	22584
7554	154	1977
22915	134	6442
23363	134	25495
9727	123	8111
24300	84	6311
759	134	9522
4120	134	5273
9160	134	2320
23119	134	9061
22485	146	5650
9507	107	2088
7207	164	6686
9792	92	25202
7181	134	23765
2660	134	24624
4814	107	23701
8841	31	23519
21129	134	9061
9364	134	5971
4553	134	10074
6152	134	4157
2867	134	6219
6035	84	2917
2080	134	276
559	23	24402
4530	134	1286
5776	134	1286
1972	134	1286
4657	139	9131
21776	134	766
8437	134	2544
22803	166	5107
4738	99	22980
6853	23	6185
7764	8	8037
3542	134	23539
8952	18	7143
3217	134	2369
25163	134	22987
7304	131	6623
3853	134	4528
7395	134	22461
25288	134	2530
4506	134	8387
21147	129	7593
22639	54	5533
2135	134	4282
25483	134	25495
23233	134	8748
4236	134	10136
1705	166	23860
286	24	6400
2771	131	7346
5366	134	5845
24392	134	5212
6727	134	3372
2716	84	9665
24251	79	6503
23538	151	22145
7317	23	23463
3532	134	2608
4380	134	23394
7312	134	24381
8570	67	4634
700	134	23047
5381	134	63
23258	84	4634
23612	134	23686
8554	79	7889
22973	92	10109
7192	164	4958
6646	84	8062
6766	84	23341
6191	92	21572
4812	134	24989
10010	134	22340
5801	146	7183
706	134	9909
10380	134	24826
23249	84	2685
24058	79	1336
7280	205	23860
9911	84	1904
7041	25	8006
5197	9	9889
10061	134	358
8554	79	5178
9006	84	1401
3695	43	999
4142	79	24593
10042	134	25390
6460	71	5187
21011	84	23990
3589	22	3513
4621	134	2020
7001	134	2778
1153	134	6228
4382	134	95
4281	134	5992
9573	134	9615
8211	134	22683
24679	89	1597
4254	134	24060
3558	134	21944
9790	9	4856
5683	124	21362
8640	84	23463
4714	107	3626
24169	134	3872
10152	161	1225
22063	134	23058
23036	107	3626
7227	134	21041
4628	97	3155
2239	24	7670
25158	134	10430
25063	79	8967
3737	134	679
3262	134	5074
22360	134	21520
22899	134	1744
22709	134	2876
6501	92	21944
1634	134	4859
5697	134	7624
7041	25	25369
24106	84	22640
9604	134	21384
9349	134	23259
5211	134	3088
21202	92	10308
24232	134	1372
22075	92	4205
8174	107	7990
21103	92	5074
6048	139	23108
6587	134	22234
23351	84	1401
25339	134	9790
3649	134	1311
4850	134	4045
2378	134	8139
2965	41	820
10071	134	1605
21174	134	5992
1137	99	5671
22659	84	22601
25354	134	5220
612	134	152
21305	134	5212
3124	134	1618
901	134	7624
2317	134	25190
23812	134	7604
6420	134	2876
21508	154	21602
6068	84	3381
8747	101	9102
7510	134	1278
3329	134	23441
22849	134	10090
7228	134	1931
9292	41	3021
23530	134	4575
9037	134	8748
23225	127	22305
6370	134	23859
21464	134	24590
21579	84	3636
22562	134	6960
5135	8	1090
23603	134	8748
24181	134	23578
7197	191	9748
4425	134	8297
8018	84	1904
5975	134	25495
10480	134	4417
25394	134	4528
5638	134	9522
8602	134	22830
5725	202	22601
23931	134	2000
3079	134	5992
5637	134	9615
4997	24	25215
7710	134	8828
9950	178	23217
21774	84	24890
25062	134	25277
22558	77	8551
4054	134	5590
1898	92	4950
4501	123	9137
6863	92	8297
8543	92	24499
3812	134	4133
24348	134	24590
21181	134	4606
9645	134	8965
8771	134	9952
723	134	7466
10365	134	25495
24618	134	21092
5231	79	781
10069	134	2320
9871	134	9236
23995	134	23539
4808	134	2410
1331	20	7412
5676	134	1928
8159	134	6226
1007	134	4575
23410	84	22601
787	134	21539
22453	24	7380
8614	107	10166
23039	134	2876
3929	99	8101
9105	134	4076
25044	134	8340
8198	134	3408
608	84	961
22887	207	1297
4794	90	8764
1749	134	1537
21624	134	4299
1111	151	1161
23378	134	4680
23582	84	9466
4667	207	1812
7280	205	24364
3435	43	6153
22434	134	24624
24170	134	7717
10473	134	5065
1632	129	9672
9837	24	25042
4576	160	4743
1722	92	1743
7985	134	2572
5433	134	23266
8435	134	7135
8465	79	21257
5757	134	2736
4667	191	21275
22946	123	10120
24152	134	4111
21669	134	5992
24655	84	6311
8931	79	2218
8025	134	9492
7525	134	24101
25108	84	3626
21201	134	9798
6988	134	9719
24335	84	23463
21538	134	8655
25124	134	3343
285	84	7397
2873	134	21854
4774	134	22584
2612	134	23298
8692	38	3830
1829	134	21539
2354	134	1744
10213	41	1672
25387	134	6442
7550	134	1928
23877	134	24387
245	134	2970
10359	134	4076
23305	134	2320
7293	89	6143
8094	134	2322
8479	134	10136
23933	92	8297
21877	134	1928
2704	84	3605
4359	24	6786
1295	89	311
21343	134	6324
1224	84	296
21781	207	24549
1894	134	2970
9428	84	7397
5797	134	23179
23726	92	2410
4397	92	7624
2261	134	8828
24424	43	4245
6241	84	4158
21516	134	63
25468	134	22525
10197	43	4251
24462	43	24601
21600	123	2321
25236	123	2895
7586	97	7046
1255	24	1679
2881	123	8208
23880	43	1855
2876	166	23208
24667	21	3327
24461	134	4859
22533	84	2681
1209	92	21039
1184	23	22601
2078	79	1296
9965	84	6185
4934	41	8209
25442	134	8920
2870	134	2000
831	134	1928
7109	110	6027
25452	92	502
9706	84	4158
8610	25	22608
2236	134	9684
4891	134	9615
3505	134	6958
8346	134	8310
23527	22	24179
3972	134	3691
25000	134	7688
24677	134	9719
8944	52	22601
23470	84	107
8312	84	22274
6374	166	3959
21666	134	9615
24206	134	10136
3093	134	21356
1930	114	6560
3186	43	2538
813	190	23549
22747	146	5983
1941	134	1311
6345	162	2043
22431	134	4282
94	84	3636
21462	84	4956
7186	97	8968
1844	134	24826
24803	134	10491
22545	134	24624
3792	23	7143
5255	84	8380
8033	92	6745
21729	84	3959
24808	134	23831
22953	92	9135
2761	134	23578
25029	134	3273
9197	43	1373
22343	134	10136
2407	92	7975
24612	92	22390
973	134	8226
4551	84	4634
22209	92	21039
2888	134	9063
8448	139	22144
10104	134	6639
8936	134	25277
5674	134	22693
9521	92	5224
7607	149	4115
2236	134	7135
2137	21	4736
9258	134	4680
9935	43	3641
21445	139	1882
871	140	2996
1853	107	4956
24697	184	8379
21890	84	2371
10104	84	5671
5727	84	25160
7900	84	5124
4896	166	25311
8415	107	3636
5442	134	21655
10087	134	5065
23045	134	2465
8348	92	1150
21091	43	4180
8172	134	1234
6223	134	2020
21590	134	8687
6752	24	24162
22146	67	23463
6491	134	10136
7603	134	2410
25356	134	1286
24950	84	9350
3644	134	4282
9060	146	4890
10323	134	21570
509	84	1496
8104	41	21383
24707	134	6960
24632	134	25222
1749	84	2371
22816	84	607
23603	134	6228
8346	92	5954
8143	134	8106
3140	79	8967
826	139	22611
5530	205	9879
24599	185	24377
7918	31	24099
22462	123	9376
8201	107	3959
9133	134	23578
2517	92	8488
7747	134	3691
21234	134	9385
9960	134	23047
10022	9	21306
7617	134	1605
10433	134	22461
22266	134	6442
3643	134	2357
4382	134	9838
9474	134	6639
10305	134	10136
23967	134	21572
1167	134	10282
3885	84	24402
3412	84	23463
22522	148	2672
10328	92	23500
25134	25	6961
4084	84	2685
23011	84	22601
24019	92	4575
21937	129	365
1969	134	9219
10391	107	9467
2242	134	7992
24747	24	22638
25140	57	8201
23716	43	7673
7315	134	8431
21654	134	1911
8048	134	25487
4586	134	24590
24661	134	7604
4541	134	3074
886	134	23765
7266	134	2000
10008	84	2915
5027	84	23576
3906	107	3636
24955	134	23131
24644	100	6751
24222	134	8965
22654	79	8964
9941	134	1618
21193	134	23295
6429	134	2320
22565	134	10108
6969	134	9786
3917	84	6311
5053	84	5671
4423	24	25221
4796	84	6311
8017	43	2148
24117	134	8387
24923	134	24766
24064	107	7742
2697	84	22601
3769	134	230
21149	92	22034
4559	134	2995
2701	84	8062
3116	99	24402
22394	134	2970
88	134	9532
25150	84	23463
6404	107	4634
3003	123	8921
6927	134	152
22109	134	2243
8640	134	7151
8932	112	3092
25446	134	7438
9294	205	1138
24930	134	8071
23874	24	2116
6818	24	2254
6303	134	9719
966	89	7823
21466	134	25110
21125	92	7536
453	134	152
23034	134	8387
9594	134	22034
23473	107	24723
3973	79	23935
6501	134	21944
21481	134	8746
10450	92	3876
25170	134	9492
6349	84	22601
10088	134	24381
7787	134	3281
25324	129	8910
1097	134	25138
10032	92	1605
3062	39	21836
10386	98	2283
594	134	6324
4815	134	1744
23343	20	2751
23101	67	1401
5263	134	6442
23206	121	22746
9555	92	9790
1551	134	9369
2428	166	2371
22168	84	23463
10006	92	8728
6524	84	1953
5662	24	7590
8768	146	23925
9692	134	25190
21901	92	585
6729	84	1297
9624	134	10136
4961	134	6442
2838	134	24590
23681	134	5888
22494	84	3626
5742	129	9672
23972	24	3748
22560	84	25332
6045	134	9385
22204	146	9386
22864	134	2736
7146	123	9173
1428	84	2917
8518	134	443
2399	134	21539
2821	107	3626
4333	12	1794
1453	134	21974
4708	202	8239
6923	24	23176
5481	134	2000
10378	84	3605
23461	134	3958
864	84	2685
2181	92	25244
24056	134	22836
4217	84	6185
25316	23	8295
6151	157	2668
748	134	22057
8143	134	6324
366	84	21132
2233	134	3273
24711	123	6206
10297	41	4258
6608	178	6469
73	84	5671
1933	134	1664
6639	166	21850
4382	134	4992
3037	92	4282
5727	134	2621
4807	166	3959
4187	134	3273
1213	84	7391
21734	134	3958
2441	134	25190
22963	92	5154
21363	84	296
22630	99	675
23518	84	1496
21546	134	7604
8740	79	9745
24072	134	8387
6145	134	4578
6575	134	7536
3723	92	3786
1007	134	10430
7286	164	8380
21997	43	5911
6380	134	22474
2689	134	7536
5347	79	23254
23503	84	2685
24783	134	6226
5859	92	6639
6232	134	25192
23488	79	6001
5897	92	21912
23931	134	10136
1069	134	531
270	84	23463
9999	69	23963
3555	84	25049
10063	24	3250
4701	84	4200
7695	18	3636
5405	79	23640
23026	41	10404
9936	84	2371
9944	134	2530
23808	134	7151
22938	134	2000
23172	84	7140
22994	9	1963
6495	134	23394
25039	134	766
3254	107	5565
2529	123	3143
22445	134	9522
9398	134	186
9365	134	21655
7384	134	23261
7370	134	7781
24691	134	3343
5909	107	3626
8121	134	22059
8721	84	7397
23601	92	2876
4024	134	7604
3446	134	3273
24995	134	713
22153	20	677
4460	135	4200
25146	134	2203
6883	84	1904
23387	123	7119
25201	134	3872
3236	84	1401
7935	134	9909
1347	84	9466
6625	84	3959
6021	134	22447
21491	92	3513
9947	134	2012
5722	134	8106
1166	134	8965
22877	92	379
8634	134	2608
5324	110	2025
23033	24	1536
883	134	23913
21580	134	152
2571	134	6240
9796	134	2020
1102	134	6226
3782	79	21791
22162	134	4111
3358	43	8283
25463	134	8748
23854	22	10282
22991	114	1461
5147	134	23344
5294	84	24402
22602	134	6745
1661	134	24387
23396	92	9219
9825	134	9065
6078	84	3605
3608	107	5443
2142	151	23036
222	134	9385
1572	84	5979
24590	154	4119
4854	107	3636
23199	134	22034
3788	123	1674
6269	84	22601
6155	134	1744
3669	134	9404
4130	134	2410
5315	134	1743
1396	92	4917
985	134	21570
22577	84	4365
10189	92	8920
24246	134	21120
2872	99	5671
2077	134	2000
24742	134	5590
23481	134	4392
1230	79	22032
21188	84	2371
178	84	6185
8331	134	2410
21308	134	5888
6519	134	7570
24463	134	6860
5464	134	22781
24978	134	23539
3085	134	8655
862	134	3343
8366	134	24826
7061	134	25390
7011	145	6388
7888	205	7011
1976	92	5224
338	134	21767
8619	134	24908
23619	131	21482
1926	84	7314
660	92	8310
25239	134	5932
8697	129	7593
10114	134	4133
850	84	9748
9134	107	23950
25466	92	9719
8279	139	22217
3682	84	2027
24516	92	25192
21840	84	3626
22826	123	24228
24045	92	2012
22675	134	3281
10156	134	1278
1869	134	10051
22808	146	25407
8673	11	4901
4923	79	24609
23793	134	2776
1265	92	9471
9807	134	8297
315	84	7011
24705	134	2465
9502	134	2544
10215	92	23913
22420	134	23178
4584	134	22230
2981	110	22854
567	201	3396
2449	84	7397
513	134	8226
10096	134	23913
25125	129	5349
9644	134	5888
25231	134	21041
22890	99	24402
868	134	8071
4650	129	5165
25250	134	21570
1626	134	5648
5653	134	23259
21569	134	24590
6400	79	286
5940	92	5770
5600	134	2608
43	84	6185
22362	92	95
1023	84	10166
22393	24	5404
3628	107	6454
7821	84	1904
7154	107	1054
4232	79	24058
7830	124	3327
2944	134	1278
7793	134	21650
4112	134	7781
25466	134	9532
24906	134	2778
24899	134	3786
22411	6	2549
2516	134	3180
5984	84	1401
5215	23	296
1628	134	5383
2367	166	24484
22456	134	10430
8015	134	5888
5905	40	2176
4735	134	8520
23613	134	22234
7595	22	24352
7204	84	22288
21926	92	24356
2663	31	2323
7534	166	8084
21618	84	7143
24843	134	24624
8428	134	1664
4760	134	9719
24878	92	8728
4794	11	21889
8035	134	2458
24068	125	5107
980	134	7052
1119	24	23564
21127	134	22407
2358	134	9952
3698	134	8748
21639	134	10282
9312	84	4958
6019	134	3575
3869	205	7805
6759	134	21570
1970	84	7198
82	5	24082
5444	164	7377
3443	181	2414
7703	51	24082
3288	134	6260
10200	134	2970
7748	202	8999
9568	134	3432
23479	38	7627
7361	134	2446
21464	134	5590
1397	125	1904
23226	134	7151
2703	134	2322
7519	129	22496
4995	84	1401
4996	84	7397
2660	134	6226
5833	134	10371
23112	123	2169
3518	24	6744
9978	143	22823
22804	134	6324
6318	92	7492
5636	98	3636
7879	134	2778
1454	134	25110
21365	134	766
24479	134	8828
8703	134	24387
7170	194	23421
21600	89	2209
10469	129	7593
3256	134	8042
22307	134	25277
22074	134	9522
8993	18	3900
25284	92	8125
2587	67	4634
2048	200	2048
5773	134	2162
5892	107	296
8593	134	6639
428	85	3544
23265	134	2428
24209	134	1664
24447	84	6731
8930	129	4632
21533	107	1054
24909	134	5735
8080	84	3636
7939	134	4076
6738	67	1401
5239	134	21520
22814	134	21796
1741	134	10022
2442	22	8687
2056	134	1576
23247	134	2022
22629	134	6
1973	146	21347
23830	79	25206
22106	84	23463
10299	134	21570
10012	134	2322
8277	134	3348
9649	84	2917
2257	134	7536
23014	124	2254
7566	31	4971
22218	43	5307
7287	134	9219
1397	23	7636
9313	107	4956
2138	11	1145
6045	134	10136
22020	134	9669
6266	134	5212
24147	92	766
7082	84	2685
21975	107	22980
21437	123	143
8987	41	10404
24178	134	22230
5283	84	5671
6180	134	2572
7075	84	23463
3105	134	152
21711	101	5187
3210	79	23496
24504	134	3575
21187	202	7143
24567	134	22539
3759	92	21650
965	134	5735
6868	92	4680
2471	134	1928
3267	84	1401
25030	134	9135
10284	8	21956
2199	9	2495
25121	134	5648
5941	134	9532
681	84	1496
784	27	2353
9923	92	2410
1249	84	23701
7505	134	8722
9032	92	24356
3063	164	2596
7800	107	9748
25319	110	1611
6862	134	24826
10266	134	24499
22354	185	8949
6595	134	8030
1894	134	10051
1939	134	2346
9536	134	1272
1924	134	6374
8205	84	1401
3954	21	22049
10025	134	22584
6244	134	24499
3990	124	1891
10095	134	21539
7545	134	3408
3461	6	23299
24455	84	1047
8038	43	23866
25005	97	3954
7311	31	21947
8600	134	3432
23111	9	24739
22104	134	5383
7905	18	2596
21936	134	2530
4081	92	6442
8015	134	10109
7737	134	6521
3771	134	6639
5701	23	1401
2814	84	22274
2861	107	8708
3721	124	22269
107	142	646
1148	134	9790
6225	79	5143
22401	115	8506
22760	134	4035
21968	134	8488
2968	6	2209
10150	70	23539
5795	134	1700
22179	134	22229
23608	84	6454
3233	134	7536
7563	134	23441
1733	24	7450
22764	134	22407
9071	134	5244
4600	84	3605
1858	193	8426
6739	99	2917
23459	92	10022
23232	134	2995
21166	166	9305
1154	123	10469
2850	99	3626
7485	134	3958
2984	134	5561
6565	84	5565
4621	134	825
6669	79	9311
22552	92	1150
738	134	10090
9124	84	9748
23577	134	152
24929	134	766
21770	134	1991
22389	134	23380
23560	52	1401
4131	134	3180
9545	92	22753
3995	92	1286
24089	134	1991
4492	84	2371
6527	79	24993
10317	134	25192
22446	134	7604
595	134	22775
24928	84	2371
577	134	4282
9779	123	21824
4921	151	9648
2635	134	6814
6252	191	24784
2495	134	10074
3529	134	1286
5501	134	22461
5275	134	22340
10399	134	22230
24641	11	23963
5811	134	23047
25335	134	21120
6128	84	22554
2625	5	24082
23912	134	21692
610	134	21162
1813	134	8920
4838	43	5875
23951	84	21494
25036	134	5065
7258	134	24387
1879	134	2162
3182	134	1928
22371	92	8139
7284	134	63
2868	134	4205
25081	92	23831
4486	134	1365
23546	134	1365
25001	134	3074
24399	134	24634
3787	134	21092
3138	139	3508
2226	47	9748
1053	134	95
2564	92	2457
24098	84	9748
3773	134	23500
24040	134	6226
24564	92	679
22022	112	3715
10309	134	1744
21634	134	22683
5746	76	24784
24578	134	25138
6701	84	1496
5139	84	1401
5	185	42
7916	51	3610
22173	123	1644
2656	84	22274
10106	191	23389
9817	92	7781
1414	84	24402
9482	124	8750
9405	134	2876
7	134	106
1382	134	21912
6294	134	8635
3735	92	2428
23616	84	3959
6771	134	3223
8704	84	9748
6894	191	8062
21902	134	1664
22228	129	4063
7220	134	9578
8329	92	23913
23353	79	2610
3384	134	4417
24186	134	21572
24083	134	2000
4482	139	24644
8986	134	5735
24248	84	22601
21618	134	7466
3952	84	1108
8450	92	5735
8691	134	5224
2590	134	5356
7320	92	7536
5858	24	22489
3103	134	25138
7876	134	10371
23826	134	22234
8549	84	4634
2473	84	1401
10097	134	3872
4015	107	3626
2606	134	25244
4379	134	8431
9472	52	1401
396	134	23578
4324	92	9957
8963	84	1496
7092	134	23027
4283	134	95
5955	134	4111
10263	134	1278
24315	47	23990
10044	134	8226
3664	24	2052
21799	134	10074
3491	134	3088
1241	134	10109
521	24	9745
5845	166	2872
10077	103	1496
21281	134	22234
4655	134	22584
586	107	9748
22925	134	4111
5793	84	24376
1266	84	8062
8132	134	585
7896	134	8828
21077	134	24590
4503	134	6521
24606	134	4
6416	164	21843
8776	84	1496
24123	34	1794
22278	134	587
7337	22	25265
725	134	4575
1533	134	1684
5021	92	10072
21256	84	10166
908	67	23463
9632	24	8175
1207	134	8488
25305	134	22693
24869	146	7434
9834	24	6635
6405	166	3605
22771	134	584
7620	134	4528
21969	134	786
22582	84	1904
6526	67	2685
6280	92	8488
1491	43	218
1415	134	3088
3279	79	3257
5261	134	9790
23013	134	9798
10175	134	8748
9067	134	4355
4488	134	2203
24905	185	9057
21801	134	21120
22996	84	1400
1659	84	2685
21010	79	21613
7003	134	5888
732	134	1928
23167	84	8084
6617	134	8030
6364	134	2410
4294	134	6745
22834	92	2970
9456	134	9719
24793	134	10430
23766	79	23532
5374	134	182
9187	134	2736
8209	41	10404
4163	134	5068
22498	79	4447
21171	134	24624
9853	98	5852
8469	134	22830
22942	23	22601
23287	117	25114
4356	129	23634
22895	134	23179
24374	134	9385
5962	12	1508
22824	134	5770
712	110	21212
24885	134	9065
7705	134	10109
5416	134	2000
3450	92	22525
1935	92	432
22800	84	1639
7264	134	9928
6143	110	2209
191	134	7570
2332	110	9013
6215	134	23831
5858	79	21325
627	84	1966
22336	58	7274
5160	92	6521
9177	123	507
2017	92	25287
7285	92	2000
3975	84	22575
23612	134	7300
237	84	961
4982	134	22390
8165	184	23190
7100	134	6
25456	134	23419
4029	134	9532
5084	134	6778
4486	134	2320
24214	134	10136
23633	31	8783
790	134	23111
3349	134	5724
1919	134	1743
3315	92	21539
24148	24	7894
4984	134	2970
9728	107	9748
7569	134	4282
5082	134	2320
4353	134	766
24286	79	3192
22638	79	24747
21634	134	23441
22456	84	1108
23726	92	22235
21658	134	5932
23850	134	24381
23733	134	22059
21892	134	23027
25150	107	3959
24023	134	7624
22603	134	3372
5219	102	2983
1301	134	7296
1323	146	1308
6531	92	23266
24026	134	24356
3559	134	2457
5015	23	10166
1919	134	1664
23907	23	2088
9913	84	1401
5200	84	1054
5599	134	21039
4145	107	1004
4475	107	23701
1048	124	2039
7361	92	25265
10226	134	8387
24292	134	2458
586	84	9748
697	134	7604
7557	134	22474
6487	134	7399
1335	84	23463
3780	84	3636
6100	99	7397
7759	134	9065
2839	84	3636
4369	9	9565
1654	134	5770
23305	134	6814
10047	84	3959
8171	134	4422
4442	134	9719
9306	134	9385
4574	140	7744
9501	24	24579
10200	134	6226
23547	134	10474
9931	79	1765
9771	134	23765
24053	107	9748
4296	89	7823
6148	79	240
21688	84	23860
22627	134	23344
9449	134	4369
21838	84	3626
3146	134	2876
7592	84	3635
809	134	4896
9585	84	2371
3837	129	2982
9700	79	4312
9278	142	7594
7947	79	23257
7776	84	8099
6245	75	5744
23571	84	1054
4733	99	22980
34	134	23047
21849	107	296
6508	92	2446
25280	134	21854
4695	134	9798
4488	134	25192
779	134	4282
22752	134	22407
24602	23	23463
717	202	22601
613	123	7950
3018	32	3663
8649	131	3782
5025	110	1367
6428	92	1256
2990	134	24624
9908	134	766
25217	134	5845
4305	62	4673
1028	92	23747
7663	134	3965
24211	166	4454
21379	92	180
21509	134	4883
9	134	23344
8277	134	22775
23702	84	23463
1971	98	6348
9052	134	8965
2173	134	10136
4022	107	10310
23388	134	2410
1610	134	152
1069	134	2215
5159	134	8965
1375	134	24197
24613	84	24402
1633	92	10051
23113	134	6778
23002	134	21655
2370	84	3959
22338	84	23846
8963	134	22057
25208	134	21570
9579	134	5065
2879	134	24908
22820	134	7604
3782	84	23860
22367	84	9753
10099	134	22340
172	53	4061
21081	89	311
4685	34	24203
22029	84	1496
7953	23	1400
24177	84	10166
5715	134	4917
6867	166	25336
585	9	1952
5972	134	10430
8585	79	2097
8950	134	4992
21646	79	1075
7171	92	10136
2756	98	10195
5222	134	23765
6997	185	23223
25468	134	24826
10309	134	2000
6383	134	2458
1971	43	7222
801	92	7570
6448	134	22234
2791	92	4111
3152	129	3019
1730	134	2000
8461	92	21508
501	123	21946
21971	84	2371
24241	185	6957
5986	134	5992
7383	92	2288
22982	134	2819
3337	134	1743
3338	166	7085
989	123	7071
8022	134	6814
9075	134	9532
2789	84	24402
6741	21	24478
21242	134	7862
2981	157	3636
23613	134	9061
22688	123	1564
3391	134	7296
22928	89	4181
3233	134	9786
24564	92	22525
7655	134	2000
10321	79	21510
2554	5	3610
3885	134	8748
6174	134	2572
23146	134	1928
5590	166	22901
1335	84	3959
4954	134	22830
23706	84	3959
1072	134	4734
2058	134	5197
5048	134	9952
25469	134	9385
3917	84	2685
1527	191	71
10034	134	10022
5291	134	21508
21756	134	4422
7615	23	9748
7161	134	7296
24937	84	4634
5196	107	1108
23126	161	2076
22054	79	22112
10028	134	22034
21625	84	5107
3531	134	2005
3784	134	1372
24392	134	4680
4281	92	23747
1896	134	21570
22920	134	5770
8415	84	1401
23211	134	23380
4193	84	6311
1477	134	9790
23531	134	2776
1525	134	21570
22141	134	10109
8699	84	4365
22684	134	7135
24975	134	442
23964	27	8239
6811	134	8431
546	134	21567
9515	134	22235
24617	134	21041
7938	123	128
7987	123	165
6428	92	21848
21663	134	2000
24684	123	1473
2867	134	25244
24841	107	5436
5613	134	24826
21738	134	2572
2753	92	9385
9729	31	8212
927	134	6958
5599	134	786
25134	25	2212
22079	134	5770
21220	41	5704
21428	84	8442
24821	134	24412
7908	134	22245
7587	23	6185
22679	166	2371
3469	134	7325
10409	23	1904
21100	134	22474
6677	134	21655
6242	92	1605
3100	92	5845
3260	134	1286
21233	124	6136
22275	129	6237
8165	82	22569
25170	84	3626
21033	134	4575
23896	134	22838
2304	134	8226
10262	134	3575
1777	84	22405
2855	123	2670
3826	112	21039
4551	134	21944
8621	134	22584
3932	109	23950
1473	43	24684
21357	31	21775
21085	134	8722
3664	79	7033
21641	25	2212
2357	9	5834
69	134	9532
6982	92	1286
23320	92	1256
24439	41	6895
6829	23	296
3912	134	2876
24776	84	961
8772	134	7536
2990	134	5992
21155	134	2572
677	99	1401
4460	185	4093
3415	134	24624
955	134	2876
537	134	3691
9836	84	24518
5125	107	1401
926	205	24402
1871	134	7570
9216	142	4404
8417	11	21719
6717	79	4447
7845	134	1417
24838	134	5888
10327	84	1017
6781	134	8431
9978	25	10499
5274	129	4181
9281	134	8244
8839	134	24624
24918	9	10326
23501	79	25137
8023	112	1114
25394	84	23662
23315	38	1303
4615	84	21436
3447	84	9350
10355	124	3210
7142	134	8488
24575	134	24101
25364	134	9492
7483	92	24624
6625	134	6324
746	134	379
25090	134	9952
24369	134	22340
21433	117	3984
1709	134	4346
21569	134	22622
448	123	22289
24506	139	3302
22822	12	1508
9701	84	22601
6339	84	7397
4491	134	22583
3490	109	10278
25063	79	10321
5840	134	5224
8781	79	6046
6170	185	8165
8145	134	24154
1530	134	22583
5480	112	7042
3628	79	9793
8778	92	10136
22273	92	2544
698	67	4956
1878	134	22407
3359	92	9615
21881	84	9748
23054	134	8965
21000	134	1605
1501	134	5770
3841	161	4003
4692	134	7135
3103	134	5932
24012	41	3744
23961	84	1138
5385	134	6860
22631	134	1928
6936	134	4111
8699	67	10166
297	134	23058
6097	107	22929
4011	134	24448
3688	23	8384
411	136	2132
3298	134	21655
24225	107	23701
22983	134	23568
5982	134	22830
7416	134	8297
5438	202	8384
1557	84	2685
24918	166	22090
25161	134	6324
6380	134	5888
166	134	23765
23805	107	21986
24827	79	22115
1402	23	24227
5355	52	1966
24795	84	1054
10211	134	9061
4581	92	10051
6662	92	25495
5521	92	8340
21127	134	5971
9739	134	21039
23405	92	2346
25322	134	4896
9005	92	7604
2052	24	24609
6853	185	24851
3758	84	3636
24031	164	7458
21215	164	24723
2441	134	25110
8918	134	8071
2375	134	3208
24027	134	8297
1470	84	23463
951	107	22601
879	134	3786
6624	134	23344
6492	166	961
23139	134	6226
21293	134	502
2660	134	5065
9715	71	24871
2173	134	24819
1204	134	23394
1846	134	2995
3280	84	6185
22357	134	3281
25121	92	1026
5453	134	7682
4527	134	1286
23390	164	2088
3802	134	9471
6152	134	8071
1595	84	23463
9595	43	5553
6242	92	22340
1604	134	5212
21296	134	24826
5057	43	5698
8047	92	21796
7981	134	10136
8543	134	24499
1640	123	1288
2277	134	3372
25483	134	3958
24994	161	24057
1878	134	1744
21049	134	3088
23328	134	4076
1507	134	7325
6969	134	3965
7949	23	6454
24857	134	432
21653	18	23990
25365	92	21854
8141	134	21570
7044	84	2685
23778	92	9907
10329	205	261
5526	134	10430
21419	134	4807
6343	84	21235
23196	84	23463
2250	41	7723
7336	92	2970
8912	79	463
2698	124	17
3477	134	3572
1962	84	2371
5006	84	8084
8365	139	21212
5374	134	2572
2701	84	1079
22921	84	7397
684	134	8315
24831	134	4680
1889	99	2917
4440	31	25479
22423	152	39
6331	107	3636
8539	173	9161
6984	134	4992
5076	134	10051
5654	134	23111
21536	134	24826
23138	129	4901
9158	84	7397
4790	134	4917
24486	134	5770
23038	31	21681
7266	92	25110
24883	134	7151
8091	84	5671
2143	166	9748
5509	134	3198
2787	134	21912
595	134	3691
6501	134	8139
23796	134	5212
6734	134	21162
2758	134	766
5456	134	5735
21827	134	5244
21692	9	5663
23700	134	4734
5560	134	21572
22527	12	2132
1220	134	21523
9547	134	7604
1651	134	23607
583	148	583
3766	84	7397
21253	89	2122
2776	166	22405
9886	84	5671
5961	134	25202
23284	84	22980
25235	134	23578
23456	134	9389
1652	84	6803
3325	134	1026
23579	103	9350
23610	84	1054
4844	129	4686
24019	92	5695
1291	134	5992
5157	52	22601
6033	134	5224
8864	92	7717
25471	134	9404
1182	84	9879
2224	134	23047
3517	134	2215
7863	123	4570
28	84	23860
3908	134	10308
10451	129	294
941	84	6633
3234	84	21028
24180	84	9350
499	89	1237
22117	134	2215
9133	134	22407
80	84	2685
374	84	1401
6495	134	9389
451	134	7862
23481	134	22230
23145	134	2367
4563	134	21650
21430	99	3959
5395	112	23578
6647	24	2513
7136	92	8431
2770	134	4898
23644	134	7536
22662	134	7135
21434	134	22235
22731	107	2088
8351	84	23990
8477	134	2736
1408	134	24352
9701	134	8431
9242	134	443
8697	43	8049
7869	84	718
23134	90	8764
2560	134	5992
5743	43	6440
22107	134	2970
5972	134	8920
21871	134	6745
24401	131	2250
9875	79	4626
24692	134	9063
2060	129	22559
22042	24	7549
7487	134	22705
6145	134	10282
23442	89	6151
8141	134	2410
21361	134	9522
8035	134	8431
3794	134	22583
1262	84	5671
8347	134	7781
10297	24	4258
5600	134	23047
374	134	5971
21109	142	5241
24401	169	23217
6220	24	24997
3722	24	6031
6294	84	22601
9534	123	25238
6937	92	6228
7439	1	22363
22334	107	8380
6075	134	9471
150	134	9471
9671	154	23215
22206	134	2465
9227	134	1744
24323	84	25311
8118	134	3273
6282	43	5816
10301	138	10166
349	134	7325
21632	134	1931
4364	134	25244
21740	79	9171
3077	134	2894
67	134	10491
3977	84	10166
24977	110	24644
9272	134	6228
218	123	1491
7922	134	10051
3660	134	2778
2071	89	2359
23513	134	22407
9005	92	1928
9022	134	24819
8988	134	22057
24823	134	22830
9528	134	230
7743	134	8139
8133	134	6226
24348	134	1931
1881	164	7138
1947	134	3372
5152	92	2288
1491	123	21223
6874	84	22139
5768	84	2371
5317	134	5590
8165	82	1815
25452	134	2020
22614	89	3246
7706	134	7604
969	134	8139
21145	134	2203
23046	79	2626
2092	110	9561
2016	84	1401
51	84	6915
23694	84	24402
4506	92	8387
24744	134	21572
10408	134	1576
21031	24	24455
4657	139	8910
24608	179	24767
25045	134	6521
25252	134	1774
2810	134	5212
6174	134	6442
21717	11	23505
387	134	8920
21449	107	7397
954	84	5559
23553	134	2288
3356	123	9212
3431	134	2465
24653	92	24060
1295	123	24849
24804	134	1311
22158	92	23047
24326	92	3223
4797	84	3636
2503	134	22407
9649	92	24499
21334	54	7289
1205	134	2320
812	134	8655
24589	139	7576
7032	134	8736
3233	134	9952
1674	129	1237
9479	73	4048
8914	84	7458
4928	84	4454
22549	24	8189
21633	180	6887
8497	134	2970
6449	24	22262
469	134	24356
9503	134	1991
24933	112	23008
1307	134	8030
3264	134	25277
10180	92	22461
2818	134	23295
3259	129	25114
10437	18	7397
4277	84	22497
1955	134	2530
2102	84	3959
21169	134	21912
5282	134	21572
3038	134	8023
24489	134	21854
4980	134	22584
1816	134	23719
7616	131	21585
2510	134	6462
1236	107	22405
9193	134	22447
9150	84	961
21463	84	5671
23140	134	8728
2623	129	3045
6719	79	1213
2132	23	3308
814	41	3744
24966	84	890
3246	65	22064
2068	84	2286
9182	134	24819
21942	84	2371
5809	134	6960
855	92	679
9839	134	2736
8132	134	5224
4973	134	24881
4845	134	438
1473	98	4158
6614	134	22407
2250	84	4956
23325	107	3605
21900	89	24644
1342	134	3223
3321	84	3636
4850	134	23027
6785	129	21836
4139	134	23831
3579	107	1401
3703	134	3466
1110	134	9219
4259	134	22057
3543	153	5848
9040	25	5848
4159	134	2970
7459	134	7151
9373	134	22805
23831	166	1108
1881	164	23751
6377	124	5000
43	134	7624
23485	134	1576
116	134	8965
5812	134	6324
4937	140	5298
21031	79	7681
4939	134	2410
5748	134	24660
10099	134	2020
3396	79	1801
21046	134	7992
1703	84	5671
7792	134	5212
1530	134	2288
7522	134	8297
10134	134	3958
10225	134	23344
8898	134	713
23971	84	4634
2132	84	4365
23216	134	3180
2192	134	7992
8232	103	1738
9450	134	679
2151	124	22880
23709	134	22525
9879	113	1182
21227	84	9204
6368	134	9798
2343	84	23463
1440	89	8371
24927	134	2970
23025	92	21908
24460	134	3432
1017	142	25080
4749	84	7397
9702	134	3372
462	134	24499
21838	84	2917
3579	41	1213
24035	134	5590
1838	129	24306
6732	11	23915
4411	24	8400
9185	23	2685
1909	129	8910
22829	84	39
10224	139	9633
22893	134	1928
4013	123	7168
4208	164	23751
8518	134	7135
9717	99	23990
7861	134	25202
8754	92	3767
9837	131	8740
23078	134	7135
3176	84	2685
993	134	21572
4638	24	2925
737	148	3945
853	84	1401
2277	134	9952
8771	134	7536
5539	107	1051
22799	134	9532
10355	79	6031
4269	134	4896
6534	134	5244
841	124	25421
22827	79	23144
21005	134	6442
5824	43	22535
8749	134	8920
5916	134	6324
23078	134	4896
24906	134	10136
10440	84	10094
4972	124	9977
9744	134	3180
9029	92	4205
3514	134	1286
7184	134	1928
7718	92	22407
3379	164	4634
24710	84	24402
1884	134	21039
2248	142	25475
2268	84	4634
8672	134	443
2993	134	2778
25367	123	9972
10329	205	7397
23054	134	4422
22588	84	2371
1913	134	9385
6984	134	9719
22728	135	492
24289	131	24776
24575	134	7770
2479	139	4911
23505	107	3636
1659	134	3572
9421	134	21650
5280	134	21912
8564	134	5971
21906	22	8635
7139	134	23765
10317	92	22340
7850	134	10371
6129	92	23765
7265	92	24408
2392	134	25192
5179	92	9952
24488	134	4299
23757	23	1401
6117	185	24372
6780	23	1400
9555	92	486
3558	134	21539
219	142	10195
23400	109	7143
23497	84	10249
3415	92	5197
21141	134	25192
8169	84	25332
6314	134	7054
10154	84	2739
528	164	9748
6234	84	1401
22853	107	22601
22431	134	10371
3364	123	23129
21860	43	23900
4742	38	21159
1055	134	22584
25060	84	3959
23450	134	6639
21769	8	6957
22604	24	78
4214	134	4859
22435	194	6473
1592	84	2685
9586	38	3048
2461	124	22085
23074	107	2371
22948	134	24185
21264	84	24402
3657	134	5992
8277	134	6324
5128	84	3636
24945	134	21572
4749	134	6960
7500	134	2736
6181	84	2685
10322	134	3575
9354	134	644
3684	134	1576
5692	79	7118
1725	134	24826
7371	134	23084
21496	9	3799
23851	134	3691
23826	134	4734
23885	146	5331
3622	134	3958
4011	134	6958
9464	134	3776
3300	107	25131
4535	134	9719
679	9	310
9254	134	7135
9923	134	5224
2360	134	8226
21576	134	21570
6661	134	6374
9540	11	8279
7937	134	1311
21023	134	6639
23767	134	9615
1881	164	6749
1642	134	5212
10272	92	10072
3792	23	6185
1612	123	7083
739	134	5735
4871	134	8494
24955	134	3180
22453	79	25221
6277	134	7466
1732	134	10022
1905	49	23549
24045	92	438
2587	107	1051
7558	79	24011
8475	164	958
4006	92	21944
6925	134	1705
21951	134	22166
22985	84	9466
22317	92	6778
4892	134	1931
4071	43	6036
8632	99	2685
22279	43	10395
8402	134	3281
24011	18	9467
111	24	1075
424	107	22980
2599	134	4496
9965	134	9798
24449	23	6185
396	134	23686
3229	92	10136
9393	134	2608
22739	84	71
22332	134	2346
5854	142	21667
2665	134	6226
21719	157	7561
8769	134	10308
1877	134	8488
4407	134	25192
23406	92	22525
7471	74	1716
7974	79	21837
5913	84	4443
7942	84	2739
24899	134	432
1345	134	443
8265	134	23578
4407	134	22230
23677	134	3572
21500	185	9057
1867	52	22601
22537	134	3432
4435	134	585
8292	84	3636
23106	134	1311
3085	134	4575
24183	134	25287
23025	134	21908
8775	163	21486
182	166	1108
2404	79	7199
968	70	23765
3538	134	1217
8968	21	7186
7674	123	25025
166	134	442
2285	134	24409
5291	84	10166
25147	24	4134
21780	202	22139
10380	134	6960
24690	134	10165
9961	23	6803
4360	134	152
3857	31	4893
23524	56	3705
7486	134	6958
1052	123	24854
3683	134	9798
1087	92	25487
3362	134	2000
10384	24	7411
4969	84	7140
24912	201	5519
6722	134	2446
4877	79	814
25387	134	24819
7765	134	10186
10468	134	7781
9225	107	2917
4523	134	2736
23808	134	1931
22595	92	531
6889	134	5735
524	129	997
1205	134	21356
3240	134	1806
25094	84	23562
5335	12	764
3265	92	3770
5386	134	2410
6488	84	2917
7993	134	502
1263	107	1138
6592	92	22234
5620	84	10166
25174	41	5412
793	134	5971
25489	134	3372
1427	89	7823
7233	124	9174
25230	134	21655
9196	31	6109
7516	185	7971
21224	53	21224
3187	25	3383
21742	134	3273
873	134	21523
2257	134	25495
6809	134	3958
5453	134	5068
4461	84	3636
7853	134	22474
3703	134	2970
10240	134	22230
2185	98	3636
6920	134	23913
7773	157	2668
490	134	1286
5382	20	441
8766	84	5671
9419	84	9748
3916	134	5845
6987	84	2739
21806	92	2778
6925	134	23266
6487	84	296
21712	129	9102
10169	134	3333
21264	134	5224
737	47	23990
24088	67	22274
23568	166	3959
2397	40	22703
192	23	24784
8473	134	9532
7331	43	23207
2058	134	1774
9690	134	8310
21737	134	23578
21016	92	1311
23749	101	2839
2391	134	7536
10098	134	22791
1549	134	23047
7359	134	8399
3760	134	5954
8875	134	24448
9824	134	25495
24742	134	2736
419	92	2621
1926	134	354
2019	134	1744
7923	84	1401
10389	134	4896
5474	134	24908
23680	166	1054
604	134	24901
3241	107	6803
9995	134	7604
4411	205	23990
23197	134	24702
5038	134	2608
22083	134	2544
22186	92	4339
5895	84	22601
3617	84	1054
6141	107	1054
24455	24	7681
5686	193	7421
7496	84	24436
9820	134	2995
21657	22	4157
21769	23	5107
4034	21	2250
25092	97	23253
8116	79	24593
9526	84	4956
5403	134	4734
21197	84	1401
6934	134	21944
4109	24	7118
10479	134	1037
21110	84	3530
4642	110	24644
3	129	1997
6600	134	2970
6966	84	5671
22207	134	5845
2937	79	23766
7377	25	9722
4134	124	1721
22420	134	2203
3714	134	6521
7908	84	4634
5111	134	9176
5940	92	1311
4748	12	2132
8013	128	25482
9726	84	7397
1406	134	3965
21620	134	6814
7006	110	6143
21134	84	1496
6978	84	5675
5142	84	7397
4086	92	2322
5306	134	22407
309	107	961
22992	134	21944
9886	134	8920
3070	84	2739
6433	92	4417
10054	146	21739
7800	92	21520
9156	134	276
24360	134	3958
168	42	1786
5089	134	22836
5354	134	8431
5056	84	1496
9245	92	95
5772	134	6814
9155	92	10136
8252	84	1054
21707	92	21570
5055	134	9522
8703	134	2621
23975	23	2328
8867	79	1746
3009	134	5197
22298	79	8532
1325	134	10045
279	134	10136
24341	92	9457
235	134	25192
6842	134	6807
7041	25	6961
23104	134	3281
3940	134	6860
25323	202	22980
9845	84	10166
22992	92	24154
2125	124	4430
6267	92	5735
2072	84	1079
8751	84	10439
9741	107	9748
8329	92	7682
9290	84	9612
1745	79	25067
23121	134	7300
4788	107	3626
8194	134	21120
21456	79	10494
7998	205	24402
22174	92	22860
6735	134	7438
4061	23	22980
7150	92	2970
8158	134	9385
5605	134	3575
3288	134	7752
7909	92	21039
25042	107	961
2039	79	21177
24399	134	21567
5962	62	2208
8834	134	7135
9447	79	5410
4709	134	4392
909	134	439
24577	89	23632
7805	99	23990
8697	123	8659
24069	58	24659
8943	92	24992
21791	23	23860
4492	134	24881
2858	134	2736
10303	134	3691
6290	134	5197
1466	134	7831
22038	38	1986
7951	134	3575
6705	84	23990
10057	134	5932
8369	134	23280
25470	84	9748
7659	134	8297
23671	153	21183
25431	134	6212
3144	79	23458
24378	134	5197
9008	134	1744
3826	99	2685
4467	107	21357
4524	24	792
6494	84	23463
8748	166	39
25112	164	1379
2844	97	3954
234	84	1054
5430	98	3636
2991	84	2739
2078	24	23882
2861	79	4027
2020	166	9673
4468	134	1744
2634	92	24154
1066	134	2970
24674	92	2410
9215	161	551
21072	134	4111
25203	134	7624
8760	134	2876
22220	84	23463
5776	84	25160
8333	134	21039
21540	134	25287
24777	107	22601
6832	134	8139
23794	134	4282
2750	157	3636
25238	43	9534
4501	89	23632
9743	134	8071
4733	99	22601
4663	110	2979
8986	134	24101
4177	107	1401
10284	23	10094
4871	84	9748
4235	134	5244
23667	134	8387
22587	134	25138
1803	183	8664
7982	134	5888
1646	89	7493
9006	134	10074
6844	134	25106
25000	134	2736
3381	153	7397
21599	89	21836
7635	134	8965
5196	92	1037
10158	5	24082
8235	31	24282
4719	134	8965
10396	134	8226
21617	89	2892
23250	92	23831
24267	134	21039
21209	129	23634
10101	107	2371
6014	107	6089
3879	134	21570
7302	23	1401
4746	134	24590
5166	134	2970
7517	134	3575
9883	134	21650
24678	134	10491
1851	134	3348
1633	92	21489
7949	37	6704
23621	67	2685
8732	92	24356
22258	24	158
21899	134	2243
10012	92	8139
6866	134	22495
22334	84	8380
4766	107	890
4764	134	6289
3526	41	8554
24108	84	3626
25118	134	95
9163	134	7781
5930	134	7585
22143	134	8965
2133	134	1256
1099	134	24901
2310	134	24908
8356	134	7570
5814	134	3343
4956	73	1496
5380	89	25114
6834	84	7397
21135	81	22519
8092	84	1400
6051	134	3180
5293	134	24494
10372	67	2371
21406	79	6647
10166	142	1054
8731	89	6151
8036	134	22583
2290	28	23281
7912	125	2328
7392	134	1605
25350	158	9159
8030	166	1825
1062	134	10282
23289	23	1401
25300	84	3605
5275	134	8244
924	75	10338
1976	134	6289
22397	134	22461
23490	134	21964
5829	92	24624
2107	134	5383
1456	124	2151
24466	134	6958
7233	161	5519
6098	134	5888
24700	84	4365
23638	79	5112
5070	134	8748
23821	92	23344
9122	134	25495
3949	92	24908
3146	134	3343
10179	84	9748
8127	134	3575
8267	134	7975
10250	134	7781
822	134	5065
757	79	22888
3729	24	21319
3084	134	7624
4576	146	22316
1020	101	2280
25129	134	8722
6959	134	8297
7639	134	5770
5046	134	5992
832	134	6374
698	84	4956
6823	134	3872
1950	134	24438
6761	134	5888
3419	134	9847
6200	134	21496
4661	134	24211
4249	134	5578
23635	23	1401
6080	107	4365
8532	24	22298
22456	134	6778
6280	134	21120
10190	99	3308
22352	24	22888
23054	134	9385
4714	84	3543
22719	185	1397
23863	107	21843
2975	134	4585
1666	79	21504
3305	134	4898
1770	134	24387
5159	92	21268
2080	134	3786
8541	134	3273
23508	79	25376
8964	79	10285
23524	116	6454
23780	152	1363
5378	134	10109
4506	134	2970
7506	41	24542
22643	110	10319
25187	134	24826
2284	67	2371
9033	129	7823
1677	84	7140
9456	134	10022
23674	134	7135
6625	134	23607
5869	134	24848
8299	84	9466
3766	134	24848
5662	84	2371
1393	124	1243
9063	166	24971
565	134	6226
23234	134	22340
25121	134	1991
1871	134	3372
119	134	6228
9225	107	3626
21801	134	21944
1493	107	2685
24441	134	9609
21136	134	10308
21107	134	7072
116	134	6860
7739	84	5122
4755	134	585
24084	151	7903
3784	134	8399
9906	134	9615
5168	151	175
6507	151	9795
22245	166	1051
5398	84	2685
1687	134	21496
23304	84	1401
21904	134	9522
22709	134	21520
2241	23	1697
25413	134	3281
23637	22	5578
9885	38	24600
4119	84	2917
9482	24	8750
24504	134	22407
5104	134	6114
21078	124	22379
3731	23	2328
21753	134	3572
23856	134	4734
7886	134	4578
24087	134	24819
3793	134	4045
2010	134	2322
7630	84	1904
4701	79	21537
838	134	23568
596	92	3994
21441	92	10325
22501	92	8297
3007	166	23562
6587	134	8431
5558	92	2000
22248	134	22775
24787	84	24402
6797	166	1496
127	5	924
22312	134	21539
22178	151	7955
6478	10	22185
4983	134	2143
10296	23	2668
22871	79	25133
7175	79	6733
4946	134	9389
9227	134	95
3118	134	4578
2863	84	5671
1421	134	24101
682	134	9061
6173	99	6311
1003	84	9350
1169	134	1234
23153	134	8728
8611	92	21284
24393	134	106
3425	129	8279
2699	84	6348
6269	134	9522
57	134	22461
2601	134	3281
3522	134	805
25330	92	23913
1549	134	25222
8782	129	8365
5103	92	2876
9077	134	8287
1042	134	3273
597	107	4365
1639	23	23463
6621	134	7466
24897	134	6226
9944	134	21848
21175	134	21570
6822	134	766
6730	114	24728
887	134	23539
1470	134	10282
23129	129	3646
3615	134	21523
5410	79	9447
8712	84	3959
9974	134	1911
4326	134	22390
23896	134	5150
6480	134	9719
8348	134	22830
21635	134	1272
7235	134	22583
4315	134	8340
1476	134	9532
22758	134	4859
421	84	3605
8647	134	5244
8113	134	23578
9096	24	21651
5226	134	2970
2961	107	4365
3400	134	3273
7691	134	2819
24201	84	22601
7175	24	21849
7672	134	8297
3961	134	22525
7358	134	2022
5942	23	107
22480	134	95
21830	134	22407
9338	100	6077
3337	134	2621
2790	134	25110
2412	134	2970
4900	23	22980
25306	134	21356
9801	84	4634
1647	124	6699
582	92	2995
1566	134	2020
2890	139	2852
3209	124	4003
1433	135	7542
2907	84	1363
110	134	8139
7769	134	5992
24368	48	2026
801	134	7570
22284	84	2371
5583	84	1904
10	84	7742
8738	21	1801
463	124	8912
9085	134	4680
10032	84	25311
24656	134	4282
6053	134	3281
4744	134	24197
722	84	2371
6368	134	21912
22529	84	4365
9344	134	9952
5662	131	10487
24036	84	3959
10303	134	2020
9496	100	24764
4827	134	24356
5533	89	21836
4430	79	2125
3206	134	10109
22567	185	1397
3651	134	22059
21483	134	9065
1580	84	39
3880	92	7604
1662	134	22583
24291	134	3776
8668	134	5845
6026	134	1256
4511	23	8239
6209	202	1401
22704	134	6381
1967	134	584
21340	134	22230
8914	79	24129
23278	24	24478
2209	100	22854
21594	5	3610
3810	134	9719
8457	134	24826
10161	134	22234
24318	134	6228
1463	134	8920
23260	39	2852
22020	84	23950
2503	92	5845
6481	134	9385
5076	134	3786
25411	134	585
21097	134	22059
1177	134	1234
23147	58	1560
3752	134	10109
9328	84	24436
21742	134	21912
24987	134	21655
10305	134	504
22279	123	1819
8983	134	9671
21621	84	1054
21577	107	4365
8414	123	8464
4800	134	7536
7186	41	2250
3652	107	2685
485	185	9222
3534	166	23990
24922	134	22458
9752	92	23089
2164	9	4074
22108	107	7742
2932	129	756
9096	79	6013
3061	134	4133
21235	153	2212
9629	23	23463
8904	134	10252
23881	134	8965
1173	134	8139
7832	92	7862
25251	84	22601
23156	134	2736
25082	79	3347
2358	134	7536
5865	27	8050
3911	92	9176
2109	84	8485
24884	134	4111
9478	84	3959
24687	84	6780
30	23	3626
23739	84	4365
5580	123	3993
7810	134	24448
21721	124	7352
25227	43	1440
3863	134	5845
2492	134	1576
22386	17	2839
9015	134	5224
23290	134	7604
7696	129	22157
24044	89	2122
23013	134	9065
9424	134	23539
7774	134	2428
4303	134	22584
3373	134	24908
22624	92	22584
6179	5	6245
7924	31	5675
8551	114	3191
5282	134	7831
24784	25	6961
10311	134	3223
5808	57	25109
9992	99	22405
8681	134	7438
22592	134	1928
9107	134	5992
5817	134	9928
9530	125	23950
2255	134	4734
4384	92	22235
21565	25	8512
21273	134	3872
3710	139	4171
6622	84	22601
8977	84	1401
21661	124	9494
22678	107	961
1362	84	1401
5162	125	5671
4785	134	22407
8926	178	189
4132	43	8111
8581	134	23913
6329	134	442
3299	92	1286
23021	134	24848
24030	134	9719
3781	51	2625
23050	92	2320
23914	84	10166
23152	134	2000
6604	89	3246
24383	185	1397
6392	166	4048
6862	134	7536
4616	134	2778
4415	134	3273
10219	134	9909
24557	134	1576
1094	84	3018
24231	84	890
7237	107	7397
5661	21	5143
10124	84	8062
24410	134	9615
3828	84	24402
21184	134	24352
1015	92	6800
5659	110	8137
24243	43	6024
9354	84	6185
7115	134	4369
8140	84	7397
9326	92	25277
9839	134	182
2690	134	4076
22500	134	2149
754	84	238
9947	134	10136
9405	134	25222
23023	134	25110
4887	134	9719
23622	134	3776
8403	134	21195
23290	84	5671
1780	134	23607
8867	24	8733
24204	23	3626
3610	75	24988
9734	79	5198
21617	43	3266
24476	134	7682
21124	134	8431
10369	84	1054
4267	134	8297
7240	134	3572
6409	134	8828
4403	79	23353
9250	84	23782
7746	134	1618
7997	84	9466
3082	134	9798
9412	134	23831
24322	134	7536
495	84	10346
5110	107	4956
3154	84	6633
23356	92	6226
24877	134	7135
25344	134	6860
1453	134	21848
6718	84	24723
22937	134	2876
24697	202	8050
22186	92	4680
24534	134	10430
25059	134	6255
2753	92	6958
6873	134	3994
6051	84	23463
1886	84	6185
7370	134	23298
4086	107	4365
3095	92	585
22916	119	1401
2405	134	679
33	109	961
5455	202	7397
7953	31	7953
5293	84	5122
7226	134	8297
2742	134	24908
4422	9	4069
2084	84	39
4323	58	22187
23515	107	2685
5385	84	23562
4263	134	25244
24276	92	22340
9850	134	2621
25171	23	8295
741	134	25495
5347	24	25128
22283	134	6860
21684	84	22139
24640	76	24262
9658	43	3358
23282	134	5770
3512	134	10282
1231	134	23607
7732	31	24779
9392	41	25249
5232	134	4133
21940	166	9748
22063	134	7831
1240	134	21120
7285	134	4271
2981	139	6143
3570	38	9688
9286	24	22960
2381	36	2488
24374	134	6860
7232	134	432
21419	134	5971
3623	107	296
23843	134	3575
3368	134	6639
949	117	25114
24674	134	24624
8968	165	4034
7045	134	2000
22562	134	25138
22585	84	23463
2801	134	2458
4985	134	1991
756	110	208
2425	129	8246
22417	92	4331
22669	134	10045
3693	164	6803
24079	84	23920
4127	134	9522
1179	84	26
25146	84	5671
9960	134	23380
10372	107	1496
24709	124	3658
10404	24	24615
21914	134	2215
22574	107	2685
2239	124	7670
25181	134	10294
2021	70	21195
23604	92	8920
7147	134	4339
24437	134	2149
10484	134	3223
6766	134	4355
22706	84	1904
21814	134	1797
1573	134	1311
2964	84	8380
21672	84	4956
24342	134	1576
2264	134	6860
289	134	7682
10184	92	22230
24887	134	8431
3002	92	2608
22973	92	9065
23351	134	9615
24669	84	2685
7098	202	23389
1581	134	8077
3498	134	3208
4044	107	9206
10295	24	24190
8383	70	24555
3334	134	23831
21465	134	5992
25358	84	7314
5411	84	4454
10147	134	6324
3814	134	8244
5998	107	9748
3418	185	8656
6919	84	8485
24483	103	1054
5969	92	5197
2095	134	3432
1593	22	6442
5790	134	10430
21676	84	4956
1907	134	22525
8723	43	143
8609	108	3054
8856	23	2371
8221	41	8082
8383	99	21235
3362	134	9385
4357	134	21570
9436	107	4454
865	134	22059
5239	134	8297
22704	134	21912
22037	92	9609
22435	129	23954
2182	134	3088
6808	92	9798
23170	134	4528
25093	8	4349
10345	92	8023
24297	134	8828
5863	134	3180
4584	134	5954
155	134	25110
24956	134	406
24011	84	8979
8894	107	10166
2941	24	1614
22598	123	21682
355	134	2970
24408	9	23256
25074	134	8226
24888	134	4917
2653	134	10136
25116	107	7397
1301	134	5590
10227	84	1054
25169	84	1496
4206	43	2348
24284	134	22461
2899	84	10166
7310	134	24819
1668	134	2020
5136	166	9950
9575	84	1401
21948	134	6521
6534	134	7296
2627	58	5298
9309	24	210
22596	129	3019
115	109	24227
23590	123	25418
335	188	1859
9817	92	6324
22329	134	3958
24433	23	3626
747	164	22980
22612	134	7492
1813	134	4417
7015	134	9135
1047	142	3388
7284	134	585
402	92	23913
1794	181	1508
5263	134	24356
24997	84	5703
24748	134	9492
9261	134	4125
2592	79	1534
24172	24	21079
4790	134	21655
21281	134	8226
24285	134	2410
9313	84	4956
22645	134	3281
4788	84	24549
22431	134	8125
9446	134	3007
10104	134	432
1819	129	1597
21380	134	21572
21075	134	2778
934	134	23344
6433	92	2776
9027	124	5490
1802	92	23266
4167	134	24819
4285	84	5951
3283	121	2397
9398	84	3959
21011	134	6219
22473	134	5888
9633	65	10224
7286	164	7143
3375	134	3876
1175	134	2282
5631	134	584
8371	139	9144
21831	107	10310
8657	164	1017
1710	134	2005
5448	134	9522
3609	5	24921
1167	84	9629
8746	166	10447
24542	107	7397
7748	42	9222
6917	148	25435
9732	92	6639
23591	134	2608
25414	171	23101
3820	161	928
21234	134	3343
21868	107	4158
7392	134	7781
2921	134	21469
856	54	2881
21244	134	6226
9112	84	23463
6089	31	21051
7385	134	22230
22556	107	1401
7353	134	9786
21859	84	2371
3142	134	9219
25217	134	3701
2246	107	22980
9215	124	1740
10094	153	6961
5209	134	4299
8275	84	1401
8647	134	10371
4710	134	7781
7821	134	8139
23099	107	1054
7733	134	23089
24649	134	21284
6319	89	23299
24300	84	2685
5575	134	25192
9266	142	23292
663	107	3636
7500	134	5244
9810	134	4578
6269	134	3223
9864	134	24356
24975	134	4680
9483	134	1186
9384	123	2910
738	84	6157
4625	24	4529
9392	24	7515
6654	134	21041
21823	134	8828
255	43	2114
10354	134	21195
5662	79	8014
2585	124	15
21790	92	24115
7255	84	1401
23709	134	5888
9953	157	3636
21466	134	9063
24700	134	10308
9053	134	8197
4600	134	24431
21227	92	24660
21285	134	24992
2847	84	7397
21956	23	7138
645	151	3331
25322	134	7438
24660	166	9748
8958	67	4956
23691	134	569
7017	107	9787
7379	134	2995
2765	134	10294
10472	89	25104
4744	92	25190
9474	134	9063
6820	92	3572
22734	134	23047
3176	134	8297
7201	134	2608
22226	107	3626
23868	134	3958
23411	185	7318
9094	134	23859
7276	134	3958
23059	193	4121
22429	185	25462
1671	134	766
4053	2	1966
22095	84	3959
4729	79	8209
21922	89	1597
5830	134	95
3090	92	25390
24516	92	2346
9364	134	10022
22926	134	7296
21175	134	1278
5897	134	8828
1925	84	5520
7270	134	23047
23706	134	2020
6187	134	8494
21592	123	25363
2197	110	21836
10257	134	8488
3243	84	23463
6653	134	5845
8535	124	23870
6676	134	6860
838	134	354
25413	134	6960
3212	134	5062
3562	107	1400
4717	84	9748
8716	134	2346
22718	134	1928
24812	25	25112
7442	43	1833
4042	84	1051
23109	134	9909
10229	134	1278
694	24	21646
22892	84	25156
553	21	2250
25063	24	8967
4304	184	5693
9988	134	3466
21781	207	5036
6181	134	6807
22347	112	10474
2499	84	2371
21080	134	9492
23437	84	1904
6844	134	6324
22510	134	5845
23809	84	3959
2553	134	23058
24571	134	4950
964	134	3343
8150	92	6639
21502	134	6226
8704	134	6442
8817	84	3636
7058	134	8965
22812	43	7172
4789	92	10371
5147	134	1278
9809	84	10166
1006	166	1104
8189	79	22549
21727	107	1401
2052	131	24609
22925	134	1286
9444	134	25495
7800	92	5423
25098	134	5197
4122	84	2917
24397	134	21122
21096	134	1537
9701	134	22781
6554	134	22059
25042	79	9837
6384	27	1401
9544	134	1718
22699	84	22601
22320	31	4742
9115	97	22472
1666	131	25246
21245	67	24364
8113	134	8965
2020	166	3626
3815	134	7536
24276	84	3626
21717	129	22351
2625	75	6039
6848	103	6185
3137	134	10072
7970	134	766
24439	41	3744
10438	84	23463
9838	9	25235
8417	54	24601
23248	134	21120
8290	134	23913
6055	164	22554
6965	92	4282
5488	12	2132
8087	134	6289
4114	134	10252
1133	134	4422
3813	134	1928
24526	107	25131
24900	84	2668
3104	92	23500
5576	92	7992
22700	92	5224
5828	178	25245
5807	134	3958
10361	66	10255
3039	84	7397
22872	84	5671
5491	92	1991
1655	31	1938
8500	84	25405
779	134	585
8680	134	21944
6882	92	2544
23084	166	3018
5683	24	9440
22171	134	679
3890	134	5383
22195	134	4883
3583	134	24819
1136	24	25372
7225	21	10312
9085	92	21489
24753	134	2410
6840	134	4045
25207	134	24881
6842	84	10166
7693	161	3027
7825	107	7397
8386	84	2917
5664	134	21519
5495	134	8226
21769	23	3308
2808	134	443
23817	84	8243
6493	134	4392
2278	92	22234
4283	134	1744
319	134	2458
9399	134	22830
6044	185	8515
24336	107	22405
7045	84	5671
6106	129	6870
9585	134	24881
3720	151	6128
21330	31	3157
21279	134	21796
5701	12	24203
24003	135	4200
23602	23	6454
816	92	23266
1657	134	3958
3650	135	9057
9735	134	7325
6118	84	5671
9272	92	23486
25190	166	1650
561	79	6527
7162	134	2000
10332	98	2283
2695	134	1928
10416	134	1797
3324	92	1576
2425	89	8246
25406	134	21520
8771	134	25495
8629	121	22823
21952	134	9471
24174	134	8431
711	134	9135
1918	134	2000
2822	134	432
206	79	21636
623	134	1928
1081	84	23463
5153	97	22376
21769	23	22980
900	92	1037
9850	134	4111
9257	134	1743
3586	59	2983
9110	84	23463
21831	84	25131
9410	84	23463
1314	18	21556
865	134	9404
21039	9	22209
21501	92	5735
10182	97	5690
9503	134	22693
403	84	10166
9383	134	10186
6340	92	9492
23514	123	5440
10461	89	6151
22366	84	7397
23940	134	21041
22606	134	8728
6018	161	1735
7209	79	5250
4930	79	21220
22007	92	7624
873	84	6157
23623	134	7325
320	24	7243
4112	134	7151
25335	134	24881
21322	134	3223
1083	134	8722
9155	92	22830
8253	134	8748
4611	134	23913
1937	134	21854
8044	134	5992
5292	134	10430
5986	134	95
4903	134	2458
23600	92	6807
6483	134	10491
1481	134	22447
21103	134	5074
6630	134	24381
6257	107	1401
2667	84	3731
1940	84	10137
5637	134	5971
25018	23	22601
9249	134	22583
21954	84	1401
21599	123	3062
5846	134	6814
24929	134	9615
22012	84	3636
2462	134	8310
9948	92	3273
8264	84	5977
5876	134	22353
4554	21	24533
1532	134	9385
3726	84	2685
3419	134	7072
9560	134	24733
2567	134	1311
9413	134	2876
729	134	7325
1694	84	296
671	134	24387
9381	107	1496
1125	23	22980
24769	43	25075
247	134	8828
24258	134	4575
10012	84	10166
2826	134	10136
22202	84	4365
9994	27	4158
6580	134	3338
4022	107	22274
7996	112	9798
5020	134	22059
22926	84	3959
238	184	25159
9497	84	1054
8089	134	6807
1934	84	23463
102	134	24881
2080	134	6442
22397	134	22059
4685	12	4115
10349	134	2559
3750	140	3331
9457	9	22552
4142	24	4625
10396	134	25138
7850	84	22288
2535	134	7135
21110	134	22940
23762	92	9176
8874	134	2282
487	24	7875
3843	134	4575
1382	134	3575
21977	134	24992
4590	164	1812
9495	92	6851
1633	107	9748
7473	134	2288
22587	134	8226
6582	135	22601
23682	134	502
25047	24	8072
21839	134	1928
5606	107	24817
5163	134	5735
5677	134	21692
4793	107	10166
21644	134	8387
7701	92	63
2434	134	292
21869	42	635
4102	84	2283
2511	47	22601
24672	134	3958
5388	129	3471
23511	134	6324
2138	25	9748
1422	92	585
22056	134	3348
23060	134	4111
21219	107	8380
1238	92	6226
23241	107	1054
2612	134	8387
23834	84	1401
21565	25	1857
9184	21	23638
1227	134	2012
24924	124	2385
5657	134	4528
2221	134	2203
592	70	9736
6026	134	24624
2251	99	3626
6521	9	1731
9674	134	7536
24281	84	2371
1961	134	3410
2327	134	3691
8910	139	8365
6347	134	8828
6146	134	23913
8796	84	25332
4260	84	7397
3455	134	4422
9154	22	7438
2133	92	3994
9112	134	6324
23546	107	3636
5249	134	9532
24328	123	3725
6592	92	2320
23005	134	24387
2576	134	8042
4103	134	4896
6258	84	4158
75	123	55
21098	107	8708
7621	134	9786
8555	134	7135
7919	123	8334
4393	129	7890
24020	134	8863
21764	134	7831
24827	205	23860
25279	84	24436
3873	84	9629
2929	92	23344
4331	9	3824
4250	149	8572
10317	134	1991
4524	24	9541
1259	84	5671
4051	84	6185
3431	84	23990
24122	107	1054
8667	67	8380
1590	134	2000
3037	92	21854
6232	134	8835
22932	84	1904
4729	18	1401
7783	146	25440
22248	84	23463
988	134	3786
23678	134	4271
6883	134	8139
21524	134	6226
21565	25	22402
9817	134	2572
22358	134	25138
4877	41	24439
1319	92	7466
1665	107	1138
24986	134	182
24286	24	3179
6702	84	22405
24337	124	24594
25289	134	5074
5870	92	5227
9230	84	25131
171	107	5671
7631	24	23628
752	84	3605
4576	146	2892
21187	185	8037
22238	134	22830
944	134	4299
6257	84	1401
7445	107	1904
5749	134	3410
7938	89	9144
2396	134	1576
5026	97	25022
7130	92	4734
8835	166	24433
22686	166	6803
6583	84	9787
2392	92	7151
25270	164	21843
3182	134	766
25067	24	1745
25422	134	21655
8804	97	21117
2429	134	9838
5232	134	23578
5011	134	21039
24870	134	25495
2403	134	3776
7002	134	10109
9295	92	3534
8637	134	3343
4885	134	24624
10471	84	22601
2766	134	21570
451	92	7992
7185	92	9798
8121	84	1108
6169	107	4365
22222	92	24387
4769	89	7493
22032	124	1230
7139	134	23179
6198	151	4579
10245	134	9671
21729	134	3180
9508	134	24356
23879	84	1401
9829	134	10430
2372	84	1054
24820	134	23118
3563	134	23607
8564	134	2000
7536	9	22362
24957	107	3705
3565	98	3636
5936	84	1054
3130	134	1705
21897	107	5671
5631	134	22584
5327	134	10491
24335	134	3180
5499	134	8828
6156	129	9468
7384	92	24819
22063	134	22584
10322	134	8042
23599	23	1401
3791	31	8499
24203	181	1519
9265	107	2917
24578	134	5224
10248	134	22838
9080	134	2970
24815	134	24590
7200	77	620
24350	164	7397
10020	84	22139
2564	134	6324
8477	134	25138
24504	134	9615
21295	84	22601
23119	134	644
9732	134	6639
21003	125	8295
2734	146	4484
23077	24	4412
21262	121	9851
1668	134	25192
1753	134	1278
6734	84	4634
6482	134	95
24159	139	24159
6242	92	7399
21554	134	1538
25004	134	5954
21222	134	544
8240	134	10051
22096	134	5888
7515	41	1136
1250	92	7438
6505	134	21356
715	92	230
1668	134	2215
9244	134	9471
7815	84	6185
10327	134	3273
24729	134	3994
10342	107	7397
5049	84	9350
5306	134	3958
1703	134	4392
22765	84	22139
21463	134	3180
23369	43	22411
3946	84	1401
7864	84	3959
10070	134	8071
3401	134	21944
4556	134	10109
23555	84	25160
8911	134	22836
2661	84	6185
25248	134	2410
21902	134	7326
3436	23	9748
2684	134	1700
9858	153	7239
3813	92	3958
6585	84	3626
7273	92	95
4828	103	961
7718	92	3958
4516	134	2000
8322	84	4048
5929	134	63
21075	134	23047
23301	84	5671
2863	134	24499
1088	84	5671
1240	134	8387
5313	134	95
7385	84	2917
958	25	6579
8240	134	23261
5966	134	5888
5679	134	21039
1651	84	23463
23294	161	24994
9200	92	2320
24011	79	22491
3831	134	10308
467	134	4111
1581	134	8106
1169	84	4634
24657	84	6185
4014	134	24356
22243	84	7011
21582	84	1104
2677	134	7624
1860	85	1085
7341	134	23266
24698	134	7604
7771	34	24203
5794	134	502
10383	146	25345
2704	18	3605
6631	134	10109
9403	67	21898
3486	134	7296
224	134	9838
9192	134	2322
24542	24	9607
5159	92	24819
25337	134	25390
4552	134	9786
9845	79	4258
9807	134	22407
4623	134	9669
24558	134	23913
24895	21	22049
21675	134	9065
9218	84	24402
5586	84	4365
22984	107	9021
9873	23	22601
25236	43	25227
478	134	2736
21918	74	3688
6657	134	24197
7344	84	6185
10194	124	9641
25305	134	9719
5807	134	5992
700	134	3958
22631	134	10022
4070	107	1904
24923	134	9061
22585	134	4896
7528	134	10308
950	92	22584
24737	205	9879
7968	134	7568
8168	107	9350
3367	92	4339
21414	136	2132
24286	201	3396
4631	92	6814
4887	84	5671
7688	166	3543
4664	134	152
1654	134	5888
9003	134	25138
5735	154	8196
2600	134	1278
2180	84	5107
5132	157	3636
9028	134	23344
25245	131	7304
3407	134	432
23006	134	9065
4210	134	22461
7089	84	890
10096	134	23344
8704	92	584
1848	107	9350
3581	202	7143
870	134	4422
3938	103	2917
1229	23	9380
6572	60	23630
7632	24	22879
23429	134	2000
4321	107	296
8960	134	9522
1611	107	3636
22758	92	9340
4919	134	1928
421	134	23261
4457	84	24402
1499	166	3959
21438	25	22344
21983	84	24402
24170	134	22584
1346	134	4950
2191	79	21095
21501	92	21572
3847	134	5224
4007	134	2000
24062	134	182
6537	134	9669
9833	92	4299
300	134	442
8594	84	1054
7742	25	9780
5628	134	614
2128	79	5339
7122	134	8023
3100	92	7151
4305	12	764
4604	31	2147
2	92	6814
7285	92	22474
6736	84	25160
23459	92	9790
2028	134	1217
5946	84	24763
2295	134	5561
6183	18	8551
2651	92	24356
24794	134	23486
6847	134	6324
3291	134	3208
8196	84	1496
1555	84	3959
8518	134	3575
8820	134	24356
2998	134	24624
24692	134	3088
2879	134	8488
22551	134	2530
23706	92	2020
5643	84	4158
24370	84	1401
3613	84	7397
22568	134	2000
22660	84	2371
8227	134	4992
10433	92	22461
3677	52	22601
3011	110	22144
9605	134	6960
23440	134	24387
8548	134	5590
3883	90	6151
9360	134	8387
660	92	2630
9410	92	10491
6836	123	6802
25249	41	25042
8956	134	8965
6972	134	8226
23061	134	24766
21131	84	21850
2802	109	22497
22806	134	25138
3519	128	22304
8759	92	21570
23991	134	1705
4991	134	1037
5600	134	22525
5466	31	5786
8128	131	1273
25232	25	23897
23004	134	8722
1851	134	23650
4409	134	24624
7729	107	2917
8859	134	3534
24213	134	63
24460	134	6228
3464	79	3896
23062	134	7492
7871	186	3636
9768	92	8154
2522	84	3959
24734	134	22583
8648	134	21570
22667	129	295
4991	84	3959
7018	134	432
4476	18	1930
5482	134	10136
22976	134	24408
5084	134	23831
8027	134	5932
4417	166	21758
24546	134	9798
25109	84	646
798	92	10074
22404	91	23115
6667	134	2020
21309	134	230
7480	33	2579
22079	134	25495
7780	107	1054
4763	92	23047
2239	84	5436
4894	31	25101
6699	79	1647
22652	146	21034
22887	165	356
10059	134	3372
24348	134	3575
5283	134	23266
2828	84	8708
8422	134	644
6368	134	3575
4845	134	3691
7273	92	7604
25471	134	21508
957	205	9879
4553	134	22407
23664	134	22234
9655	134	3965
9104	92	2876
2747	134	24448
5361	139	1435
7620	84	23463
25268	84	1401
2207	134	5971
23286	84	1054
632	90	311
23925	84	10195
2461	24	4816
10025	134	2377
2408	134	21039
7838	134	3776
7346	107	24723
7227	134	1311
25452	92	3180
1003	134	2970
24938	92	4528
5606	84	8110
3851	134	3575
1755	84	2685
23025	92	3965
21259	84	6311
10269	134	9532
1919	134	1286
7841	99	7143
5813	134	6240
8149	134	10051
5188	67	24549
25292	84	2685
5832	134	9952
8581	134	21655
868	134	1744
24967	84	3636
22542	92	24766
199	134	9471
24968	134	5770
23035	134	2736
25316	23	2353
2973	134	10051
22277	134	5224
5695	166	6081
6891	84	2917
21108	92	3180
3005	84	22274
924	75	6039
3439	164	6366
24123	23	22980
9533	134	1605
9870	84	23860
6435	134	3575
9398	134	23607
8048	92	24819
7897	84	2685
3320	134	24590
6129	134	4680
2392	92	4896
24037	134	2621
5597	191	7636
21914	134	1026
3373	134	3786
24192	134	25138
22488	134	23295
5226	134	22584
25239	134	22234
23176	107	4365
21744	92	2410
4153	185	1397
24175	54	7203
7607	18	9021
21928	84	3626
4097	134	23131
1411	134	5932
5710	134	2572
23057	134	25192
8559	134	21508
170	84	9748
374	134	95
681	134	5735
1328	124	22465
22633	84	296
2051	134	3958
8119	142	7657
23280	9	2573
1557	134	23027
792	24	4540
2777	92	3074
1968	134	21796
8464	129	2979
5749	134	8399
1113	107	3636
1460	179	6345
7254	134	8965
4581	92	24356
1466	134	5735
271	134	7135
9984	134	2215
6094	103	4443
7741	79	4739
24613	84	8765
7531	134	3372
9102	157	21073
1129	92	5423
21289	134	5971
25441	134	5888
24610	142	9750
7482	84	3636
24478	107	1054
9893	134	10140
6945	134	24590
21354	84	23860
6118	134	7604
8272	134	1022
5851	123	9996
6164	22	1684
6051	134	7438
10358	40	8381
23368	92	7624
7371	134	3958
976	134	10136
9641	24	10194
2095	84	2685
24183	134	2572
22796	134	5971
24389	134	24702
21670	129	4686
6611	84	24931
617	134	21974
1760	134	1311
23631	117	3984
24765	84	2371
611	11	24921
2374	134	23539
8928	134	21120
8301	134	4807
24127	134	5065
768	134	2465
9098	134	1744
8104	131	3579
10023	134	21166
9128	107	22288
3554	185	21769
1357	84	5565
8772	134	5770
1398	84	2681
6448	134	3273
251	134	21912
3579	41	2440
22177	113	6247
6304	92	6958
3567	84	3959
6511	134	3691
5436	44	22471
24692	134	8728
4083	146	4202
21211	134	9471
24273	134	8071
7066	134	7682
22427	134	3466
2874	134	3273
2488	41	2381
4042	84	4634
370	134	6716
10192	134	3180
6441	84	7397
2867	134	2199
2757	84	7397
23972	124	22990
1396	134	24448
10387	89	9496
4642	110	1597
21200	134	2876
9545	84	7350
9449	134	24197
24011	24	4027
4203	134	21572
23795	134	5224
1757	129	3323
21422	84	3626
8780	134	23500
7714	134	4606
2186	134	6289
22821	134	9847
6300	134	9385
844	25	22344
9686	134	22474
528	164	7742
25337	134	4680
24531	134	9492
4015	92	24352
10189	92	21122
24169	134	5212
861	90	21836
9548	79	23321
8657	164	6686
23051	189	6831
24118	134	5932
24914	24	484
2580	84	23463
4145	107	1401
1686	134	24499
75	129	21212
2231	134	8297
9687	134	1744
2511	23	22601
21670	89	4911
5167	92	2428
2015	92	10136
2812	127	22305
8365	139	826
5818	134	6639
25140	79	9749
7612	79	23557
8326	134	21854
4750	134	23578
10256	134	4896
7143	25	9722
10135	134	443
9259	123	22212
9968	134	24358
807	24	22678
21131	134	6639
9536	84	23463
23195	134	24387
429	134	7054
9198	24	2488
22387	84	7314
5550	107	9748
21694	92	679
1450	134	6484
941	134	2203
10338	5	924
22168	134	3180
9810	134	4680
239	82	10195
6044	125	1297
22662	84	296
7368	134	2000
7876	134	8387
8121	134	2572
5741	129	5529
3969	134	24101
7018	134	10136
1163	134	3958
24185	166	4158
3057	84	3959
22871	84	7753
3840	134	230
2130	84	296
7914	134	95
202	43	3163
4506	134	9928
5645	134	22830
22636	181	3314
1457	134	22461
7519	43	4752
2513	131	4475
24567	134	21318
1280	134	21848
24157	134	6228
5112	107	4956
9510	92	4271
7081	134	3273
2870	134	3575
21309	134	276
2201	134	1911
23753	134	8297
876	134	5971
5407	166	1400
22536	134	8965
3702	191	8692
2226	68	2371
6553	173	8588
462	84	3626
9172	84	21898
24049	95	7329
3717	134	3074
2736	166	9748
23438	82	23281
24279	134	22309
21928	92	8835
9502	92	1605
6906	107	23860
21186	125	5565
3014	129	6607
21133	92	8297
5056	134	1743
10347	84	1017
1437	92	4479
735	84	7397
815	53	24372
2619	166	9748
3526	79	23557
24536	134	6226
5327	134	3180
23288	193	24695
2155	134	24448
23334	134	2000
22824	134	25495
452	84	3605
4072	134	2020
3200	134	21944
10331	107	4158
6607	100	7006
5359	84	4634
914	107	1054
3103	134	6814
2653	134	1272
24707	134	22407
1808	134	5383
7371	134	1744
6509	134	10109
10312	84	4454
8126	134	587
6738	41	10404
8099	23	24364
852	84	3959
4692	134	2000
8870	187	8870
21735	134	3408
4216	84	24723
2914	134	766
600	92	4111
10170	134	10109
2780	166	23463
23441	112	22055
5771	38	9520
23740	43	8330
2338	166	24755
1676	134	24590
6746	92	1311
22949	134	10109
2033	134	9385
9699	134	4417
21548	134	21539
6799	84	3959
42	23	25492
5994	92	22059
24575	92	7770
374	134	22309
10457	134	21848
5101	134	106
9924	134	23047
25217	84	23463
1866	134	3223
21686	21	24611
4523	134	6860
2954	92	398
5154	166	9748
22752	134	7135
6279	92	9952
25329	18	3959
7779	24	6701
9184	21	23033
7357	134	21284
9744	134	24356
6999	134	24590
6277	134	276
1381	107	4365
8224	107	23463
42	125	1812
4842	134	21356
24501	134	2346
22118	134	8071
4371	43	6147
1178	134	3343
9040	153	8512
5887	79	8238
6871	134	25192
6540	134	3994
5660	43	22655
22844	92	21469
9931	24	8591
2838	84	1363
24230	84	296
7565	92	1774
22482	134	21944
5107	25	9722
23574	107	23701
24824	31	2594
7390	134	9532
25131	23	22274
22223	92	4734
21234	84	4048
1256	9	5402
24739	134	23111
6036	43	3878
385	134	21912
22542	134	24766
22243	134	21519
8959	107	1079
8954	107	4158
21471	134	63
8640	134	6324
4878	134	3273
22809	84	21235
21849	107	22405
8172	134	9369
7408	134	1311
22996	107	10385
8972	134	5770
23773	134	24431
1296	24	2078
2991	134	7862
2653	134	4680
3517	84	2917
23863	84	21843
23109	134	9671
10379	79	1198
4405	107	9467
23896	134	4073
5242	134	24499
4160	89	3006
25235	134	2000
845	134	21039
5195	134	5244
3043	139	2209
1204	134	23578
4345	134	2608
6900	193	22124
790	134	1576
25494	134	8828
21645	84	1138
24931	73	261
21990	134	6639
3600	134	22234
7784	134	10282
4097	134	3691
3100	92	23578
6720	84	1051
9651	24	2239
9516	134	23047
6828	134	22340
22242	43	4647
1475	134	998
2762	134	6226
9459	134	1928
10071	134	2346
9596	107	4634
7275	131	9574
4611	134	8520
22504	134	5770
188	134	23486
21624	84	5107
21399	134	22059
10470	134	6462
9778	134	5224
4510	134	230
8850	134	24848
23757	32	21727
21603	134	6228
21342	52	22601
5425	134	713
25121	92	1605
4590	86	25369
4855	123	1373
4154	84	2371
8602	134	2736
8438	134	23419
4855	89	9250
24056	134	4355
7129	84	22601
2615	134	2970
1007	134	22683
3707	92	2465
6250	84	1108
24209	134	4111
7001	134	22059
3996	84	1363
8218	84	5127
5195	92	24197
6001	24	5178
1901	84	23463
3884	134	1272
8936	84	6185
25175	92	1744
4280	134	106
617	134	8297
5949	134	22407
24606	84	1904
2431	84	22601
2118	92	22583
1459	67	3626
6074	134	8125
3545	134	3180
1123	134	4680
7914	134	6442
1034	134	23344
6136	107	4956
1118	22	1576
22224	134	4205
24375	159	24375
3104	84	9350
1338	134	21496
9945	134	22495
5925	99	7143
7891	134	1744
24970	92	23261
24066	134	3958
2826	84	2685
23839	134	25222
7736	84	21132
21275	25	24797
2421	134	9838
4307	134	8139
22502	134	22057
576	134	25222
23947	134	8828
750	84	23463
2045	134	21120
6662	92	24063
21843	25	5848
22235	9	22113
7290	146	10360
767	134	9532
3389	92	2970
3730	134	24624
4129	134	8828
23196	134	8125
7449	134	7781
21140	163	5730
25170	134	9219
5723	134	1441
9147	134	5224
2339	134	2322
21910	92	10051
3242	134	8582
6135	84	1639
2949	134	24101
3792	125	6185
7102	124	21401
2838	134	9609
22248	134	7781
23024	25	22344
7615	201	8000
4223	92	6228
1610	84	6311
22373	134	22234
4077	134	10136
22921	84	21446
21756	134	7862
21800	163	24767
2088	113	4391
24409	166	1401
5916	134	9457
10402	134	23419
2410	9	2988
4887	134	23578
3709	84	10166
25124	134	7135
24656	134	1911
23678	84	1401
4661	134	22775
910	134	3223
4519	134	10051
832	84	3959
24682	38	3511
10234	134	21692
22070	79	9962
24813	134	8828
22683	166	9183
21479	191	7397
6523	134	9385
7363	107	22274
23839	134	8920
2618	185	23438
6964	134	766
25240	20	6783
8128	131	9292
7798	134	2020
23546	92	8431
2775	84	7011
1634	134	9340
8139	9	6042
5240	79	23962
24221	134	22584
23695	134	63
5946	134	4073
22990	84	4956
3506	134	4282
707	92	10051
9839	134	4575
5477	107	2917
1914	79	22889
24135	84	4158
6824	84	25160
2047	83	2106
8522	92	3348
574	92	25106
4626	124	9875
10441	92	1576
10379	41	405
21621	124	1036
3874	139	5361
23464	79	5625
4038	84	24817
3999	84	1054
140	134	24356
7181	134	5590
6122	79	4889
3752	134	9065
7897	107	2685
24172	79	3923
578	134	1744
6251	134	3958
10260	92	24356
7173	186	3382
401	134	9615
268	92	21356
23070	129	22737
4122	134	2020
6368	134	2608
3322	124	24500
10118	134	3958
23211	134	25495
8934	92	21195
9203	84	1079
370	134	3599
7415	107	22405
24172	124	21079
2077	134	2428
5802	92	1744
528	164	1904
22225	134	7536
21368	134	25495
8872	2	1966
1898	92	4859
8461	134	2322
3619	202	1401
22312	134	10430
2364	84	7880
1670	134	9532
7506	131	24542
22848	84	4158
5642	84	1054
9099	134	8965
1987	134	22525
5644	123	3356
24092	134	21650
8386	134	2020
2421	134	1928
3050	146	22254
3437	24	24208
23167	84	2328
23105	134	63
5568	134	4950
4720	92	8297
24129	131	2475
24166	134	25110
8059	79	22833
8272	92	5068
766	9	24320
23508	24	25376
23854	112	10282
756	110	2932
6322	134	8226
606	84	7397
21776	134	7604
6830	134	2458
7305	43	4653
9478	134	7781
24250	134	23047
57	134	22234
5092	134	6814
9593	134	6814
4856	134	9790
8109	134	7135
599	84	3959
1126	134	23344
8966	134	22057
781	107	7397
22201	84	3636
9013	117	22024
6061	134	766
21644	134	9790
3416	134	7604
23958	185	8608
4325	134	23084
24598	134	6521
5602	134	9719
23788	82	26
24324	134	9790
6360	134	10474
3029	134	292
859	84	1401
1446	134	25071
10382	134	7135
6281	134	1684
6017	134	1827
21704	134	7438
24311	134	8226
3379	164	2371
10353	79	7503
1214	123	10143
8983	134	766
3992	92	9798
22675	84	6915
1034	92	1278
7095	92	7682
7505	134	9176
23597	92	6228
21836	110	9238
8640	84	4381
22167	143	4106
6329	84	1108
1361	38	25352
3781	143	22746
10018	191	296
22137	84	3626
4220	134	8828
23792	134	22474
4039	99	1401
24673	84	22569
22205	163	5730
7855	84	1496
22329	92	9790
23472	134	2357
23706	134	8106
437	11	22053
4167	92	5648
7469	134	4422
23667	134	24356
24447	134	22449
8755	31	3161
2914	134	1744
10468	134	10491
6885	134	8071
24113	84	1051
7421	23	22601
944	92	6381
4900	12	764
3825	134	5648
9103	134	8387
21055	79	369
21690	79	3914
10440	92	25277
7423	67	6185
5263	84	9748
23730	107	3636
1972	134	5212
4363	134	1372
21525	84	23562
10369	84	4365
25242	84	9415
6918	134	4339
25074	134	2320
3831	84	1054
10448	89	1435
1183	84	2371
5419	134	23578
315	134	2621
8112	31	10255
7889	24	5412
8059	163	5730
5269	84	22405
7160	110	4171
5458	84	1079
2889	166	9748
5749	84	23463
22889	24	9501
1980	23	22980
5956	134	766
6374	166	23463
24129	24	22726
10335	79	24187
3874	84	885
4498	92	21974
9084	84	2739
23875	134	23486
2501	134	95
4233	134	5888
3456	134	443
23133	84	2685
1476	134	21120
23088	134	8431
8749	84	22405
2849	134	24590
960	134	432
9675	84	22601
21825	123	24834
1183	84	1496
7041	25	5171
6421	84	24723
24215	129	4632
8633	134	8828
21438	143	2397
21226	145	25010
23894	107	10166
10010	134	502
10292	134	25233
23150	134	22461
21459	134	7325
25010	84	21226
160	84	6510
21500	185	21235
10047	107	23463
7165	134	8340
5823	134	5888
6075	134	443
9712	109	24931
22019	134	22461
4620	67	1138
9106	84	25332
9017	52	1401
21928	84	2917
5218	21	2952
10112	107	8380
22564	84	2685
23935	24	3973
22645	134	6814
2741	134	7536
2728	134	24624
24752	134	24570
8457	134	7862
4062	134	22340
21639	84	3523
10315	134	3872
21417	134	2970
9707	134	5845
24109	107	23524
22762	24	23176
24217	92	3408
4961	134	21520
21059	134	6639
8042	9	2851
4776	134	2876
1752	134	2458
25235	84	5671
8051	107	3626
22560	134	6639
22896	134	3958
529	99	24723
3853	134	9061
21018	134	24356
1128	134	8106
24535	134	10051
5754	22	9176
22877	134	2020
10434	153	6961
24323	134	9219
3778	134	22449
515	134	21912
5731	21	6986
4178	134	63
3898	134	5995
3777	79	22654
24495	109	24931
9359	46	25097
21997	123	966
9286	79	21098
4215	131	4561
7445	84	8384
24665	92	1365
3383	164	6803
10041	84	7397
4831	134	1618
8240	134	23298
4391	84	2088
2022	9	6971
3266	43	4743
23239	84	6185
23732	124	1235
8921	43	3003
2388	134	2995
4461	107	3636
3360	134	5888
2046	84	71
6630	134	5888
21734	92	3958
25122	43	2904
2317	134	1618
5636	123	8146
22534	134	432
2093	134	4331
7969	134	8387
8058	134	1576
7888	79	8339
8949	82	3224
6742	134	1278
25060	67	23463
10288	92	22461
7322	134	3958
24616	134	1286
1380	129	4632
8654	134	24071
5879	134	4734
4792	92	25192
24718	134	8953
8003	92	8071
10465	43	25143
6079	134	23578
4319	107	9748
24210	84	23341
892	134	5888
451	134	8965
5774	123	5963
7487	84	23463
8520	166	21323
10389	134	22474
23511	84	23463
21411	134	21650
21286	134	23344
21672	107	4634
2032	134	21195
941	134	7151
24336	134	4417
787	134	7568
23571	155	2579
3121	123	22826
6795	134	6228
8954	84	1138
7612	24	25174
7653	92	21944
22983	134	23913
23135	134	8297
1990	134	3575
25432	43	6695
3445	134	23578
3778	134	4417
4315	92	25487
2366	84	107
303	134	22683
24040	134	23831
24164	89	24782
5700	23	1401
1062	84	3959
353	134	9385
9860	84	9350
9693	134	3876
1168	134	22234
3434	134	6228
8491	123	2523
10158	75	2738
2622	107	24817
4072	134	1605
24557	134	25277
24749	134	3343
1200	142	25493
21677	134	7712
4377	134	10051
23108	100	6048
4087	134	6226
6396	134	3223
3821	99	23990
5394	84	1108
8117	134	9786
7869	134	6464
21054	134	6960
21890	134	3872
24598	84	1108
2733	134	1311
10217	134	24063
7205	107	8380
8041	82	25156
1672	79	24712
8265	134	7151
788	24	3454
275	84	4381
6894	191	10166
23956	134	3372
6775	134	25202
5445	134	3994
21778	134	5888
1056	134	23380
8349	134	5770
1937	134	23765
21072	84	4158
607	31	6780
4773	134	10109
9143	84	1401
5267	134	432
10034	134	4528
2340	205	23463
24314	84	9479
4254	134	24197
23204	134	10294
25348	84	3626
1033	107	6311
34	84	1904
1323	25	22344
1254	134	7604
23773	84	3605
22641	139	24960
7784	92	10072
9739	134	8297
25158	134	25222
2988	134	21570
8974	134	3343
6120	134	8139
5475	134	3372
2341	134	6860
73	134	1928
24085	134	24908
6549	27	8384
1722	84	2371
8296	134	23344
8621	134	22407
8425	134	21796
6599	123	21176
3418	202	7397
3969	134	23380
6217	156	24773
3627	134	8030
24495	55	6023
5889	134	21372
24754	84	71
4165	92	10051
2512	92	7781
4087	134	2000
7730	124	25067
7745	79	8574
5189	107	1496
22011	134	1664
25215	24	7509
5421	65	5421
21137	107	22601
5842	43	6792
5475	134	2970
9603	84	23572
4697	79	3021
9565	134	4369
3404	134	5971
9353	92	4076
24110	134	21519
23907	189	1297
21431	134	9952
21948	84	8380
22936	23	2371
6583	84	1017
2216	134	24908
899	92	9385
2150	24	2743
4348	43	24171
6197	134	9532
21958	107	4956
23374	107	71
759	134	2778
22728	202	21499
2017	134	23765
3715	166	22022
5460	98	2283
10234	134	22234
21814	134	9615
25446	134	531
5089	84	72
10399	134	22683
9446	134	152
667	117	22642
21098	79	23890
1683	20	2751
24352	166	7595
24107	134	3273
24597	23	2685
6903	134	22461
22340	166	8250
6324	166	8693
22350	134	1744
6072	84	2739
23640	24	5405
3039	134	9385
24058	24	1048
25259	194	22876
2601	134	8297
8580	77	7567
6043	84	1379
21324	67	24723
6909	134	10282
25037	134	95
1312	134	3994
7555	92	21284
21457	10	2511
6896	182	4625
22347	22	10474
22433	25	8512
6519	134	25495
21589	84	3636
21371	84	10409
2011	107	22980
8405	134	8920
471	134	2346
2234	134	1774
4813	52	1401
8877	107	1054
9651	79	23043
8264	107	3959
21173	134	3786
3980	134	9532
22514	84	4956
6458	25	7286
21118	146	22478
25411	84	2739
668	41	22030
9109	129	8365
7514	23	24931
3686	134	22021
25463	134	21908
23122	134	4528
22657	134	1022
4688	134	9719
24043	84	21850
22040	185	172
23231	43	5440
8009	89	1237
3627	84	3381
9721	134	2778
6869	134	7604
22348	134	8828
1666	107	24364
5931	161	5325
23236	134	24819
25148	84	1400
24084	194	21784
4370	84	24817
22294	97	6894
3622	134	9790
22120	84	24402
4801	134	9522
4746	84	24433
9295	134	22353
878	134	23486
21248	134	6226
25400	129	8365
21228	134	24387
2038	134	1576
2340	79	10329
6163	185	21251
6415	84	4365
3168	134	6639
8385	84	23463
10079	161	3278
2381	179	1576
24426	193	3249
24285	134	585
2832	134	63
2625	75	21594
22904	134	21692
6529	134	9135
10079	161	3279
1027	134	9790
7998	24	926
23883	84	7397
21807	92	9135
3879	134	5220
1764	134	6228
2856	84	10166
23480	134	10022
5383	9	21807
3680	134	5954
3525	134	6521
21721	24	7352
5159	84	5671
9162	134	22583
6006	185	9252
5833	84	9748
6090	84	24723
22774	84	1401
21749	23	1401
8868	134	10308
7593	84	666
268	92	22525
8202	31	25296
335	23	6454
10103	134	3876
24362	107	21933
22707	85	7318
4473	25	5848
23525	134	21520
5878	164	22601
9475	84	8765
263	134	95
23926	134	10430
2450	134	502
24048	134	2530
24695	23	22601
9011	109	261
9190	84	24402
22818	24	5431
4805	129	4181
2122	110	24644
22468	134	585
22524	134	2288
6572	131	21206
9746	134	182
6349	134	9061
7944	134	7554
3212	134	21318
2706	134	6994
8693	112	6324
9746	92	6114
671	92	22057
6967	23	22980
2109	84	1379
8559	92	3223
7733	134	3432
1846	134	4422
8373	134	6639
22386	102	2983
6112	107	22980
4314	79	9882
10016	134	1931
23849	84	1858
9165	164	21750
665	134	502
1566	134	2215
1247	84	3959
4128	134	216
5575	134	24590
7836	84	8050
22554	13	22842
9393	134	25495
4336	24	4146
22360	84	23463
24953	134	2608
9002	134	22583
8345	134	3958
1851	84	3605
23714	112	9065
24452	79	9782
10215	134	24766
5945	84	2371
4273	134	1576
5181	105	24069
10322	134	1311
7679	134	25192
9526	79	4736
3759	134	24431
6893	134	24819
23952	134	24819
5850	139	328
4000	24	4056
77	134	7604
1539	134	3572
24727	134	21539
8455	24	4997
1502	134	5769
1696	134	2572
917	52	1401
2195	134	21570
4572	103	22980
6723	134	63
3203	25	22344
7074	134	21692
10071	134	1718
8217	24	4405
2851	134	21912
2421	134	10022
10233	134	22803
4756	134	4575
22676	124	1992
23173	52	1966
10144	5	6245
4589	166	2986
8823	92	7534
5860	134	21539
1509	84	7314
1600	79	9161
6364	134	2458
1796	84	7140
7244	185	10281
23780	180	6597
917	52	22601
24932	103	961
2045	134	21944
5711	92	2778
6526	84	2685
6728	134	5950
1985	92	8226
453	84	2371
8000	79	24208
23705	134	3273
9083	25	6961
98	134	9671
2278	134	25138
22511	134	6226
10291	134	4896
24524	134	24387
8759	134	22474
7041	25	9722
4035	166	22081
4050	84	3636
25272	134	23179
8108	22	2069
5104	134	7300
6826	84	6915
24402	25	25112
21050	124	25473
3779	129	2332
22075	92	4035
7761	107	8062
22744	92	8297
2919	163	7871
5519	161	7233
21826	157	4158
2440	41	8404
21482	107	1108
24354	134	9385
24178	134	25192
23969	129	8335
21247	134	23027
21328	134	1664
24675	79	6744
24904	134	4392
609	134	24819
9401	57	10364
2832	134	4125
7767	146	22403
9506	134	5888
23338	134	443
22819	84	4365
10148	134	4734
21666	134	9532
2849	134	432
831	134	7604
974	134	8310
6475	134	7726
24460	134	142
7411	84	23990
1944	134	22584
2139	134	8226
23290	134	23266
1163	92	3958
1595	134	22775
8499	142	3791
1732	134	3958
3682	134	2544
3379	164	1904
2997	134	585
22314	134	6442
9660	84	8380
21392	134	22407
2344	134	24826
24903	134	22779
21222	134	2621
9091	134	8106
22726	23	958
1463	134	2572
7008	134	1743
8621	92	23578
3242	134	2621
1839	134	22686
22202	155	2579
7922	134	10136
8531	134	23578
5324	110	21416
9703	84	23465
24530	153	8512
21868	134	292
4249	134	2215
1178	134	6958
2153	84	7507
25301	134	6639
8257	142	22817
21123	134	7135
22744	134	24448
7242	92	8226
6206	43	24711
6299	131	2946
22697	134	5888
1633	92	10136
2649	134	4111
6827	84	2371
22889	173	24190
9600	134	3958
23349	134	9385
22891	134	5888
2250	79	24533
6229	84	21499
1696	134	182
951	134	9669
5947	166	6678
6051	92	4578
8196	155	9982
4689	114	8119
9506	134	2970
4548	134	7604
9606	134	5197
5431	79	22818
22324	134	3965
1408	134	7862
7759	134	8828
5986	134	10022
23093	110	25210
23676	134	8920
3072	134	21854
8813	134	7492
1198	41	23532
5815	134	9609
24635	134	1576
1077	92	21570
23931	134	21039
9298	129	24673
5962	18	1054
23573	84	3959
23970	134	585
7787	134	22910
7820	134	23441
21876	134	24590
6973	134	504
75	89	21212
24564	134	3223
23967	134	7604
6670	134	25192
21807	92	5383
23629	43	23558
6033	134	8030
21989	84	7397
4760	134	10074
22265	84	21436
9134	76	3605
6823	134	7862
23574	187	5108
21813	99	24549
21627	84	22929
4370	155	5206
1703	134	1718
8739	134	10136
24666	43	22239
3977	23	7458
25379	124	8433
23781	92	692
5970	92	23259
6456	52	1966
3081	61	22813
6638	134	9065
22955	43	2356
5503	134	9719
2722	134	24686
7296	166	9748
6395	84	1108
24737	205	296
9561	139	3710
22770	185	7065
3808	134	2000
7076	134	9952
6453	84	23463
9281	134	2020
3386	121	22823
8996	134	2410
7119	43	23387
21036	134	585
4100	134	9522
1342	134	1311
290	23	6803
22650	134	22461
21916	134	23344
1474	134	2995
8471	134	95
5916	134	379
2420	92	3372
8282	134	7536
9864	134	8387
24945	134	10051
6709	84	2685
22260	89	3508
5993	164	3543
1965	38	4627
9767	92	1417
9198	84	1401
1447	134	152
25377	84	22601
10179	107	9748
8221	41	1523
8241	134	23261
3666	134	9492
4706	92	10022
24453	6	2549
7157	108	22123
5831	84	24220
23825	134	21496
7377	25	2082
10486	107	9350
10025	134	2970
23804	134	21570
24173	134	25190
3258	134	9928
1845	134	25487
23688	24	25329
8423	134	21120
24795	24	21721
21046	134	10072
1686	134	7819
25481	92	9747
5584	162	21139
24982	134	5735
7555	92	9615
22060	86	6416
22308	134	9615
6363	121	22823
2439	185	22508
22481	79	9487
7009	18	2685
7452	134	1744
9649	92	1605
9126	134	10430
21486	47	22980
23802	134	22474
7387	107	1401
6164	99	7397
22415	92	7466
6034	84	2685
7111	134	5220
22503	107	22980
3404	134	3534
1368	134	7604
10396	92	2608
22267	194	10475
10112	92	1911
9723	134	21122
548	134	142
7457	134	25110
24812	143	2397
21428	201	5998
7361	134	7466
6505	134	10022
24724	84	24723
24552	110	24552
10200	134	4111
3691	166	21430
24397	84	5671
42	23	21275
257	134	568
24892	134	5904
8343	23	7143
4802	23	22980
445	99	9350
5385	134	8030
3726	92	9492
81	84	7011
1487	134	10430
5569	84	22601
24874	134	2970
7219	134	2458
21329	84	21591
2209	65	3043
8978	134	10136
21487	185	24068
6763	134	22234
117	134	10022
8295	25	9780
7668	92	2322
9003	134	24381
6079	134	5578
7953	31	10385
1862	134	1664
935	84	23463
23367	134	22235
8308	184	23602
10271	134	5244
1854	184	21820
21973	134	9389
25203	134	2885
23325	84	23950
10151	31	5789
8508	193	22942
4462	134	5423
3172	99	3636
1935	92	21964
5039	134	182
25230	134	3958
21631	22	4271
891	84	1496
5134	134	379
23550	134	6814
1130	134	63
22377	134	1928
1808	134	24624
23444	134	5888
1682	194	22738
6192	134	21854
8204	104	24364
6709	134	8297
10260	134	2778
797	134	2458
2014	134	3872
4548	134	4331
4815	134	9719
5841	134	4859
21410	134	23084
7784	92	3460
7370	134	3180
21021	135	6185
9384	43	1750
6414	172	7397
22923	134	22059
21960	134	22830
23001	84	8062
22400	134	6324
7115	84	1650
21726	134	4992
2361	84	9629
1671	134	5992
23160	134	6
5671	25	5848
22825	134	22234
23185	134	3691
4550	84	1401
4123	79	6572
23927	134	1664
3784	134	6374
1345	134	3958
23168	134	1774
6239	134	1743
7686	135	21641
7626	134	9669
1888	84	1401
24606	134	2995
9370	84	23860
5492	119	24800
21146	134	9786
23848	134	9615
3026	134	7624
2476	134	24448
22383	92	2022
9823	123	2989
2567	134	21650
6765	134	9065
23582	110	4642
6458	25	6961
23863	79	23497
23052	131	3220
5625	79	23464
7923	134	2876
716	84	10166
22202	107	1054
290	97	356
6052	134	438
21954	134	2000
4825	134	3872
3795	24	21362
7308	134	22584
9182	134	4282
24119	134	5244
24262	23	22601
23491	134	5845
6891	134	24499
6273	134	4950
1625	123	5518
3836	23	7397
4751	142	5520
5735	9	25266
24519	134	5770
10018	21	5892
4188	92	2876
23825	134	4271
6879	134	23578
3395	134	23419
10080	134	9790
22660	84	1496
5381	134	22235
21295	134	22234
2124	205	7397
24887	134	23913
9751	84	8050
4960	134	2778
3798	134	7585
9674	84	24227
860	84	4048
966	129	4632
2961	24	6299
21444	84	1900
5074	9	10394
10481	134	24814
6539	92	5971
1510	84	25336
23142	84	2596
257	134	24154
1876	84	8010
24708	134	22235
2696	134	1744
23928	134	443
3749	134	1576
9218	124	7373
22264	134	182
8104	24	23026
4559	134	24387
22076	134	9065
25019	31	21458
21504	79	6902
24578	134	10308
21522	134	21506
3986	134	24766
8285	134	22059
5684	134	1417
7204	107	9748
4949	134	7717
4679	84	22980
23157	134	7325
3464	24	21022
5675	25	5848
7950	89	24146
25061	23	8380
22873	84	8380
6450	134	7604
3948	134	1576
4994	84	24402
21765	134	24819
2390	43	5965
1427	123	10000
1059	134	3343
7503	84	1401
5548	99	4158
3712	134	23131
4606	9	24701
31	77	8551
8927	21	2085
6250	134	1186
21603	84	2685
1061	129	23634
392	79	21359
2894	166	21843
8923	134	9236
24687	134	24634
7483	134	9236
1289	134	24197
4469	9	3357
4974	134	1684
9972	43	25367
21158	134	7534
8001	134	504
3265	84	1697
5390	134	22583
1502	134	10136
2082	164	22980
22015	134	3958
25115	134	3273
7819	9	25348
1439	134	25287
23413	134	10051
24298	125	23860
4660	92	432
9090	84	1904
5541	134	8297
22651	31	1332
3376	134	21268
10390	134	24766
8836	134	22234
10270	134	22869
5139	134	22474
24678	134	7585
21397	134	5578
3832	171	23783
3130	84	23463
5560	134	585
22206	134	22683
3630	134	1605
950	134	3513
9234	134	23261
4399	107	5671
9598	134	6521
2059	134	1576
5746	107	24784
21083	24	9837
2551	134	152
3561	134	4369
7727	194	5008
10019	84	5671
7948	134	4680
7922	134	3223
25422	134	2000
6033	134	4248
7304	41	6623
3920	134	22059
21058	134	21284
21322	134	2778
21877	134	21041
3819	24	2126
4637	123	1489
2292	171	938
5550	92	25487
2746	134	585
4074	134	4205
5195	134	21520
4599	79	4944
3279	124	23776
4281	134	3958
21121	24	1122
400	43	128
493	134	3958
3937	84	22601
5802	92	9838
5899	134	9719
5360	151	22689
4775	84	2955
6482	92	24409
10087	134	644
3261	107	1401
8254	84	23463
8787	92	7781
21567	166	23302
8730	107	3626
25127	124	22784
6697	134	9684
25418	43	23590
5095	84	6185
9352	84	8380
1567	134	10109
23056	92	2876
6511	84	23463
23900	123	21860
2057	84	22139
6283	134	2778
6030	51	4924
6291	134	7604
1377	142	9145
9243	134	5770
25347	129	4686
8342	134	1928
4539	134	4299
10283	84	1401
838	84	23463
3192	79	3179
2415	134	8297
2612	134	22830
2536	134	23295
7081	134	9369
23752	134	25138
293	84	4158
24238	134	22059
21387	107	7397
9976	41	8740
8714	84	2685
23419	9	10098
5276	139	2979
23478	23	9748
23349	134	8965
22179	92	2410
24691	84	7397
23095	134	8297
780	84	10166
25416	121	2397
2382	23	1401
3315	92	24908
24705	134	6114
8385	84	3959
3148	134	584
6709	134	3572
7306	134	21039
3073	201	3396
5823	134	23047
596	134	2458
4608	134	8297
3741	134	22584
22632	134	3572
21587	134	7492
5650	84	3636
9557	134	6226
6581	134	9719
2541	134	5068
639	134	3432
6012	22	25072
8291	134	3958
23614	84	25311
8361	134	585
9461	134	10109
4640	84	3636
8105	134	8488
25320	134	1684
5557	38	708
492	23	21499
4044	107	22460
7503	79	5862
21292	134	2458
4563	134	1991
5912	134	1278
2818	134	4441
8505	22	4896
23662	193	468
24273	134	23441
9750	31	24610
10329	205	24931
2350	41	7612
10157	134	8431
575	134	9847
4639	134	7438
23570	25	8006
23469	134	5212
10371	166	9748
23531	134	5578
21396	134	3348
5279	134	6228
23047	9	3577
24505	84	21843
748	84	1496
23699	84	9748
8791	191	7397
5503	134	2000
8247	134	21940
5790	134	8071
6711	134	23261
3024	43	7572
24396	134	8297
23204	134	22234
22515	134	3088
242	134	21964
3594	108	4053
22964	134	6226
23993	84	3959
4470	79	664
21033	134	2572
21228	134	1664
23160	134	21267
7998	205	261
22851	84	3226
9123	92	230
10477	134	21650
3432	166	6311
10125	67	1904
4210	92	2288
4465	134	2876
4167	134	6374
21321	134	1744
22801	134	21520
4258	79	10297
1758	202	4634
10147	134	2572
2566	107	8380
8469	134	22584
8888	97	24667
9054	107	4158
23548	134	4271
24532	135	23560
8352	24	8082
3840	84	6185
24459	134	24154
2041	92	8920
1435	117	22024
7269	202	1401
8428	84	2371
2945	84	21436
21913	134	3180
25015	134	1286
24707	134	8226
24039	92	23111
6039	5	2738
6279	92	3572
4628	201	22426
7276	134	2000
4382	84	9479
9544	134	23394
24567	134	24211
9430	134	585
21980	134	21570
57	84	543
195	134	21572
9647	134	9236
23540	134	7135
22773	84	22288
24845	155	7647
9060	129	5102
8232	103	9857
3551	134	22059
21109	38	5241
23594	134	2778
23917	134	2630
6539	134	95
4081	134	4680
25067	124	1745
21673	134	24570
24435	134	3223
5171	164	7636
4280	134	8828
1604	134	5224
10446	134	21572
4191	107	3959
2870	84	6731
6607	100	10340
5805	84	4158
10027	134	21039
778	189	1401
25003	134	2608
459	134	22461
7713	135	22980
4676	134	24634
6343	134	23913
23889	84	2596
10048	134	21944
8621	84	5671
9763	129	7593
1959	84	4158
591	134	3575
8529	139	9561
23020	134	24185
4535	134	3776
1179	134	8139
9660	134	21144
23405	84	1363
23412	24	6222
10027	134	8297
5216	23	5565
4755	134	5383
25055	107	7103
5037	52	1401
23784	107	4365
6145	134	9615
21158	84	3959
1965	142	4627
3152	89	4181
694	173	1075
4809	123	1612
1698	92	4271
10266	134	21650
21491	92	6324
22990	79	3748
9994	27	6185
4516	134	4992
8881	84	23245
698	79	8496
21003	202	8295
10439	208	5778
22870	134	3198
22787	134	4606
3275	92	23913
2286	31	24549
3633	163	7871
21405	134	21039
7180	134	6324
3491	134	6639
9375	134	8139
21391	23	7143
124	84	646
22086	146	8666
23771	84	2685
2118	134	22059
852	134	23568
25463	84	24402
5765	134	4680
24175	11	5502
2971	134	5845
9829	92	23831
10219	84	5671
9478	134	22830
21367	84	6185
21871	134	2885
21129	134	24766
9530	185	3764
23704	92	569
1404	134	3466
6634	134	24881
6632	134	5068
25333	134	1744
1559	134	5954
1231	134	6374
21992	92	22869
711	134	9789
2591	23	23860
1348	84	22288
5958	79	23310
8916	146	5118
10497	112	3343
496	134	21356
5986	134	6226
22315	134	8920
610	134	10090
7488	84	1108
7795	134	25192
942	134	8226
23426	43	21557
23123	134	3872
4139	84	1108
21571	134	22869
9327	202	6185
5253	134	5093
8024	134	5888
6009	134	1806
8123	134	713
6631	134	9065
4706	134	1744
23683	134	22584
24565	84	2685
2670	129	25114
9067	134	6287
2234	134	5383
811	124	24155
9825	134	10109
3131	125	958
5916	134	1991
21274	166	7806
6144	134	1718
21000	84	4454
3854	134	5244
24248	134	21655
784	27	1401
24361	134	23419
4496	9	3898
6138	134	1311
23262	97	21117
21914	134	24499
6903	134	4111
7264	92	1217
3000	134	7682
6064	134	9615
823	41	1340
2005	166	9350
22523	107	1108
10482	134	21848
23784	24	23566
5516	134	22461
734	157	1138
7343	84	22601
6881	134	644
10223	109	2917
6471	134	7817
42	23	9879
2512	134	4807
24161	134	21384
22252	134	21039
24397	84	22929
5368	38	24469
5478	92	8520
7979	134	24590
4932	134	585
8498	134	1278
3610	5	10158
25339	134	7604
23497	107	10249
24538	134	106
6662	134	8828
6930	134	9669
5829	134	6226
986	92	8313
653	134	2288
21985	107	1401
1974	134	25106
7744	84	3636
2223	134	443
5880	134	2876
5411	107	4454
3610	75	2738
25461	107	25132
8511	79	1570
23432	89	24644
23824	24	8775
6893	134	6639
10270	134	1928
2910	123	10334
5818	134	3786
24150	134	7570
8677	134	6442
24736	142	8603
4555	84	6185
6452	134	23084
21228	84	2371
7864	24	24619
5214	202	22980
4025	134	9669
24661	134	8139
9661	92	1576
3410	166	24364
8797	140	7695
7471	82	23774
21930	134	6745
24094	84	3636
22571	22	8197
21537	79	21680
5010	134	5735
6594	84	8380
22495	166	9950
506	84	3636
23735	134	9176
914	84	10166
7191	8	8429
9533	84	3959
22193	84	5671
21238	134	4575
24683	202	22980
8045	134	7862
22527	34	764
9948	134	3273
776	134	22940
8322	134	4469
6817	24	1517
3433	134	9991
904	92	9786
1078	84	22405
22148	107	23463
5409	134	7570
25170	84	25311
848	134	1664
793	134	2203
24503	43	23432
24791	134	9790
24836	205	7397
3878	129	5165
3325	134	10430
9895	134	6521
151	134	10474
23794	134	9176
1221	134	10282
1199	134	2410
978	84	22601
6504	134	22584
24511	134	5735
8596	40	24315
22129	134	2020
4318	134	24918
9537	134	7151
7492	166	1606
4569	23	22601
512	23	7143
6483	84	21071
21170	24	9198
24012	84	961
24620	24	7605
2984	134	7438
5521	92	10136
7574	92	23089
2094	134	24819
4344	90	9013
4038	79	1226
9044	134	7325
2366	134	8297
10462	58	94
6104	134	9847
8740	24	9837
10472	129	2749
23948	18	1054
19	84	3626
6995	24	9128
5280	134	1311
23022	134	1576
2617	134	7326
24888	134	24448
9994	27	8384
2444	92	22525
3943	134	766
2858	134	5590
5012	134	6814
2935	134	1576
6901	134	23027
25410	124	9920
9042	134	152
22257	134	8106
1359	134	8297
24872	134	1576
10362	134	6228
7872	166	6406
7632	131	8209
10038	151	22559
1315	166	10237
21397	84	23860
8903	84	10166
9403	18	6311
7528	84	1904
23676	134	23578
8451	134	1278
4950	9	451
22864	134	5244
5208	107	3543
3886	97	22740
1075	84	5703
5146	166	9748
10333	92	23089
2332	110	1597
9292	79	6177
2118	134	21572
23414	146	9045
8366	134	25110
650	134	5273
7155	11	3444
21910	107	232
6158	134	6797
2227	134	10136
24009	134	21650
22474	166	1401
22741	134	3786
86	47	7397
1561	23	9879
1012	84	2739
4418	99	7507
9959	166	23562
5969	134	4111
5831	84	2371
2925	79	4638
24085	134	6745
4281	92	5992
4468	134	3958
5444	164	2371
22498	124	7450
3752	134	8340
8240	134	24356
2734	146	25407
9965	134	585
24870	134	8828
6895	24	4877
24590	166	2917
3960	84	9748
2344	134	21039
1921	134	4422
1656	134	25222
1564	123	22006
181	134	6960
25357	84	3605
24928	84	22986
2252	43	3779
7987	89	7109
8560	134	3180
6736	134	1664
23826	134	25138
1034	92	22461
4091	134	2608
24896	134	7536
2503	92	8125
21914	134	24590
5966	134	5383
3673	18	4158
2393	134	6289
10001	202	6185
5552	134	6374
9832	134	23047
9528	134	5146
8166	11	3045
3641	123	9935
5775	134	9176
8066	84	23990
3924	95	22259
22755	134	2458
21714	134	3348
4832	88	1138
3403	151	1161
9330	84	22810
9257	134	3667
5674	134	6374
22835	134	21120
1340	79	10404
4938	123	22039
1407	92	24499
6087	134	25190
8425	134	24356
24809	134	5770
24125	79	621
7460	134	766
21652	92	3372
5459	134	585
9498	92	7325
24765	134	3872
1251	107	1400
21545	84	2917
846	92	21120
9924	134	4734
4366	84	23463
2578	134	2446
5925	22	2322
23307	134	443
6774	94	1187
4396	84	1401
10358	183	23549
4571	92	21039
4235	134	8287
9357	92	5735
1092	134	584
23055	107	6185
2981	139	2209
22378	46	4166
22224	134	10136
1935	134	25487
6877	134	4133
7100	134	3180
639	134	3776
876	134	4606
5758	134	9669
10425	134	504
21173	84	9748
8410	134	2572
25401	134	4441
4069	134	4422
5198	24	9734
23513	134	7604
9966	84	25160
4896	166	8505
22436	134	2630
8265	134	6324
8779	134	22245
22829	107	22601
25054	134	23500
1737	134	8071
25477	124	9452
2658	134	2572
21544	134	21523
5313	84	1401
7892	134	2369
6318	134	6226
4960	134	9522
6278	92	25495
21985	19	1401
25367	43	9730
24212	191	4365
8210	84	3959
9410	84	21591
23638	124	5288
25444	92	24881
277	134	8965
21005	134	22458
7448	134	5954
25159	77	24682
4184	107	7742
24303	134	22234
10494	24	22960
22131	107	8380
21978	134	1278
5393	83	3365
24966	134	22461
9833	134	8488
6880	134	6814
21859	84	1496
3861	43	7885
8895	185	4020
21316	84	10249
7688	166	869
304	97	1791
22067	134	443
3849	134	22566
9941	134	4369
1823	134	10136
1717	134	8488
9834	79	7894
2875	134	3958
8308	125	7458
2080	134	442
3330	134	95
6270	92	3273
22801	134	10136
7723	169	23217
8024	134	3372
21072	134	4441
1045	27	7742
5688	134	3958
3536	202	958
1350	84	1401
926	205	8384
23358	24	4649
5341	84	7140
7092	134	2876
1287	134	10308
6266	134	21692
22886	134	95
9171	79	2837
9247	84	2371
21903	23	1904
8386	134	24590
1598	84	7397
3632	23	4634
408	134	2608
4286	84	3170
7928	25	6961
4343	84	1401
1013	149	7771
9618	92	10109
24073	92	4734
1519	181	6415
6303	134	5893
9677	129	6237
23569	134	1576
2080	134	7296
25256	67	4956
25064	123	4426
344	84	1401
9953	65	3268
19	134	4896
23762	134	25110
7097	134	1744
25373	84	23463
660	92	5954
8892	112	9979
24107	134	25138
6701	107	2371
7456	79	8827
22578	134	8226
2045	134	8139
2708	134	21650
24726	134	9532
5325	124	1888
5934	24	24724
5374	134	8920
8028	79	1251
9006	134	2000
22437	134	2544
23612	134	9457
7005	134	3958
5677	84	7397
22604	79	3713
8639	24	7346
24505	131	7882
9263	134	766
24829	134	6807
645	140	3331
8179	134	6226
2623	146	9491
7844	134	5423
4841	84	2917
1337	134	6462
8958	24	25256
23272	134	6994
6937	92	3223
22706	107	1904
1703	92	5845
8199	67	3543
24003	202	4200
22908	134	5068
21252	134	766
6425	134	8387
5583	134	2736
3131	185	7949
25031	134	8226
23651	134	22407
24277	134	8387
2787	134	9065
9912	134	7604
8047	134	21796
5801	146	21816
2187	84	1401
23297	134	21519
9193	134	1576
6897	43	3
10408	134	9532
3764	42	10183
8957	134	6521
23035	134	25487
4704	134	713
5886	134	1576
24183	84	1363
24390	112	713
58	139	756
7043	84	6185
5212	9	21305
3675	92	22235
2685	153	25112
24980	134	23047
21334	90	2209
6200	134	23486
3781	143	2397
23653	134	2149
22667	23	3626
21306	84	22601
8894	24	23159
9746	92	8920
722	84	25160
21353	134	3343
22590	107	9980
5501	134	8828
1110	134	2020
22820	134	1576
25130	31	5712
1964	107	24275
8982	134	7604
1139	84	4634
24335	134	8399
6458	25	5848
2306	205	9021
1276	107	7918
7294	18	25156
6022	134	24590
8952	23	7143
2553	134	22461
25439	67	24402
25092	97	3954
6212	166	3959
21280	164	1766
3742	134	2410
22672	84	8951
7679	92	1931
1883	134	1451
4279	134	4896
9239	52	22601
5710	134	25138
24034	84	3636
867	84	23359
3132	92	1576
1885	84	1904
7101	11	8717
9031	134	22461
24897	134	21570
7541	24	23398
3896	84	3636
4648	134	2843
6419	84	23463
22666	27	2668
1748	46	22378
670	84	22601
241	109	261
21022	24	3896
3339	134	4680
21640	134	22525
24277	134	10136
1714	134	9063
10394	134	5074
2873	134	25222
9248	134	4898
1534	84	1400
2919	24	2710
4016	84	71
5341	134	2320
6145	134	3691
5755	98	3636
5482	134	4282
6735	92	4528
3746	31	10278
1206	92	3786
24129	187	8082
386	134	4189
21283	134	5888
5529	84	9350
4465	134	2346
22155	99	21556
6230	151	24024
25313	134	679
24637	99	5107
23753	134	3572
7092	134	8297
1908	134	10109
515	84	4048
6130	134	805
5178	24	7889
3094	134	21523
23066	134	1272
640	107	3636
24338	134	2621
5470	84	1496
22098	142	3054
10002	134	2809
7234	134	22584
10240	84	23463
5280	134	10109
23993	134	6
5039	134	10430
7800	84	9748
21723	129	22165
4548	134	9615
6242	84	5671
118	134	3872
22589	92	3994
25101	31	4894
197	134	3575
1098	67	24549
9570	74	6704
500	134	22057
251	134	21356
4286	134	25265
10016	134	379
10468	134	10282
1505	134	24624
9538	134	2320
4001	84	21556
1786	42	323
25398	134	21570
4600	84	23950
25286	18	2685
4163	92	7682
9541	24	4540
22101	92	2000
7037	134	5224
3998	134	25138
647	134	5932
10216	84	22405
1426	38	24275
4409	84	7140
7341	107	3959
24420	110	2054
22213	134	2995
7559	84	2371
22813	20	2707
21660	134	21372
24480	134	8488
24192	134	22525
449	134	22235
25410	24	21447
1795	134	3776
5104	134	8920
24637	23	8999
882	134	8431
42	23	1812
23957	134	9991
7637	79	23857
4431	134	2000
7545	134	3410
7216	134	585
10447	99	8391
2757	23	7397
8716	84	3626
5618	134	8340
6155	134	6114
10024	84	4634
24705	92	6114
4555	134	24992
10256	134	2020
1737	134	23118
24821	134	7300
21344	134	5074
2912	107	22405
5829	92	5224
9124	107	9748
23565	134	442
22464	107	8380
22734	134	25110
3959	23	23463
9402	84	23990
3415	92	5383
7114	134	531
8862	134	10371
4050	110	2171
3499	134	6324
25148	84	10385
22657	134	7862
22266	134	4680
7263	23	2328
4779	84	1858
21550	134	23261
21334	6	2209
21835	123	6664
7856	134	1928
1989	134	4417
7639	134	23380
9270	134	4125
7748	23	8999
9833	134	2322
3026	134	25277
3633	205	9879
23689	134	2778
4640	81	21347
21229	134	22309
24196	134	10022
22842	164	6454
4175	84	21427
9015	134	21848
1314	107	21556
21280	164	6803
23672	139	1611
6573	84	6185
6285	15	22954
25485	134	25277
7065	125	4200
25184	134	24448
7176	84	2915
1177	84	4634
7278	134	9471
22572	134	1365
21889	84	25475
4458	134	6374
23815	134	9609
7517	92	8297
23256	134	24408
22287	134	9719
2792	134	3273
5706	92	23859
4395	84	1904
5643	134	2022
1207	134	4680
22550	134	9385
22932	134	21195
2343	134	8734
4733	99	1054
21212	110	7160
4671	134	10430
954	134	4111
4250	18	22980
6552	92	21120
21691	92	22407
24232	84	23463
24518	178	25245
5752	124	22425
3271	84	5272
6440	123	5743
2521	129	3468
4099	84	10166
23140	134	9719
10272	92	3180
23383	107	7742
22521	84	10166
6221	107	2371
3914	41	8209
6707	24	5619
23007	24	2676
8602	134	24819
10161	134	2778
3035	134	22234
25167	92	2894
1449	134	9389
5760	157	22274
1254	134	1928
1216	134	7781
25135	43	5963
25128	79	5347
24559	84	22405
5424	134	6228
6755	92	2000
7284	84	1904
24776	41	3744
5330	142	4373
22293	134	2446
9251	84	4956
21061	134	21912
3723	134	10136
8663	84	2685
731	134	9747
7340	92	10136
3442	92	63
8091	92	10136
23209	84	3959
6283	134	5888
4101	134	10491
24178	134	1605
22925	134	585
22273	92	2020
23993	134	10282
784	27	21235
4409	134	152
838	134	7726
1899	134	23419
8690	134	7872
8423	134	8340
22853	134	8431
6292	134	1743
1355	23	6454
10429	134	9838
2950	123	1214
8727	134	21572
24829	134	2970
2827	92	3958
4210	134	2288
23208	22	2876
3520	134	152
6765	134	6814
22997	134	6814
7853	134	95
3958	9	25459
6166	124	25267
22816	134	5407
23929	185	7742
23653	134	2367
23838	134	2203
24877	134	8687
2961	107	1054
21514	23	23990
3430	134	25138
8522	84	3605
2831	84	23463
2183	22	5904
4922	164	3308
6983	23	1138
1424	92	21195
6370	134	1026
7664	84	1401
22528	24	1570
2806	92	5224
22658	134	8226
10397	84	9350
21487	202	8239
7887	134	3198
23448	134	22583
4119	134	9219
5089	84	23463
25171	23	2371
1902	134	24848
7925	79	23099
9245	134	7604
22394	134	6442
3228	92	9798
22415	134	24624
2423	134	8488
5537	134	2995
67	84	23463
1844	134	3575
5668	21	5250
2124	79	380
24501	134	486
6668	22	7054
8070	134	5074
25422	134	9790
7802	134	24197
665	84	23463
2459	107	8644
10032	134	23539
8938	134	2215
21522	84	24436
6614	134	2215
9924	134	2778
4982	84	6185
2696	134	22407
24198	134	584
10374	11	9363
4798	134	8488
21063	134	9798
24199	134	10430
7831	9	23949
1579	134	9471
24584	134	24179
3660	134	3223
21538	134	1026
23196	134	4680
23279	134	23118
9805	92	25495
22643	139	10319
4084	134	8207
9966	134	5212
3057	134	3180
23772	134	21655
5168	146	3387
3775	92	25487
8742	129	8279
2906	134	8139
22751	134	3273
9683	92	9786
10103	92	63
22998	134	21944
1581	84	3959
9681	134	8106
23968	123	23424
1333	134	9065
24484	99	8380
5009	129	10201
24404	134	23280
3050	11	5391
21816	84	3636
7061	134	8965
6857	134	21655
3119	84	6780
564	134	4734
21297	84	23341
3326	134	7604
4560	134	10430
24043	134	6716
4482	110	24644
8669	92	8297
10161	134	10109
3057	134	9719
24694	134	23266
24723	25	21215
5652	134	7570
1586	38	8844
8877	79	5143
24929	134	3958
6687	23	1400
5712	38	4927
4668	24	21177
9487	124	5405
8624	52	1966
5481	134	766
717	185	6582
3357	134	3281
9445	134	24848
22352	79	23464
1508	23	10166
2528	92	21120
23204	84	666
21277	18	3191
1226	79	2610
25443	103	7397
5431	24	2389
23489	84	4443
23969	151	8335
9112	134	439
2910	43	9384
5192	92	23913
9146	124	89
352	134	2203
4300	134	1365
6546	92	531
571	92	3872
8671	134	8387
22829	172	24402
21074	134	2995
851	134	7568
1577	134	2000
9832	134	10109
7026	190	10204
5478	92	4339
24782	157	3636
21659	95	1138
24677	134	10022
2994	84	23860
1959	134	2022
9721	134	9522
24972	92	23179
4244	84	9748
1803	121	22823
8873	92	6639
935	84	3959
8935	134	22057
6011	43	5348
2496	92	3372
7542	23	8050
7883	84	24402
5475	134	3223
2048	200	9118
21455	84	9748
8032	84	10310
803	134	679
21650	118	6899
22844	134	2776
24474	134	4133
10403	99	10111
1544	92	5770
588	21	4088
24744	134	22683
9674	84	1402
5003	134	8965
4551	134	24992
10462	160	94
711	84	2596
10170	134	3575
2842	139	5855
22343	92	2876
2219	134	24826
6406	25	6961
6129	134	10136
10027	134	4133
7513	124	6136
6939	89	7823
7831	112	7805
23672	110	1611
4156	134	4606
21133	92	23047
3437	41	4057
3718	134	5992
22837	142	5018
5168	146	7067
3095	92	21572
2930	134	7604
21459	134	5224
5934	187	21324
22558	28	8551
960	134	5244
23810	134	4133
22360	134	24819
2429	84	8380
9902	134	3372
3527	134	21570
25420	134	8340
1241	134	23089
7544	84	3791
4581	92	8728
739	134	21496
7532	92	21120
4603	31	5377
882	92	6860
3536	202	6454
9416	136	2213
609	84	9748
21656	134	6228
22623	134	10430
9971	84	9350
5713	20	2707
5805	67	4158
6080	24	21507
6793	134	22583
3485	134	23266
5530	24	2438
8509	134	6814
810	54	2589
6711	107	9748
8911	134	22838
7733	134	6228
6739	22	24590
9976	79	1672
5487	92	23441
4551	84	1051
940	134	24356
1380	89	7823
9842	134	10430
1232	24	22422
3640	134	4422
9715	59	2983
22933	11	1882
21965	134	4680
23493	185	1397
21686	21	7694
10048	134	8965
5894	80	2620
22454	92	3223
4823	134	22753
3156	134	22234
23678	134	1744
785	92	23831
5081	134	1928
24050	134	585
22272	107	1054
24942	134	10136
8907	79	21665
2465	112	6884
8033	92	8431
9592	89	2549
5070	134	4299
1688	92	3372
236	84	21458
5722	134	7781
21655	166	10255
1003	92	4282
385	134	25495
7654	134	1576
7062	134	6814
3942	134	24796
22195	134	9061
21934	134	7151
23987	124	22393
21438	25	8512
7263	82	8084
24340	23	6933
85	107	9467
2124	163	5730
1312	92	2530
5324	139	21416
23703	92	1684
31	184	22558
5743	89	2025
3467	79	1874
7427	107	1401
23662	23	22601
6055	164	24931
2822	134	10136
3202	23	23860
4554	21	683
9200	92	10136
5537	134	230
1196	84	3636
24374	84	7397
2240	134	23765
6727	134	22234
7679	134	21650
2062	134	1576
5950	166	4840
7613	92	3786
3520	134	1664
1165	107	1401
8170	134	7992
10160	92	23578
21783	173	4524
295	84	3626
7392	84	3959
22110	134	4575
3406	134	10051
4757	125	7742
85	107	8708
10104	134	23266
22617	134	3273
21956	23	22575
21473	84	1496
3974	134	21356
197	134	9522
4780	134	23441
9786	166	4207
5913	134	10136
8163	134	9790
781	79	6177
8820	134	6324
9169	84	21436
9389	166	24671
3056	134	22583
6719	131	3220
22264	134	8071
23467	134	3281
8374	84	4158
9940	134	7682
8791	21	5545
3744	107	961
7153	134	5065
5706	134	22230
7175	97	3109
7672	134	2162
1463	134	4575
3904	84	23463
3158	107	23463
2868	134	6442
25395	107	21898
21551	134	766
4939	134	4125
5056	84	2371
1885	92	6381
6483	134	502
4220	134	3281
23439	23	22980
1521	134	1744
23536	84	1401
21883	134	713
21833	134	3343
800	134	25138
22861	134	9063
25285	41	3021
21660	84	24364
23234	107	8401
2949	134	3466
4249	134	21122
5682	134	10051
3090	134	8387
3936	89	25114
22882	134	21520
2227	134	9389
22931	92	22447
9277	134	5992
3610	75	2554
24822	84	10166
9784	191	22575
10008	107	4634
10153	134	5227
4307	134	587
1783	134	2000
4888	134	398
5264	134	23394
21296	134	22234
790	134	9522
8070	134	3575
6605	134	95
9356	84	961
4089	164	1297
10260	92	21489
1565	134	4133
1768	134	23047
8265	134	2736
1414	134	24101
21399	84	6185
5373	92	1365
3456	134	4680
23750	134	679
21383	41	24615
2016	134	22407
2375	134	2608
5935	12	8572
7943	97	10106
2050	107	1138
7889	79	5178
1862	92	21523
7976	134	5590
4934	84	1401
21831	107	22274
6957	125	8999
993	134	3965
2262	134	5992
443	9	23307
24027	84	2685
5881	30	1905
21201	134	25138
24174	134	24826
4933	134	5197
10314	134	22490
24615	41	701
1541	134	6814
5849	134	2559
6604	43	8816
959	110	3006
3700	134	6958
3934	161	25477
2763	146	7551
812	134	24634
1551	134	22461
2870	134	4417
9360	107	23846
9634	134	7604
2966	134	21520
22442	134	9492
2043	148	6345
23378	134	8297
4743	89	2892
23092	134	1928
8531	84	5671
24979	84	7397
22162	134	24826
1103	124	4450
21706	9	2165
24863	52	7397
24091	23	8384
5946	134	22838
3615	134	4734
3089	23	8999
8209	24	4729
23227	134	24154
23141	134	10051
9940	134	9061
22741	134	10051
3630	92	8835
24875	134	142
10050	146	1158
1240	134	24908
22333	134	22490
22009	134	22525
6172	124	7685
8877	107	10166
7712	166	21850
5123	134	24624
4582	92	3281
3930	23	5675
6341	134	21496
8098	125	7742
24956	134	6639
22463	20	2707
10147	134	6374
3820	24	23883
938	84	1004
1523	131	7033
9323	20	7302
6060	84	10166
7749	134	4111
23293	67	5671
24082	75	924
7457	134	2320
7867	89	2209
2302	52	22601
5952	134	4157
23535	107	1054
10013	84	24518
23473	107	23701
22455	134	3534
24397	134	5845
10490	84	1051
21141	134	10136
24943	84	23463
8056	134	6289
24129	107	958
4430	124	1874
3370	24	3230
23876	51	4924
21295	134	21912
1725	134	21356
1	134	23578
6183	84	7566
5087	84	23811
24760	134	5074
6113	134	3958
23235	43	24910
3601	134	6814
6242	134	23578
1779	134	23261
10321	41	21510
24187	79	25267
5772	39	4255
1250	84	23860
6874	84	71
313	134	766
8712	84	23463
24283	134	2778
24774	107	2685
21252	134	7604
4371	123	8715
3925	84	5977
21067	134	24197
7920	185	24383
23385	134	8139
6455	6	1244
22276	134	5992
3683	134	7325
9445	134	10109
24365	134	9669
8018	67	7397
5163	84	25160
7514	142	261
24094	139	9630
22888	24	757
2451	164	9879
1147	129	8365
21238	134	10430
21253	129	24977
6057	89	25104
1035	123	1960
6064	84	5565
22433	25	25112
8441	134	7726
6832	134	6442
23434	84	2685
3880	134	23686
9001	134	24590
3082	134	23047
21208	134	2876
2528	92	1743
21521	134	9615
6129	134	24356
597	79	6225
2292	194	895
3716	24	9311
3239	134	7570
1523	79	6432
2979	110	5276
8419	25	6579
10082	134	766
3231	84	10166
217	134	2346
23517	79	7650
3751	134	7325
23278	97	6741
3427	84	1138
2074	107	4158
3885	134	23344
22957	134	5093
21975	92	10308
8826	92	4693
9744	134	3691
22202	107	4365
21578	134	584
23616	134	2876
942	134	8042
25108	92	21650
4270	134	4807
7998	182	7998
7679	134	2243
23189	202	22601
1619	134	3776
8774	92	4992
5133	134	24766
4602	134	21284
10441	134	1576
8383	22	24555
25322	134	24590
8055	123	23900
22711	84	2668
1269	134	2410
22437	84	5493
3812	134	3958
1265	134	4299
22033	79	23159
5742	146	21659
22244	134	6289
8710	68	1904
21492	134	1827
9608	146	5984
23092	134	4076
8167	134	5273
25141	27	8384
24207	92	21039
10024	107	4634
2090	84	23375
22073	24	21359
21741	92	6960
22730	134	21912
1760	134	5932
2764	164	22139
23128	79	7211
6434	84	2371
22028	92	679
21565	143	4106
1687	134	21912
1003	92	713
21277	84	3191
1799	38	885
23196	134	2000
4819	134	23280
25344	84	7140
1770	134	2428
6875	134	5068
10444	134	8226
2278	134	2000
22197	134	4271
2775	92	4111
7876	84	23846
22476	92	24826
7340	84	9350
24075	134	5888
7449	134	10282
3547	84	7397
23688	84	3959
6746	134	8226
1517	79	25063
21601	134	9522
9143	134	9838
9300	129	4632
943	84	22980
707	92	4680
6769	38	25156
21296	134	21356
25331	92	9176
6453	134	502
10214	134	6324
7156	84	22601
24372	8	530
1606	99	2685
231	134	3872
3558	134	21195
7622	134	21120
9751	134	22525
1003	107	9350
4563	134	2215
24864	31	24262
24276	134	9219
24242	92	2530
8296	84	24402
8868	134	6381
24468	21	25100
8349	134	8431
21774	134	3958
2016	134	4271
23830	107	5854
23766	24	2937
23968	89	9250
9749	131	8201
5962	23	22980
9853	43	24503
7741	84	23953
10221	23	1138
3234	84	107
21751	134	3343
22203	134	25390
7691	134	24624
24813	134	10136
9043	134	24819
1715	84	7397
25194	84	23562
5543	134	2621
10298	134	5735
22893	134	1576
22158	134	6814
1086	92	9385
2394	134	2410
7241	134	21496
7401	84	5565
10386	43	5460
102	134	5212
9978	25	9780
22314	134	21496
3484	92	1234
22479	134	21912
7897	124	24416
5545	24	123
4851	8	3554
23365	84	1401
4739	84	7314
1219	134	2457
1088	134	3180
10319	65	6499
24503	123	9853
3216	124	8827
23031	134	6462
1260	61	22613
4309	134	10109
23222	134	7554
6145	84	23463
24512	99	24402
23152	134	9532
22787	134	24197
22761	134	8297
21059	134	10051
2098	134	4917
3571	40	3945
8577	134	24071
23425	134	24356
2275	107	646
6051	134	8399
8251	134	6814
6924	134	2778
24026	84	5671
7333	92	2320
3972	134	3701
1688	92	22234
6401	134	1286
22071	202	3543
21112	24	3080
7584	84	5671
4100	134	9236
3322	79	25165
3659	22	7862
9652	79	23861
21803	134	9176
6556	134	10474
9323	52	1401
21329	134	9385
24508	23	8239
7223	134	3958
8416	121	22823
25256	201	22514
22139	25	2764
8610	25	6961
8091	92	24356
22287	134	5992
3147	24	22008
3533	31	4275
25432	89	22517
6339	134	7717
56	24	9482
24740	151	24991
21723	11	22165
10180	92	7852
3369	84	39
1245	79	22136
24657	134	4422
2017	92	23765
7315	134	5068
21048	107	8235
23152	92	9719
5789	38	10151
4981	131	24609
23260	123	2950
8887	84	7397
5112	79	22364
23537	84	1054
9486	24	8917
24872	134	4076
5619	103	2685
611	146	24921
5550	134	8340
7724	134	23765
5031	157	3636
4811	134	3872
23267	134	6324
24894	134	24624
770	84	23375
6757	164	5915
4545	107	3636
2522	84	23463
8473	134	95
2984	134	1991
21966	151	9648
6120	134	6960
3324	92	7604
10232	23	1401
1087	134	24356
5652	134	3223
3453	134	23831
7388	134	9928
10373	134	4355
3838	134	23913
7112	25	22344
8052	134	23111
10216	134	10022
99	134	9404
1495	24	1423
24907	79	5519
2269	191	7397
3244	18	8708
25309	134	5212
9136	134	3408
9012	99	7397
22509	24	2622
6741	21	6256
22506	205	2917
4670	134	2320
9056	43	9588
5169	70	8360
5492	162	22301
6271	134	8635
10107	140	3331
7370	134	23578
22529	138	5107
25489	134	5932
5620	134	2885
1212	134	3281
7716	107	22980
5353	21	6169
3552	134	9909
8681	134	24179
24478	107	10166
10388	134	5845
1043	79	22297
22918	25	21280
7120	129	4901
1569	84	1108
22752	134	3958
1188	134	6289
1374	84	4158
6658	205	1904
23723	134	5224
4057	24	24542
9431	134	4028
9675	134	9061
5865	27	22139
6135	84	23463
5078	134	23266
21688	134	3372
24580	134	4528
23196	134	5590
1075	24	21646
25012	134	9385
21269	134	22830
24782	110	10319
21568	134	21356
22493	98	1138
24661	134	95
24905	202	4634
7080	134	22525
336	41	7632
10126	23	22601
22273	84	2917
24502	84	8793
22585	134	6324
22394	134	21854
23567	92	5770
1265	134	7054
9593	134	9236
6354	134	10051
799	134	1576
22595	92	1605
4678	84	2328
23170	134	8920
9252	99	1401
7582	92	432
10478	84	1402
23931	134	10430
8908	134	1684
22019	134	2458
5209	84	10166
7434	84	23990
1518	134	9176
671	84	2371
1862	92	1664
6666	202	1401
4518	107	1401
8268	134	2458
1758	135	4634
183	134	6226
24699	129	7493
8704	92	22584
5504	84	24402
3369	134	8297
6971	134	10136
9009	43	5028
7863	89	22144
1804	134	5971
6395	134	8828
1643	92	1991
21532	134	2458
7578	79	24720
24909	134	22407
2396	134	3273
1789	89	21212
1969	84	2917
21337	107	1054
24587	134	21039
9574	23	21843
3275	92	5065
3030	134	9532
1612	43	4809
24480	134	9065
24349	84	1496
9856	79	5412
8865	123	479
3860	134	8965
10084	23	6185
6789	20	7412
6708	112	2970
10489	43	21442
295	84	25311
21187	202	22980
1202	194	24145
9317	92	25390
5049	134	2876
9414	134	1576
6530	134	106
24392	134	7021
10160	134	7438
8792	92	5197
1790	84	9748
24540	134	2377
21363	139	1597
21015	134	22461
10	107	1079
2789	134	9471
1267	134	9492
22031	134	8488
7357	92	9615
1508	181	1794
265	38	4970
22435	151	8335
878	134	8077
4180	123	21091
21809	23	22601
25288	134	23344
22367	134	2970
2534	23	7397
746	134	2346
1158	107	3636
5290	89	1597
6664	89	22144
4309	134	6960
5661	191	4365
3124	84	7397
22369	84	2371
24632	134	24590
4979	134	1861
7012	84	1401
22631	134	9532
21726	134	2000
1703	134	2203
706	84	23463
24476	134	25190
4444	134	9385
21573	134	9135
4457	134	25277
21508	9	8559
1171	107	1401
22912	84	7314
9497	67	10166
25025	129	8529
22464	107	9350
24202	134	8488
4702	134	22584
24995	134	6324
1065	134	9176
8249	38	22591
9918	92	4992
9054	79	24379
3629	134	3965
23242	134	21570
6156	89	9468
649	134	21041
3046	185	8295
1588	134	5224
5335	34	764
9755	134	4896
1355	0	10083
1792	129	22351
4311	134	9838
22833	205	2596
25400	43	8782
7882	24	24189
4071	129	5165
3564	27	8999
84	134	1928
6846	134	10294
2328	153	5848
1519	23	22980
6277	84	6185
9896	92	21570
5605	134	3343
4515	134	21572
21980	134	6226
7459	134	8965
22240	84	9748
3988	134	10474
21376	84	3626
3035	134	3575
2108	134	2621
8936	134	22235
21703	84	1138
6524	134	24848
2942	84	1400
23706	92	3180
4418	22	23819
21800	111	24608
24007	84	2739
22732	84	1079
1953	25	8006
24880	92	10308
4236	134	10051
24331	84	6311
1992	124	1526
5651	84	1401
7552	24	9949
22614	129	6812
6324	9	22360
25248	134	22583
21490	107	1401
390	185	7065
7174	134	23259
21328	84	1108
2355	134	21796
4446	92	2970
1126	134	2458
1066	134	6851
23131	166	23463
7444	134	9385
3668	134	1744
22800	92	6212
6271	134	9790
9186	134	3343
24847	24	9783
6621	134	7624
4984	92	6228
3423	134	5735
9405	134	21520
1778	134	3572
22390	166	23924
1697	25	2036
8937	134	6745
5372	134	24796
4432	134	21039
9078	90	22894
22678	131	21083
9780	164	1904
2310	84	961
2208	18	4365
1401	25	22344
4608	134	21039
6000	166	5127
10326	92	24918
452	134	5950
9630	157	3636
21246	134	398
5813	134	8828
8688	43	1945
519	134	2000
298	84	2739
8628	134	1743
120	134	21039
24186	84	23811
23236	134	6639
9347	134	2584
10216	134	4589
23433	109	1079
8630	134	4422
8493	146	3780
2010	84	1079
2378	92	8139
24621	107	9305
10376	134	9719
2015	92	22584
9571	18	22817
5117	134	4111
4414	134	95
23480	84	23463
9439	84	3959
2019	92	3958
21870	134	3273
25397	84	5671
9669	9	7848
25222	166	8231
24491	84	9121
620	42	5884
8699	107	8239
2900	134	2736
3383	164	2365
7859	134	9669
4615	92	22057
133	84	2739
9438	134	23118
2648	84	7397
4332	134	3198
6957	202	9380
24287	27	1401
21647	134	21912
9786	9	904
9300	43	9033
1082	99	25160
845	134	3273
21578	134	2736
3749	84	1401
22192	23	6454
7613	134	22584
1948	23	9748
6088	92	6814
9570	185	8308
8341	134	9385
22302	134	24356
5073	153	8006
6851	166	23371
25236	89	8371
8366	134	23111
4391	24	863
2516	107	3626
2290	185	23438
21472	134	1774
6543	134	3432
21004	43	10421
5260	107	3626
7738	84	1904
353	134	22584
1301	134	432
23943	134	9615
9558	23	24402
1502	92	8139
1951	129	23634
21491	134	2776
21392	134	10072
3796	134	8340
24482	84	2371
2767	123	25486
479	43	8865
9903	79	23489
9541	79	4524
3585	107	2365
1598	134	1278
6944	124	21687
2580	134	23131
348	84	8380
24679	98	4634
1653	134	21650
6977	84	4158
9784	191	23751
4181	84	9466
7822	84	23990
314	134	766
22978	177	8984
23877	134	2428
8363	24	4593
9464	84	2685
3014	129	8160
23183	134	5068
2961	79	2946
3074	9	3071
1505	134	5224
2327	84	23465
25339	134	95
920	134	10109
3200	84	1904
3171	134	4076
3648	84	23990
8096	134	4111
22293	134	276
23096	23	7314
7967	100	8298
5748	134	504
10171	201	23339
2555	134	1234
23057	134	24590
393	46	21064
6394	79	4449
6881	134	2458
21406	84	24723
5088	134	5561
24604	123	7289
1849	123	23862
24394	23	2371
7913	89	3006
6549	27	7397
6481	134	25222
3262	134	8310
2558	134	23578
23665	163	6837
10220	134	25277
7661	134	21572
5883	134	2876
23285	123	23207
8522	134	2876
3998	134	3281
4344	54	9788
7286	164	21235
10453	161	10046
3764	184	3488
6631	134	7536
9031	134	24624
6544	84	2739
3993	43	5580
1793	84	3626
22482	92	21944
9010	134	1797
1837	134	25110
24444	134	25192
22849	134	22495
10349	134	4469
3090	92	23179
21955	92	23266
3898	134	7781
2403	84	2685
6092	107	7011
22034	9	10028
169	124	5574
23317	84	2371
23797	134	3273
445	22	2149
9711	134	4734
9231	84	3543
9927	84	1401
9265	84	869
23741	134	4680
21054	134	6800
8571	108	1716
7436	134	23047
2446	9	1886
7327	155	5206
5830	92	5992
24261	134	2428
24013	22	24999
25164	84	23389
8002	114	7245
23879	134	1576
24267	92	9492
1842	92	6228
21090	134	2995
21618	134	2621
1168	134	9065
10171	79	3179
22741	134	504
23698	84	4875
9188	89	8829
5843	134	8139
982	134	8965
785	134	23266
349	84	7742
9144	139	4686
24536	134	4111
5098	84	23463
22416	52	22601
23029	134	23131
1106	31	265
7839	2	1966
6079	134	24356
3812	134	3372
8075	134	8431
23203	134	23765
21688	134	25192
5093	9	22957
23705	134	4111
24067	107	2917
23158	84	2371
22516	134	9385
24079	134	3088
9117	134	4205
21318	166	23953
22426	124	5339
912	23	1138
2458	9	1126
4162	23	3543
5373	134	1365
1115	134	2465
5915	153	6961
9689	134	766
3038	134	2215
9620	134	1911
9309	79	7375
24447	84	296
7714	84	6915
10359	134	6165
24206	134	8828
4529	205	296
3376	134	5146
8735	134	10055
24233	134	6521
3745	134	23578
5495	134	9952
24905	185	21235
24516	92	486
3368	134	10136
2106	190	2106
7814	84	22139
21407	92	7536
3581	135	7143
3483	107	1904
23428	123	7619
10433	134	21570
24958	84	23463
9057	202	21235
21530	31	3402
3443	23	22980
21400	134	2970
2364	134	7604
767	134	4680
5777	134	24826
4387	134	8030
68	134	2458
4646	134	21912
1482	134	7135
5414	134	24634
8850	134	7135
1293	134	23179
2495	92	2199
3997	134	9385
21899	134	25192
23689	134	9798
22632	134	8297
7977	134	6639
8514	84	8380
6323	134	9236
2700	134	21489
23946	134	486
5335	34	2132
5861	47	22601
6660	84	9748
22413	134	766
8037	125	7143
9400	92	22781
6964	134	10108
8288	134	486
21189	92	4076
10317	134	2215
181	134	6639
6018	24	5182
24749	84	7397
10358	121	22823
23450	134	10252
6727	134	4734
23287	43	4759
7908	134	8207
4012	134	3223
24793	92	23280
7484	134	4606
21037	134	4417
22789	134	1928
7239	164	9858
8648	134	10325
4993	134	7492
5285	129	3655
8789	134	805
7623	134	10109
10055	166	23271
6238	92	6324
8023	9	10032
5469	107	23463
1569	134	4575
960	134	23179
23951	84	399
9450	134	8197
24353	121	22823
1616	43	5223
2552	23	23860
1711	134	4734
1029	134	8920
22182	84	10166
3463	161	3658
1313	92	180
8059	205	22929
5460	123	10386
8037	184	21187
4428	84	23860
23824	163	21486
24445	134	5224
23895	59	2983
8842	134	8340
2722	134	24965
23630	79	4521
3829	23	23671
22619	134	24448
10341	134	5244
1011	134	23765
4675	124	2472
2211	79	6660
24274	134	4528
23937	134	7862
1460	84	2917
2419	134	10308
9805	134	22234
776	84	25011
6229	134	22057
6091	134	4417
25076	134	1700
9160	134	10109
2298	84	1496
3128	134	2012
9676	84	2685
4391	169	6593
4045	166	5447
22872	134	5845
22467	134	585
3417	6	773
2790	134	9798
21086	109	1054
4971	142	7566
2402	92	5212
8222	25	8006
3580	191	6933
1777	134	23765
21740	163	23107
9035	84	22601
2918	107	1401
1681	15	23028
21424	140	506
1222	146	7683
538	134	24356
21978	134	5197
6077	139	9338
24288	134	22869
24942	134	2876
491	92	5769
23974	134	4807
2856	107	1054
629	84	1904
1706	134	1234
3804	84	9748
181	134	8494
4801	134	23111
8649	18	23860
2539	134	2000
21140	205	7397
24941	134	3180
4812	134	9135
1926	134	142
4487	84	961
22589	92	23344
4806	107	3636
3243	134	584
9635	134	3180
6210	92	5068
25028	134	2876
1409	134	3575
5665	134	2410
7774	84	2371
24906	134	7604
24614	134	9522
21416	139	2852
21015	134	22869
23726	134	4111
2502	84	3626
22591	31	8249
4674	142	8100
24893	23	1401
23181	43	5285
24157	134	8297
24759	92	3432
1536	24	5957
6479	22	21655
6945	134	2020
8789	134	24901
7784	92	8920
3774	134	25487
515	134	2778
22938	84	1401
277	134	6226
1604	134	5735
4670	134	25138
1028	92	95
2960	205	1138
7884	134	1311
3645	84	23990
7298	79	176
202	123	7673
23056	134	23261
2670	123	3936
2657	134	3534
149	134	9669
7334	134	1928
24176	92	9065
10060	84	1054
10345	134	9219
3838	134	2000
1364	134	6392
323	23	9748
22218	123	4013
833	134	25138
7629	79	2301
7614	134	9684
9890	193	23494
24504	134	6639
21652	92	22234
337	134	4734
1502	92	5769
9038	184	21884
4955	107	24376
23712	134	21572
9283	134	5068
1358	134	10136
6071	134	23047
4276	5	6245
497	134	24826
24811	124	9951
7533	134	3372
22889	79	10295
7595	99	21235
21304	134	432
22190	134	7604
4353	134	22474
7089	134	9065
24353	40	3091
25422	84	22601
1755	110	24552
10479	134	6324
293	92	21655
5070	134	24071
2441	84	1650
4963	134	5770
6852	23	22601
137	76	90
25355	84	3636
3263	84	8951
7471	37	5418
6956	54	3237
3858	134	8340
25175	92	95
24977	139	2122
22905	38	8424
25035	25	5848
3918	134	4606
22321	11	10437
3484	134	21572
3133	27	7143
21832	23	22601
8628	134	21974
22537	134	1311
7070	134	21284
8567	134	5954
8500	67	23950
7724	134	2876
24154	9	2634
22480	134	22407
4386	134	9719
7889	41	820
22569	31	7040
21565	143	22746
3006	139	2979
23556	98	3636
9921	92	9719
6705	23	23990
23277	84	7140
24791	134	3343
23881	84	7397
21214	134	7604
9632	84	24723
6299	131	6080
7849	92	23831
5822	84	7742
7367	52	2353
24138	134	6226
23668	124	5623
4549	134	10371
8409	84	7397
725	134	95
2216	134	21699
6312	79	1075
23539	166	10150
23769	134	22059
10152	107	1603
2463	134	443
2544	166	3626
7405	134	354
4532	99	3959
4492	134	2428
7078	146	4064
23583	134	9719
5192	134	24766
4104	23	5565
3023	23	3543
22948	92	24185
9976	41	3032
22762	79	2946
21002	134	1664
3277	84	9748
1595	84	3959
9418	164	4754
8159	134	22461
7793	134	22230
6718	24	6411
4826	84	23463
4439	84	3636
23922	79	8981
23797	134	9065
5222	134	5244
9635	134	2572
9230	84	22274
10009	92	24409
1239	134	8863
21618	134	439
3142	134	4896
10416	134	95
389	84	2371
1392	43	24951
22543	23	1401
4816	124	22481
4474	134	21848
6438	134	8297
6029	134	24409
4355	9	7312
7186	107	1496
4432	134	24115
7848	134	9669
21396	84	6831
10002	84	6185
23617	134	6114
22446	134	9790
3080	79	21112
21236	184	22192
21186	125	5671
4996	24	8162
7253	98	3636
6250	134	182
21931	107	2685
25328	124	9087
3828	92	4346
5710	134	23831
4546	92	5932
2136	89	1597
1558	88	3533
4097	134	23607
5066	134	9532
10461	123	21858
1420	107	3959
2130	134	10430
629	134	21944
4735	92	4282
3759	84	23950
23905	84	4956
24297	134	3958
7064	107	10166
6575	134	23047
5753	52	1401
1516	67	296
21505	166	6887
7373	107	24402
9588	123	9056
24488	134	10045
21477	92	2995
1141	134	24881
21818	134	6324
4179	90	24146
7792	134	3410
23837	79	10369
23469	134	6374
21484	142	21375
3972	134	8125
25235	134	1928
25493	114	1200
216	154	2858
22246	134	3872
140	134	21520
9508	92	10051
2351	134	7992
9694	134	10109
10477	134	486
1642	134	6226
4895	134	6814
21997	89	7823
23057	134	23859
978	134	23913
4253	24	2661
3032	41	9837
69	134	9615
8854	134	7604
3247	134	3410
7490	134	10308
23957	134	4111
21546	84	2685
3118	134	2776
23440	134	5212
5703	113	111
3784	134	379
25312	134	21356
8266	18	2917
6808	92	7570
2856	84	4365
3442	134	585
23203	134	6442
3754	134	2000
23317	134	2621
8949	125	3626
21054	134	7135
5732	84	9748
22325	134	10430
4397	92	63
21843	25	6416
1943	85	1438
2583	134	2876
4117	124	1344
25394	134	21356
5103	134	7151
5956	134	3958
21064	23	22601
10124	134	10308
9499	134	25487
1672	79	9976
6859	134	6800
8102	84	3626
615	134	5197
8898	134	4807
8674	134	9952
1330	24	9241
4074	134	7135
22610	84	1401
5293	134	1315
23380	166	24402
7061	134	21520
9248	134	7534
9449	134	25190
25406	134	21944
5741	23	1138
23520	22	2559
24375	32	2911
23335	134	4496
5480	10	7042
9099	134	10136
23946	134	22340
9585	134	7326
7907	124	23984
21558	134	22525
21950	92	23419
1528	84	2685
4895	134	10294
7392	134	1372
9167	134	21039
22576	24	6818
8684	134	2320
24972	134	21489
7500	134	7135
21704	84	8151
2114	123	255
423	134	23607
9428	134	24848
21038	5	4924
8719	79	10013
5284	92	21120
8035	134	22461
624	23	1401
1462	134	24438
3975	134	1278
8092	134	5407
9618	92	1311
1517	107	7397
22422	24	1336
22774	134	9790
147	84	9748
5836	89	7493
6996	134	24881
6775	134	3872
22007	134	24624
3440	92	23486
25027	129	2716
1131	84	9021
2393	134	6994
6819	131	24251
21793	84	1401
1508	84	1054
5333	134	21572
2673	31	91
10137	31	1461
747	164	958
710	134	3223
6640	84	5671
21453	134	4355
3977	23	8050
6688	134	24387
4363	84	23463
21658	134	3223
3325	84	23860
4886	123	10040
198	134	3281
7645	107	25419
1482	134	6800
3777	84	4454
798	134	2000
4605	79	22506
22696	134	23578
1622	134	3701
4695	134	7536
5473	92	1827
5426	84	4634
6007	134	25222
24134	84	8380
2874	84	2739
7535	134	22407
21502	134	1744
5686	23	22601
25404	98	9583
3195	134	23047
22562	134	9798
25114	65	6613
2154	38	23392
25269	179	1401
23837	84	10166
21396	134	9176
5152	134	22583
1236	107	296
22121	84	9479
1878	134	3958
10363	134	5770
23777	134	8828
3761	41	6445
22769	134	95
1864	134	95
4662	134	2410
6318	92	8297
2742	134	3466
6328	68	9858
9037	134	8297
24180	134	1365
1567	134	23486
4135	134	25106
5517	134	7717
7276	134	1576
9282	134	9135
9347	134	24499
10325	9	21441
9577	134	22235
25239	134	5770
6283	92	5770
21488	134	2544
5777	134	22407
22420	134	5845
1812	153	22483
24177	107	1054
3483	84	1904
4224	134	4417
23828	43	894
5097	134	1576
7394	134	23831
9737	134	25265
21957	67	5671
6058	134	9065
9811	134	24409
8221	24	25078
9938	134	9532
3482	84	22929
5682	134	2572
6886	84	3959
210	79	9309
6082	134	25222
7635	134	24570
5500	134	1234
5199	24	1488
10042	134	432
7127	134	8226
3282	84	8050
23210	92	24352
2759	134	21912
10174	84	24402
24175	90	9013
21068	134	3701
8740	84	1108
4887	134	10051
23274	23	7397
23389	153	8006
9292	41	781
9836	134	24356
24644	139	2359
23676	134	9928
5050	84	25311
1968	134	8297
5918	84	23990
1839	84	6803
23796	134	5735
21757	134	4125
2148	89	2979
9172	134	1861
2947	84	1054
7665	134	5590
8348	92	2889
6160	92	24356
21502	134	22407
3486	134	5590
5981	134	21572
8971	134	9061
21824	43	9779
1008	134	713
616	134	585
112	84	1054
4118	31	1379
9861	134	4680
3950	134	9492
24548	134	22057
5208	84	3543
5015	18	7143
3035	134	5770
22775	166	23465
22778	31	22913
10127	92	8828
4107	134	22407
9721	134	2320
7607	34	686
8453	84	4594
25251	134	21519
22640	23	23860
24176	134	6814
9432	134	23111
24276	92	1931
3334	92	2572
4110	24	8339
5949	134	1576
1773	134	9952
24426	23	22601
10253	84	6185
22207	134	4883
25391	134	2465
3787	134	24965
21973	84	5671
21754	134	3223
9817	134	3691
24738	79	3869
5125	92	3958
21365	134	8226
4365	73	1054
1949	129	8335
7009	18	6311
9767	107	7143
2789	134	8748
21783	79	6312
21170	79	22879
9834	158	9159
1594	134	25110
4275	38	3533
2038	134	9492
4207	22	8077
8602	134	3786
4383	18	22980
6384	27	4634
24386	146	4579
24622	23	7143
22433	25	2225
24232	134	5068
23363	134	9176
7347	84	23389
3945	119	23990
58	139	3006
22593	134	8297
5184	134	9065
3729	107	9748
3121	43	2521
4677	134	4189
23882	79	2078
21586	123	7133
4123	84	23860
1235	24	23229
1501	134	9798
24005	134	9790
5503	134	22407
10199	134	3965
3197	134	7624
8274	134	9135
6313	107	296
6502	148	3205
181	134	3223
6391	134	2970
4334	134	679
10169	84	23463
1882	139	3268
1759	134	8042
1319	84	6185
1118	22	2000
1896	134	5065
2303	67	1401
23777	134	9798
1429	92	21041
23004	134	3575
4835	84	3959
653	84	6185
2745	84	8380
1440	129	4686
25495	166	3441
2931	23	7458
6802	43	6836
2212	164	21641
24318	134	8687
21654	84	5671
24067	107	3626
4801	134	10109
24303	134	24826
2972	38	10346
3417	129	4901
6640	134	23578
6752	41	24162
8473	134	9719
7991	84	1051
21346	79	25213
6169	107	10166
10488	134	3534
6499	110	10319
6618	84	4158
21127	134	504
23161	134	23295
3129	134	6639
7592	134	24590
25447	107	1401
1192	129	6151
3020	134	21692
23624	9	8081
22222	92	3872
4522	84	1401
5491	84	5671
1602	43	1107
5056	134	152
10429	134	9790
7993	84	23463
8890	134	6289
21343	134	5648
7175	97	2244
130	79	5437
22455	134	22525
395	134	24881
24701	134	7135
1924	92	7781
10092	107	9748
3862	134	4271
21312	134	1664
22659	92	8431
21188	84	1496
5654	134	21356
24649	134	3958
21812	134	230
24520	134	8125
5547	134	8139
24198	84	5671
4323	151	23961
24590	166	6739
791	134	5893
21991	134	1311
24090	84	3959
22414	134	22474
22959	84	24723
5962	181	2132
21915	84	5565
910	134	7135
7373	79	9218
24004	134	22235
22381	134	8125
7012	107	1401
21598	134	22683
24036	107	3959
9936	84	1496
10389	84	3959
25339	134	766
21089	129	7593
2337	84	6731
8164	134	6228
5553	123	9595
4729	79	21383
4340	134	2970
10071	134	379
1079	145	6125
1690	23	1401
5428	79	1292
22578	134	25110
6970	92	21912
4343	134	95
7385	134	486
9826	134	3088
9057	185	21500
7161	134	3281
7478	84	7103
2408	134	4133
999	123	3695
21911	134	3958
24350	164	25232
7091	24	23176
7260	134	22059
21324	84	23701
436	84	2917
3833	92	21655
22430	79	10342
21663	92	2320
1305	43	9592
21748	134	5971
9622	123	2114
7670	124	3934
553	21	24533
7847	167	6185
3682	84	23463
6819	131	6503
5238	134	25190
2771	24	9342
23673	134	63
5082	134	8226
7574	92	5197
3837	43	7837
21126	84	2591
5743	98	3636
22625	134	5932
3474	146	5650
3901	107	22405
25043	89	2359
2002	134	3223
21895	84	5565
443	166	7397
5141	134	5068
24898	134	22234
2501	92	766
4910	134	5423
5830	134	5992
10293	134	22830
22037	134	2572
6160	92	23765
4746	134	1991
10117	134	1705
4952	134	22781
21748	134	4076
9046	84	3636
4463	23	9748
5670	107	1401
5930	134	3180
7813	84	296
8881	84	1401
6218	134	25110
9402	134	23441
5027	134	5767
1192	89	23108
10403	22	21092
6023	99	24931
25309	134	22490
6678	178	23217
7188	84	2685
3571	40	2176
1976	134	63
8023	166	3626
171	134	6374
21765	134	8728
5941	92	5992
2359	139	1597
4988	23	22601
25260	134	9532
6949	11	22665
3672	84	2917
3143	43	2529
1434	134	24115
3661	107	1401
24899	134	1272
8352	131	25078
8787	92	8399
22257	134	3691
923	129	8233
2112	172	2685
7339	134	8748
5610	134	679
9269	134	6165
483	134	25050
5426	134	22245
6252	21	863
8715	89	9630
4966	134	3572
21786	134	2000
22156	134	5770
821	134	23295
9453	134	7135
4754	25	2212
3100	134	23578
21787	134	7325
22069	134	8106
4678	107	2328
9283	134	21854
5736	134	4271
9911	92	9671
6811	134	8297
4617	92	7682
4735	92	8488
24839	24	580
4796	84	2685
3180	9	6079
3456	134	3223
25111	134	3715
23176	79	6923
403	134	4680
9661	134	9385
2513	24	6647
1894	92	2970
8310	9	8346
25221	124	22453
8774	84	1401
25343	89	2209
9916	134	25277
4321	95	296
8182	134	4575
22896	134	9719
7878	134	4346
7498	151	22145
23043	161	9271
7834	21	22731
5976	84	25087
8684	134	9522
1323	129	3471
7870	140	506
728	92	24814
1092	134	2970
3069	134	8748
7627	31	23479
9220	134	3994
5660	123	6106
21177	124	23358
6973	134	9063
21288	146	7997
5752	84	7397
2711	11	23608
7549	79	23496
8439	46	1184
2748	89	7493
6482	134	22407
3064	101	7695
2238	139	9468
23873	134	6814
434	107	1401
2957	185	24068
21761	92	1286
21568	134	5932
661	107	21986
1891	24	3953
9635	134	8313
10087	134	22059
23621	201	24416
8367	84	9748
7218	134	8431
9037	134	5954
5526	134	1664
1817	84	1401
9373	134	3410
9760	134	21964
2166	134	22583
24958	84	3959
5993	164	1400
1709	84	24402
9114	134	1417
4284	134	22449
8935	134	21120
21234	134	23486
24618	134	23650
4530	134	152
24171	129	8233
24166	92	3074
1446	84	10166
24259	134	2776
25045	134	2149
6950	134	713
24749	134	8965
3194	201	6407
21117	21	8946
6459	92	9492
5024	134	24104
21612	84	9748
3250	79	10063
2633	134	8520
22786	92	6860
1011	134	24101
25284	84	23463
6130	134	4282
8710	68	2365
7098	202	7397
8530	84	24227
24993	79	25375
24677	134	22407
22798	134	24387
9698	82	24364
4536	84	2668
3251	84	2739
6879	84	5671
9476	31	24786
9227	84	1401
5898	75	127
22110	84	1108
10378	67	23950
10249	23	21843
22109	134	3180
24314	134	6860
6689	84	232
2271	134	21796
7151	166	3626
5928	92	24908
22634	134	4528
3787	134	7688
21804	134	2203
23052	107	23562
6923	107	3636
25111	134	21508
9118	202	24402
6446	23	10166
9363	84	21556
6653	84	5671
3494	129	24960
5488	23	7143
22694	134	6958
864	134	6228
24567	84	24817
22150	134	4680
22578	134	5932
3630	92	24590
1071	107	24549
22123	25	1881
9163	134	8399
3137	84	5671
9153	79	2211
399	153	8006
6336	134	22583
25074	134	24115
8009	43	23240
8725	134	7492
1779	134	8340
23274	84	39
23707	134	584
4778	134	6114
293	92	9176
21298	134	24819
1405	134	1278
5659	139	8137
24425	134	2572
4671	134	8920
21339	134	8520
23324	134	21655
1180	23	1401
1379	153	25112
10413	92	6226
2718	134	3786
21632	134	22230
4156	134	8965
10080	84	24402
143	123	8723
9470	92	5735
21323	22	8520
5897	134	6814
2507	23	6185
7518	134	23892
21453	134	21655
2617	134	10090
4749	134	5769
6672	84	9748
6980	134	3180
2960	24	4770
4655	134	587
3028	134	3872
6040	92	6851
21781	207	25232
8309	84	22601
7036	134	8488
24958	134	7585
25026	84	107
9206	73	22460
9865	92	9492
1897	84	24402
7628	107	5559
4167	134	7726
4246	84	1363
3082	134	5888
5563	134	5992
7310	134	21854
3524	38	24750
3097	134	5383
2219	134	9065
9483	92	23650
6789	61	24492
6865	79	8270
1017	25	8657
24459	84	1904
1617	134	3776
7945	79	6977
4906	134	10474
525	92	6462
6510	31	7946
1672	107	961
5610	84	5671
10229	134	24908
8012	84	10166
25406	134	4680
5173	134	4248
23381	202	1401
467	134	9492
6284	92	22791
810	129	21719
23833	134	502
918	84	2685
6034	134	21039
21592	129	23634
168	125	961
6947	134	1576
21852	134	4422
3828	134	3776
6297	134	10136
5882	161	8535
1095	146	5085
4728	92	10051
23256	134	3965
6850	134	3273
10174	92	8748
5192	84	6185
24439	41	309
3399	92	22474
21915	18	5565
24596	124	7692
22587	92	22234
7582	92	8828
23474	134	6814
6439	134	5224
5532	134	21506
2777	134	22525
23030	20	4920
21471	134	22461
4345	134	5770
1523	24	8352
22271	134	1743
9819	134	5154
9367	142	554
22899	134	3575
9976	107	961
8102	134	9219
1740	79	9215
4770	205	23165
2023	134	22458
8927	207	9479
9800	134	24387
6360	134	21523
24292	134	5224
21036	134	5383
24652	134	6324
8986	134	3965
5595	84	23990
2324	134	2020
8682	123	3470
23891	134	3223
54	134	2778
356	21	4736
3187	25	1857
4646	84	1400
5817	134	6639
8262	134	4111
24082	75	21038
3197	84	22405
150	134	5273
8437	84	3626
6875	134	9669
7280	163	5730
23483	134	1576
308	134	24826
24980	134	2162
4747	134	6226
9807	84	1402
24978	134	4575
9581	134	7862
23641	103	6185
1472	92	2320
6415	157	22980
3535	79	24611
10065	134	2346
951	134	9061
2135	84	1017
9953	65	1882
23318	134	24624
3752	134	9522
21090	92	2995
21172	92	10051
2624	89	2359
5821	92	585
3980	84	1401
23457	92	24409
5670	134	1576
22917	107	5565
4307	84	1904
21832	59	21457
10032	92	22230
6039	5	2625
21754	134	10051
508	86	4126
23874	124	2116
3221	134	25138
24200	134	21356
2424	134	2022
6157	23	2371
23447	134	3575
221	134	3180
5677	134	8687
437	146	1263
9536	134	10282
5000	124	21388
6169	107	1054
9703	134	504
23340	92	21572
170	107	2917
21398	134	2320
23537	84	10166
2531	84	3959
4813	20	441
3799	92	21496
9834	205	1401
318	134	6228
1416	92	5971
7528	134	21944
22170	178	23217
24299	84	23463
23916	22	3162
8115	134	7492
23119	134	23089
1149	134	9522
3503	89	7493
1542	134	7682
10493	134	5590
2361	134	6374
9749	79	4804
7264	84	9748
22411	123	23369
21298	134	23280
3149	89	3966
2103	134	7536
24286	201	23339
22572	107	1401
7667	134	9061
7589	146	6378
3650	135	21500
4687	84	9350
4256	84	8062
2825	55	24882
4431	134	3958
23017	92	5590
21638	99	25332
6553	79	22499
27	134	21692
1895	134	3372
24143	182	8116
9825	134	6814
8411	43	2905
21978	134	21572
70	134	9061
23451	102	22385
703	134	7862
23682	134	6324
7866	134	21572
2070	41	668
7373	84	24402
8871	134	1991
3640	134	23266
25382	134	3994
21595	43	6047
21063	134	22525
5051	84	3636
7641	134	3273
6575	134	22525
3815	134	5770
22071	202	2328
2698	79	7509
2530	9	24729
4765	134	9952
2557	84	1401
7656	84	25311
24599	202	1138
21404	129	2332
2875	134	22407
25479	142	4440
6232	134	4883
6548	84	5671
4260	134	10140
6613	110	25114
21314	43	23880
5848	164	9748
7681	24	21031
4587	23	22601
4065	84	10166
23054	134	4606
2540	134	5735
4960	134	9798
4677	134	22235
9077	134	584
23801	84	9950
21324	60	5934
4624	134	3575
6126	43	6319
21484	38	21375
2118	92	63
9099	134	22584
2241	84	7407
8685	92	23259
7516	202	22980
8360	166	23375
4338	84	1639
22086	146	4643
7459	134	22059
2336	134	9578
2400	134	25222
8034	134	4441
1596	84	5828
21255	108	885
6689	201	8000
10342	79	8967
24938	92	1797
5465	134	9615
7678	84	7742
3296	131	3979
6533	134	22340
22433	25	9780
4131	84	23463
21298	134	22830
9470	134	1744
25259	146	5976
4649	124	2952
2392	84	2917
2884	84	9748
22727	84	9350
25400	123	5460
6070	18	8380
9086	134	9532
22589	92	5224
7571	134	5735
2589	129	21719
9974	134	3994
8049	123	8697
4274	84	1054
24892	134	2022
23422	134	3074
4324	134	63
884	134	7326
6903	134	1774
5489	134	8965
23922	24	23176
4750	84	5671
170	107	3626
4706	134	9790
703	92	25487
221	134	7781
7704	92	23111
6307	134	1311
22542	92	7682
24052	134	5212
8107	92	21912
24150	134	25110
7264	92	4680
1650	23	4634
698	201	683
23140	134	5244
23511	134	7726
2017	92	21771
24129	79	2475
4554	21	22867
10455	134	1217
4214	134	23118
5233	24	22875
632	6	311
2509	134	3223
24183	134	9790
9616	134	23539
8683	123	2881
6808	92	6814
3238	134	8494
3588	202	24402
1660	134	1743
7931	134	504
25235	134	1576
1012	134	10090
1661	134	3872
5213	84	23463
8325	134	22583
23306	134	95
6118	134	2000
1599	134	9532
24943	24	7864
10089	129	23915
22302	134	8488
22138	21	4449
22225	134	7770
6839	25	10392
7153	134	6226
6803	25	2082
1541	134	7536
5608	134	25487
8492	134	22230
8877	107	4365
1747	84	24723
21168	24	10285
23749	17	3697
25012	134	24154
22005	134	3223
25015	134	584
4192	134	24590
560	134	21796
24717	84	22601
3414	134	9471
4176	166	22601
23121	134	8920
6725	92	1718
3328	134	502
9893	84	2685
3041	166	4048
9378	89	2359
2565	22	22860
3783	134	22525
2738	5	10158
9595	89	997
2798	134	182
22262	24	4834
1440	123	25227
809	134	486
9268	134	7134
6319	129	5069
5916	134	24590
8694	129	22894
10259	134	644
22833	205	1904
3524	142	24750
1217	166	9329
4685	181	1180
43	134	22034
23720	79	4312
6397	134	9532
3368	134	4680
8844	31	1586
5638	134	23380
1475	134	5273
9221	134	8297
3595	107	7507
23717	134	23344
4647	123	22242
7715	134	23344
6384	27	21235
7483	134	25277
4431	134	3691
21002	134	22490
4281	107	1401
8049	98	3636
5563	134	21539
23034	134	22407
8463	23	3543
21662	134	6800
5314	134	10109
21092	166	10111
6263	134	9522
6841	194	23421
3887	123	24562
2467	97	24545
22065	107	6831
2965	79	9322
8428	134	1743
4362	134	24702
9862	134	22235
23155	134	22057
10076	84	23541
1319	134	7466
2083	183	7042
23584	134	21496
9713	134	4680
1951	123	5376
23075	107	3636
23349	134	443
22013	134	766
8302	79	7947
23815	134	23831
2221	84	5565
7392	134	9838
7139	134	25487
22380	107	22274
6882	107	3626
3377	134	2346
194	134	24989
344	134	2000
2178	92	4578
779	134	5735
9468	139	6607
9471	9	948
7527	25	2036
22744	134	8297
24810	134	24819
1593	112	6442
6662	134	24063
24373	92	1797
23431	134	2149
9096	36	8128
9654	121	2397
22696	134	9063
9955	134	4111
24553	84	3626
3148	134	7604
745	134	9790
9468	110	2359
22822	12	1794
24468	21	3257
9778	134	21572
23370	92	7125
6126	129	5069
24510	92	1576
8344	84	7397
5046	134	24387
9425	89	7967
7682	166	1681
1260	52	22601
4046	142	1917
23450	134	24819
21810	84	8110
23530	134	24387
24513	84	10166
8946	79	21840
23715	107	1904
3372	9	5937
4888	84	10166
4304	23	3308
326	92	22235
24303	134	8828
650	84	5671
5043	134	22034
10133	134	152
10081	134	5770
22716	99	3636
7549	24	25127
22161	134	8920
269	84	1904
4535	84	24402
10230	134	9790
3274	97	10424
1729	134	585
3938	25	5848
24016	134	24976
10073	24	984
3229	92	24819
9546	134	25495
7777	31	5320
3151	134	23486
1368	84	1401
5333	134	5197
9940	134	1278
2067	134	10136
2633	92	8488
1995	134	1928
3272	134	24356
4167	84	23463
5436	23	7397
10062	18	3626
6720	134	6860
22248	134	5845
22461	9	1034
3685	43	4951
6268	134	531
22760	84	3959
24188	134	2608
3015	79	5902
1454	92	2320
23835	92	22490
1116	84	4166
9062	134	4528
6606	25	5848
7987	43	165
23604	92	8520
24933	70	23008
6292	134	10474
6213	92	2876
21636	24	206
1109	134	8297
7407	145	8073
24554	84	9021
10154	134	22566
7881	48	4295
2300	17	3574
24208	24	8000
21663	134	766
1129	107	9748
36	134	22461
5386	134	585
6968	84	4956
22152	134	6226
10039	92	2346
2414	23	22980
10446	134	22059
7401	84	1363
2897	134	1928
24112	134	9063
6544	92	8078
5876	134	2465
24485	24	22066
3335	134	2022
2961	79	6299
22805	166	24371
24670	134	24102
23516	134	2000
9999	47	23990
10216	134	7325
25389	99	22601
25333	134	6639
288	134	5220
22847	124	320
3938	103	3626
7997	84	3636
21190	92	4992
2172	134	3770
4393	123	7919
22321	151	10437
5827	134	3466
2395	79	4996
4425	92	23486
3179	79	3192
4086	134	398
4486	84	8380
4378	134	25110
25370	134	1931
958	113	7033
22912	134	142
9770	134	4189
10482	134	7852
3590	134	22781
4429	84	5671
10191	134	4355
453	134	1537
274	134	6639
8621	92	9219
5543	134	1286
7032	134	6958
1681	23	22601
9251	79	22163
2811	84	3636
6030	143	2397
6109	31	6109
4987	134	21523
21169	134	22972
4583	134	3180
25108	134	1605
6500	134	22245
7386	134	24901
1654	134	4734
2577	134	7570
24079	134	21854
4300	134	2149
8121	134	23831
6765	134	25495
25373	134	4807
22667	151	295
6620	92	4734
22143	134	443
6748	134	5904
10328	84	8380
7309	134	1861
23832	185	21769
7890	84	1496
9043	134	4680
22400	134	10282
4538	134	5065
5085	84	1603
24117	134	6484
8278	134	2621
9696	146	21012
6277	84	3170
7279	134	5695
22073	24	392
21035	24	3820
25342	84	25160
23287	89	25114
25283	134	10371
1959	134	3776
24943	60	8407
24478	23	10166
10173	123	1440
1913	134	8687
3784	84	3959
2615	134	8920
22860	166	8401
2503	84	5671
23521	134	1991
8894	23	10166
25270	164	296
1136	41	9976
25286	79	3126
9524	134	24918
24862	84	3626
22163	24	9251
7729	107	3626
6623	36	7304
9194	134	3958
3450	92	4282
24027	134	10308
7333	134	3223
8399	166	3959
5664	134	1744
7128	84	6185
24856	134	25495
1837	134	2778
21911	134	7604
9799	107	9639
24512	22	25277
1863	22	152
3593	18	22601
2946	107	1054
22052	71	8664
21697	22	21796
5941	92	24409
25082	24	21185
5361	84	9443
2039	161	23358
23366	134	9957
7959	134	5648
8193	134	2530
2472	107	1054
638	134	2162
6316	134	3223
5922	134	8139
25016	134	22235
10376	84	1401
23523	10	1587
24397	134	9909
2031	123	1675
25172	107	3636
10119	134	10294
4112	134	23607
9409	84	3959
6275	134	22474
3237	129	7493
6468	84	7397
23660	134	23578
4248	166	23562
536	134	2465
23505	84	3636
24827	205	22929
87	92	7862
23497	79	22002
6424	92	21655
5593	84	3636
9827	98	3636
555	162	6478
22625	134	8226
24193	134	10430
8203	84	5641
6140	89	22517
3824	92	95
9210	84	4158
23043	79	2729
2033	134	5068
2628	89	25114
21844	46	2184
8060	134	23500
21167	92	2000
8494	166	22392
10120	43	22946
6924	84	399
3720	146	1561
24632	134	7438
3066	79	24835
1850	109	1363
10039	84	3626
9351	84	3480
10272	84	5671
9967	23	9748
5823	134	6814
25267	84	4956
2343	134	4331
3164	98	3636
7525	134	23486
3325	134	22805
8658	134	6958
6223	134	24356
2731	150	1397
3241	84	6803
8528	134	3575
10365	134	9236
23390	164	1297
23809	107	5671
25028	134	23261
21255	23	1138
2679	134	4076
24120	134	2410
2661	79	4253
3128	134	6442
5506	134	9065
25158	134	2970
6429	134	9065
6037	92	2410
23474	134	2320
1969	134	486
2668	153	9397
1791	191	21641
420	134	6745
6739	112	1889
2481	146	24550
24171	129	7593
21945	20	10126
4409	134	3343
9553	146	8080
20	134	10022
7763	134	2970
6750	92	24989
24802	24	24129
3768	24	3194
8847	134	1744
2196	107	2668
9100	8	5718
24825	134	6521
9189	134	8965
2043	99	2917
23340	134	22235
4310	84	9857
25332	23	3626
7948	134	9063
9306	134	8965
1061	123	21592
2421	134	9719
24827	205	24402
3579	41	1340
7400	146	4806
10279	84	9329
1423	79	1495
5108	24	2861
8426	31	1858
9448	134	6289
24189	24	24189
9215	24	1740
1633	134	504
5341	134	8965
24267	134	6228
10206	134	21572
4917	166	6185
5300	92	5992
23581	84	23463
22541	134	8077
9802	134	5888
1233	124	1393
9993	31	3157
5996	134	2322
24016	134	2020
9500	134	1744
3322	24	24500
4249	92	8244
25177	163	23107
5739	38	6353
8476	134	1499
367	134	9532
4089	164	3308
10178	134	22583
25197	114	6560
10372	107	2371
5402	92	1256
9519	134	22791
2561	134	25495
8207	9	5512
21744	84	1401
4871	134	5146
5504	92	2369
8473	92	95
21108	134	3180
4957	134	2778
24533	41	6701
6215	134	182
9378	43	2071
5842	89	22517
22581	134	21854
4861	84	2685
23910	134	1774
10495	134	6492
2897	134	4528
22514	107	4956
21251	202	22980
6120	134	5244
8278	134	1743
2185	129	3019
7440	134	4578
22289	129	8910
5305	123	22655
4868	92	6228
3952	134	23280
5137	84	25332
21969	134	7134
23557	79	25174
23316	92	22059
5941	134	7781
3875	134	25192
24452	182	9782
6228	166	6173
24373	84	1401
889	134	22235
8886	107	9350
22318	53	492
1597	139	24644
24284	134	4125
22641	84	9857
6380	134	5992
2267	134	24154
4683	134	23111
6652	92	22972
3006	139	22967
8992	84	6185
678	139	826
7429	134	1022
6775	134	24881
9324	134	5735
24103	134	432
24671	22	9389
2193	84	10166
22071	135	3543
23255	79	24478
2691	134	21274
7810	134	9385
6673	134	2970
1513	84	5493
9765	134	24826
3316	9	25279
8014	84	2371
3835	134	21650
10274	146	24021
759	134	3273
23946	134	4578
23451	146	6352
3437	79	24542
6472	84	23990
2232	123	22614
23704	92	679
3258	134	6442
8089	84	10166
6920	134	8748
23620	134	22407
25350	182	25350
23608	18	1138
6898	24	6093
6624	134	22059
1948	84	3743
469	84	5671
2249	134	9790
5179	134	3372
22889	24	1914
7914	134	713
25077	134	9952
23626	134	23261
1912	134	21944
25462	23	2668
22127	134	8965
4723	84	858
3937	92	23913
4239	134	7492
9742	134	9671
2002	134	21120
3657	134	8310
21220	24	4930
9549	134	24356
25260	134	22407
2765	134	3575
3475	134	6814
2509	134	2320
6176	134	4883
334	43	7867
597	36	6225
23396	134	4575
7650	84	1400
21822	134	10090
6293	84	10166
1397	23	7742
5017	134	8244
25290	107	1054
3669	134	10308
1985	134	8226
8270	84	107
21779	55	9698
7029	134	25487
8919	134	21655
7507	23	24364
25046	22	5244
24871	68	1401
8880	84	3636
57	134	2608
756	110	5659
23119	134	23887
9751	134	4734
24388	134	5197
4359	84	1401
3420	134	5735
22609	134	22583
24406	134	568
6999	134	1576
7032	84	7140
3249	31	24426
23374	84	22139
6736	134	4133
2973	134	8494
8525	134	6228
5718	202	22980
3976	134	2776
1088	134	182
7840	134	3466
4621	134	2346
24255	67	7397
2851	134	8042
22822	84	4634
21238	134	8920
9891	97	22956
21808	134	3223
6523	134	6324
9326	84	2685
7773	84	2668
7559	134	2621
4763	92	6814
2406	134	3994
2374	134	1718
6196	85	22429
2716	84	1966
24218	134	152
4199	84	3626
9414	134	7717
5141	134	8635
2209	117	5430
7038	186	10361
9400	107	22601
22264	134	9385
5160	134	8297
9286	107	3900
21279	134	8488
255	129	5165
22702	134	24448
24578	134	23913
1982	134	2000
1746	84	2685
5075	134	2970
2165	134	5074
5632	84	4634
6907	134	292
9138	134	23344
5920	92	21039
5613	134	25277
25359	107	3636
2729	124	9271
4316	40	24315
23398	84	23953
5517	134	1576
2318	134	21572
1774	9	7565
8418	134	4575
9990	164	890
5053	134	1928
25022	165	22472
4006	92	9838
23652	86	22608
21116	84	22046
2752	92	21519
24618	134	3348
24441	84	23463
9493	84	296
6883	134	23179
7629	24	10247
21206	84	23860
2456	134	6800
1538	166	9748
9406	112	3852
6877	134	24387
2370	134	3691
24899	134	9522
24467	84	9748
4243	84	3626
9353	92	9615
9845	24	4078
5815	134	6324
9944	134	4028
7095	134	8635
4868	134	8297
6844	134	531
2834	134	4157
4537	134	23344
23691	134	6226
7706	134	25138
23082	92	9065
4716	134	1605
946	134	9522
6088	134	6814
22073	79	8338
10032	134	25192
2063	134	3776
2991	134	9492
8795	23	1401
23256	134	21166
6265	134	21940
1190	84	7245
4383	62	3892
21745	134	10371
3427	107	7397
4521	131	4215
4286	134	2446
2828	84	9467
1376	164	9040
6695	89	22517
3104	134	1365
3525	84	9350
355	134	4680
10273	84	7397
23714	22	9065
974	134	24590
23620	134	6374
21246	134	6317
21839	134	9389
22036	43	3013
22912	84	24817
23246	107	4354
23853	79	23807
6449	79	5806
4842	134	23047
10408	92	9719
23469	134	21854
24770	134	4992
7807	84	6731
5280	134	9492
7067	84	3830
6328	68	25232
25282	134	9065
22702	134	398
22721	134	5197
3657	84	24817
6823	134	21162
22084	84	1054
513	134	9065
9846	84	7314
473	43	1545
2049	134	5197
1913	134	24448
9142	23	9748
4315	107	9748
2423	134	3965
2954	134	22791
2015	92	24356
1120	134	1365
4007	134	22525
10128	24	2688
1845	134	25390
7328	134	8494
115	109	1402
23833	134	8106
23844	134	24826
21228	134	1743
21313	84	3636
784	180	21499
2326	134	21570
6366	25	8006
21773	11	6288
8974	84	7397
2300	102	2983
9049	134	23261
5151	134	3958
4011	134	8965
23040	134	5383
3566	92	2608
24794	134	6442
4828	124	2119
7904	84	3705
9635	134	4575
275	134	7781
5963	123	25135
24271	23	1138
6957	23	9380
21588	146	22044
5777	134	1311
6411	24	8639
7422	37	1966
7470	92	21944
665	134	3180
2799	134	21940
21879	134	9838
4110	205	296
5738	134	2149
23420	84	7397
5141	84	7140
10408	84	1401
25273	107	10166
8965	9	5596
21428	84	9748
1885	134	6381
23300	129	2332
10272	107	23950
4740	84	2915
22865	134	6442
22673	187	21135
8698	84	9748
4065	84	1054
188	134	9532
6002	134	2428
9318	107	3605
6525	134	2320
1778	134	2608
23358	79	21177
22488	134	3965
9539	134	23765
23984	24	8185
22417	134	8071
2332	110	24552
9635	84	1108
21534	84	1054
24520	134	23394
3424	84	7397
746	134	2215
21573	134	21570
9309	131	7121
7374	134	22583
851	134	23394
6280	92	7349
4534	79	9969
4488	84	5671
8695	134	4205
3826	70	21039
9078	54	3044
23324	134	4528
6080	23	10166
1225	161	25415
4660	84	9748
3630	92	2544
21646	84	5703
21542	84	22980
541	134	2458
7469	134	3273
8682	89	7493
22788	134	8297
5134	134	2215
22223	134	4734
23019	124	5545
1535	134	10165
22242	123	2533
7886	134	21650
23798	134	8226
1771	134	9176
25107	134	24989
23905	84	1496
5607	23	24402
7314	25	9774
3996	134	9389
2492	84	1401
21474	134	9669
21362	79	3795
23033	124	1536
7986	134	23913
4243	84	2917
22606	92	8139
9379	134	10051
3344	65	2769
647	134	10430
89	107	4956
10379	24	405
25210	65	23093
736	79	9436
22374	84	5122
23055	24	3290
6987	107	9748
3114	84	22601
23090	84	107
2508	84	1108
9069	134	2288
22840	121	22823
7515	41	25372
10310	23	22274
1848	84	9350
9944	134	1774
25479	38	4440
6800	9	22656
20	134	3958
6476	92	1576
3470	89	7493
7567	23	22980
88	84	1108
571	134	22057
23644	134	3223
24612	92	24992
6883	92	5769
3781	51	4924
209	134	7992
3696	134	6814
21877	134	95
23498	102	2983
8473	39	22015
5936	84	22980
23133	92	3572
22362	92	2876
24572	134	5888
24479	92	8828
21461	134	7726
24113	134	1234
22716	59	2983
278	134	9369
5319	134	10186
9255	24	835
9684	9	2678
1997	100	22868
10402	134	10308
5787	134	404
704	134	585
21544	134	24881
4099	134	8340
24140	98	3636
1847	107	3959
685	107	24817
3493	134	21572
7656	134	22340
8765	23	24402
10281	202	1401
960	134	8340
22573	134	7604
1178	134	8965
7688	9	8671
8525	134	9532
8681	134	22021
21353	84	7397
2187	134	1928
3147	124	25103
7420	134	3223
4552	134	23486
21306	84	6111
21263	109	22980
210	41	521
10475	84	8380
24562	129	383
6465	107	1051
1869	134	766
1884	92	21039
24323	134	8023
22120	134	2428
24051	92	24624
8922	84	3636
821	134	5888
22877	92	4896
5631	134	22830
1929	199	24702
1412	84	1904
3329	92	23441
1644	123	23693
6577	89	7493
2157	134	8828
2728	92	7325
22468	84	25160
24050	134	5383
6834	134	6860
8538	152	7011
3901	110	5760
5510	202	6185
3515	92	6860
24355	92	2621
23435	134	7536
6428	134	24814
6413	84	25160
25107	84	10166
8544	134	6800
9208	98	2668
3038	134	8835
21526	134	4125
1910	134	584
9664	134	5065
3085	134	95
21422	134	25192
22415	92	2446
7749	134	9065
367	84	3959
24006	107	3636
1087	134	8340
4054	134	6442
2502	134	1605
5322	67	22980
671	92	3872
21296	134	9798
23114	84	23950
4707	134	22340
9507	84	1104
24087	134	4896
2594	142	24824
10169	134	8399
5444	164	8239
7482	107	7918
5999	134	3575
21085	134	1806
1874	79	4430
33	23	961
8362	134	5648
22963	134	25487
24344	84	24402
2798	134	10430
5932	9	6746
21057	134	9061
6882	84	23950
22387	134	22539
24240	84	3636
8409	134	3343
10101	107	1496
300	134	23686
21806	92	25138
21935	84	1017
9526	24	4736
23467	134	4734
6491	134	6639
396	84	5671
5550	92	23765
7615	84	9748
6280	92	23887
24822	134	22461
4380	134	21572
1136	79	21083
5272	23	1401
1733	24	6717
771	43	21946
1458	84	4634
2295	134	23578
5460	129	8365
23216	84	3959
8622	23	22601
172	74	1125
22443	84	3959
21343	134	21650
21875	107	23708
1031	84	1904
97	107	3636
709	84	3636
1629	134	432
2240	134	1150
6624	134	22235
7237	79	8407
22953	134	9135
25365	84	2721
9132	23	3626
25108	134	4896
23957	134	5197
3672	134	4896
4332	134	9492
6469	109	22405
1437	134	1718
24493	134	9669
3006	110	2852
3050	11	628
51	134	5212
2362	134	25287
8052	134	22234
9242	134	24448
2067	134	22584
24697	184	1438
9438	134	8488
3286	134	4417
10362	134	5904
8450	84	2371
138	134	6228
8403	84	10409
1339	134	8828
24098	134	2970
24789	24	22115
24491	84	5191
8245	107	3636
6025	134	22447
24076	134	10294
1840	134	8965
281	134	1256
6914	123	8192
23903	134	584
5919	134	10294
8797	151	9795
1939	134	2544
24566	134	4528
6927	84	2371
10314	134	4133
24258	134	5648
7157	85	8638
5963	43	5774
6595	84	3381
9832	134	8042
3853	134	9747
179	84	22405
8813	134	2162
1146	134	23394
23383	134	679
7012	134	24409
2837	79	3250
3317	146	2228
8961	134	1278
461	134	1311
8590	84	1401
8257	38	22817
23910	134	644
22648	43	3398
21672	84	2915
1856	134	3223
6087	134	8520
5300	134	6994
21920	84	1904
1866	134	24197
21236	23	6454
23556	98	9121
21783	24	9541
7672	134	25277
119	134	3281
8563	107	4454
24383	23	7636
2861	79	4405
23078	134	10136
8269	134	9522
7447	134	6324
4546	134	3281
7207	164	9479
2677	134	5888
21122	166	22929
2365	25	3383
22346	172	24402
25362	134	5735
22197	84	2739
8143	84	23463
3654	23	6454
21731	134	21796
4203	134	1278
2359	139	24644
21953	92	5227
7443	134	23118
23946	84	5671
3245	24	6080
3910	134	10371
3784	134	8125
3473	134	8635
21759	79	336
10232	25	10392
23042	123	1295
3452	24	25450
1008	134	10282
1798	79	8702
5134	92	4896
21961	134	5845
1977	134	5197
9267	194	5128
4729	41	8209
1161	84	3636
7480	155	2579
268	92	10109
4425	92	23380
8355	47	22554
9359	23	22601
23617	134	22230
953	202	1401
3989	134	9684
24230	84	22405
7195	134	23344
21607	84	107
912	8	6922
23940	134	9719
1926	134	152
7275	84	21843
23273	134	22407
1817	134	766
814	107	961
8067	92	10022
21372	166	24364
21529	134	1774
9463	129	365
9108	52	22601
9757	134	21912
4683	134	9522
21131	84	9748
5162	23	23463
5837	92	3958
2111	92	5648
10026	134	2288
24363	92	3872
1143	134	8244
24746	121	22823
22192	185	21236
22667	11	295
22844	84	22405
23715	92	24154
3024	123	3755
6658	79	9718
252	134	1928
9163	134	4606
1297	153	3693
21864	134	22407
2257	134	2320
1115	134	6287
9276	92	9061
7465	84	3636
22987	166	1496
9819	134	25487
7454	107	1496
21179	23	22980
3619	185	778
24382	24	23786
7640	134	21496
21097	134	9532
6859	134	24992
6771	134	4
4024	107	2917
9772	134	5888
23362	84	4337
2476	134	10022
24278	151	24471
7497	84	1363
5750	134	9532
24183	84	5565
7834	21	25443
5802	92	766
7184	84	21427
950	84	5671
2172	134	21944
2221	134	531
9759	134	24061
7370	134	10051
7582	92	8519
21604	134	9847
22405	23	296
8146	89	2209
23887	166	961
2737	134	568
363	134	2876
21184	134	4125
5756	92	2458
4885	134	9135
21363	84	23541
1475	84	6185
4974	134	22972
6384	27	9748
5998	124	4996
6080	107	1054
3949	134	2000
10271	134	5068
1042	134	3372
4744	84	4634
25350	111	9159
1347	139	2840
23190	185	8165
23160	134	9609
8536	124	3311
21033	134	2465
5176	43	6335
21984	134	4606
3767	166	23562
1607	79	6445
5264	134	2970
5296	134	2000
6528	134	379
21730	110	6151
6088	92	25110
5623	124	5096
3855	134	23831
7160	65	24506
10389	134	3691
22360	134	6324
23985	84	9479
8706	123	7414
9222	23	8239
5011	134	4896
7273	84	5671
1871	134	3575
2450	134	3180
574	84	23463
6580	134	1700
2158	134	3273
3084	134	8687
22947	134	1576
3320	134	8488
23528	134	21384
23578	166	5395
9833	92	10308
25204	84	5852
21939	85	25392
9340	9	1634
23452	84	1639
2477	134	21944
23967	134	3958
5746	84	24784
257	92	21944
22356	134	5212
23985	134	22235
5293	134	22449
21881	134	2736
3750	151	3331
5888	166	22200
22427	134	24473
25048	123	3237
5345	134	22583
9646	134	23047
9459	92	24409
23253	191	1401
6789	52	22601
5738	84	9350
2250	107	2371
929	84	9748
21844	193	24695
5319	84	2371
21462	107	4634
1501	134	2778
7662	92	2970
22644	82	9748
3647	92	25277
21989	134	4422
7556	134	23913
452	134	25192
4244	92	9928
9051	107	3636
524	123	5553
21099	92	4575
7045	134	23266
6935	134	3872
190	134	22583
4397	92	5224
2883	134	8139
5179	134	23047
9548	84	7753
25170	134	3273
3481	134	4441
2092	110	2549
23384	38	4033
3700	134	9061
25468	134	3575
1485	134	8077
8147	134	2000
1514	134	9719
21417	92	3281
21190	134	1365
3147	24	25103
4749	134	22234
2688	18	7657
3955	82	2917
23871	134	6958
8708	73	9467
6524	134	3198
24952	92	3273
23743	134	6521
5135	85	2159
24979	134	4422
2826	92	3273
9794	31	9437
274	92	6639
25428	134	4680
5711	92	25495
24753	134	23344
21323	99	961
3093	134	8226
21629	21	1255
7057	43	1675
9929	84	9021
2250	97	4554
25452	134	502
22931	134	5992
6373	44	21917
6262	134	8387
4843	84	4200
8758	107	2685
21190	92	24409
22925	134	2410
22102	18	3636
3937	134	9061
4965	134	9389
7462	23	3543
9364	134	9532
2954	134	9369
467	134	23419
3807	202	9748
3071	92	3074
4169	92	2876
52	134	2876
1032	164	9748
7404	134	6800
22085	124	25137
8321	23	296
24242	134	2530
6978	79	9315
3366	134	6814
7944	84	10187
8052	134	8226
9042	134	22059
24628	134	24356
21896	84	3605
5160	92	1911
25100	167	1104
6670	107	2917
24705	92	7604
23842	134	3575
5181	45	4781
7778	70	4331
8224	134	3180
22938	134	22407
6435	134	3372
7886	84	21843
427	134	24624
23787	134	25110
23528	107	1496
25101	31	25101
21304	134	21854
3866	84	22405
7837	54	7172
6529	134	2530
1308	48	1323
22831	134	584
4674	38	8100
3671	134	6228
8906	134	23913
2712	84	1812
5768	84	1496
6669	24	1498
3419	134	2199
10183	23	23950
6190	134	24356
10272	107	3605
7455	134	5845
2115	21	668
3160	134	9135
22458	166	10249
4664	134	4133
23223	135	6997
578	84	1401
23665	24	1201
22240	134	25138
10143	43	1214
24192	92	25495
23741	134	10051
8659	129	22201
25371	134	3958
10328	134	6521
23324	84	5671
6367	23	21499
9869	84	3636
21593	134	216
9897	92	9615
21691	92	3958
1981	92	9385
2034	166	23701
24048	134	9135
3378	134	2970
5821	134	25277
5758	84	22601
3316	166	4158
8015	134	9522
10321	36	5858
25182	134	24989
9404	9	8903
24113	84	4634
2055	84	1401
22910	9	1657
6368	134	8226
10385	23	1400
24051	92	7325
7211	79	25228
8789	84	2739
23240	89	1237
3885	134	9786
2614	146	21156
8986	134	6958
2773	134	9671
23250	134	24211
2918	79	25
21990	134	6442
7197	21	9205
10159	134	2572
25263	134	22407
9781	134	7862
1674	89	1237
5294	92	8077
8717	107	3636
23582	139	4642
7324	84	6185
10439	23	961
9381	92	22987
5441	185	24377
1460	18	2917
23805	97	21781
4149	134	22539
24864	23	22601
7935	92	25487
22247	134	25495
714	166	1401
6961	164	5867
3881	134	22525
25452	134	7726
2496	134	10109
23959	134	4734
2556	99	961
5914	134	3338
21565	25	9224
22206	134	10430
573	134	4606
23103	79	23992
23641	84	7397
4933	134	1278
10213	79	8511
1813	84	5671
10141	134	8431
6042	134	24624
3912	134	8953
7287	84	3626
3576	134	23131
707	92	10136
9258	84	9329
4634	73	1051
22746	40	7042
4040	107	3636
8558	84	4158
25375	79	22188
25088	134	25390
3839	134	10430
5158	31	2222
23661	134	2322
21030	92	4
691	107	7397
3359	134	9615
24989	9	6872
5060	134	23686
3989	134	21912
307	134	5065
21705	134	95
1444	134	5220
23682	134	24848
23808	134	1991
3397	84	8951
23373	134	1605
6357	134	443
6967	181	10060
7012	92	24409
1128	134	6
6143	139	2359
2698	24	17
5007	134	21854
21863	134	6165
4501	43	1616
6093	79	21759
22005	134	679
21562	38	24996
1902	84	7397
6079	92	6374
315	134	4111
7952	134	21767
724	134	9615
10040	43	4886
1500	84	24402
21885	134	4777
6570	134	5224
995	134	9556
1326	134	3575
23283	134	1744
9727	43	9488
22215	134	22583
7265	134	8965
9171	163	23107
5011	134	24590
84	92	23486
21290	79	9507
5159	134	2970
10257	134	5950
1877	84	23463
3997	84	7140
9371	43	10386
1089	134	22235
9861	134	8519
10271	134	9385
4624	134	4734
24881	9	525
5075	84	2113
22542	84	22601
10315	134	5735
22922	134	95
3798	134	502
24553	134	2020
25435	162	6917
9088	134	3965
7421	31	5686
10035	84	6157
21401	24	4493
24360	134	1576
7503	107	1401
1231	84	3959
22960	67	8708
5655	24	22342
22416	20	624
5833	134	6716
3398	123	22648
414	134	1234
5857	134	8728
4249	134	23578
9333	134	5995
24000	134	3575
23353	84	24817
24089	84	23463
6488	134	22584
1682	146	1158
3458	107	23463
641	92	10136
22703	190	4684
2740	134	766
1661	134	1286
8024	92	5770
6340	92	6639
9032	92	8728
4226	134	8226
6657	84	1051
8553	205	3626
351	114	3191
127	40	7042
9699	134	713
5983	84	3636
22864	134	8297
975	139	8365
1947	134	4606
47	134	432
25295	134	9838
24399	134	24211
24465	92	2889
5491	92	25192
149	84	22601
23212	134	24989
8892	70	9979
4131	134	2572
6788	134	1774
378	24	22281
4976	134	5888
948	134	1278
21784	107	1401
22223	134	5888
21874	84	23463
7559	134	21120
1173	84	6185
21859	134	7326
3561	84	4634
10233	134	4299
22622	166	22733
5358	202	1401
7219	134	6289
24986	134	8920
2899	131	23241
16	134	24356
7188	134	8965
1216	134	8399
3646	110	10300
8814	43	25073
9892	134	3965
1403	129	9795
22296	134	5971
22111	92	21650
22194	134	7604
7316	134	3572
493	134	4111
5972	92	10430
4331	166	7778
3943	134	95
1273	24	9292
8134	140	506
1983	134	1928
23055	124	3290
4684	51	24082
3616	134	8431
9828	151	3045
5013	134	23913
329	121	22823
24298	184	3478
23877	134	21523
5963	129	21836
9817	134	7781
6291	134	2000
21300	134	1928
55	89	21212
2381	79	21170
23073	111	24608
2795	134	504
25474	89	7967
8009	129	1237
423	84	3959
140	134	6639
22123	153	1881
4297	134	21144
4744	134	4777
22067	92	21655
10431	134	22830
9970	134	1664
192	23	2088
24745	134	21523
23601	134	3273
3279	124	23786
8031	134	24989
6660	161	21401
3256	134	24381
5067	134	136
7617	134	4680
21430	112	3691
24245	89	6151
2123	11	23901
22341	84	2371
3200	134	8139
4084	134	9492
4112	134	3691
2561	134	25138
4956	73	5581
23754	134	25138
24233	134	63
25188	134	21039
9119	95	6230
10125	84	5443
3873	134	22705
7200	23	22980
9787	23	1017
10362	84	4158
25078	41	1523
24762	134	9532
5049	134	6521
5612	134	22230
3832	146	8336
22544	134	2203
22598	89	6237
21614	134	7135
21801	134	4422
7898	84	2371
23627	134	25138
6039	5	10338
8969	92	5383
916	134	1311
2770	134	8313
6183	24	3772
22082	134	25110
9994	27	8050
21410	84	5671
1644	129	7493
4704	84	5671
22395	134	2410
9797	84	8380
6395	134	23831
21587	134	3776
9059	24	10350
7426	202	23860
6200	84	24402
10272	92	23650
3687	24	8767
7015	134	3994
9215	84	1004
21677	134	10371
9971	134	1365
10211	134	5068
6772	92	10072
23930	107	1051
24178	84	3626
9519	84	10166
23581	134	502
24477	134	9719
638	134	21039
3437	41	24542
24280	134	4125
2139	134	4282
9092	134	3198
10376	134	95
2289	84	7314
1079	145	8343
2494	134	1605
7829	79	6407
5487	134	23441
5433	134	5971
7857	84	1401
7440	84	5671
1295	43	23042
24787	92	6745
350	134	8494
25178	92	3776
8216	134	9532
23644	134	25138
9155	134	406
7689	134	23266
24380	84	23463
3131	23	6454
6711	134	2970
4156	134	4189
22787	134	8965
986	134	4575
6514	92	25487
3785	84	9121
21928	134	2346
8193	84	1051
5369	134	4125
10407	61	8944
24778	79	22205
9987	92	10051
8342	134	1576
9200	134	3273
22635	142	22792
3853	134	24766
22911	79	5234
7525	134	3284
21345	84	10166
9678	134	8387
22636	23	22980
784	27	7742
22684	134	24908
7851	84	3170
9412	134	443
6979	134	5932
8991	134	22474
22287	134	5971
925	193	24695
25316	42	21003
207	134	6381
645	11	3331
8719	107	3605
2055	134	9719
23907	189	2371
23494	23	22601
6676	84	7397
5740	107	3959
8618	134	1537
3289	193	23494
568	9	257
25420	84	9748
102	134	5735
21992	134	998
6145	134	2320
5338	134	22461
24565	92	8297
5226	92	24819
22073	41	392
23481	134	2346
3718	134	432
7971	202	22980
23724	84	2917
22113	134	22235
3006	110	2979
4458	134	4496
2701	23	7143
7143	25	21370
7139	134	21964
2662	134	6228
2951	134	21520
6546	134	25287
23085	84	3605
2463	134	7135
8866	134	22458
6095	92	8488
7094	84	2685
9803	99	2371
24443	134	24448
5265	134	5735
22369	134	152
24738	205	23990
6174	134	10430
25277	166	24512
6896	205	8462
4408	23	22274
2922	123	999
519	107	1401
615	134	23344
2496	134	1311
1356	134	1605
5048	134	9798
21898	153	6961
30	183	1889
21565	25	10392
7543	134	22869
7754	84	7397
1667	134	9952
21024	62	3888
7289	43	24604
24542	79	4057
22202	107	10166
21491	134	6442
10491	166	23463
23605	70	23344
24259	134	7568
4845	134	3180
1128	134	3180
2344	134	2000
1937	134	24819
23597	134	21572
3620	134	22869
758	139	4171
8269	134	2970
935	134	6324
22761	134	24819
24780	92	25138
23948	84	10166
21397	134	1605
1731	134	6521
24600	31	9885
21515	134	9176
9127	123	24859
7213	84	22274
1268	123	1810
24829	134	23344
9473	84	1681
23031	134	2000
7560	43	21258
486	166	3626
22587	134	3575
25315	134	22838
900	134	7717
24472	22	4076
6246	134	2630
22083	84	3626
6314	134	24448
9919	134	1576
23393	142	6489
2899	155	2579
25414	11	376
7489	84	7397
8718	84	6311
24290	92	1911
9353	92	3958
22305	84	1401
1604	134	24387
10065	134	24590
4262	107	1138
9561	110	3710
22107	134	679
3056	134	22235
24790	92	6226
4390	139	21212
2866	123	24481
5600	134	10109
25091	23	2328
21839	84	5565
21691	134	21284
1903	41	9309
22322	134	679
1309	23	7397
9925	84	2371
4054	84	9748
9292	41	1197
4968	129	23634
8125	9	2503
6970	134	8828
3730	134	21356
5716	134	3223
3814	134	22340
9737	134	276
24462	98	3636
5910	134	4441
2705	31	23585
8782	89	8365
2959	124	7693
25122	123	7972
24789	205	9748
23086	92	21539
203	109	1104
21538	134	4896
4479	166	8110
24318	134	5273
9679	25	10392
5750	134	22407
21904	134	9790
6603	123	1410
6455	90	1244
3956	22	4028
21214	134	10051
8157	24	22481
9894	84	3636
22163	187	658
3709	134	398
22947	134	1928
21002	84	2371
2873	134	10051
22158	134	3575
4136	134	644
8631	134	22407
9826	134	21964
23006	92	3273
24454	134	3965
22725	146	21048
7220	134	679
6345	127	1460
210	41	9745
5627	79	3066
25000	134	23539
24589	110	9468
25408	202	22980
4584	134	25192
3803	31	8601
3325	134	24590
6431	134	7135
24477	134	10022
8947	84	2917
21603	92	6228
23361	52	22601
24082	75	2554
22488	134	3316
5847	134	10308
24076	134	5888
22084	84	4365
23830	84	22038
23696	134	10109
4521	131	23630
1119	182	21722
10259	134	24989
4988	193	24864
22068	134	5770
24795	107	1054
3312	84	9466
6602	92	8828
23929	202	7742
9646	134	22525
21194	23	961
7816	134	3958
787	134	22340
21989	134	1827
6091	84	23463
1092	134	7536
7781	166	23463
1135	134	23913
6953	134	22235
7199	24	2404
4424	43	8675
22362	134	7536
9744	134	95
22226	134	1605
9446	134	3872
5339	24	2128
5397	134	1272
481	134	9063
24680	134	152
4287	92	24826
23086	134	6958
4151	58	506
23211	134	8226
3964	92	7682
6374	9	4167
24028	134	2530
5818	134	8519
3548	129	8137
263	92	10474
25194	134	24570
24607	134	25190
24786	142	9476
10317	92	5648
6346	101	5588
4429	134	2000
25436	134	8399
3990	24	1891
578	134	95
5575	84	3626
534	134	5904
21283	134	4111
1197	79	5231
7200	28	620
23430	134	3994
8648	134	8139
7926	84	23701
22452	134	9532
22756	17	24713
8704	92	10051
24451	79	2937
23499	84	4634
4911	110	2479
6921	92	8835
23674	92	24590
6080	79	7780
812	134	21567
9884	166	7369
9488	123	9727
24933	99	2283
306	84	9629
5514	43	10387
6035	107	2917
9868	84	23463
9073	23	1401
7813	84	22405
6561	191	24402
21862	22	544
8347	134	6324
1868	134	766
6780	31	7953
5406	134	95
4086	107	1054
24011	107	8708
205	134	5932
8891	134	142
24724	24	23473
5181	11	1560
2197	139	21836
9395	84	5565
22552	92	5146
22908	134	22583
21436	23	2371
9331	129	2381
25419	153	1445
3214	134	23047
6217	82	23524
5783	84	2371
1566	134	2544
8371	139	24554
9281	134	1991
23412	182	24585
24179	9	21397
21227	134	10136
6069	134	24816
23661	84	10166
9172	134	9065
9572	134	10090
280	134	21356
22987	166	2371
1613	84	3626
21893	107	4634
7005	134	4111
9377	84	7397
6067	134	180
8364	84	4634
2921	92	8746
22400	134	6374
9759	84	24723
2965	79	2389
1120	84	8380
6215	134	4575
7315	84	22601
23439	181	2414
5157	61	3409
2487	18	8551
24990	134	8310
23699	134	21520
10091	134	4578
4560	134	2572
9319	84	22405
6768	134	5244
25127	24	22784
4323	43	327
21093	92	22461
21646	79	694
23583	134	1928
21740	182	522
24439	79	22249
5969	134	23344
24253	92	3432
25209	134	21356
22981	134	23111
3569	146	6911
24189	79	21245
23086	107	9350
7007	134	1234
4175	134	3180
8424	31	22905
608	134	21539
22218	89	25114
23753	134	22584
21057	134	6289
1199	134	5197
5856	31	6659
3317	102	2983
24521	134	585
10110	123	933
3112	151	23783
7639	134	8226
22109	134	3460
452	134	21039
3801	67	2764
4904	134	22869
8861	134	3273
21151	134	21356
9333	84	10163
21830	134	9838
10447	99	296
24691	134	21520
23565	84	4594
23098	21	8252
3781	51	24082
3190	134	1256
6743	134	22525
6967	12	2132
22110	134	10430
22109	134	10430
21164	92	8226
24809	134	8828
23723	134	3575
8823	84	23463
5867	153	23276
5022	134	24356
4998	92	8139
1454	92	23047
10130	134	23913
10410	79	6553
22626	123	23631
5879	134	6814
21014	134	9532
3371	70	22539
8178	134	8297
6597	23	5565
7313	22	24431
3759	84	3605
780	134	22791
742	124	8396
8472	38	8436
5564	107	4354
5005	134	5224
4787	84	296
24544	134	531
22113	84	2685
23250	134	23831
5221	134	5224
5858	107	7397
9955	134	679
7582	92	2876
2389	79	5431
767	134	7604
6609	134	24624
24556	134	23747
8738	21	24286
3266	89	2892
2022	166	2183
6589	161	6589
6835	134	6228
21984	134	24448
23678	134	2000
9508	134	8728
1563	84	2353
4086	84	1054
24121	134	10072
6865	131	23090
23326	134	24989
1931	166	3626
24378	134	6926
8966	134	1664
7396	89	25114
2803	134	1928
5531	92	3994
22794	31	21064
6980	134	24356
22765	134	25244
2690	134	2199
3052	84	22601
7279	84	5671
23682	134	6374
22434	134	1278
21581	98	3636
8187	134	3343
9700	163	24767
6999	84	23463
4486	134	8488
22450	134	22059
5596	134	8965
23564	205	1401
2830	67	22980
4934	24	7632
9599	84	23465
458	31	24282
7095	92	9061
23465	23	23463
1141	134	1743
2783	134	4680
22526	134	3088
2653	134	3273
4762	54	3121
120	134	9065
3294	92	23266
9439	134	9457
21959	134	22235
6412	84	2685
22075	134	3180
2618	42	24033
10303	134	1991
6263	134	9798
24301	23	961
7132	134	6374
1532	134	182
3369	134	3223
22697	134	24826
10239	134	5224
6300	134	3343
4984	92	3432
7700	92	7021
7269	185	778
24112	134	3088
5835	43	6344
21182	134	23178
1749	134	25202
8423	134	5735
23892	166	22601
4483	84	4048
7324	134	22034
8749	134	9719
10232	23	1138
5999	134	6814
22510	134	4133
24212	21	6169
3839	134	22830
21830	84	2739
4403	107	7314
9191	134	21655
9403	84	21898
23706	134	3180
9386	84	21073
4376	134	4896
23113	134	10430
293	92	4331
10154	134	24387
2191	24	21239
23454	84	22405
839	134	585
5709	134	9532
23445	84	8380
6929	134	9786
2946	24	22762
1228	164	25388
1504	92	8828
24261	134	21120
4088	84	25131
24133	24	4626
21718	84	4956
23531	134	1037
299	134	5074
190	134	8431
8995	107	23950
5207	134	3180
4623	92	10136
4632	84	2638
4437	134	22447
6504	134	21523
6817	107	7397
125	84	3636
9531	134	21539
22378	193	22942
4638	201	6407
21211	134	5197
23517	107	7753
4448	84	1496
7917	24	6094
1960	123	21437
8334	43	7919
6656	84	2917
24722	134	4331
6160	134	8494
8593	92	21162
4255	134	25138
24976	166	3626
683	124	1122
3519	146	22892
2943	134	9786
366	41	1340
24365	134	9747
10164	134	2458
22924	134	9063
8001	134	21559
3183	134	3770
9219	9	8621
5630	134	8297
5449	110	2007
4607	107	3636
3068	84	7407
21960	84	10166
25035	59	23115
962	24	23077
23409	134	23280
7768	134	10308
5817	134	1278
22909	134	21120
21532	84	5671
25383	84	22274
23974	134	3180
24165	143	9130
7535	134	9790
5393	30	9679
6218	134	8828
23813	84	4634
24972	134	8340
2315	134	23261
5236	134	9532
309	131	24012
7583	134	1256
5800	92	21508
10311	134	3273
1903	79	7121
4281	134	766
8137	84	9748
9291	134	1311
4458	84	23463
5103	134	2876
8276	84	543
6283	92	2778
3860	84	4048
10070	134	6114
2315	134	5227
262	107	1108
620	184	7200
24008	134	21570
8628	134	7152
4199	134	22340
1670	134	9615
23342	134	6226
2024	134	95
6652	92	8340
2299	134	24881
10464	202	1904
22527	181	6967
21733	84	9748
6040	134	2876
1041	92	24992
25362	134	766
22642	99	2685
2210	92	1537
22811	79	9877
4952	92	4469
23727	134	24590
2876	9	10044
807	107	961
25052	84	3626
3806	134	22583
24178	84	2917
3597	134	24819
1189	31	2817
2687	134	24448
23654	134	9615
7596	92	23380
7802	134	8965
6425	92	2876
7096	134	2020
25303	84	9748
22116	134	95
6614	134	4896
347	123	22596
2406	134	21655
7323	205	7397
6351	85	6006
1262	134	95
541	134	5735
23416	134	2000
25260	134	3958
2924	123	5243
8739	134	9385
23408	84	7397
7994	134	22869
6921	134	21650
2050	84	1138
21044	134	2022
2233	134	5770
9694	92	2778
25434	134	230
4465	134	2572
4993	84	6185
7142	134	9471
1797	166	1401
979	134	21570
2241	84	10166
3079	134	766
942	134	22525
24401	41	2250
1596	134	25222
21585	84	8979
25469	134	10136
2693	84	2371
4411	205	3821
2640	24	66
23461	92	3958
455	134	8297
22918	146	22918
24390	22	713
22278	134	21195
3776	9	22934
22136	24	24596
7747	92	6324
9910	134	3776
24874	134	6442
3132	92	4992
21364	134	22447
7291	134	9471
8476	134	7585
24372	85	815
22886	84	22405
590	134	6
25402	134	9389
7981	134	6860
7727	129	9740
22473	134	4734
9187	134	21941
8756	84	1054
8586	84	23860
5586	134	215
2339	84	10166
21654	134	6484
6735	134	10051
24688	134	4807
4367	43	566
24689	134	4807
2451	164	8239
3105	84	2371
21376	92	1605
277	92	4698
23843	134	23111
23502	134	25192
21172	134	9219
8518	134	4331
2803	134	4528
4969	134	6492
9650	21	5619
418	92	21570
3430	134	24826
4272	134	2608
24100	92	24660
21045	84	3959
23307	134	7135
8334	129	383
10060	181	6967
2122	117	22024
2095	134	6228
23312	134	3667
4628	201	3066
2318	92	23913
8259	134	21092
22952	107	22601
1521	134	5992
2017	84	5565
10227	107	1054
3509	134	21940
494	84	3626
1962	84	22170
1944	134	6639
64	134	8828
23443	134	25277
22629	84	3959
3643	134	8920
21998	92	25244
24539	43	1568
23244	134	24101
4297	134	1278
7705	134	25495
9891	23	296
3292	92	22583
25343	43	334
1737	134	7831
950	134	22449
24082	75	3610
25203	84	2739
5577	110	997
7189	134	95
2637	84	6311
8671	92	142
1846	84	21898
21504	84	3543
21646	24	4524
10189	92	7438
6544	134	24826
6120	134	9522
9608	194	24145
23622	134	6228
9265	84	3543
1701	134	8197
7376	134	24826
164	134	21570
22744	92	21974
7699	134	292
4458	84	699
843	134	5992
3839	134	6639
10296	125	2668
3273	9	23601
25260	84	1401
21257	24	8465
8766	134	8125
8192	43	25347
10301	107	1079
22965	84	9873
1114	23	3626
3260	134	1743
21243	84	8380
6104	134	106
5975	134	5932
1712	134	7438
1171	134	1576
2182	134	22235
2207	134	5992
2120	24	1103
21604	84	3959
5708	205	1812
2012	166	9748
22537	134	6228
21929	92	2608
4114	134	1272
8890	134	23913
2510	134	21384
5797	134	1272
6792	89	22517
7668	134	22791
4730	84	22139
1229	23	8999
24328	98	3636
24731	107	8840
4977	84	7011
6440	89	2025
22042	124	7549
24992	166	9682
23906	134	10022
24380	84	3959
1595	134	7781
8800	134	22057
24809	134	9798
276	166	6185
9918	134	9615
6694	134	10072
3039	134	568
7698	134	23280
1524	84	2928
22721	92	3876
8788	134	3180
24416	84	2685
2246	84	22980
742	79	9949
1219	134	1252
7436	134	3575
21383	24	10404
8482	23	21235
9891	67	5671
7459	84	5671
3043	110	2209
5617	134	9063
24320	134	766
5933	134	9671
8902	134	1311
23868	107	22601
541	134	22057
24469	31	5368
5351	84	5977
21076	134	5648
24263	134	182
21596	134	8965
4574	194	10475
10171	79	8751
2917	23	3626
1603	31	21775
5126	107	24402
3438	134	21572
21713	134	21519
9019	110	23632
1450	134	9909
1144	84	24402
7533	92	7570
21365	134	24826
4412	161	7836
6414	67	7397
1741	134	4271
3867	134	10136
6952	134	23650
23959	134	3575
217	134	23859
1998	134	8340
22364	84	4956
2230	92	10136
3038	134	7819
21154	84	24402
23495	84	25080
5946	84	9639
3726	134	8297
7692	24	6115
24385	142	5948
5575	84	25311
22106	134	142
4349	202	7742
7097	134	6226
25161	134	8125
3784	134	23131
5991	6	22198
4257	79	5692
3548	129	5659
21488	134	1931
2296	79	22919
9914	134	2736
7807	134	1037
23328	134	24197
21577	79	5906
3745	84	5565
24475	134	8965
23238	134	6289
6096	84	24402
5373	84	9350
9608	25	22344
6719	79	2440
3082	134	4734
9256	134	6324
7512	79	23640
23385	107	1904
25135	123	6542
24875	134	7399
25117	107	3959
5064	134	5769
744	89	7967
2294	202	21641
9639	142	24763
8780	134	21854
1126	92	23344
10006	92	24819
1302	134	23441
5951	145	189
2531	134	3180
25458	84	3626
4642	110	2359
23173	20	10126
7384	134	8488
6910	84	2685
3799	92	9798
22597	24	7925
1109	134	6228
8376	89	2025
710	134	22234
23279	134	23111
1749	84	1496
24564	84	5671
4071	129	3655
1753	134	22234
22158	92	22525
10118	134	3786
4622	134	2809
3992	134	9798
168	23	961
7243	124	25137
22822	34	1794
8390	107	7397
24611	107	1054
25035	71	23115
121	134	10090
7356	92	25244
4290	134	6255
494	92	1605
22280	134	9532
21119	134	21655
24986	134	3466
23653	84	9350
7679	84	3626
23865	134	8042
5611	138	10166
2094	134	2572
23509	84	3959
10276	134	25072
10260	92	22584
3142	134	1991
228	22	24681
9347	134	2346
7312	134	5074
8372	89	4171
5694	134	21284
22164	134	9684
25415	161	1225
6281	134	21699
22900	84	3626
4911	110	3323
2817	142	1189
1783	134	3223
22256	92	8310
573	134	5224
7100	84	23463
4161	24	1393
59	92	22461
9376	43	23663
24653	134	9798
4940	21	23935
21695	134	22972
8509	134	2410
7638	134	354
9638	134	6020
3259	123	2468
23082	92	24356
22749	134	8635
22924	84	2685
1272	166	718
7060	134	21539
5242	134	23859
4432	134	7492
23475	134	8828
24612	134	2530
2317	134	21274
3407	134	24197
25213	103	9748
3333	9	8978
7782	134	23539
21676	84	1496
23045	134	10430
23886	24	10401
23066	84	9748
23057	134	8244
24726	84	24402
22515	92	3088
8175	67	24723
23138	90	773
5171	164	4634
1241	134	1743
21670	123	3022
8893	134	9065
10381	84	1054
24712	24	1672
3804	134	10136
25024	134	3223
2539	134	23578
2236	84	3959
4770	163	21409
24333	164	8999
575	134	21539
9699	134	7325
7928	146	25070
4903	134	21572
21390	84	1401
22814	134	24908
7053	23	3543
25268	92	23084
25398	134	1278
22842	86	25369
6034	134	8297
1186	166	1108
4421	107	24817
3264	134	3575
2749	110	7823
23559	134	2608
10138	134	8310
5521	134	8340
5506	134	9522
2807	134	22869
9963	134	8965
23949	92	7831
5645	134	4680
2844	97	10106
256	99	22929
24537	134	5212
3618	129	24977
1527	21	8767
10313	134	10051
2983	10	1893
24485	79	22066
7930	134	22235
3258	84	9748
3997	134	23913
10277	134	6800
184	92	4111
21738	134	24356
22845	134	7862
21408	134	24197
1231	84	23463
6463	92	2320
22153	52	1966
575	84	6915
9048	134	2320
24851	23	6185
4565	134	398
24078	129	22898
24042	134	21771
22976	84	24402
1224	134	713
4707	134	22230
23241	84	4365
24198	134	23765
5671	153	5848
24575	84	6185
5102	157	9021
4112	84	3959
24232	134	3180
447	134	5074
2908	84	3959
24032	134	9798
2812	112	22185
7387	84	1401
10064	134	4320
7659	134	5074
5328	146	2811
5802	92	4282
10482	134	2995
22394	134	8387
25372	79	1136
5401	89	3246
22384	73	22327
9260	134	24819
3781	143	22823
22374	134	713
3207	134	24881
6059	84	2371
4707	134	1026
21297	84	1017
23408	134	6860
23946	134	2215
2488	18	1401
6184	84	25185
25088	134	3088
2974	206	23115
8676	134	4422
2057	134	7772
21517	134	1234
1188	134	7134
8810	84	7397
6693	134	25138
8838	92	21655
7382	134	6324
9083	113	23551
22265	134	1537
9054	84	4158
21741	134	9522
3549	92	4441
9878	134	8965
1945	123	8688
24487	92	21655
6232	134	713
8367	134	406
5030	134	5227
3583	134	6639
9374	123	23799
1181	202	7397
2749	110	25104
5378	134	8207
3756	99	24402
21565	143	9285
9029	92	10051
8621	134	23578
9720	84	1138
9095	134	5154
2247	134	22059
9691	79	23888
248	84	4634
7856	134	21940
23316	84	2685
6379	134	22461
5179	134	1311
3640	84	5671
10317	92	8244
6914	43	25347
21438	25	10392
7954	84	3959
2664	107	1108
21718	79	24832
3610	75	21594
22928	98	3636
23526	84	22405
1591	124	8781
6538	24	25066
4345	92	7624
23653	134	9798
9117	134	25138
2281	107	1138
21065	84	2371
3844	134	21120
8691	134	679
7433	84	9748
6001	24	23488
1373	89	9250
2939	134	6114
2713	134	24624
24591	134	5383
4330	79	7830
9599	84	23463
24449	23	8050
23227	84	1904
6342	185	23965
7774	134	63
1265	134	24197
1602	123	4481
3893	134	2995
6500	84	2915
24178	134	808
5296	84	1054
24355	134	1664
4454	23	3543
5802	84	1401
3359	134	5971
21408	134	5074
25337	134	584
22343	92	6639
5765	84	9748
22256	134	230
24667	21	9551
24159	107	2739
21026	134	3273
6682	123	10181
3152	43	7332
9112	84	1639
8586	134	5578
24598	134	8494
7229	84	1108
1775	134	6521
8699	67	8239
23799	43	9374
21890	134	1286
23208	70	2876
9421	134	8244
21677	134	22584
22509	84	22757
9370	134	4111
5264	92	5845
1884	134	3776
7094	84	6311
3799	134	21496
952	43	3495
3434	134	5888
483	134	5992
6061	134	9719
24831	134	3281
2540	134	3872
5545	79	23019
5413	134	2778
901	134	23500
8389	84	5565
5435	146	10168
7779	24	25256
4884	134	10090
21879	134	10022
9000	129	758
6667	84	3626
21549	134	8139
22190	134	766
21412	134	587
5716	134	6226
9005	92	25487
22335	23	23990
24547	31	22580
729	134	5871
6285	46	24633
10178	134	2162
2444	92	7536
9435	134	10051
8826	84	3959
4494	134	7570
8636	109	6023
9761	84	325
3863	134	24819
130	182	602
22224	134	23831
22736	123	1431
7280	205	5671
8938	134	21912
3389	92	3273
2288	9	7383
7088	134	5932
22450	134	24387
1981	134	8297
6828	134	5648
9136	84	107
1442	84	3636
5863	134	22775
9921	84	1401
4094	92	24826
4799	129	25114
8623	84	7314
7054	166	1051
6615	84	7397
9423	92	23344
24568	124	9452
24648	134	10136
2783	84	10166
415	22	2203
25338	129	22854
7274	84	646
5675	113	6122
24268	134	3872
25182	134	1278
24812	25	5848
5378	92	10109
397	134	22059
22251	98	3636
7116	165	2137
9190	107	24402
24682	142	3511
2019	84	1401
23040	134	24624
1745	124	24260
21015	134	2367
287	92	2630
6916	134	8748
8529	84	5466
22374	134	9928
10480	134	2776
4216	24	1747
23471	24	5683
10192	134	7438
2230	92	23344
3863	134	21539
5015	23	7143
23866	89	3344
4688	134	24901
4285	134	24881
9283	92	25222
24757	134	2320
24000	134	21912
5788	84	3636
4624	134	1311
5187	84	3636
80	39	21039
4018	84	3636
21147	43	6106
8716	134	24590
23414	146	2811
4108	21	2563
5077	11	22665
6990	119	22554
8903	134	9404
9295	134	4111
9759	84	23701
3710	110	4171
9517	134	3958
5394	92	8997
23949	134	7862
9884	166	9748
22481	24	7693
8326	134	2970
22197	134	21041
22605	134	1286
23670	92	6814
8450	92	3872
3383	164	3308
21763	134	7862
8698	134	8953
2561	134	23047
22014	134	2410
8405	134	6374
2175	79	6948
690	134	2320
7060	134	8488
22560	134	21356
8720	134	3074
1529	99	22405
23960	123	744
23521	134	21650
5270	84	2371
6226	9	641
9856	41	6713
7220	134	7992
7282	23	9748
3311	79	4999
9843	134	1278
6045	134	9719
986	84	1108
6967	12	22636
7844	84	9748
24818	43	2129
23497	79	24505
3898	84	3959
1749	134	4133
23530	134	6442
24477	84	1401
6862	134	3223
24911	134	4917
10252	9	3723
2312	134	21650
22585	134	3691
21324	107	24723
25205	84	7314
7314	73	24817
24158	134	2410
9976	24	9392
23513	134	24352
7885	98	1108
2878	134	24356
2420	92	3273
2838	134	4896
9096	131	21651
385	134	5932
7532	134	5136
24457	134	7717
3672	92	486
22281	107	6454
10243	79	21789
25117	134	1372
1775	134	2995
139	84	2917
8271	84	3626
2817	38	1189
23790	134	7819
9986	23	21898
3557	134	3872
21536	134	5224
791	84	1401
4067	134	23047
23335	134	24965
6302	134	5197
1450	84	3959
9550	134	1286
2014	134	1664
22610	134	4992
4908	134	6958
7776	84	24364
4213	84	3636
10292	134	1186
2414	181	23439
25227	117	22024
21394	134	8106
22467	134	5065
4827	134	8828
25256	79	8958
974	134	5735
4740	134	25190
22369	134	9991
8991	134	1576
2444	134	25138
8741	134	3776
9587	84	3626
2693	134	24816
4095	129	23634
22570	134	10474
22802	84	1138
1515	134	21848
5833	134	25222
5364	134	22034
7382	134	10491
425	134	1576
1729	134	5224
7231	163	24767
22311	134	4392
9007	84	5671
2287	134	5212
4693	166	9748
4899	134	3958
7685	79	6172
21870	134	8965
1128	134	7726
4765	134	2320
9038	185	1397
25121	134	22340
21282	134	5888
4033	31	23384
3813	92	2000
24000	134	9798
22552	134	9457
4062	84	3626
3951	129	7493
3285	134	5971
4398	84	3150
2237	134	9798
5276	84	8743
3260	134	22057
21123	134	568
6761	134	3273
25330	134	5224
24844	134	21848
456	82	6185
2700	134	24848
1816	134	502
2243	166	24433
24745	134	22495
4185	134	443
21782	134	2778
7607	136	22250
5960	129	3468
5484	22	9609
6799	134	3691
1414	134	9786
4791	134	22474
3101	134	8226
8631	134	95
2617	134	3872
5482	134	486
7735	134	4111
6447	134	24848
3347	24	25082
8640	92	2544
6321	92	1576
8691	84	8384
5293	134	2377
6220	79	792
1003	92	9340
1425	27	4634
3614	134	23486
1052	129	3019
9866	134	3872
3568	84	4158
8502	134	1234
6744	79	3518
2989	43	9823
3707	92	9522
3269	84	3626
8908	134	2778
5509	134	7135
1438	184	6890
9290	134	3074
7765	134	1664
9458	146	5085
8178	134	22584
9242	134	9385
9916	134	25138
4187	134	22525
8672	134	8965
4929	134	7862
4450	24	23827
24450	92	9952
468	31	23662
9015	134	1256
22750	134	3534
7258	134	6226
21213	107	25131
4817	134	2000
25348	84	25336
10315	134	4205
21693	164	6454
3109	165	2244
1207	134	2970
8288	84	2917
7623	92	9065
21264	134	9786
3822	134	10294
3864	21	22033
22326	84	3626
22023	142	23718
2763	194	24145
6981	134	5224
26	23	1904
10313	92	10136
3255	134	3372
22865	134	24356
4605	205	2917
21991	134	23047
10155	134	9719
6053	134	25495
25138	9	8477
24520	84	5671
23616	134	6324
6430	92	5227
7848	134	2559
6473	107	3636
9505	107	7397
4142	205	6803
6509	134	1311
7712	166	9748
23531	84	22405
22045	55	9698
21497	92	23344
1725	134	2608
1981	92	6289
21576	134	5383
2762	134	21496
22871	79	21485
7991	67	4634
139	84	3626
25017	134	21570
5133	134	22461
10282	166	23854
6340	134	23261
25168	134	23859
23766	24	23532
23048	134	7151
8236	97	21117
6593	23	2088
25034	67	2371
3943	92	9532
3448	134	3348
21477	134	585
25438	134	9471
3435	89	2345
7651	134	7466
5698	129	8910
4995	134	22584
2744	134	24624
6367	23	3308
4869	134	24819
6540	134	4111
8328	124	3347
344	134	9790
9265	24	23588
242	134	25487
9956	134	23394
2664	131	4164
23868	84	1401
3677	61	8944
21754	134	21796
9508	134	6639
22553	134	2428
4895	134	1311
24635	84	1401
7132	134	486
2208	23	22980
2346	9	1703
25271	79	4144
721	134	3273
1070	92	5224
1873	107	23463
6617	134	6958
1758	185	1397
2517	92	24352
5116	134	1311
24112	84	3530
3745	134	24356
21613	79	8408
565	92	6226
3307	134	7536
4876	134	22234
22815	134	585
21895	134	4575
2865	123	3500
8169	134	1605
24589	110	7576
25436	84	23463
8948	84	24227
24579	79	1914
5321	134	21570
4563	134	8023
6141	132	1054
8546	84	1402
4024	92	4417
25368	134	5197
1781	134	4422
5740	84	23463
23199	84	6185
4006	92	8139
8368	134	6226
7699	84	4158
25213	24	21346
25008	134	4578
9525	20	23403
23677	84	24227
22842	164	23990
1166	84	7397
22414	84	1401
7612	79	3526
8404	107	1401
3561	134	4189
23516	134	9838
24977	139	24977
21421	134	3958
24988	5	10338
9649	92	1991
25356	134	24387
9039	84	7397
10014	99	23990
5086	134	1234
3646	139	10300
8082	79	8352
4429	134	9615
9708	92	10136
93	134	22461
6570	134	7536
22280	84	1401
8716	134	1931
7071	89	8829
9233	31	23519
7567	99	22980
21853	110	6237
4420	134	3180
9094	84	8273
22368	134	7536
6195	134	7135
23221	92	9457
9887	84	1401
5175	84	7397
829	134	4111
6111	23	22601
5078	134	5992
21432	134	23578
1773	134	25495
4933	134	3876
6807	166	3308
22171	134	569
23961	107	3636
25205	134	22539
8418	134	1744
22912	134	23486
10391	67	8708
1979	84	5671
6935	92	21120
7334	134	714
7441	89	2209
3764	23	23950
2014	84	2371
5127	23	296
8798	134	6228
2333	146	1582
4424	123	705
25284	92	713
21705	84	23990
6430	134	24590
1219	134	5062
5135	23	22980
5299	146	22772
21962	84	5671
23469	134	3513
2518	124	24416
4001	110	24420
7469	134	8965
2707	23	22601
9640	24	3721
24175	129	2332
21770	84	25311
2752	134	1928
1524	134	4495
6051	92	25287
4990	84	5107
22612	134	8582
22026	134	2995
7304	84	9748
24333	164	22980
9752	134	23089
25006	134	432
7405	134	24179
8155	134	8494
9390	134	9798
24778	163	5730
5749	134	7781
10114	134	1286
4838	129	21836
7435	134	439
2450	84	5977
5831	134	7326
25036	134	6226
5089	134	6324
3280	134	25265
6193	134	766
123	79	5545
7025	84	4158
8194	84	35
24087	134	9219
22010	51	4924
24166	134	3965
10476	134	3872
25084	32	21727
7982	134	5770
25357	134	3348
3243	84	3959
22374	134	5074
10402	134	215
22067	92	8030
3314	12	1508
1313	134	8828
24524	134	152
23841	43	5185
24291	92	21039
8989	134	3872
3825	84	3626
25490	107	1051
2893	162	6100
5567	202	24364
7857	134	4992
22266	134	9719
5398	134	3575
6949	146	25415
23779	31	9934
3979	84	24723
4278	92	2446
7506	79	4057
25148	134	7325
24507	84	6185
5566	23	22601
8642	107	22601
1703	92	1991
25284	134	6324
2820	134	2465
8098	23	8380
2563	97	22472
497	134	6814
25364	92	6228
23344	166	23605
4216	131	3979
24055	134	5197
4138	43	5217
9512	129	4482
4642	139	2359
22631	134	6374
6490	23	7397
22603	134	9236
6436	134	5888
3981	134	24881
4985	84	3626
4457	92	24408
4493	124	21401
4378	134	3273
24528	134	22057
10258	6	21836
25284	92	10136
22684	134	8520
23061	134	21041
21605	123	25056
518	28	877
3006	139	2852
1543	110	311
8997	9	5394
1907	134	7325
8935	134	5224
8060	134	7862
5776	84	2371
24630	134	182
25275	107	7407
25174	24	23557
4423	79	8072
25076	134	7570
8005	123	22303
225	202	22980
21418	134	8431
22037	134	1605
257	92	568
24257	92	585
3090	92	584
6430	134	25192
1136	131	25372
21307	134	21572
8123	84	296
4122	134	24590
23652	164	8999
8937	84	7397
8972	134	23047
782	134	4157
9182	134	23765
5617	134	25222
8769	84	1054
24444	134	21570
6080	107	10166
3570	142	9688
1456	24	5325
917	20	441
9261	134	4111
9137	123	24577
21769	8	7713
25396	54	3062
10316	23	22601
6250	134	10430
3948	134	21284
7177	31	9411
4090	134	5590
23904	134	7770
25300	134	23578
9619	5	3017
23275	84	2685
6566	134	5888
21349	134	2000
21347	84	3636
21804	84	5671
24081	134	8728
24739	92	9952
9345	9	9833
5040	134	22994
868	134	3466
2204	84	5671
1116	134	4528
9342	79	2771
21641	25	9780
9514	134	4271
7794	134	24448
23350	31	5669
3421	84	9748
2339	134	10308
10092	84	9748
8478	134	6814
4729	41	2381
9263	134	22407
24244	92	2572
25486	129	1997
23977	134	22693
10057	134	7570
23644	134	25495
427	84	7742
10017	134	502
24907	124	1348
4093	202	4200
7898	134	2428
23905	107	2371
9763	11	7593
23920	23	9748
548	134	2020
9816	26	23780
5618	134	24819
21796	166	21697
2783	134	10308
728	134	2995
408	134	24063
24122	84	1054
6656	134	486
25216	146	6547
2147	38	4604
22653	142	2018
4521	131	4561
23405	92	2584
5968	134	2320
1437	92	21318
54	134	7570
1307	134	1684
5211	134	6442
6710	134	22234
21565	143	22823
24860	134	63
5090	79	25123
5499	134	2970
5007	134	2320
3989	134	25110
23809	134	5695
7458	25	7680
3219	92	4807
6720	134	9061
25323	185	21251
22424	135	7143
23801	172	7397
1748	193	22942
3423	134	4282
8677	134	10308
7849	92	182
9050	52	22601
24574	134	24356
1942	123	7842
4657	110	9131
24340	125	1297
8929	84	6185
21036	134	2288
23265	107	25160
24537	134	24387
5835	123	3877
21068	92	5074
23631	89	2345
572	22	9719
7622	84	1496
2242	134	22869
4696	134	9219
1795	92	3572
6292	134	9991
5449	139	2007
975	84	5948
9026	84	7011
2370	134	6374
2051	134	766
9653	201	5519
24134	84	9350
8261	191	7742
21154	134	9786
22267	11	5819
1884	134	8297
22246	92	152
10007	24	24133
2492	134	2970
5961	134	24881
3234	134	9609
9399	134	24826
9791	134	152
1604	134	1664
3101	134	5992
21893	79	24345
22850	205	7397
10112	92	2149
3314	181	22636
2881	43	8683
21410	134	21122
4301	134	8125
6338	134	2069
7058	134	6442
22852	134	23111
9611	5	4924
7531	134	9471
4630	134	4495
10418	140	506
7887	92	354
2891	134	8520
5223	129	23632
2914	134	9522
21720	134	22407
23967	134	7325
3772	24	5907
1182	79	3819
10498	198	6070
6402	110	330
1139	134	1743
6107	92	8207
8127	134	8828
4744	134	4189
6051	134	4205
6920	134	3572
5367	134	2346
3214	84	2685
24959	134	10109
21402	134	10051
1801	161	3396
21775	38	1603
2515	92	10136
1936	24	523
5822	134	1928
24356	9	24026
21114	134	2995
1982	134	8139
24207	134	8748
5025	139	1367
715	92	25265
8256	134	3343
10246	134	6639
4646	134	24634
21480	11	22496
2105	110	25210
2946	24	6299
4169	134	8340
5261	84	23463
24043	134	7712
24346	79	24057
22336	71	7274
22970	134	2428
8326	134	8387
2634	134	24154
6647	79	2513
6684	185	2294
21014	134	4282
22537	134	7536
7050	134	7781
6290	134	22461
23506	134	8226
25330	134	7862
22947	134	5992
7226	134	3965
8535	84	1054
3600	134	3223
6041	134	23831
22265	134	5735
24874	134	95
7284	134	8139
2121	134	1928
21006	84	7397
21684	18	22139
770	134	8360
2303	84	21132
6901	84	2685
7912	23	3543
3721	24	22269
23347	84	22733
23895	101	5102
4104	84	5565
384	21	9891
24727	92	8139
2878	134	8488
21091	123	2829
4303	134	5224
23657	92	5244
23724	92	5648
2693	134	5947
8539	24	10295
4550	79	1443
4145	67	1401
1892	134	2530
4884	134	3872
24483	84	1054
4438	92	504
23187	134	1928
2223	134	8297
10435	84	7140
22008	24	23786
24047	79	1448
5541	84	2685
3337	84	1297
5844	129	1997
3955	23	3626
7840	134	5224
21991	134	2778
10308	9	6450
7676	134	2572
36	134	9719
23370	134	585
23152	92	4271
7380	79	22453
7357	92	22474
21504	84	7177
1597	100	21363
8522	134	2776
1485	107	39
21332	52	22601
25153	134	2022
8091	92	22584
22262	205	23990
736	107	3543
5459	134	22235
24972	107	9748
23510	134	5932
3798	134	6374
7105	84	3959
24053	92	7604
6587	134	7536
8087	134	5992
23092	134	766
6542	43	25135
25041	134	5995
10143	123	23981
24724	79	5934
25412	24	1048
7947	107	1054
2822	84	9748
412	134	3872
5514	129	9496
25401	92	4441
7264	92	432
21769	8	3554
6938	164	21641
8769	84	10166
21025	134	3281
4580	84	22405
23795	134	2288
23204	134	22245
21151	92	5770
3497	23	5565
6905	134	3575
4353	134	2778
24565	134	3776
1056	134	9798
8927	21	5332
515	134	5770
268	92	25138
21124	134	6289
875	134	23394
22980	153	9722
21481	84	8321
1136	41	1570
22689	84	3636
2481	146	7330
21926	134	7604
3475	134	3958
24125	107	7314
8315	9	5378
6868	92	23261
25478	110	3344
4966	134	21974
23685	99	1051
564	134	5074
3710	139	9561
8788	134	7585
23321	79	4470
9794	31	22794
1912	134	5227
21368	134	6521
8098	74	4053
4319	84	22274
24568	24	9452
22678	79	807
25013	134	6324
22964	134	22234
10351	134	2970
23736	107	9748
23153	84	8062
8816	123	6604
10419	107	24817
1557	92	22869
4773	134	7570
10422	134	4133
22877	134	8835
4169	84	9748
7390	134	3958
23031	134	3372
6835	84	24402
22672	134	8520
4912	134	10136
3454	24	788
23481	84	3626
23625	84	21132
24043	134	3372
4270	134	6324
1989	134	713
2628	123	3259
424	84	1054
6253	134	5383
2524	92	22235
7532	134	21120
6312	173	21646
21119	134	23913
8324	129	7464
22296	134	95
23219	129	9144
21170	41	2381
201	134	24908
1203	84	2685
22371	84	1904
6614	134	10074
9139	5	24082
3038	134	24499
23443	84	23562
23160	134	6324
22348	134	9952
5792	84	1401
6491	134	23261
4878	134	3372
5129	107	1496
8498	84	6185
9081	134	1311
4655	134	7712
8723	123	21009
9494	124	928
8760	134	584
5017	134	1605
21827	134	5590
8593	134	4422
21522	134	10109
1489	43	4637
5324	110	328
8007	134	2022
8860	134	2458
8325	134	5224
22999	134	9253
6215	134	2572
7484	134	1928
24507	134	25190
22501	92	585
24177	107	22980
6520	134	8340
22629	134	6324
6799	84	23463
127	5	10144
2226	68	9748
8227	134	1744
25426	134	9219
22142	21	23241
5625	124	23464
21735	134	5578
22244	134	766
22090	22	24918
24938	134	9719
8040	84	9466
4458	134	3701
23488	24	21386
10375	134	8387
25249	24	2963
6913	134	3281
21417	134	10136
1008	134	21767
3112	171	1131
21958	24	5673
5424	134	21944
8568	134	10022
4814	131	2771
8206	134	6226
22290	134	1928
396	134	3513
24405	84	4158
21438	25	22483
22333	84	25160
55	43	75
10369	84	10166
6514	134	8340
10032	134	9219
21996	84	7397
23048	134	5845
1404	134	24473
3244	18	9467
5974	202	7397
2255	134	2630
22033	24	23176
23507	134	21508
9974	134	23500
22864	84	2685
7008	134	25202
6045	134	8965
6267	134	4111
558	134	3041
4172	134	10430
24448	9	6993
3687	124	8767
8891	134	22539
21884	37	24091
7791	84	6348
5825	84	9466
6044	23	2371
1428	134	486
2270	134	25222
4177	134	23084
22410	134	1278
9769	89	2007
3914	24	21690
4965	134	3180
1953	153	6961
76	134	9790
5967	23	4958
7870	122	25210
4581	134	3284
9398	134	6
4183	107	22405
686	23	1138
21720	92	21519
126	134	4734
7914	134	1315
9704	92	24179
7820	134	1441
8100	31	4674
6233	27	2371
22067	134	63
24110	134	1797
8076	134	9176
7891	134	2000
449	134	5224
10323	134	7325
23614	134	25222
6500	134	1618
7937	134	3343
8640	92	1718
22433	25	10392
977	97	8927
3560	84	7397
7680	164	6454
5015	84	1079
9146	79	10335
6049	134	25110
24587	134	2000
3113	134	2000
1136	41	7515
9662	134	21570
5229	134	1928
10020	134	1451
24619	84	23463
6575	134	25495
24684	43	21341
22959	79	3296
9661	134	1576
2522	134	4807
3751	134	63
7481	134	4575
23438	82	23669
23020	134	5904
947	31	9164
7361	134	24448
6799	134	2876
1407	92	9063
7655	84	1401
1185	79	2913
9542	134	2338
8981	79	9251
4284	84	296
21111	134	4299
1855	123	23880
3604	84	9233
23932	139	6237
25139	92	4111
6261	22	22166
6450	92	215
25247	134	766
4824	79	2266
8613	43	5990
21080	134	6521
22058	134	23047
21726	134	7604
5738	84	8380
24223	79	6110
2394	134	2458
23152	92	22407
792	79	21783
23166	92	8226
23701	23	24723
628	187	10437
21502	134	9719
2245	84	3636
23685	22	24197
3851	134	9952
23463	153	5848
23561	134	22830
4923	41	1523
5720	134	5224
23151	134	568
6312	79	694
2755	134	22234
8366	134	7570
4592	134	8042
3363	84	2685
1206	134	2970
9082	134	3786
10490	84	4634
1143	84	1354
8093	134	2410
1982	134	5769
21053	134	3994
8700	134	8488
5441	202	1138
4240	84	4634
5813	134	2320
25252	92	2530
2804	61	21194
24821	134	10308
4792	92	2020
21048	139	2979
22375	24	1456
23073	24	21800
9327	135	24851
1081	134	1928
8143	134	4578
5892	84	296
4635	146	1582
1005	134	3074
10093	84	23463
6149	134	7054
24110	134	1576
1294	134	25222
4304	23	21499
22849	134	1743
6571	134	3372
299	134	10371
604	84	3308
21565	25	25369
21699	166	21641
23687	134	10109
1989	134	25110
24769	117	25114
22587	134	24826
474	92	5770
24319	134	7325
7068	79	8585
22800	84	23463
21457	23	22601
21392	134	1744
230	166	4846
5764	92	21796
7404	134	7536
23884	134	585
4214	134	24881
22450	134	1743
1607	79	3761
8495	142	10307
1515	134	22461
9166	84	1904
24911	84	6185
21206	131	23630
5064	134	7301
24142	92	24352
460	134	9369
7639	134	180
7332	98	3636
4080	134	22059
21443	34	1794
8799	134	2621
21754	134	2876
9501	79	24190
1074	134	10308
4409	134	8736
437	146	24631
25144	157	10195
9127	43	24414
23357	134	7492
1325	134	7817
23602	202	9879
25255	24	5803
8908	134	21198
6761	134	24826
25473	24	4401
10158	75	3610
23318	134	23344
3203	23	1401
25231	134	3958
2488	24	21170
6496	135	8050
4322	124	4430
7202	23	3626
7618	134	4339
8285	134	2410
22744	134	6228
2580	134	502
7921	84	23038
21186	185	24194
892	134	4680
22353	23	23990
25078	107	958
22835	92	2621
6799	134	3372
6715	114	4480
1672	131	8740
1273	41	8128
6518	84	2371
25115	134	24356
2611	134	2320
6991	84	7657
23160	134	7726
25150	24	10364
1334	134	3958
149	134	9061
5371	23	3626
10245	134	21944
4866	134	10090
24604	89	2209
7344	134	4917
6918	134	9176
21814	134	766
5907	18	8551
6452	134	24409
8895	202	4020
8733	79	8867
133	134	23419
1325	134	9789
22832	107	6311
21067	134	22584
24253	134	7492
22568	134	3958
6015	146	24631
3790	109	23950
3113	92	21572
7121	169	33
3489	84	1054
7998	205	24931
2744	134	8828
7916	51	4924
7477	134	5888
5726	157	9466
6786	41	701
24515	134	3343
9938	134	10074
6186	134	9065
9593	134	21655
1409	134	766
2374	134	24211
2627	58	7051
21288	146	25204
8819	31	5036
3046	185	5896
22317	92	2162
4163	92	9669
6158	92	21523
3068	134	3770
4226	134	7682
2314	84	2685
3090	92	10371
979	134	1774
2195	134	6442
3976	84	23541
5023	134	766
24593	24	8116
21847	134	5888
22603	134	8226
5010	134	22057
2032	134	24060
697	92	9719
6698	134	2346
23659	22	22869
22749	84	22601
23695	134	5065
21901	134	23344
6654	134	5561
9500	84	1401
7715	92	1861
3818	134	24624
3095	92	24624
23819	166	4418
6262	134	2000
21246	84	22139
1191	134	6800
1537	9	21273
5674	134	4807
3063	164	10187
9085	134	10136
8090	92	230
2182	134	22461
21140	24	7323
8808	134	4698
6507	146	2256
6161	134	7536
6813	129	2332
22106	134	22753
23705	134	24624
8118	134	8226
21348	134	1911
1914	79	24190
24053	92	22584
21574	134	2458
4113	129	2332
9710	134	1664
7414	43	8706
24130	84	22601
10413	92	22059
1007	134	24819
7459	134	8431
6083	107	3626
23456	134	1991
22087	107	4173
8039	119	23990
7015	92	4125
7795	134	8835
93	92	63
1662	134	2621
22163	79	2268
21272	84	71
627	18	1966
3306	84	23463
8469	134	3088
3985	97	2137
5042	21	22033
703	92	7852
10248	134	7438
1464	164	7140
4732	92	2819
5011	134	5648
6452	84	1401
4813	52	22601
9018	134	6639
595	134	23131
22782	134	1372
23943	134	3958
22194	134	9532
22948	84	4158
10431	84	4594
610	134	1286
8667	107	8380
10112	107	9350
21972	134	4282
891	134	24881
1770	134	4422
6186	134	23765
3142	134	6867
22131	107	9350
5133	134	5065
21492	134	5735
8373	134	10430
9221	134	3965
22701	84	10166
9368	134	24387
7613	92	2876
3285	134	4992
8605	79	9174
9441	84	8793
5759	134	9669
24374	134	5074
25469	134	22407
23176	79	22033
22454	134	5932
5681	89	7967
21864	92	3575
6905	134	8297
2553	134	21699
9204	23	9748
6877	134	152
1038	134	6324
22168	134	7726
3577	134	8488
455	134	21974
2759	134	21496
24119	134	10371
23938	92	8746
24015	123	2291
6422	77	6922
22548	84	39
8367	134	8728
21910	92	4680
22691	123	25299
24004	134	585
24608	107	23504
9889	134	5197
2688	84	7657
9839	134	10430
7297	134	5735
4642	139	9468
8608	8	23958
7616	79	25376
24264	134	6860
1007	134	23831
8711	134	2320
4259	134	9786
7086	134	22340
10193	52	22601
21616	134	24211
22751	134	766
4678	107	8084
8631	134	9719
9394	134	4111
24940	107	3636
3543	113	21168
21709	134	24387
4633	107	3636
4835	134	3180
214	134	10430
7202	99	25311
8823	134	8125
4794	6	8764
25359	84	2978
1469	84	5671
9014	84	22601
2194	134	7135
4655	134	10136
25049	23	9748
7128	134	22869
661	84	24779
1069	134	24499
2034	166	24723
6620	92	25110
7580	84	2685
23512	134	7992
5700	2	1966
7297	134	585
21927	134	6324
1567	84	24402
22524	134	5224
23144	158	24608
6154	92	2288
3800	124	21233
23781	134	63
6655	84	2685
22885	84	3959
1081	134	1372
24475	134	9457
21300	84	1401
23576	153	1032
9186	134	6745
8977	134	10022
3962	38	22438
7194	134	8042
8735	134	24356
2772	134	3223
8651	129	24673
9614	134	24356
9396	129	9795
8163	134	6639
822	134	2012
24415	134	23680
1209	92	7492
23301	134	5845
8098	141	4053
22681	92	23111
6533	134	23859
6226	154	4087
2719	134	23831
7448	92	5074
829	84	1108
22284	134	9991
24005	134	23344
21359	79	6334
4723	134	21746
6136	124	21958
8904	134	23261
2346	112	9736
5937	92	6814
4544	124	4430
2884	134	1605
25201	84	6915
1555	92	6324
21011	134	8214
24635	134	9615
22270	84	4463
23842	134	2320
4675	79	24483
1952	92	585
3012	134	21848
5055	134	21356
4761	92	24814
23635	25	22344
22190	134	9061
9170	84	6992
2293	134	8139
7095	134	5224
7443	134	7054
21608	134	5224
6748	84	4158
7238	123	2582
1099	134	568
22035	134	9471
24803	84	23463
7144	84	9479
1516	84	22405
6592	134	2778
5672	202	1697
2795	134	6639
21243	107	8380
23965	125	6185
21311	134	9789
1889	99	3626
2825	109	21986
955	134	2143
7113	84	4158
1750	123	9384
4657	110	8910
21025	92	10022
812	134	766
24896	134	1311
24551	134	7604
22780	166	6515
8716	134	9219
8052	134	2608
7191	23	5107
5344	134	25192
2888	134	6226
24016	134	24499
7495	134	152
6382	31	24743
595	134	6324
6985	134	2000
8041	82	5634
9451	134	8920
6199	134	1272
5482	134	8828
8150	92	9063
21920	134	8139
9450	134	569
632	54	23042
7439	107	3830
302	134	4528
9601	23	24402
24497	84	2668
7122	134	2346
8646	134	1186
5334	157	2283
5974	189	24402
21850	23	9748
5384	134	10371
4563	134	24499
21240	84	1138
9180	84	8380
6449	205	25232
23114	107	23950
2800	166	22601
105	31	6109
21769	23	8999
1569	134	182
2178	134	9790
5716	134	9522
3025	92	24819
9619	75	3017
21625	134	8748
435	134	9063
372	134	21508
9330	84	1401
7361	134	8965
1958	134	152
4556	134	1311
8462	68	6803
23264	134	4125
24250	134	2320
8329	92	8635
23942	134	22234
987	79	22902
4001	139	24420
4392	166	2368
8497	134	8828
866	161	5182
24926	84	2371
24291	134	6226
2832	84	23811
235	84	23463
4638	107	958
3482	67	5671
25449	134	8920
22152	134	8965
21044	84	4158
200	134	585
4702	134	9065
6605	92	2000
1641	134	7604
3617	84	10166
4278	134	2446
22550	134	22309
5774	89	21836
24904	134	9219
6977	24	7945
22730	134	5932
6840	134	2162
4483	134	443
21501	92	1417
9817	134	3180
5424	84	1904
7355	36	1182
25161	134	23568
10167	142	769
240	107	2917
9919	134	2000
23377	134	8297
6888	134	25138
22974	84	2685
6925	134	3691
9553	146	6601
7488	134	182
6036	123	4071
23444	134	3273
7838	134	8297
9915	193	22124
25029	134	9065
9209	134	21039
22383	92	8420
23366	134	8835
7666	134	2458
1103	79	2120
9221	84	2685
22545	134	22583
22965	134	23344
2562	39	4125
22089	23	6454
1409	134	2876
4492	134	1743
9456	134	7604
7378	151	8413
1214	129	23634
3532	134	23047
21759	41	2381
475	134	8920
64	134	6960
1085	185	21918
9237	134	585
9130	25	8006
23295	9	22383
4858	55	7407
25141	27	4200
5371	146	1694
1414	134	23486
2093	134	6226
9963	134	24908
24311	134	23111
24029	134	24881
8670	134	2458
24440	134	6860
22783	134	22235
2237	134	8965
128	43	7938
7094	92	6228
7747	134	6324
24512	99	4875
5958	24	23737
1268	129	8160
7916	143	22823
2750	65	6050
24665	92	3273
6034	134	3572
9978	25	8006
2041	134	8071
4652	134	21356
6895	24	24439
24896	134	9522
24839	79	580
1517	67	7397
4995	134	5992
25051	84	7314
6410	134	10109
25057	84	23463
5464	134	6289
1651	134	24179
3764	23	107
8056	134	766
7839	23	1401
22155	112	7042
1584	129	24673
21131	134	22584
6217	141	8844
6970	134	8226
5182	161	866
4736	187	4736
23263	134	4205
8759	134	4271
139	92	1026
5325	107	6185
9458	146	8228
10273	107	3054
9791	134	2621
7898	84	1496
2531	134	3691
10460	134	6226
6519	134	3575
9971	92	8431
23058	166	21641
8554	79	820
22373	134	23344
7505	134	1744
1477	134	22474
5456	84	10166
25265	166	3170
9665	23	1401
3034	142	1815
23447	84	10166
24181	92	5971
6399	134	2530
24995	134	6374
24252	109	1017
23674	134	9719
22666	27	8050
7382	134	95
2109	134	8297
7113	134	692
8779	134	24197
2715	134	2410
8712	107	23463
21184	134	1278
23516	134	766
652	134	21122
7045	134	22407
165	89	7109
3458	84	23463
23323	134	8520
8598	134	568
9902	134	3273
1883	134	2559
23956	134	10109
23774	31	9116
598	21	7373
4741	23	4956
23911	38	2923
6244	134	7151
24000	134	8042
4719	134	3372
21075	134	22234
23064	134	2005
9725	84	22575
22841	134	8139
9382	84	22601
1111	11	1161
791	134	9615
4206	129	5165
24691	134	4422
2691	84	1650
537	134	6324
3342	134	24881
9256	134	23578
9547	134	1928
2023	84	23463
3386	121	2397
9954	92	7135
24150	134	5954
4682	89	8910
9889	134	2458
9355	134	10051
24887	84	9748
413	84	1401
1462	134	24179
6328	68	1138
4703	134	3965
1213	41	2918
3325	134	2020
2888	84	5565
1879	134	7492
3025	92	2000
993	134	7135
22306	84	3626
2229	84	1986
6623	79	7707
9231	24	9265
6610	134	1286
2434	134	3958
8371	110	24554
7543	134	2446
1575	134	2572
4029	84	1401
1946	84	2371
3798	84	3959
3569	151	7825
6636	146	8080
3405	134	9176
6902	79	10312
21590	92	8687
6116	134	24448
5706	134	7399
7203	129	9013
177	134	22525
21068	92	3074
935	134	25106
24122	107	22980
6974	134	23887
10080	134	766
9978	25	10392
2017	84	1363
3081	52	22601
8194	134	8226
4272	134	21039
7530	134	1286
762	185	24697
21616	84	5675
21584	134	24570
1657	84	9479
2706	134	9719
7928	11	8156
6363	121	2397
24178	134	7151
9216	38	4404
637	43	40
2840	65	1347
3214	134	10051
23433	109	7143
10404	24	8104
9559	134	230
1790	134	8494
21298	134	21508
259	89	328
22691	129	997
7139	134	504
21369	134	2410
3165	134	6381
3411	43	8688
1348	124	6660
9461	134	7536
2441	92	25190
491	84	1904
21294	134	25222
5627	79	6527
2044	84	24402
21742	134	3575
4786	134	4369
743	134	23686
22710	84	3636
22500	134	2410
22960	79	10494
707	134	10136
9155	92	5244
9150	134	21539
806	84	5671
24041	161	4721
6648	92	10136
4479	166	7314
5337	134	9471
21518	134	3223
892	134	3958
22277	134	2995
23127	134	2282
7338	129	7890
7086	84	3626
10428	134	6442
1253	23	9748
23851	134	6484
24669	134	6228
23215	134	21195
381	134	1278
4175	134	4883
24983	134	21912
25460	134	9747
24716	134	6860
6616	58	7048
2422	134	3466
22935	172	7397
1206	84	9748
5551	84	7397
2646	134	8431
3451	134	7862
6883	134	21944
5515	134	9522
1121	134	24826
8231	22	25222
23930	107	4634
5217	89	1597
248	134	22245
6329	134	5888
578	134	23084
23634	110	2852
6613	139	25114
557	24	8157
1995	134	24153
7280	205	2552
1905	121	2397
9430	134	5224
6570	92	21506
7545	84	24364
23125	134	4680
1054	145	3670
24711	98	3636
3480	25	8006
3346	134	6639
2089	134	5068
4530	134	5735
6517	134	4422
3607	84	5107
4402	107	3636
23029	84	23463
21753	134	5227
3766	134	25190
893	134	9798
23212	134	2995
2432	134	8399
1245	124	3370
4496	166	23463
756	139	208
65	134	5197
7183	84	1401
8337	134	9532
9897	92	1744
8879	84	4337
893	134	8226
8719	201	7049
6631	134	180
23191	155	8512
8199	79	22175
22057	166	2371
3213	134	6814
25304	134	8399
25305	134	4392
630	79	24223
6428	92	1278
7212	134	24624
8253	134	3965
24429	134	23765
9314	134	7624
3127	134	5224
3393	23	22601
24254	134	1286
4231	134	9135
22368	134	9838
9654	143	22746
1790	134	432
7782	134	5074
8234	134	21496
8068	113	2518
2211	84	9748
3302	110	2549
346	84	71
24967	139	22484
8611	92	4528
9418	164	22980
7595	70	24352
2956	166	7314
23654	134	21284
9312	134	7604
605	134	8042
8605	24	7049
1420	134	3180
8766	92	4578
1821	124	2847
1870	134	6639
24937	134	24197
22211	100	5538
1474	134	1256
726	84	25020
10484	134	21039
24483	79	3535
10399	134	8920
8346	84	3150
6474	103	2685
3827	92	2621
22018	134	1372
24901	166	10190
7827	134	2970
3923	84	1906
7699	134	24881
7772	166	71
2165	92	21706
8346	134	3572
184	92	5735
6922	23	1138
24170	134	5590
6665	23	2685
3288	84	10166
24835	79	3066
9396	140	7695
9218	107	24402
1293	134	9385
24799	129	5165
8234	134	3776
23843	134	24826
119	134	22447
7822	134	22683
6241	134	9522
9528	92	432
3763	107	9021
22007	92	24624
23534	171	22985
24919	164	4958
340	84	4158
2551	134	4133
8771	134	3281
6507	146	5031
7767	171	23101
23029	134	6324
4942	134	3432
21797	134	24624
7667	134	21655
23832	135	492
10426	202	6454
1081	134	21041
9533	134	4807
10271	134	24555
5202	84	1904
3173	84	24763
6067	134	1311
1409	134	9790
23954	107	3636
21942	134	24901
5571	109	232
5143	79	6080
7649	107	24723
3742	134	63
3706	134	23344
9311	79	3716
21999	134	25277
24881	166	2371
25468	134	9065
21016	134	8042
3408	166	9154
5021	134	10072
7051	157	9443
3501	84	6311
3357	134	3372
23674	134	23578
4198	84	6803
8219	84	5671
25243	84	3959
9938	134	766
9223	134	25110
4941	92	6860
9600	134	1744
21863	134	1744
3337	134	7326
21899	84	3626
10280	92	10136
4785	92	22407
23450	134	584
1858	23	22601
23406	92	5770
21620	92	9471
10193	20	4920
24501	84	2917
5764	134	8488
4072	84	296
9872	134	3965
255	129	3655
4750	134	2000
149	134	21655
50	134	152
23711	92	21039
8093	134	585
21954	134	3958
7253	123	22475
8082	103	958
10160	92	5423
21573	134	21496
8001	134	3088
5822	134	679
3972	107	5565
25223	11	24024
5764	92	7349
23847	84	9748
10023	92	2778
5592	79	21350
25261	134	6464
21374	134	9522
5559	31	24099
7789	84	2917
21232	134	5735
10478	134	4575
5992	166	4039
2065	134	4111
10392	164	23990
9739	84	2685
24013	112	24999
2712	24	22361
10289	107	23860
7022	92	6228
9914	134	22830
2816	134	6226
5696	38	3753
8799	134	3572
783	134	3432
24277	134	2357
9077	134	3088
23690	134	1928
23097	134	24431
2554	5	10158
22720	92	3180
962	124	23077
25140	84	21843
4515	134	22234
5717	134	679
6072	134	4133
183	134	22683
2440	79	6719
2801	134	22235
21770	134	5648
24137	24	3220
5103	134	10136
2361	134	23578
22153	52	1401
6033	134	2369
1463	134	22059
1236	110	5760
23022	92	5932
2216	134	23058
21036	84	7011
21407	134	2320
7181	134	8387
4778	134	9385
7047	23	961
24150	134	10109
25053	6	2479
2742	134	25050
22133	84	23990
9403	67	2685
24322	134	4495
2733	134	21356
3775	92	22461
24411	134	22583
7613	134	3691
24861	107	8380
22132	134	9176
6587	134	8728
4929	134	10022
25081	134	23831
8160	84	3636
23524	116	7397
2936	84	22274
7082	24	9831
7008	134	1286
9274	31	6679
9110	134	3691
9273	84	2685
8740	79	25372
4115	181	25183
10483	134	2458
6323	134	9847
10300	139	22492
654	134	25495
22593	134	3965
24571	134	22234
23193	134	106
1298	92	7831
23781	134	22583
9159	47	1401
694	24	6312
21522	134	3372
10366	134	21570
2588	134	24356
4872	84	3731
6230	146	21659
5819	84	9350
7102	84	24518
5199	79	2836
24814	9	5445
1641	134	95
7741	24	10419
3336	84	71
1851	134	24104
8904	134	2012
2040	135	23415
2875	134	24412
6534	134	23261
22133	134	23441
8714	134	22869
786	166	22601
8640	134	22230
8307	134	1234
23189	202	1401
6979	134	3180
5566	193	6506
25117	84	23463
7345	84	5671
8620	134	23913
8294	54	24424
7748	23	8239
22290	134	2876
4646	134	3338
21910	92	216
10209	43	1176
3584	84	10166
5042	191	4365
21580	134	24387
474	134	22525
25239	134	21356
173	134	22683
2417	134	1700
23609	134	8226
7844	134	2970
8303	84	1401
21098	24	22960
22960	24	23574
2439	202	22980
9975	134	5735
8894	79	23255
5413	84	2685
3445	84	5671
896	92	24071
25168	134	486
370	134	25390
9837	79	21083
1000	43	949
21962	134	1026
21926	92	1217
7600	107	3935
21682	123	9677
148	134	24848
6096	134	2530
389	134	6797
903	84	23811
280	92	9176
4006	92	6994
7689	134	5845
2131	134	5068
7480	107	1054
10118	84	23463
575	134	3965
1757	123	4803
684	134	9065
21403	79	7826
22220	84	3959
8193	84	4634
21829	134	2970
835	97	4034
22111	134	22230
3552	134	21650
5167	92	21120
8543	134	2020
1237	139	2549
9802	134	6814
6748	134	2022
24196	134	766
21678	134	4355
1515	134	2530
3353	134	22057
8011	31	2631
1179	134	9669
25499	42	2931
22862	107	1108
3149	43	6810
24288	134	10045
6021	92	22309
10033	134	21041
5264	92	5648
747	164	9380
25341	79	10372
21083	107	961
2142	23	7397
5489	134	24848
5910	134	23111
8833	84	1054
1124	90	9561
604	134	6807
4483	134	4606
1561	95	1391
922	134	6317
24619	79	7864
23625	134	22407
9703	134	4680
22125	134	8520
8407	84	23463
1322	134	7682
9350	145	2964
6273	134	1441
444	79	21315
2873	84	2739
24619	107	23463
7580	92	3333
4015	134	7134
6165	166	1401
7961	84	5671
25209	134	9065
23327	43	1646
6498	134	3180
9657	84	2371
6435	134	9065
10144	75	3610
23342	134	2288
4396	107	1401
4978	84	1051
23201	24	8740
24156	158	23963
5135	99	22980
7075	134	10491
22760	134	1605
5540	134	1311
5652	134	6960
9189	107	9350
23452	134	8920
5985	123	25324
24329	134	22234
21322	134	5273
21329	134	4417
411	23	23990
5142	107	7397
253	134	22234
4746	134	2020
7521	151	24921
6701	24	7779
4880	134	7135
7798	84	25311
8559	92	8488
21626	92	9798
10042	134	5154
3167	129	23634
5755	89	6237
21192	84	22405
6188	134	10072
21481	84	296
8434	84	2668
7037	134	9135
9076	134	3965
1576	166	1118
4985	92	2346
4188	92	8226
7475	134	7135
277	84	1904
3351	134	2970
24149	84	1639
1480	52	1966
22624	134	22584
3324	134	1576
877	23	6749
6040	134	21520
9444	134	9065
9819	92	21964
2883	134	5590
24823	84	4594
9439	134	3180
21950	84	10166
10342	24	22430
3242	84	6157
1499	166	23463
25439	172	24402
24312	99	22601
9497	67	22980
488	134	2970
23632	157	2283
23457	92	1928
21741	134	2778
7901	134	7819
2205	134	4111
23923	84	9214
21531	134	10109
3950	134	3965
4185	134	21655
21189	134	766
4307	92	587
10283	92	9719
25498	103	1904
2873	134	6442
2250	131	7186
2939	134	23344
21986	31	6516
23407	134	23539
23796	134	1286
1604	134	3786
345	134	2621
4406	84	3530
8987	79	23026
24770	134	5068
25431	84	5671
499	129	1237
21991	134	24826
5755	43	9677
22224	134	7135
8763	38	3921
22146	84	23463
10062	84	3626
23709	134	5932
5951	23	2371
22642	119	2685
2321	89	2209
9733	134	6228
8633	134	2970
6548	134	4417
3356	43	5644
5191	38	9121
23446	59	23115
22681	92	3273
6147	89	9630
8305	134	5578
279	134	23298
341	134	1286
951	84	22601
21419	134	3180
5266	134	21570
2379	89	9953
5033	79	8199
6857	134	9061
4983	134	25487
21693	164	7458
7693	79	22481
2432	84	22081
3305	84	1400
1769	134	3534
2525	134	21572
9644	134	10109
1008	134	1991
6840	134	9786
9516	134	23380
2100	134	3273
22126	134	3223
24415	84	1054
1027	134	22461
673	134	4248
7573	84	6686
22336	17	7274
322	134	23578
5530	205	24931
24742	134	10136
4660	92	2736
8868	84	10166
24842	205	9748
4410	134	4992
799	92	1576
1711	134	21912
22882	134	2630
1479	87	6023
9984	134	4392
21470	23	10166
24853	134	2199
671	134	1537
7705	134	6851
6344	89	7984
6562	92	3572
23583	134	1744
9073	23	7397
9073	25	8006
3456	92	4680
6689	107	9748
8326	134	10051
22195	134	21655
21284	9	24170
3729	84	3543
21171	134	21120
22827	111	24608
6738	24	21383
2767	89	1997
2961	79	6256
1091	134	531
5486	67	2685
9960	134	8226
23408	134	10136
1297	153	6961
22479	134	22525
24377	184	24599
1407	134	2970
5616	134	1605
3126	24	25286
22314	134	9065
6732	151	23915
7082	107	2685
24640	107	22601
8352	107	958
23243	134	22936
2441	134	7536
8183	202	22575
8478	134	25495
24756	84	25311
25300	134	5950
7385	92	8835
8212	142	9729
24942	134	216
7959	134	25192
4620	107	1138
133	134	7021
4908	84	2371
3231	107	5107
1247	134	3180
1	134	8244
2680	134	24448
2754	110	3504
691	84	4158
984	24	10073
21417	92	21854
21533	84	10166
8857	134	10109
24176	92	21356
1517	79	6817
24014	134	544
22100	152	1054
6960	9	7316
7469	134	2970
21036	134	1256
6232	134	1037
24262	193	23494
3195	134	22234
23435	134	2995
21319	107	4454
2425	123	24015
6891	134	1931
24194	23	5565
4151	59	2983
21107	134	8828
2804	52	21194
24417	134	3432
6008	92	9522
7289	89	2209
3169	134	21039
9771	84	3959
2951	134	21039
22835	92	24881
6292	134	1286
9829	92	3338
1518	134	23486
24350	164	8401
25335	134	1743
3334	92	23259
24916	107	9233
8404	41	8104
8700	134	6492
386	134	25190
9730	43	749
5203	84	2371
2846	92	2322
1210	134	2215
4119	134	24590
7815	134	2162
9502	92	25192
362	23	10187
4359	41	10404
25152	134	9719
381	134	2410
24121	134	5695
10245	84	1904
10099	134	3208
6740	134	8139
23567	134	25495
217	84	3626
22989	92	2530
7596	92	21166
2065	134	5197
3240	134	4734
4907	138	6185
1042	134	25138
9475	134	9492
5247	134	6860
1556	109	24763
2062	134	4680
1046	92	63
23706	134	4896
25292	134	4045
23316	92	439
7636	153	528
21472	134	3994
3622	134	9532
21190	92	7604
9765	92	9065
5486	107	2685
22742	134	1743
6775	134	7326
22507	84	8062
24804	134	1441
4396	134	9532
7795	134	1037
3397	134	3198
9319	134	2776
23980	84	4158
22717	92	9952
22276	134	9615
24536	134	2572
8177	134	2621
4182	146	25204
1384	134	21572
2551	134	21120
7165	134	10136
4003	124	2676
2200	134	3958
23676	92	2346
2259	107	6477
22394	134	432
4577	84	22929
22009	134	10109
21415	134	6324
5288	24	8363
21847	134	23111
3783	134	8226
4141	38	25126
23221	134	9457
22636	12	1508
3862	134	23280
10401	67	10166
21030	84	9879
22069	84	23463
418	134	22461
21139	24	5584
22275	123	22172
863	187	4391
24458	134	24826
3947	134	21944
7959	84	2917
586	134	8387
9485	24	3603
4306	41	21577
4368	11	1145
25077	134	2608
7220	92	679
6995	79	22773
8735	134	6226
2803	134	23913
2564	84	23463
8950	134	9838
2491	84	9629
10232	25	22344
2097	24	8585
5612	84	5942
24511	84	2365
4373	31	5408
8313	166	1108
1844	134	9798
22951	134	25495
10443	134	9952
3359	92	1744
1935	134	21964
355	92	25222
7437	134	22234
23905	84	2371
24228	43	22826
24003	185	7065
2855	43	7168
4767	84	6731
3939	24	3633
8631	134	2000
24898	134	3223
3624	23	961
235	92	8125
8625	23	1401
24722	134	8748
9058	143	22823
1804	134	1576
23215	134	9671
24349	134	7152
6747	84	7397
6024	43	765
9262	134	10051
22983	134	8106
21401	124	7430
4117	161	3209
23766	24	21435
9267	11	23563
622	134	8687
24836	163	5730
4616	134	2320
23037	84	1401
8796	84	3626
3999	23	22980
24981	185	23832
9073	71	24871
2124	79	8059
2633	134	8488
24019	84	1108
6051	92	3691
7246	134	22987
7982	134	9798
22479	134	10109
7288	134	6442
2454	18	22980
1680	31	8086
4110	205	24755
24380	134	8244
22212	43	9259
5384	134	10136
25095	21	3111
3077	134	5590
21414	34	24203
489	92	6226
8815	163	24767
23454	134	2776
2857	92	6212
1447	134	3466
1297	25	6961
2532	92	4680
22531	52	5400
3431	134	7992
8123	134	2776
1910	134	7466
6147	123	4371
22646	92	6000
5528	134	8488
24745	134	24881
8540	134	7300
8060	134	23058
22491	24	24011
25225	84	9479
10080	92	9790
22111	134	24179
7865	67	23950
3119	67	1400
8706	89	6607
24080	92	585
9044	134	6226
2549	110	4171
23498	146	8870
5651	134	3958
929	107	9748
330	100	6402
9078	129	22894
2312	84	296
4662	134	24071
2660	134	585
1019	84	1079
7041	25	22402
6457	134	3965
25385	59	2974
23019	24	5545
6284	134	10045
5762	171	9667
21136	84	10166
22356	84	2371
5363	79	7209
23959	134	8226
9469	92	3994
25482	128	8013
5115	134	9176
2034	166	529
5267	134	25222
7122	84	3626
5679	134	10140
228	99	2328
7745	124	24054
9902	134	5735
2946	79	6256
4468	134	9790
8237	84	7140
578	134	7604
24636	89	7493
24617	134	9532
7480	84	10166
8468	151	6805
8977	134	766
21735	134	5845
1243	79	1393
6969	134	10090
8402	92	3281
24198	134	8387
24355	134	5735
21735	134	6484
23224	84	2685
600	134	4111
10361	46	10255
5832	134	22525
10062	84	2917
22003	134	766
4946	84	5565
1310	134	25106
24012	41	309
343	84	3605
7204	84	9748
25166	134	8310
6766	134	2369
7807	84	296
4565	84	1904
7363	84	5671
636	134	9219
3236	134	766
9433	79	23497
5866	134	24387
4377	134	443
24183	134	21567
9109	98	2283
4857	134	23913
2214	134	25487
5974	125	7397
21438	143	22746
1063	23	3543
6734	84	1051
6695	129	22517
7092	134	24448
23703	134	443
22879	24	21170
2745	84	9350
23275	134	7492
22652	129	8299
3531	84	8380
24030	84	5671
24465	92	23179
9326	92	8297
24687	134	21912
25387	134	10051
1428	134	8244
24913	96	21326
3799	92	585
8513	123	2161
22853	92	8431
6950	134	2776
6515	23	3626
23791	92	9522
5125	134	3958
6413	84	2371
22615	107	1108
9434	134	24387
6866	84	2685
22807	84	1904
9615	9	2285
23415	23	9748
5997	84	6185
337	134	24381
6881	134	24989
3493	84	2739
668	24	2070
4227	85	21857
21406	131	4475
3527	134	644
860	134	2736
3992	134	9522
7607	149	22250
5534	84	5671
824	18	8380
24384	99	23990
935	134	2020
22788	134	23344
22088	134	21572
8185	124	7513
24605	79	1607
24072	134	24819
21598	134	2572
8375	92	23280
6873	134	679
4914	107	24402
23877	134	21120
23259	9	8685
8044	134	9790
23947	134	22234
9076	134	22234
10280	92	25487
22872	92	5845
5630	134	8520
7981	134	9385
7159	134	25487
23172	134	4528
310	92	679
10382	134	22584
6457	134	8297
24206	134	6324
23555	134	22679
6244	134	9219
25443	24	3188
7342	134	7682
23618	124	3463
8730	134	1718
21161	146	6611
9925	84	25160
2440	41	25
3209	24	4003
22263	99	1496
1833	123	7442
1611	110	23672
23639	92	8828
1568	129	3323
24808	84	9021
21099	92	1928
7239	164	24931
718	23	9748
2718	134	5197
5634	31	9178
21549	84	1904
7719	92	9065
2741	134	8828
963	89	2852
909	134	8520
5249	84	1401
24822	134	8909
22255	107	21499
6433	134	4417
9246	134	2458
4974	84	7397
23943	134	2778
2959	124	3027
6788	84	6406
21190	84	9350
9095	134	21964
6927	134	1286
4563	84	25311
21622	84	296
5612	134	24590
3011	84	5761
24645	84	9629
25443	79	514
21902	134	2621
6948	24	2175
6183	107	8551
6759	92	2995
4037	134	3333
22205	79	24836
10009	92	5971
7646	134	8488
25429	134	8139
1571	134	6860
4225	134	9798
6083	84	3626
6131	191	2371
2018	31	22653
6154	134	5065
10397	67	8380
25310	134	21655
22568	134	1744
22215	134	3343
21579	107	885
6169	24	7091
1380	43	966
6568	21	22867
9650	21	5182
2826	134	25138
9574	79	7275
3693	164	3308
4082	84	22601
6423	89	25114
2232	98	3636
4070	92	21944
544	166	21862
9864	134	5590
8190	134	9790
995	84	10166
23017	107	9748
6314	134	9404
22394	134	7296
6241	134	2022
21619	134	5224
5755	129	6237
9637	134	4896
2781	134	10022
8732	134	25487
23202	23	22980
9881	185	22508
23730	84	3636
120	92	5212
6002	134	5735
4493	24	6660
5543	84	2371
3526	41	7612
23997	134	7604
7446	114	375
21980	134	23539
6088	134	3223
1881	164	22575
24	18	3605
964	134	7624
21045	134	8106
482	84	2917
8232	84	7030
3281	9	21025
6687	31	6780
4012	134	22525
21440	134	1664
10303	84	23302
25026	134	486
2419	84	10166
25433	92	2162
10138	134	5954
10204	40	7026
21272	134	24901
8812	24	7064
5798	202	7397
21464	84	5565
23745	92	21198
9097	134	4355
5369	134	22245
22695	142	21556
22078	84	2283
6840	134	7492
5996	134	9669
7861	134	1743
4658	102	24871
7078	11	22559
23351	134	6639
7806	23	4634
8956	134	5590
22433	25	7286
492	23	3308
7313	99	3605
8094	84	10166
3075	134	3281
9947	134	4680
4004	134	6814
21839	134	10371
7509	79	25215
4848	43	1223
4668	107	7397
375	142	7446
2599	134	23568
8149	134	95
2966	134	21854
6995	124	9128
7510	134	2458
22811	107	24784
710	134	10136
22443	134	6374
6839	146	5085
24793	92	8920
4458	134	25106
4644	24	2179
7201	134	23047
6074	134	9063
25235	92	9838
7312	134	23047
9119	84	3636
25459	134	9719
23513	92	2000
5925	99	1079
9976	41	1672
789	151	1560
422	134	9719
37	185	22221
5010	134	4417
21458	23	7397
24165	143	22823
6222	79	23412
2212	164	7742
3292	92	24989
24945	134	22407
5345	134	7054
5267	134	1217
6695	43	25472
23440	84	7397
7168	43	4013
22377	134	9790
9473	134	6521
7285	134	3958
5784	134	21496
9573	84	1401
7164	84	6915
8157	124	1292
25294	134	4271
7763	92	7296
1622	84	23463
8732	92	25487
8388	134	504
515	134	25495
400	89	9144
10364	84	3959
6813	117	22024
1033	84	6311
24659	84	1138
10356	134	2458
6504	84	6915
1784	52	1401
6545	134	23084
1020	17	2280
731	134	9061
21095	24	2191
864	134	3965
1821	24	2847
24540	134	2020
7616	107	9467
10383	146	22044
7444	134	7536
6882	92	22230
24100	134	21268
25433	84	24402
24441	134	486
2262	134	95
22413	134	9532
2097	84	961
577	92	9578
9297	134	10308
8186	89	7493
10034	134	22474
3637	84	22569
10056	134	5244
25161	134	7585
2402	134	21520
2514	134	95
24395	124	4881
21846	134	9176
21422	134	5648
21208	134	5244
25300	107	23950
8477	134	25487
22368	134	22057
112	134	1417
5672	135	2371
22500	134	3786
3038	84	3626
4403	84	7314
23130	134	9219
6520	134	25487
25438	92	3198
22026	92	23913
24995	84	23463
9040	153	8006
21763	134	6958
4734	9	22223
9197	89	9250
4792	92	22230
8669	84	2685
6386	84	1401
2585	124	676
23852	134	23831
1954	134	2005
6921	92	8244
3694	134	8728
24199	107	1108
5709	134	3691
5917	134	9385
1791	207	8380
5200	23	8380
9244	134	21572
8057	84	23463
1407	134	8387
9606	134	6521
5444	164	22980
23934	107	7011
6734	134	22245
3603	67	7397
8250	112	2251
21994	83	9199
9049	134	6374
22326	107	2917
7321	92	8297
5911	123	21997
21633	27	9748
2057	84	71
8847	134	2970
746	134	24499
6454	153	9224
6273	134	23259
4212	142	8802
24811	24	21873
6802	89	25114
2186	134	1744
9084	134	22447
7986	84	9479
8255	84	25160
1014	134	5074
10271	134	8297
3980	134	4992
2981	110	96
6628	134	1537
4165	134	24819
6688	134	504
21721	79	7158
9101	134	95
5429	135	1800
23458	124	3144
619	99	23990
6878	134	5212
22232	134	6814
10413	92	22461
5047	84	1401
4060	117	25114
9262	134	4680
21586	43	1160
10322	134	22525
4505	134	8828
1577	134	1576
24782	139	10319
10033	134	9669
24913	121	2397
2347	23	961
9978	51	4924
2808	134	6860
4922	164	9083
249	92	9847
5294	134	9786
8397	84	10166
8449	25	23395
6738	41	24615
21287	134	6814
21528	107	2663
24147	84	1401
7392	134	4076
9910	92	8655
6871	84	2917
24336	134	4680
22674	134	2736
1973	11	22233
22618	134	766
25394	134	3575
4512	134	1576
932	84	24262
3738	134	9016
3950	134	8297
7266	134	3958
22706	134	21944
21268	166	9748
8774	134	4992
860	134	6800
22620	121	22823
9047	98	3636
7406	134	63
23899	84	3626
21805	90	9338
2083	17	23647
2097	84	10439
22715	134	4133
9642	134	9492
7240	134	21039
2190	134	10430
5735	166	1496
4406	134	504
8427	79	8605
22990	24	6166
5161	21	1992
2109	134	21974
1803	83	8664
7928	146	5984
22573	134	3958
6354	134	6228
4785	92	1744
2946	79	134
5908	134	2005
8833	107	1054
1559	134	3223
1148	134	9719
7933	134	2428
25278	161	2256
24883	134	22230
2110	134	10308
24680	134	4133
2660	92	22583
9910	84	2685
7196	134	24719
23029	84	7317
23842	134	5074
3229	134	3513
21180	134	5062
9227	134	5992
21545	107	3636
10260	92	432
21760	124	10152
7088	134	21356
24131	84	646
3095	92	6226
22647	134	23084
5592	23	7397
2273	92	4575
928	161	3820
6954	43	226
24105	134	24197
1095	129	7799
1998	84	9748
10172	79	1048
6585	84	25311
2168	134	23500
23374	84	71
7425	134	3872
9325	12	22250
22534	84	9748
8489	134	1256
4447	24	22498
3964	84	22601
8673	123	3417
21443	62	24123
4739	79	24125
9468	139	4642
267	84	2371
5373	92	21284
23163	191	1297
7826	79	987
548	134	7726
5367	134	9219
1608	134	2995
7039	134	95
930	134	22525
6288	107	7397
8587	134	5220
8258	84	24364
3804	134	8728
23503	134	8297
863	103	2088
2408	134	8488
24001	84	1904
9685	134	21655
4948	185	6209
10455	134	21854
6629	52	22601
24181	92	24356
2516	84	23463
23160	134	25222
2432	134	8106
25346	134	9522
2582	129	25114
3324	92	2970
8442	23	9748
6722	92	9492
24574	134	24819
8641	79	3598
3552	134	2203
3187	25	8006
5089	134	3786
6422	185	7016
23879	134	9532
24787	134	7135
8538	27	7397
21289	134	5992
2289	79	7327
22767	84	10166
10189	134	7135
6971	134	8226
7620	134	22705
9365	84	1858
21131	134	21520
967	134	24826
6231	23	8380
1247	134	3691
24703	134	8125
2878	134	766
8229	134	5845
7871	68	1138
453	84	6678
8809	38	7131
21208	134	8340
4275	142	3533
751	12	1508
21739	107	25087
9883	134	7151
24990	134	7585
1114	174	8023
21105	134	7492
21729	134	1372
258	146	25407
2250	107	25160
1721	79	4134
8360	166	5169
6803	25	3693
6518	134	4133
10110	89	22714
8703	134	21120
931	134	5224
10157	134	21041
740	22	25050
25273	84	1054
10324	123	2006
2738	5	3610
23524	116	24549
6265	134	8387
23607	166	3523
8788	84	23463
9992	99	296
21312	84	25160
3516	134	6289
10328	134	2149
24948	84	10385
2732	134	3273
21061	134	9798
1009	134	3281
1413	134	22234
3840	134	7125
8250	22	22340
22754	22	6287
7767	11	7903
3100	92	713
2540	84	1496
4984	134	3223
21786	134	21519
6961	164	6749
931	134	8431
25476	134	3958
7056	84	3170
10147	134	10430
23216	134	24686
4965	134	7585
6294	134	9061
5133	134	585
22537	134	9798
3786	166	3747
24066	84	1401
6980	134	23578
8376	129	25169
8058	134	9615
9014	134	8431
21428	107	9748
24705	134	5590
405	41	10379
5961	84	1496
21867	79	5544
22350	134	2000
23952	134	22836
5171	164	2371
9100	85	5214
9125	84	23463
23998	134	21854
9489	134	5383
24145	84	4118
3394	84	2685
8229	134	6639
1388	134	8965
23613	134	6226
24972	134	10051
9238	110	21836
9642	134	21039
8897	146	5593
2849	134	8965
22252	134	5212
10268	134	22830
5902	79	2404
4388	92	22235
806	134	8920
3569	151	7903
7935	92	4896
3550	134	1928
4085	52	1401
1857	164	8384
21553	22	24590
22809	134	9404
22897	134	2162
1051	178	23418
22083	134	24590
5399	123	22946
8370	23	22601
24609	131	4923
7082	161	24774
22926	134	4807
2901	134	7585
25448	134	7682
762	135	8050
2880	134	7717
7216	134	23344
23271	23	24364
23409	92	22836
22649	134	21655
25012	134	8431
21220	41	8967
7471	141	1716
21914	134	25192
7998	205	7143
201	92	10140
4085	52	22601
22468	134	1286
6459	92	9786
7641	134	22234
22834	84	9748
1587	47	7397
7124	99	1966
21569	134	486
25459	92	6994
24648	134	25138
2496	134	22525
8597	134	8042
5773	134	2608
6091	134	25287
4669	134	2736
22209	134	21039
6782	134	8226
9252	23	22601
5244	166	25046
4796	134	4189
5797	134	3786
5275	134	22230
25164	79	24391
2700	134	23179
21003	185	25316
2455	134	443
8114	92	6814
7066	134	21655
7678	134	9790
6803	25	2036
6673	92	1150
24945	134	6324
2463	84	7397
7719	134	25110
9568	134	21120
3745	84	1363
2405	134	569
3083	134	1117
7686	202	21641
22337	124	25103
2320	9	4670
23357	134	2101
24149	134	3691
5878	164	7397
5059	134	4111
23282	134	6228
5003	134	1576
8548	134	2876
8978	92	3333
6952	134	9615
5565	142	1363
4188	134	2876
380	205	296
25407	84	24642
21883	84	5671
24378	134	614
6808	134	2608
21431	134	2608
22375	124	9362
8805	134	24352
1010	107	9558
9248	84	2328
8279	84	21898
23457	92	9615
6571	134	8965
8246	100	0
1880	134	8828
1947	134	8965
23787	134	23178
21828	134	10136
23431	134	2995
3335	134	22566
21647	134	9492
8172	134	6639
9878	134	6958
25134	25	10499
893	92	2022
3502	134	443
4766	134	3007
8218	172	296
24827	205	9748
21833	134	24848
23839	134	2572
1300	84	23990
21327	134	9385
3287	134	8828
8943	92	22869
8871	134	7568
6554	134	6228
7123	134	7862
2799	134	3786
6204	107	5671
1702	134	2457
602	182	130
23430	92	3994
10415	43	5824
2948	136	8452
24256	84	6185
23004	134	22234
4872	134	22166
10250	134	4355
2624	123	2071
24167	92	24448
24064	92	8297
4234	134	4680
10450	134	3876
24218	134	10430
5182	79	6018
9469	134	22390
5184	134	24826
8095	134	9532
6227	134	4680
24725	84	1401
8957	84	9350
23487	134	9838
689	151	22466
10210	134	9952
7041	25	24768
9528	92	24992
10400	185	2985
9485	67	7397
4879	134	142
24704	84	2371
22945	107	23950
21514	149	4115
1835	134	2995
5185	43	23180
22025	107	24723
10425	134	9790
106	9	6530
3054	31	22098
9371	129	8365
2236	134	2970
22210	134	1827
24601	123	24462
2224	92	9176
21754	134	5093
25239	134	22525
3208	166	5634
8616	92	3333
23319	84	8062
170	134	23578
21872	134	23344
3341	134	22407
8118	92	3223
7788	84	23860
5175	134	3776
24279	134	24819
10390	134	21655
23256	84	24402
7981	134	2736
9107	134	9061
2713	134	7325
10422	134	21120
5016	107	23990
23494	31	24262
8693	99	23463
2722	134	23131
21296	134	21912
4897	134	25495
2256	161	10432
9336	134	21570
8260	114	8547
9921	134	9615
3949	134	22407
5624	134	10491
9153	24	8770
10114	134	3872
6890	185	1438
99	134	23419
9506	134	4422
2506	84	3626
724	134	22407
1094	23	1401
22325	134	2000
6161	92	7536
23781	134	6226
21486	186	1054
21766	84	23463
21943	134	9176
9292	79	1273
6386	134	9615
1816	84	6633
9871	134	9847
787	134	2776
24747	67	3626
22660	107	1496
1040	84	5634
220	134	22693
6216	47	23990
25021	134	21655
924	75	127
266	43	1473
848	134	21570
330	100	330
407	143	4106
21348	134	22461
2394	134	4229
23946	134	379
5664	134	7717
22809	134	22490
1779	92	8340
10076	134	4417
22334	84	9350
4552	92	3776
21220	41	2384
6340	92	10371
9019	139	23632
931	134	7682
8018	107	7397
3444	84	1401
22927	134	3667
10368	134	9786
2223	134	10136
2799	134	432
814	84	961
22256	134	24826
23841	123	2682
6862	134	10136
5509	84	7397
6480	134	3281
22189	134	9615
24758	22	3575
8601	38	3803
1974	134	3180
3099	139	2549
10196	134	8920
3579	79	25
25258	134	22353
4958	153	7192
2368	23	3626
4725	142	10485
1462	134	22021
3610	75	10338
5941	92	1576
23536	134	8828
8893	134	2320
1570	24	9976
8195	134	504
24016	134	7151
24946	38	6737
9924	134	1311
24717	134	5224
6934	134	432
3770	166	7407
8572	107	1054
282	139	25237
4288	27	2353
8230	123	24308
1465	79	9330
1751	185	8037
10234	134	1311
21069	134	24570
9933	134	2572
1391	146	23746
22821	134	23295
2595	134	7151
4428	134	3460
3449	134	22583
1763	134	6639
7019	134	4734
10313	134	10136
21766	134	7781
24679	89	2359
24888	134	1928
23159	24	22033
22040	135	1125
3676	92	2530
9544	134	531
3771	134	6374
4649	161	21842
3343	166	10497
3031	38	760
21156	157	3636
7891	134	3958
21218	134	8226
21339	84	4048
9301	109	39
4338	134	6374
4831	134	22779
4023	89	997
25033	134	2559
24606	84	26
22459	84	3636
2171	84	7918
2779	52	1401
6467	134	21508
25384	134	22539
10153	134	443
4966	134	21039
6593	109	1104
22220	134	7781
2141	84	1650
6242	134	7151
21916	134	5735
22579	134	2288
296	25	5848
22216	134	2458
9703	84	23463
4093	185	7065
9978	25	8512
23761	38	23782
9579	134	1278
24202	134	5423
5802	92	95
8578	134	4111
21277	107	3191
5781	134	7135
190	134	24624
7354	134	2000
24156	11	9999
24510	92	6226
1335	134	3691
4147	134	22474
2327	134	7438
3947	134	8139
4191	84	23463
21440	134	2621
8780	134	5093
23272	134	2778
25148	134	24634
25042	24	8511
6845	134	24153
5702	134	22059
6302	134	21848
10460	134	23344
1958	84	2371
10098	92	22791
7651	134	24992
22157	110	2750
410	22	25071
285	134	8965
3593	107	6285
8138	89	25114
5199	124	1735
1633	134	10136
21845	107	5671
24563	134	25110
24290	107	9350
6153	89	2345
10131	134	21508
21337	79	21621
3061	134	8687
6096	134	2162
6200	134	8077
3684	134	95
22782	134	23568
21662	134	6960
3252	134	22461
1288	43	1640
9569	134	584
10233	134	4585
3736	84	3959
4251	129	1997
3482	79	8566
23525	134	22059
23125	134	24356
21150	84	22457
21538	134	22230
5040	84	23669
24265	134	2572
1622	134	21908
4620	84	1138
3275	134	23913
1853	84	4956
9664	92	5065
9062	134	21570
7672	84	24402
842	134	1576
23346	134	5871
1216	84	3959
21332	20	6073
24127	134	22235
391	134	3223
9606	134	7125
6699	124	5350
6555	134	5224
21772	134	21655
4726	134	2572
4829	31	23878
8834	134	1744
1345	92	2970
8089	134	439
731	134	9669
1449	134	3180
2804	52	10439
21707	134	5224
629	134	2000
1956	70	2020
7470	92	22779
915	84	1401
2931	23	6454
24028	134	2621
6421	24	21555
7669	84	7397
8640	134	8106
25179	164	6454
9361	134	1278
10295	79	9161
24949	92	1928
25452	92	7585
24350	164	6454
9189	92	8965
4237	107	8380
259	123	3933
10220	134	398
24366	161	22105
9037	134	9798
23048	134	23266
22518	23	1138
1140	134	4125
391	134	25110
823	41	23052
8085	134	9385
10169	134	10491
9487	79	4816
23373	134	24590
21956	53	8638
2791	92	2530
2371	25	3383
598	21	9096
6606	11	23036
21234	134	9786
7813	134	713
2427	134	9061
9125	84	3959
8679	23	3626
2576	92	24063
24745	134	22490
2528	92	4133
4792	92	21650
5425	134	2020
10050	146	8213
3765	31	21932
8198	134	7438
4591	134	7604
22418	92	585
4080	134	22686
6916	84	24402
5474	84	23463
3894	84	22405
21840	79	8946
6670	107	3626
609	92	24819
24195	95	24195
2420	92	6228
5963	89	21836
21374	134	24918
23603	134	22059
2270	134	6442
2778	9	1842
9451	134	1576
2316	79	7267
24716	84	7397
2599	134	22805
3512	84	3959
8193	92	25190
9614	134	6639
5039	134	2572
25009	134	24063
2356	123	22955
7912	202	3543
4502	79	2289
7801	134	7135
10192	134	2346
22997	134	10294
24725	134	6994
4103	134	6442
3047	134	2101
4677	84	4634
252	84	2596
21150	134	23344
834	134	9615
9157	134	5224
4216	107	24723
21413	124	320
7315	134	23913
2811	84	9466
5512	134	1311
22592	134	3273
3662	134	7604
22418	92	5735
5145	84	22601
24293	134	5423
1261	43	5422
237	134	24819
8284	134	21508
23233	134	6745
22602	134	1684
8981	84	4634
23728	134	22390
9708	92	23578
1879	134	1278
3987	48	10029
5494	43	7696
2996	84	3636
24938	134	7604
7091	107	4365
3038	134	9219
25194	134	4698
6859	134	24153
23436	134	9135
1000	123	25064
21917	23	24402
7358	84	4158
778	125	1401
23053	134	1576
6648	134	24356
6044	184	9961
8775	24	8378
25026	134	21650
8046	92	5971
2219	92	5888
6751	139	24644
21517	84	1051
1841	129	2332
8369	134	10109
2122	110	9630
25399	92	25480
2030	134	4339
1333	134	6814
25362	134	9532
24445	134	21570
8386	107	7103
22356	134	22057
3075	134	24381
25106	166	830
1361	142	25352
3481	134	6240
23639	92	7570
3721	79	9640
166	134	24819
23496	124	7549
6856	134	21912
22327	23	5675
4380	134	9615
8386	84	3626
3168	134	23058
23396	134	22230
4837	134	25138
23674	134	95
23894	84	1054
5162	23	5671
9625	134	6745
8108	99	23860
7484	84	5671
5164	84	3636
24410	134	1576
25187	92	22679
9015	134	2778
8933	134	25277
820	79	25174
10121	24	23857
10155	134	7325
23703	84	7397
23800	186	21556
5890	79	10401
7471	53	8571
405	79	1198
322	134	1605
545	84	23245
21660	84	7507
23115	25	5848
3338	154	23931
24143	24	24737
5270	134	6807
8022	134	8828
21261	23	2328
8706	129	8160
10332	89	8365
8255	134	21120
5339	124	25328
5294	92	24071
6825	134	1286
22412	84	958
21070	92	6226
5099	11	23915
6621	84	6185
2506	84	2917
1881	164	25419
23839	134	1576
6408	185	24592
9946	164	6686
23801	172	4956
25118	134	5244
23943	134	2000
10379	24	1198
5063	134	21570
172	141	1125
9857	31	1738
6328	68	7397
8902	134	25495
8225	84	2371
23467	134	3273
1784	20	8215
978	134	9669
9983	134	1576
22028	134	23486
10029	127	3987
3168	134	9135
2866	89	3690
22332	134	9219
22055	112	5730
24046	92	4575
21220	41	10342
7502	84	3626
23763	134	8488
23431	84	9350
10027	134	25222
1651	134	10282
5003	134	9786
25309	84	2371
474	134	23111
6497	134	230
90	23	1401
24081	92	10136
21026	92	9457
23405	134	9389
21642	84	24723
8671	92	22693
8065	84	9350
7	134	5770
9641	124	24305
8881	107	23245
931	134	3074
4753	134	24211
8253	134	21039
1985	92	22234
9502	134	24590
9368	134	22679
3550	134	95
3099	110	2549
8438	134	23765
7225	21	1666
8120	134	6958
7655	134	3958
6321	84	1401
3714	134	8297
22812	129	2982
6371	92	24555
9354	134	7125
7309	134	3994
7964	134	4917
8253	84	24402
9689	134	9719
22836	9	23409
21840	57	8946
23079	166	6062
10287	84	2371
7757	134	9615
25018	120	1787
6207	84	4365
1266	134	398
3818	134	2410
22938	107	1401
10272	84	22929
3521	134	9789
2651	92	21572
8179	134	6745
24160	97	8791
10132	84	24817
22365	84	23463
3461	90	23299
4616	134	432
3558	84	1904
23742	134	1286
4279	134	5648
611	140	24921
7073	202	22980
5803	79	25255
9600	84	1401
3440	134	21692
1176	98	4158
6524	134	8687
8744	134	1744
24689	84	2027
9355	84	9748
1282	134	6797
1708	92	2410
470	202	22601
23816	107	22601
24369	134	9219
7579	134	6374
8147	84	9629
10093	84	3959
21916	134	24624
10216	134	3162
1175	134	9789
3260	134	152
22250	23	23990
2247	134	5954
9033	123	9300
10222	129	2332
23553	134	9135
21663	134	3958
8970	123	22323
21203	135	24449
158	79	22258
22553	134	21120
6045	134	2000
2213	34	1794
8247	134	7296
6735	92	8431
8938	134	1928
24483	107	1054
738	134	22495
24645	134	3701
3428	134	3273
1949	151	8335
24166	134	8297
24281	134	4133
22282	84	2917
6090	134	3408
7597	84	22929
21718	67	4956
22391	134	8965
3963	123	4195
4753	84	23463
1086	134	443
25020	116	7742
24251	84	24784
21259	84	2685
21365	84	4158
10358	83	8664
577	134	2970
7022	92	7492
25250	134	22583
10261	107	4627
22633	84	22405
23319	84	1079
7099	67	2685
22623	134	8387
7793	92	9219
6920	134	3432
6009	134	10109
10291	134	1991
220	84	10385
4089	164	21499
21737	134	8244
1779	134	2736
22273	92	2346
6284	134	22791
23956	134	23047
1466	134	21120
24747	79	23071
22573	134	22447
2502	134	24499
5444	164	5107
3755	129	9561
10374	146	4797
4027	84	3900
7666	134	7021
549	92	7072
8918	134	10430
25427	92	9786
6772	84	5671
7307	121	22823
22480	134	2000
559	44	21917
23937	134	9671
6209	185	778
10380	134	180
6857	84	22601
22857	84	7397
22383	92	23295
22974	134	2530
24670	134	1785
23810	84	2371
7155	11	376
3723	134	22584
7280	205	24518
22572	84	9350
3548	98	6641
7621	134	21520
3712	134	3180
3413	134	1576
23021	134	21944
4921	11	9648
9910	134	21974
25243	107	23463
6338	84	23463
1425	152	1051
3961	134	9385
2616	134	8226
8353	79	6115
9945	134	22583
5388	23	1401
21817	134	22059
3391	134	22584
21652	134	8828
7982	134	8828
2773	134	22830
968	22	23765
4319	41	2936
9721	134	21912
7540	134	1931
10114	134	1743
23447	134	9369
2900	84	9350
24530	25	25369
10478	134	2000
1368	92	4992
833	134	10109
3772	18	8551
22920	134	7536
5119	129	5659
8951	25	8512
6267	92	585
22742	84	1496
7653	134	21944
2994	134	7438
6095	134	7135
10154	134	5735
22981	134	3223
1972	134	152
7080	134	4680
4468	134	95
5839	134	10294
10483	134	3074
24259	134	22449
24302	134	4282
23187	134	9615
6057	43	10472
22348	92	9492
5859	134	21572
8782	43	10332
433	11	22092
8539	79	4540
5026	97	9636
2393	84	8661
7108	134	3872
21715	134	3575
4376	84	25311
23481	134	5648
6850	134	23344
3167	98	3636
5784	134	106
10038	146	25070
3187	25	9722
25364	134	1278
4100	134	6814
4473	25	10392
3072	134	5093
28	134	10072
23025	134	3965
22764	134	24624
4302	89	997
23430	92	24624
5785	134	2203
9318	134	5150
6700	134	8965
3197	134	4694
3051	134	7604
6481	134	22525
8700	134	21539
5027	134	1272
24621	92	8297
3274	97	2363
3375	92	3876
9328	134	21506
9364	134	1744
6795	134	3575
21361	134	21356
8942	134	2322
3805	134	21570
25198	84	7131
1780	134	6324
7254	134	8828
21089	89	22198
6073	23	22601
9517	134	21692
22017	92	8748
22913	38	22778
23748	134	4422
7995	134	6226
5044	134	63
5094	107	8380
7400	11	4806
3245	67	10166
10330	84	1904
9796	134	2346
3787	84	23465
7071	43	989
23340	92	1286
22396	134	23578
6126	123	6650
1769	134	8488
2543	24	431
1449	134	6
6898	84	1401
8616	134	6228
5512	92	25138
4273	134	3273
5323	134	3575
2273	92	23831
22388	92	8139
22172	89	6237
8619	134	25050
7014	134	3372
5213	134	6324
8324	89	7576
4609	134	8965
24098	92	24356
6995	107	22288
23480	134	5992
1544	134	8828
7837	129	2982
21838	107	3626
7205	134	1365
23706	92	6324
8856	31	1496
22080	134	24409
25396	129	21836
2032	134	21944
5423	166	25011
3886	97	2115
4380	134	24590
8088	82	3170
5273	166	6185
22163	24	8981
7133	43	21586
6620	134	8226
6786	79	4359
5986	134	23089
333	134	568
5219	146	9045
8358	134	2410
25498	124	22668
24845	179	22703
24336	84	22405
2886	24	5233
5994	92	1774
21788	99	23860
9987	92	8488
6653	134	7151
1543	84	25130
8046	134	95
24096	98	3636
22025	131	8175
9066	134	2736
21888	134	24356
173	92	3534
23591	134	21356
7603	134	22583
23886	107	4365
9254	134	24448
1111	129	1111
7748	23	5107
2632	134	5932
2481	101	6350
24380	134	21567
1762	134	443
22534	134	25487
21671	107	24364
24892	134	5074
2654	153	8006
22906	84	22274
1184	193	25151
2588	134	8965
3309	134	22447
21265	134	9532
1207	134	10051
1164	134	1537
24577	98	2283
25294	134	8297
1671	134	9615
22697	134	21356
3675	84	23811
21402	92	5845
934	134	21572
1019	134	2322
21044	134	4339
1309	23	22601
23250	134	2020
6238	134	2203
4226	134	22461
6935	84	2371
3379	164	21235
5296	134	10308
3070	134	6860
6203	134	2970
701	41	6719
4790	92	4917
4431	134	3180
2650	134	1576
4532	112	4807
1208	134	644
1236	157	296
10322	134	5770
24737	205	261
21003	23	8295
352	92	5845
10099	134	5954
4127	134	24356
2139	134	5932
8831	107	6406
5116	134	9798
22300	134	24590
24017	134	9952
8436	31	8472
4599	205	3626
8803	92	2000
1846	134	4111
5046	134	1684
3911	134	9176
936	84	6185
23082	92	22525
25437	134	95
25428	134	3333
8546	134	3776
21026	134	8828
8958	107	4956
5431	41	8554
24396	134	23027
24170	92	5992
3760	134	9065
24062	134	8139
7105	134	6374
21017	134	22059
1627	23	22601
733	134	1576
23793	92	7819
23870	124	6948
4452	134	25138
23077	103	23389
4953	134	9838
23049	134	21572
2471	134	4417
9294	79	4834
2319	97	2137
24108	134	486
2519	92	5227
21874	134	7151
7385	134	9219
8377	134	8226
7676	134	182
6049	134	2778
3896	24	3464
2583	107	9748
10238	21	6801
7028	134	21572
9591	134	2000
2016	134	9790
7478	84	3626
6371	92	1234
2966	134	8494
1748	23	22601
23979	139	21377
25013	134	2630
21134	134	1286
23216	134	5407
21454	134	8635
22057	9	571
4854	110	2840
10351	134	3273
4634	25	5171
3009	134	5220
4190	134	9798
7004	134	9790
1669	134	2608
9981	79	5907
23040	134	6226
4287	134	4734
3964	134	7682
6471	134	9253
23017	134	4680
5980	134	531
9193	134	5992
22303	43	8005
6451	99	6477
1244	84	2685
5666	84	7140
24820	134	21539
21406	24	4475
5672	202	2371
23438	184	5496
21745	84	21648
3219	92	10282
25121	134	25192
24998	134	22972
22700	92	679
6131	21	24097
7435	134	9522
224	107	1401
3320	134	9522
24147	134	1576
6908	92	3316
23775	79	5808
7933	134	10474
3229	92	10051
7729	18	2917
4310	179	8226
3102	31	6560
22843	134	21041
5694	134	1576
25178	134	2162
9133	134	2000
2304	134	25138
4352	134	8340
24961	89	6955
5514	89	9496
21584	134	8030
24645	134	10282
4482	84	9466
6155	134	95
5268	20	6783
24703	134	5845
7475	134	4606
7659	134	3776
23326	134	5224
8103	92	24624
6901	134	4282
2589	89	2171
9630	139	22144
3415	134	2410
9080	134	21489
24212	191	10166
4577	134	3372
6245	75	4276
5552	134	8125
24496	134	22683
7031	134	5888
21048	110	2979
24838	134	1186
1922	202	7397
8263	84	1363
918	134	7492
7538	84	3170
3013	89	22492
21841	97	8542
22717	92	6814
3298	134	23913
2401	67	24227
2019	92	1744
21563	107	39
1338	134	23295
23267	134	10074
5279	134	9492
25353	24	8827
9114	134	9615
6360	134	1664
6221	134	22679
9440	124	21362
21119	134	8431
483	134	24826
21360	134	7536
2429	84	9350
21788	99	21679
2827	92	7604
4972	24	9977
874	107	5669
5834	92	22683
9112	134	24499
1325	84	2739
9632	79	8175
7139	134	24733
22504	134	9065
10283	92	9790
23366	134	7399
3026	84	5671
8832	134	8431
10021	134	8226
21427	23	24364
1990	134	443
2782	182	7231
10266	134	5845
5962	18	22980
1221	84	3959
24616	134	10474
4072	92	2020
6272	84	7918
855	134	23380
22186	92	9176
25402	134	21912
4410	134	2000
22446	134	1928
9542	84	5671
21642	24	1788
7573	134	24352
2668	25	24768
24706	134	3372
6626	134	10090
581	134	24570
4242	164	24436
7288	134	21520
1135	134	9669
21907	134	7604
24374	134	24624
9065	166	23714
8045	134	276
7420	134	9522
4115	84	9021
24104	166	7507
5250	124	7209
21309	134	7785
21262	40	6541
6321	92	9790
24410	134	7604
9623	84	1401
22649	134	23913
5594	92	7604
24738	163	7805
6637	31	6109
22171	134	9615
3182	134	7604
10356	134	63
1433	202	6185
10028	84	6185
1495	124	6645
9181	43	2682
8561	134	8310
1222	23	4158
9347	134	486
9439	134	24356
21483	134	22525
23396	134	2346
4241	134	1417
2833	135	4874
573	134	9684
7963	129	10168
6944	24	21687
8754	92	9959
22645	134	24819
5396	134	292
21143	134	1576
23731	185	539
22822	62	2213
6522	134	2320
23546	92	1256
21880	134	9065
269	84	2882
22724	134	2778
8597	134	21912
10311	92	3273
1525	134	21572
664	79	22793
4887	134	6442
24125	84	7314
9210	134	2022
9661	134	2572
7394	84	1108
22609	134	5224
22056	107	23950
2873	134	3786
3950	134	6228
9306	134	22830
24614	134	23047
23724	134	5648
8231	99	232
22864	134	10136
23856	134	5888
6910	92	21039
358	166	21641
1443	79	4729
23267	84	23463
4154	134	9991
24113	134	22245
23299	65	23499
22446	84	1401
24641	158	23963
6293	172	22980
21470	181	4150
24955	84	23463
24540	134	6374
7201	134	10109
5064	134	584
5549	155	7366
22133	134	3534
5629	146	25355
8124	84	23463
976	134	5146
23698	84	24402
564	134	23539
4889	79	6978
22222	84	1496
25167	134	5845
6208	134	7604
2649	92	7975
3910	134	7021
6127	11	4579
5100	134	2410
22255	107	10166
25134	25	9224
22132	134	584
1920	18	22980
9078	6	22894
8469	134	9615
21024	12	1794
24316	134	23607
2860	134	24387
21909	134	1928
4058	84	1401
21350	79	10139
22450	134	1664
8393	84	7397
25340	67	1401
7724	134	5590
22419	134	21655
5366	84	21071
21020	134	25390
2227	107	9748
3205	10	6502
4592	134	5888
22573	134	10022
7795	84	5671
24222	134	7054
21237	92	10491
9565	92	21274
7613	84	23463
10265	134	1928
9133	134	5971
6909	134	3180
24105	84	1650
289	134	5212
9932	31	3361
2880	134	22407
2461	124	4816
1702	84	7314
7136	92	9061
8278	84	2371
2715	134	22059
23186	84	25131
8596	121	22823
2578	134	24992
21961	84	5671
22061	92	1576
23997	134	2000
9509	134	95
8312	25	8006
6805	84	9748
9547	134	766
22114	84	3935
9690	134	3208
21646	173	6312
25224	84	1363
23410	134	21655
22103	134	10051
1706	134	8297
6074	134	21539
9933	134	3338
22423	27	24402
6478	127	22305
4519	134	7781
4167	92	8106
7038	47	22601
22161	134	2572
25261	134	2876
133	134	23680
23130	84	3626
24723	153	21215
3681	134	3872
5717	134	9786
24900	92	24918
25432	123	6140
25283	134	8687
24206	134	8297
8553	205	8384
24775	38	7198
2835	134	7135
2971	134	1037
5568	134	23913
911	134	25390
9212	43	3356
7229	134	3333
476	134	1441
21943	134	5735
1807	134	1911
21880	134	9798
2364	84	1401
22111	92	22340
22259	146	4841
9394	134	22584
24381	9	2576
4933	134	9061
23418	23	4634
9620	134	24999
5172	134	9609
347	129	3019
6040	134	6324
21435	107	7397
8249	142	847
7973	20	23994
362	125	2739
22285	134	9236
3373	134	5695
22666	27	6185
250	134	63
25176	107	9021
9356	134	21944
22369	134	3872
84	134	23486
23742	134	7862
22275	43	5755
24817	23	7314
24792	134	5224
23802	134	9532
24650	134	9615
9306	134	5244
2952	84	7397
24994	24	962
4131	92	8071
2023	134	3691
6909	134	4807
23030	61	6932
8209	36	1218
10463	134	3786
4793	84	1079
23962	161	939
6905	134	25222
21634	84	23990
22594	134	4111
5488	12	1508
6365	43	6102
24334	134	5735
7531	134	9798
423	134	9532
22709	134	2000
21182	134	6484
21574	134	2288
25272	134	9385
393	23	22601
3326	134	21655
4368	140	4390
7689	134	5578
7250	134	10474
1087	92	22584
23604	134	182
8867	18	2685
24419	134	21268
24879	134	6958
8200	134	7752
9343	134	152
23202	8	5214
21179	23	21499
21398	134	3273
5843	84	1904
1470	134	8023
8197	166	22571
9569	134	8488
7496	134	2320
2639	84	24402
1984	84	22601
22476	92	8226
4351	134	22230
22221	202	7397
22698	22	2778
22751	134	3281
24454	84	24402
1241	134	22583
9236	9	7483
21924	134	3575
10463	134	216
1353	134	22583
10067	23	22601
9638	84	2371
592	112	9736
6267	92	21520
1676	134	2776
3265	84	7407
23430	92	25190
23320	92	1441
2014	134	2621
4190	134	7570
6498	134	23394
2644	134	63
9576	89	21212
1308	48	22435
5417	92	9532
6051	134	24412
3225	134	3180
23908	92	8297
5743	98	9583
4043	134	2736
24721	102	23115
21146	134	3074
2809	166	6185
25441	134	8920
9461	92	7536
21141	134	4680
25262	41	3032
2926	84	21375
24629	193	8822
8358	134	21848
7675	38	22408
1762	92	9789
188	134	2000
21239	79	552
5513	134	7145
7518	134	9669
1661	84	2371
1449	134	6324
1168	134	21356
21952	84	8062
3001	134	2288
8464	39	2979
1651	134	7726
10303	134	8399
23077	161	5900
10419	24	7741
8288	134	23859
9810	134	23266
7797	134	6814
6859	134	1286
4491	134	21570
22018	84	23463
7460	134	9838
21293	134	8399
7882	57	23497
22232	134	1311
5956	134	9790
4617	134	6289
9948	134	22407
22481	161	25417
8678	134	8828
21130	107	3636
2156	134	9669
23655	191	9083
9519	134	24881
25154	134	5735
2869	123	10336
22752	134	2000
4476	84	3102
376	107	1401
4205	9	6051
24341	134	443
1419	84	24364
21237	84	22081
2452	134	3958
3021	79	781
6526	18	6311
621	79	4502
25429	84	1904
4074	134	8965
22179	134	1256
25472	123	6695
4958	25	7192
6902	107	4454
8284	134	9669
9049	84	5671
5497	202	7397
7543	134	22034
6514	92	22584
25468	134	9798
9831	124	23230
21376	134	25192
856	123	9554
5202	134	3872
23452	134	1315
7091	24	23159
23483	134	9615
8290	134	9061
700	134	22407
22620	83	8664
3129	134	7712
22961	107	9748
23161	134	8310
739	134	1311
8137	84	6887
2732	134	25495
7940	92	22860
24427	62	2454
6007	92	2956
10177	84	2917
5151	134	9790
24690	134	23441
10256	134	24590
1597	110	24644
6697	134	1256
24052	134	1286
1254	134	95
24983	134	25110
8835	166	3626
24201	134	7134
24369	84	25311
7717	166	1401
10336	123	1318
5649	99	6311
8359	134	23831
21625	134	7492
22206	134	2572
6190	107	9748
8525	134	2000
40	89	9013
8633	134	5244
2298	134	4133
586	134	2970
321	134	25495
5459	134	22059
4144	24	25271
46	134	25277
21390	134	22474
5269	92	4680
737	127	24309
851	134	23486
8718	84	2685
7819	166	6451
6896	205	6185
25351	134	23259
21203	202	6185
21335	134	2530
8528	134	8226
3793	84	2668
5253	134	8687
1863	99	2371
454	84	9748
7195	92	23261
24977	139	24644
5199	124	6018
6937	92	7325
24264	84	7397
131	84	7397
22210	84	961
4233	134	9522
244	201	5519
5713	52	22601
4236	134	8226
2443	134	24908
2633	92	3466
24383	141	5498
6919	134	2458
2986	31	8321
23041	134	23344
22094	134	21572
6271	134	4528
10197	123	2767
4177	134	1744
25444	92	2621
10332	123	8782
2166	134	21570
21536	84	21073
154	134	2970
6198	129	365
9396	194	709
7429	84	2739
21052	134	9176
22859	92	22583
7813	134	8920
5533	123	6785
1667	134	5770
22973	134	10109
3771	84	23463
6335	123	5176
23581	134	4680
2869	43	3426
1359	134	10136
24295	84	22601
4215	84	23860
21966	146	2160
10466	84	1017
23159	107	10166
6223	134	8340
5075	134	24819
4714	24	21615
3205	68	24402
24064	92	3965
5826	85	22719
21829	134	2876
1791	191	8380
22685	134	21570
7612	41	8554
9895	134	24624
5312	134	25222
21005	134	3408
5055	134	3273
23017	134	6639
9226	43	25085
2715	84	7143
488	134	21854
5625	24	23464
7415	134	8746
4090	134	4680
769	31	10167
22424	185	8037
4363	134	7688
25119	84	71
6849	79	4329
9291	134	9065
5588	84	22651
6006	135	6351
21158	84	23463
21489	166	232
2845	134	3786
23886	79	23176
8098	23	2353
21077	92	1026
3238	134	10051
23250	84	1108
7533	134	8226
22378	23	22601
22298	24	24720
2981	110	6143
3876	9	10343
5464	92	22407
5390	84	7140
7517	134	23047
24341	92	443
942	134	106
3349	134	21520
4628	24	24709
1205	134	23111
7255	134	21284
24801	92	8728
10143	39	2852
6055	164	9879
5143	24	6225
24676	134	7021
5311	134	9719
4147	84	5272
1001	84	4365
21419	134	8125
24532	202	1401
9085	134	2970
7766	84	680
8177	134	1743
5545	124	6948
23022	134	5932
22282	134	25192
1992	24	2474
24937	134	22245
8938	134	23266
6842	134	7817
9837	79	8740
7812	134	22775
2266	79	4824
24315	119	23990
3736	134	1037
1662	134	24624
3195	134	2608
23338	134	8920
5417	107	6185
6379	134	2288
9620	134	4133
24287	27	2685
5954	9	7448
22433	25	21370
8738	191	961
1577	134	5561
8033	107	23288
181	134	24356
4662	134	9786
5997	134	9471
39	44	1398
5159	92	10051
5070	134	3965
3836	146	9148
3717	134	4355
6548	134	182
22039	43	4938
25401	84	4158
4858	109	1697
23454	84	296
1755	139	24552
6193	84	1401
1337	92	1664
9473	134	7682
22507	134	1417
23355	38	23165
1934	134	2800
24184	92	21572
24522	84	1401
9539	134	22584
4318	84	2668
22879	84	1401
1637	134	4125
23718	31	22023
4935	134	22057
23890	84	8708
8367	134	6442
2079	124	1211
4516	92	9838
1706	134	4111
2686	129	5165
1609	134	22525
1601	134	5971
22050	92	21655
619	119	23990
7730	24	25067
10311	134	7135
5687	20	4920
6967	34	2132
25220	134	5224
4276	75	2738
25168	134	22230
2478	98	22792
24827	205	5671
9775	90	4181
5699	99	8050
22682	164	5915
22139	73	71
24662	134	22234
9817	134	23578
24615	131	3220
21060	97	2137
7196	134	6958
7460	134	3958
4710	84	3959
21095	79	6848
9733	134	230
2340	205	7397
6463	134	25138
4402	84	3636
3002	134	24826
10016	134	8244
5292	134	8655
23778	92	22390
2488	67	1401
8356	134	5224
5236	84	23463
5130	134	8340
4092	134	3872
7034	134	4028
1394	84	2739
3628	84	4754
23080	134	8042
7847	24	6848
23525	134	4282
21049	134	7301
24690	84	23990
8362	92	10051
21177	79	4668
4826	134	6
1136	79	7515
21518	134	6814
5667	134	3776
144	134	9522
1404	134	25050
6254	134	3223
5016	84	23990
8026	84	24549
7096	84	3626
1611	139	23672
9663	92	24060
554	31	9367
6246	134	22235
3978	134	7300
8362	92	5648
8134	146	10145
25338	89	22854
22809	134	22461
24475	134	3273
3926	134	2572
7262	134	21120
1369	134	9719
24053	92	2876
8643	134	2530
5390	134	21570
6419	134	3180
7946	142	1553
8307	92	1234
22970	134	6020
21032	84	2371
10354	134	587
10213	24	25042
7003	134	7536
22547	84	1138
491	134	21944
8561	134	3208
24958	134	3691
9821	134	24999
4807	166	4532
24977	110	2122
22588	134	10090
2342	134	2320
4425	84	24402
3732	134	8297
3283	121	22823
24751	134	6226
845	134	23380
23596	84	6185
9411	31	7177
5344	134	2020
22069	134	6324
4097	134	4807
6040	84	3959
25356	134	5735
2519	92	2778
24417	134	6814
7075	84	3959
4922	164	10094
10464	23	1904
4296	123	8930
2088	153	6961
3287	134	3223
1068	134	7536
24644	157	3636
8165	185	21869
3737	134	4441
9255	79	9175
2035	134	10072
6866	134	1743
9971	92	10136
5775	134	8828
2026	146	24368
9657	134	10186
22776	134	354
2717	89	3690
2119	103	961
2093	84	6803
4642	110	9468
3976	134	22234
22544	134	8431
21809	46	4568
7638	134	5954
8437	134	2346
6996	134	5735
6848	107	6185
9965	134	4917
5670	134	7604
24540	84	23465
8410	134	95
1519	12	1794
21056	134	8139
24170	92	21284
3491	134	21854
9827	43	3602
21477	134	24624
21550	92	1272
22766	79	24709
802	82	2915
23250	92	7831
24805	134	1743
5840	134	6226
10313	92	4680
25333	134	9065
5691	134	9790
3614	134	2369
1840	134	24826
21056	107	1904
3660	134	22525
2766	92	21572
3633	205	22980
4566	134	22230
24442	134	9719
4787	139	22517
5853	134	9747
2066	134	438
9764	134	3876
8770	124	4419
9805	134	24826
10186	166	8856
6527	24	5627
7483	134	22059
24985	89	7493
24100	134	24660
25194	92	2164
5192	92	786
23996	18	4454
24829	134	5244
7091	24	22033
24001	134	8431
25378	92	22235
23554	84	8332
23826	134	24826
5974	23	7397
461	134	6814
3267	134	7604
21723	151	22165
23246	84	646
24011	107	9467
25259	146	8213
9014	134	21655
24385	38	5948
2719	134	182
6897	129	1997
781	84	7397
1823	134	6228
4624	134	3273
6051	134	531
9797	134	2320
22004	76	10094
5896	202	7742
23297	84	1401
21097	84	1051
21876	84	3626
4516	92	9719
9535	123	7929
7771	62	5701
5622	134	4076
3130	134	1372
7766	110	8371
294	110	10300
1652	80	2620
9914	134	2970
872	134	3958
6325	134	8965
9973	186	9350
23931	134	8313
263	134	4606
6899	134	5954
8482	202	7143
2016	134	7604
7261	134	3372
6021	134	5893
7387	84	4471
4576	71	22024
1674	43	3788
88	134	2000
21262	121	22746
3358	123	9658
22699	134	9669
2322	9	8094
7105	134	7135
2096	38	2928
21180	134	22838
21134	134	1664
7258	134	25202
21253	123	3618
5858	79	9292
964	84	7397
22928	123	5274
1786	23	9748
2930	134	1911
627	84	1401
25381	84	3626
1802	134	23266
21392	134	23578
5201	107	23990
7989	134	4698
6444	92	21039
7707	24	6623
21578	92	584
1267	134	3432
6631	134	8226
22267	151	5819
8860	84	10187
9514	134	24555
10194	24	24305
5829	92	4859
407	40	7042
470	135	22601
4411	163	3821
6636	194	22900
25137	79	7874
7581	117	25114
5103	134	6442
24936	92	22444
22646	134	22449
1087	92	2970
6905	134	443
6080	79	3245
24219	84	4724
21328	134	1743
24712	79	3032
5963	98	6348
5205	134	6374
25401	134	4339
4321	95	6608
10433	134	10051
1068	134	22234
3716	124	1498
5834	92	21120
24495	148	9068
22332	134	8244
581	134	4698
3207	134	7326
1445	164	25419
2049	134	63
6267	92	7296
24752	134	8687
5603	134	24356
3757	193	24695
23303	134	2465
21295	134	4176
6975	134	4
22618	134	22474
8631	84	1401
22266	134	10136
103	134	5770
23833	84	23463
7326	166	1496
23031	134	24356
22726	41	8914
4431	134	23607
1124	54	3755
4485	107	3636
1333	134	7570
8961	134	24814
24840	43	1678
22175	107	2328
1862	84	2371
9072	107	3636
2864	84	10166
6386	134	5971
21517	134	9471
4736	79	9526
10106	21	21060
3545	134	8399
5310	134	1286
2133	134	3994
22344	164	1401
1352	164	4634
23215	134	21944
1083	134	2162
21652	134	25138
23517	24	1251
21925	134	2322
9597	134	6639
7823	100	4632
903	134	22583
24970	134	584
6636	151	23915
4726	134	2465
24832	84	4956
4421	24	685
735	134	9385
5292	134	9684
7807	92	1037
24678	134	3180
22313	107	3626
24105	84	4634
5676	84	1401
7701	134	24624
2111	134	4896
3471	67	1401
4933	134	8635
2849	134	2203
1367	139	6143
6733	107	296
5765	134	7296
10271	134	22059
8507	79	6377
2092	139	2549
10232	25	8006
24542	84	9748
2854	107	3636
5800	92	3572
7679	92	2215
3387	84	7594
21829	134	8340
1397	23	8384
23736	84	9748
7176	92	5244
23557	41	3526
24134	92	230
24378	134	358
5664	134	3958
8032	84	22274
3024	89	9561
6431	84	890
3931	134	2778
446	134	1743
8346	134	2995
9187	134	10371
8575	84	23463
6662	134	6814
380	205	23860
22743	84	25131
9988	134	21796
8674	134	3575
21477	92	5197
22214	134	8431
7392	134	7151
22971	92	7125
24021	84	7397
5487	84	23990
129	51	2554
7931	134	10474
4843	134	3872
1463	134	7992
231	134	24901
22981	134	8828
820	79	23557
10482	92	2995
2851	92	23047
8300	84	1603
1697	153	2036
7734	134	5224
4831	134	587
5261	84	3959
8681	134	9135
22350	134	4992
22748	123	2232
22920	134	25495
5489	134	7135
24706	134	24826
1390	92	24908
23439	84	1054
21509	134	25222
9529	134	9838
1496	178	189
5103	134	23578
6769	142	25156
9849	84	1603
24081	134	10136
8985	84	1401
23181	129	3655
1030	123	24414
297	134	2369
8919	134	5068
6291	134	8071
6645	124	23077
4464	110	2852
25403	107	1054
25464	134	4197
5631	84	9748
10427	193	24864
6720	84	4634
1998	92	8340
6336	134	22235
2282	9	7511
6503	24	24251
7099	107	22995
1390	107	961
1149	134	9790
2827	92	9532
3228	92	21356
22863	134	22683
7012	134	3958
1644	43	22173
22925	134	25277
8986	134	1286
755	67	24402
2512	134	7781
8251	134	24063
2220	92	9798
2446	166	6185
21099	107	1108
5342	134	3958
24244	84	3959
9066	134	25487
24533	107	1496
9590	134	24590
22409	134	3872
25317	79	5639
9237	134	21944
7925	79	22597
307	134	24989
21223	129	218
2392	107	2917
7303	134	2619
140	134	8494
87	134	7862
24925	142	516
5870	84	1904
1444	134	5065
3476	134	3691
9325	12	4115
2011	84	4365
23187	134	22474
23188	84	3626
1056	134	21356
10089	151	23915
7300	9	3978
21443	12	1794
25211	134	8748
7724	134	216
23947	134	10051
2936	155	6942
3240	134	3281
511	134	5224
2952	161	21413
4632	124	4632
23348	5	8594
8886	84	9350
5263	134	24819
21809	193	6506
5438	135	8384
6142	89	8829
8884	134	7536
349	134	679
5106	134	7717
4428	134	3408
2858	134	24356
21418	84	9479
10256	134	22340
1635	89	2171
23596	134	24992
22519	81	21135
24078	129	712
3048	31	9586
4839	84	2685
450	134	1931
24529	134	6860
7948	134	10051
278	134	1441
2285	134	5992
7706	134	8965
10464	185	8482
23613	92	22059
25118	134	23765
3828	134	23486
25112	164	24402
4785	84	1401
23852	134	8920
6843	51	924
7979	134	8835
8248	134	5770
25360	134	25277
8238	79	7118
105	23	3543
4704	134	24989
1699	134	22234
22362	134	5971
25444	92	1743
4344	129	2332
22969	134	8226
25126	31	4141
9575	107	1401
24653	84	1904
4069	84	10166
6513	134	23047
24621	134	8297
22860	166	2565
5663	84	23708
8484	23	22980
3890	134	5224
5185	89	21836
1271	99	22980
4801	134	9952
257	84	1904
6872	134	24989
10442	43	9188
5555	134	21539
9094	84	3626
23820	134	1576
2872	70	5845
21202	134	584
23128	169	4690
1510	134	22340
3025	134	24819
5697	134	4917
2173	134	3599
4299	9	1265
9134	76	23950
906	134	23047
1352	164	21235
24120	134	2458
3735	92	1743
8459	207	5671
2264	134	8488
6870	110	3011
22014	134	2530
24380	134	6324
5172	134	8920
22657	134	24999
23943	84	5671
12	134	21848
7833	134	1311
6980	134	4807
207	134	584
8255	84	2371
3028	84	2371
2453	134	4205
176	107	25197
24239	41	9447
22526	84	9748
8163	134	5845
24088	84	4724
22588	134	1286
2200	84	9427
2772	134	585
5741	23	7397
25262	41	1672
8522	92	2776
10361	23	22601
23729	84	1496
765	89	9953
7939	134	7438
22844	92	1037
24223	107	8084
6776	84	4594
24284	134	2288
6026	134	4111
1177	92	1234
9624	134	9719
3413	92	8281
19	134	2215
2072	79	4256
21473	84	2371
4272	134	23380
4661	84	23463
5161	21	21447
8007	134	679
4865	134	1928
1089	134	766
23813	134	4369
21191	134	10109
25427	134	9786
8288	134	21650
23773	84	23950
24196	134	1928
7778	99	8401
24533	131	7186
23535	107	22980
23390	164	6803
10321	79	6817
24762	134	95
25009	134	22525
418	92	22686
2877	134	3958
7619	123	4882
9418	164	2371
712	157	6641
1062	134	23578
7785	9	7786
5974	189	7397
5134	92	379
7812	84	23463
8477	92	25138
342	134	585
23671	25	21183
2902	84	23463
6998	92	4339
22611	139	826
24430	134	8965
528	164	7143
25161	134	354
9678	134	10136
22626	89	2345
3062	89	21836
787	134	23578
700	134	9719
9942	22	614
2697	134	23913
3507	191	9329
21402	92	23266
9147	134	22059
3801	107	71
4074	134	766
10372	23	4956
7230	134	1827
4112	84	23463
21059	84	4463
2878	134	8920
8046	134	9790
954	134	1311
4448	134	2621
22900	84	2917
25202	166	25160
2016	92	7604
1505	134	8431
10365	134	2022
9371	98	2283
22334	134	1365
4268	23	1401
8609	85	22944
22954	202	22601
6672	134	8340
6152	134	9135
25263	134	7135
21772	84	22601
4980	134	2776
23475	134	6958
5585	134	25487
21754	134	8488
8018	172	7397
6818	79	22576
486	9	3672
22592	134	2970
4423	124	25221
21278	39	21039
9161	24	10295
4477	134	22583
5879	134	2778
21677	134	23261
25015	134	4680
7586	97	598
1239	134	1576
1484	134	24796
21824	129	2332
3227	163	7871
5018	31	22837
22265	134	1743
23741	134	432
22809	134	23259
3337	134	152
23300	43	48
25272	134	443
9333	134	6745
25294	134	21039
8098	23	7742
22077	84	5671
2234	134	3994
3299	134	10474
4906	134	1743
22428	166	9857
451	134	4950
22030	79	23362
22248	134	23568
6263	134	6745
5586	134	10308
22334	107	9350
5978	92	21120
449	134	23344
23861	24	9652
21975	107	1054
10293	134	9786
10153	134	4606
3496	134	7992
6725	134	2020
21874	134	23568
6992	31	5786
24272	134	23084
6069	134	24881
4765	134	9522
23205	84	1138
5378	134	8315
10462	102	2983
9400	84	22601
4879	134	7072
9038	23	8384
8229	134	23298
5469	134	6324
22896	134	1928
22273	134	21650
21230	131	6895
2464	67	6185
2502	134	24590
7150	92	8488
1294	134	5093
722	134	1286
25062	134	8748
3390	134	276
2795	134	10051
659	124	7445
5013	84	3636
25350	205	1401
1335	134	5244
8482	184	10464
5312	134	1700
8038	98	3636
2582	43	7238
8531	134	3408
4114	84	232
21169	84	6915
6742	134	644
24401	79	7723
22882	134	2000
4877	107	961
2014	134	1537
4072	92	23859
7245	38	8002
6918	134	8297
22451	134	8828
6654	84	5671
5917	134	6860
7875	79	487
21273	84	2371
23197	84	10434
23304	134	22407
22468	134	4320
2386	134	22474
22106	92	4073
600	84	6185
9431	134	23419
12	134	1278
21988	134	3372
7419	134	4111
9891	23	23950
10056	134	10371
23463	73	3959
23614	134	24590
3111	107	8592
25452	92	3691
22256	92	230
1067	134	4331
8567	134	3074
1340	36	2626
10158	75	21594
8610	25	9722
2490	134	5971
25392	23	1138
23125	84	9748
2089	92	22781
1	134	21122
23602	42	10426
22478	84	3636
3269	134	22340
22136	124	206
3548	89	8137
1415	84	9748
173	92	10320
6061	134	9615
21133	92	22525
2760	84	3959
5600	134	8828
852	107	3959
933	129	22714
3816	125	9748
6750	134	6226
7934	129	7493
6225	24	597
21982	134	9719
3741	134	21489
5523	84	2328
24646	134	21570
24493	84	22601
21073	31	10377
9663	92	24154
2538	123	3186
6563	134	5888
7705	134	4422
4655	134	5423
22482	134	7624
9130	25	8512
803	134	4282
536	92	23118
1141	84	2371
25262	79	8740
23060	134	585
23878	38	4829
3303	92	4282
23906	84	6185
9247	134	10474
748	92	24387
21956	202	5867
22443	134	3691
671	84	21436
179	134	5995
24558	134	22230
10056	134	504
23264	134	5065
8842	134	5590
22290	134	9838
21814	134	4076
23334	134	5244
477	134	25487
5620	134	5770
5885	92	2736
1015	134	6800
7255	134	24409
3579	79	1340
24530	153	25369
2324	134	24356
22611	100	678
21554	134	584
22321	129	10437
22058	92	8042
3832	151	23783
548	134	3180
10291	134	3872
5280	134	7536
4957	134	21655
6086	84	4754
24194	125	5671
7765	134	5136
4342	23	24364
3220	41	1340
3579	41	2918
21167	134	2000
25440	67	9722
22322	134	8226
25426	134	1931
7960	134	2885
1127	134	5383
2918	201	23962
157	84	5559
23981	129	25169
5764	134	7349
1500	134	8297
124	134	21520
7441	123	21600
5192	134	230
9519	134	4339
1918	134	3958
2234	92	5383
21248	134	21120
24348	134	21650
8957	134	22461
751	181	5488
21713	134	4680
994	134	1743
2732	134	2320
10093	134	23607
9561	100	8529
435	134	2876
3918	134	22059
23304	134	1928
8779	84	4634
5524	134	2889
7812	134	7726
24614	92	21570
8462	68	24364
1076	134	10294
7819	166	3626
756	110	3006
10322	134	3223
2019	134	4992
3787	84	23463
1116	107	8508
9641	103	1904
3882	92	3432
21575	134	4282
10309	134	766
2194	84	7397
8153	146	1582
4083	129	24673
10304	134	3273
24317	84	1401
22934	92	3776
4267	134	21912
6201	134	25190
171	134	23578
22382	22	9838
6221	107	1496
7748	42	24068
948	134	1911
24209	134	2410
25451	84	9350
3810	134	95
4582	134	5770
7157	23	22123
5570	134	23047
7184	134	3410
7121	107	961
22534	134	1272
6113	134	9790
22729	164	2685
9567	84	9479
24533	84	1496
7547	92	5735
22184	92	3575
21957	84	5671
1364	134	3041
1097	84	23860
1831	90	773
3188	79	25443
7073	42	146
25376	84	8708
2341	134	8965
4617	84	6111
9759	134	8139
9976	24	1570
252	134	7604
2059	134	24819
84	84	24402
1197	23	7397
9480	134	23344
24623	146	5051
23820	134	3958
4360	134	7152
5912	134	1774
3670	84	4365
10357	43	6202
3615	134	21356
5620	134	22525
5875	43	6542
24963	124	7450
901	84	9748
23091	185	8949
5190	134	22407
22859	134	22583
9544	134	22340
8646	92	182
1349	134	8920
24136	99	1401
950	134	21122
2857	92	7585
1703	92	7399
23076	107	7377
10341	84	22405
8405	134	9957
1005	134	22407
6759	134	2995
3999	181	21534
6756	134	679
8548	84	22901
5885	92	2970
24297	134	7604
4439	107	5241
6563	134	25138
23689	134	22234
23052	36	24137
3353	134	22495
6805	172	9748
22633	84	25020
7846	84	23990
6538	84	22601
9792	92	1743
2500	92	8071
9232	134	24356
3645	79	7411
8250	99	3635
4466	134	25138
8872	23	1401
933	89	22714
8714	134	7536
2189	134	2776
1246	123	10451
3796	134	4680
4297	134	23344
478	134	8340
4315	92	2736
22031	134	6442
1931	9	5491
23818	82	1079
1550	10	22185
2157	134	9952
21026	134	3575
8916	146	10152
23772	134	10051
8098	23	1401
4815	134	9615
22317	134	8297
5344	134	486
8901	134	9615
1826	134	22059
23169	84	24402
24672	134	7604
5975	92	6521
3881	134	3575
22126	134	24408
21324	84	24723
7071	129	8829
24890	32	3663
659	24	7445
22301	99	3636
8853	134	24881
6080	18	1054
7602	123	7069
6576	21	2469
4878	92	3281
8150	134	10371
7418	84	24817
23851	134	6324
2486	134	21570
2588	134	1576
23838	92	2203
6087	84	961
3249	23	22601
25150	131	10364
5500	134	4369
5251	20	6712
5606	107	7314
21845	84	5671
3928	134	4422
1571	134	6745
9452	24	25412
8730	134	2215
24302	134	1928
21131	134	8519
22613	52	22601
7731	107	22405
4438	92	4680
4906	134	7152
6223	134	24590
2757	107	7397
7336	92	7862
21814	134	1928
2997	134	4282
21170	24	2381
22147	134	3372
3897	134	5954
23526	134	22057
4581	134	21120
1602	117	3984
3844	134	5735
1120	134	5065
22113	92	22235
8648	84	1904
10029	119	1138
3232	123	4209
21735	134	22021
21067	84	5671
22074	134	5244
3376	134	21520
8730	134	25192
573	134	8965
23697	205	22980
10322	84	9350
7581	89	25114
23046	84	1401
9817	92	3691
3134	79	7267
2053	134	585
8364	134	7054
5490	24	6707
21290	84	1104
8970	11	8517
24829	134	432
22742	134	1286
23555	84	2371
9831	79	7082
8899	31	10255
9833	92	1451
1428	134	24976
21463	134	8125
24061	166	23701
5242	134	9219
9276	134	22059
5424	92	21944
6929	134	3572
3325	134	9457
2583	84	9748
24496	134	7992
22500	134	6639
7095	92	24766
8076	134	4441
4449	79	6394
5376	98	3636
3124	134	8030
7773	139	23108
109	134	22830
7866	134	1278
21130	84	3636
7179	40	10014
8608	8	21251
4341	134	1286
272	134	5244
25103	84	7397
2424	134	6926
6104	134	9065
21213	67	22274
21352	92	9522
21139	148	5584
21762	134	6800
23258	84	1051
899	84	1108
5999	134	7570
23930	79	21672
642	134	22407
2751	23	1401
22958	135	23990
21526	134	22461
4392	166	3626
9039	134	6860
24803	134	8399
3525	84	8380
7035	134	7992
7351	81	6331
25078	24	8221
9719	166	572
9937	169	6593
352	92	4680
21965	84	9748
24633	46	6285
21292	92	2458
1864	84	1401
126	134	2970
4564	107	2371
27	92	8494
24893	102	24871
8480	134	8139
4850	134	21496
9639	153	5848
870	134	443
6444	84	2685
5626	23	3626
22532	134	6114
7987	123	5174
826	65	678
2593	134	1743
2626	107	1401
5689	134	24826
7711	202	22980
25312	134	21
22116	134	5992
914	107	10166
2132	84	10166
22001	134	7862
6957	53	4852
3772	79	6183
9695	107	7397
21615	107	4454
9136	134	9609
5602	134	5992
23722	84	5671
24689	134	2736
21846	134	5904
22868	139	1997
5498	52	7143
21975	134	10308
4413	5	7186
23745	84	7397
131	134	6958
22821	84	2739
642	134	2000
3556	134	8139
5086	134	25190
4608	134	21974
6264	134	8106
9020	129	21836
422	134	24409
4708	185	9222
24080	92	22059
5637	134	5992
5359	134	1234
4244	134	10136
4566	84	3626
3431	92	7992
3458	134	3180
23146	84	8062
9468	139	1597
1092	134	8965
612	134	2162
21315	24	444
23844	134	10109
24964	134	5273
8131	67	8708
5348	89	3246
3892	23	22980
4239	134	3776
1840	134	1684
23452	134	22775
22977	134	585
2513	79	6647
8993	18	8708
2742	134	23887
23252	134	3872
2233	134	9065
9774	164	9639
21466	134	504
23477	134	23650
8593	92	9578
6117	114	3582
1144	134	23380
2437	134	7072
5682	134	2970
3444	107	1401
868	134	3958
5677	134	6958
5160	107	8380
9293	134	22474
7784	92	22539
22644	82	22288
798	84	1401
22300	134	3180
5041	23	23950
4819	134	22353
2911	107	24375
23249	92	3198
7487	134	24634
638	84	2685
3878	123	6036
7472	84	24784
9502	84	23364
24703	84	5671
437	129	22053
3834	41	3768
8690	84	1904
25189	24	962
8977	134	3958
7387	134	3958
6647	24	21406
2002	84	22601
5113	125	8239
22091	84	23990
3750	11	3331
5941	134	1576
7322	134	5992
23177	134	6860
23072	47	9748
1078	92	8746
8097	151	22819
9613	110	208
6225	107	4365
4700	134	5074
8751	24	7068
24166	134	5888
6785	98	6348
7070	92	2000
21678	134	6374
22344	164	8506
21393	99	25332
7405	134	4073
22880	24	22188
23720	163	24767
23948	23	22980
3037	134	10136
4304	42	5672
3090	134	2970
8570	107	1051
21448	143	22823
9217	107	22601
21622	134	9786
9743	134	2572
2612	134	24819
4165	92	23765
6755	107	1401
5646	142	4009
8562	84	9466
7436	134	7570
5066	134	4271
24339	84	1904
23670	134	4441
2790	134	9522
23667	134	10136
24053	92	8965
5645	84	9748
7926	107	23701
23571	107	22980
24236	107	8743
6886	107	9748
24569	84	24262
2074	134	24356
8801	134	23344
5208	84	4454
8367	134	1538
623	134	8734
7443	134	2458
25451	107	5671
3590	134	21041
7721	134	9065
7447	134	5648
7463	145	22310
3325	134	24499
22401	107	2113
8925	129	5316
8511	79	1672
4779	134	21655
9627	134	1278
423	134	502
5981	134	9786
6144	134	8835
24111	134	9615
1599	134	6289
4249	92	1991
752	134	4883
1462	134	1605
4126	164	22980
24308	43	8230
8788	84	3959
24417	84	2685
4090	134	22830
23392	31	2154
2065	134	2995
25079	134	23568
21197	134	95
5027	84	9748
2626	84	1401
6018	124	866
923	129	2171
1219	84	7314
23230	107	2685
4068	23	7397
24427	18	22980
2324	134	8728
5945	134	10090
6383	134	5224
9649	92	22340
6239	134	1664
9605	134	6814
5833	134	21940
8981	79	22163
2287	134	24387
24399	134	5407
450	134	2020
4489	84	7397
23586	134	24848
5377	38	4603
22646	134	713
2459	84	8644
5582	134	22059
4390	84	2286
5029	84	947
23988	134	443
10333	134	7536
3650	202	21235
25064	89	25114
4714	84	869
21501	134	1576
9007	134	23578
6031	124	3210
21301	134	3074
22932	134	8139
4010	134	21195
2755	134	3372
24506	110	2549
6177	79	4697
5169	99	23375
256	99	5671
24233	92	6381
3205	68	23389
23724	134	9219
21202	134	3088
4327	89	193
3310	134	9176
4761	134	22461
22667	129	8947
3656	52	22601
2632	134	7536
25042	24	1672
23097	134	2377
6434	134	21120
2431	134	4528
3165	134	10308
5839	134	5770
9200	134	2320
21727	115	1401
21288	129	5102
9638	134	24387
10371	9	8150
2111	134	8244
21928	134	486
9656	23	5565
23646	134	21912
23848	134	1744
5482	134	2020
1847	67	23463
21698	134	23111
21555	79	1249
22723	134	1664
24827	163	5730
7666	134	4125
5523	84	25091
1153	134	21944
2349	61	22813
3992	92	3281
8753	107	10163
6095	134	8488
2988	92	21570
184	92	585
7707	79	7304
1407	134	25192
9480	134	95
25483	134	3372
6204	84	5671
8290	134	8635
6760	129	23744
21552	202	8050
4017	134	10294
5009	151	8413
1048	79	25412
9989	134	5992
9411	31	9411
300	134	10136
8440	134	10430
21181	134	3965
24548	134	24881
23142	134	9789
1746	41	8733
310	134	4111
1273	79	21651
5885	92	5244
4321	84	296
23336	134	585
24342	84	2685
3984	148	3984
8059	24	2124
23360	84	1401
6528	134	22230
6879	134	8746
24293	84	5671
3271	92	6165
8731	43	108
3564	27	8239
8482	23	7143
24009	84	3626
6202	43	3727
3254	84	1363
9361	134	4125
24357	134	3872
4988	46	10427
5134	92	1605
23388	134	22235
21247	134	6228
905	151	24921
6786	41	3220
9062	92	8431
7638	84	23463
21560	92	22461
2639	134	9786
22337	24	3147
21350	23	7397
22495	9	23220
4473	186	3636
2290	82	9932
7280	24	24789
6950	84	22405
341	134	24387
24661	84	7397
2500	92	8313
22257	84	3959
10146	31	21109
6033	134	5227
4116	84	22139
921	192	2738
5236	84	3959
5945	134	24387
22159	134	9385
3285	134	23084
21550	134	6442
1423	24	907
10211	134	4528
22227	92	5770
4016	107	22139
23018	134	2621
5681	43	744
7748	23	9380
21844	46	4722
23061	134	5068
22243	134	5383
8754	92	9789
6596	43	7251
9537	84	9673
7765	84	2371
6860	154	4876
2799	134	7296
4531	134	5590
10190	22	24901
24693	134	8297
21742	134	3281
22422	124	1336
4765	134	2608
7447	134	7585
1643	92	24590
6776	134	2736
1993	134	9838
8045	84	6185
21020	134	9063
10272	92	5950
8143	84	3959
23994	23	7397
6700	84	7397
32	92	8828
22852	134	5770
4752	129	22496
1053	134	2000
9809	134	2322
2440	41	6719
2848	146	24550
357	134	24624
7672	134	8748
1000	89	25114
9332	84	3626
3114	134	24063
7845	134	22490
3037	92	10051
22666	27	4754
7255	134	7604
24447	134	1037
6493	134	21650
5756	134	3575
1741	134	5992
6794	134	3575
10205	84	1400
2979	139	4663
6941	134	21796
8529	139	3710
9371	89	8365
24652	134	8106
3779	89	21212
24300	134	95
9955	134	4917
7486	107	24402
2250	41	23074
21962	134	23578
22672	134	5932
10410	84	5703
24947	134	2346
24027	134	5888
3886	97	9705
2461	79	21185
23456	134	25287
4583	134	502
6933	153	6961
1213	79	6719
10186	166	1496
860	134	6860
3277	84	24518
752	134	23650
943	18	1054
5196	92	4575
812	84	1400
6795	84	2685
5134	92	5845
21864	134	2000
1640	89	8910
23713	134	24766
1320	92	7466
24535	92	9522
23974	84	22943
6154	134	22059
1163	134	4422
3391	134	6442
9811	92	21041
22318	125	22980
22203	84	9748
25477	107	23845
9434	134	10474
6671	142	79
3488	23	23950
22609	84	23811
8352	79	1523
3697	84	3626
8435	134	24448
21098	24	23574
4847	23	4634
21487	125	8239
5822	134	6994
1591	24	6046
2014	134	21523
3547	124	23358
9093	54	613
169	24	5574
9529	134	4589
1643	134	1991
3414	134	1743
23448	134	24989
24006	84	8380
435	134	3575
8460	92	3965
24313	92	3432
8092	134	23118
22662	134	713
21874	134	6324
3674	31	21051
4304	23	2371
6672	134	3088
21047	134	432
24358	166	961
1065	134	1286
3377	134	2544
24641	151	23963
24503	89	24644
5268	52	1966
23164	25	6961
4966	134	3776
8830	134	1311
8816	89	3246
21955	92	2203
5207	134	24819
3186	89	6143
3653	43	21606
7663	134	3776
1842	92	10136
21371	134	1286
3476	134	3180
3745	134	713
6475	134	3180
23204	134	3338
24435	134	2876
24785	11	4579
136	166	9748
9888	134	24102
25343	129	2209
4292	92	22235
21834	92	1576
478	134	24499
23048	134	5648
2710	163	7871
22574	92	8297
23201	41	22528
10256	134	1931
21262	121	22823
21518	134	6639
839	92	585
22727	134	7325
1486	134	3343
6339	134	22407
22790	68	1401
24082	75	24988
1152	134	9065
23453	134	9952
3554	23	22980
10210	134	25138
939	107	7397
7694	79	7352
23074	79	24401
5218	21	25443
9777	134	8431
9347	84	3626
7277	20	4920
23238	134	24766
21774	134	21284
1788	84	24723
22928	129	4181
22044	84	9750
23447	134	24826
25329	131	23688
5624	134	2572
2947	18	22980
3414	134	7624
5460	43	25400
459	134	5383
7024	121	2397
3714	134	7325
23352	92	22234
1811	84	3959
23016	84	6915
23337	134	5845
25315	84	9639
9152	139	5421
21885	134	21519
1420	92	3180
6764	169	23418
4926	134	7604
24545	191	10166
8705	92	7624
5379	134	6639
22749	134	24766
5470	84	4956
22434	134	6226
5105	21	6854
6186	134	7781
22236	134	2572
23584	134	9847
3061	134	8965
8671	84	7314
24851	42	6853
24782	65	6499
24439	24	24289
9379	134	23765
23383	92	22461
25358	84	23953
1804	92	24409
8309	92	21041
4311	134	1744
8627	38	24642
6895	41	7211
643	31	22680
662	134	6958
8282	92	8686
3209	79	7685
3634	134	63
2958	134	23913
25253	135	9986
8973	134	2215
9744	134	1928
7750	84	7011
21622	84	22405
5991	54	21089
22551	134	6226
6352	84	3636
4741	79	7702
8155	134	24356
3847	134	4125
3512	84	23463
6544	134	9786
24450	92	21912
9125	134	9389
1437	134	21318
8169	134	22230
22457	193	24695
3943	92	766
5110	84	4956
3178	134	9176
153	22	3284
24422	134	24766
24774	161	7082
3806	134	1286
23540	134	9952
23329	134	10165
3709	134	24826
21002	134	1286
23513	92	95
21537	84	10166
8740	41	25042
22475	43	7253
23215	134	7624
22899	134	766
5857	92	25050
6079	84	3959
4776	134	3273
5078	134	5845
25470	92	10136
5137	134	1991
23109	134	2736
4451	134	5065
9336	134	2995
1492	134	24908
6099	134	9838
23323	134	1664
9094	134	24590
23475	134	10109
6459	107	2685
5804	23	3626
8566	67	5671
23559	134	21912
21108	84	3959
1552	23	7397
1771	134	23047
8899	31	1681
2930	134	2000
24416	24	7082
3002	92	24826
6094	84	9748
4933	92	9061
22111	134	21650
5366	134	23568
21988	134	3965
8007	84	6406
7833	92	7466
2121	134	8431
7041	25	1032
22786	134	6860
9191	134	23892
9331	11	720
3573	134	24624
4395	107	9350
1636	134	3958
6816	134	6289
8070	134	2778
733	134	22474
24510	134	1576
310	134	22583
1505	134	24989
4199	84	8273
507	43	9177
5007	134	8340
5552	134	7726
4856	134	23084
7979	92	10371
3924	84	21226
21062	123	7251
22119	92	8340
24542	24	3437
5155	23	1138
7075	134	22830
3084	134	22972
9832	134	10294
1360	134	8920
8333	134	5770
5692	124	4257
21601	134	10294
4740	134	4189
23291	134	1618
21774	134	4992
1072	134	1311
25074	134	2199
4868	84	2685
21559	166	9748
22054	84	5565
9324	134	10430
5265	84	2371
8407	67	23463
22262	79	6449
23578	9	6523
10367	84	22601
21134	134	21120
24347	134	23027
24541	107	3959
9515	84	6185
1622	84	23302
5456	134	2322
24491	107	6737
4581	92	10136
10456	23	23751
4793	107	1054
22863	84	23990
9721	134	3372
2294	135	21641
21145	134	95
2562	134	4125
8366	134	21912
2870	134	7604
6691	134	21655
7782	134	10165
10047	172	23463
2950	43	23260
8505	22	8023
1783	134	6226
5099	151	23915
2968	98	3636
8820	134	25287
25079	134	21567
25048	129	7493
21616	84	3930
2299	134	22461
5775	84	2668
25073	123	8814
24243	89	9953
4991	84	23463
25487	9	4081
3873	84	23463
8541	134	9492
7045	134	3273
10396	92	22525
24807	134	2995
22745	205	1812
10298	134	21120
2470	25	2668
23830	97	21117
4405	79	8217
24635	134	21284
9245	84	1401
7738	134	25390
7832	92	24352
6567	194	8434
2570	107	4594
9626	89	2345
7365	98	3636
24767	186	23504
3437	84	9748
5832	134	9065
5845	9	32
6875	92	4176
24898	134	7536
8610	99	22601
2180	134	22791
8782	98	2283
7188	84	6311
2395	84	9748
9399	134	502
21150	134	4111
7114	134	8071
8637	134	5770
21638	99	3626
21596	134	24153
4677	84	1051
24492	61	24863
6176	134	5995
21942	134	8488
9775	129	3019
792	24	6220
2325	134	4734
24799	43	2114
21900	129	24644
7303	134	10136
24167	92	7604
22700	92	6226
4906	134	22490
22383	84	4158
5958	79	23737
6655	107	22601
4269	134	7151
21497	92	2410
25241	92	10109
2740	134	4992
4444	134	24153
3927	134	21039
5720	134	22235
9406	22	3852
24938	84	1401
2740	134	5992
22726	79	24129
2346	166	592
3125	134	1576
6481	134	21120
6462	166	1496
6093	79	6898
2702	134	10474
2420	134	3273
122	134	24624
8171	84	7397
145	134	3872
3989	84	7140
6979	84	23463
6728	134	3273
24453	54	4245
2098	134	230
7297	84	2371
655	134	7604
3142	84	25336
4675	84	1054
21023	92	22791
23011	84	24633
23700	134	5888
865	134	6381
3263	134	5212
23130	134	6867
24134	92	2149
2875	84	8583
7395	134	63
6810	89	3966
5712	142	4927
1570	107	961
8971	134	8431
24887	134	24766
7416	134	7492
2654	25	8006
21231	134	3776
24971	145	25245
9103	134	2970
24954	134	9253
23411	28	22707
4499	38	388
3194	41	3768
25404	89	2025
23560	20	4920
10081	134	10109
6878	84	25160
8457	134	379
10007	84	24664
9436	79	5411
23218	134	3513
4474	134	1774
7191	8	8135
53	134	276
6334	24	21359
922	84	22139
22977	84	7011
2413	134	9719
212	123	4651
6310	134	2995
9978	25	9397
466	89	24644
24103	134	5590
2178	134	766
9983	134	24153
1008	84	3959
3384	134	23578
24406	134	24901
9634	134	8297
3073	79	24286
4379	134	4176
25240	52	1401
24676	134	4718
560	134	10090
272	134	25138
4051	134	22869
6773	139	24644
5257	134	9578
23193	92	9236
21100	134	3958
7736	107	1401
24482	84	9950
8930	123	24215
765	123	6024
146	202	22980
24533	24	2250
8252	124	1036
9088	84	24402
1917	31	4046
22079	134	180
6998	134	7604
8808	134	8965
2023	134	2377
696	134	9219
64	134	21912
23167	18	2328
24038	134	1311
3982	134	3776
5749	134	25106
8660	134	2995
10002	134	7682
24306	84	554
23065	124	25113
2335	89	4642
8354	134	10109
9463	11	4579
2340	205	261
3122	134	5065
2059	134	10430
9477	21	22867
24249	84	6185
24443	134	25277
21854	9	9104
21197	92	7717
24843	134	63
1379	113	2518
7697	134	9838
6625	134	3958
23582	139	9468
24265	134	443
7828	134	8488
23855	99	22601
10404	79	701
5315	92	3965
9088	134	2162
8788	134	25106
3665	134	4125
2381	79	7632
1682	23	8050
10231	142	4335
3879	134	8297
4749	134	25138
460	134	398
23746	23	9879
905	11	24921
3227	205	9021
1565	134	21523
7362	84	8062
25279	134	21506
2580	84	3959
3972	134	5950
1038	134	5212
6628	84	2371
6611	84	3935
8175	24	9632
9141	84	23662
21882	24	753
8219	134	9389
9697	146	10152
7952	134	6324
9460	52	1401
6619	134	3223
1993	134	7604
3077	84	10249
649	134	23344
24200	134	2320
5306	134	23047
4753	84	3959
1755	110	7160
23908	134	8297
9086	134	9615
4682	129	8910
24536	134	3958
4746	134	25192
729	134	679
22069	84	3959
9392	131	1136
23933	92	3572
9315	79	6122
6624	134	2410
4600	107	23950
23420	107	7397
7590	107	1496
22963	92	25487
1716	31	5418
7254	134	6226
7386	84	1904
24360	84	1401
3884	134	504
6528	134	8244
4475	79	21406
2689	134	9952
21191	134	9798
24056	134	3223
5797	134	21854
25486	89	1997
6413	134	1286
23980	134	4339
22594	134	9471
8808	134	5561
22711	157	2668
303	134	23259
10158	75	21038
41	134	9957
21368	134	24826
6652	134	4422
2479	110	22714
22241	134	4680
2121	134	5068
9900	92	2322
9117	92	8071
810	6	2171
22169	134	5971
1300	134	7992
9260	134	2970
25496	84	3626
21367	134	2809
9906	134	5992
25087	31	24099
21707	134	22059
2904	123	25122
2194	134	1928
5474	134	22869
1436	84	3959
25268	107	1401
4873	134	23913
4586	84	2917
21128	84	4158
22132	84	4158
24156	151	23963
4996	107	9748
22791	9	2954
21611	107	7397
25466	84	1401
2908	84	23463
32	92	23266
3863	134	10051
8830	134	22525
21474	134	21572
8674	134	2630
23959	134	24063
22182	18	22980
23922	107	10166
817	92	21570
5053	134	10308
4461	79	5825
22079	134	25138
5097	92	1797
5484	112	9609
23459	134	6165
3116	70	23486
7439	84	3830
24338	134	6778
23427	84	8793
4727	134	502
2691	92	21274
4851	23	22980
21320	84	9748
8205	134	1928
1180	34	24203
436	134	7534
25480	9	25399
8964	24	22654
10481	134	5197
2770	134	3348
23287	123	949
5281	84	4200
5237	134	23486
3293	134	5971
8650	134	8360
5507	166	2917
8818	92	5068
4427	134	2876
25427	134	25277
3308	153	4089
3196	84	1401
5384	84	22288
24696	23	3626
1793	92	21650
9690	92	3208
7827	134	5770
1369	134	3958
8371	100	7766
6942	23	22274
5460	89	8365
25289	134	5954
293	134	9176
8846	12	1794
1916	134	23027
7023	134	21539
1075	173	694
3974	92	21356
21106	134	22235
22842	164	9858
24866	134	2608
4602	84	23463
24806	84	961
6700	134	7135
7096	134	8244
24378	134	10370
8150	134	2876
9536	134	8399
8122	134	8207
6094	24	24208
9571	88	21933
2253	134	21912
21315	79	3585
4166	193	22942
9198	41	8209
23249	134	9492
21338	134	2458
4791	134	21519
9713	134	2970
21619	134	5735
7867	123	334
23211	134	106
6402	139	330
1297	25	3693
6438	134	1278
24111	134	3958
9784	191	6749
8816	43	6011
21042	134	5871
7242	134	25138
24432	134	1785
7751	23	9879
24161	134	8582
1792	11	23505
6859	134	8078
9360	107	9748
21310	84	7397
2193	134	10308
32	84	5671
2610	84	22757
8732	134	21964
10215	92	5068
10331	84	4158
1099	84	1904
2766	92	21655
5569	134	4528
9643	134	21520
2684	134	3338
6652	92	9684
10462	195	94
1289	84	4634
8345	134	9838
22935	107	7397
21961	107	5671
21170	84	1401
23063	23	961
6487	134	22230
5238	84	1051
22122	91	22122
21252	134	22407
3953	79	1891
21306	92	22474
1245	84	4158
726	84	296
23858	84	1401
1623	59	23115
23050	134	8226
25008	134	502
22101	92	766
5500	134	1618
4219	134	7604
21097	84	4634
6189	23	22601
6401	134	24816
1262	134	23578
21962	134	4578
7259	92	292
22538	134	5971
23348	84	4454
24717	134	22057
4512	134	23578
23476	134	8139
591	134	4734
6267	92	5383
3415	92	2410
1976	92	6289
24565	134	23027
4155	134	21572
9775	11	4181
4494	134	8828
7237	67	23463
8633	134	3786
10221	185	23438
6643	2	1966
4057	131	3437
52	134	2970
9373	134	10055
23772	134	24570
22850	24	24143
3459	134	24448
3359	92	9719
6430	134	22584
21823	134	3575
4466	134	5888
21375	31	21484
23802	134	9790
929	134	2970
2215	166	3626
24284	84	3543
23036	84	9748
5003	134	6226
2364	134	1576
21243	67	8380
7784	134	6374
837	134	25050
24836	79	23697
800	134	1311
10063	163	23107
5080	77	9665
22530	134	22830
9282	134	6226
7874	24	25137
1286	9	4811
2953	133	2953
7656	134	5648
4135	84	23463
10054	146	5071
22905	142	8424
25074	134	1311
24288	134	614
665	134	4807
4149	134	21318
2902	134	3460
24875	134	5074
7729	67	3626
3736	134	7781
10236	84	2685
25284	92	2970
25134	51	24082
9437	193	22794
8041	42	23864
5669	23	22601
22909	84	2371
23074	107	1496
21754	134	4282
7233	107	9748
4039	22	5992
2138	194	22900
5847	84	1108
24207	134	21039
8838	92	4575
6552	134	2428
4478	134	2000
4911	139	2479
4077	134	23680
22527	23	22980
8940	134	21120
7277	52	22601
6215	134	8655
1371	134	8315
1235	124	23229
5082	134	7536
6270	92	22525
4835	134	23607
23763	134	9457
9137	43	4501
4896	166	3626
3228	92	9522
1395	129	3045
21421	92	7717
826	110	8365
6663	134	10430
24340	77	6044
10028	92	22034
23711	39	2685
5348	129	5165
9688	31	3570
9096	41	8128
5785	134	8106
865	134	22245
8838	107	1108
732	134	6521
6086	134	10308
1343	84	3636
22180	134	24826
3183	134	8297
22477	134	95
25492	153	22402
22856	134	21944
10414	166	3959
9933	134	4282
22339	20	23415
7934	54	3237
2977	134	23111
1510	84	3626
4028	166	3956
9234	134	8387
21064	46	393
8620	134	22781
4420	107	23463
9245	134	3958
24809	134	1311
2948	12	2132
21799	134	7604
4922	164	2371
10338	5	4924
9929	107	3636
711	134	2819
5612	134	5950
3590	134	8431
24920	134	2162
7964	84	6185
7308	134	9719
21527	166	3621
23884	134	2369
3888	62	21024
21936	134	1278
2145	134	8030
7621	134	21166
8929	134	22869
8525	134	23578
6713	187	9856
7736	107	21132
23162	134	9790
24996	31	21562
21342	20	2707
2080	134	8340
23742	134	584
4493	24	21401
25409	134	25277
3062	123	5533
23999	142	6510
23518	134	152
4815	84	1401
7591	110	7493
8481	181	7858
5192	134	23913
540	31	8249
23584	134	22525
3239	134	2608
1835	134	1278
22891	134	25110
2330	134	7831
2781	134	6994
8858	43	5579
22286	134	22235
2554	5	6245
4608	84	1402
24065	134	22583
2696	134	766
2930	134	10136
24737	205	961
4690	131	7211
9277	134	3958
8278	134	10186
3642	84	1108
24873	134	2320
8362	134	1605
9266	38	23292
9053	134	4157
2610	79	23353
22265	84	2371
6877	84	2371
25469	84	5671
1566	92	9219
6814	9	2
22613	20	7611
3889	84	23990
9131	100	22967
24353	83	3091
4020	25	25120
3541	52	1966
642	134	2320
22135	134	6226
25223	146	21130
1172	134	21944
8571	85	7471
24919	164	2739
217	134	1026
1156	51	4924
23144	24	22827
24186	134	5224
22380	107	25131
10171	201	3396
7354	134	4992
8368	134	63
10471	134	6289
8969	134	585
6664	117	22024
3805	134	5224
8914	131	24129
283	134	3575
6010	134	1744
2436	191	7742
23742	134	5093
4194	134	21356
9086	134	22407
25151	31	8439
1316	84	23463
22323	90	96
1112	58	1755
2954	92	9369
6482	107	1401
23671	73	3829
986	134	4111
9985	134	21572
2861	84	8708
4178	134	22059
24354	134	6745
4788	84	3705
9709	107	9350
2423	84	35
8810	134	9385
93	92	5383
22586	89	3344
2028	84	6686
22010	143	22823
3587	134	9385
2916	134	2530
4976	134	4339
3669	84	10166
6008	134	5561
7935	92	4680
9325	12	2132
8414	129	2979
2423	134	2000
22983	84	3959
5552	84	23463
21919	110	8994
4300	84	8380
6921	92	21650
1328	79	1526
8320	110	3115
6191	92	24624
8891	134	2457
25292	134	3572
24437	134	1911
8102	134	1991
21142	134	766
10386	123	9371
899	134	4575
22444	166	10188
9088	92	23380
2798	134	2572
25424	102	2983
6253	134	2410
1998	134	10136
1629	134	5273
8892	23	22554
5890	79	8877
22617	134	3223
23349	134	6958
7424	107	8084
108	123	8731
5665	84	961
364	134	5212
24151	172	22980
8437	84	5326
24117	84	5671
5915	25	3063
22992	84	1904
1467	134	6860
4194	134	25110
1566	92	5648
3773	84	2685
210	41	9309
719	134	1928
10052	134	1576
206	124	24596
7144	84	4048
21929	92	10294
10039	92	22340
21797	134	3273
2742	134	25222
10394	92	5074
7475	84	4048
9502	134	1605
21097	134	1234
23413	134	10136
1692	134	21039
633	134	23441
8318	85	6582
25219	134	24819
8726	41	8733
5759	134	21041
19	134	22340
785	92	1186
1631	134	2970
3406	134	442
1454	92	24826
24053	84	9748
9956	134	8387
23602	23	4020
5555	84	1904
3176	134	23047
22234	9	4515
9570	141	6704
3264	134	9847
24904	92	21650
2337	107	22405
2733	134	23047
4780	134	6639
21345	134	4917
8544	134	4606
8153	17	24713
1703	92	1605
8432	84	2917
615	134	21848
8057	134	502
5484	70	9609
6753	134	22235
10012	92	3198
6806	134	21198
4211	134	24624
731	134	6958
4455	134	23344
221	134	5648
6513	134	24826
8127	134	10109
1055	134	22830
7504	107	7138
8374	134	4441
3771	134	6324
4274	84	10166
5021	84	23860
2223	134	22234
21748	134	22474
2016	134	4282
21208	84	10166
24879	92	95
1500	134	8748
3196	107	1401
2837	205	1401
6150	134	22836
8586	134	9719
5952	84	24227
522	163	23107
8512	164	961
9043	134	22830
6999	134	5212
1542	134	23913
7713	185	21769
1227	134	136
1480	52	1401
10296	53	24573
2058	134	21848
5837	134	25138
2473	134	5992
3051	84	1401
9341	92	4028
9410	92	3180
1458	134	7682
10202	134	24387
1854	184	1922
1444	134	22583
23231	89	25114
2686	123	3725
6202	123	10357
258	146	495
9446	84	23562
6813	89	1597
1657	134	5888
3864	21	6169
25209	134	4950
5152	134	6226
21432	134	25495
5751	99	2365
3063	164	23562
7350	23	107
8370	85	23028
24402	153	8006
25108	134	7151
126	134	21162
744	43	23960
869	23	3543
7231	79	2782
2372	84	10166
6449	205	23990
5781	134	8965
888	134	10430
1481	84	1401
23467	134	25110
876	134	9532
5184	134	9952
3230	124	22549
8962	43	23376
783	92	6228
24506	139	2549
2763	146	5085
9247	134	2621
5598	134	1774
23646	134	9522
3357	92	4469
21165	134	6860
9833	134	9345
22421	134	7492
1081	134	3691
9882	24	4314
5948	31	24385
2912	84	296
24042	92	21520
25409	134	358
6537	134	21655
4435	134	21120
6190	92	24356
4799	89	25114
21525	134	3007
4546	134	8828
1921	134	4698
7522	84	2371
24846	84	6311
23311	97	2436
22150	134	24908
3938	75	1540
3550	134	5971
23684	134	21496
22870	134	3965
5897	134	21912
22971	134	2458
4358	92	7819
5357	134	5888
2562	92	4125
7642	84	5520
5369	134	2458
1993	134	766
1971	98	22601
10404	41	6719
9888	134	7072
6979	134	10491
21676	131	10487
2447	161	1211
6351	23	1401
22527	12	764
4577	134	24819
24891	92	1744
6499	139	10319
25121	92	24590
22349	134	4992
21260	165	1791
4833	134	3776
6051	134	5845
25455	41	8209
9252	108	22457
1209	134	21039
7039	134	22474
2146	134	10186
9710	134	10090
4231	134	22059
4752	123	7519
25304	84	5671
1697	73	7407
29	134	1743
6655	67	2685
7255	134	4992
1592	92	8297
22256	134	8310
4095	117	3984
21973	134	5845
22749	134	7682
4391	84	1104
367	134	6324
6573	134	3432
1385	89	3006
23467	134	25138
7655	134	7604
548	134	21650
1955	134	23344
23204	134	21706
3726	134	9786
1062	134	6324
10182	97	2137
22010	51	24082
3115	65	8320
1292	124	5428
22067	92	4422
736	107	4454
9531	134	21944
24103	134	504
1638	107	1054
25096	134	1311
21574	84	2739
22563	146	22403
5840	92	1256
10004	134	23344
3925	134	9176
23600	134	439
1646	43	24699
5371	11	1694
25455	24	1218
22089	125	6454
23504	31	669
4969	134	25138
21377	139	6143
1097	134	3691
8283	129	22854
21797	134	585
9321	134	9061
8871	84	22405
8339	79	4110
4445	134	22525
59	134	22461
4268	23	8506
25297	123	6047
4902	134	5224
4226	134	9061
24740	146	9046
7634	134	8748
22308	134	3958
22106	134	7781
5098	84	3959
5210	98	3636
8225	134	7326
10467	20	23994
7752	166	7407
23130	134	24590
1924	134	10282
6704	23	8449
23370	134	5065
25261	134	21520
21849	79	7175
9234	134	22830
8150	134	23765
2925	201	6407
22556	92	1576
3975	134	5197
9737	134	7466
6821	107	5669
7521	140	24921
23947	134	21692
22246	134	1286
1340	41	8104
5234	24	22911
2021	22	21195
1209	92	7325
5674	84	23463
5113	23	5107
22515	134	8340
3449	134	24989
1171	84	4158
6381	112	5468
7242	134	6860
21411	134	8023
24849	89	311
23538	140	284
1409	134	22407
1795	92	6228
9045	107	3636
8516	22	4528
4345	134	22234
23397	134	1311
4554	21	2250
6957	23	7377
890	153	8006
6145	134	7135
25174	41	820
6264	84	23463
6777	146	4398
24490	92	8520
10068	79	7907
5274	89	4181
3931	134	7862
23399	134	22407
4481	123	21433
5147	134	22461
5717	84	7742
4991	134	502
10051	166	9748
4910	134	2876
24482	84	8926
7911	20	2707
4097	134	1372
9156	134	584
22638	67	3626
1342	134	2630
7201	134	8226
22369	134	1286
4468	134	7135
5295	134	5845
4340	134	8387
8709	119	458
1506	134	9065
8474	134	22234
7095	134	9061
8628	134	5735
5528	84	1054
7455	134	23913
17	24	25325
10055	166	21019
7101	146	8717
22480	134	1576
25176	139	4911
6735	134	8488
23191	67	2685
420	84	1906
24988	5	3610
9264	134	6324
3377	84	23463
10072	166	10244
5354	134	585
5751	22	9471
4722	23	22601
4756	134	22584
4061	77	22040
9279	84	3636
6816	134	9061
2275	84	646
3117	134	10051
6467	134	22390
4372	84	5703
22662	84	22405
692	154	4087
24270	89	6027
9682	22	24992
3405	134	9236
2017	134	4680
25159	28	3511
1039	134	182
834	134	4271
7205	84	9350
5034	92	24908
4169	92	4693
2151	79	8242
6225	107	1054
23514	43	8138
4984	134	6228
1327	134	24197
890	25	9990
609	92	486
21848	9	25361
4143	134	22525
9715	99	2917
1722	134	3872
10478	134	8297
22655	43	5305
22219	134	5220
3744	24	309
5329	84	10166
24857	134	9522
22874	134	3575
6540	134	2995
6467	134	2322
24834	11	1244
6993	134	8965
23572	31	24525
9096	24	21325
5279	134	3432
8083	84	2596
3496	84	23990
8019	134	2876
3882	92	9492
8649	107	23860
21635	134	5590
9968	134	10371
6039	5	10144
24754	84	22139
535	134	9798
6935	92	24387
4582	134	8226
2527	134	5770
3107	134	10022
22107	134	10136
25281	134	766
3700	134	22407
24725	134	3958
21376	134	7399
2293	134	1664
23062	134	22583
21466	134	2876
724	134	95
6334	24	8338
9079	84	1904
3675	134	5224
7368	134	9790
3072	134	2876
4055	134	2572
3470	43	8682
4613	110	21212
2376	23	10166
25040	134	8297
9304	21	304
22982	84	2596
4432	84	2685
138	134	2559
5366	134	5648
5247	134	24989
9705	21	7645
3271	107	1401
4091	134	1311
8049	43	21147
4027	79	24011
1248	134	5845
24805	134	3872
1344	84	6185
8698	134	6639
21958	107	1496
8732	92	4680
21049	134	8953
21371	134	21195
23821	134	4111
21554	134	6639
22191	134	10136
4743	89	4576
6275	134	6226
9145	31	1377
3576	84	23463
6732	146	3859
1990	134	8965
5011	134	2346
21701	134	21508
9560	134	216
4555	134	22390
22516	134	7604
22493	89	6955
6040	92	21520
9016	166	8505
7616	107	8708
9396	151	9795
1067	92	4205
4074	134	2000
5063	134	5224
6885	134	2876
6254	92	25110
1272	166	9748
10159	84	5671
4877	169	4690
8635	166	22601
2013	129	365
21663	92	23500
25360	84	24402
520	134	22235
1842	92	21039
21919	139	3504
1731	92	21572
10191	134	23578
22389	84	9350
5337	134	8746
3399	134	9719
1241	134	9065
25157	134	5992
5891	186	1079
8	125	958
21230	79	24439
21668	84	858
774	134	21496
24098	92	2876
24258	84	1108
7746	134	5244
1340	131	2440
23349	134	22972
7484	107	5671
3230	24	22549
3416	134	9790
8946	79	1157
4320	166	25160
25196	23	1138
5711	134	21912
9424	134	24814
24579	24	3946
1416	134	4992
7250	134	2621
5610	134	7604
8659	43	8697
6537	134	8431
4783	84	5607
25160	23	2371
8661	193	8896
8920	9	9746
24458	134	8226
23657	92	23394
2607	38	9443
4346	9	3828
21400	134	9063
25030	134	22235
5909	155	7647
22601	73	10255
6913	92	24826
9874	134	7492
23032	143	22823
7952	134	23578
8150	92	24819
3220	79	24137
3062	129	21836
5156	134	22830
4050	110	2750
8444	18	7397
9453	134	5932
24509	84	961
3927	134	5992
7954	134	9909
22131	84	1904
8894	107	4365
3806	134	24387
22760	134	4417
6286	84	25011
5834	134	22683
9372	46	4988
5435	146	9170
3005	84	25131
1588	134	23913
4026	24	24932
7749	134	22059
3800	79	8185
3264	134	9236
6735	84	8380
7208	92	7992
1905	121	22823
22876	84	2654
1706	84	39
23929	202	8380
1237	110	23744
6076	134	95
6269	134	6800
21008	134	24908
4890	84	3636
24468	21	3585
24540	134	4575
1155	134	7585
24213	134	2995
5387	84	5977
9791	84	6915
10372	79	6701
8647	134	5590
703	92	4111
8530	134	6228
24688	84	23463
22669	134	4585
3629	84	24402
23116	134	10325
23681	134	9532
1097	134	25390
21201	134	6960
4146	79	4336
10254	83	8664
21521	134	1576
23958	202	22980
2993	134	2876
1924	92	3180
5317	134	21520
24019	92	182
25181	134	8226
10212	134	22057
4723	134	8748
4891	134	10022
1204	134	21650
22571	99	7742
8955	92	22903
3049	134	10371
2845	84	9142
23676	92	182
22383	92	3316
489	92	21572
8887	134	22972
4315	92	4680
1875	84	261
21316	134	8746
23154	134	4606
22149	43	4302
10101	84	1496
22755	134	63
8456	134	23441
23602	23	9879
9067	134	1700
24800	114	5771
5396	84	4158
10080	134	5971
23201	24	1672
7378	146	8413
1703	92	1931
4188	134	24826
5740	107	23463
23694	92	3965
6043	84	4118
23966	82	22733
1954	84	8380
22572	134	3958
21127	84	5671
24081	92	25390
23427	134	24179
24761	107	24402
164	134	2970
4316	83	24315
24162	84	10166
98	84	1904
22618	134	21520
725	134	23831
4015	107	2917
5386	134	4883
7044	134	7492
7144	134	8748
7259	84	4158
1050	31	8696
22950	84	5977
6893	84	5671
23574	79	22960
21176	89	8829
2696	134	4282
2554	5	24082
22560	134	3223
24936	84	10166
10441	92	3273
21289	134	9838
4129	134	22474
8417	129	21719
21422	134	22230
8364	134	2410
22179	134	2410
10494	107	8708
21394	134	502
3602	43	409
24349	134	7326
5550	134	443
7425	134	5735
980	84	8204
7026	112	8664
2585	103	7397
1620	92	1537
3568	134	292
1730	134	7604
23348	107	5559
24511	134	152
5582	134	2410
8914	131	22726
3324	134	3958
24853	134	23344
5134	134	22449
740	99	961
8159	84	4158
7219	134	4125
3875	134	22340
9113	25	6961
8053	134	24570
23645	134	585
8861	134	7134
4880	84	6915
3177	79	1782
1288	123	8304
4468	134	10022
766	166	1401
21751	134	7135
6932	52	22601
22739	134	25480
3936	123	7238
778	202	1401
179	134	2776
3785	110	21836
10360	155	7366
8152	134	7717
22293	134	4917
3375	134	24356
2797	134	4807
7940	134	24848
23442	43	24245
2945	134	2621
8646	92	8920
21983	107	24402
2206	31	21207
22895	134	5244
24528	134	3872
1384	134	6226
1275	134	2876
3041	166	9479
25444	107	2371
22291	84	1051
21827	134	4680
23649	134	3575
25337	134	23765
3586	99	3636
7763	134	10136
21283	134	2876
8839	134	22869
5380	123	8865
1711	134	22525
24905	202	21235
10378	172	23950
280	134	2199
7809	84	7397
5560	134	9135
472	67	22980
9956	134	22235
4134	24	1721
22017	84	24402
7063	168	3393
5382	52	22601
907	24	962
10301	84	1079
21286	134	63
922	134	10242
3064	58	7695
6694	134	5578
7948	134	6442
21026	134	9385
8400	205	23990
2747	134	9909
991	84	10166
25175	134	4293
7746	134	24356
6058	134	23111
3280	84	10084
21574	134	24989
3550	134	24431
23210	134	24352
1004	32	818
24330	134	5212
737	148	737
9194	134	1928
23149	84	1904
1469	134	22474
8301	134	10491
2289	24	4502
7417	92	21944
9611	5	2554
2063	84	7397
6287	166	22754
23986	20	6073
24402	153	25112
4913	38	22398
1952	134	585
4253	84	6185
23463	25	5848
23899	84	23270
22694	134	443
7065	23	4200
23724	134	7151
5648	166	3626
24290	84	8380
23541	23	296
1783	92	6226
5295	134	7536
24929	134	9532
2318	84	22601
2720	134	2000
9707	134	23578
7112	146	25116
7156	134	7134
24528	92	5212
7265	92	9786
21497	134	23344
7598	11	7493
3827	134	22235
6088	92	3372
9893	134	3776
315	134	2995
21829	134	22830
4698	9	22317
2878	84	24602
24658	134	8655
9714	92	21944
24524	134	7326
4658	25	22344
2913	163	23107
9762	23	1401
3406	134	5068
6325	134	7135
6481	134	6324
6466	84	5671
23529	134	3534
3871	134	6228
21919	110	3504
5698	43	1909
25296	38	8202
3756	99	2681
9425	123	25474
21422	134	24590
25174	79	7612
23329	92	10165
1824	23	25232
21423	134	9615
21464	84	1363
24252	109	23341
6265	134	6442
2820	134	7992
21564	119	23990
2695	134	9790
1084	84	1051
5973	89	7109
24268	134	8687
1476	134	2843
3362	134	443
7613	134	8106
2634	84	1904
3638	134	7604
4739	107	7314
8540	134	5992
7968	134	713
3538	134	584
23862	123	1284
3103	134	24826
24919	164	7140
24942	134	3786
22396	84	5671
22675	134	6521
108	43	21858
1482	134	2000
4015	134	24352
2287	134	3872
24710	134	9369
24496	134	23280
9224	164	6454
7218	84	22601
5195	134	24197
10309	134	1928
2252	89	21212
10258	129	21836
21761	84	2371
22345	23	8050
21901	134	2410
8843	107	24364
24138	92	2530
3982	134	4045
6886	134	10136
3337	134	22057
9978	25	9722
21419	134	7585
1393	79	6854
24964	134	4157
21664	92	4606
7022	107	2685
836	75	9139
7336	107	21235
7710	134	1311
21896	134	24431
24457	84	1401
23292	31	9266
4580	107	296
25256	24	24832
2951	134	7492
496	134	6814
9637	134	7135
24326	134	10109
985	84	7397
23443	134	4698
2718	134	3198
6315	134	2410
21731	84	961
5986	134	1928
7979	134	24356
23210	107	21235
8085	134	4331
23997	134	1576
7748	185	3089
8521	134	398
4737	134	2458
10407	20	4920
7864	107	3959
7249	134	9065
24129	24	8914
9183	70	22683
960	134	5888
7481	134	8920
6367	23	6803
21956	23	23751
2342	134	5992
22049	97	3954
3875	134	1718
6330	92	10136
7940	92	24448
21180	134	2069
8597	134	25138
21160	134	25222
8179	84	10166
3896	18	3636
7675	142	22408
24454	134	2369
24690	134	7862
4845	84	72
7328	134	6639
3736	84	23463
9820	134	585
1998	92	7466
21675	134	25495
34	134	24197
9409	107	1401
3107	134	22474
2415	134	4045
976	134	504
652	134	6324
10369	24	23837
25346	134	8226
21694	134	8965
3954	191	7397
4718	166	2739
4240	134	22245
24784	153	6961
1975	23	7397
1469	134	9615
4759	123	23287
3376	134	10140
7187	107	9233
4147	84	1401
373	99	3746
22939	84	23463
3515	92	22583
560	84	961
21426	84	5671
6964	134	1744
6054	43	8061
24275	31	1426
5374	134	8071
7980	84	2371
995	134	6807
23679	84	4365
7076	134	25138
6475	134	3691
22073	24	6334
2572	9	22037
4750	134	24356
10276	134	614
21348	134	6745
21327	134	24448
9949	124	8396
22751	134	9532
7665	84	9748
2274	84	22601
2930	84	7397
25155	43	8613
10170	134	9798
24396	134	8226
23562	153	6961
21710	134	10474
4911	139	22714
22720	134	7604
4151	43	4151
8003	92	24908
25213	79	2119
4987	84	961
25199	134	24624
3684	134	3958
8885	92	22525
7612	24	2350
6824	139	7109
3159	123	24270
9252	8	6006
5723	134	2465
24247	121	22823
4660	92	25487
4510	134	5224
2029	134	4992
3630	92	22230
8611	84	1401
1301	134	23765
23413	134	8494
1876	107	6353
820	41	8554
24886	134	10136
6471	134	10370
249	134	9847
2870	84	296
7753	23	1400
22632	134	7325
999	89	25114
3903	134	25287
21119	84	22601
6051	92	7781
8982	134	1744
23459	92	21508
21688	134	4417
7832	134	23380
24775	142	7198
7960	134	25110
3357	134	9135
24074	134	10430
146	185	7073
6936	134	585
6895	169	4690
10304	134	8965
3008	43	24961
6819	24	22811
9357	92	10136
23685	70	24197
120	92	21039
23445	84	9350
4803	43	1757
4951	98	1138
4880	134	7831
23265	134	1743
24142	92	9253
1831	6	773
5437	24	602
440	84	2371
6545	84	1401
2814	79	23175
10062	23	3626
1144	134	9786
5583	134	8139
9818	109	1051
6306	84	3636
7676	134	10430
8184	99	2371
21468	153	6961
23039	134	24819
9432	134	2320
22336	151	7274
9854	134	2000
6823	134	8387
4325	84	1401
2332	110	21212
1599	134	22059
10156	134	1774
21637	124	6031
5111	84	4158
978	134	8431
24851	125	6185
21105	134	7536
24777	97	22472
5364	134	7466
8531	134	2203
6034	134	6228
25018	7	22601
8410	134	2000
23057	84	23860
23150	134	24624
1818	84	8380
23537	25	9722
467	134	21508
5082	134	1311
23689	134	3965
22814	134	5561
24020	92	766
2361	134	10136
4210	134	6226
5674	134	21469
23613	134	8828
3302	65	24506
3146	134	8828
23226	134	21650
7059	166	24602
21472	134	3876
23364	23	3626
4898	166	3731
4568	23	22601
8526	134	3348
23991	134	25287
3006	110	22967
3915	84	1904
23000	134	5065
6104	134	3223
2860	134	6374
10286	134	7145
4259	134	5244
3435	123	9626
21566	134	766
22546	107	22601
1096	134	2288
24714	134	22583
2979	65	21048
9860	18	9350
23712	134	3876
2307	134	5954
21045	134	2346
23456	134	24499
1150	166	23920
2298	134	1743
8127	134	22234
21171	134	4111
21566	134	7717
24010	134	22584
9702	134	22525
4386	134	9615
23366	134	531
3139	79	1493
7848	134	8828
22226	107	2917
1870	134	23298
3057	134	22584
9430	134	21655
21873	124	9951
24221	134	25222
21163	107	1401
8563	84	3543
24738	205	7805
6866	134	4320
9314	134	7325
5982	134	7135
1470	84	21591
3796	134	432
340	134	2022
772	110	9238
9061	9	23613
608	134	8139
22915	134	1576
23321	84	7753
2877	134	22407
21253	129	2332
118	134	1664
4692	134	9532
23159	79	7091
22641	110	24960
231	134	2621
21954	107	1401
2971	134	2894
3126	18	2685
8483	99	2986
22884	134	21650
10478	134	2970
9231	18	4454
7224	23	7397
1555	134	5992
22004	84	10094
10140	166	9748
9393	134	3575
2954	84	10166
23627	134	5992
6856	134	9236
7210	134	2876
24736	38	8603
24048	134	10165
3939	182	9917
21087	134	21039
8800	134	24816
24674	92	3994
8993	84	8708
22614	43	2232
23070	146	3609
3832	194	1970
4467	18	21357
3057	134	3691
1747	107	24723
24701	92	4606
9124	201	5998
1113	84	7030
2629	79	24131
4090	84	4594
9104	134	2876
22833	163	5730
9015	92	106
9214	114	3191
9473	84	22601
2095	134	10109
2703	92	2322
6868	92	2000
23279	134	9522
8556	134	21854
3630	134	24590
23334	134	23578
22072	134	24590
3176	92	8297
24059	84	7397
10063	79	5766
7246	84	2371
6353	31	5739
4445	134	9798
6794	134	3372
4234	134	25287
906	92	8042
24541	107	23463
777	9	5002
5345	84	4634
407	143	22823
4312	24	9700
6682	89	24317
7195	92	22461
9955	134	10090
21789	24	10243
7695	84	7918
22178	25	24768
6735	134	9532
7360	134	9065
10206	84	7140
23261	166	9748
2946	24	2961
7828	134	23831
7431	23	1138
23525	134	22461
7843	84	8380
1316	134	3691
313	134	7717
3243	92	22566
5551	134	25495
22965	134	8431
21072	134	9786
21017	134	6226
21613	24	21010
9559	134	5227
5333	84	6185
21637	24	3722
7378	129	8413
6695	123	25432
24875	134	24634
1358	92	7325
8103	92	22461
22181	134	443
22534	134	23179
24704	134	3872
23540	134	8965
6698	84	2917
8104	24	701
4405	84	8708
21769	8	4304
21182	134	22230
8875	134	8030
22033	67	4126
1906	153	8006
8827	124	7456
3390	84	6185
24546	134	8828
1882	84	7918
4653	123	8372
7325	9	1358
23905	107	1496
6533	134	2215
9202	134	23261
21565	25	7239
3341	134	2000
24641	40	24315
24828	84	7397
8632	99	6311
2786	134	230
759	134	10109
22452	134	4992
6357	134	8965
228	99	8084
8663	107	6311
24801	92	10136
7779	79	6701
7185	134	6814
4792	84	9673
24694	134	22230
8744	134	9615
2217	134	10136
5969	134	2530
6696	157	3636
4143	134	8226
23627	134	1576
4902	134	21570
24616	134	1664
3528	134	8828
21779	109	7507
2921	134	3180
2192	134	5224
9825	134	25110
6540	134	24814
4945	84	3830
8800	134	3667
7562	23	2371
4023	129	997
9081	134	8297
24623	146	10208
932	84	22601
8404	84	1401
8951	153	8512
25385	101	24673
10240	134	4575
10131	134	4125
1057	18	3959
621	84	23953
9049	134	7726
4727	134	7585
23480	134	3180
3119	172	1400
9025	134	8106
22329	92	4992
24746	83	3365
1875	84	24931
25041	134	3410
9725	134	3965
9816	152	6597
10105	143	22823
10009	92	23084
25148	134	585
25437	92	1744
3615	134	5932
6746	92	5932
2305	134	4578
5627	24	24568
23207	43	23285
3707	134	3223
24628	134	8340
9410	134	23765
7959	84	3626
1623	17	8626
10122	24	4870
21023	134	10136
5922	84	26
8183	202	7138
24941	84	23463
1816	134	22775
4581	92	2970
9865	92	584
167	134	2322
9439	84	23463
1890	134	22584
21720	134	9719
9175	131	9255
3610	75	5744
9925	134	3872
23200	134	2243
575	134	24908
6082	134	22830
1134	134	1700
23676	92	6324
9373	134	21372
686	181	5799
21532	134	5065
8542	21	4330
9268	134	21655
10446	134	63
6079	134	7438
24134	134	2149
23241	84	10166
24369	134	1931
6952	84	24364
2156	134	21655
21341	123	24684
22326	134	486
5120	134	21039
704	134	22235
5179	134	8965
1371	134	5770
861	6	21836
3648	134	3534
5629	146	22078
1557	134	3432
24733	166	9748
4367	129	22967
4580	107	6731
6362	134	5383
1897	134	23486
8369	134	23047
25341	67	4956
4786	134	25190
1920	18	1054
8418	134	23259
5888	9	5576
2900	134	1911
10216	134	2776
1110	134	21650
25420	107	9748
24963	24	4447
8607	24	902
24	84	10111
8148	134	9492
10368	84	8380
24901	166	3308
2129	123	24818
7541	187	2674
9068	109	261
23214	123	7870
21668	134	6745
3621	22	2843
24204	23	22274
471	134	95
10368	134	8431
379	166	4959
7150	92	3273
3540	134	2736
25476	134	95
22306	134	1718
23706	92	1605
840	84	8380
23941	165	24667
24938	134	2000
5553	43	524
25252	134	2458
5416	134	10430
21471	134	5197
5656	84	7507
2023	84	3959
9111	84	3636
23670	92	2608
4922	164	21898
21385	84	4158
7161	134	1311
8699	84	10166
22441	67	8380
8529	110	3710
1581	84	23463
7249	134	22525
23272	84	7397
22877	92	1605
21922	43	2136
6493	134	486
9133	134	10051
22849	84	2371
25277	166	4875
1167	84	23463
476	134	21039
6961	164	10187
6701	24	698
9161	79	4540
5242	134	5648
7616	79	10391
3179	24	3192
1365	166	9350
4953	134	766
1859	23	6454
23652	164	7377
2781	134	1797
24032	134	9952
21951	134	3208
8989	134	4606
25410	79	25195
23706	92	1718
4917	9	4790
22509	107	24817
4032	134	7326
5747	38	7899
8286	41	22128
8223	134	7624
8449	153	23395
23303	92	1441
6278	134	25495
8882	51	24082
7508	134	24819
4338	84	23463
4824	79	2667
2590	134	24102
3282	134	25138
6010	134	21041
2440	79	3579
4138	129	2332
6187	134	2970
7476	134	2995
4420	107	3959
1020	102	23115
24455	79	21031
24414	43	1030
2532	134	9385
25054	134	2005
4787	110	22517
5779	84	23860
2864	84	8062
6047	89	2852
4138	129	1597
2204	134	24179
5103	92	2215
2877	134	22234
10372	201	683
21265	84	4158
8082	24	24802
5994	134	4111
2642	185	778
7109	139	6027
8191	89	3504
3684	134	5992
4617	134	21655
5539	84	4956
21273	134	2621
4274	134	23419
1000	117	25114
5672	185	4304
7616	24	21585
4665	139	208
23656	134	6392
4597	92	5065
4153	184	5877
1021	134	8226
5481	134	8340
2051	134	1911
21351	84	646
386	134	1234
8720	84	3382
6030	143	22823
599	134	21854
23301	134	4896
7626	134	21041
5008	107	3636
10222	89	9013
23523	47	7397
22588	134	4320
4059	110	9468
25134	25	8006
3324	134	7604
2017	92	10371
22677	134	22525
1039	84	1108
3108	134	2446
22835	134	24816
5527	84	2371
5537	84	6185
7306	134	8297
9209	84	24402
8348	92	5423
23165	31	23355
192	202	24784
8742	11	21826
8227	134	6994
802	152	1051
23339	124	3396
210	169	33
1127	134	585
520	134	22461
5725	185	24597
935	134	3691
3067	23	22980
8126	92	587
259	129	328
5249	134	1797
8404	79	701
22406	134	6228
10089	129	25242
5179	134	3223
21612	134	8340
3851	134	8828
7670	79	2239
8744	84	1108
23943	134	2203
2609	43	24985
1621	134	6860
5528	92	2322
2758	134	4606
22845	134	9253
21210	84	3636
8898	84	3959
2916	134	22461
1151	24	2430
2132	181	5962
7098	135	23389
10367	92	8431
176	84	25197
21485	107	7753
21794	107	7407
4769	43	23693
936	134	2446
6213	134	23261
21623	43	24514
23515	79	24391
24535	92	9957
7392	134	4992
6649	107	7397
21691	134	9790
22001	134	6926
1616	89	23632
21369	92	2410
9272	134	25277
22825	92	9952
23282	134	3575
8694	129	2171
23255	23	4365
1653	134	9219
863	107	1104
1884	134	23280
6909	134	23131
2797	134	6324
24878	92	21520
23964	27	7377
24745	134	5735
2052	24	8221
5961	84	2371
1909	123	5698
24955	134	5407
8885	134	7536
3496	134	6287
2314	134	3432
5443	23	1904
2308	92	2000
3328	84	3523
8377	134	7135
23339	24	3396
6763	134	8226
258	151	22785
1634	92	9340
8480	134	5695
24929	134	6994
6217	28	23524
7012	92	5992
21452	134	6442
24845	84	2283
22581	134	5244
21628	134	2876
1493	84	2685
6419	134	1372
9317	134	8340
25042	24	1570
25456	84	1051
3992	92	9522
9984	84	3626
2341	134	7135
21983	84	858
24542	24	4057
24972	84	9748
1368	134	2000
9976	24	1672
7669	107	7397
8858	89	1997
9717	119	23990
5351	134	3513
10119	134	9798
5884	185	620
52	134	9928
664	84	9639
1834	84	3626
22169	134	21508
22065	79	24189
7153	134	24989
7600	84	3935
2277	134	25138
7477	92	1311
2496	134	2608
10447	70	1529
932	134	8431
7416	134	23047
4288	27	7742
4916	134	22583
21019	99	24364
24194	23	5671
23457	92	9719
21364	134	1744
5303	25	22344
22788	134	24197
4050	139	2750
5469	134	2780
8421	8	5782
7936	84	4959
4214	84	10094
5184	92	2608
755	84	39
25442	134	5735
825	166	21019
5914	134	23539
23269	117	3984
5044	134	2410
2504	79	5090
22983	134	3180
334	98	3636
23921	67	24364
344	134	7604
9481	134	6958
22607	134	24881
8343	109	1079
2900	134	432
1620	92	22057
3579	79	8404
22585	134	10491
8362	134	24499
24633	193	24321
235	134	24590
9694	92	9798
24046	134	23831
2337	23	296
5706	134	2020
9115	97	9636
24493	134	23913
25465	123	566
1358	134	7325
23910	134	63
9096	79	8128
9445	134	6958
7128	134	7466
5667	92	3776
25344	134	4331
5196	92	182
1087	134	2970
6533	84	3626
23478	84	21850
1468	123	1246
6051	134	10491
21561	84	4158
10372	84	4956
2522	134	6374
10412	134	7992
5375	134	766
7523	84	8380
9533	134	6324
8660	134	2530
4192	134	5224
5604	134	9236
9426	134	2778
24065	134	23344
1773	134	9065
216	166	9748
873	84	2371
1331	52	22601
22945	84	3605
903	134	5224
441	23	1401
9047	123	5816
7833	134	9798
636	84	25311
25227	89	8371
2136	43	324
3551	134	5735
23909	129	7967
22765	134	21496
6133	134	2530
23255	107	1054
2115	21	4453
493	134	2970
4830	134	1576
23655	21	863
8857	134	9798
22488	84	4158
24057	161	24994
21340	134	5954
1744	9	4706
23305	92	2320
21561	107	4158
23994	23	1401
22169	134	22474
25380	134	21650
9735	134	2410
2551	134	1664
22197	134	1576
1988	134	3994
22968	134	1744
44	134	10022
437	171	22053
21157	134	21520
21036	134	5065
5241	31	21109
9322	79	22663
4272	84	2685
7358	134	23295
4862	134	1928
10318	134	2776
5129	84	1104
2967	134	21120
6846	134	24063
25192	166	3626
6845	134	1743
151	134	2621
6635	163	23225
4687	134	1365
24801	134	8042
6225	107	10166
9748	25	5848
22539	166	23953
23791	92	22234
22433	25	1857
7161	134	23047
24018	84	1904
23835	92	5735
7673	123	23716
2627	146	22469
3525	134	2005
163	139	9859
24463	134	2000
24107	134	7536
24069	146	4781
6113	134	5992
21447	24	6675
24179	166	23527
23460	92	9669
22991	107	10137
5990	43	24859
22831	84	10166
4427	134	22407
22616	134	24624
22130	134	2736
24541	84	23463
7718	134	22234
8443	134	3965
22885	134	6324
8298	139	7967
1351	134	3958
23010	134	2970
4074	92	2164
533	134	6814
704	134	21572
4376	134	24590
2667	23	2328
21399	134	2809
374	134	1928
6947	134	21519
24713	84	5761
22411	54	4245
23847	134	5146
21114	134	7492
8216	134	4992
8481	12	1794
2661	124	1344
301	84	22288
4728	84	2685
900	134	766
25088	134	6639
22530	134	23179
23771	134	3776
24762	134	5971
2186	134	9719
2909	84	2596
745	134	7604
5264	134	23578
1905	51	4924
1506	134	3223
7671	92	1576
10444	134	23111
23539	9	7393
23166	134	22525
9871	92	23259
4228	128	25482
2210	92	5735
3422	84	23990
1221	134	7781
21656	134	3432
8254	134	502
23940	134	3958
22	185	9100
3405	134	504
24281	134	21120
4361	134	24197
7523	134	22059
3383	164	4634
1869	134	23266
7485	84	1401
8639	79	6411
25319	139	1611
5446	134	3088
5406	134	22407
2541	134	8828
23920	178	25245
1429	134	24409
21383	41	9198
23133	84	6311
22769	134	5992
10341	134	22830
4375	151	7955
10160	134	2970
884	134	5735
24948	134	22693
3822	134	2320
2874	134	3965
9491	84	9021
9617	107	10195
7449	84	3959
422	134	3958
23571	138	22980
5521	134	24356
9810	84	5671
3247	134	8106
2306	163	7871
820	24	5412
6270	92	8828
4102	139	826
4922	164	6803
6558	134	2215
1850	162	6137
23257	79	22342
5657	134	23578
622	134	3343
23452	134	3513
5765	134	8728
21020	134	2970
25448	134	5068
9695	84	4956
10295	173	1600
23462	54	9488
8469	134	24153
23967	92	585
553	165	4034
4995	134	1576
7185	134	25495
4716	84	2917
24253	92	7492
525	134	24881
24858	84	22601
22032	24	1230
25423	134	25192
857	134	2410
6099	134	23131
21580	134	24881
7127	134	21692
21871	84	2739
24819	9	9182
22605	134	3872
5289	89	3344
7295	89	4642
24018	134	3198
2984	134	24499
10266	84	5671
25318	134	4528
6433	84	22405
1663	134	7151
6221	134	22987
22382	22	6994
22077	134	4528
4865	134	6226
2570	134	22830
22028	92	4606
2373	84	6185
4034	21	24533
9483	134	23831
9421	134	22230
9187	134	23261
3929	70	8101
1174	202	23860
25083	134	23747
7795	134	5578
3540	134	8431
2293	134	22584
22966	142	3909
5287	99	3765
6094	79	7917
4239	134	9492
4760	84	1401
24801	134	5932
3771	134	7726
3779	123	2252
21105	134	1576
1120	134	6521
21757	134	2410
6676	134	2995
5091	134	3343
2337	97	10018
8519	166	21648
24083	134	24071
23984	124	7513
4050	139	2171
5666	134	443
25040	84	21499
22674	84	1051
23484	109	9350
6581	134	2000
521	79	210
6338	134	22775
23903	134	2970
5296	134	9532
23014	79	6818
9833	84	8062
23106	134	10109
23616	134	6374
23958	185	21251
24214	134	9385
9961	114	6933
21246	134	439
4254	134	22474
6055	164	23990
526	84	23811
22921	134	21692
21202	134	10308
23604	134	8920
5754	112	9176
23257	124	21621
9994	27	8295
7590	131	10487
21091	89	7493
2859	134	2572
1512	134	9176
10303	134	2215
4834	205	22554
24119	134	584
3489	107	22980
9473	134	9669
24399	134	6374
3666	134	8297
8115	134	3208
9001	84	3626
2379	129	3268
2868	134	2164
9096	97	21898
23277	134	2020
8288	134	1605
3914	41	21383
25117	134	23394
5020	134	2410
4195	43	3963
8198	134	7862
6359	134	5224
5112	24	23638
23097	134	8106
4623	92	4680
2126	79	3819
281	134	7325
24678	134	1372
21230	36	2260
338	134	8106
5604	134	9847
8998	107	1138
23969	146	4018
21319	24	4019
21650	9	22273
22983	84	23463
5552	84	3959
7799	84	1603
25053	11	2479
5540	134	8828
2989	89	1435
21385	134	9176
23703	134	8687
1642	134	1743
1339	134	7135
450	84	2917
1360	134	502
7137	134	23295
210	107	961
8279	110	8764
7909	134	1576
21310	134	8965
24477	134	766
631	84	4365
601	92	4133
2359	110	24644
9824	134	22234
800	134	21356
3065	134	1372
172	184	4061
6632	134	7135
7951	134	22234
22825	134	9798
7176	134	10136
22973	134	7536
546	84	1108
25266	134	5735
21438	25	25369
3790	109	3605
2435	123	22846
6653	134	2203
22255	84	10166
1420	92	23765
8217	84	8708
8925	98	3636
25308	134	9786
70	134	23913
5216	84	1363
5589	123	2075
4975	134	8488
23230	103	2685
7851	84	6185
5178	24	9856
4702	134	10371
287	134	8310
8123	134	10430
24415	84	10166
6825	84	2371
7401	134	9719
21518	134	9065
7533	134	2320
6644	134	10136
7735	134	5383
5729	134	24848
5946	134	23819
25028	134	9928
21305	92	24881
9466	31	3636
7013	134	22034
4102	110	8365
21663	134	4680
24289	79	24439
24582	109	21843
6531	84	5671
756	139	3006
21895	134	10072
1084	172	7397
9464	134	6228
1610	84	2685
10416	134	5992
2670	89	25114
24803	134	4417
6770	24	6377
8371	117	22024
7709	134	6228
24679	89	24644
25477	79	7670
8411	123	10405
7545	134	4883
5612	84	107
4380	84	5671
7006	110	2359
8267	134	2410
21020	134	22830
2662	84	2685
23658	134	6289
10093	134	25222
9344	134	9522
1183	107	2371
1207	134	3958
6806	92	24154
21718	84	1496
4627	31	1965
9110	134	23578
8101	31	21373
22216	134	6226
5763	107	3543
4096	21	25328
21112	124	3080
1702	134	24211
22398	31	4913
1400	142	7753
366	79	1340
995	134	24387
6138	134	10109
22650	134	4111
25000	84	7753
9637	134	5407
9788	89	9013
24571	134	4734
25413	134	8315
3039	134	1684
4165	92	24819
24535	92	24356
1709	134	25277
21289	134	7466
7706	134	21912
8884	134	9065
24803	134	4578
22226	134	2970
176	18	25197
4557	65	4557
21734	84	1401
7391	23	1401
9156	134	23913
1556	109	9639
9349	134	21655
1777	134	8746
8508	23	22601
1136	41	9392
21935	134	4441
4792	84	3626
3225	134	3691
280	92	2199
6452	92	9532
6605	134	10022
3479	84	8295
2316	79	10410
4528	9	5284
22413	84	5703
24592	42	22016
24633	23	22601
9948	134	9669
4081	92	21964
1865	84	4634
7227	134	1744
4816	24	9487
24626	125	6749
1084	67	7397
24533	41	698
6921	92	7151
3094	84	25160
22081	23	23463
3562	84	607
2395	24	4996
4682	43	9899
6925	134	6
1436	134	6324
3245	107	4365
22545	134	4125
5719	134	4133
1711	134	9798
8501	43	24243
1304	134	3691
6275	134	7604
7500	134	9385
6136	79	8574
23264	134	585
4130	134	22390
9733	84	6185
3722	107	24664
7794	92	23913
1449	134	23607
24994	124	962
24205	107	1079
2289	155	5206
1022	9	1074
6872	92	1774
5019	84	4634
10107	11	3331
4661	134	502
22051	51	4924
24196	134	9790
24601	98	3636
2738	5	836
9289	84	1051
2863	134	8244
4294	134	9786
3515	134	22583
5776	134	1664
6320	134	2000
350	134	24881
7665	134	8519
8694	89	2171
1558	84	8755
6445	79	24451
7499	134	21570
10357	123	5572
21583	43	24868
24361	134	2621
9555	134	486
22471	84	5436
683	24	22514
838	134	4035
5879	134	25495
3474	146	3859
4225	134	6814
7076	134	8077
7123	134	3284
23575	21	1255
8308	184	9570
9685	84	3959
578	134	9838
21267	166	23463
24262	15	3740
2468	43	3259
4330	161	3327
9788	123	10222
24596	24	7692
3840	134	5197
451	134	7992
4455	134	8431
5332	97	24667
24410	134	1744
9180	92	4293
7824	51	3610
21254	134	22059
21730	157	2668
21392	134	9928
5667	134	6228
3169	39	21039
24136	69	2381
5075	134	10051
7490	134	23266
4114	134	442
8037	184	693
2855	89	25114
23429	134	95
4535	134	21039
22799	134	22474
24428	84	3959
2099	134	9135
4021	134	6860
22060	164	23950
22859	134	5224
24862	134	4896
6607	139	9468
2215	9	24276
1130	134	1278
6363	83	3365
5425	134	6374
4526	92	6228
24856	134	5932
7840	134	21944
6525	84	296
1433	185	6342
25305	84	1400
25434	134	22390
5788	48	8768
1248	134	9719
10240	134	7585
5917	134	6958
2672	55	6023
401	134	9790
3065	84	23463
6318	92	3223
22356	84	1496
24443	134	3466
1899	84	10166
6300	134	5735
6868	107	5565
4962	23	8384
5024	134	10430
969	134	24154
8021	134	22490
133	134	1417
9022	134	23261
3877	129	7984
22754	70	6287
4989	84	4158
10359	92	4076
23153	134	1417
6668	99	1051
25257	84	24364
25316	42	5896
8871	134	6000
7789	134	4392
8818	84	5671
828	134	23380
22841	134	21944
9222	184	4708
2214	84	9748
24276	92	21650
9412	134	22566
905	194	5128
7361	134	24992
5877	82	5443
3612	134	5244
22322	134	10051
3903	134	9615
10418	194	1511
3577	92	25050
24559	107	296
8715	129	9630
3943	134	22407
9568	134	6228
25387	134	24356
10039	134	2346
23408	134	24881
5532	134	398
3866	23	296
22484	84	3636
9898	134	8197
23137	43	7790
3120	146	5976
9572	134	24816
10071	134	7151
256	22	6484
23502	84	5671
7957	134	182
4901	139	22198
8910	110	9131
9604	84	1496
678	139	22611
2235	84	3480
9221	134	23486
1588	134	63
21461	134	24438
24383	42	7920
90	32	137
24917	134	6860
8404	131	2440
7470	134	9471
8944	20	4920
10293	134	10474
25285	24	5544
2598	134	24814
6485	107	9748
6657	134	8139
2276	40	7042
2204	92	7624
23369	54	4245
67	134	3691
24548	134	7326
4006	92	21539
6049	134	9952
22199	134	8965
2400	134	1311
1732	134	9532
10330	134	8139
23234	134	24590
7920	23	1904
24854	43	1052
8035	84	7397
22975	89	1435
4003	24	2676
3182	134	95
22885	134	24819
1742	134	4917
3539	24	21789
968	99	9748
3607	134	4299
36	134	4528
5747	142	7899
5322	107	3636
4539	134	21944
10464	23	8380
21776	134	5992
7185	92	8042
23923	107	9214
739	134	24826
5302	107	1138
25079	134	4528
25460	134	21655
7398	79	8900
6697	134	6860
22437	134	24499
21292	92	585
21004	123	9534
3823	92	4133
8852	84	2371
21096	134	6462
23209	134	7781
4695	134	3223
25109	84	107
7193	99	4962
4514	134	5244
6753	134	22461
21158	92	142
23524	116	5671
1574	87	24882
4156	134	5244
21077	134	2544
3289	23	22601
1394	134	3575
3130	134	23568
9453	134	9798
25448	84	22601
1753	134	8431
25384	134	2020
21112	79	5810
22935	84	7397
22082	134	6960
24344	107	24402
1824	0	25232
4928	107	2917
9264	84	5671
8184	200	7562
8579	123	6344
1781	134	6926
1510	134	24590
5617	134	1272
24035	134	9389
1823	92	10136
23755	134	24624
9475	134	3432
5941	84	23463
9192	134	1576
7515	24	1136
8085	134	805
385	134	25138
23125	134	5244
4175	84	24364
3956	99	8050
4289	18	3636
4366	134	6374
8539	24	1600
1271	190	9058
24928	134	22495
4999	124	3311
25246	79	1666
25098	92	22059
24272	134	766
24350	164	9858
24437	92	21539
6357	92	2410
7986	134	7817
21313	107	1900
3848	134	21162
5728	20	6073
373	99	10278
9360	134	6464
6779	119	22601
3838	134	230
6833	84	2668
23228	134	8030
25080	23	1017
23530	134	7604
6545	134	9061
380	24	2124
25207	134	24387
23642	134	3281
25284	134	5845
23283	134	7466
6738	41	2381
6735	134	6521
21324	24	5934
1484	134	3575
21832	183	2511
9926	21	6172
22924	134	3572
21083	79	9837
10006	92	22830
673	134	1286
6899	134	21650
23971	134	4189
24043	134	10371
8669	92	23027
8625	2	1966
6256	24	2946
3107	84	1401
21514	34	22250
23793	134	531
7632	79	4934
3331	84	296
5308	134	2530
23397	134	22234
7172	129	2982
7360	134	3223
4753	134	6374
2777	134	23047
7848	84	2668
21197	134	3958
9284	151	7544
8749	134	2320
695	134	2282
3162	166	23916
3624	18	9748
7058	134	2357
6617	134	1911
5255	134	1911
7091	79	7780
2186	134	22407
7715	134	24624
22782	134	2736
7041	25	8512
6351	23	22601
24637	8	6957
8404	131	3579
8567	134	5074
694	79	111
22666	27	21235
6346	123	6346
92	134	24154
4985	92	1931
8614	107	1054
22311	134	9928
22023	38	23718
3708	84	24402
9658	129	22854
21102	134	585
2264	134	7438
3734	134	2458
22161	134	1186
9811	84	1401
22408	31	7675
24444	134	1744
4448	84	2371
205	134	3372
6031	79	3722
9257	84	1496
3883	54	108
4929	134	22474
1972	134	22057
4313	134	23913
838	134	186
58	110	3006
2240	134	5590
4852	185	6957
3856	23	24364
9288	134	8139
4759	89	25114
24898	134	25495
7546	107	9748
24496	84	23990
22760	134	6324
4521	23	5671
6129	84	9748
9155	134	22830
3817	99	7302
1597	139	2359
3238	134	24356
22141	134	8297
7236	79	23293
6875	92	22781
22745	205	1904
28	134	1911
24156	83	24315
5906	79	23176
23252	134	24387
6163	202	22980
4909	92	3273
2716	84	1401
2194	134	9615
3354	202	22980
9234	134	5590
4892	134	21650
21265	134	23295
21388	79	5000
4912	134	6639
24238	134	22235
6326	107	6406
23309	84	1138
6320	134	9532
21289	134	4992
3702	21	24498
5473	92	23887
7989	134	5932
6078	84	23950
5451	134	22830
23650	166	6831
5319	134	21120
22635	38	22792
23926	134	5578
7095	134	3432
7154	79	8614
3696	134	22059
2778	166	22698
2739	25	1464
5275	84	3626
24299	84	3959
89	24	22364
8361	84	4158
5464	92	21655
23926	134	3408
25462	8	22429
24563	134	22525
5312	92	25222
10135	134	24448
9636	21	2563
9639	73	24763
21201	134	25495
1549	134	3372
9776	134	21120
2827	84	8380
24823	134	24819
1029	134	3223
8766	134	5578
6547	84	7918
9704	134	8965
9751	134	9522
278	134	182
23792	134	21284
24701	134	4606
7784	92	6324
25488	134	24624
2565	99	8401
6910	134	6228
1888	161	4253
24965	166	4418
3087	84	9479
23517	107	1400
24413	134	2876
2342	134	23578
452	134	5150
3664	41	1523
4815	134	1576
8879	134	4422
672	84	4956
3846	134	6521
24745	84	2371
10455	84	9748
22790	47	1401
2424	134	2410
10184	134	9219
22824	134	24826
21825	129	1244
24068	23	5107
824	84	8380
489	134	9061
6058	134	22525
3967	185	4227
23353	24	4403
25258	134	23441
21735	134	8139
23855	99	1858
7029	92	584
6082	134	23419
22125	134	8488
372	134	24908
22762	107	1054
21040	134	443
22584	9	4169
21846	134	1286
22873	134	2005
23694	107	24402
929	134	24356
9878	134	22525
22335	84	23990
8537	24	23874
6262	134	21519
1003	134	1911
1966	23	1401
21423	134	21284
2883	134	4680
4072	84	22405
21172	134	24590
7118	79	4109
25283	134	2621
24193	134	1576
21748	134	5893
1658	134	3958
9579	134	22235
4624	134	25110
3393	193	24695
24912	24	244
10096	134	6289
23896	134	7438
7481	92	4575
10398	134	21854
22283	134	24848
2421	134	9615
10196	134	10491
2768	107	1054
3601	134	3208
9384	25	5848
24719	166	5073
22813	52	22601
5032	134	10090
1416	134	2000
7097	134	22461
1056	134	180
9076	134	24826
4058	92	3958
1857	164	6185
9955	134	21162
7436	134	8042
21361	134	3223
25481	134	21655
7738	134	8139
10065	134	10136
8438	134	8728
7499	134	3994
23772	134	22057
7332	43	2185
3629	134	25277
23335	134	4035
23574	84	22274
23444	134	2320
9731	134	9369
2752	134	21519
22098	38	3054
25471	84	1054
21574	134	2885
21804	134	443
25388	153	1228
2338	166	296
4882	123	25043
8301	134	24179
21251	185	3554
10175	84	24402
7070	92	21120
6489	114	23393
2665	134	25138
5336	89	6027
9395	134	7682
2213	23	4634
7364	134	8287
1014	134	3776
4340	134	8748
5594	107	1401
7659	134	8387
1357	107	5565
23649	92	21
1703	92	8244
3415	134	25138
734	84	1138
653	134	2458
10175	134	25277
23197	134	24570
3639	84	9748
22224	134	6442
9668	84	2917
3590	134	6289
3146	134	8687
4465	134	766
1702	134	5062
24863	52	1401
8704	134	584
22553	92	1286
3172	22	22910
5202	134	9671
8530	84	1402
9209	134	3965
1859	125	6454
24337	24	24594
1715	134	8431
2184	193	24695
7375	79	7121
462	134	9219
24533	41	8496
2774	161	4649
1416	92	3074
25499	23	7458
21696	107	2371
7176	134	24197
6453	134	6374
10412	84	23990
22195	84	24364
981	52	8050
22141	92	21848
1628	134	1278
9288	134	587
7383	134	21570
9842	134	9790
10450	134	21570
6173	99	2685
23438	184	5343
3591	134	22584
9353	84	5671
21507	107	1079
25212	30	9679
6450	84	10166
23659	99	6185
2309	134	10430
8466	31	21681
24787	134	3343
21005	84	10249
6052	134	6639
2824	134	3872
21157	134	8387
22575	25	8006
9564	134	7296
2361	107	1363
8724	134	585
25424	146	25144
4827	134	4680
24351	134	2608
25027	151	2716
25	79	6719
7618	134	7466
6961	164	23164
701	79	1340
9321	84	22601
4323	25	8657
21201	134	7536
5199	79	9027
25261	134	22830
6999	84	3959
8373	134	8920
8144	79	8607
924	5	4924
5603	84	5671
7759	134	10109
3117	134	9471
21223	123	3727
22717	134	24063
5351	84	23463
10262	134	998
4493	161	2729
19	134	2020
2836	24	5199
7196	134	21570
7809	84	5436
9886	134	6442
4034	165	4554
5682	134	21567
25102	47	22601
6103	84	22569
21493	43	6423
7405	134	22838
3812	134	7072
5482	134	23261
8586	134	1576
7608	92	22987
1573	134	9065
10077	107	1496
23180	123	5185
6632	134	4205
24276	84	2917
24110	84	1401
23345	134	1286
21230	84	961
23397	134	8226
24692	134	22584
9042	134	1743
24781	134	1311
22366	134	2322
2396	134	8965
5719	134	22584
22729	164	7397
4491	84	23811
7423	107	2917
9995	134	9790
9656	23	5671
22851	107	3226
5951	31	25160
9546	134	2608
9041	134	22583
22782	134	5578
7592	84	3626
9520	31	5771
7006	139	2359
1661	134	21523
24632	134	23344
8673	11	773
8410	134	7604
5560	134	5893
24712	24	23201
4247	134	7466
23418	109	1051
8130	146	10116
24226	134	8139
10049	134	3965
21426	88	5671
10401	107	10166
23071	107	7397
8901	134	9176
2574	142	23330
24801	134	23047
22699	134	5068
1615	134	21539
7938	129	9144
24413	134	9957
23026	79	21383
3348	166	3605
3488	185	3764
4814	131	9342
3071	84	3753
22840	40	8314
6131	21	5363
5627	124	24568
4475	24	8317
24421	107	2685
21423	107	1401
4384	92	5197
4695	134	10109
2496	92	22525
4993	134	2995
21621	24	21337
10275	84	1054
23046	41	2440
23345	134	1117
10493	92	22584
5229	134	9719
22389	84	8380
8787	134	8399
5307	43	6674
4853	134	9790
8783	23	5675
1786	185	168
6212	166	23463
1152	134	5888
24141	134	8635
9322	79	23488
21113	92	585
8795	129	4105
3072	134	23261
4830	134	21284
611	129	24921
1903	107	1108
10031	134	4575
8801	84	6185
9781	134	10474
1983	134	10484
22439	134	3572
1325	134	24570
4768	84	9950
2506	134	7151
25362	84	1401
697	134	9615
430	79	788
3752	134	2778
3760	134	5074
114	84	3743
8492	134	1605
10034	134	9615
21639	134	486
959	107	9527
23841	89	21836
9441	134	24766
8365	100	4102
1802	134	7585
3006	110	8910
7036	134	5735
23376	123	8962
8240	134	25390
6203	134	23344
4836	124	10121
22540	134	22235
2595	134	8023
7413	107	9350
5709	134	6374
22287	134	23089
3357	134	21356
6110	155	7263
22121	134	2778
3813	92	5992
24726	84	9558
21221	134	6814
3622	134	9615
24521	134	7831
7929	89	22492
1147	98	2283
23496	79	10355
2816	134	2410
5928	134	8488
6064	134	21567
850	134	25222
5914	134	10165
5914	134	5954
25404	43	5743
7775	84	9688
21860	89	5855
7659	134	3208
1817	134	1744
5773	134	23380
2843	166	4158
24212	21	8894
4078	79	9845
6530	134	8226
911	134	6716
315	134	152
616	134	22583
6416	164	23860
22190	134	25138
7332	89	4181
1746	79	23853
1720	134	6814
8884	134	23047
1518	84	4158
9696	146	7247
491	134	8139
9391	134	5197
1769	134	2572
3672	134	8835
22771	134	2876
6841	146	6060
3085	134	443
5565	153	5848
23609	134	23578
25329	79	23688
4034	207	4956
5924	99	21235
7148	84	3636
417	20	4962
22347	99	2371
23553	134	2530
3067	12	1508
23024	151	25200
5280	134	21039
7583	134	9065
23549	121	2397
25229	40	24315
61	134	2876
6185	153	1857
7768	84	10166
21556	64	22695
5687	61	8944
7625	123	765
8303	134	22407
22247	134	24826
22357	134	9065
3609	5	1399
2714	43	1678
8720	134	8207
2569	134	21356
3255	134	21912
7985	134	8920
22868	110	1997
24981	202	22980
23258	107	4634
4960	134	3372
7847	79	881
5893	9	24949
8811	134	7831
24082	75	82
3630	84	296
4992	9	8774
24432	134	10320
22674	134	7054
21404	43	1522
24923	134	5068
3672	134	5648
21929	92	5932
7208	134	7992
6059	134	3994
25178	92	2778
2467	97	3954
926	79	7998
23201	41	25042
4043	134	2000
2038	134	3273
21643	134	4777
21480	54	8683
4407	134	1991
25316	185	1397
897	134	8071
6986	97	6004
22538	92	5992
1814	146	22403
4017	134	2778
247	134	8297
23455	92	6228
25122	129	2332
22290	134	766
5385	134	4111
101	84	21986
23081	92	2000
8375	134	23280
23283	134	4917
10345	92	2215
10187	25	1464
1293	92	23179
7150	84	961
24206	84	1639
21135	24	22673
1823	134	21520
22359	43	4769
7865	107	23950
6677	134	24766
25234	59	21457
7426	185	5567
25054	134	2149
9482	79	56
4218	129	24423
654	134	21120
8685	92	21655
376	84	1401
8622	193	24695
1281	134	4883
1214	43	2950
627	84	8592
2284	107	2371
7050	134	9609
9413	134	1311
22514	79	683
10232	23	7397
23871	134	3343
4837	84	3959
8814	123	6361
3362	134	3223
9895	134	21572
21622	134	2776
1028	134	23578
21254	134	3994
4722	46	21844
23238	134	9061
3672	134	24499
133	134	9798
1701	134	21162
4622	84	6185
2548	134	24992
22873	134	23500
7748	125	5107
23033	79	2469
21040	134	9522
9487	161	9195
21852	134	4331
10419	84	23953
9730	123	25367
9096	41	2218
4987	134	5932
21554	134	25110
6993	134	6958
25330	92	23892
10231	38	4335
706	134	5407
9493	84	22405
24199	134	24908
5264	134	24590
22422	79	1232
21214	134	6114
77	84	1401
780	84	1054
10134	134	9719
4954	134	2970
23743	134	7536
1686	134	2215
9863	84	3959
25009	134	2320
5748	134	2876
4082	134	8431
250	134	22461
22236	134	8920
8152	134	585
5166	134	6639
2136	129	1597
4426	117	25114
25420	134	2876
40	43	10222
3548	89	5659
909	134	9669
8339	24	7888
9662	134	5224
8051	92	9219
10470	84	1496
4056	79	4000
746	134	21650
2070	79	668
22570	134	24816
1973	146	1399
5987	92	24154
9358	134	6958
7034	134	230
24149	134	4282
8771	134	2778
3392	134	9669
434	84	23562
25041	84	23860
25340	107	1401
1029	134	10430
8581	84	22601
6054	98	22601
6323	134	5735
49	134	22390
3622	134	7604
21190	92	9532
24999	166	24013
7340	92	2446
1521	134	4076
1143	134	4896
830	23	23463
21558	134	5212
3477	84	6311
271	134	1576
6375	134	21655
6558	84	3626
4360	134	1664
9394	134	398
7431	62	10449
25025	43	7674
23835	92	9991
21869	42	8041
10371	166	22288
3869	163	7805
3280	134	22390
364	134	1743
21220	41	3140
24300	134	8297
21001	25	22344
22630	99	3626
1482	134	4680
7596	134	21166
1805	134	3273
21890	134	1743
1675	123	7057
23616	134	23394
9264	134	21854
24945	84	3959
5112	124	23638
23653	134	6521
23071	84	9036
8564	134	1928
9576	129	2332
1545	98	9021
22963	84	9748
21354	84	10163
9907	166	21641
23582	139	24552
22394	134	3786
8019	134	9385
22593	92	3223
4586	134	2215
22698	70	2778
2981	110	2209
21381	134	3575
35	153	8512
809	134	2776
24658	92	8920
2191	124	21239
10181	43	6682
7620	134	531
1692	84	2685
22820	134	9532
6878	84	2371
137	107	90
5402	134	1256
8533	134	1311
9580	134	2778
3855	107	1108
24957	84	22497
2942	107	607
25428	134	25390
24535	134	2970
6342	23	6185
22848	134	3316
24280	134	5065
526	107	23811
9827	123	10005
9945	84	7011
22184	134	8828
5250	24	7209
23430	84	4634
25428	134	5423
23291	84	4634
4926	84	39
4580	84	296
3368	134	5146
22392	23	9748
24639	134	1928
6979	134	5992
22036	89	22492
24798	84	3935
24310	134	9385
4602	84	3959
22648	123	382
4557	100	3043
9551	107	22288
4906	134	24387
2675	134	1664
7985	134	9957
5406	134	22474
21751	134	24908
24520	134	5648
2534	23	1401
7481	134	1186
24124	134	7134
1069	134	3513
9797	134	9522
1757	89	24554
2088	73	1104
9197	123	23968
9	134	7604
268	134	21356
23710	134	6381
22722	43	8146
732	134	22461
5255	107	9350
362	23	5073
2450	134	22584
7029	84	9748
4191	107	23463
22675	134	3965
7016	185	8761
21955	134	2203
25164	23	2685
24755	23	296
10464	125	8380
22191	134	21489
8736	166	7140
8757	134	9522
25095	165	8791
5137	134	21650
21859	134	6797
22439	134	3776
9784	191	7138
4287	134	9522
21382	134	22461
21475	123	7938
7800	92	438
23937	134	6926
710	134	4680
7095	84	2685
5524	134	8387
6791	92	22059
171	134	2203
22127	134	3343
21877	134	9522
2832	134	5224
23109	134	21195
6387	134	2809
25379	79	22875
5325	24	4253
22734	92	23047
8688	123	3411
22017	134	3965
25348	134	2346
9484	134	21912
1081	134	7726
21118	129	6724
245	84	9748
6958	166	5114
9137	129	23632
7069	43	7602
4924	75	10338
22482	92	7624
5444	164	9380
2326	134	585
23278	107	1054
23118	9	536
21321	134	1928
899	92	182
1728	103	2371
6312	24	4524
22355	134	23486
3118	134	3180
9510	92	5992
2454	12	2132
968	112	23765
9077	84	9748
23005	84	2739
21209	98	3636
2982	84	2283
24561	84	2917
22974	134	8297
8060	134	6255
2371	142	1496
4255	92	25110
23345	134	3333
5149	134	4680
9303	8	22354
5923	84	24364
2548	134	8071
1902	134	1684
10367	92	10308
10338	75	24988
25004	134	23539
1	134	5845
9833	134	22235
23508	84	8708
6702	134	713
21582	107	1104
3336	134	9457
22838	166	2552
24127	134	644
21791	107	23860
21770	134	2215
4857	84	22601
6281	134	443
9917	24	21722
9448	134	10074
8259	134	5845
22970	134	21120
22665	48	6949
23239	134	24992
8804	84	4404
7024	121	22823
23266	9	21402
321	134	4680
21736	146	2716
25009	134	23111
7930	134	22057
5285	89	311
5159	134	6324
24080	134	24624
10369	107	1054
4811	134	5735
24313	134	3572
6190	92	1217
23430	134	22245
3681	134	2621
7436	134	5770
25366	151	6350
8053	84	23562
23271	31	23271
23054	134	24448
22933	54	765
25005	97	23253
23265	84	25160
24716	134	25050
1623	71	23115
22075	134	2572
7378	11	8413
24377	42	21967
24859	123	5990
9116	38	23774
9136	134	21039
23652	164	5107
7435	84	71
3254	187	25224
21453	134	9669
139	134	2020
22016	77	24592
380	163	5730
8160	110	6607
4569	46	7063
21033	134	2357
25333	134	22584
10230	134	2022
5420	143	22823
480	134	7135
9868	134	22775
22739	84	22139
8271	134	1718
9397	164	4158
7750	134	2428
1820	134	21572
4175	134	10282
5957	79	1536
2718	84	2685
5538	110	22211
22696	92	23394
21293	84	23463
24862	134	1605
9276	134	21655
5134	134	4896
453	134	1743
348	134	1234
21282	134	3273
5303	23	1401
23842	134	6814
3784	134	10282
525	84	2371
4895	134	23047
8704	134	23765
9961	125	1297
9769	129	2007
3414	134	152
6562	92	1365
2008	134	10474
7966	84	7140
21435	84	23990
21143	134	2572
5512	134	24826
2914	134	5992
2845	134	22584
22013	134	7717
2449	134	6958
23442	129	6151
8052	134	23344
3490	55	373
4233	134	2320
1163	134	2876
1064	83	8664
4376	134	9219
1640	129	8910
22499	79	4372
8069	134	24816
21972	134	1928
5655	79	3327
2112	67	2685
7234	134	9063
6468	134	9684
2595	134	8125
23507	84	10166
8790	146	7362
23907	189	2088
4125	9	2562
5203	134	1664
746	134	2020
9508	92	6639
21520	9	24100
24573	85	10296
24941	84	4381
25125	11	22097
451	134	1744
5677	134	5227
3681	84	2371
8825	134	766
7272	92	21974
5493	23	3626
23469	134	23539
10252	166	9142
2898	134	443
24435	84	9748
4810	134	23486
10132	134	21318
8739	134	9176
1110	134	486
5337	134	4575
24343	84	24364
7494	84	2685
10032	92	5648
1335	134	6
5413	134	7492
25327	84	3959
10184	107	25311
9367	38	554
7167	165	21479
1436	84	23463
9293	134	766
776	134	10136
7424	24	5523
6900	23	22601
4149	134	3208
4946	84	1363
21996	134	9385
9334	23	6185
6584	134	22583
22056	84	3605
1643	134	24590
1397	23	21235
24437	84	1904
5539	107	4634
3996	134	21650
7710	134	25138
8026	84	3181
10255	23	22601
8117	84	9305
22340	166	3635
9863	134	713
21464	134	25287
1898	92	22584
25267	79	6166
22528	24	8511
3344	110	25478
9573	92	3958
9196	23	3543
1646	129	7493
707	92	23261
6339	134	1928
22220	134	21267
23850	134	6814
24128	20	6073
333	134	8431
25482	101	24418
24277	134	5093
1691	84	5634
5840	92	7325
4364	84	7140
1074	92	10308
21026	134	9457
8038	123	1945
21909	134	2876
2922	89	25114
3967	202	22139
23506	134	2000
22407	9	3943
24335	84	21591
6791	134	443
21348	92	2530
637	129	2332
2901	134	7399
9984	134	25192
7830	124	4330
21529	134	3994
784	27	4634
25361	92	21848
21563	84	39
9222	184	485
24320	92	766
4273	134	6226
7034	134	24992
8656	125	7397
10097	134	22461
7079	134	5992
4636	92	5724
3212	134	2457
24386	146	4782
23449	134	2322
22046	31	4066
6762	24	5346
5012	134	10109
35	25	8512
4833	134	21974
24084	23	1401
24298	202	23860
22355	84	23751
23929	185	8098
2823	84	3636
3837	54	7172
5581	178	23217
4386	134	4578
3578	134	2608
5909	84	1079
8671	92	7688
22628	43	334
21671	84	7507
22134	134	3776
2250	169	23217
6877	134	10090
1626	134	2020
7612	41	3526
9136	84	7350
4929	134	2000
5342	134	21964
1299	134	2465
5067	134	5871
973	134	23380
3563	84	23463
23767	134	22407
9627	134	5197
9019	139	6143
4425	134	9786
5167	134	21120
10182	97	22376
4227	23	22139
22996	134	24634
316	97	21117
1036	107	1054
119	134	9719
23603	84	2685
23598	134	8828
4474	134	1278
23849	84	22601
3668	134	22474
5843	92	8139
8902	134	21356
8919	134	7134
4759	43	7581
941	134	6324
9960	134	22525
8741	134	6228
6539	134	22407
24072	134	10051
8131	84	9467
6844	134	1991
6267	92	25222
23751	153	8006
25028	134	2970
5156	134	9522
4786	134	1618
6438	134	7492
5821	92	9135
9504	134	5220
10404	131	3220
4873	134	21944
5558	92	5992
6071	134	9952
3649	134	8226
275	134	25106
6554	134	8748
25384	134	22693
5192	92	9061
4804	79	9574
1717	134	21120
1703	92	2203
22979	23	7397
24615	79	10404
9439	134	6639
2412	134	9719
21030	134	4
1698	92	9532
3071	134	3074
5532	134	2022
23254	24	5347
6618	134	23295
9198	24	8209
3656	61	22813
4315	92	5154
6237	157	3636
117	134	9838
3371	22	22539
21722	79	9917
21369	134	4133
24984	134	5845
8505	99	3626
1340	41	701
7606	134	766
4623	92	10371
8691	134	2530
3197	134	1037
8398	139	5183
695	134	3343
2532	92	25487
23653	84	8380
9377	134	8965
25499	125	7458
7134	9	2669
21013	107	9443
4856	92	5992
21714	134	3180
2331	134	10474
25013	134	4417
7451	134	21039
6957	53	24241
1043	163	23107
385	134	6814
23848	134	9719
6338	84	7317
9300	123	4296
24247	121	2397
1668	92	2020
10229	134	21496
4954	92	22584
9564	134	25287
2531	134	8125
6177	79	21867
23781	134	692
3699	134	7536
1249	24	21555
25062	134	23486
5115	134	21039
8470	43	4426
4998	134	5971
25392	85	5155
21929	134	10294
8496	67	4956
24915	134	3432
284	204	22145
25352	31	1361
7722	92	22059
22623	134	8920
23109	134	2203
4552	134	23027
7228	134	9786
22639	89	21836
2765	134	4734
25134	25	24086
8939	20	23994
24105	134	22245
24355	134	2621
9246	134	22059
2649	84	7011
4006	134	9671
7273	92	24819
21125	134	6814
197	134	6639
22432	146	7389
2279	24	7158
4670	92	2320
5232	84	5671
22939	134	8920
2711	129	23608
123	124	6948
1685	134	4575
2295	134	6639
22106	134	3180
23	31	21498
4127	134	95
21690	24	336
5002	134	3074
315	134	5383
4478	134	9719
623	134	9063
5210	123	1723
4171	139	2549
2795	134	1217
4611	134	1664
4568	31	1627
6755	134	2000
2361	92	531
222	92	5068
8710	68	22980
1883	84	22139
3210	24	7549
24313	134	21974
6557	84	3543
7518	134	4528
8941	84	23950
10032	134	2020
910	84	890
5482	134	5146
3340	134	7054
6475	84	23463
7560	123	8652
1890	134	3198
5058	134	5224
7793	134	9219
23138	11	4901
25423	134	3691
7950	43	613
4976	134	7145
6581	84	1401
22737	84	3636
7718	92	10109
7489	134	6745
1046	134	21572
25158	134	5888
5054	134	6745
3145	142	21802
9383	134	24816
2490	134	2000
25369	164	9858
4803	89	24554
6354	84	2685
24139	84	23165
5618	134	23111
10290	134	22474
9834	163	23225
3229	107	9748
21052	134	1278
22065	84	23950
9844	129	1244
23943	134	23394
24571	134	3466
6572	107	23860
21705	134	7604
6160	134	24356
2751	23	5703
1436	134	3691
4571	134	2970
50	134	21523
5901	25	22344
3126	84	2685
5642	84	10166
1208	134	22057
2679	84	1401
24028	84	2371
3901	110	1236
24204	79	4408
16	134	24555
21709	84	10409
24359	92	1150
4621	134	4883
10203	134	23111
2451	164	7377
21604	134	8106
10071	134	9219
3862	134	23831
4011	134	4422
24407	18	3636
6332	84	6185
8642	79	6465
1796	134	7492
783	134	4271
7355	79	1182
5450	146	3859
6985	134	9615
3189	107	24723
7951	134	1311
4992	166	21132
8248	134	23047
8294	90	2549
9976	131	21083
6427	52	1824
5387	134	4035
3411	123	5289
2903	134	4133
6033	84	4048
233	134	24733
24701	92	6958
23317	134	5735
22587	92	6814
5524	134	2736
21092	166	23950
2775	134	2995
22993	134	24624
547	134	24908
10064	134	22490
3077	84	21843
139	92	24590
25028	134	22830
2314	134	6228
24043	134	24819
7006	110	6607
2665	92	23344
6913	92	21912
21995	134	8077
2948	34	25425
7505	84	24436
24291	134	8297
21336	134	3348
24920	84	4158
1321	134	7326
9817	92	4496
4000	124	4056
24832	24	21718
6956	11	7493
23903	92	7604
9334	125	6185
2430	84	1400
21461	134	23568
8357	134	22390
2386	84	3018
10490	134	1234
5515	134	22836
1135	134	8431
21757	134	585
2015	107	9748
21968	134	7604
10487	84	1496
1600	84	5703
24137	41	10404
22509	79	2622
4171	110	22517
7623	134	3223
5839	134	9798
4821	134	21356
1043	205	1401
4398	84	3636
4447	79	24963
22293	134	21162
3313	142	21821
5255	107	8380
4880	134	8965
23851	134	766
8219	134	24624
24533	131	2250
25433	134	9786
1851	84	23950
22050	134	6226
10060	23	22980
22304	146	24586
22976	84	39
8878	84	2917
2152	134	3273
21354	67	23860
407	51	2625
1193	92	24992
4681	134	9719
6675	161	21661
2327	134	4807
7856	134	10371
7273	92	9532
275	84	23463
2104	134	1605
6093	18	21132
6812	139	3246
2534	146	21163
6712	23	21235
3943	92	9838
6716	166	9748
1864	134	766
6161	134	9065
21751	134	5068
326	92	585
7160	65	1755
25167	92	5845
744	123	5681
7322	134	95
5597	21	7158
8970	6	96
21077	134	2020
2567	84	5565
22881	134	5224
9782	182	24452
4224	134	21092
1060	134	1278
3068	134	8207
21364	134	9790
24823	92	22830
2687	134	443
2351	92	7992
2361	134	6324
3833	134	21655
3123	191	9558
2518	24	24416
22957	92	584
7687	21	24160
5673	79	21958
4653	89	4171
25006	134	3088
3318	134	24660
1811	134	5950
1829	134	24197
237	134	8488
24165	51	4924
9263	134	95
4357	134	9669
9126	134	6287
901	134	24101
22502	134	1743
9630	65	24094
23775	84	3636
4483	134	8965
4222	134	22407
5669	193	23350
4866	84	2371
3472	84	24235
2009	134	8244
350	134	2621
8391	31	296
6693	134	2970
83	70	24381
23052	79	6719
21937	146	7551
3260	134	22490
24370	134	766
8864	134	5992
23015	92	22474
23090	84	4354
7948	92	8139
22927	84	1496
6584	134	398
5188	84	22497
5582	134	22461
25363	43	21592
6037	92	2458
8664	148	7026
7959	134	24499
9631	151	24024
538	134	8297
4444	134	9684
21565	143	2397
10017	134	7726
2794	84	3626
7640	134	9236
599	134	1372
7007	134	24197
22533	107	24402
5864	92	21508
4591	134	3691
703	134	3575
2240	84	9748
6115	79	7692
9377	134	6860
24985	123	2609
10411	191	7397
9749	84	21843
23552	21	9096
1908	134	3575
6758	134	10022
2015	134	3786
3151	134	4606
2406	134	7624
1028	92	4282
3299	107	2371
3030	134	9615
24171	43	223
325	193	8112
22656	92	6958
9152	110	5421
23597	134	22860
8746	166	8391
21542	107	1054
5988	202	22980
3046	135	21235
3771	134	531
6651	85	22328
2568	134	5224
9954	134	7135
7162	134	95
23664	134	7570
22968	134	9385
681	84	2371
9686	134	4992
6279	134	9952
21976	143	22823
23812	134	5971
3130	134	7585
4860	92	21570
21489	166	9748
21439	134	3572
8589	134	5735
5242	134	6867
24618	84	6831
23959	92	24381
23959	134	24381
5795	134	22428
7189	134	9719
7322	134	766
4771	84	1054
221	134	6324
22847	161	25443
5226	107	9748
23903	134	10136
25141	27	22139
24789	205	22554
2059	134	2572
7220	92	9578
7447	84	3959
7451	134	23380
25382	134	4028
5615	134	2876
8123	134	1037
5359	134	9669
5946	134	3408
21721	84	6185
5553	89	997
21027	134	1744
3205	112	6502
22357	134	5888
5317	134	5146
3868	162	737
6247	169	22177
5022	134	21650
10483	134	6228
4100	134	4734
6512	202	7397
5740	134	23568
24392	134	21520
7541	79	8623
1005	134	766
8477	134	21964
3701	9	9163
7991	84	4634
2734	129	7472
22103	134	2572
5092	134	2320
22075	134	5845
6456	20	6783
25037	84	1401
4347	84	4158
7018	134	22830
10487	107	1496
8123	134	7682
1306	134	8828
6895	79	22102
2826	134	8965
8999	25	9722
7679	134	1605
5360	129	22689
8471	134	10074
7115	134	4189
22768	84	1401
7954	84	23463
177	134	5770
22551	134	4111
220	134	3872
24054	79	7745
22091	134	23280
24177	84	1054
6028	84	4158
23453	134	9065
22882	134	9457
24698	134	9532
21895	134	531
8287	166	9748
8631	92	22407
21220	79	2384
886	134	216
21701	84	10166
25217	134	21567
321	134	3575
25486	43	2767
10469	43	1154
5731	191	1187
24082	75	9139
8964	23	3543
7268	84	9629
3143	98	8380
164	134	5888
2230	107	7011
5902	24	3015
23453	134	4111
24265	134	9385
2372	134	3572
23182	134	10294
25429	92	8139
289	134	9061
7137	134	9790
2633	92	24908
10234	134	2320
10497	70	3343
8001	84	9748
2040	202	7397
9436	107	3543
23725	84	1401
22701	84	4365
21700	84	7742
2943	92	2162
21973	134	21122
2861	79	5108
9858	153	7999
2277	134	3223
2993	134	4680
9823	89	1435
7214	84	3959
2789	134	21496
2709	84	2001
3389	92	8488
23712	92	1278
24712	107	961
24157	134	3776
7485	107	1401
1025	134	3432
829	92	22683
22861	134	10371
21118	11	6724
1763	134	2876
3924	14	22259
8373	134	5950
24710	134	4422
9734	124	8767
6528	134	7151
5103	92	2776
4278	134	585
25134	25	5848
23347	138	296
25483	134	8828
8854	107	1401
7592	134	2346
22786	92	24448
24322	134	10252
3308	25	4089
9227	134	9719
23641	107	6185
6138	134	9522
2280	5	3609
9357	92	3958
22600	84	958
21605	89	21836
40	123	637
8382	38	21649
1438	185	24697
1171	134	7604
2279	161	15
25221	24	22453
8103	92	4111
7029	92	10051
1539	134	8297
21825	6	1244
21322	134	4734
7372	107	261
22488	134	2995
191	134	5932
9451	134	6639
1494	134	21944
24609	79	4981
25146	134	8125
24528	134	5212
6557	107	7397
24232	84	3959
10408	134	5074
3190	134	6226
9861	134	25390
3106	84	23562
1326	134	25110
7171	92	4606
23389	25	8006
21108	134	3958
10404	24	6719
2783	134	10136
7474	92	5932
4185	84	7397
8464	89	2979
3032	24	24712
24084	146	9148
2056	134	2000
4419	24	24517
4657	84	21073
1878	84	90
3178	84	4158
24027	134	25222
2870	134	9790
22000	11	9332
23176	79	7091
23239	134	22869
8201	107	23463
23473	79	24724
2380	84	7397
2998	134	9340
6401	134	22490
9761	84	22601
22045	109	5979
5922	84	1904
23332	134	9669
8321	31	8321
5785	134	502
7715	134	6860
8542	21	21841
9419	134	3786
5440	123	23231
3187	25	22344
2358	134	10109
23919	84	24402
8234	134	21570
8232	107	23038
2449	134	3343
4537	134	22057
24553	134	486
5120	134	22234
25020	116	10434
3759	92	21092
3431	92	2465
7719	92	2320
9326	92	21166
4821	92	3074
647	134	10136
3555	79	24517
23872	84	1401
1223	123	4848
1929	84	23562
21992	134	1928
5944	134	3958
25459	134	4992
2476	134	9385
7927	84	24402
9632	131	8175
2220	134	8226
3280	134	22869
2095	134	22059
4406	134	21520
421	134	5224
4067	134	21356
6537	84	22601
6710	84	4048
3468	84	22569
473	123	9177
129	143	22823
21194	147	2804
5969	92	2530
22107	134	8728
2323	73	2663
22212	123	9374
4309	134	9522
23174	134	4422
2857	134	23131
25142	122	9102
24668	38	8010
4123	23	23860
91	142	2673
725	134	182
5478	92	23295
9312	134	3372
6338	134	23131
8152	134	766
1718	166	5989
2647	134	644
24413	134	432
22106	107	24763
6589	84	2673
10235	79	8264
2645	134	2608
9222	202	8239
3724	92	22474
3332	99	9879
8148	134	1744
2427	134	24448
22914	134	21570
21797	134	21496
22158	134	24826
2039	24	1159
2362	134	23394
1301	134	2889
4610	134	8387
24477	134	95
22867	97	4554
24727	84	1904
5594	92	22407
22637	84	23990
9606	84	8380
10478	92	1576
2515	134	5888
855	134	679
8779	134	25190
25309	134	152
7844	134	23765
23518	134	1743
23492	134	9065
24424	129	2549
8073	84	7407
2387	134	5197
116	134	22860
6889	134	22059
22800	134	8125
8047	134	8488
9664	92	2458
3008	89	6955
671	92	24387
4325	134	10022
896	134	9786
7075	134	8920
4265	84	1401
2291	43	24015
616	134	2995
484	124	4828
140	134	23298
8862	134	6639
2921	134	21767
24083	134	9786
5812	107	23463
23904	134	24848
9052	134	25487
23413	134	3786
5053	134	2876
7861	84	21436
22861	134	24356
22621	134	22490
1167	134	4528
9662	92	5224
5889	84	296
23258	103	1051
24956	134	22830
21316	134	5648
2794	84	2917
8108	99	9034
25117	134	3180
6691	134	8315
23941	21	2085
22633	18	22405
1148	84	1401
5927	84	9427
23322	134	6814
3285	134	1576
3413	134	22407
3678	134	4111
8020	134	1441
3618	89	2122
1176	129	7576
1404	134	6492
9627	134	585
6815	134	7604
4175	134	6374
6798	134	3088
25248	134	4111
2428	166	1496
23200	84	3626
2962	97	22740
3980	84	25084
6250	134	23831
4677	134	24197
6810	123	3149
551	24	9215
3858	134	9847
24519	134	24826
6805	48	8468
6506	31	1627
9797	134	6521
315	134	9135
3052	134	9442
6130	134	443
2512	92	713
1101	18	22980
9871	92	9847
24944	134	2970
5266	134	106
3705	31	24549
299	134	21520
6339	134	3958
23755	84	4158
8664	148	8381
4130	84	6185
1471	134	8387
6525	134	9790
23366	134	6324
21688	134	182
4171	110	3710
23037	84	21132
3681	134	1664
5366	134	6324
23110	68	7143
23842	134	3273
2939	134	6745
390	202	4200
6341	134	21655
21784	172	1401
3139	107	2685
7123	134	10308
5141	134	8431
22847	24	320
25188	134	6228
9180	92	9532
451	92	4950
9272	92	21908
25451	138	8380
9670	134	24412
21165	134	21120
2768	84	1054
4244	134	7296
21668	134	8748
5342	134	22584
6661	84	23463
23057	134	1931
2249	134	7604
1235	79	23732
3529	134	10090
3909	31	22966
9648	84	3636
3193	193	7803
8139	118	9714
6149	134	4189
23632	110	8365
1810	129	8160
23518	134	4133
7933	134	1743
4197	166	961
6526	84	6311
8143	134	23650
5166	134	10136
7079	134	3958
21711	71	5187
695	134	24387
21992	134	23047
23492	134	9798
1462	134	5995
23613	92	9061
7208	92	23280
23943	134	4680
23756	84	9466
7812	134	6324
5223	89	23632
4768	84	2371
7708	31	8495
10374	146	9363
10182	97	22740
4278	134	2995
4758	155	7647
8663	84	6311
9481	134	8687
9428	134	25277
5419	134	24356
23872	134	2000
1961	84	23271
9349	134	8030
10016	134	8071
8142	129	2332
21741	134	3273
23763	84	23860
3230	79	3370
366	41	8404
21872	134	22461
1279	134	24624
451	84	23375
8017	89	2979
24735	134	7536
1066	134	2876
3881	92	21912
23227	134	9471
109	84	4594
1624	134	21570
6553	24	7267
24960	65	22641
8307	84	4634
6557	24	23588
23457	134	2000
7032	134	3343
8686	166	23165
24807	134	22235
5547	134	2995
9152	110	23979
21180	134	10072
6055	86	25369
23168	84	10166
9203	134	2322
3362	134	8965
53	134	8488
21174	134	4528
22917	84	1363
258	146	2823
23356	134	6226
5960	43	5587
6032	92	22235
1057	24	7214
6772	92	23266
24760	134	9798
5315	134	3965
2852	139	8713
22325	134	3575
21549	92	152
649	134	2322
1699	134	7536
9832	134	9798
5979	23	24364
3991	79	2676
21414	34	7858
22699	134	4528
10285	131	8964
4319	79	2936
21930	134	4606
711	134	24624
1167	134	1797
24506	139	7160
3330	134	1576
23223	185	1854
4324	92	23344
9813	134	2000
8396	124	2125
5550	92	8340
9649	92	2020
1986	31	22038
4563	92	2544
10039	92	8023
21410	134	4076
5935	23	10166
3694	92	4898
5405	24	7512
9349	134	7682
25008	134	6324
9418	164	1297
175	84	9729
24516	84	2917
23710	84	21499
5464	92	4528
2424	134	22583
22370	23	7397
25378	134	24624
4452	134	3223
21016	134	3575
6007	134	3575
8873	134	6639
9841	84	3636
7422	82	8592
23699	134	3786
22844	92	23859
1242	134	8835
7833	92	4917
4702	134	22830
4560	134	7604
24842	79	8534
6016	134	6860
3014	123	1268
9961	28	6044
25121	92	2346
4801	134	2778
23621	79	25286
22238	134	4282
1400	73	7753
2384	79	5704
24974	134	1928
23272	134	9532
665	134	8655
8760	84	2917
22527	18	1054
25301	92	23261
8079	134	23047
4092	92	152
1598	134	63
7005	84	22405
7726	166	23463
7166	31	10241
224	134	22407
22491	18	9467
611	151	24921
6534	134	3786
7609	134	8431
24636	43	3237
3735	92	24881
5002	134	8310
6670	134	486
10340	157	847
5485	84	2371
10246	134	3958
1236	139	5760
9797	134	766
24410	84	1401
23160	134	8920
4719	134	6960
7641	134	21912
25331	92	2652
23435	134	21539
5799	23	1138
8395	134	25287
184	134	585
920	134	22525
21379	92	24063
24557	134	21162
22325	134	7604
3351	134	4392
5708	205	8999
1079	23	7143
2363	21	7154
7478	134	1026
21789	124	10243
5812	107	3959
24723	153	8006
23692	84	23990
25336	23	3626
224	134	3958
1670	134	9719
1896	134	1278
7308	134	9790
3086	84	1401
24435	134	6442
22568	134	9719
21663	134	95
2236	134	8748
4517	123	23556
6957	202	8239
7468	134	2608
1837	134	10294
6536	134	21539
8364	84	1051
21333	134	2346
4029	134	1744
10228	134	21523
21172	92	24499
6826	134	21655
10034	134	2000
24293	134	10371
21283	134	1311
4663	139	2979
24458	134	3965
9444	134	24826
8988	84	7397
24201	134	5068
25348	134	7151
4456	25	22344
6362	92	3767
23687	84	4158
8275	134	9615
22239	89	22517
25273	157	10166
4563	92	7819
3192	24	567
23034	134	3273
4760	134	9790
22326	84	2917
1082	99	2371
6138	134	3223
4394	134	6814
24415	134	10308
6309	99	2685
1996	134	4680
781	24	7520
1367	110	6143
2807	134	7466
6899	134	24590
1627	193	6506
23395	164	8449
3681	134	152
3867	134	8297
110	134	24154
8238	24	5887
21253	43	24044
23067	134	24153
8323	38	5415
1703	134	2346
25142	151	9102
25057	134	4606
4862	134	95
4354	23	107
1880	92	3372
3047	134	9669
5978	134	4992
2249	134	22407
6766	134	25277
9000	43	7972
8948	134	23111
23588	79	6557
9071	134	8488
23752	134	4606
9347	84	2917
986	134	3958
5531	134	3994
23836	134	21039
24764	157	1548
6711	92	2970
7500	134	23831
5312	84	3959
10045	166	5107
4664	84	2371
23699	134	5590
21800	79	23073
25152	84	1401
6837	99	23990
10029	99	9750
3080	124	7745
1373	43	4855
8643	134	3372
7857	134	9719
8230	43	5462
7039	134	6778
23888	24	9691
3872	9	8450
7923	134	95
1958	134	5735
24783	92	1664
24473	166	961
5376	43	1951
21880	134	23111
21543	21	8888
1088	134	10430
783	134	7492
1090	185	5135
9200	92	3223
10463	134	504
8611	134	2000
25402	134	9786
2570	134	2970
24856	134	23047
8982	134	95
6493	134	25192
847	31	8249
1160	123	21586
2299	134	4157
22601	25	8006
601	134	4133
2198	134	152
9192	134	2320
24189	79	7882
9766	92	5735
3109	191	22405
8280	134	24989
5180	123	21689
4681	134	22407
23651	134	9615
23921	84	24364
5616	134	9909
22861	134	22830
22525	9	474
21716	134	9532
2407	134	22235
22763	134	23280
7574	134	21572
7147	134	7872
2487	107	8551
9436	84	4454
8787	134	6324
2113	23	9748
9978	25	5848
639	84	2685
8662	134	10045
5860	84	9479
8624	52	1401
8689	134	22583
23297	134	9719
24704	134	22057
3285	84	1401
23201	79	24712
3529	134	5947
25364	134	6228
8256	134	1311
24966	134	8965
4943	62	4333
22558	185	31
23266	154	7045
22244	134	22474
21460	84	22170
24838	134	679
21888	134	9615
3903	134	5992
6323	134	2876
4149	134	1928
24906	134	1928
22200	112	5888
7479	46	8612
2260	79	21230
23841	129	21836
10192	84	23463
21921	68	5703
24180	134	2149
25237	139	9630
4766	134	9790
21229	134	21944
3698	134	2446
595	134	8106
24854	89	4181
7995	134	24624
22989	92	23344
22195	84	24371
21722	182	1119
24926	18	2371
6320	134	3958
791	134	1576
868	134	10430
24001	92	9671
2376	23	7143
3060	134	22584
21925	84	1054
4714	107	2917
23606	22	215
2985	202	7397
4315	92	8340
4840	99	23950
1658	134	585
21742	134	9065
21845	134	7438
6785	89	21836
5600	134	6960
7715	84	23389
8305	92	5995
8427	79	7445
2525	134	24624
4252	134	22235
1340	41	10404
9112	134	502
6307	134	1576
21858	89	6151
21992	134	2778
453	134	5947
21643	92	24197
2862	107	5671
22220	134	4496
25180	140	2996
23457	84	1401
250	134	2410
7622	134	95
24079	134	24356
6403	134	3273
6431	134	8965
9229	43	4542
23567	134	5770
25370	84	3626
23375	23	21235
21394	134	7781
9	134	9176
1015	134	24848
6091	134	3180
4663	107	9748
24320	92	9838
10181	98	1401
305	134	9135
23435	134	9847
23286	84	10166
24406	134	21944
4680	9	7948
24276	92	24590
22666	82	9350
23903	92	10136
2448	134	5845
21839	134	486
22047	134	4896
21873	79	24811
1759	134	6814
23477	134	24431
4243	134	2215
7319	134	25495
6863	134	8297
4390	110	21212
5668	191	4634
22629	134	23765
2541	134	8520
829	134	23831
24012	23	961
9528	134	432
24488	134	4585
24265	134	6114
21909	134	22407
835	79	9255
21535	84	7143
4498	92	8297
2845	134	21854
3099	110	4171
9755	134	24499
7610	84	1138
8649	23	23860
5672	202	6803
10153	134	8965
5381	134	6289
5923	84	23100
8756	134	8297
7111	134	4125
23041	134	3965
23597	134	7466
3378	134	4680
25013	134	8125
23308	89	22492
7186	169	23217
24822	84	21499
6882	84	3605
7225	21	9436
22760	134	10430
22282	134	23859
2041	92	6114
6267	134	585
9122	134	9236
21189	134	95
7508	92	21796
10321	79	22489
1624	92	2288
23646	134	7536
7142	134	23831
2392	107	3626
7285	134	2000
6859	84	2739
7783	151	22819
9577	134	22059
5773	134	7536
8967	79	25063
10215	134	9061
2890	110	1611
3037	134	10051
4952	134	6226
4546	134	8297
25472	43	5842
748	134	25202
10480	84	22405
5010	84	22405
3724	92	9532
3128	134	4680
5207	134	7726
23126	79	23962
23276	164	5867
23332	134	9719
8770	79	9153
7123	134	2000
338	134	6324
22691	89	997
1623	196	8626
8510	84	3626
7337	99	3170
4867	151	21192
25255	124	5803
21365	134	1576
24067	84	5671
3319	134	24624
21871	134	9786
1622	134	1744
127	5	3610
22037	134	24179
22915	134	21940
22810	23	1401
21026	134	7145
8757	134	6960
21592	43	1061
1274	84	1108
4083	151	24673
23350	23	22601
22879	79	7632
24319	84	296
2035	134	22584
22374	134	23539
1128	134	8399
25008	84	23463
9643	134	432
9915	23	22601
7233	107	9329
21909	134	1744
530	135	21255
10495	92	5227
3190	134	24624
2402	84	21499
22075	92	3180
10484	134	8139
2473	134	9790
22386	101	2839
24300	134	25222
2443	134	9471
6703	24	4261
2038	134	5770
4171	110	2549
2805	84	7011
25185	23	24402
21744	92	6289
1364	134	22566
3792	77	9334
3807	185	3816
10047	107	3959
1523	131	8221
5677	134	6860
4563	134	2020
6478	112	22185
7902	84	8951
7923	134	10022
9541	24	6220
2821	92	24499
22976	134	25277
10070	134	23831
25187	92	6960
25319	139	9859
23908	134	5888
6836	117	25114
1651	134	7585
598	191	24402
8263	134	4205
21534	84	22980
7304	24	6623
24207	134	7492
519	134	10022
4618	84	2371
10226	134	9790
23093	139	25210
2834	134	22583
1166	134	6860
7941	22	22972
23709	134	2320
5773	134	25138
1296	124	2078
8176	134	1928
8933	134	23486
7579	134	8106
6706	123	9922
652	134	3691
1510	134	4896
5152	134	2162
8600	84	6185
3682	134	6374
24646	134	2288
9984	134	2346
3568	134	2022
21736	151	2716
5293	134	4589
41	134	24101
22189	134	4282
904	92	23486
4042	84	1650
21792	134	23441
6059	84	1496
469	92	24499
8320	139	3115
4396	134	7604
1657	134	1576
10010	92	3513
8488	9	24772
820	41	5412
6468	84	21458
3147	79	22337
10341	134	4417
22025	24	7926
1069	84	1363
1484	134	10109
1767	134	24819
9398	134	22458
24316	134	6374
2009	134	1026
722	134	1743
6788	134	3994
6654	134	22781
21051	142	6089
24681	166	8084
24647	134	9847
24594	79	24337
24443	134	25050
5355	20	8215
908	84	3959
22401	19	8506
4382	134	22830
21534	181	3999
22364	107	5581
4344	6	9013
1409	84	1401
5953	134	24989
8986	134	2621
24913	121	22823
5372	134	2778
22678	41	9976
25376	84	9467
7019	92	10136
21522	134	5770
7827	134	22461
9687	84	1401
3374	84	21446
23036	138	9748
851	134	5212
2505	84	8062
24418	84	24750
21745	134	5244
21247	84	2685
2327	134	22705
5531	134	2530
21102	84	7011
1105	142	7178
5228	112	10136
1722	134	1743
7210	134	24356
24493	134	5224
24108	134	22340
23457	134	24409
4972	79	10053
8602	84	9748
24846	134	8297
258	146	2811
2679	134	3958
6674	123	5307
4364	134	4950
25458	134	486
8195	134	531
4610	134	21508
7462	31	25101
21568	134	4734
22279	98	3636
9865	92	3572
21593	134	2736
6385	92	6745
7906	134	1797
10130	134	21655
5246	140	506
8654	84	2088
5042	21	6169
25158	134	2572
25161	92	3180
10380	92	180
1239	134	25138
24767	69	24608
5970	92	4859
6384	27	961
9770	134	22245
9003	134	23047
3813	134	5992
819	134	10074
9468	110	1597
2422	134	1286
23015	92	9615
22165	84	6454
1714	134	10051
5619	79	6707
5496	23	1138
24142	92	7862
924	5	127
8461	134	1417
22960	79	9286
1651	134	3180
10052	134	24356
21160	134	22525
8367	134	23261
2772	134	106
24190	173	22889
22724	134	25138
7041	25	25112
8609	108	7990
5227	166	2365
10091	134	3691
3925	134	22775
8534	24	24842
8351	134	23280
2227	84	1363
7270	134	5932
1253	23	23860
7696	43	23989
10367	134	21120
3988	134	2621
24090	134	3691
22164	84	7397
22463	52	22601
21082	134	1576
22708	134	4992
1842	134	2778
23697	163	5730
8862	134	21520
6644	92	5244
2413	134	4680
9976	24	22678
6928	84	21499
24676	134	21356
4090	134	7604
2202	23	24364
23950	25	5848
2514	134	2000
1658	92	24989
8569	20	7611
7289	98	3636
601	134	4320
22863	92	6287
3788	89	1237
10239	134	22583
23170	134	8071
23789	134	5888
23169	134	9786
1942	129	1997
4252	134	23344
8942	84	10166
9655	134	9786
21093	92	21572
21203	202	8050
9444	134	22525
10494	24	21456
7714	134	5068
940	134	25390
4264	134	23578
23794	134	22869
25422	134	8431
48	123	23300
23626	134	6639
7483	92	9236
4869	134	2970
24720	79	22298
24502	84	23860
24070	134	22461
23232	134	1278
2784	92	22234
763	92	2322
8729	134	24624
22577	134	9369
21647	134	3273
22957	92	8494
7083	43	1612
3463	161	5339
6754	134	2572
24102	166	9858
9541	173	792
24259	84	22405
8114	92	9522
24973	84	23463
1133	134	7135
4789	84	9748
25470	134	10136
4190	134	22234
3196	84	90
10477	134	4896
2134	123	5138
22751	134	7604
5221	134	2288
4324	134	23344
9570	202	6454
7798	134	2215
10159	134	8125
25266	92	22836
4844	123	332
6145	84	24602
2023	134	21122
2901	134	486
25208	134	4111
24180	84	8380
7491	161	2526
9643	134	5640
9096	79	22489
22207	134	21655
4729	41	9198
5517	134	4992
9351	134	9135
9836	134	6442
5024	134	4575
8104	24	4359
3044	89	22894
2675	84	2371
10103	134	22583
24217	92	7438
4944	24	4599
24119	134	3786
21089	129	3468
24742	84	9748
6417	23	2371
2799	134	1272
21813	99	2286
8703	134	24881
21781	191	24549
2599	134	502
324	129	1597
509	134	24816
2750	65	7591
3815	134	8226
8671	84	23096
3620	134	2457
24465	92	1272
24009	134	2215
3835	134	2346
4227	8	3967
8147	134	766
2785	107	8466
9180	92	1928
24910	43	10120
1144	134	10109
8294	6	2549
6425	92	2012
2679	134	5992
8145	134	21944
21967	185	24377
24531	134	8297
9814	171	691
25350	79	6194
985	134	9669
5809	134	2608
6829	18	23541
1622	134	7585
21640	84	2685
21468	25	8006
1019	134	22791
21549	92	3872
6220	173	4540
21642	79	1747
21833	134	8965
5988	185	21780
5173	134	4859
22786	92	9957
22362	92	3273
21926	92	25222
22002	84	21843
7821	134	6521
8158	134	2369
118	84	2371
22725	194	1196
2224	134	10109
823	41	10404
24975	134	568
2770	134	1186
8523	124	22453
1324	23	22601
756	110	58
24319	84	6608
22340	166	3626
6863	134	3572
7388	134	21964
24259	134	3162
6943	89	24644
5390	134	2995
25234	23	22601
5312	84	23463
10495	92	8488
3600	134	8310
1009	134	3372
23456	84	5565
8450	92	4133
3407	134	9790
9872	92	1286
8215	23	1401
9897	92	766
4891	134	9532
25144	84	3636
22086	146	25407
2422	134	7862
9996	43	5851
21113	134	23344
23973	146	10152
1842	92	2876
9234	134	21854
1856	134	6228
8616	134	23261
25129	134	106
4873	134	398
8244	9	6921
2933	134	5971
6851	166	9748
2066	134	216
5224	9	24493
21341	98	4158
3078	134	8023
23071	79	21987
10420	43	21623
21932	142	2283
7399	166	3626
25424	146	21266
4608	134	443
1513	107	2917
22606	134	8139
3680	134	6226
8524	112	10491
5451	134	2012
701	131	8404
23087	134	1743
1763	134	25222
674	134	21655
7784	92	142
1555	134	10136
2008	84	1904
11	121	22823
1123	134	23179
22625	134	1311
5209	134	23419
1654	134	6814
24956	134	2736
976	134	23765
6205	43	3141
3188	124	4816
22374	134	4417
3736	134	3410
4436	134	22057
21721	103	6185
2014	134	22057
4688	134	7296
7158	79	2279
25349	134	3223
10038	129	22559
10072	9	5021
8665	84	4166
2581	52	1401
3269	134	24499
23476	134	7862
5652	134	1311
3479	134	9578
10441	92	766
933	123	22736
1657	134	22910
8818	134	5068
6878	134	24881
7196	134	8965
21574	134	5383
2984	134	10072
5618	134	10136
22067	134	6226
23877	84	1496
25482	128	4228
901	134	10136
21762	84	9479
980	134	21372
23555	107	25160
10064	134	5947
2130	134	2572
25301	134	23261
24188	134	22234
21439	134	21039
25471	134	10308
3855	134	6324
25153	92	106
6945	134	486
6477	23	3626
4438	134	25487
7763	134	22584
7157	23	7138
3057	134	10022
2858	134	216
22931	92	9838
9257	134	1286
25227	123	2895
24039	134	23111
3428	134	22234
24459	134	5769
2448	84	5671
2371	73	25160
2888	84	1363
23651	134	9532
8735	134	5995
3255	134	24381
2779	52	22601
4871	92	5244
6143	110	2359
1679	21	23229
24654	134	1311
22311	134	486
21273	134	25202
7611	23	22601
7527	25	8006
4128	134	6639
25155	123	8487
819	92	21041
9368	134	10186
8791	21	23019
2028	134	4346
1772	134	5845
9675	134	21519
21326	84	1906
750	84	22081
7303	92	10051
5995	9	8305
3953	124	21815
2685	113	2518
23922	79	6404
9523	107	9748
4892	134	9219
24584	134	9786
23017	84	23463
2959	161	24395
2353	153	8606
285	134	21692
3192	79	3073
21714	84	3959
22567	135	22370
7449	134	4807
3135	119	22601
4566	134	1931
6238	84	5671
1679	191	10094
23422	134	2069
8205	134	7604
3243	134	6324
9897	134	9615
8049	129	7593
829	92	23831
22215	84	9479
24909	84	1496
7323	163	5730
23196	134	2736
6792	98	6311
1566	84	2917
3927	134	4441
9499	134	21964
4872	134	3074
24220	145	23217
7558	24	22491
4626	24	9875
7954	134	502
21866	134	8734
8797	194	709
23368	134	585
24323	84	3626
10158	75	2554
24509	134	7624
2128	161	6855
5705	90	997
5809	134	23047
5719	134	23179
9033	89	7823
4895	134	5888
9325	84	8802
1523	131	25078
23911	142	2923
23301	134	21854
22735	89	7984
4757	185	7742
6815	134	7135
6784	134	6442
8114	92	25495
22503	107	1054
8274	134	22235
25335	134	1286
9621	25	7286
22332	134	1605
9057	202	4634
9852	123	23558
7127	134	3958
3303	92	9790
10183	185	3764
21545	157	2917
472	84	1054
2569	134	22525
8156	67	1401
7249	134	25495
6498	84	3959
21006	134	9385
977	84	3830
2028	134	23887
24629	23	22601
819	134	3958
9613	139	208
6252	21	23542
5711	134	25495
6620	92	3575
7347	134	24197
5916	84	3959
7539	134	8488
9015	134	24624
24903	134	10045
23625	134	3958
7265	134	21039
8093	134	22235
25069	110	193
1449	84	3959
10071	84	3626
9744	84	23463
24298	23	23860
9393	134	5888
3873	134	3691
5072	84	3626
7432	109	296
490	134	22490
23482	134	23295
10160	92	2876
6176	134	4589
548	84	23463
5761	31	3157
22700	92	63
7445	79	8605
4789	92	22830
7635	84	7397
1799	142	885
1248	134	95
23964	26	1079
24708	134	5197
3718	134	9063
2843	166	3621
792	79	4524
2033	134	24448
2015	134	24356
2176	162	737
23247	84	4158
1927	134	568
8390	84	1054
10238	21	10218
21606	123	3653
23263	134	21912
23221	84	9879
3898	134	9389
6043	134	6960
3696	84	2685
3630	84	22405
5078	84	5671
4201	38	22320
6223	84	3626
4699	84	2917
2436	165	8261
21310	134	9385
4546	92	3281
10236	134	7492
22553	92	24901
22831	134	10308
22612	134	7817
22915	134	22584
945	97	4554
6768	134	2876
1208	134	22461
6854	24	1393
21925	84	10166
5906	24	21577
7609	134	23913
23010	134	2322
24468	21	10243
6211	84	4956
24494	166	5122
7718	92	2000
8780	134	6639
22196	134	25244
7745	24	24054
23449	134	152
10199	134	4528
24667	21	5655
23699	134	406
22378	46	1748
1680	23	3543
7558	107	9467
24103	84	7397
2135	134	23295
10153	134	7135
9946	164	3381
21891	107	21357
2936	131	4319
6686	25	8512
24581	134	25487
9409	134	9532
21077	134	1931
2466	39	23932
23156	134	9928
6392	166	9479
9997	134	22059
4582	134	6960
4024	134	4417
21910	92	2970
9130	25	5848
475	134	22059
22037	84	5671
5664	134	9532
23140	134	8387
23141	134	8387
80	134	3572
161	43	7182
1282	84	2371
2396	134	4331
4939	134	679
7413	84	8380
8845	134	24387
7677	92	21944
25490	107	4634
7982	134	9522
22816	134	3965
3219	134	10282
23974	107	23463
5727	84	2371
9020	123	10258
25235	134	766
24053	134	10136
10323	134	8139
9814	140	284
8527	53	21894
2456	134	22525
25124	134	8687
1730	84	1401
21467	95	6567
21890	134	4133
8729	134	3281
25365	134	10136
25429	134	21944
9379	84	5671
477	134	216
3549	134	8965
10375	134	6442
858	23	24402
1658	134	21572
2660	92	5065
1485	92	24101
9379	134	7438
6495	134	21570
7055	99	1401
4912	134	3273
919	84	23860
4954	134	5244
8485	73	4118
1393	79	1233
2870	134	95
6964	134	22474
21839	134	7717
24386	129	2153
8058	134	4422
4554	21	945
8382	142	21649
8285	92	22059
25481	84	1681
22290	134	9532
3823	92	5735
24513	84	8062
9590	107	3626
7014	84	10166
7292	134	10109
2737	134	24901
1135	134	21655
2412	92	9957
23184	84	9993
3182	134	22407
21337	79	8252
2682	123	9181
22796	134	8207
6584	134	8722
10086	134	21912
22110	92	4575
3448	134	24431
2796	24	21031
7891	134	4076
8747	196	9102
9122	84	25419
4998	84	10409
1144	134	585
23046	41	1340
21801	92	24154
9175	84	4956
475	134	7831
3772	107	8551
8669	134	3776
7387	92	10022
3176	134	2000
5216	84	5565
6117	82	913
1373	123	9197
10001	202	8050
2990	134	21655
1398	169	21917
4217	134	22390
23733	134	4125
10393	84	4463
24029	134	3872
1513	107	3626
22725	140	2979
748	134	2428
9191	84	22601
10389	134	5845
5037	20	7302
6263	134	6814
4533	84	1401
2671	43	7289
3319	134	4157
6101	99	21235
23471	124	21362
22507	84	10166
24892	84	4158
10187	25	6757
4993	134	5224
6804	23	22980
25470	134	10051
2308	92	4339
7292	134	8828
8219	134	4589
5800	134	21508
8048	107	9748
21859	134	1664
24344	84	39
22105	161	24366
3980	134	7717
4297	84	8380
6494	84	3959
5203	134	1743
23377	134	3776
89	79	22364
21758	99	22405
22295	107	9748
5685	134	24819
8437	134	24499
21445	110	1882
9925	134	10474
7064	107	4365
10033	134	4606
21899	134	1605
21602	172	22980
22656	84	7397
22666	27	8380
24437	92	9671
21463	134	24412
7339	84	24402
1871	92	7570
9801	84	1650
8811	134	23831
1289	134	7054
1618	154	1058
144	134	1744
2165	134	25110
3516	134	8828
7999	164	6454
7851	134	25265
24486	134	10109
4821	134	5888
9823	129	1435
22722	123	7867
21632	84	2917
9163	134	584
2723	84	3636
1068	134	24381
22349	84	1401
5147	134	21572
8294	123	24453
5579	89	1997
2026	58	22187
2725	134	8431
10095	134	23578
22800	92	22775
8999	25	24333
21432	134	8920
7720	84	2371
5624	134	8071
25002	89	328
21507	79	6080
7931	84	9479
23369	11	24506
1466	134	9065
389	134	22495
801	134	9952
4524	173	21783
3809	67	9748
24310	134	2000
4571	134	25222
4498	134	25138
10012	92	23419
657	134	22234
6180	134	10430
23794	134	4339
22008	79	3279
3066	124	22426
4586	84	3626
24164	129	24782
2695	134	9838
1417	166	7841
4949	134	3958
4284	84	22405
8280	134	644
2706	134	9790
8221	41	24802
22988	134	2458
9075	134	9615
7906	134	9532
10160	92	2970
23250	134	4111
23168	134	5197
8479	134	8297
7090	79	3658
2453	134	10136
9452	124	25412
346	107	71
9095	134	25487
4174	84	10166
4525	134	22447
6136	107	5581
6362	134	5197
4933	92	7682
7764	23	7143
6577	129	7493
3557	134	1743
7014	134	22234
1115	84	23990
7569	134	6226
7442	123	8406
6293	18	1054
1457	134	23261
24698	84	1401
832	134	379
22401	84	9748
6145	134	22584
24875	134	5407
25353	79	3216
24867	134	1234
7915	84	9787
7445	24	8427
23623	134	23394
4508	121	22823
546	134	25233
7097	134	7604
9961	202	6803
2207	134	10022
5082	134	3372
23547	134	1664
7049	79	8605
5235	107	7011
22560	134	10136
2421	134	95
6689	201	24208
24116	134	2162
3382	31	9934
924	40	7042
24359	92	9928
3136	134	6228
22980	73	1054
9365	84	10255
4636	134	21854
1216	84	23463
21409	186	9021
9801	134	21274
21978	134	21848
155	134	2203
7700	92	8078
21541	92	9061
5365	77	1397
24399	134	3180
4127	134	8494
4915	84	6311
24220	23	2371
22873	134	9471
23792	84	1401
2145	134	6960
23542	107	7397
22971	134	24624
9158	134	21692
6154	92	24624
4019	187	4019
10300	84	21556
2138	129	156
4080	134	6226
427	134	21162
21511	134	24356
154	92	5561
24943	107	3959
23777	134	10109
8429	202	9879
1349	134	22566
10401	107	1054
2668	153	24768
10016	134	1991
22603	134	5735
5536	90	2209
5502	139	9013
4720	134	8297
22003	134	23831
24711	129	25237
24961	123	3008
3751	134	21570
23875	134	7135
6366	153	6961
7679	134	1991
21149	134	22034
4775	134	1928
6677	134	9253
3787	134	25106
21531	134	3372
25139	134	63
4569	193	24695
5033	84	4454
6135	134	3691
8082	79	3664
24282	38	458
8309	134	23913
4545	79	7943
5863	84	23465
6874	131	8209
9361	92	21848
1011	84	24402
22417	134	23831
562	134	9532
23787	134	5423
9861	134	5244
23045	134	8071
24029	134	1286
47	84	22601
10304	134	2320
22528	24	8740
23783	84	1106
24467	134	23298
2697	134	9747
2343	134	4205
3568	134	9176
2950	89	2852
10405	123	9179
3305	134	24634
22233	84	3636
9393	134	2778
1067	134	2876
2528	92	1286
7180	84	3959
6928	155	2579
9361	92	2995
25014	92	3958
22884	134	2020
2901	134	4807
21088	205	23990
8970	90	96
8200	134	3965
3061	134	2164
25210	100	4945
23230	124	21837
22499	173	3946
8867	84	2685
4978	134	1234
8705	134	2876
24902	142	21513
2223	134	2736
24935	84	22139
898	31	219
4401	79	25473
23291	84	2915
3599	166	24518
22755	92	63
8105	134	1827
23176	24	6923
23616	134	8106
21616	134	23819
25158	134	7604
2321	129	22854
22562	134	10294
24042	134	2889
5688	84	4158
8179	134	2288
5904	9	21846
5693	23	21499
5989	23	3626
7086	134	21650
961	25	8512
21456	107	8708
21145	134	6484
6945	134	6442
6135	134	10072
21345	134	3770
5022	134	3180
5909	107	2917
6666	185	7269
23218	134	23578
9151	84	10166
596	134	1256
6736	134	10090
6868	92	23765
10150	112	23539
21541	134	9135
9930	51	3610
2722	134	6374
1725	134	8828
9096	41	8931
4610	134	2876
7386	134	4680
22801	134	584
2156	134	5992
6323	134	7604
9572	134	4133
24406	84	1904
7848	134	4111
23852	134	9719
23839	134	9790
21685	84	22405
25008	134	6442
6013	79	5858
1918	134	22407
2679	134	6165
24690	134	3534
21575	134	23831
22091	134	23441
24903	134	2162
22065	67	23950
341	84	1496
21127	134	2970
3820	79	21035
4567	92	5224
3560	92	24448
23626	134	21520
1358	92	25110
8251	92	25110
21562	142	24996
21239	24	487
3724	134	4992
2879	134	21120
25069	107	9688
4822	134	8828
8261	21	4453
23034	134	22584
23067	134	6800
21177	124	2039
2555	134	22525
3610	5	4276
1222	146	1225
24276	92	5648
9300	89	7823
23818	23	7143
4249	134	8244
9572	134	1743
2298	84	2371
5968	134	6814
2452	107	1401
348	84	9350
6454	25	9224
23780	26	6597
6117	77	913
4192	84	5671
3037	92	9928
22825	134	9952
22728	185	3308
21781	191	22274
2347	202	9748
631	84	10166
9002	134	5224
21162	9	3848
8210	134	7726
9074	23	24364
3771	134	5950
22249	84	961
368	31	4918
23807	24	23853
7075	134	1991
6894	191	1079
4436	134	152
8412	134	21699
21947	142	7311
10388	84	23463
144	134	9790
3712	134	4807
1335	134	2876
2905	123	8411
9639	25	5848
22141	84	2685
22433	25	2764
6933	25	3693
21476	134	8387
22958	135	25291
2658	134	2876
6653	134	23266
2916	134	21572
3377	134	2243
24630	134	8920
2217	134	504
8714	134	8297
1460	179	2043
24915	84	2685
25467	134	25487
8063	134	3180
22696	92	23578
22614	123	5401
23881	134	24153
21104	134	21384
21834	92	9532
1466	134	585
23356	92	23344
6313	114	22405
8367	134	21520
824	107	8380
10318	84	5671
21605	43	9181
5617	84	232
21493	123	5380
2232	129	6812
22545	134	1256
21757	134	7975
9234	84	9748
3253	38	24543
8800	84	1496
3996	134	531
23105	134	1256
9573	92	2000
22030	24	668
2587	131	6404
5835	89	7984
9770	84	4634
6879	107	5671
6031	24	10355
6403	84	10166
10459	134	6462
7191	23	9879
7273	134	4606
2906	134	2995
5022	134	24590
24465	92	5590
24390	99	296
6227	134	22830
22228	98	3636
5595	92	23280
10198	112	2087
2981	139	23932
1791	191	7143
8478	134	8226
6613	84	22817
7140	25	8006
21932	38	2283
3538	134	2876
2009	134	2215
22727	84	8380
24153	166	5436
909	84	22601
23915	84	3636
4491	134	3994
3191	142	8551
8654	134	7492
3988	134	21523
10400	202	7397
9136	134	1718
2219	92	21912
25149	84	4365
7117	23	23562
1477	134	21519
25328	79	5339
24926	107	1496
8871	134	713
3559	134	24211
21715	134	1117
24741	134	7151
22729	164	22601
8150	134	22940
9985	134	22461
3902	134	21520
24995	84	3959
6791	92	1278
8484	42	7073
4593	107	2371
8813	134	23027
21975	134	9369
8482	23	8380
7665	134	5244
6957	23	8999
24244	92	8920
21783	24	792
24357	134	5224
24939	84	22405
1431	43	22736
9784	191	22123
23865	92	8042
5463	134	9253
5400	23	9748
9159	119	1401
2186	134	1928
23050	134	3273
25161	92	23607
23836	134	7492
23141	134	2876
22388	84	1904
859	134	3958
22363	155	7647
2952	79	4649
6847	84	23463
2277	134	22407
21424	129	9672
21394	84	23463
23632	100	9019
1613	134	4896
5386	134	4606
8654	134	5212
7303	92	9928
6927	134	4133
3714	134	6228
360	84	4365
860	134	24448
8725	134	679
9157	134	23344
9918	134	3958
23970	134	24624
8317	107	23701
8833	107	10166
22564	134	9492
3449	134	3994
1163	134	8965
5220	9	8325
24950	84	8380
4036	134	24570
25290	107	10166
7190	134	23892
8687	166	2442
5486	84	7397
21629	191	24784
2488	79	9198
960	134	9219
22494	84	2917
21419	134	10491
10356	134	4111
5674	134	3408
5726	157	3636
23009	107	2685
9661	92	2000
8369	134	2320
5317	134	25222
7779	79	21718
23317	84	1496
7588	89	2345
2331	134	7326
6794	92	3575
10476	134	21523
7428	134	95
1481	134	9532
8457	134	2020
8014	169	23217
21561	134	2000
5081	134	766
9099	134	7604
23048	134	24499
24692	134	5244
9057	185	21235
359	84	8380
6416	164	296
24877	134	24848
7983	134	24061
24514	123	21623
2918	79	2626
6466	134	23578
24344	134	21746
8915	129	6332
5663	134	21692
3662	134	25222
7709	134	3432
4110	79	8116
137	84	90
6494	134	10491
23439	181	6804
23122	84	22601
10317	134	2020
3032	131	25262
6042	134	8139
6330	134	5068
21440	84	2371
21169	134	3958
2829	129	7493
10314	134	1286
9484	134	2346
2219	134	25495
1488	24	6018
1497	134	614
2535	134	8125
21823	134	9798
8901	134	21655
1914	84	5703
10093	134	502
21948	134	4992
7917	124	6094
10008	84	4634
4358	134	7819
1252	166	21813
166	84	9748
6250	134	6114
2914	134	95
25486	98	1138
23440	134	4422
9154	22	3408
23479	142	7627
25178	92	21039
4619	84	3636
2028	134	24908
7416	134	21039
6491	134	5590
7660	134	7536
10155	134	7135
5235	134	585
9207	202	296
7362	84	1079
10082	134	7604
24790	92	5224
25026	134	2778
21823	134	2320
2386	84	1401
5916	134	502
2962	97	22376
22300	92	24590
8265	84	3959
10468	84	23463
9454	134	21122
7132	84	23463
9042	134	1664
22702	84	10166
22685	134	2288
2749	139	25104
2500	134	182
23148	134	4606
3114	134	8431
5915	25	22344
5877	23	1904
9676	134	6228
654	134	5888
2992	134	23266
6179	5	10144
10127	134	3575
1962	134	7325
21322	134	9522
22842	164	1812
24732	84	22405
8617	92	24624
2327	134	23607
1709	134	8965
3168	134	9907
24810	134	7781
2678	92	3872
7989	134	21039
22090	99	2668
21296	134	25495
21896	84	23950
23595	134	5954
21917	113	1398
6238	92	2203
21167	92	9790
22291	107	1051
22	202	22980
21012	84	7918
21663	92	8431
2141	92	22245
5290	129	2332
4131	84	1639
3325	134	22021
8619	134	8488
22831	134	21039
3943	84	1401
22586	123	23866
4366	134	7781
148	134	4698
6815	84	7397
1014	134	3074
9679	121	2397
24740	129	24991
24336	134	24660
7751	125	6454
7110	27	8380
8317	79	4475
6442	9	8704
21770	84	3626
3815	134	7570
24377	184	24271
9456	134	22474
5583	134	5735
23226	84	4959
2409	134	7492
3798	84	23463
8416	121	2397
1533	134	9719
6794	92	6814
318	84	21898
9756	84	2638
25300	107	3605
1138	25	8006
8168	92	2149
3736	134	25287
10367	92	7682
4591	84	23463
1977	134	5065
3888	12	1508
3559	84	7314
23641	161	21721
5367	134	2215
24962	84	8011
2706	134	23084
24175	129	9013
10435	134	8828
23826	134	8226
24941	134	4807
22311	134	21650
5002	134	6814
25012	134	24826
25175	92	1576
23597	134	6228
9779	43	21689
23722	134	3348
5561	9	6008
7524	134	25495
9699	134	8520
21921	68	1401
6533	134	4392
3063	164	5915
6996	84	2371
22858	52	1966
3197	134	2776
221	84	23463
21718	24	7779
24562	43	3887
23416	134	1576
6072	134	24570
9391	134	4111
6555	134	585
3059	134	9952
4079	134	5407
6004	21	6986
6763	134	25495
9208	43	1192
5638	134	8226
24342	134	8297
4021	84	2668
4650	123	7537
8775	79	23824
22368	84	7397
9098	134	9719
7943	79	2520
545	92	9532
6594	134	8828
23948	84	1054
9032	92	25487
7864	84	23463
8176	134	9532
10043	134	3372
21592	98	3636
9789	9	1762
205	134	3041
22111	134	2020
9272	92	25277
24679	98	1051
10030	84	7397
22012	110	9299
5021	92	5995
3296	79	1788
24575	134	230
3353	134	6797
21958	84	4956
876	134	6289
22280	134	3958
6032	134	22235
24387	9	21761
2437	134	22830
9502	134	22230
5858	131	21651
3638	134	9532
1205	92	1700
7833	84	6185
5658	134	6226
2583	92	5244
4867	11	21192
1344	79	2661
1147	89	8365
3552	84	5671
8719	84	9748
1954	84	9350
6267	134	10136
22499	79	24579
21390	134	1797
25261	84	9748
24319	134	21469
4014	84	4463
24080	92	22461
22917	84	5565
23784	124	4572
3430	134	9522
2291	129	8246
23817	134	6442
8680	134	4422
1492	134	21944
7220	92	6778
2674	24	4502
21353	134	24448
1320	92	4917
2207	134	9532
21972	134	23578
24558	134	6114
4059	139	330
9968	134	21520
5742	151	9672
6993	92	8965
2390	98	3636
21300	134	9615
2431	84	9873
25305	134	24211
23714	70	9065
7000	121	2397
23528	107	2371
1635	123	23822
7613	92	22584
25446	134	25287
107	153	5848
24080	92	22235
990	134	3958
1956	22	2020
5504	92	23486
1977	84	3480
21678	134	8746
24806	134	5227
5323	84	8384
9024	11	4579
6144	84	2917
3594	23	1401
6309	22	23027
23668	84	5669
3434	92	6228
7054	166	6668
6055	164	25232
5050	107	2917
155	134	5995
4317	163	23107
3026	134	5227
23425	134	1928
7450	79	1733
22611	157	2283
10217	134	8226
3563	134	10282
24823	134	2970
2743	107	3636
1782	24	3177
21398	134	22234
2104	84	3626
9526	36	4736
4835	84	23463
25269	84	1401
9456	92	1797
9792	92	22490
24125	24	4739
7910	134	4028
4155	134	1311
2834	134	2288
2042	146	10116
1122	79	21121
22665	48	8134
9568	134	8226
10010	92	6867
7648	134	2022
236	18	21458
2494	107	3626
1479	109	261
24737	205	7397
21756	134	21912
24890	23	1401
5562	134	679
24575	134	9684
3562	79	9548
24545	191	6185
6207	84	10166
22237	52	7397
8575	134	23131
4240	84	1051
8138	43	2582
24873	134	5888
25052	134	21650
24025	27	8999
5736	134	7604
24289	107	961
5635	134	8297
8203	134	23500
22619	134	1785
6218	134	23111
22563	140	13
22305	179	6478
1052	89	4181
6230	194	9119
2775	134	4111
22769	134	3958
23509	134	24499
2167	134	1700
6161	134	5932
8991	134	7604
5506	134	7536
831	134	9719
22134	84	24402
323	185	1786
581	134	8965
25293	134	4189
7803	23	22601
21992	92	21195
5356	166	9858
22318	23	22980
3509	134	22830
4076	166	24472
2929	92	10136
23513	92	9532
21032	134	22057
24348	134	5845
7481	134	23831
10105	51	24082
22477	134	8828
8061	123	6054
21992	92	24154
24125	84	22757
21493	89	25114
4228	17	24418
2185	89	4181
24506	110	7160
2502	134	2346
2443	134	8488
23997	92	7604
3146	134	3958
3951	123	2756
5176	129	1997
4993	134	22869
10455	134	22584
22133	134	2465
7720	134	21384
23667	134	6442
3988	84	2371
831	134	1576
4464	84	4970
23308	43	22036
83	112	24381
23645	134	5197
7815	134	95
7328	134	21854
24117	84	22929
8345	84	1401
22394	134	24819
21367	134	24101
9307	67	10166
58	110	756
3816	23	9748
21972	134	6442
21542	107	22980
22885	134	3180
23437	134	21120
887	134	23831
8459	191	21843
4173	44	21917
25273	157	4365
6892	21	25100
1282	84	22170
23543	134	1744
3200	92	8139
4368	151	1145
6680	92	10136
4814	24	9342
1056	134	8042
25310	134	4528
798	92	2000
82	5	3610
24081	92	5244
21587	84	1402
6300	134	7135
9616	134	5074
3782	23	23860
974	134	23578
22874	134	5888
23139	92	7325
5674	134	7585
8242	24	2151
7757	134	3958
2988	134	21572
1237	110	311
3254	107	1363
3556	134	24197
4552	134	3776
3672	134	486
7962	98	2283
10196	84	23463
4526	92	23380
7901	84	3626
23545	84	22601
7315	84	3193
8760	134	486
23881	134	4422
22768	134	3958
4919	84	1401
22818	41	820
22989	134	23344
22528	24	25249
23664	134	9522
6520	92	7296
22399	146	24631
97	84	9350
8676	84	7397
4324	92	6807
23148	84	10166
4696	84	3626
1656	134	3575
6660	79	4493
24548	134	2621
10099	134	21650
5094	84	8380
4828	79	484
25453	23	1401
7506	79	9205
25363	129	23634
5143	107	10166
9925	134	21120
21423	134	2000
2277	134	24826
5398	134	21039
3047	134	4248
750	134	3180
8573	134	8488
21368	134	22234
2998	134	7872
4232	161	24058
8966	134	3872
6710	134	6960
777	166	22569
4325	134	5971
2490	134	7134
5499	134	24356
2409	84	6185
4070	134	1365
6322	134	6442
4447	24	6717
3673	107	4158
2060	23	7397
7048	84	7085
9725	134	95
23866	123	8038
22533	172	24402
5737	84	7011
341	134	1664
3087	134	2458
22375	79	6400
2190	134	23765
24190	79	10295
23719	166	23463
23978	84	1138
8549	84	1051
9990	164	5073
10347	84	23341
2915	145	23418
23064	134	1365
8092	84	607
8707	134	8226
21360	134	3575
1340	131	3579
3276	134	585
3741	92	22584
21438	25	7239
22101	84	5671
6946	97	24212
10424	191	1824
21983	134	6745
10215	92	24766
22440	84	4365
16	134	21039
7699	134	10474
9010	134	7604
22678	24	9976
58	107	3636
23710	134	22444
3310	134	4441
4233	134	3372
22145	84	4715
10169	134	6374
21981	134	3180
5354	134	22245
24094	107	3636
9580	134	22525
5354	134	7682
972	163	24767
962	79	907
21628	134	25390
2138	171	156
7170	146	22772
497	134	24063
6070	67	8380
2033	134	4606
8173	134	9385
21887	134	5590
22996	107	1400
5338	134	63
151	134	152
9771	134	584
4482	139	3966
6106	123	21147
4003	79	3209
3723	134	10252
24886	134	22407
21020	134	10371
4063	84	9466
4863	107	1401
403	134	432
842	107	1401
10447	22	8746
24068	23	8239
622	134	24153
25034	107	2371
24795	79	1036
24126	134	5244
7763	134	6639
21389	134	7151
7174	134	5971
23585	38	2705
4179	54	9779
8407	24	7237
6025	134	3958
22751	134	8828
7599	134	24624
8630	84	3150
9019	110	6143
7555	134	9719
5463	134	22245
25434	134	21539
10226	134	4417
7781	9	9817
24400	146	21152
2141	84	4634
23066	134	9928
2646	134	1286
1559	134	22407
21904	84	7397
21305	92	1664
1912	134	24154
22111	84	23463
22207	134	3513
22946	43	5399
4291	134	7752
7039	134	7872
6136	24	21958
10126	23	1401
22349	134	6165
25257	134	9790
1133	134	24848
2646	134	6860
6008	134	766
24442	92	8863
8389	134	2000
24322	134	9798
10204	121	22823
9823	43	22975
22446	134	2000
23533	23	3308
24980	92	4441
118	134	25202
9242	92	6860
794	134	22791
4302	43	4936
1523	131	3664
1134	134	5954
7700	134	9061
22104	134	23539
5941	134	10491
24098	92	10051
2155	84	7397
5886	84	1401
23886	79	2946
24720	24	7578
6326	84	2088
24904	84	25311
8948	134	8207
22195	134	4528
8978	134	95
7030	31	3385
1987	134	8226
23713	84	22601
4375	11	7955
24088	84	22274
1532	134	22836
22219	134	22583
8811	134	6287
809	134	23819
5163	134	3872
3880	92	22407
8929	134	22034
22811	79	6819
3957	139	8829
23620	134	6324
5560	134	8154
4724	23	22274
7613	92	10051
2827	92	4528
6483	134	3180
23089	9	9752
3430	134	6814
24016	134	486
4429	92	22458
2168	134	6114
3092	186	3533
9649	134	5648
1651	134	1372
23741	134	5244
21080	134	3965
7959	134	9219
24973	134	4282
2166	134	7125
6365	89	2209
4017	134	22234
9195	124	2959
22870	92	568
6401	84	25160
3473	84	22601
4249	92	24431
2669	134	786
834	84	25453
10069	134	5888
3428	134	24115
2650	134	2000
4645	107	1108
8482	125	21235
197	134	4680
3103	134	8828
7506	131	3437
2274	92	5227
4410	134	9615
4126	164	7143
24243	129	23634
22522	55	6023
1099	134	21195
3683	134	9135
7381	2	1966
9582	143	9285
655	134	713
2384	131	6817
25348	134	24499
23988	84	543
21951	134	8310
9949	79	7552
24434	134	24448
10430	9	3502
3752	134	5888
8957	134	1911
2680	84	24402
1338	134	21570
7553	25	25112
3884	134	4693
22875	124	25379
9685	84	23463
23861	79	4944
2939	134	6958
24871	99	1401
7728	107	1401
2628	129	25114
24825	134	4422
7481	134	4528
9971	92	5244
23550	134	3432
3252	134	7325
6993	84	7397
8395	134	8520
8069	134	1286
5896	202	21235
426	84	8777
21811	134	21848
23036	138	3626
9091	134	8071
21405	134	21496
9194	107	1401
6077	110	9338
8619	134	8520
3082	134	23111
25038	134	22059
3691	166	3959
10292	134	6521
7592	134	1931
24302	134	23500
1021	134	22525
1536	124	5957
23439	12	764
4773	134	3281
4306	107	1054
10277	134	7135
5565	73	1363
23713	134	21570
21664	134	6860
21461	84	3959
6111	46	8661
1197	131	25285
4428	134	24992
7306	84	1402
7626	134	7682
25066	79	6538
22190	134	2000
4789	92	9063
9392	107	961
641	134	10136
24920	134	21527
1216	134	2149
3109	21	8995
24092	134	531
25308	134	3223
23450	134	1538
1307	134	9669
21252	134	1744
24899	134	5590
3113	134	6226
6045	92	443
10486	107	8380
21859	134	2428
9383	84	2371
9106	134	22230
24035	134	3180
7671	92	766
4169	92	9063
5598	134	4111
9589	134	9719
781	79	3021
7164	134	63
4343	134	1576
7400	23	22601
24367	134	23539
8025	84	2685
615	134	1774
23108	100	7773
24556	84	1401
3004	134	25287
1023	84	1054
23011	134	23913
9309	131	7375
2472	24	10381
5430	123	6389
24386	146	7274
7307	121	9851
4959	23	3626
1379	142	4118
9579	134	9135
9421	84	3626
6803	25	4126
5756	92	23344
22649	84	22601
2643	134	3180
22061	92	1743
14	134	21572
8174	84	5124
23016	134	22057
4289	84	3636
9391	134	2995
24794	134	3786
22573	134	1928
22844	134	8071
3352	84	24750
4222	134	8297
25239	134	9798
4825	134	23027
6694	134	5735
21318	166	3371
7979	134	23831
21279	92	8488
2968	90	2209
5716	134	21496
8617	92	3994
9351	134	5383
8486	134	24826
9505	84	4956
21337	24	1036
24181	134	24356
9467	23	8708
4304	202	2371
23845	73	9558
23986	61	24492
4034	21	7186
1174	185	24298
6099	84	3959
1837	134	21356
2724	89	25104
4716	134	24590
21006	92	9684
8048	134	24356
10212	134	1743
5774	43	6785
4182	129	25242
22619	134	5888
24640	76	22601
21111	84	8062
3981	134	1286
3276	134	23344
3773	134	7492
4878	134	2320
10157	84	22601
4464	110	2025
21087	134	23047
9417	31	10255
22762	107	22980
634	134	2778
8744	134	7604
9871	92	25277
4390	84	24549
2676	124	3991
5138	43	2134
22356	134	22461
956	20	10126
1382	134	23047
8409	134	4346
22115	163	5730
4016	84	22139
4389	82	3705
23642	134	7570
6895	41	25228
23189	185	1397
10333	134	5932
25262	41	9976
9866	134	1537
2929	134	585
6542	123	5875
4464	107	3150
9242	92	3343
24860	134	1827
5045	134	614
23553	134	4299
5854	38	21667
9423	92	585
3874	110	3874
5022	134	3691
25053	90	2479
4715	31	5712
1340	79	6719
24607	134	7054
24425	134	23831
6751	110	24644
22276	134	6994
22912	134	2956
726	107	23541
5633	134	8226
4617	84	22601
1496	23	2371
2812	10	22185
7403	134	8106
5217	129	2332
2794	134	24499
9284	121	22823
6025	84	1401
10454	43	24685
4935	134	152
6691	84	24436
25398	134	6226
4925	89	24317
23537	107	22980
24727	107	1904
2579	23	22980
23759	92	152
7963	146	6547
773	84	2928
9025	134	6324
3784	134	8106
5743	123	25404
21919	139	8994
7261	134	21039
2454	18	1054
9681	134	4807
903	134	10474
8676	134	4606
6474	107	2685
5815	134	502
6848	79	7847
5843	92	21539
2568	84	23811
24300	134	3223
25026	134	9609
23311	97	5690
21099	92	182
23592	21	24195
10234	134	21912
6647	84	24723
4413	84	2371
23865	134	5770
24955	134	21092
23204	134	8226
23260	89	2852
8140	84	21458
23752	134	21692
1059	84	1904
4686	110	8371
23775	107	107
3469	134	21520
1679	191	5915
8847	134	22584
9438	134	22830
9451	134	6960
10173	117	22024
7064	107	1054
6498	134	531
25482	17	24418
3476	134	4807
2734	151	2112
21231	84	24402
10317	84	5671
1286	166	1082
7620	134	7726
6625	134	5971
1829	134	9471
9129	23	1401
4862	134	2000
5476	134	9847
23697	24	24836
6378	84	8755
22400	134	23568
5837	134	8965
22027	84	1079
24698	134	1928
23543	134	9615
21702	134	21854
5800	84	2685
23099	79	7154
23820	134	9532
9698	82	7507
24990	134	6324
25443	79	2254
1400	25	5848
2408	134	24881
6953	134	23423
22390	166	6185
1287	134	4282
10386	89	8365
21928	92	486
2222	142	5158
1002	134	2000
21963	8	3201
2999	134	3333
23417	134	24197
10404	131	8404
7633	134	21120
4196	124	5000
6880	92	3575
366	41	6719
4057	79	24542
3591	134	10308
3630	92	2215
8677	134	6639
22210	134	4883
1689	134	1928
25045	84	9350
21110	134	21771
6871	134	7151
21298	134	8387
2826	134	3273
24766	9	10215
1532	134	6287
8441	84	24763
2057	134	6317
21619	134	1286
1676	134	713
5631	134	5146
10440	134	4859
21449	84	7397
24096	129	23634
22599	84	7011
1467	84	9427
5480	99	21094
24855	134	8920
6228	9	3434
23868	92	2000
8511	79	3032
6458	25	22344
8265	134	7781
5156	134	6639
25121	134	8835
8319	134	443
4081	134	10136
25003	134	3223
21923	134	1576
3258	134	3786
3344	157	23524
7698	134	23441
5525	123	22688
9230	107	22274
7035	134	3534
23526	134	713
25319	110	9859
23583	134	679
5827	134	24908
1081	84	3959
3904	84	3959
2868	134	23089
1865	134	1618
1842	92	8297
23460	84	22601
1554	134	585
24087	134	22230
21654	134	3691
7659	84	2685
5544	79	25285
1787	47	22601
24038	134	23295
1265	92	4299
23524	116	22980
8852	134	6462
1776	139	7984
7114	134	8920
5567	23	23860
1250	92	5950
24218	134	23831
6540	134	585
6123	20	10126
6264	84	3959
5255	92	1911
5477	84	3626
10208	84	3636
24597	202	22601
21777	134	5735
2501	134	23578
6107	134	585
1823	134	8297
8932	99	3533
1273	107	7397
4591	84	3959
2197	84	5158
8168	107	8380
2412	134	9957
1877	84	4381
3056	134	2410
23772	134	8687
1391	146	24049
1974	134	502
21293	134	23607
5118	107	1401
22759	134	3691
6119	134	8828
4799	123	2628
6397	134	8488
335	185	8308
6872	92	5383
8047	92	24908
10090	166	2371
3481	134	3223
23567	134	25138
21553	70	21650
25007	99	24931
21779	109	24364
7529	84	2371
22341	134	24387
23500	9	10328
22062	134	24624
7581	43	7396
9365	134	9061
1581	134	6
3157	200	21224
5833	84	232
9468	110	4642
410	112	25071
6381	154	5468
24420	139	2054
22849	134	24816
8570	79	5170
5352	134	22449
22752	134	95
23290	134	23578
1887	134	21318
970	134	5197
24874	134	6639
732	134	9532
2715	134	585
2444	92	7570
3955	189	2917
5967	202	4958
6286	84	9748
9032	134	2320
8123	92	713
7563	134	5244
7471	82	2923
1759	134	21655
312	146	6601
21322	134	4917
24810	134	3180
2731	52	21235
22067	92	6800
5583	134	9669
10428	134	25277
5000	24	21388
25189	107	23389
9897	134	10074
696	134	21650
10086	134	21356
4	9	6321
23948	84	22980
24899	134	5888
5211	134	5244
9069	134	5197
1042	134	2970
3576	134	10491
21335	134	1774
4494	134	8226
23655	21	23542
8021	84	1496
5417	134	2000
6701	24	10372
9180	134	1365
24966	134	23089
200	134	5197
21945	52	1966
7660	134	21039
10181	129	24317
5204	134	2458
9891	23	9748
2840	65	4854
9793	84	4020
4893	193	3857
22527	12	22636
3504	107	3636
505	134	504
2857	92	4035
4979	134	23380
8599	134	24989
542	134	7862
2263	52	22601
4639	134	2000
22392	178	25245
9655	84	1904
21610	99	4158
21231	92	2162
9971	107	22405
9451	134	4680
3332	68	9879
3411	129	3344
21639	84	23463
6929	134	3432
9811	134	22407
6411	107	23701
2981	139	22854
10342	24	21510
1533	134	4680
3416	92	1797
9770	84	2915
9958	89	25069
1287	134	22791
2029	134	3432
6497	134	5273
21214	134	2572
25365	92	21940
6907	84	4158
4014	84	9748
25444	84	1496
23311	23	7742
10006	134	5640
8142	129	758
299	134	25222
2484	134	24179
22287	134	23747
1253	84	23860
3606	24	24527
8164	134	21039
2666	84	21986
4911	110	22714
4729	41	21383
5692	24	4257
878	134	3965
22311	134	432
5703	153	22344
22532	134	6860
1626	84	25311
10202	134	23344
22117	134	9219
24085	134	5244
25002	98	3636
4508	51	924
515	134	6392
4002	171	23101
383	157	9021
9053	134	9578
25014	92	2970
10343	92	644
2867	134	6287
8198	92	7862
10374	129	9363
3563	134	25106
22421	134	1928
6257	134	4076
22029	107	1496
21100	134	1311
1057	79	7214
23722	107	5671
7447	134	4680
5526	134	7604
5780	124	8507
6108	134	4339
24288	134	3198
21035	124	3820
23256	134	24071
322	134	23394
1070	92	22235
9303	85	22354
3132	92	22407
8305	134	1605
23553	134	7862
1312	134	23344
7716	84	10166
24983	134	4734
24435	134	2970
10344	134	2970
21165	134	8965
10192	134	4807
28	134	443
8869	134	21650
24074	134	4950
9174	124	8605
21831	84	22274
5517	134	22407
25063	107	7397
23086	92	2149
7582	92	23261
1512	84	4158
22769	134	1928
21953	92	5224
22257	134	24431
22726	84	958
7476	134	24624
25152	134	9532
24878	92	1150
645	25	9748
5680	109	23701
1340	79	701
8181	134	9532
1772	134	22407
1790	134	24356
9987	92	5244
4448	134	3872
7668	134	10308
5150	166	23950
1776	110	7984
7215	134	24115
4574	146	7465
726	134	8746
9202	134	24819
605	134	6814
24813	134	9719
21082	134	7135
3118	84	5671
3878	43	4651
25308	134	9522
8597	134	5932
21351	84	107
9738	52	22601
400	123	23219
21063	134	6814
1881	164	21468
9848	24	1119
8888	24	369
23481	134	9219
8253	134	9786
22168	134	4807
809	134	2215
570	134	24826
5654	134	23047
5161	21	4816
22274	73	25131
5257	134	3284
23720	205	21986
22926	134	7781
23914	134	4299
24415	134	23419
9387	134	2778
5649	99	399
7569	134	679
7384	92	4133
2447	79	2079
9714	92	8139
1828	134	2621
4929	134	1928
3907	134	2621
24313	92	9340
1817	134	9838
8064	134	9786
3747	23	9748
4313	134	1664
5721	98	3636
1958	134	24387
3938	107	23463
546	134	23831
4387	134	5735
759	134	6814
3734	134	22583
23353	79	4038
24875	84	7753
7238	43	3936
23660	134	95
4699	107	2917
5402	134	5383
9358	134	9369
1301	84	9748
2648	134	3958
1872	84	1904
8365	110	826
22501	134	8077
21843	142	10249
4679	107	22980
21138	134	5950
24815	134	1605
23396	134	7151
21776	134	22309
25368	134	3965
3527	134	22059
1383	134	8953
2994	134	21767
42	42	5
21473	134	5212
4595	142	24237
5488	12	1794
22766	24	10100
1995	134	7135
9918	134	10074
22189	134	6639
5032	134	4197
8460	134	3965
6941	84	961
6552	92	1664
21176	43	6599
22337	124	22008
25077	134	6814
22001	134	585
23272	134	2000
1128	84	3959
4163	92	5068
23399	134	1928
6882	134	2544
4709	134	22230
3416	134	1744
761	134	22234
6697	92	6860
1010	107	24402
7518	134	7682
4373	31	5330
22101	92	6639
21740	205	1401
982	134	9385
5598	134	585
21649	31	8382
9135	9	21090
21431	134	25138
4186	134	5068
7386	134	8139
2771	79	4814
25485	84	4875
23938	134	10282
8825	134	22407
8504	84	10166
3573	134	1774
22109	134	5648
24896	134	22525
7689	134	5992
7403	134	6324
23944	84	7140
21204	31	23401
9144	139	8371
23594	134	4734
9798	166	7996
2899	84	1079
3611	23	1401
9792	107	2371
8395	134	6114
2344	134	8297
23074	84	4956
147	134	25487
8554	41	5412
5109	142	8737
8166	146	22012
6690	87	24882
3620	134	9786
22262	205	22554
586	134	21489
2769	84	23524
6865	84	4354
3066	161	2938
30	71	1889
10370	166	21641
950	92	2776
6794	134	6814
10337	92	1278
4832	80	2050
10438	134	3180
21352	134	10074
6329	134	9063
21400	134	5590
24189	24	22065
2609	89	7493
22292	134	21655
4177	134	9790
1322	134	9669
2610	187	22509
8780	84	9748
546	134	9719
24031	164	6454
9630	139	8371
2877	134	2000
22548	84	24402
25423	134	10491
23290	134	584
1707	134	7817
1386	84	2371
5787	134	9236
10441	134	7604
8612	193	23494
22481	124	3027
21975	84	4365
2327	84	23463
24089	134	8399
5130	134	8387
4244	92	10136
4403	107	23953
855	134	7325
3298	134	7682
24538	134	8226
6060	138	7397
3420	84	2371
23283	84	6185
7913	129	3006
5917	84	7397
5897	134	10109
3978	134	6114
1320	84	6185
8086	31	7126
4993	134	7624
9348	166	21641
22467	134	63
79	31	6671
5834	134	2357
7216	134	22461
1006	166	2088
10431	134	2736
6619	134	2320
2784	134	8226
2738	75	6039
21345	84	7407
6336	92	22583
3794	134	3994
25349	92	2320
3813	92	7717
21732	84	7458
3519	123	22304
23487	134	9532
21528	84	5675
22200	70	5888
7403	134	23607
6638	134	24826
5426	134	1286
21737	134	4578
1710	84	8380
21555	131	21324
23581	134	23179
4163	134	21655
4361	134	8431
9947	134	504
6719	36	2440
1371	134	3372
23356	92	585
22467	134	22583
9850	134	5197
2585	107	7397
9005	134	5888
7367	52	1401
5798	185	5974
2576	134	24381
1957	134	25110
10257	134	8431
6425	92	23261
6804	181	23439
4340	134	10371
24564	92	3372
7853	134	22447
8820	84	3959
767	134	2000
24427	34	764
9052	134	2970
2621	166	6157
6519	134	4734
9804	134	4422
2728	134	22461
6710	134	8828
4024	92	4680
7028	134	1278
4732	134	9789
24434	134	3281
8272	134	679
3358	129	22854
24899	134	5244
8821	84	23463
3327	24	5655
4182	146	9045
7980	134	1664
9383	134	2621
9696	146	5118
25233	166	1108
6160	134	2876
10454	123	24638
6528	134	1605
7703	143	22823
5837	134	22407
4228	128	8013
22504	134	1311
2454	34	764
3995	84	8384
21600	129	22854
3433	134	1743
3006	139	9131
21443	12	1508
25241	134	5888
1601	134	9719
8960	134	23047
1101	12	2132
24466	134	7604
8347	134	23131
4489	134	9798
6375	134	786
2004	134	7325
7288	84	7453
24992	166	6185
4475	84	24723
5096	79	5623
23955	185	37
23477	134	25192
21043	134	6226
22636	12	1794
2482	134	23380
24984	134	3872
23540	134	4422
8599	134	1278
2907	134	9389
266	98	4158
23836	84	2685
21635	134	2970
23525	134	22235
6701	67	4956
6763	134	7536
10095	134	1037
21810	134	142
1830	134	21848
362	202	3381
25139	134	4111
7024	121	22746
5382	61	917
114	115	8506
7632	79	3914
3960	134	21489
10039	92	7151
23727	84	3626
7751	202	4020
7103	23	3626
8879	134	8965
7668	84	10166
8454	52	22601
5978	92	22057
2602	158	5420
6098	134	2608
2443	134	2000
4613	139	21212
22462	43	23663
9185	25	25112
861	123	5774
6115	124	8353
3978	92	6114
6310	134	22059
23938	134	9609
24440	134	21692
7202	25	5848
1967	134	10136
21960	84	1054
23147	129	1560
23804	134	2288
4651	43	212
24303	134	3273
21042	134	6860
3842	134	23680
23218	84	5671
10366	84	7140
25316	23	21235
24846	84	2685
1672	24	9976
22189	134	2000
24290	134	1911
4473	25	8512
5801	102	23115
743	134	7300
5082	134	22234
9805	92	10109
1009	134	3223
8181	134	22474
25169	84	4956
4148	52	2323
6161	134	6814
9296	112	9847
8891	134	25287
25151	23	22601
9899	89	8910
9495	92	10136
6554	84	24402
9077	134	21520
560	134	23500
8155	134	24826
8942	92	2322
826	65	4102
9264	134	3786
5596	92	8387
24446	107	23950
25264	134	10430
650	134	22458
1972	134	4133
2240	134	24356
6143	110	2549
24622	181	2454
7370	134	23486
5857	134	7604
7731	107	296
5226	84	9748
6552	92	2428
1699	134	3575
3110	101	24713
839	92	4111
3899	89	2209
6397	134	21908
23289	62	8846
2139	134	8387
4531	134	10136
23382	134	21120
9519	134	4299
10436	134	4133
4660	92	5244
1143	134	22230
21464	134	4417
4103	134	23266
1734	172	7286
4305	84	7397
4919	134	4271
24284	134	4528
5028	123	9009
21238	134	25233
9249	134	679
9426	134	8042
5676	134	9719
5731	21	5427
21733	134	25487
7006	110	3785
5527	134	152
4528	166	4166
6296	161	25213
3306	84	3959
22964	134	5224
1109	134	4111
7416	84	2685
9938	134	7717
8248	92	7536
7662	134	95
8918	134	8106
2420	134	21039
6097	84	5671
672	84	1496
21053	134	5065
24756	134	2346
23617	134	23831
7661	134	95
24062	107	7143
25021	134	9847
1854	184	6512
6891	134	8244
7927	134	8748
7651	134	5273
23760	107	3636
25261	134	25222
5706	92	2215
23457	92	3958
9564	134	6639
23523	112	1587
2000	9	21864
7430	161	1232
5652	134	7536
24695	31	22457
21976	51	24082
23092	84	1401
21768	134	432
10234	134	7570
21180	134	3408
594	84	3959
21302	134	8431
21539	9	7060
22015	134	7604
7634	134	25138
5762	151	9667
7697	84	1401
6001	41	5412
23843	134	3372
1369	84	1401
1554	134	2199
7617	134	6324
21014	84	4158
1934	134	1272
21208	92	10308
9535	43	23308
7670	103	5436
1067	92	8488
2417	84	8084
21245	24	24189
5618	134	2608
21825	90	1244
24884	134	9135
23985	84	4048
5091	84	7397
2142	11	23036
7524	134	9952
429	92	2995
1039	134	2572
7689	134	3691
24627	92	3198
3368	134	25222
8571	99	5418
3539	124	10243
24438	166	4354
23943	134	9532
2122	100	24977
784	27	9748
4212	38	8802
2267	92	8139
23178	166	5671
1447	134	25222
6636	11	23915
9422	134	7536
22364	107	4956
5916	84	23463
6564	84	7742
6258	107	4158
3363	134	3776
7114	92	25287
23086	134	1365
1397	23	4634
795	134	5224
1991	9	1793
2641	134	3534
897	134	4575
8414	89	2979
3683	134	585
8420	166	4158
528	164	21235
8389	134	5845
1407	134	486
5779	134	1705
22593	92	3273
6688	134	5244
2932	89	756
3506	134	3958
3886	97	4667
3350	134	5888
6245	75	2738
6930	84	24633
9526	23	1297
4654	23	296
10499	164	21235
22182	84	4365
4560	92	22683
8933	84	24402
10332	129	8365
22612	134	21120
6909	84	23463
4358	84	3626
494	134	1991
25326	134	504
2020	166	1956
9630	110	22144
8716	134	5648
2912	107	296
25078	41	8082
23908	134	2000
22433	51	3610
8028	107	7753
4922	164	2596
9390	134	22234
10436	134	9389
4021	134	9798
9543	79	8128
1412	134	8139
7385	84	3626
21123	134	3343
2970	9	1345
25465	129	7890
4134	79	25147
10338	5	3610
2695	134	22461
24650	107	1401
8375	84	23990
4774	134	10136
8122	134	21496
921	121	2738
2345	84	23990
10300	110	22492
8560	107	3959
1763	84	1639
5563	134	3180
1600	79	8539
22421	134	23765
21887	134	2876
9745	79	521
23820	134	9838
3698	134	679
24081	134	22584
3812	134	1117
1547	98	9748
7515	84	24530
25287	166	1363
22895	134	21964
5959	134	21039
7061	84	23371
7327	84	7314
8575	134	8106
2067	134	1928
1781	134	10051
9289	67	4634
21485	79	2430
5505	134	7135
25076	134	584
22289	129	22967
25243	134	502
260	134	2022
2813	79	4405
23102	79	962
22927	134	152
3307	134	25138
8963	134	24387
9651	84	5436
8742	90	21826
3191	38	8551
22728	185	4304
23594	134	5932
2474	167	2088
4211	134	9135
547	134	8488
3475	134	9065
21296	134	7536
9555	134	4606
5985	129	8910
23482	134	22390
24849	43	1295
22784	79	25127
657	134	2778
5274	98	3636
21248	134	24819
1212	134	8965
9271	79	7049
6530	92	106
21839	134	25287
7036	134	21796
4138	123	324
4876	134	6860
2477	134	3965
5763	23	3543
3566	134	4734
8533	134	21356
5149	134	21854
9600	134	9790
5476	84	24436
22048	134	8360
23215	134	2736
7734	134	2995
2391	84	4158
23340	92	22235
22384	23	5675
5675	153	5848
3939	163	7871
25361	134	1256
6059	134	22059
7368	134	9176
8433	79	25379
4714	131	21615
25235	134	22407
9137	89	23632
8407	79	1847
6396	92	21356
8256	134	5074
5645	134	2736
21438	25	3383
9610	107	6185
407	51	4924
3001	84	9748
9554	43	856
7827	134	5244
10319	139	22643
6291	134	1576
9698	99	2202
128	129	9144
3300	97	2244
1565	134	2621
25299	43	22691
9995	134	3958
270	134	6324
7185	92	6960
25416	30	9679
22127	84	6915
10039	92	2544
23720	24	9700
24906	134	9063
1341	103	4754
9426	134	5888
10144	75	127
10326	134	2559
22182	24	10369
22621	134	5212
21663	92	3281
9187	134	1217
1370	107	9748
208	157	3636
24080	92	1278
2418	134	4111
23896	134	5578
23244	134	6745
9161	173	8539
6781	134	2995
25134	25	7999
8243	23	7397
5630	134	8488
22513	134	9798
23772	134	3007
2955	159	2955
5426	92	25190
21654	134	23607
3363	92	3776
4998	134	5769
22513	134	5888
7158	24	21721
22789	134	21039
3323	139	4911
4985	134	379
3557	134	1537
9935	89	8448
10136	9	23903
25319	139	9279
9751	134	9790
467	134	21039
24205	84	10166
6411	79	6718
24665	134	24826
9978	25	2225
10317	134	24590
21800	158	24608
1352	164	4754
24891	134	1576
1570	79	9976
4654	82	22405
21086	55	1054
21395	134	7125
6282	123	22512
6665	84	2685
6293	155	2579
9725	134	1928
4290	134	22245
4702	134	4992
22619	84	2739
2492	134	2000
8664	47	23990
2643	134	7568
21090	92	24989
23183	84	22575
9095	134	8387
10026	134	5212
25299	129	997
84	92	3965
8188	134	95
2560	134	4992
21564	99	23990
22343	92	584
5611	84	1079
22343	107	23860
818	84	1004
25231	134	10136
1554	134	3776
7059	166	23463
10154	134	24570
2247	134	5224
7764	99	7143
4655	134	2736
25383	84	25131
9622	43	24788
24100	134	2012
2701	18	8384
23171	134	6114
8610	25	8006
9245	134	1576
844	23	1401
6740	134	2000
6686	153	8512
2318	92	7134
9912	134	9532
22068	134	8226
1747	24	21642
7533	134	7570
5141	134	4528
7118	124	5692
23833	134	24634
4682	123	1909
23936	134	3372
2848	146	22772
22573	134	9615
6345	99	3626
4991	134	1991
21204	23	3543
7792	84	24364
3784	134	3460
208	117	22024
3793	134	3208
23453	134	21570
1974	134	4807
1270	164	2371
1375	107	4634
2887	24	23254
23097	134	186
5568	92	9061
4201	142	22320
21650	166	21553
6782	134	2608
1471	134	23344
2416	20	4920
3550	134	4578
22376	21	4736
1828	134	180
9060	11	2839
21016	92	9065
22072	134	5648
23018	134	5735
2874	134	5954
2445	202	22980
8430	22	7568
7864	107	23463
21552	185	1438
299	134	23765
7303	134	6639
6452	92	10108
25443	161	22847
958	25	8475
9797	134	1928
8658	134	2876
644	9	3805
8074	134	21539
8319	134	3372
24888	134	24352
8955	134	22059
5568	134	4299
8162	79	4996
99	134	4157
7963	151	125
2573	84	23990
6283	134	24826
6930	134	8835
22066	131	21482
4849	84	6185
23985	134	5197
10373	134	8399
1351	84	21641
4437	134	1576
5387	134	3180
25121	92	25192
22701	107	1054
23017	134	4807
9198	79	25455
8990	134	4859
2542	23	23950
21467	84	2668
1727	107	21458
4135	84	3959
7938	43	21475
4517	98	9121
7357	107	1401
9116	142	23774
22247	134	3372
24588	134	22059
5257	134	7862
21189	134	4271
2696	134	5735
23627	134	9838
2430	84	7753
9485	24	3613
2984	134	22230
5468	84	4365
24513	134	5888
23673	134	5065
24314	134	4282
2854	24	2150
187	134	24819
9460	20	4920
22077	134	4417
24216	84	1401
4427	134	24590
8486	92	24826
1720	134	5932
4496	166	699
21157	134	9063
3778	84	23541
5321	134	8297
2424	134	9176
1163	92	8965
1903	169	33
24964	134	10325
4773	134	2778
23995	134	5074
21216	134	3572
25013	134	502
8191	98	3636
4307	134	22235
6523	134	23578
2226	68	7397
8874	134	21692
4269	134	2215
297	134	23089
6722	84	6185
7250	134	1664
5688	134	8965
5653	134	4248
1668	134	24590
9614	84	4594
8069	134	22490
5759	134	3876
3294	92	5845
23227	134	8139
6322	84	3959
6039	75	2738
5926	84	7397
9005	92	1576
3257	124	3279
9206	142	22460
2101	166	2739
7091	107	1054
234	107	1054
22656	134	5068
8129	134	7054
4234	134	9790
3108	134	21655
24312	99	1966
814	24	4877
21812	134	4282
10157	92	6289
3394	84	6311
3714	134	21570
7813	134	23486
8772	134	8828
2140	134	24819
22067	92	443
9618	134	10109
8558	134	21039
10209	89	7576
6855	161	2128
1934	134	6374
3032	41	10213
1165	84	1401
23682	84	3959
21157	134	1272
571	134	5735
5168	129	5102
7352	79	21721
21455	134	23179
24643	107	4443
4899	134	1576
6358	84	6406
23351	134	9838
23224	134	7492
10226	134	25222
8993	23	8708
22811	24	9877
24748	134	21039
5982	134	4133
5167	134	1286
9287	84	107
7270	134	5770
8721	134	9385
23482	84	6185
7312	134	1311
2499	134	5136
25263	134	3958
3016	134	7325
4497	134	292
6787	107	8380
1	92	8835
3150	31	5191
24210	134	8226
1153	134	4606
7962	54	9137
22438	31	3962
7619	43	23428
7121	79	24012
4249	92	21122
24218	134	23259
3039	134	21944
24092	134	6226
5773	84	39
3957	110	8829
2486	134	2288
8328	24	3347
22963	92	5244
2943	134	2162
21756	134	9492
5966	134	6960
533	134	9065
22097	84	3636
1055	134	4680
6927	134	2428
21448	51	4924
23021	134	6114
22364	79	89
429	134	4125
702	134	22390
1755	139	7160
4370	107	24817
2738	75	21594
9984	84	2917
6028	134	292
1595	134	3180
21452	134	21912
8029	84	7507
2835	134	24356
8867	79	8726
24025	27	7397
22997	134	25138
23507	84	4365
24486	134	7536
8609	23	1138
1470	134	7726
8522	84	23950
7157	8	10456
4306	107	10166
21461	134	7568
22093	183	24315
8054	134	21356
21446	23	7397
23898	84	22601
242	92	22830
8451	84	6185
5937	134	3372
538	134	3273
1379	25	25112
9782	205	9879
3615	84	9479
8075	92	21655
10049	134	2162
22681	92	5888
1546	92	63
6180	134	182
1629	84	6185
10366	134	4606
24576	134	9065
8458	24	8917
1472	134	8226
2599	134	7726
23964	27	8999
4920	23	22601
4301	84	5671
759	134	22525
4103	134	23578
25301	134	8340
4359	79	8104
25054	84	8380
4569	168	3393
4330	24	3327
22045	109	24364
23531	134	22340
10476	134	6020
23263	134	4133
3682	134	1991
8548	134	3786
21011	134	6287
9368	134	5136
10091	84	23463
4936	89	997
2773	134	5224
5679	134	8297
3175	134	22461
21596	134	10242
5066	134	7604
7443	134	24473
5232	134	3513
22063	92	7831
5858	79	6038
1180	84	1401
22479	134	1311
8826	134	7781
634	134	4734
10328	134	9063
7986	84	4048
2626	79	1340
8796	134	2346
24213	134	7852
24698	134	5992
9507	107	1104
8525	134	22407
2301	84	4956
22148	67	23463
5395	99	5671
6847	92	1718
3417	90	773
7555	92	7604
5026	130	23990
7540	134	7819
22890	22	6745
7601	134	2000
10272	92	24431
4503	134	2800
22967	139	9131
7029	92	5154
4789	134	1150
25226	110	6955
1210	134	2346
9020	6	21836
23470	134	23084
22771	134	3786
24730	123	24398
3831	134	23680
10174	92	9786
8200	84	8062
23977	134	2572
21173	134	22584
8584	134	24881
3220	41	6719
21014	134	21496
22934	92	21039
7746	134	10140
5425	134	6324
1759	134	22059
4577	134	1576
21878	123	2188
2890	110	2852
397	134	2320
24149	134	3786
24939	134	21469
8209	79	2381
3395	134	2995
733	84	1401
1283	134	23344
4378	134	2320
22782	84	23463
2616	134	443
24520	134	6867
10212	84	2371
22488	134	4
1143	84	3626
4790	134	21570
23838	134	5845
879	134	5244
6460	17	5187
8533	134	9065
64	134	7536
5616	84	2917
3320	134	1605
4878	92	4734
6081	99	23860
25160	178	189
23185	84	699
24938	92	7717
5196	92	6324
25049	178	25245
21079	79	24172
4905	112	5871
6798	134	216
5137	92	1931
24326	134	3281
8674	134	8965
4836	24	10121
6134	134	8920
3399	92	9790
4286	84	6185
22682	164	2739
7192	164	22575
189	23	2371
110	134	21195
5439	84	21073
8568	134	21519
1633	92	216
10459	84	2371
4356	98	3636
7261	134	6958
23735	134	24185
2009	134	379
9245	92	1911
21834	84	1401
6360	134	6807
7570	9	6519
916	134	9798
9160	134	21
8309	92	9061
25195	79	3347
25296	142	8202
3412	84	21071
21042	92	5871
9048	134	1744
21155	134	8655
9833	134	2410
25243	84	23463
24313	92	6228
1505	134	21570
6605	92	9719
6896	205	296
5172	134	2203
24039	92	6814
9040	153	5848
3575	9	6433
9092	134	3466
24545	21	6169
5361	139	330
25070	67	7397
7379	134	2458
6236	134	5273
10445	79	23551
5680	109	24723
3616	84	22601
3036	92	21944
24969	23	1904
3035	134	25138
8291	134	5992
24318	84	6185
8894	79	6080
825	166	24364
8939	52	1401
7140	153	8006
2238	139	1597
22296	134	22474
8891	134	8297
8864	134	9719
10044	92	2876
25494	134	5770
25099	134	4111
6303	134	9532
21542	92	10308
10209	129	7464
4638	79	8914
22110	92	21796
2597	11	21291
6816	134	9385
5221	134	644
7433	134	7296
150	84	6185
23865	134	8226
3391	134	24356
7740	79	3189
25267	124	24187
738	84	2371
605	134	9522
1795	134	6228
23649	134	8828
3694	134	4898
21960	134	10308
9162	134	585
25295	134	9719
1482	84	6915
4168	107	9467
7804	20	677
25123	97	24667
23604	92	8071
23907	23	1297
25489	84	6831
2251	99	2917
2728	134	6226
3625	134	23047
3514	134	2621
9983	134	6958
9203	92	2322
5098	134	10282
3920	134	5224
185	52	5671
9280	134	21039
7761	107	10166
2137	191	6406
9670	84	296
25166	134	5954
7549	79	22042
5314	92	3281
9421	134	486
9295	84	23990
1055	84	5671
5216	18	1363
8160	139	6607
1194	166	4158
4586	134	25192
3659	112	7862
24342	134	10136
6485	155	2579
2011	107	1054
23649	134	9065
8528	134	3273
9049	134	21469
28	134	5578
21776	134	3958
7660	134	24826
4660	107	9748
23904	84	7397
6178	121	22823
22247	134	24381
1029	134	23831
5094	124	24994
4980	134	2000
7100	134	6324
6570	84	24436
682	134	9471
8255	107	1496
8396	79	742
23844	134	6814
8372	43	4653
5467	134	23500
23367	134	2778
1816	134	25106
6535	134	4111
24023	134	95
4624	134	2778
25018	47	22601
5269	107	22405
2418	134	22461
22017	92	3965
9843	134	2995
25339	92	23084
1514	92	9532
7080	134	6860
2824	134	7326
4131	134	1186
10460	134	5065
24574	134	10136
21322	134	2809
21064	193	22794
2499	84	6157
407	143	22746
4840	22	5950
213	92	4896
3770	9	3265
23685	99	4634
6932	61	8944
4522	134	3958
23874	79	8537
1909	89	8910
24481	89	3690
4535	134	23486
25001	134	142
10258	90	21836
24434	134	21692
21276	124	5627
2033	84	7397
7126	23	3543
2526	161	7491
25335	84	2371
24470	84	3959
7203	89	9013
7502	134	2215
4581	92	5244
23412	182	4944
23335	134	7585
21885	134	9065
24885	134	23111
9	134	24185
8638	23	7138
2496	92	2608
7162	134	22474
9318	134	24431
4531	134	22584
2945	134	7326
24704	134	22490
662	134	7135
4912	134	2970
3808	134	23280
3736	134	8106
2961	107	10166
2371	16	2371
6439	134	9061
5896	135	8295
5410	24	24239
25139	134	8965
3318	134	4680
1387	99	9748
1892	134	24624
755	107	24402
6662	134	23047
924	75	24988
23440	134	10474
8114	92	7536
1241	134	21039
6653	134	9928
9919	134	8297
2377	166	6243
4727	84	23463
22433	25	9722
24635	134	9532
22222	134	2000
10425	134	7296
25237	100	282
1247	134	3513
29	134	6958
5691	134	6405
10007	107	24664
22542	134	6226
1562	84	2371
9198	24	1218
5552	134	21268
4717	134	24819
697	134	9719
2098	84	6185
23150	134	230
6998	134	9669
8576	124	3278
1616	129	23632
422	92	9719
2463	134	8965
5791	84	39
21396	84	23950
8302	161	8252
24134	107	8380
2815	110	8371
885	31	1799
114	84	9748
8646	134	7604
24913	158	21326
9638	134	5735
5148	134	23913
4816	161	7427
701	131	3579
3735	134	9385
23985	134	3041
3543	25	5848
5465	134	10051
23876	121	7703
21632	134	21650
1259	134	3872
25013	134	3701
2626	41	701
8923	134	7492
22962	134	3273
4644	79	2126
21894	85	8527
23228	84	23562
7951	134	24826
24376	23	1401
9812	134	25495
9306	134	10051
2793	84	7140
22139	153	2764
1058	92	4282
21035	124	928
25161	84	23463
4112	134	6324
23921	84	7507
2870	134	22449
8516	99	22601
6253	134	23344
21851	134	766
24793	134	8920
22247	134	3575
9292	41	8128
6376	134	22407
21905	134	9385
21818	92	10430
2370	84	23463
21542	84	1054
6961	164	7138
25205	134	21318
4577	134	24356
5674	84	3959
23082	92	8226
22499	24	8588
1053	134	3575
10119	134	8828
3049	134	5423
5820	23	6185
22246	92	22490
21298	134	10140
127	5	6179
6072	134	21912
4478	84	1401
3676	92	2458
21093	92	4111
9342	107	24723
4417	166	22405
2794	134	24590
9244	134	8431
971	84	2685
6720	134	7054
6475	84	3959
23964	27	7397
22397	134	8431
9222	125	8999
25162	134	1744
7225	191	3543
24965	166	24364
23458	107	7463
4165	134	5590
5965	123	2390
9106	134	9219
23703	134	22972
555	99	1401
878	107	24402
8365	110	23632
278	134	10430
7328	134	25390
22454	92	5932
4273	134	95
25161	134	6374
24222	134	24197
9203	134	1417
2994	134	7781
23927	134	4320
1712	134	3460
8943	92	230
765	43	7625
23950	25	6416
8855	109	2917
24644	139	3966
22372	134	6324
3805	134	6226
24732	134	22340
7415	134	2776
4202	84	9993
8795	25	22344
7086	134	9219
21157	134	10136
24855	134	568
9490	24	23984
3573	134	2410
10070	134	4950
6460	102	2983
22541	134	7570
4327	123	22261
1095	146	9079
5254	134	7492
9503	134	24634
9288	134	5992
22117	134	7819
3185	84	3636
1253	84	3202
9647	134	25244
22804	134	8399
21716	134	2000
22130	134	23298
466	123	9512
6436	92	5888
2517	134	7862
24644	100	3096
1616	123	4501
1882	110	3268
23666	107	7397
10423	134	24356
25045	134	2995
5033	107	3543
5315	134	25495
2895	43	25227
7895	84	1401
3252	134	1743
2240	134	8494
4596	134	21570
23511	134	2776
3714	84	1108
576	134	8828
4304	53	23533
25279	92	22229
4421	84	24817
23711	92	3372
23113	134	22683
4547	134	9176
2373	92	6228
1510	134	1605
4487	134	1827
1474	92	21848
4092	134	1743
23541	178	6469
24461	134	5383
5077	129	22665
24197	166	1051
21555	84	24723
8201	57	9749
21237	84	23463
10239	134	5383
3361	142	23281
5317	134	1272
1220	134	152
5598	84	7011
10244	22	5995
22871	107	1400
4907	18	6185
4222	84	2685
21695	84	7397
2522	134	1705
6945	134	3872
3213	134	25495
23768	134	5244
25395	95	9748
24595	40	24595
1340	107	1401
7002	134	2608
481	134	10051
3494	89	24960
7697	134	5971
155	134	10072
8097	146	25440
22256	84	6185
3699	134	8042
8896	23	22601
6006	202	1401
8807	84	9083
1600	24	24190
24511	134	2428
22874	134	8965
1671	84	1401
5608	134	432
21043	134	9669
346	18	22139
4096	21	3555
24261	134	1664
22523	92	182
7418	107	24817
21639	134	6324
3106	134	24702
3860	134	24448
23155	134	1286
9508	134	10051
24256	134	2995
23868	92	7604
24579	24	22499
6303	134	5971
6298	40	3091
22555	134	21572
7009	84	2685
6386	134	22474
24087	134	3208
6192	134	8494
4477	134	22461
2380	134	443
1599	134	2000
5420	51	4924
4187	134	5932
6367	23	2371
3399	92	9719
8326	134	584
23834	134	22474
7521	146	24921
21834	92	5992
338	134	5845
269	134	568
4634	153	5171
145	134	8071
24889	84	2371
8909	166	21499
6848	84	6185
7008	84	2371
5167	84	4956
9508	134	22830
24341	92	7135
4673	12	764
23346	134	3872
9353	134	3958
25490	84	4634
23293	79	7236
5140	134	95
8280	134	9135
9429	134	6814
23125	134	22584
21659	84	1138
1728	138	2371
6054	123	5399
22104	92	5954
4072	134	21650
24429	134	3786
2802	4	9467
5830	92	10108
3067	12	1794
2857	92	8399
7755	134	3372
24857	134	9790
2610	107	22757
24670	84	23990
6312	84	5703
21731	134	24908
21696	134	152
6051	92	3180
22632	92	4282
4780	134	5224
1395	151	3045
21553	99	2917
10321	79	22430
3275	134	6226
8147	134	2346
7333	134	5735
9701	134	7604
23279	134	24408
4031	134	3958
23664	134	6814
32	92	5845
7788	134	3460
9744	84	3959
21680	24	21537
21704	134	6324
22061	92	95
4379	134	23913
9015	92	21912
22381	134	6958
21273	134	1537
4494	134	3372
24829	134	5590
3898	134	6374
24789	205	22929
706	84	3959
4512	107	5671
6710	134	1311
23605	112	23344
1668	92	432
8802	31	4212
10023	134	23380
10322	134	1365
23907	23	2371
5283	134	2203
23745	134	6958
384	191	22405
25308	134	8828
6439	84	22601
9984	134	2544
24041	187	4607
10345	134	2346
7049	24	9271
490	134	4133
21404	89	24552
3874	110	5361
1914	173	9501
3153	84	1017
8876	134	22525
22581	134	504
22169	134	766
4822	92	3575
9399	134	25222
2947	18	1054
9268	84	10255
9962	205	1858
21961	134	23266
21499	25	4126
21376	92	1718
2655	23	6185
6426	146	22254
6559	84	22601
25157	134	10022
7199	124	3015
5985	89	8910
4290	134	24999
22954	135	22601
6929	84	2685
10170	134	2608
21027	134	22775
4573	67	1138
9881	202	22980
8823	92	24681
21349	134	766
7245	142	8002
4175	134	7781
8999	25	2451
7184	134	10055
2093	134	22686
8956	134	10051
2822	134	24356
6886	134	22830
3360	134	3776
5315	134	23486
22007	92	23344
2351	134	3432
5881	121	22823
8550	134	23913
957	205	8384
3577	134	23047
7213	88	3626
4588	84	8551
339	134	2410
2174	134	8488
22646	92	3162
9366	134	23913
23883	24	8701
5894	18	22792
9745	107	961
3032	41	8740
3086	134	3958
978	134	6289
1867	52	1401
5269	92	6324
47	134	9669
402	134	5224
10292	84	1108
22457	46	925
21020	134	7296
23712	134	585
10332	43	9109
22841	134	5769
3500	89	9250
23780	26	9816
23423	166	21499
7569	134	5244
9182	92	22584
7892	84	4158
2901	134	7726
3460	166	21679
6799	134	21520
25206	107	10307
23851	134	7585
25163	92	1774
7145	9	21026
9958	123	992
4408	23	23860
22360	84	3959
2271	134	25277
2256	84	24600
9353	92	4271
7700	134	9669
4520	134	8297
23124	134	9532
7265	134	9786
22669	84	10166
9983	134	24448
23976	134	7326
4193	134	3432
21864	134	7536
2510	134	5735
3175	134	22234
8563	79	7398
5228	70	10136
9572	134	2621
6411	24	6718
9690	134	2995
23758	134	21284
21007	134	1744
8756	134	3965
5310	84	2371
1566	134	25192
2280	5	8413
3276	134	7325
25020	116	21843
22252	134	3958
22399	23	1401
7680	164	7458
812	134	95
24889	107	2371
9536	134	1372
10179	161	24526
6182	134	22753
23064	84	9350
7007	134	7054
7455	134	23266
24896	134	9065
24217	92	24352
8195	134	23578
9759	134	24060
299	134	1605
6093	84	1401
6102	89	2209
9961	77	6044
4374	134	7831
9832	134	2320
21259	134	1576
9587	134	21650
9591	134	1576
5831	134	1537
9695	5	5890
9309	131	210
4859	9	6318
6286	134	5423
2906	134	1441
25072	166	6012
5122	23	296
23092	134	3958
9983	134	7135
21788	22	3460
4731	107	3636
9249	134	21162
5624	92	8920
25051	134	142
5649	99	2685
5228	99	9748
2901	134	9609
25045	134	21144
23638	24	5288
21087	134	9065
25449	134	10430
23552	21	3704
22968	134	766
23620	84	23463
22634	134	9061
9631	11	24024
1362	134	95
1391	146	1561
21256	134	21496
6409	134	22584
2430	24	21485
9048	134	7604
21117	21	23262
22527	136	2132
361	134	3198
4834	205	25232
4064	84	22817
22593	134	24796
21255	85	530
21685	84	296
4995	134	22525
2761	84	23860
3291	134	5954
3032	41	1570
4269	84	25311
2883	134	5769
25052	134	1605
1057	131	10364
7213	88	2917
21382	134	63
5048	134	25110
8247	84	9748
9284	158	7544
550	99	4158
3475	92	6814
6543	134	568
9791	134	6381
23079	9	8557
23699	134	21940
7190	134	7682
7531	84	21499
3904	134	4417
22506	24	4605
22369	134	2428
21411	134	22340
22953	134	585
5515	134	7135
23343	52	1401
7188	134	22234
21533	92	10308
8104	131	8404
8347	84	23463
8354	134	5770
10404	41	1340
23565	134	3786
9793	67	6454
1238	92	10136
21810	84	7314
3554	184	21251
3561	134	22779
4270	84	23463
24634	166	1400
22094	92	22059
16	134	3273
21057	134	9532
1948	18	9748
7407	23	1697
3476	134	502
24189	79	1419
1321	134	585
24722	134	7554
5379	134	24908
24024	84	2923
21663	92	95
2024	134	585
24333	164	5107
1732	134	4992
992	129	25069
2732	134	8226
22601	113	6538
597	107	1054
7479	23	22601
7936	134	24590
23349	134	24448
3839	134	9063
25272	134	8488
22964	134	292
10435	134	22235
217	134	22230
8329	92	9669
25354	134	21570
5651	134	6994
5458	84	10166
2939	134	6226
21577	67	10166
3464	24	3321
5070	134	8077
22052	23	7397
2159	185	8484
22436	134	2069
22968	134	6114
23544	202	1401
695	134	22830
9745	24	1672
545	134	9615
23558	43	9852
1028	92	9719
4313	134	4133
7849	134	25233
7039	134	1928
23199	134	22869
3794	134	21570
5508	89	2979
8419	25	9224
3450	92	25487
21715	134	2778
6217	74	8844
8304	129	8910
21668	92	2162
9092	84	961
5631	134	8494
21778	134	25222
9514	134	9532
3983	105	3983
6199	84	9748
23406	134	24063
9557	134	24624
7396	43	4298
4058	134	3958
5169	22	8360
8326	134	9063
3212	134	5954
4505	134	7135
22776	134	142
1900	31	3157
21077	134	1605
8878	107	3626
3557	134	2621
24468	21	1526
8866	134	25138
6098	134	8226
6521	166	9350
21606	43	9840
7330	84	3746
23548	134	8431
9808	52	6185
1696	134	23831
785	134	23831
21689	89	24146
2975	134	4299
7456	84	7397
4239	134	3074
3057	134	4133
7014	134	4734
22050	92	2446
58	84	3636
22480	134	1744
23477	134	5695
22951	134	6814
9225	84	3626
1078	134	21469
8515	202	1297
7770	166	7397
480	84	7397
21415	134	21120
6729	134	22860
3335	134	8207
1567	134	8297
3732	134	5954
4438	134	8340
1327	134	3343
9527	31	21775
25004	134	8310
5357	134	6860
23677	134	3776
3663	107	3018
23024	25	25112
2915	23	4634
5254	134	3965
8502	134	4189
21944	9	7470
14	134	585
129	51	24082
4505	134	7604
23147	17	1560
1314	84	21556
22537	134	9522
23134	6	8764
24119	134	2736
1992	107	1104
23803	134	9135
24652	84	23463
21521	84	1401
1042	84	7140
7859	134	23913
23258	107	1051
5071	84	3636
5532	84	24436
7092	134	21974
6699	24	5350
4912	134	2000
21154	134	5561
22197	134	24918
6063	84	1401
7633	134	25050
8654	134	8748
1576	154	2381
5668	21	25325
7333	134	4734
2847	187	1821
4272	134	8828
5656	84	24364
3555	24	4713
24803	134	6324
3465	134	7536
10476	84	2371
479	89	25114
8496	107	1496
3194	41	3526
3006	139	756
25129	134	25390
23869	134	21655
1139	134	3872
2545	134	3575
24939	84	296
22383	134	23295
21654	134	6
635	156	219
831	84	1401
9711	134	23111
4244	92	8728
2156	84	22601
24399	134	5648
5238	134	4189
9661	134	2876
24343	134	9790
21947	38	7311
22956	165	2244
23160	134	432
7223	134	24409
8559	84	961
24776	24	24012
3812	134	1286
23146	134	2410
24191	134	2320
4831	84	4048
24261	134	10090
10189	134	4578
23857	124	7847
4515	92	9065
21394	134	4035
6011	123	8816
22670	134	1417
9773	70	4964
6599	89	8829
4400	84	10166
21798	178	25245
8992	134	22583
9052	84	9748
22470	134	3432
920	134	4282
6360	134	152
1654	134	21356
22008	161	25103
1694	18	7397
5242	84	3626
1860	23	8050
1703	134	5845
24010	134	8965
24109	84	1401
8259	134	22753
5258	84	4754
8126	134	8139
23199	134	230
3625	134	22234
9693	134	4111
7029	107	9748
5046	134	585
25180	11	175
23490	134	2876
4041	134	22830
6066	134	8310
3229	92	23765
730	107	3830
21898	25	6961
366	24	8220
22005	134	4111
3291	134	5074
21880	92	9065
539	185	21224
2374	134	2457
8685	134	23259
1719	107	4634
8432	67	3626
2472	124	10381
5058	134	24624
826	157	2283
1316	134	3513
6120	134	10308
24434	84	7397
5172	134	7862
2449	134	21912
57	134	24814
1967	134	24356
22243	134	7717
24082	75	10158
4418	99	24364
2219	92	25138
6937	84	6311
2597	171	938
232	23	9748
9178	142	5634
3864	165	24212
9225	172	3626
8463	31	10123
3792	28	9334
23196	134	502
6025	134	6994
6375	134	8431
9494	124	3820
25310	134	6289
9683	134	9786
4127	134	6639
4822	134	3372
1032	164	1401
23543	134	1928
21447	124	6675
22215	134	8207
22542	134	23913
3760	134	23578
24349	84	2371
4168	24	7616
22314	134	3958
8905	123	1843
25083	84	1401
24525	142	23572
21687	79	6944
7978	98	3636
5344	92	2215
5501	134	4111
9893	134	3572
2753	134	9385
8234	134	4282
4489	134	5932
22062	134	5735
23736	134	10136
22735	43	3877
9780	164	8295
24906	134	3223
25153	134	5735
23044	134	1252
22628	89	2209
9978	25	1032
1938	142	1655
22119	134	3575
2851	134	6814
24709	124	3463
754	134	3958
23251	107	1138
154	92	9063
5442	134	23913
22964	134	7536
23331	134	3273
2797	134	23607
22220	134	8399
567	79	24286
25008	84	3959
7658	84	24763
8069	134	10474
10372	24	25341
7418	24	10176
24634	166	7753
3381	25	7397
21830	134	9615
9544	134	4896
7497	134	5845
1663	84	25311
7119	129	2332
5521	92	5244
6040	92	23261
24510	92	2000
22103	134	10136
9292	131	781
25165	124	24500
8190	134	21655
8277	134	7781
1384	134	5224
23057	134	2020
6996	134	1286
4180	129	7493
8362	134	9219
2700	134	3180
24986	134	8520
23898	134	8635
22718	134	9615
6389	89	2209
7310	134	4680
1998	134	1605
1091	84	1363
2559	166	23520
21581	43	3053
23705	134	4125
8696	38	1050
24193	134	6226
10219	134	2876
8191	123	22228
1663	134	24590
23391	92	2000
22376	21	5362
5956	134	24352
3923	107	1906
21817	134	23344
23987	24	22393
181	134	8226
1011	84	25185
8075	92	22461
25368	134	24989
324	123	2136
726	134	3372
24644	110	3966
1049	134	8297
9923	134	22059
21518	134	1311
25117	134	6324
23536	134	7717
7473	134	21570
22449	166	6731
6577	43	2756
2519	134	1311
9040	25	8006
1446	134	6807
232	178	25245
877	125	6749
2841	84	2917
6752	84	10166
22990	107	4956
2829	123	3951
8443	84	22601
22917	107	1363
22568	134	7604
5959	84	2685
9689	134	10022
4147	134	10022
3118	134	21539
9107	134	6289
6357	134	2410
3579	41	8404
9516	134	3223
9848	205	1401
6525	134	2776
5655	124	8302
1934	134	502
6493	84	2917
10135	134	7135
4300	84	9350
6173	22	6228
21416	110	2852
4283	134	22474
2145	134	3372
5256	134	25222
22214	92	9669
24789	163	5730
21553	99	3626
7309	134	22235
10076	84	296
5697	134	22869
3171	134	9719
22063	134	679
3355	134	21944
9905	84	6915
7271	134	3432
2781	134	9719
22664	43	22039
1740	84	1004
8326	84	9748
24848	9	23682
23017	84	3959
5047	107	961
7321	92	9786
24293	134	23578
21377	100	23979
21555	131	1249
3263	134	8488
9573	134	22407
7091	23	10166
7126	31	8086
25395	84	296
1762	134	7135
23708	31	24099
21866	84	6915
3453	134	8488
10097	134	2621
4092	134	10474
768	134	502
6531	92	24499
7042	186	21094
5568	134	9061
7158	161	23641
23933	134	8297
2577	134	2608
767	134	585
5430	89	2209
6755	134	9790
6485	84	1054
6223	134	8244
1007	134	22584
795	134	5888
5363	124	24097
23817	134	6958
4789	92	7296
3576	134	23118
5865	27	2668
9598	134	1743
74	134	24448
22654	84	3543
9037	134	24101
6135	134	5578
3262	134	23539
1077	92	4111
24587	134	8207
5515	134	22566
2871	107	107
3678	134	713
8435	134	8226
23896	134	5695
21862	99	4158
887	134	1186
3416	84	1401
9755	134	2020
7306	84	24227
23564	79	1119
24763	23	9639
21459	134	21570
6036	129	3655
9251	107	1051
24375	23	1401
23277	134	8965
2392	92	25192
300	134	25222
1213	41	6719
6582	202	22601
5496	202	1138
615	134	2530
3964	134	9669
6579	164	958
22943	23	23463
3541	52	1401
8605	84	23846
5756	134	22235
7754	134	9385
8370	108	1681
5770	9	6592
24829	134	6639
4630	134	23539
8380	153	7286
3946	24	6553
22510	134	23719
3437	79	7506
4450	124	23827
10303	84	23463
6971	134	6228
21169	134	21520
4492	134	10090
536	134	5954
2794	134	7151
5003	134	443
1933	84	7377
1360	134	23831
3237	89	7493
2370	134	6324
3796	134	23765
24089	134	10282
3278	79	8576
6852	193	9873
4637	98	3636
6773	110	24977
732	134	1911
6758	84	1401
666	31	1332
21342	61	22813
2374	134	2956
24985	129	7493
9706	107	4158
9677	43	21682
24465	134	23765
6011	89	3246
948	134	4606
8371	100	2815
6969	84	9074
6444	92	8297
4058	92	9615
8148	134	10136
8581	134	9061
21897	134	8125
24392	134	8078
1958	134	3872
22150	134	8488
7945	107	4158
5901	23	1401
6719	131	2440
24877	84	7397
5766	205	1401
7547	134	24352
22287	134	1928
3399	134	22407
2818	84	4158
579	84	1496
5328	151	2112
9598	134	22235
22590	107	3626
2124	205	9748
22161	134	25233
7750	134	5212
2108	134	152
3417	11	4901
9657	134	5735
5361	110	330
2379	43	8501
2456	84	5073
7272	134	3776
22031	84	4594
759	134	23047
6135	134	3180
24737	205	24931
3223	9	3456
23706	134	4807
21969	84	22601
21488	84	3626
3753	31	5696
25362	134	1576
7565	134	1774
24351	134	9798
24355	134	21120
1545	123	473
9085	92	5244
7798	134	9219
8557	84	9479
21922	129	2332
5059	134	22034
22528	84	1108
2813	67	8708
4953	84	1401
3245	24	6299
21491	134	3513
24831	134	21912
10106	191	23785
4526	92	3965
21370	164	7143
25458	84	2917
1039	92	2572
25309	134	22057
24225	79	7346
9940	134	8431
1919	134	22490
21464	134	9389
2264	134	5695
4852	202	9380
24279	134	10136
2127	84	23463
5170	107	4634
59	134	7852
23837	24	23535
2158	134	8297
24359	92	5244
733	134	10022
23081	92	95
124	134	8431
10032	92	1991
24098	134	2736
2783	92	21508
2636	134	1774
9292	131	21651
864	134	3432
5606	84	7314
1884	134	21570
9672	84	9466
8303	134	9719
8163	134	9615
6566	92	21854
10006	92	25487
8594	67	22980
6110	84	2328
9965	134	766
3965	9	8460
486	166	2917
1031	134	8139
6029	134	3958
2255	134	9798
7041	51	2625
22221	202	23389
1116	107	22601
7729	84	3626
7577	134	23047
4013	89	25114
9624	134	22830
6563	134	9798
5312	134	6374
24253	84	2685
21468	25	6961
22457	46	273
4547	134	3872
23447	134	8226
23738	134	21508
5011	134	3534
10298	134	4133
2176	127	24309
22364	124	5112
1668	84	2917
22960	24	23890
23059	200	21224
5121	84	3791
9189	84	9350
6735	134	4528
6844	84	3959
348	134	2005
4849	107	4634
2471	134	23831
7948	134	8139
23499	139	23299
23376	129	23744
1304	134	25222
3397	134	25050
8534	205	9748
23544	185	10281
25183	181	4115
22120	134	3965
21378	134	21570
10477	134	22230
22690	84	1496
5775	134	10136
7015	92	2995
25027	11	2716
24243	123	8501
2826	134	21039
24706	134	25495
1927	84	1904
9846	67	7314
8095	134	2000
6455	129	1244
22433	25	9397
1552	99	7397
21703	107	3636
1761	84	8380
784	27	21499
23050	134	1576
21384	166	1496
5636	89	2209
7261	134	2876
1038	84	23463
23964	27	7143
25030	134	22461
726	134	713
953	135	1170
5449	157	4158
3695	117	25114
6395	134	2000
21509	84	7507
4283	134	766
1543	139	311
4669	84	9748
4529	205	24755
8747	59	2983
1046	134	22461
1420	92	3348
4541	84	7397
4996	79	2395
24535	92	21854
4388	134	21572
21233	79	7513
6741	21	23278
9001	134	22230
7205	134	1911
21153	134	22057
10328	134	23500
22112	84	1363
7910	134	9236
5301	84	22139
9941	134	25190
4114	134	504
3518	79	2447
7786	134	7785
23171	134	6228
1477	84	1401
7345	134	4133
10248	134	2288
24334	84	1496
5232	134	8125
2680	134	3223
7784	84	23463
7483	92	25277
2488	84	1401
1735	161	6018
7182	123	161
23148	134	398
23109	134	8953
24278	58	5298
8720	134	21039
1842	134	10136
3229	92	5244
4264	134	2020
4231	134	2995
4415	134	2320
5448	134	3965
3988	134	4133
6858	92	2458
6640	134	10430
23227	134	21195
21769	23	7377
2494	134	8244
23450	134	23765
102	134	3872
4906	84	2371
24326	134	2320
1866	134	7135
21584	134	9669
2137	191	9113
9962	24	22070
144	134	7604
24299	134	23831
7951	134	3223
436	134	7399
22610	134	95
286	124	6400
24123	12	1794
5061	134	22235
1696	84	1108
8940	134	2428
7489	134	443
24779	38	7732
4710	134	6374
3256	134	22234
25360	92	25277
23950	73	3605
5376	89	2852
10352	134	2876
25055	84	9748
7075	134	531
4844	89	8371
4598	129	4642
8040	107	3636
21565	25	3383
24761	172	24402
23322	134	9669
10222	43	9788
5307	123	22218
22293	134	24992
3399	84	21132
2645	134	9952
23239	134	7624
231	134	5212
1312	134	24624
2160	84	3636
5099	129	25242
5264	92	24590
24906	134	8387
1445	164	6366
5540	134	22234
817	92	8431
2803	134	4992
889	134	21655
21625	134	4299
2667	79	4678
8329	92	9061
2626	41	2918
836	75	4924
22714	157	3636
6803	25	6961
4891	134	9522
24221	84	232
7359	134	6324
24731	134	2544
2669	134	21655
10248	84	23860
5266	134	22461
22118	134	2572
9111	107	3636
5973	129	7109
2444	134	23047
3601	134	24826
24162	79	6752
893	92	1743
9084	134	5992
3890	134	63
496	134	5770
6098	134	1311
2195	134	6255
7561	31	25089
23658	134	23913
23576	25	1032
1961	134	10055
9370	134	4896
340	134	1311
4564	84	2371
7636	25	528
1924	134	7781
7621	134	25277
9096	41	9292
7915	134	398
2406	134	21912
2675	134	7152
21791	84	23860
23080	134	10109
7171	134	4606
4488	134	10308
22668	79	25498
8877	24	5890
24723	25	8006
22967	84	21556
22732	84	10166
8596	83	24315
7351	84	3636
8800	84	2371
4154	134	4320
25306	134	1441
5783	134	2621
21296	134	2320
4048	23	9479
7606	134	9532
5014	134	21520
24869	151	156
1288	89	8910
24648	134	5423
24304	134	1744
5329	134	1417
21675	134	3372
21381	92	3575
6431	134	22972
25499	23	9879
5857	134	24826
1397	23	8380
9268	134	7682
904	134	2162
5305	98	3636
3058	107	3636
1176	123	10209
23868	134	9790
5853	134	3575
8688	129	3344
114	107	22288
24218	134	2621
2918	79	1213
21254	134	21570
6261	70	22166
22704	134	2022
24329	134	8748
21668	92	21746
24142	134	9253
7908	134	24197
6929	84	6311
1014	134	5770
21660	134	21268
880	134	21944
2919	205	7198
24119	134	22830
8719	24	21665
23688	79	25329
9497	84	22980
3850	84	9748
6747	134	3599
2333	146	5593
7000	83	7000
22284	134	24816
4031	134	23084
21643	92	1234
23966	23	296
7018	134	25138
4055	134	10430
24149	134	6324
4249	134	22230
5929	134	22461
9868	134	4496
3339	134	22830
22748	129	6812
7963	129	125
2103	134	2320
9454	134	23578
4825	134	8297
7100	134	502
2365	153	3383
8309	92	6289
7334	134	6994
22539	9	24803
8784	134	9340
10350	107	10166
7023	134	23500
3635	23	3626
935	134	25192
5098	134	379
22962	134	22584
7214	24	1057
22769	134	766
1285	134	8139
2399	134	22235
1220	134	3872
8729	134	4422
7763	107	9748
22833	205	1138
24722	134	22860
24128	52	22601
22508	202	22980
3380	92	63
857	84	7011
24299	134	531
9683	134	10109
2230	92	21572
7767	151	7903
3926	84	107
7854	84	9233
2225	164	8050
4914	84	24402
25081	92	182
4046	38	1917
4552	92	3572
9767	92	2322
31	82	8551
515	134	6860
9692	134	4248
8196	84	2371
7229	134	3074
6024	123	24243
2064	43	7057
3328	134	3180
23758	134	3958
2392	134	7399
698	84	1496
1065	84	4158
1358	134	5590
729	134	3965
9886	134	2020
25109	131	5808
22919	24	2296
24132	84	6311
1157	107	2917
5895	134	9669
22350	134	1928
9587	134	9219
1901	84	5977
24032	134	25110
22440	134	10308
4904	84	9479
10192	84	3959
6900	46	9915
8152	84	4158
23291	92	1234
23267	134	3180
2755	134	8226
8063	134	3691
23174	134	4331
1036	124	24795
7040	38	22569
4510	134	2778
23153	134	10308
5271	99	23990
21199	52	1401
21289	134	22447
7802	134	5735
22400	84	23463
6418	67	3543
5860	134	6392
6785	43	5533
4558	134	23111
6268	134	22781
6028	134	1278
576	134	24819
24307	84	10166
7622	134	22407
22914	134	7325
21174	92	1928
179	134	21469
24946	142	6737
6065	134	432
2132	84	1054
10129	107	9748
21340	134	5888
5565	25	5848
22654	24	3777
21623	123	10420
5549	84	8627
2580	134	23568
6626	134	21523
9461	134	8828
4578	9	2111
3692	134	8965
8821	134	6374
10428	134	24819
23625	134	4992
10048	134	23831
6314	134	23280
7204	92	2970
3888	12	1794
22625	134	23380
4985	92	2020
2473	134	2000
10015	92	23047
21381	92	21356
22313	107	2917
6134	134	10430
25268	134	1576
9222	185	7748
9306	134	443
2971	84	5671
7940	84	7397
788	79	3454
8867	24	1746
23527	99	23860
2738	75	5744
442	166	9748
7252	134	9669
7616	79	4168
689	129	22466
5312	134	3180
22928	43	24854
7402	146	7683
9163	134	7438
22271	134	2428
5730	112	22055
7509	124	2698
1492	134	5227
4473	25	9722
4565	134	568
4713	84	2113
6058	134	25110
645	171	3331
4098	134	6800
4776	134	8728
8846	23	1401
3271	84	1401
2331	134	22057
3861	98	22792
21669	134	1928
5608	134	21940
24189	79	24189
3486	134	8387
21760	124	1225
22008	24	3216
2313	134	8431
9587	84	2917
21901	92	2410
9891	97	3507
24381	166	83
5689	92	5074
4041	84	4594
22856	134	8139
1725	134	3575
24805	134	24881
271	134	7604
5780	84	6185
8511	107	961
21379	92	8042
6258	134	9615
23366	84	9629
2903	134	2428
9747	166	22601
22752	134	9615
9533	134	7781
2332	139	21212
5610	134	22059
6184	84	24402
5623	24	5096
7549	79	3210
23706	92	2544
8121	134	4575
25175	107	1401
3631	134	2203
7348	134	22584
7357	134	9615
24400	11	9102
21419	84	23463
5100	134	2458
3172	99	9466
21834	92	7604
6067	134	5770
7969	134	22059
7	134	22234
5451	134	24356
23321	84	1400
7538	84	6185
4839	134	8748
8871	134	25192
6588	107	21986
9281	134	24499
23282	134	292
2675	134	21120
1119	205	1401
3079	134	1928
4051	84	3170
22468	92	1743
7864	57	24943
24342	134	25138
23623	134	7682
7261	134	8297
8253	134	23486
24988	5	924
8126	134	3198
6240	166	4158
789	11	1560
8507	103	6185
3320	134	1991
166	134	584
6815	134	10136
687	134	9838
7818	99	296
24697	141	22345
7436	134	22234
22472	21	2563
2947	23	22980
6176	134	24431
2493	134	8687
4584	134	21650
22966	38	3909
21473	134	24881
21421	134	9532
22025	84	24723
21609	134	3180
7575	84	1108
9423	84	2685
1657	84	4048
23060	134	23380
8981	107	4634
23162	134	9786
5980	84	5565
10342	84	23389
3448	84	23950
141	185	2159
5267	134	2970
7915	134	25277
8122	134	4
10184	107	3626
6853	202	7143
23457	107	1401
3622	134	5971
9921	92	95
9650	21	6018
6419	84	4381
6567	129	21467
5862	124	7503
21080	134	8297
7121	41	9309
8821	134	1217
21320	134	4282
10085	121	2397
25459	92	3958
6419	134	10282
6375	84	22601
4953	134	2000
8830	134	9952
9010	84	1401
701	41	2440
3429	38	10115
2437	134	2876
24982	134	22059
23687	134	4293
223	129	7593
922	84	71
4660	92	2970
22801	134	7296
24858	134	7135
23282	134	9952
6665	107	2685
25371	134	21572
9868	134	7781
3865	134	24826
5055	134	1311
5024	84	1108
2393	84	22601
3194	79	3768
3561	84	1650
958	25	24350
2661	24	1344
24371	23	24364
24322	134	3372
21905	134	8655
1464	164	890
5691	84	3605
24118	134	24826
6448	134	25495
3778	134	10430
8450	134	5735
22565	134	4992
3134	84	5703
21120	9	6280
24214	134	8340
10422	134	24387
22225	134	21692
3579	41	8104
397	134	3343
9480	134	5561
51	134	4606
4638	107	7458
8740	41	9976
7663	84	2685
2340	205	24931
4269	134	24499
24618	84	23950
591	134	7536
6313	107	22405
5002	84	1258
5161	21	5131
2386	134	9615
23936	134	5888
24638	43	10454
9360	84	2739
9956	134	21572
25283	134	24071
4088	172	22274
2318	92	9061
7679	134	8244
3190	134	22059
5270	134	439
2157	134	5888
4081	92	2876
2793	134	5590
3997	134	7054
1934	134	7585
6614	134	6374
22063	134	21039
7396	117	25114
8131	79	8217
9275	110	13
2499	134	439
25356	84	25160
4303	134	8488
25021	134	25277
2184	46	21844
9521	92	23344
21468	153	8006
4166	23	22601
25207	134	1743
2305	134	23578
4786	134	21274
2275	103	646
21864	92	2000
6285	23	22601
8166	151	3045
7251	123	6596
7815	134	22869
6834	134	3994
6664	129	22144
6634	134	22057
8620	84	23389
25282	134	25110
2332	139	1597
23644	134	5932
1337	84	2371
3199	146	3637
7601	134	24570
23100	23	24364
6934	134	22235
3153	134	9786
5682	134	8920
2614	146	1225
23086	92	230
2765	134	24381
7101	151	8717
6442	166	1593
4229	9	2394
6736	134	1286
2362	134	7151
7797	134	9952
5678	134	25487
23355	142	23165
235	92	5950
6039	5	3610
21999	134	3965
3940	134	1311
24369	84	3626
24229	134	21692
23945	98	9583
1572	84	24364
1662	134	24999
5090	24	6159
5861	186	10255
25246	24	23996
5811	134	5770
6873	134	7325
8818	134	5845
24537	134	6020
8480	134	7438
24630	134	2465
6928	107	1054
23812	107	1401
22960	79	21098
3941	129	1435
22795	79	22509
21343	134	24819
25481	92	786
280	134	9492
7358	134	4441
10496	107	2917
4681	134	9790
21217	107	23463
24321	31	24633
5596	92	21854
557	124	8157
25475	31	2248
2729	161	4493
1937	134	8494
22848	134	2843
3612	134	9556
7070	134	9532
23959	134	21496
2141	92	21274
2583	92	2876
8518	134	9385
3366	92	9952
24389	134	24570
1282	84	1496
22015	134	1576
9608	146	6824
3865	92	10109
21023	84	9748
6689	67	9748
24249	134	4606
7234	134	8387
1713	134	9790
6984	92	4992
1818	92	6289
24089	134	568
5344	92	5507
10214	84	23463
4720	92	24115
245	134	10051
23749	17	2839
7651	134	230
4677	134	1234
24334	134	21384
19	134	2584
23348	67	3543
5366	134	9928
21888	134	9719
4062	134	8244
21302	134	22461
2852	107	3626
2181	134	21041
4438	92	23261
9434	134	1286
6535	134	22057
22158	92	5770
7360	134	2320
6590	109	7143
9018	134	6442
10235	107	3959
7869	134	1217
9537	84	3626
23579	107	8380
1967	134	22910
1668	92	9219
25058	53	7567
7049	124	2729
3584	84	8062
24502	117	22024
7033	41	1523
7181	134	5244
22537	134	2778
5209	134	22803
9824	134	8042
21608	134	21572
7691	134	8687
8103	92	6226
1768	134	24826
2420	134	1576
10373	84	9629
4010	84	4200
7483	134	106
22142	191	22980
3318	134	24819
944	134	9369
23237	22	22779
3818	92	5871
4377	134	5244
7206	134	21523
9232	134	7781
883	134	8635
2768	67	10166
24741	84	25311
7312	134	25495
8178	134	2876
9772	134	10136
8140	48	8140
8275	134	22474
1509	134	5695
24098	92	2970
24949	92	23084
4801	134	3281
5237	84	24817
3805	134	2288
829	134	2572
24875	134	8835
5198	79	8353
22955	98	22601
2753	134	4422
3108	134	6228
2200	134	8965
1227	134	24381
24439	79	6895
3974	92	9798
25149	134	398
24566	134	10282
6828	84	3626
6233	27	1904
7909	92	24624
21062	43	2064
22288	23	9748
8453	134	22407
8956	92	5724
7689	134	8488
24232	134	6
3296	84	24723
24812	25	22344
4717	134	3786
8929	134	22235
9427	153	8006
674	134	2282
2312	84	22405
21792	134	2465
6383	84	23811
3423	134	22461
22939	134	2000
4253	79	5325
702	84	6185
10487	84	4956
23562	25	6961
2879	134	21508
2360	134	95
22434	134	9457
9559	134	24624
6765	134	8042
2484	134	9838
21535	84	1079
23816	107	10255
10354	84	1904
4915	134	6228
5536	98	3636
25040	134	9471
8732	92	21964
22004	107	10094
5780	107	1401
2055	134	2000
4588	18	8551
3000	84	2371
24283	92	2778
4386	134	5845
6815	134	9385
9049	134	3180
22846	43	2435
7410	134	3572
10181	89	24317
6588	84	3636
595	84	23463
4060	43	8470
10306	134	5224
7795	134	8920
2872	112	5845
3109	21	9891
9904	134	6960
25186	84	1496
5745	134	7717
6254	92	3372
10245	92	9671
946	134	23624
24164	123	23003
5022	84	3959
21617	117	22024
9445	134	21912
4656	51	4924
6072	134	1417
2278	134	9798
1001	107	1054
6320	134	95
10290	134	9532
2857	84	5671
5343	185	23438
5375	84	1401
2242	134	23765
25440	107	1079
3121	129	22898
1581	134	7325
10311	92	9798
5698	123	5057
22346	67	24402
3986	134	23913
22210	134	1931
3502	134	21120
23511	134	6374
6308	134	585
7115	134	2621
5479	134	22059
8082	131	25078
2480	205	9748
4847	84	4634
5453	84	22601
23619	107	1108
3923	24	24172
21185	124	4816
23221	134	22583
21481	134	9615
23907	202	2371
9158	134	24115
25061	107	9350
6341	134	7134
3858	134	22461
10429	134	3958
2156	134	22059
491	134	25110
9	84	4158
5778	23	961
22215	134	24101
6147	43	21271
3256	134	180
5573	134	1664
21006	107	7397
4675	107	1054
22733	23	296
22470	84	2685
22180	134	6860
2262	134	1744
22268	134	95
22613	61	3409
22936	82	25160
1341	107	1051
22656	92	5068
25400	89	8365
8033	92	7134
9644	134	2320
10141	134	23913
9219	166	3626
23971	134	5212
8240	134	5244
6035	84	3626
7432	109	22405
22427	134	585
3189	79	24225
24832	107	4956
21270	129	1882
4670	134	24356
24078	129	4901
9321	134	9747
21348	84	9350
641	92	6226
24787	134	443
6819	24	24251
22610	84	21132
4315	134	25487
9399	134	6324
8671	92	4479
21780	202	22980
4172	134	23831
3901	157	296
21546	134	3776
6701	107	1496
21905	84	7397
10076	134	6778
4901	110	22198
24872	134	21854
23649	134	9522
25253	202	21898
25376	24	7616
8208	43	2881
10161	134	3273
24314	134	21796
1767	134	10136
22923	134	25110
9501	79	22889
9506	134	21692
24935	84	71
9817	134	5648
4847	18	4634
6931	134	23380
1663	134	25192
21533	134	10308
22173	89	7493
6141	84	1054
4245	89	2549
21919	110	9859
5335	23	23990
6674	129	25114
25203	134	22972
7428	134	9790
4842	134	9952
3548	117	22642
25369	164	9879
7084	134	24387
6403	84	1054
10280	107	9748
9284	58	4171
6270	134	3273
2254	79	23014
6480	84	5671
8532	182	2340
3512	134	2346
6834	134	25277
9923	134	1256
6803	113	9680
22514	107	1496
8479	134	4680
9518	134	2162
8358	92	644
22051	143	22823
24579	79	9501
10164	134	3994
8580	202	22980
6201	134	9532
8944	52	1401
24827	205	2552
8433	161	3923
1282	134	1664
3374	134	8965
9030	123	23989
24903	134	23486
24378	134	6255
22670	134	24499
24968	134	3281
6346	129	5588
3218	67	3626
21928	92	8244
2472	79	4675
3563	134	23131
1168	134	7536
23275	134	2410
4235	134	8728
3173	134	24211
24953	134	25495
6230	11	24024
24100	92	216
4315	84	9748
1569	134	23831
631	84	1054
24304	134	9669
2612	134	504
5004	99	4634
7294	107	25156
5787	84	22139
3300	107	22274
8056	134	7717
24282	142	458
2533	43	22242
3941	98	9748
10	107	7143
2267	84	1904
481	134	10371
1122	24	7907
5551	134	8748
22594	134	5224
4284	134	5212
25079	134	7568
9257	134	22235
6257	134	2000
9645	134	23344
23563	107	5669
863	97	23655
2232	43	22748
25337	84	9748
23848	134	21284
25178	92	6228
4997	124	25215
4238	84	8062
2708	134	2346
22521	134	2322
1915	23	23990
1893	24	2983
2505	110	4642
8662	134	4299
25175	92	7604
9538	134	24826
22404	186	3636
22897	134	23380
122	134	4111
21911	134	2970
1267	84	24227
6084	84	9350
4442	134	4992
2121	84	35
24843	134	22461
23861	182	6222
3046	202	21235
7621	84	23375
4276	40	22703
25299	89	997
22190	134	95
21924	134	22234
5869	134	2369
7623	134	9522
8645	134	2322
6712	23	4634
7983	84	24723
24013	99	21235
23809	134	6324
8918	134	25106
8948	84	1402
10131	84	10166
8787	134	6374
5076	134	6374
7549	124	25127
3460	166	23860
9346	92	23179
3802	134	24624
23358	124	21842
22389	134	2149
10456	77	7157
8344	134	22057
9095	134	4680
662	134	10136
4925	98	1401
2836	124	5199
3662	134	2322
4982	134	2458
23340	134	6521
5053	134	95
3395	134	24992
23015	92	9719
22663	24	21386
2678	92	2621
441	23	22601
23368	134	4282
6273	134	7831
9242	92	9385
10219	92	22458
6870	157	3636
22830	166	4594
3475	134	8226
244	79	24912
795	134	23344
1453	84	24227
8150	92	5423
7141	134	5888
1416	134	3074
1478	134	7325
3168	134	21570
6384	27	7397
25374	134	2465
24692	134	3786
3540	134	23578
21366	51	924
6743	84	22929
8164	134	2809
7844	134	8340
8477	92	2970
3259	43	2628
21883	92	24179
3679	25	1857
25381	134	1931
781	79	1197
7762	107	4033
5244	166	9748
8820	134	8387
4924	5	836
21946	43	501
24511	134	21523
4356	123	1061
1688	134	24826
2999	134	3273
6144	134	1605
2312	134	2020
21558	134	9786
6093	41	2381
6134	134	25233
1623	101	8626
7812	84	21071
25029	134	22525
22333	134	1286
7327	84	24817
24077	89	25114
24884	134	22234
6176	134	22449
2758	134	8965
24870	134	24826
23243	134	10090
8973	134	4575
8582	166	6157
9751	134	9786
2431	134	5068
6267	92	2970
10399	134	10430
9906	134	24409
6796	107	1363
9717	69	9717
7438	166	9154
435	134	22584
6781	134	21523
3016	84	22601
10161	134	22525
25249	41	22528
5160	107	9350
9449	134	1618
2294	202	21235
4924	75	21038
22354	82	1917
8162	124	9728
8628	134	9991
1305	39	2549
9517	134	21796
5773	134	5770
4660	134	2736
2677	134	2778
8448	110	22144
1238	134	23380
8238	84	25049
2902	84	3959
23147	196	1560
9757	134	3088
6916	134	3776
1844	134	7536
10185	134	9385
21002	134	9991
545	92	4992
21494	23	399
22883	79	3834
23540	134	1684
9018	134	23394
2355	134	2970
6871	134	21650
4326	134	8488
23698	134	9786
22897	134	6228
22734	134	25495
22193	107	22929
9523	84	9748
9911	134	8139
6046	79	1591
448	89	9131
5777	134	8226
21419	134	24848
10185	134	22407
3043	139	4557
8640	92	2346
1305	129	24506
6871	134	9219
23105	134	585
21451	79	5404
3823	134	21120
1493	23	2685
4027	67	8708
9256	134	5244
168	42	796
3267	134	6289
21807	134	9135
8760	134	9219
446	134	22057
134	84	10166
24403	43	7537
5807	134	4076
10016	134	1605
9087	124	23935
4494	134	3575
5896	202	8295
21456	79	4459
3828	134	9492
23493	82	10409
23810	134	6462
6528	84	296
25321	134	10136
5030	134	21570
1356	84	3626
24872	134	1744
25017	134	22583
25436	134	7781
24168	31	2537
6397	84	24402
2992	134	6324
4571	134	21039
23989	123	7696
1433	202	8050
1758	135	6712
2482	134	3776
9258	134	8387
22710	107	5241
8739	134	2000
6046	124	8781
1360	84	3959
10402	84	10166
6534	134	8519
3414	134	1278
1202	146	9004
23352	134	22234
25174	41	7612
24124	134	7682
23404	134	5992
4311	134	10074
24582	148	24582
4016	107	71
24831	134	22234
22168	134	1931
5118	84	9466
3514	134	1743
6953	84	10166
2647	134	5065
6056	23	5565
8180	84	25011
1025	84	6311
10065	134	486
22659	134	9061
6293	48	1271
5340	134	5065
4570	43	7863
10175	134	5770
21027	84	23463
2816	134	585
9763	54	507
6523	84	5671
1389	134	2446
2632	134	25110
21541	92	63
1358	92	9522
4521	23	23860
6008	134	3273
648	134	23344
9332	84	2917
8903	92	1286
25250	134	24624
1266	134	3872
24896	134	2778
8166	146	9491
7725	134	24624
9337	84	22288
8725	134	9471
23148	134	3074
5991	90	22198
24478	24	23255
6107	134	21572
2581	20	8215
9134	107	3605
8684	134	21356
22912	134	1286
1255	107	10094
755	172	24402
5839	134	9952
2791	134	2530
3689	134	6958
23255	107	4365
4089	164	22980
819	92	3575
24899	134	3088
24106	84	23860
2755	134	1311
5661	21	24777
8831	134	23259
21498	142	23
9525	52	7397
2477	84	24402
22677	134	3281
21704	134	1991
2535	134	6374
3923	79	8433
7433	134	1272
4464	139	2852
8412	134	24624
2329	134	3965
8240	134	21854
23853	84	2685
4887	134	1576
6801	24	1432
23571	107	1054
3427	67	1138
8393	134	5212
24759	84	2685
22691	43	3040
22862	134	23831
9326	134	8297
652	134	23578
9655	134	24352
9106	134	25192
21361	134	3372
2795	134	8728
6235	185	22508
5653	84	23562
7332	123	3152
7228	134	432
22560	134	22830
3912	134	6442
1110	134	1991
21444	134	5954
1995	134	7585
4915	134	3572
7925	107	1054
1597	139	4642
9628	23	24402
24266	31	10348
21249	142	7990
6293	67	22980
3744	84	961
5576	134	6860
6823	134	21120
1505	134	7325
10181	123	4925
5403	134	2320
3123	21	286
9176	166	5754
7374	92	21572
9736	99	25332
3178	134	8420
21881	134	25487
25452	84	3959
4253	107	6185
7234	134	2970
4167	92	3691
24580	84	22601
10185	134	24408
21616	134	4073
24841	161	2239
1197	131	9292
32	134	2736
25423	92	7819
2083	129	23647
21152	84	9021
6242	134	7399
10086	134	180
3284	166	153
3552	134	23578
22320	31	4201
7690	134	585
23281	31	3361
7818	70	2776
2971	134	8519
9112	134	10282
2440	36	3579
23175	107	25131
3719	134	8387
5217	123	4138
23636	134	9176
24809	134	9952
6275	84	1401
4247	84	6185
2017	134	25287
25333	134	3088
676	161	15
21971	134	10090
10143	89	2852
24833	84	7453
8858	129	1997
3699	134	23047
7487	134	22775
23691	84	2353
23710	134	9369
7150	92	2000
22833	205	2915
23342	134	23344
24718	134	2776
6707	79	5490
21765	134	5423
21665	107	9748
25268	134	23084
1489	129	23634
1608	134	585
8685	134	5068
4105	84	1401
155	134	24881
10161	134	8828
3248	92	24624
5268	52	1401
9175	187	5958
8537	124	23874
9770	134	7054
324	129	2332
9539	134	9928
1837	134	4734
1629	134	230
4363	107	24371
3043	110	6143
6340	134	3273
8548	134	432
24454	134	23486
21863	134	21539
616	134	4205
6787	155	3970
21894	23	6749
23267	134	3691
2665	134	1576
25115	134	2000
9114	134	766
22931	134	2000
6658	205	22980
6305	134	3572
24142	134	24352
9897	92	7604
24119	134	25138
701	41	10404
6757	164	2596
23263	134	4422
1502	134	2970
1011	134	9786
2943	84	24402
21691	134	9719
24653	134	21944
794	84	10166
7223	84	1401
6198	11	4579
7005	134	6226
25134	25	24768
8981	107	1051
3733	107	1401
5943	92	6442
22051	40	813
21007	134	95
8616	134	3333
9093	90	24146
640	107	9466
851	84	5671
1097	134	9457
6416	164	23950
23312	134	10090
3061	134	5561
1292	24	5428
2332	139	24552
24084	11	7903
3796	134	21520
25079	134	1991
25196	202	1138
8187	134	443
6606	151	23036
10492	124	21842
2512	134	8387
7382	134	10022
3309	134	4992
21968	134	8340
85	84	3900
767	84	7140
6044	184	24340
8780	134	21505
2520	84	8841
9770	134	22869
5456	84	1079
23069	134	24766
7495	84	2371
4523	134	10308
5475	134	25138
10187	153	8006
7970	134	1928
24114	134	22059
1504	92	21572
2063	134	6958
2837	163	23107
24808	134	5954
24756	134	24499
7771	23	1401
8869	84	3626
5200	107	8380
3732	134	1576
23693	129	7493
4434	134	21570
5314	134	3281
21984	84	7397
21301	134	22622
7922	134	9928
2630	166	2283
21308	134	25138
3060	134	3965
22828	134	24814
7760	134	8488
459	84	1904
8037	202	22980
7816	134	10074
9918	84	1401
3123	191	24402
6661	134	4045
884	134	21572
21176	123	6142
25466	92	3958
10144	75	924
887	134	8431
5108	84	9467
21200	134	21854
1963	84	9857
5003	92	6860
23391	92	22474
4041	134	23179
3451	134	4157
8236	84	21986
3447	134	6521
22713	134	4575
1920	84	1054
23282	134	5244
752	84	23950
3500	123	4855
1731	92	6521
24004	134	21570
4096	21	8762
4414	107	1401
2165	134	9522
21647	134	25138
2648	134	7604
22975	123	9823
8410	84	1108
6721	24	4336
16	134	9385
4684	143	2397
10119	134	6814
8622	168	3393
5887	107	24518
8971	134	766
2592	107	1400
22944	77	815
3152	123	9939
7681	79	24455
4241	84	8062
7937	134	8828
23739	67	22980
4757	202	7742
2091	134	7325
5151	134	22407
6679	142	9274
9320	31	4691
299	134	1272
25134	25	1032
2399	134	8488
1465	41	2381
25326	134	2736
5757	84	9748
821	134	10308
5928	92	8488
24552	100	23582
7195	92	25487
113	23	1138
21248	134	24197
22705	166	9629
1035	43	1843
10317	134	2203
6908	134	3316
4267	134	5244
4158	113	6977
2821	107	2917
23847	134	23179
23606	99	22980
1813	134	24438
6984	92	95
5687	52	22601
9724	134	2608
23980	134	22235
10285	79	21168
8805	134	22447
8756	134	2410
10405	129	1347
4540	24	9161
9703	134	6324
2235	134	7831
490	134	10090
10189	134	5845
89	124	22364
7597	134	9471
22553	92	152
1606	70	7492
3849	134	6324
7190	134	4422
23313	84	23990
24922	134	1718
7215	134	7536
24810	84	3959
9041	134	3994
7726	166	3959
24812	25	8006
24360	134	5992
508	164	24402
6186	134	3691
6691	134	4133
8190	134	9669
4269	134	8244
23843	134	9385
3321	107	3636
25318	84	22601
25112	164	2685
4868	134	6228
2908	134	6324
8502	84	1051
21571	134	24908
25256	84	4956
9182	92	21854
6108	84	2668
8251	92	24063
5914	134	22910
21117	21	316
24639	134	22407
5489	84	21458
6746	92	21912
9504	134	2288
3026	134	9063
23289	12	1794
22152	134	3575
388	31	4499
6735	134	24179
8227	84	1401
4260	134	21268
24769	123	2922
1620	134	1537
1715	134	5146
9780	164	7742
981	20	3688
7464	110	7576
2865	89	9250
8915	129	24306
21221	134	4734
5332	97	8927
1848	107	8380
826	139	8365
22692	134	21520
5777	134	3223
3239	134	3273
574	92	23831
22717	134	25110
3916	134	23578
2315	134	25050
4061	185	172
23591	134	7536
3690	157	7397
2676	24	3991
10268	134	8226
6045	134	8226
54	134	5770
4984	84	2685
6144	134	9219
5536	6	2209
23747	166	24376
1832	84	8951
24192	134	8226
5076	134	24356
22871	67	1400
5703	25	22344
22302	134	7300
1056	134	8226
647	134	3575
5562	134	22059
425	84	22601
1649	134	7712
1294	134	432
3734	134	21570
6526	79	9403
44	134	3958
922	134	10308
8440	134	4575
5833	134	24819
8705	92	9669
22929	23	5671
9163	134	2876
10494	107	9467
10017	134	7819
3330	134	1928
7348	134	22830
2152	134	9065
23433	23	7143
8761	23	1138
7724	134	504
2990	134	1256
1635	129	21719
10168	84	6089
22111	92	379
6453	134	3691
5867	25	23276
8373	134	2572
21439	134	4045
6419	134	21650
5601	84	8050
1373	129	9250
24350	164	1138
1428	134	1605
1203	92	3776
252	134	5735
8837	84	1054
2187	134	9719
6425	134	23179
9460	61	2416
1563	134	9798
22887	191	6803
1874	24	3467
1620	92	152
2266	107	1400
6465	107	4634
5161	21	3539
8646	134	182
4189	166	2915
8135	202	5107
8056	134	23747
9122	134	24881
6384	27	7742
2440	79	10404
2752	134	766
721	134	25495
4061	28	22040
880	84	1904
23646	134	8226
7455	134	9669
7452	84	1401
9438	134	10430
21821	31	3313
9080	134	4205
7705	134	25390
22764	134	2410
601	84	25160
23938	134	2780
9971	134	10136
5368	142	24469
21501	134	7604
3165	134	21508
4905	99	8295
23600	84	10166
1688	92	2608
8206	134	6778
24355	134	3872
3247	134	7585
24982	134	4125
7840	134	8488
24193	134	23344
8889	84	22601
21685	107	22405
1237	110	2549
10345	84	6477
9679	51	4924
3075	134	8828
9344	134	9798
7767	25	22344
5485	84	1496
6210	84	22601
21857	23	22139
274	134	24356
9529	134	713
22646	84	22405
24891	92	7604
23786	161	23776
9141	84	22601
21881	134	5154
6493	134	2215
25141	27	22980
4200	25	24086
23457	134	9615
2757	172	7397
8341	134	443
6371	92	7054
369	79	21055
22808	146	8752
23573	134	5074
5791	84	24402
6692	84	7143
2945	84	2371
8862	134	5888
22797	171	1131
2977	134	7492
24035	84	23463
22920	134	2608
21358	46	9437
891	84	2371
6178	121	9851
2835	134	9615
22489	79	10321
23062	134	585
843	134	95
2632	134	21356
9634	134	5224
10014	190	7179
8928	134	22235
7826	124	21403
7520	79	781
7704	92	3281
10368	134	5224
5017	134	486
21128	92	23295
9590	84	9748
6066	134	3074
9978	25	21280
3491	134	5093
9956	134	9909
1890	134	4734
321	134	5770
2759	134	22234
9970	134	25202
21070	134	6226
21401	161	6660
9906	134	4992
2602	5	924
21836	139	9238
6809	134	10022
4709	134	8244
24067	134	21650
24238	92	5224
7894	24	9834
7598	6	7493
4005	134	8828
2602	40	5420
1939	84	3626
2105	139	25210
23217	23	2371
9744	134	3958
25489	134	24431
7506	84	9748
1528	134	3572
24380	134	8399
6683	134	21520
24944	134	3223
3133	27	4634
24980	134	9532
4961	134	21854
4024	134	23266
9278	38	7594
8999	13	9722
412	84	5951
1470	134	8399
10277	134	24819
3797	97	8791
6014	84	3674
10203	134	24448
906	92	6814
23269	43	23840
22140	107	1138
3051	134	2000
10171	79	567
23493	23	1904
24697	42	5782
24522	107	22601
23656	134	7682
10456	23	7138
21609	134	24819
9647	134	21496
7965	155	8088
4501	129	23632
23318	84	7140
25121	92	5648
3949	134	766
21349	134	9532
9099	134	2876
8692	142	3830
6239	134	6807
24535	134	2876
6314	134	4917
3210	124	7549
2466	89	23932
3639	134	24819
3235	84	3289
6241	134	9952
25182	134	2410
7402	140	23744
2375	134	2630
25312	134	3372
3193	23	22601
8708	153	5848
9895	84	8380
8150	92	23261
21733	134	10371
3661	134	7604
3818	92	24624
6074	134	10371
7186	36	24533
23804	134	3994
2312	134	8244
23511	134	24819
6038	79	10321
3576	134	8106
23666	134	4422
21694	134	21162
5823	134	25138
1114	82	25311
3434	84	6311
4610	134	23578
6925	134	713
4538	92	5735
24569	84	22601
22947	134	3958
21593	134	21964
5830	134	1928
25016	92	5383
22984	84	9021
9636	165	22472
6830	134	5197
9302	84	10166
6448	134	7536
4399	84	1401
9865	134	21974
23313	134	1441
7526	134	22583
1809	151	6128
1577	134	3343
8573	134	4282
1516	107	22405
5324	139	328
2009	134	22230
3620	134	5065
25370	84	1354
10006	134	25487
4321	107	22405
8456	134	1441
1684	166	6164
6223	84	2917
5397	134	4422
7618	84	10166
6419	134	8125
21096	84	2371
24035	134	7585
7364	84	4594
8939	52	7397
339	134	24624
8588	24	10410
23693	123	4769
8648	134	568
7486	84	7397
9728	84	9748
1382	134	1311
9462	84	23463
25341	24	10372
4854	84	3636
5608	84	4463
6854	124	1393
2516	84	3959
8093	134	95
899	134	182
7996	70	9798
10058	84	5671
8703	84	2371
2951	134	24826
23474	134	3223
7801	134	1576
4292	92	5224
5303	151	22819
24487	84	22601
21925	134	9790
238	23	3626
6251	134	1928
22724	134	9798
88	134	21284
5364	134	2320
7227	134	5992
6833	134	3273
3675	134	2410
24167	134	6958
22443	134	442
7398	107	3543
2332	139	9013
3448	134	24387
761	134	8828
311	100	1543
787	134	2203
4976	84	4158
4908	134	22059
25059	134	23259
22346	84	24402
4311	92	22474
8331	134	22235
9260	92	24819
4583	134	21469
901	134	4680
6876	142	23669
8602	134	22584
2121	134	1311
5446	134	25487
23443	134	6228
23722	134	10072
25295	134	95
7738	92	8139
5583	134	2876
7697	134	9719
1667	134	9065
250	92	22461
1934	84	3959
3692	134	24197
21619	134	2428
8418	134	9790
4375	146	5805
7653	84	1904
7022	84	2685
5884	23	22980
21438	143	22823
1407	134	24356
8119	38	7657
21601	134	7536
2141	92	25190
9586	142	3048
527	134	22830
24095	31	7988
8964	84	4454
22374	84	296
5729	134	21508
6199	134	504
1767	134	21520
8906	134	4176
6322	134	3180
1485	84	39
2224	134	2022
24945	134	9928
5113	185	24068
2581	52	1966
5547	134	21944
21858	123	108
229	134	679
23143	134	23344
7530	84	6373
5286	134	5197
22476	92	8340
2449	134	3575
1551	134	2320
21423	84	1401
287	134	5954
22434	134	585
4556	134	5770
25397	134	10051
24821	134	4896
9335	79	1276
10253	92	1256
10229	134	5770
5278	146	21152
8384	153	10499
24232	134	7712
3608	79	24305
24952	134	22234
9926	21	7049
25170	134	22340
25149	84	1054
21337	84	1054
21280	164	3308
1363	23	5565
24208	79	3437
6296	107	24518
3064	59	2983
1416	92	3872
4128	134	5244
1760	134	7296
1182	24	7355
7086	134	7151
9166	134	21120
25496	67	3626
23438	184	7318
23827	79	4450
31	156	3191
2976	134	7717
4666	92	4282
8887	134	9471
21683	124	8536
4839	84	6311
6916	134	2162
23166	134	5932
1867	61	8944
5451	134	3786
24542	67	9748
6746	134	25495
21425	134	24448
9410	134	3180
3399	134	4992
6151	100	21730
22255	134	398
6566	92	24796
7433	107	9748
24141	134	21655
4748	23	9748
4525	134	3273
3039	134	22525
7559	84	6157
22878	134	2876
7671	84	1401
21454	134	6289
1125	85	22040
25429	107	1904
3085	134	2572
3712	134	6324
9521	92	3994
21881	134	9928
2702	84	2371
6259	134	1744
5569	134	6289
8229	134	10051
24588	134	21570
24344	92	9786
6321	92	9532
3631	84	5671
10205	134	8281
4516	92	2000
21394	134	1372
2484	134	766
4869	134	8965
4740	134	22245
3314	12	1794
22248	134	6374
8046	134	7604
7850	134	8340
8479	134	6442
4040	84	3636
5576	92	7135
25076	134	23298
4264	134	486
9252	99	22601
23754	134	6814
1294	134	25192
24039	92	6960
24380	134	7726
8124	134	6324
24990	134	3691
1850	109	5565
9768	134	21572
1606	112	7492
8288	84	3626
22349	134	9615
23643	134	9471
4866	134	152
4573	172	1138
3146	134	9385
657	134	3273
9821	134	4495
5105	191	7397
22538	134	5992
21990	134	1272
6623	169	25245
1659	134	8297
3867	92	10136
3229	134	2970
23700	134	3575
1540	107	5671
1852	103	7397
1385	129	3006
9605	134	2778
21918	23	8050
4506	134	8340
24053	92	5244
24886	134	4992
3514	84	2371
8958	107	1496
9397	164	2668
21142	134	4422
3018	23	1401
23319	84	10166
10482	92	21848
25295	84	1401
24771	134	3180
1752	134	4125
22600	18	6454
21545	103	2917
4762	11	22898
22000	11	21291
4883	166	7507
10204	83	8664
24176	92	1311
1819	43	22279
24531	84	5867
21321	134	6639
23513	92	5971
8544	134	9385
7332	129	3019
21923	134	2970
22809	134	24352
1252	166	24549
3952	134	4575
3603	107	7397
5387	84	23463
8045	134	22034
24215	89	7823
9317	92	8340
7949	23	958
1596	134	6442
6921	84	3626
23676	134	6324
4825	84	2371
4810	84	24402
3706	134	2410
4628	201	5339
380	205	5671
10218	97	10238
21256	134	22444
2	134	9798
23216	134	6
4403	84	23953
6698	134	24590
7547	134	5735
24438	166	107
25454	84	2685
21154	134	1928
7060	134	24358
8440	84	1108
6412	134	3432
3843	134	6324
5975	134	24381
22094	134	585
9740	84	3636
2877	84	25084
7652	134	5074
2510	84	1496
24922	134	24431
7835	134	21796
6491	134	23179
3499	84	3959
6421	131	21555
24749	134	4282
4228	101	24418
1042	134	1743
37	202	7397
22262	205	2371
1981	92	7862
2862	23	5671
1066	134	23765
3783	134	23047
6846	134	9798
7666	84	2739
6424	92	4528
10317	92	4896
4327	98	2739
8031	134	1278
23016	134	24448
23809	84	23463
9140	134	5971
24339	134	21944
4277	107	24549
25260	134	23084
4170	25	8006
6821	107	22601
7046	165	8791
4521	107	23860
120	92	1286
23462	129	8279
25251	134	6289
149	134	7134
2174	134	10282
655	134	4271
7522	134	10308
1779	134	10136
1422	134	1774
6499	110	24782
7505	134	3223
1995	134	7726
24892	134	9471
3118	134	8488
124	134	3575
22861	134	25390
24306	110	8327
4473	25	3383
23251	84	1138
23106	134	7570
7188	134	21039
9707	84	5671
9005	92	9719
4351	84	3626
24029	134	21120
23328	84	23463
440	84	1496
25425	12	2376
556	123	8579
25206	84	21207
6869	84	3959
3510	134	2465
8786	84	6915
24822	134	3575
24087	84	3626
23507	134	3273
23934	84	7011
25312	134	9522
7685	124	4003
9223	92	6814
8301	134	3180
4315	134	5154
8274	92	22235
860	134	5068
1505	134	22461
1764	84	2685
3033	134	22447
1909	43	4682
22770	202	4200
21460	134	5212
4345	92	24826
24510	134	4076
9308	89	1597
21287	134	25138
5390	134	585
23174	134	22309
24904	92	22340
9013	100	5502
5574	79	169
9060	146	9363
6369	134	6958
1742	134	2446
21326	179	7397
1707	84	2371
10091	84	3959
5163	84	2371
23334	134	5888
10487	107	2371
4519	92	1311
7833	134	9065
4333	62	4943
24218	134	8488
4879	134	2956
2966	134	24356
6271	84	22601
22089	184	10426
21994	40	9199
8963	134	5735
23907	189	9113
764	23	22980
5301	134	6317
21512	124	22687
9754	107	3636
491	92	8139
22030	84	4337
10431	134	406
2945	134	10186
121	134	10474
4775	134	5971
25051	134	22539
3819	84	9879
9914	134	8387
24042	92	8387
7767	25	6185
2897	134	22407
6160	134	23765
25291	85	22958
2822	134	8494
10421	43	6596
22177	23	22139
7193	23	8384
6985	134	1576
23814	24	21815
24265	134	8920
23889	134	6289
9860	23	8380
25024	134	21356
944	84	10166
3334	92	4575
24392	134	443
22922	134	6324
23014	24	2254
25009	134	24381
3919	51	3610
24813	134	6442
593	134	9615
2984	84	1836
3997	134	6860
24224	129	2332
8114	92	2778
9978	25	21370
9122	134	1234
3078	134	10430
21017	134	23344
6362	134	2410
8131	107	9467
8949	184	22354
1308	107	3636
21748	134	5992
22026	134	1234
5271	119	23990
22013	134	1928
21317	134	3180
3946	79	24579
5315	134	25277
22296	134	21284
10450	92	5197
24516	92	22230
929	134	21489
19	134	21650
21286	134	9135
2226	119	21798
1700	166	3929
21269	134	3088
9972	123	1750
24828	134	3372
22209	134	10136
3774	134	23765
10313	92	584
3839	134	8920
2789	134	3965
22299	190	4106
6525	134	8965
41	134	21854
783	84	2685
24857	134	6639
4372	24	3946
4077	134	5971
1601	134	766
23022	134	2320
24564	92	3223
23049	134	21570
9264	134	3513
6550	83	3365
3866	84	296
23397	134	9798
24498	97	3702
25079	84	3959
730	84	3830
24698	134	95
9085	92	4606
4198	134	23089
2763	140	8910
3600	134	3372
10264	134	22235
2451	164	5107
7181	134	1217
22757	23	7314
9654	143	9285
1746	79	8867
93	92	5224
6644	134	23765
3323	110	4911
9085	92	4680
7498	140	284
2479	139	22714
591	134	6960
8612	23	22601
708	193	708
586	107	3436
946	92	21912
23082	92	180
8773	134	3074
5109	38	8737
25376	24	23508
21764	134	4299
24068	42	2957
23356	92	25487
1999	134	1743
121	134	24881
731	134	5224
1541	134	9065
2032	134	24154
5229	134	10074
23566	161	4572
23825	92	8207
8845	134	1286
577	134	3958
5088	134	23259
6333	134	24101
24020	134	5992
9955	84	7742
4543	134	24819
24349	134	3872
980	84	24364
24396	92	8226
4975	134	24826
9175	24	9255
23146	134	24356
24068	42	5113
5381	134	7134
1379	73	4118
22805	166	24364
1070	92	23344
9086	134	9719
2126	24	4644
8074	134	2022
10445	107	9083
25489	134	7536
8795	151	4105
977	107	3830
5558	92	1365
5083	134	8226
22452	134	95
6853	23	7143
1793	92	2215
6943	123	6963
3194	201	7829
3026	134	23266
3384	134	4589
7909	134	21039
7212	92	5065
9649	134	24590
22937	134	9063
24140	89	3504
4893	23	22601
23346	134	22869
2603	84	2371
806	134	3513
21049	134	438
2247	134	8310
7027	134	24352
7735	134	1278
25295	134	2000
172	23	22980
21329	134	6484
1866	134	4111
1653	134	24590
787	134	21356
9645	134	4606
9950	23	2371
22455	84	23990
6941	134	3466
23777	134	5954
1840	134	432
7066	134	9061
2255	84	2283
25229	83	24315
4156	134	4422
2827	84	9350
9372	193	24864
22332	84	3626
24737	205	10094
5238	134	1234
8150	134	21520
1021	134	10109
6459	134	585
7308	134	3958
25316	141	2353
280	84	2685
4989	134	4339
4052	67	5671
4343	134	3958
21695	134	24153
4178	134	6226
9673	23	3626
21565	25	9722
6155	134	10430
25297	89	2852
205	134	5770
1820	134	22235
1132	134	24197
803	134	2876
6247	84	71
179	134	4589
9621	11	5819
5616	134	25192
700	134	1576
7338	123	25465
22945	107	10111
24504	134	9532
9917	205	4158
21760	161	24139
6562	84	2685
2547	101	21979
2246	84	1054
5631	92	21854
22861	134	8494
4834	79	22262
1548	31	983
2055	107	1401
658	84	4634
5278	146	25144
8996	134	3208
9559	134	2778
1550	112	22185
177	134	5888
23305	134	23047
3604	107	9233
21407	92	2320
1923	134	7021
21082	134	7604
5724	9	5765
24374	134	22234
24257	92	7831
4230	134	8635
24035	134	25192
9405	134	21559
474	92	23111
1906	25	22344
4622	134	2446
394	202	7397
1345	134	2970
25220	134	6226
8190	84	22601
8378	79	8775
22183	84	2371
7706	134	8297
21588	11	22044
23143	134	6226
24279	84	9748
2647	134	7125
5714	134	7325
4621	134	24499
6784	134	3088
23549	121	22823
2676	79	23007
2145	84	4048
24862	92	6226
2719	134	22683
2354	134	3958
6548	134	4606
9401	84	3959
8707	134	8965
4070	134	21944
9758	134	3994
3553	123	3003
2304	134	3372
9182	134	22830
21116	107	3636
8653	134	22461
22464	84	8380
3243	134	8387
5134	84	5671
23800	127	7544
10460	134	22059
1236	84	296
24578	134	4111
9679	40	6541
5953	134	4111
6919	84	4118
22203	134	8953
21383	79	2381
24930	84	3959
10257	92	5950
7214	79	1057
7162	134	766
5710	134	24356
6951	52	24931
6102	43	9658
25038	134	2876
24644	110	1597
8201	84	21843
7612	24	8554
853	134	3958
1950	134	9492
9357	134	2000
3236	134	23084
8392	9	1490
9542	134	5845
9543	107	7397
7855	84	2371
23515	79	8848
10351	134	4282
2328	142	8084
5337	84	5671
24126	134	8488
5145	134	8431
9589	134	5971
21221	134	2320
21593	134	25487
5866	84	2371
6099	84	23463
1470	134	6374
24272	134	2876
317	129	23932
22266	134	2876
21907	134	2000
2615	134	2572
8992	134	22034
6299	107	1054
22214	92	7682
6233	27	4634
22469	84	21556
25194	92	24570
6963	43	6943
22939	84	3959
8300	107	1603
6094	124	24208
264	84	1108
3668	134	1928
5853	134	5770
22826	43	3121
3224	31	7104
7989	84	7397
4099	134	398
10476	134	22057
401	134	6994
2523	123	6574
6952	84	7507
2756	89	7493
669	142	9021
5970	134	4859
22351	157	3830
8615	134	2162
5185	98	458
23829	134	1774
5505	134	22428
8903	92	1743
3238	134	2876
22742	134	2621
1859	188	335
21795	134	4680
7368	84	4158
21673	134	5224
23154	134	585
7610	107	1138
4091	134	2320
5463	134	21195
23615	43	667
24283	134	10109
5850	110	2852
10133	84	24402
7144	134	9135
4108	165	22472
3710	100	8529
3148	134	25287
6364	134	1911
4092	134	5735
24326	92	2320
24295	134	9669
5666	134	8965
22002	79	24505
22355	134	9471
3077	92	24438
7517	134	9522
5236	134	1576
579	92	24387
813	190	22051
199	134	7862
4944	24	23861
24993	24	6527
24872	134	9532
6697	134	8965
179	84	296
28	134	21650
1877	134	3180
23645	134	7975
5732	92	10136
6832	134	7862
7156	134	8431
10458	134	9838
23750	134	23486
4802	23	10166
4256	84	10166
5078	134	2203
7315	134	4422
5473	92	3466
2103	134	21356
2471	134	5971
7813	134	24590
25489	134	3348
22409	84	2371
31	28	8551
9997	84	2915
6022	134	4417
24156	40	24315
315	134	1664
8136	84	5671
1601	134	1744
9130	25	22344
1015	84	23463
2272	134	7135
25419	25	1445
25284	107	3959
23101	172	1401
9382	107	22601
21954	134	1928
21884	23	8050
2271	84	2353
24631	84	4416
21792	134	7831
4868	84	6311
2362	134	24499
8288	134	24499
5459	134	1278
8096	134	8431
1483	134	3958
9529	84	22405
3897	134	8310
3647	134	21572
22321	146	5593
21305	92	22057
3069	134	25277
1515	84	4337
197	134	8828
22213	134	4125
1321	134	4111
23491	134	8920
5785	84	3959
22140	84	1138
8118	134	9065
1364	134	7872
4791	84	1401
1453	134	3572
24558	134	8071
132	114	3031
6500	134	24197
25324	43	5985
5506	134	2320
9143	134	9615
2091	134	6114
1732	134	9838
2328	73	8084
24022	134	22059
6360	134	25202
7841	22	1417
3998	134	25495
2926	107	22569
22318	23	3308
22961	84	10166
4514	134	6442
9540	129	8279
21976	51	4924
841	24	25421
436	134	486
22759	84	3959
21028	23	107
25326	134	25390
3169	134	3572
10331	134	4606
3038	134	25192
21054	134	7145
25298	89	997
3084	84	7397
21254	134	2995
21324	79	21555
25128	201	10353
4830	84	1401
1920	84	22980
1891	79	3990
259	43	25002
7555	134	9615
21136	84	1054
7043	134	5224
7003	134	10294
24922	134	23650
6465	79	8570
23745	134	21198
6318	134	10109
23557	41	7612
8673	129	4901
3946	79	4372
6075	134	4422
8906	84	22601
23233	84	24402
4525	134	2000
25280	134	8494
8705	92	24624
2109	84	4118
850	134	2736
3639	134	25390
2540	134	5224
24693	92	3572
23983	38	25132
4585	166	5107
960	134	22525
3613	67	7397
5599	107	22601
449	84	890
1510	134	8244
1388	134	24881
8573	134	23887
23213	43	24296
21587	134	6228
2560	134	1928
23139	134	2000
9213	129	7109
5054	134	766
22193	107	5671
24945	134	4807
8067	92	24409
8672	134	10136
8115	134	1365
25257	134	6289
738	134	2621
21883	134	23578
2850	99	2917
384	165	2244
9723	134	8125
23741	134	766
21855	134	21974
2167	134	24211
7665	134	2970
3486	134	2970
2462	134	5954
5126	84	24402
1092	134	8226
1253	79	21206
1346	134	24102
4981	131	7033
23351	134	9532
5730	47	7397
21880	134	10109
24466	134	6228
3628	84	4956
22487	134	9838
5235	92	5383
7565	92	22235
22720	134	3180
219	38	10195
25276	92	22461
8846	18	1401
21666	84	1401
802	180	1650
5222	134	6639
5676	134	1744
386	134	22245
5178	79	6001
22646	84	296
3936	43	2670
5004	99	1051
8778	84	9748
21224	42	23731
5708	205	24364
22510	134	24179
5334	110	23632
23970	134	21570
5873	134	9061
5286	92	1278
9449	92	24197
23588	84	869
24866	134	10109
24825	134	23344
24705	134	5735
3517	134	25192
1224	134	21520
1848	134	6521
10078	84	1496
25001	134	2457
5773	134	8226
6559	107	22601
3222	134	1743
246	92	6228
7751	23	6454
3136	134	22234
9388	123	3963
3950	134	2428
5249	134	3958
3296	107	24723
6692	23	7143
9927	134	5992
9880	134	644
6304	134	9786
5030	134	1234
23357	84	2739
8743	31	21775
3440	92	21692
9711	134	7570
24421	124	23019
24226	84	1904
8394	134	8687
25174	41	3526
3898	134	4575
25302	73	71
8606	164	2353
25134	25	9722
3847	134	22753
6831	23	23950
24017	134	23047
128	89	9144
3261	84	1401
25281	134	10136
6559	107	10255
1921	84	23562
23028	77	24597
22147	134	25222
6086	134	7325
23609	134	24356
9382	134	8431
21595	129	2852
25039	134	3958
4104	84	3497
6414	107	7397
3744	131	24012
24441	84	3959
21229	134	5093
8628	134	1286
1807	134	21572
3064	101	24673
21083	79	25262
7670	124	25477
8869	134	8835
5375	134	3958
6951	52	7514
1964	84	23059
1610	134	4734
22026	134	9061
22632	134	4282
24000	134	2608
6033	84	9479
7959	134	24590
23623	84	5671
23487	134	766
5723	134	2572
2754	139	3504
21887	84	3959
4270	134	23607
7467	52	22601
6314	134	24153
5892	84	22405
22410	92	1278
3030	84	1401
48	129	2332
6042	134	2995
21461	134	3691
8556	134	21520
3561	134	1234
1049	92	23027
1657	92	22910
4221	134	9798
6063	107	1401
25384	84	7753
23424	89	9250
5054	134	4282
21378	134	21572
23154	134	3343
23256	92	24408
10442	89	8829
21733	134	8340
25422	134	95
7691	84	7397
8228	107	3636
5880	134	2970
22880	79	2151
1668	92	1991
3610	5	4924
6067	134	25495
7994	134	1234
7589	129	24673
8763	142	3921
391	92	7682
23344	9	3676
9020	90	21836
22028	107	7742
9080	92	2970
4260	134	25390
1411	134	8226
366	41	701
7952	134	3180
3307	92	24063
9976	131	25262
7741	24	4370
23087	84	5951
23415	23	7397
2815	139	8371
1843	43	8905
24538	134	24387
4872	84	2328
122	84	7011
24937	134	5590
25183	34	764
7684	134	6226
24756	134	3074
2598	134	22235
2272	134	24448
5635	134	4422
23325	114	3605
21571	134	5273
424	84	22980
6466	134	502
7882	107	7397
6369	84	9359
8296	134	1286
102	84	2371
9293	134	1576
1601	84	1401
5445	134	24814
3187	25	6961
7061	134	2970
7305	129	758
4817	134	9532
2086	84	4158
8511	79	25042
3607	134	2559
23153	134	8387
25272	134	23887
8767	79	3687
7073	185	8484
21827	134	25487
7316	134	8226
4847	84	1051
24403	123	6167
24566	84	3959
24857	134	23179
3211	84	5671
2487	84	8551
1257	191	1297
6799	134	6324
2337	107	296
1469	134	2000
498	134	6814
4726	134	23441
22002	107	21843
1728	103	1496
1349	134	2572
23405	134	21650
22027	84	8062
7942	134	4718
21368	92	6521
25214	23	9748
9582	51	82
1096	84	2739
2475	41	24129
9379	92	24431
9412	134	10430
878	134	24101
3741	107	9748
8842	134	8828
22557	23	23990
2890	84	3636
3190	92	2288
21387	84	9479
4170	194	5008
25109	107	107
22122	186	24800
24957	84	24549
3221	134	3273
1095	99	1401
4923	24	25078
850	84	232
2352	107	7407
8469	134	3180
3057	134	3958
6744	124	24914
1726	134	1311
493	134	8920
1914	24	4372
4673	12	24203
4596	134	585
8812	107	4365
23829	134	5220
6481	134	25287
8109	134	8965
21806	134	10109
7168	129	25114
3499	134	5971
446	84	1496
8365	110	8910
22073	41	6334
9723	134	5845
24915	134	6228
6266	134	22234
3334	92	182
9547	134	5992
5474	84	3959
24654	134	8431
1175	84	7397
7255	84	21132
3429	142	10115
22163	107	1051
22121	134	7325
7197	21	7506
4420	134	10491
120	84	24402
2821	134	24499
7661	134	230
8007	134	1286
409	123	3602
25040	134	3575
2402	92	4133
6064	134	3958
23928	84	4158
7341	92	6324
8777	31	9830
23061	134	4528
6416	164	107
24747	79	22638
3891	134	679
956	61	917
2997	134	3088
23890	24	21098
1681	193	8899
23478	18	22601
7237	84	9629
9255	24	9175
23602	185	8308
6376	134	1576
2017	92	22940
25135	89	21836
2802	4	3900
4323	151	3005
7479	193	23494
4642	139	24644
736	84	3543
6313	84	296
23370	134	5197
21728	142	1162
24706	92	25495
21464	134	23578
7700	134	8431
6756	134	7624
21143	134	7717
4713	79	3555
1985	134	24826
2535	84	3959
6975	134	21944
481	134	584
5522	134	2000
1059	134	2995
397	134	23047
24026	92	5971
25447	67	1401
23117	134	21039
1526	79	1992
2011	155	2579
9260	134	5244
9643	84	9748
1242	84	3626
21895	134	9369
1713	84	22405
2782	163	24767
9970	134	1743
22156	134	6814
8117	84	24402
7287	134	8835
8458	24	9486
21776	134	4076
196	92	21356
9066	134	22584
3030	134	1928
23568	166	23463
22104	134	8226
21136	134	1234
3944	134	3575
1117	9	3083
4977	134	4111
7452	134	2000
1549	134	2320
9043	84	9748
5261	134	5845
10451	43	1246
1254	134	9615
6956	43	7934
25048	89	7493
9105	84	1401
7375	107	961
10073	79	984
8809	142	7131
6384	27	2371
21025	92	9615
7998	205	9879
2701	84	10166
6335	89	1997
943	23	22980
8058	134	9385
24612	134	22034
22528	24	21083
7273	134	4896
6305	84	24402
24132	107	6311
1963	134	22994
9456	84	1401
23554	107	8332
7713	202	22980
25266	92	2428
24493	92	5224
3842	134	1417
1507	92	7325
23372	134	7492
6391	134	7135
22700	134	585
5851	25	5848
25223	151	24024
24141	134	23913
21263	55	1054
24693	134	1576
21864	134	9532
6391	134	8488
9082	134	6442
2522	134	8399
3461	54	6319
22718	84	2685
22338	134	24356
2795	134	23765
5088	134	6778
23898	134	7682
8638	202	23751
2284	84	1496
4107	134	9790
1974	84	23463
2973	134	24356
3080	24	5131
23466	77	22518
21676	103	1496
3543	142	4454
19	134	23859
5130	134	6639
1236	139	3901
272	92	2572
5259	61	917
22084	84	10166
21766	134	22830
4381	23	23463
4602	134	6374
9445	134	6960
4824	24	2266
8113	84	3959
4173	23	24402
8619	134	21523
3296	24	22959
5816	43	9047
3827	92	1743
4516	107	1401
6527	124	5627
23197	134	22245
24887	134	21655
9387	134	4441
3201	135	4874
22190	84	1401
7962	11	9019
5736	134	3180
3759	92	5150
696	134	379
8388	84	9748
9409	84	23463
23396	92	486
9874	134	766
21619	134	24881
10317	134	1605
2616	134	9385
8700	134	22584
8751	79	7068
6047	98	10195
21360	134	3372
23304	134	9532
1413	134	7135
1645	134	8340
24803	134	3691
21269	134	24431
24687	84	6687
337	134	9522
9815	84	10166
9930	40	9930
24857	134	216
9408	134	585
23768	134	2876
9832	134	2608
10083	94	1355
5415	31	8323
10283	134	4694
24735	134	4734
5875	123	4838
21374	84	71
10227	107	22980
9955	134	24115
5104	134	22683
23192	134	22583
9661	134	22683
22016	28	24592
6858	134	21570
4752	25	9722
23394	166	5671
2053	134	23344
6681	8	5782
2662	134	3776
21551	134	22474
3617	107	22980
7107	25	7239
1221	84	23463
5524	134	23765
7194	134	22407
21787	134	22059
21207	38	2206
905	129	24921
4948	202	22601
23821	92	4111
1596	134	21520
6824	110	6027
6380	134	2000
34	134	21539
2980	163	6884
4863	84	2668
5550	84	9748
5141	134	9061
2335	43	24837
3303	134	9532
3858	84	10166
24751	134	10474
4909	134	5888
21544	134	152
3129	84	9748
6722	92	230
2637	134	6228
8893	134	3372
4266	134	4111
2118	134	585
5536	54	22628
4159	134	24819
24661	134	5561
4225	134	3281
3556	84	1904
2030	134	9669
23791	134	5888
2482	134	3572
6072	134	2885
4165	134	22584
7550	84	26
25281	134	22407
4420	84	23463
4057	24	7506
25250	134	22235
5297	124	9867
5707	84	24402
22304	146	22892
21899	134	21650
3324	92	3958
2849	134	5845
24717	134	2162
3974	92	1311
2395	107	9748
21070	134	24796
9304	21	8252
8552	84	22601
8847	134	7135
22930	20	2707
22643	84	25131
1676	84	22405
2927	134	3223
3106	134	24570
5403	134	2778
8224	134	7781
10230	84	4158
3017	75	9619
10463	134	5590
23519	38	8841
24832	24	8958
7784	134	6958
23157	134	679
5852	31	3157
24710	92	3965
21876	134	1605
4999	79	8536
2603	67	2371
21391	185	1397
6645	124	5900
3918	134	7862
8769	134	398
485	202	8239
21910	134	4680
22111	134	3180
7271	134	6228
21959	92	5383
2806	134	21572
3785	139	9238
5000	79	4196
1967	134	24115
3529	134	22490
24988	5	4924
611	171	24921
2462	84	22569
24851	141	24449
24788	123	9622
2782	205	1138
5849	134	24918
6307	134	2000
1998	92	5150
9799	107	24763
25170	134	23261
4313	134	1743
7508	92	2876
25393	202	22980
703	92	22461
7004	84	1401
23183	134	24448
3881	92	9065
23148	134	8340
23710	134	23423
7377	153	2082
3042	107	9467
22596	43	347
9414	134	4076
8876	134	8226
8740	41	9837
1437	134	22539
21856	134	5888
6209	135	22601
23605	22	23344
9770	134	4495
25186	107	2371
24956	92	21520
5444	164	8999
23702	107	3959
6020	166	1496
34	134	9671
8007	134	23295
971	134	9065
7540	134	24499
2812	79	1550
23852	134	182
3059	134	5932
10267	123	7863
23321	107	7753
21394	84	3959
8369	134	5888
23335	84	1639
24072	84	9748
4739	84	24817
22365	107	23463
9357	84	1401
22248	134	4807
10125	84	1904
3049	134	2970
10441	92	9385
23524	31	24773
758	110	4171
1417	9	8803
9879	113	3819
21547	134	2410
7937	134	24448
1497	134	7862
23046	41	10404
24203	181	3067
24647	134	21570
22328	135	6651
8143	134	6
22006	43	1564
24656	134	2410
2361	134	3180
10466	134	23539
2045	134	2876
22339	52	9748
780	134	10308
23473	84	24723
6119	134	9385
7021	166	2739
21350	107	399
21724	134	7296
4227	99	22139
7333	134	7536
5291	92	21508
24319	134	2776
7556	134	24766
23852	134	2572
5482	134	22830
23931	134	2970
514	124	25443
23736	134	8340
5516	84	10166
4877	84	961
22949	134	7536
22885	134	6374
2526	84	10195
520	134	24989
25300	84	23950
6777	102	23115
21440	134	10474
3565	123	2348
2415	84	2685
7617	84	23463
1368	107	1401
8359	134	6114
24534	134	23831
369	24	21055
3251	107	2739
6305	134	24101
8824	134	2530
7027	134	24999
3168	134	7862
1111	194	1161
23977	134	2458
23337	134	4896
9686	134	9790
24837	123	2335
2505	139	4642
22546	134	7682
24181	134	6639
3983	121	2397
9625	134	23486
7225	21	21504
24556	134	10074
24729	134	63
8294	43	23369
9325	34	686
5535	84	1363
9641	84	5443
24314	84	4048
24393	134	24101
21412	92	8139
22161	84	1108
8494	166	9748
7452	134	9532
4241	134	2322
22466	84	8802
21928	134	8835
5013	134	9669
3506	134	4575
22262	205	24364
10033	134	7135
22311	134	4896
8749	134	2876
22849	84	25160
24724	84	23701
8983	134	22474
25331	92	9669
8407	107	3959
24331	134	21039
5807	134	7604
4860	92	6226
4810	134	3343
9271	161	23043
25324	89	8910
2855	129	25114
928	79	3820
24953	134	3281
1877	134	7568
3493	134	6745
25231	134	1576
9566	142	5874
3374	134	3343
4738	99	1054
2540	134	21384
21621	79	8252
2715	134	23344
2311	134	24408
3319	134	3198
4169	92	22584
2256	161	25278
1017	73	23341
8131	24	4459
9092	134	24473
1585	92	6226
4894	23	3543
5749	84	830
7614	84	7397
1585	134	6226
8534	182	24842
5483	134	7831
22680	142	643
25337	134	25487
749	123	9730
10380	134	21356
4400	134	4282
781	24	5231
5711	92	4734
5223	98	2283
25125	146	10360
23602	125	6454
25476	134	4992
8682	43	2730
21761	134	2621
8927	21	8888
7511	84	2596
1294	134	21520
23069	134	25138
3824	92	8920
8936	134	585
22277	134	9492
5440	43	23514
8188	134	3958
2516	107	7103
8266	84	3626
1171	92	7604
5022	134	24499
22560	134	5954
418	92	21120
1982	134	568
25449	134	2894
2985	185	21820
8629	25	10392
8155	134	8387
279	134	5888
23598	134	21912
2011	84	1054
5425	134	502
21096	84	1496
4602	134	9719
562	84	1401
740	112	25050
2629	107	107
22764	134	9532
8090	134	230
9078	11	22894
1299	134	3534
4854	139	2840
3438	134	10051
23995	134	22525
4473	25	8006
7147	134	3872
8858	123	5844
9582	143	4106
2319	97	4667
8785	134	1576
8146	123	22722
22585	134	5971
8336	84	1106
22316	84	10146
23871	134	10109
6106	43	5660
3733	84	4956
24735	134	24826
1581	134	6374
25120	164	4020
21959	134	21572
9901	166	6749
436	134	4898
1915	25	8006
7290	129	21210
5664	84	1401
4592	134	24381
1706	84	24402
9957	166	10434
9337	84	9748
3103	92	5932
2193	134	9532
9264	134	5845
22382	22	22447
8471	134	9838
5609	134	22230
23407	134	3223
23803	134	63
25218	134	22059
128	123	400
7259	92	4441
22110	134	182
7905	18	4048
2827	92	1928
9319	134	9063
10339	70	25190
1619	134	21974
25134	25	25112
4521	84	23860
5137	134	2020
4778	134	10430
10	107	10166
6232	134	24412
25033	84	890
25141	27	8380
9379	134	21122
5404	24	21451
10484	84	1904
10021	134	5074
4922	164	5915
23084	166	1401
3425	90	22217
4717	134	584
7033	24	3664
23675	134	5220
5769	112	1502
23216	84	23463
3552	134	23266
406	166	9748
24991	84	7918
908	84	23463
23833	92	10491
510	84	1904
959	139	3006
1780	134	502
91	38	2673
254	134	5695
22011	134	1286
4934	41	3914
22286	134	2530
7878	134	9786
1487	134	5648
1851	134	24431
23080	134	6814
509	84	2371
22926	134	3180
9984	134	1605
6694	134	5695
860	134	4693
7172	123	22812
8362	84	3626
9926	21	9174
4908	134	3965
23037	107	21132
576	134	22584
5618	134	10051
23150	84	6185
112	84	10166
5397	84	7397
3220	41	10404
1597	110	4642
10401	24	5890
3	43	23314
22703	190	2397
5807	134	95
509	134	3667
2210	84	2371
24456	121	2397
7045	134	766
8330	123	23740
207	134	3872
1155	134	25138
5307	89	25114
10398	134	10474
23775	67	107
896	84	2685
8198	134	5578
22840	121	2397
3347	79	8328
21810	134	22539
7004	134	5992
2079	124	2447
8796	134	9219
23612	134	21039
3600	134	9065
21232	84	2371
25230	134	9669
9172	134	24819
22162	134	6226
1322	134	786
116	134	9385
4304	184	22728
9373	84	24364
4692	134	4528
5826	8	22719
3509	134	584
7090	24	3721
23981	123	10417
6600	134	4680
24693	92	10136
285	134	24448
6069	84	2371
240	84	1195
9351	134	6745
935	134	8106
24234	134	5224
25378	92	4111
3099	110	3710
23097	134	7585
23334	134	4528
24651	18	8551
22360	134	25222
8094	134	21120
1121	134	1311
24216	92	1576
7100	134	8746
4383	23	22980
9124	201	4996
317	89	23932
22107	134	22584
9829	134	23831
21824	89	24146
22443	134	1372
10324	129	7890
6981	84	10166
21019	22	10055
2262	134	24409
6395	134	4680
4729	84	1401
22412	107	958
22546	134	8431
24533	41	7186
9292	41	5231
9802	134	24826
6817	79	5231
22487	134	10022
6668	70	7054
22075	134	10282
8658	134	8488
2043	99	3626
3547	124	2039
21478	21	7121
23661	134	23419
7683	84	3636
8972	134	22525
5144	84	22601
9181	123	21605
21998	134	25244
21295	134	8828
6290	134	2410
5857	134	21039
1957	134	4734
1939	134	24590
32	134	2876
4730	107	3636
23643	134	22059
25051	84	24817
24501	84	3626
223	123	24171
9681	84	21071
22076	92	25138
735	134	21692
9792	84	25160
9735	134	4157
4707	134	2020
21362	124	4336
8021	134	1286
8923	84	23341
23684	134	4422
4291	84	7407
2035	84	23860
24742	84	4463
23092	134	5992
3247	134	7438
6942	82	25131
22349	134	7604
7236	67	5671
5410	79	430
8280	134	21570
22701	107	10166
23331	134	21496
4198	134	9957
4247	134	24881
2214	134	4680
25305	134	8244
21955	134	1928
5620	134	6958
3559	84	8110
5481	134	2022
24730	23	7397
25447	84	7880
3938	107	3959
23432	123	24503
8956	84	8442
7556	134	7682
4410	134	95
25331	92	6226
23155	134	1664
5120	134	8297
1707	134	5735
10472	123	6057
429	84	1051
3422	134	23441
22506	205	1138
944	92	10308
21488	134	21650
24256	134	22869
6351	108	4166
10148	134	8909
24803	84	3959
23865	134	23047
